rank,test,score
1,org.joda.time.tz.TestCompiler#testCompile,592.000000
2,org.joda.time.convert.TestStringConverter#testSetIntoInterval_Object_Chronology4,589.000000
3,org.joda.time.convert.TestStringConverter#testSetIntoInterval_Object_Chronology7,589.000000
4,org.joda.time.TestYearMonthDay_Constructors#testConstructor_ObjectString4,565.000000
5,org.joda.time.TestDateMidnight_Basics#testToString_String_String,561.000000
6,org.joda.time.TestYearMonthDay_Basics#testToInterval,557.000000
7,org.joda.time.format.TestDateTimeFormatter#testParseMutableDateTime_simple_precedence,557.000000
8,org.joda.time.format.TestPeriodFormatter#testPrinterParserMethods,548.000000
9,org.joda.time.TestInterval_Constructors#testConstructor_Object1,531.000000
10,org.joda.time.TestPartial_Basics#testPlus_RP,521.000000
11,org.joda.time.chrono.TestGJChronology#testPartialGetAsText,520.000000
12,org.joda.time.convert.TestStringConverter#testGetDateTime,515.000000
13,org.joda.time.convert.TestStringConverter#testSetIntoInterval_Object_Chronology3,504.000000
14,org.joda.time.chrono.TestGJChronology#testCutoverAddYears,501.000000
15,org.joda.time.tz.TestBuilder#testSerialization,501.000000
16,org.joda.time.TestInterval_Constructors#testConstructor_Object_Chronology1,475.000000
17,org.joda.time.format.TestDateTimeFormatStyle#testForStyle_shortDateTime,475.000000
18,org.joda.time.TestTimeOfDay_Constructors#testConstructor_Object2,468.000000
19,org.joda.time.TestDateTime_Properties#testPropertySetTextDayOfWeek,465.000000
20,org.joda.time.format.TestDateTimeFormat#testFormat_yearOfEraParse,465.000000
21,org.joda.time.TestDateTime_Constructors#testConstructor_ObjectString4,462.000000
22,org.joda.time.convert.TestStringConverter#testSetIntoIntervalEx_Object_Chronology5,458.000000
23,org.joda.time.TestDateTimeZoneCutover#test_DateTime_JustAfterLastEverOverlap,457.000000
24,org.joda.time.TestParseISO#testSpecWeekExpandedYWD,451.000000
25,org.joda.time.format.TestDateTimeFormat#testFormat_weekyearOfEra_twoDigit,450.000000
26,org.joda.time.chrono.TestGJChronology#testSubtractDays,440.000000
27,org.joda.time.format.TestDateTimeFormat#testFormatParse_textMonthApr_Korean,440.000000
28,org.joda.time.format.TestISODateTimeFormatParsing#test_dateTimeParser,433.000000
29,org.joda.time.TestDateMidnight_Properties#testPropertyGetDayOfWeek,432.000000
30,org.joda.time.chrono.TestGJChronology#testToString,426.000000
31,org.joda.time.chrono.TestISOChronology#testCutoverAddYears,425.000000
32,org.joda.time.format.TestDateTimeFormatStyle#testForStyle_shortMediumDateTime,423.000000
33,org.joda.time.chrono.TestGJChronology#testMaximumValue,421.000000
34,org.joda.time.TestDateTimeComparator#testBasicComps5,416.000000
35,org.joda.time.TestTimeOfDay_Constructors#testConstructor_todObject,415.000000
36,org.joda.time.chrono.TestCopticChronology#testSampleDate,408.000000
37,org.joda.time.format.TestISODateTimeFormatParsing#test_weekDate,405.000000
38,org.joda.time.TestTimeOfDay_Constructors#testConstructor_ObjectString2,398.000000
39,org.joda.time.TestMutablePeriod_Updates#testAdd_RInterval4,386.000000
40,org.joda.time.TestYears#testFactory_yearsIn_RInterval,377.000000
41,org.joda.time.TestBaseSingleFieldPeriod#testFactory_between_RPartial,369.000000
42,org.joda.time.TestYears#testFactory_yearsBetween_RPartial,367.000000
43,org.joda.time.convert.TestStringConverter#testGetInstantMillisInvalid,367.000000
44,org.joda.time.chrono.TestLenientChronology#test_lenientChrononolgy_Turk,365.000000
45,org.joda.time.TestYearMonthDay_Properties#testPropertyAddDay,364.000000
46,org.joda.time.convert.TestReadableIntervalConverter#testSetIntoPeriod_Object2,363.000000
47,org.joda.time.TestLocalDate_Properties#testPropertyEqualsHashCodeLenient,362.000000
48,org.joda.time.format.TestISOPeriodFormatParsing#testParseStandard1,359.000000
49,org.joda.time.format.TestISODateTimeFormatParsing#test_weekDateTime,357.000000
50,org.joda.time.convert.TestStringConverter#testSetIntoPeriod_Object1,354.000000
51,org.joda.time.field.TestUnsupportedDateTimeField#testUnsupportedMethods,352.000000
52,org.joda.time.TestPeriod_Basics#testToString,348.000000
53,org.joda.time.format.TestDateTimeFormat#testFormatParse_zoneId_colon,348.000000
54,org.joda.time.TestPeriod_Constructors#testConstructor_RP_RP1,344.000000
55,org.joda.time.chrono.TestISOChronology#testMaximumValue,342.000000
56,org.joda.time.format.TestISODateTimeFormat#testFormat_time_partial,328.000000
57,org.joda.time.tz.TestBuilder#testID,326.000000
58,org.joda.time.TestYears#testAddToLocalDate,289.000000
59,org.joda.time.TestMutableDateTime_Sets#testSetZoneRetainFields_DateTimeZone4,278.000000
60,org.joda.time.TestIllegalFieldValueException#testJulianYearZero,172.000000
61,org.joda.time.TestDuration_Basics#testToStandardMinutes,96.000000
62,org.joda.time.convert.TestStringConverter#testSetIntoInterval_Object_Chronology8,589.000000
63,org.joda.time.convert.TestStringConverter#testSetIntoInterval_Object_Chronology1,581.000000
64,org.joda.time.TestPartial_Basics#testToDateTime_nullRI,547.000000
65,org.joda.time.format.TestDateTimeFormatter#testParseLocalTime_simple,536.000000
66,org.joda.time.TestMutableInterval_Constructors#testConstructor_Object1,528.000000
67,org.joda.time.TestLocalTime_Constructors#testConstructor_ObjectTimeOfDay,522.000000
68,org.joda.time.TestLocalDate_Basics#testToInterval,520.000000
69,org.joda.time.TestDateTime_Basics#testWithers,504.000000
70,org.joda.time.convert.TestStringConverter#testGetInstantMillis_Object,486.000000
71,org.joda.time.chrono.TestGJChronology#testCutoverAddWeeks,485.000000
72,org.joda.time.tz.TestBuilder#testForwardTransitions,485.000000
73,org.joda.time.convert.TestStringConverter#testSetIntoInterval_Object_Chronology6,483.000000
74,org.joda.time.format.TestPeriodFormatter#testPrint_writerMethods,481.000000
75,org.joda.time.convert.TestReadablePartialConverter#testGetPartialValues,469.000000
76,org.joda.time.format.TestDateTimeFormatStyle#testForStyle_shortDate,447.000000
77,org.joda.time.TestParseISO#testSpecTimeFractionalHMS,436.000000
78,org.joda.time.TestInterval_Constructors#testConstructor_Object5,435.000000
79,org.joda.time.TestDateTimeComparator#testWOW,431.000000
80,org.joda.time.format.TestISODateTimeFormatParsing#test_dateElementParser,425.000000
81,org.joda.time.TestInterval_Basics#testToPeriod,419.000000
82,org.joda.time.chrono.TestISOChronology#testMinYear,415.000000
83,org.joda.time.TestDateTimeUtils#testTest,413.000000
84,org.joda.time.TestInterval_Basics#testEqualsHashCode,405.000000
85,org.joda.time.TestInterval_Basics#testToString,401.000000
86,org.joda.time.format.TestDateTimeFormat#testFormatParse_textHalfdayAM_UK,401.000000
87,org.joda.time.chrono.TestIslamicChronology#testSampleDate1,396.000000
88,org.joda.time.TestTimeOfDay_Constructors#testConstructor_nullObject_Chronology,385.000000
89,org.joda.time.TestMutableDateTime_Properties#testPropertyGetDayOfWeek,383.000000
90,org.joda.time.format.TestDateTimeFormat#testParse_pivotYear,378.000000
91,org.joda.time.format.TestTextFields#testWeekdayNames,367.000000
92,org.joda.time.TestMinutes#testFactory_minutesBetween_RInstant,364.000000
93,org.joda.time.format.TestPeriodFormatterBuilder#testFormatAppend_PrinterParser_PrinterParser,355.000000
94,org.joda.time.convert.TestStringConverter#testSetIntoPeriod_Object8,350.000000
95,org.joda.time.TestDateTimeComparator#testBasicComps3,347.000000
96,org.joda.time.TestMutablePeriod_Updates#testAdd_RInterval1,335.000000
97,org.joda.time.format.TestDateTimeFormat#testFormatParse_textYear_UK,334.000000
98,org.joda.time.TestMinutes#testFactory_minutesBetween_RPartial,333.000000
99,org.joda.time.TestYearMonthDay_Properties#testPropertyEqualsHashCodeStrict,333.000000
100,org.joda.time.format.TestISODateTimeFormatParsing#test_dateTimeNoMillis,333.000000
101,org.joda.time.chrono.TestLenientChronology#testNearDstTransition,329.000000
102,org.joda.time.chrono.TestIslamicChronology#testCalendar,327.000000
103,org.joda.time.convert.TestReadableDurationConverter#testSetInto_Object,319.000000
104,org.joda.time.TestDateTimeZoneCutover#test_LocalDate_new_Gaza,307.000000
105,org.joda.time.TestMinutes#testAddToLocalDate,276.000000
106,org.joda.time.TestMutablePeriod_Constructors#testConstructor_Object_Chronology2,270.000000
107,org.joda.time.format.TestDateTimeFormat#testFormat_other,252.000000
108,org.joda.time.chrono.TestGregorianChronology#testFactoryUTC,157.000000
109,org.joda.time.TestPeriodType#testForFields5,85.000000
110,org.joda.time.convert.TestStringConverter#testSetIntoInterval_Object_Chronology2,581.000000
111,org.joda.time.TestLocalDateTime_Basics#testToString_String_Locale,548.000000
112,org.joda.time.TestLocalDateTime_Constructors#testConstructor_ObjectLocalDateTime,539.000000
113,org.joda.time.format.TestDateTimeFormatter#testPrint_appendableMethods,537.000000
114,org.joda.time.format.TestPeriodFormatter#testParsePeriod_parseType,528.000000
115,org.joda.time.TestLocalDate_Basics#testToString_String_Locale,516.000000
116,org.joda.time.TestDateMidnight_Basics#testToInterval,502.000000
117,org.joda.time.convert.TestStringConverter#testGetDateTime5,499.000000
118,org.joda.time.tz.TestBuilder#testReverseTransitions,490.000000
119,org.joda.time.TestMutableInterval_Constructors#testConstructor_Object_Chronology1,474.000000
120,org.joda.time.TestDateMidnight_Properties#testPropertyWithMaximumValueDayOfMonth,460.000000
121,org.joda.time.TestIllegalFieldValueException#testGJCutover,452.000000
122,org.joda.time.format.TestDateTimeFormatStyle#testForStyle_shortTime,447.000000
123,org.joda.time.TestParseISO#testSpecOrdinalComplete,440.000000
124,org.joda.time.TestMutableDateTime_Adds#testAdd_RP1,433.000000
125,org.joda.time.chrono.TestISOChronology#testAddMonths,417.000000
126,org.joda.time.TestDateTime_Properties#testPropertyEqualsHashCodeLenient,411.000000
127,org.joda.time.chrono.TestEthiopicChronology#testSampleDate,408.000000
128,org.joda.time.format.TestISODateTimeFormatParsing#test_localDateOptionalTimeParser,403.000000
129,org.joda.time.TestDateTimeUtils#testIsContiguous_RP_GJChronology,399.000000
130,org.joda.time.format.TestDateTimeFormat#testFormatParse_textEraAD_France,395.000000
131,org.joda.time.TestMonthDay_Constructors#testConstructor_nullObject_Chronology,381.000000
132,org.joda.time.format.TestISODateTimeFormatParsing#test_basicOrdinalDate,372.000000
133,org.joda.time.TestMonths#testFactory_monthsBetween_RPartial,366.000000
134,org.joda.time.TestMonths#testFactory_monthsBetween_RInstant,365.000000
135,org.joda.time.format.TestTextFields#testMonthNames_monthEnd,357.000000
136,org.joda.time.convert.TestConverterManager#testGetPartialConverter,353.000000
137,org.joda.time.TestInterval_Constructors#testConstructor_RI_RP3,350.000000
138,org.joda.time.convert.TestStringConverter#testSetIntoPeriod_Object7,350.000000
139,org.joda.time.TestPeriod_Constructors#testConstructor_Object_PeriodType1,349.000000
140,org.joda.time.TestDateTimeComparator#testBasicComps4,346.000000
141,org.joda.time.TestMonthDay_Properties#testPropertyEqualsHashCodeLenient,335.000000
142,org.joda.time.format.TestISODateTimeFormatParsing#test_localTimeParser,328.000000
143,org.joda.time.format.TestISODateTimeFormat_Fields#testForFields_weekBased_YWD,325.000000
144,org.joda.time.TestPeriod_Constructors#testFactoryFieldDifference1,324.000000
145,org.joda.time.format.TestISODateTimeFormatParsing#test_timeParser,323.000000
146,org.joda.time.TestPeriod_Constructors#testConstructor_RP_RP_PeriodType2Local,316.000000
147,org.joda.time.format.TestDateTimeFormat#testFormatParse_zoneId_noColon_parseZ,315.000000
148,org.joda.time.convert.TestReadablePeriodConverter#testGetPeriodType_Object,306.000000
149,org.joda.time.TestDateTime_Constructors#testTest,303.000000
150,org.joda.time.TestMonths#testAddToLocalDate,284.000000
151,org.joda.time.TestPartial_Properties#testPropertyGetHour,251.000000
152,org.joda.time.chrono.TestJulianChronology#testFactoryUTC,165.000000
153,org.joda.time.TestDateTimeZone#testGetOffsetFixed_RI,76.000000
154,org.joda.time.convert.TestStringConverter#testSetIntoInterval_Object_Chronology5,589.000000
155,org.joda.time.format.TestDateTimeFormatter#testParseInto_zone3,543.000000
156,org.joda.time.TestLocalTime_Basics#testToDateTime_RI,535.000000
157,org.joda.time.TestLocalDate_Basics#testToInterval_nullZone,518.000000
158,org.joda.time.TestLocalTime_Constructors#testConstructor_Object2,513.000000
159,org.joda.time.format.TestPeriodFormatter#testParseInto_simple,489.000000
160,org.joda.time.TestChronology#testToString,482.000000
161,org.joda.time.chrono.TestGJChronology#testParseEquivalence,473.000000
162,org.joda.time.TestDateTime_Properties#testPropertyAddWrapFieldWeekOfWeekyear,462.000000
163,org.joda.time.convert.TestStringConverter#testGetPartialValues,462.000000
164,org.joda.time.format.TestDateTimeFormatterBuilder#test_appendFixedDecimal,459.000000
165,org.joda.time.TestParseISO#testSpecExpandedCYMD,440.000000
166,org.joda.time.format.TestDateTimeFormatStyle#testForStyle_mediumDateTime,414.000000
167,org.joda.time.format.TestISODateTimeFormatParsing#test_dateParser,414.000000
168,org.joda.time.chrono.TestISOChronology#testMaxYear,413.000000
169,org.joda.time.chrono.TestLenientChronology#test_lenientChrononolgy_Chicago,412.000000
170,org.joda.time.format.TestDateTimeFormat#testFormatParse_textAdjoiningMonthDOW_UK,411.000000
171,org.joda.time.convert.TestNullConverter#testSetInto_Object_Chronology2,399.000000
172,org.joda.time.TestTimeOfDay_Constructors#testConstructor_Object_Chronology,386.000000
173,org.joda.time.chrono.TestIslamicChronology#testSampleDateWithZone,382.000000
174,org.joda.time.TestDays#testFactory_daysIn_RInterval,376.000000
175,org.joda.time.format.TestISODateTimeFormatParsing#test_date,376.000000
176,org.joda.time.chrono.TestIslamicChronology#testSampleDate2,372.000000
177,org.joda.time.TestLocalDate_Properties#testPropertyGetMonth,355.000000
178,org.joda.time.convert.TestStringConverter#testSetIntoPeriod_Object2,354.000000
179,org.joda.time.TestMutableDateTime_Basics#testGetMethods,352.000000
180,org.joda.time.format.TestPeriodFormat#test_getDefault_parseTwoFields,347.000000
181,org.joda.time.TestPeriod_Constructors#testConstructor_RP_RP2,342.000000
182,org.joda.time.TestSeconds#testFactory_secondsBetween_RPartial,333.000000
183,org.joda.time.TestYearMonth_Properties#testPropertyEqualsHashCodeLenient,333.000000
184,org.joda.time.chrono.TestLenientChronology#test_setDayOfMonth,330.000000
185,org.joda.time.format.TestISODateTimeFormatParsing#test_basicOrdinalDateTime,325.000000
186,org.joda.time.convert.TestReadableIntervalConverter#testSetIntoPeriod_Object1,317.000000
187,org.joda.time.format.TestDateTimeFormat#testFormatParse_zoneId_colon_parseZ,315.000000
188,org.joda.time.format.TestISODateTimeFormat_Fields#testForFields_calBased_YMD,315.000000
189,org.joda.time.TestDateTimeComparator#testBasicComps1,311.000000
190,org.joda.time.TestDays#testAddToLocalDate,278.000000
191,org.joda.time.tz.TestCompiler#test_2400_last,268.000000
192,org.joda.time.convert.TestConverterManager#testGetPartialConverterRemovedNull,34.000000
193,org.joda.time.TestTimeOfDay_Basics#testToDateTime_RI,538.000000
194,org.joda.time.format.TestDateTimeFormatter#testPrint_writerMethods,533.000000
195,org.joda.time.TestLocalDate_Constructors#testConstructor_ObjectString2,522.000000
196,org.joda.time.TestYearMonthDay_Basics#testToDateTimeAtCurrentTime,511.000000
197,org.joda.time.TestLocalDate_Basics#testToInterval_Zone,505.000000
198,org.joda.time.chrono.TestGJChronology#testCutoverAddWeekyears,477.000000
199,org.joda.time.convert.TestStringConverter#testGetInstantMillis_Object_Chronology,469.000000
200,org.joda.time.TestDateTime_Properties#testPropertySetDayOfYear,460.000000
201,org.joda.time.format.TestPeriodFormatter#testWithGetParseTypeMethods,452.000000
202,org.joda.time.TestParseISO#testSpecExpandedCYM,435.000000
203,org.joda.time.TestYearMonth_Constructors#testConstructor_ObjectString1,423.000000
204,org.joda.time.TestMutableDateTime_Basics#testToString_String_String,418.000000
205,org.joda.time.format.TestDateTimeFormat#testFormatParse_textMonthAtEnd_France,404.000000
206,org.joda.time.TestTimeOfDay_Constructors#testConstructor2_Object_Chronology,393.000000
207,org.joda.time.convert.TestDateConverter#testGetPartialValues,390.000000
208,org.joda.time.chrono.TestGJChronology#testTimeOfDayAdd,386.000000
209,org.joda.time.format.TestISODateTimeFormatParsing#test_ordinalDate,383.000000
210,org.joda.time.format.TestISODateTimeFormatParsing#test_localDateParser,382.000000
211,org.joda.time.TestDays#testFactory_daysBetween_RPartial,365.000000
212,org.joda.time.TestHours#testFactory_hoursBetween_RInstant,364.000000
213,org.joda.time.format.TestTextFields#testHalfdayNames,359.000000
214,org.joda.time.TestMinutes#testFactory_parseMinutes_String,358.000000
215,org.joda.time.chrono.TestGregorianChronology#testMaximumValue,356.000000
216,org.joda.time.chrono.TestIslamicChronology#testSampleDate3,356.000000
217,org.joda.time.convert.TestStringConverter#testSetIntoPeriod_Object3,354.000000
218,org.joda.time.TestMonthDay_Properties#testPropertyGetDayOfMonth,349.000000
219,org.joda.time.format.TestDateTimeFormat#testFormatParse_textYear_France,334.000000
220,org.joda.time.TestLocalDate_Properties#testPropertyEqualsHashCodeStrict,331.000000
221,org.joda.time.format.TestISODateTimeFormatParsing#test_ordinalDateTimeNoMillis,325.000000
222,org.joda.time.format.TestDateTimeFormat#testFormat_year_long,322.000000
223,org.joda.time.TestPeriod_Constructors#testConstructor_RP_RP2Local,317.000000
224,org.joda.time.format.TestISODateTimeFormat_Fields#testForFields_ordinalBased_YD,312.000000
225,org.joda.time.TestTimeOfDay_Constructors#testConstructor_Chronology,309.000000
226,org.joda.time.TestHours#testAddToLocalDate,276.000000
227,org.joda.time.tz.TestBuilder#testFixed,249.000000
228,org.joda.time.TestMutablePeriod_Updates#testMergePeriod_RP1,83.000000
229,org.joda.time.TestYearMonthDay_Basics#testToInterval_nullZone,555.000000
230,org.joda.time.format.TestDateTimeFormatter#testParseLocalDate_simple,534.000000
231,org.joda.time.TestLocalDateTime_Constructors#testConstructor_ObjectLocalDate,516.000000
232,org.joda.time.TestLocalTime_Basics#testToString_String,515.000000
233,org.joda.time.chrono.TestGJChronology#testCutoverAddDays,497.000000
234,org.joda.time.TestDateTime_Basics#testToDateMidnight,489.000000
235,org.joda.time.convert.TestStringConverter#testGetDateTime1,488.000000
236,org.joda.time.TestDateMidnight_Properties#testPropertyRoundHalfEvenMonthOfYear,457.000000
237,org.joda.time.TestDateTimeComparator#testNullDT,454.000000
238,org.joda.time.format.TestPeriodFormatter#testWithGetLocaleMethods,449.000000
239,org.joda.time.TestParseISO#testSpecWeekTruncatedYWD,434.000000
240,org.joda.time.format.TestISODateTimeFormatParsing#test_dateOptionalTimeParser,432.000000
241,org.joda.time.TestDateTime_Properties#testPropertyCompareToYear2,396.000000
242,org.joda.time.TestDateTimeZone#testIsLocalDateTimeGap_NewYork,392.000000
243,org.joda.time.format.TestDateTimeFormat#testFormat_shortBasicParse,387.000000
244,org.joda.time.format.TestDateTimeFormat#testParse_textMonthJanLong_UK,387.000000
245,org.joda.time.TestWeeks#testFactory_weeksBetween_RInstant,364.000000
246,org.joda.time.TestTimeOfDay_Constructors#testConstructor_Object1,363.000000
247,org.joda.time.convert.TestStringConverter#testSetIntoPeriod_Object4,354.000000
248,org.joda.time.format.TestTextFields#testMonthNames_monthMiddle,354.000000
249,org.joda.time.TestSerialization#testSerializedGJChronologyChangedInternals,353.000000
250,org.joda.time.format.TestDateTimeFormat#testFormatParse_zoneId_noColon,348.000000
251,org.joda.time.TestPeriod_Constructors#testConstructor_RP_RP_PeriodType1,344.000000
252,org.joda.time.TestMutablePeriod_Constructors#testConstructor_Object1,343.000000
253,org.joda.time.TestDateTimeZone#testPatchedNameKeysLondon,335.000000
254,org.joda.time.TestHours#testFactory_hoursBetween_RPartial,333.000000
255,org.joda.time.TestMonthDay_Properties#testPropertyEqualsHashCodeStrict,331.000000
256,org.joda.time.chrono.TestLenientChronology#test_setMonthOfYear,331.000000
257,org.joda.time.field.TestUnsupportedDateTimeField#testDelegatedMethods,329.000000
258,org.joda.time.chrono.TestEthiopicChronology#testDurationYear,328.000000
259,org.joda.time.format.TestISODateTimeFormatParsing#test_basicWeekDateTimeNoMillis,328.000000
260,org.joda.time.format.TestISODateTimeFormat#testFormat_timeNoMillis_partial,314.000000
261,org.joda.time.TestWeeks#testAddToLocalDate,278.000000
262,org.joda.time.TestLocalTime_Properties#testPropertyGetHour,246.000000
263,org.joda.time.field.TestPreciseDateTimeField#test_set_long_String,32.000000
264,org.joda.time.TestYearMonthDay_Basics#testToInterval_Zone,541.000000
265,org.joda.time.format.TestDateTimeFormatter#testParseMutableDateTime_offsetParsed,536.000000
266,org.joda.time.TestYearMonthDay_Constructors#testConstructor_nullObject_Chronology,524.000000
267,org.joda.time.TestDateMidnight_Basics#testTest,509.000000
268,org.joda.time.chrono.TestGJChronology#testCutoverAddMonths,497.000000
269,org.joda.time.TestLocalDateTime_Basics#testCompareTo,494.000000
270,org.joda.time.format.TestPeriodFormatter#testPrint_bufferMethods,481.000000
271,org.joda.time.convert.TestStringConverter#testGetInstantMillis_Object_Zone,461.000000
272,org.joda.time.TestDateTime_Properties#testPropertyWithMinimumValueDayOfMonth,456.000000
273,org.joda.time.TestDateTimeComparator#testDOW,425.000000
274,org.joda.time.TestInterval_Basics#testWithPeriodAfterStart1,413.000000
275,org.joda.time.format.TestDateTimeFormat#testFormatParse_textHalfdayAM_France,401.000000
276,org.joda.time.format.TestISODateTimeFormat#testFormat_weekDateTimeNoMillis,401.000000
277,org.joda.time.format.TestDateTimeFormatStyle#testForStyle_mediumDate,399.000000
278,org.joda.time.TestParseISO#testSpecTimeTruncatedFractionMS,390.000000
279,org.joda.time.TestWeeks#testFactory_weeksBetween_RPartial,365.000000
280,org.joda.time.TestSeconds#testFactory_secondsBetween_RInstant,364.000000
281,org.joda.time.TestTimeOfDay_Constructors#testConstructor_nullObject_nullChronology,362.000000
282,org.joda.time.format.TestISODateTimeFormatParsing#test_basicDate,362.000000
283,org.joda.time.format.TestPeriodFormatParsing#testParseCustom1,355.000000
284,org.joda.time.convert.TestStringConverter#testSetIntoPeriod_Object5,354.000000
285,org.joda.time.convert.TestReadableInstantConverter#testGetPartialValues,350.000000
286,org.joda.time.chrono.TestGJChronology#testDurationFields,345.000000
287,org.joda.time.TestPeriod_Constructors#testConstructor_RP_RP_PeriodType2,341.000000
288,org.joda.time.TestYearMonth_Properties#testPropertyEqualsHashCodeStrict,330.000000
289,org.joda.time.chrono.TestLenientChronology#test_setYear,330.000000
290,org.joda.time.format.TestISODateTimeFormatParsing#test_basicDateTime,330.000000
291,org.joda.time.TestLocalDateTime_Properties#testPropertyWithMaxMinValueHour,327.000000
292,org.joda.time.format.TestISODateTimeFormat_Fields#testForFields_time_HMSm,299.000000
293,org.joda.time.TestPeriod_Basics#testMinusFields,298.000000
294,org.joda.time.TestSeconds#testAddToLocalDate,276.000000
295,org.joda.time.TestInstant_Basics#testGet_DateTimeFieldType,248.000000
296,org.joda.time.TestIllegalFieldValueException#testOtherConstructors,18.000000
297,org.joda.time.TestDateMidnight_Basics#testToString,533.000000
298,org.joda.time.TestLocalDateTime_Constructors#testConstructor_ObjectLocalTime,516.000000
299,org.joda.time.TestYearMonth_Basics#testToInterval,510.000000
300,org.joda.time.format.TestDateTimeFormatter#testParseMillis_fractionOfSecondLong,500.000000
301,org.joda.time.chrono.TestGJChronology#testYearEndAddDays,496.000000
302,org.joda.time.format.TestPeriodFormatter#testParseMutablePeriod_simple,490.000000
303,org.joda.time.convert.TestStringConverter#testGetDateTime2,486.000000
304,org.joda.time.TestDateTime_Properties#testPropertyAddLongDayOfWeek,452.000000
305,org.joda.time.TestDateTime_Properties#testPropertyGetMonthOfYear,425.000000
306,org.joda.time.TestMutableDateTime_Properties#testPropertyAddWrapFieldDayOfYear,417.000000
307,org.joda.time.TestParseISO#testSpecOrdinalTruncatedD,415.000000
308,org.joda.time.TestInterval_Constructors#testConstructor_RI_RI_chronoStart,403.000000
309,org.joda.time.format.TestDateTimeFormatStyle#testForStyle_mediumTime,398.000000
310,org.joda.time.format.TestISODateTimeFormatParsing#test_basicWeekDate,389.000000
311,org.joda.time.format.TestDateTimeFormat#testFormatParse_textMonthJanShortUpperCase_UK,387.000000
312,org.joda.time.TestMonthDay_Constructors#testConstructor_Object,385.000000
313,org.joda.time.TestMinutes#testFactory_minutesIn_RInterval,376.000000
314,org.joda.time.TestTimeOfDay_Constructors#testConstructor_ObjectStringEx1,366.000000
315,org.joda.time.TestYears#testFactory_parseYears_String,357.000000
316,org.joda.time.convert.TestStringConverter#testSetIntoPeriod_Object6,354.000000
317,org.joda.time.TestSerialization#testSerializedDateMidnightProperty,345.000000
318,org.joda.time.TestInterval_Basics#testEqualsHashCodeStrict,340.000000
319,org.joda.time.TestYearMonthDay_Properties#testPropertyEqualsHashCodeLenient,336.000000
320,org.joda.time.chrono.TestLenientChronology#test_setHourOfDay,330.000000
321,org.joda.time.format.TestISODateTimeFormat_Fields#testForFields_calBased_MD,305.000000
322,org.joda.time.TestTimeOfDay_Properties#testPropertyGetHour,288.000000
323,org.joda.time.format.TestISODateTimeFormatParsing#test_hourMinute,286.000000
324,org.joda.time.TestIllegalFieldValueException#testSkipDateTimeField,199.000000
325,org.joda.time.format.TestDateTimeFormat#testFormat_invalid,72.000000
326,org.joda.time.format.TestDateTimeFormatter#testPrint_simple,529.000000
327,org.joda.time.TestTimeOfDay_Basics#testToString_String,524.000000
328,org.joda.time.TestLocalDateTime_Constructors#testConstructor_Object_DateTimeZone,516.000000
329,org.joda.time.convert.TestStringConverter#testGetDateTime3,489.000000
330,org.joda.time.format.TestPeriodFormatter#testPrint_simple,487.000000
331,org.joda.time.TestLocalDateTime_Basics#testProperty,478.000000
332,org.joda.time.TestDateTime_Properties#testPropertyRoundHalfCeilingHourOfDay,452.000000
333,org.joda.time.TestParseISO#testSpecCompleteDate,440.000000
334,org.joda.time.TestDateTimeZoneCutover#test_DateTime_parse_Gaza,407.000000
335,org.joda.time.format.TestDateTimeFormatStyle#testForStyle_fullDate,402.000000
336,org.joda.time.format.TestDateTimeFormat#testFormatParse_textMonthJanLong_France,387.000000
337,org.joda.time.TestDateTime_Properties#testPropertyGetDifferenceHourOfDay,384.000000
338,org.joda.time.TestPeriod_Constructors#testConstructor_RI_RD_PeriodType1,378.000000
339,org.joda.time.TestTimeOfDay_Constructors#testConstructor_ObjectStringEx2,366.000000
340,org.joda.time.TestYears#testFactory_yearsBetween_RInstant,365.000000
341,org.joda.time.TestIllegalFieldValueException#testZoneTransition,362.000000
342,org.joda.time.TestMonths#testFactory_parseMonths_String,357.000000
343,org.joda.time.chrono.TestGJChronology#testFactory_Zone_RI,357.000000
344,org.joda.time.format.TestDateTimeFormat#testParse_pivotYear_ignored4DigitYear,339.000000
345,org.joda.time.TestYearMonth_Properties#testPropertyCompareToYear,338.000000
346,org.joda.time.format.TestISODateTimeFormat_Fields#testForFields_calBased_YD,310.000000
347,org.joda.time.TestMutableDateTime_Properties#testTest,302.000000
348,org.joda.time.format.TestISODateTimeFormatParsing#test_hourMinuteSecondMillis,297.000000
349,org.joda.time.format.TestDateTimeFormatterBuilder#test_append_Formatter,275.000000
350,org.joda.time.TestLocalTime_Properties#testPropertyRoundHour,239.000000
351,org.joda.time.TestSerialization#testSerializedUnsupportedDateTimeField,69.000000
352,org.joda.time.TestDateMidnight_Basics#testToString_String,537.000000
353,org.joda.time.format.TestDateTimeFormatter#testParseLocalDateTime_simple,528.000000
354,org.joda.time.format.TestPeriodFormatter#testParsePeriod_simple,526.000000
355,org.joda.time.TestLocalDate_Constructors#testConstructor_ObjectYearMonthDay,519.000000
356,org.joda.time.convert.TestStringConverter#testGetDateTime4,487.000000
357,org.joda.time.TestLocalDateTime_Basics#testWithers,486.000000
358,org.joda.time.TestDateTime_Properties#testPropertyAddYear,454.000000
359,org.joda.time.TestParseISO#testSpecExpandedCY,431.000000
360,org.joda.time.TestDateTimeComparator#testDOM,425.000000
361,org.joda.time.format.TestDateTimeFormatStyle#testForStyle_longDate,399.000000
362,org.joda.time.format.TestDateTimeFormat#testFormatParse_textEraBC_France,395.000000
363,org.joda.time.chrono.TestEthiopicChronology#testSampleDateWithZone,391.000000
364,org.joda.time.TestMonths#testFactory_monthsIn_RInterval,377.000000
365,org.joda.time.TestTimeOfDay_Constructors#testConstructor_ObjectStringEx3,366.000000
366,org.joda.time.TestDays#testFactory_parseDays_String,358.000000
367,org.joda.time.TestInterval_Constructors#testConstructor_RI_RP1,353.000000
368,org.joda.time.TestDateTimeZoneCutover#test_LocalDate_toDateMidnight_Gaza,341.000000
369,org.joda.time.TestYearMonth_Properties#testPropertySetTextMonth,340.000000
370,org.joda.time.format.TestISODateTimeFormatParsing#test_basicWeekDateTime,337.000000
371,org.joda.time.TestDateTimeUtils#testGetDurationMillis_RI,331.000000
372,org.joda.time.TestDateTimeZoneCutover#test_LocalDate_new_Turk,307.000000
373,org.joda.time.TestDuration_Basics#testTest,302.000000
374,org.joda.time.TestLocalTime_Properties#testPropertyCompareToHour,296.000000
375,org.joda.time.TestInstant_Constructors#testConstructor_badconverterObject,239.000000
376,org.joda.time.field.TestScaledDurationField#test_add_long_long,14.000000
377,org.joda.time.TestDateMidnight_Basics#testToString_DTFormatter,537.000000
378,org.joda.time.TestYearMonthDay_Constructors#testConstructor_ObjectStringEx1,526.000000
379,org.joda.time.convert.TestStringConverter#testGetDateTime6,497.000000
380,org.joda.time.TestLocalDate_Basics#testEqualsHashCodeLenient,493.000000
381,org.joda.time.format.TestDateTimeFormatter#testWithGetPivotYear,471.000000
382,org.joda.time.TestDateTimeComparator#testDOY,425.000000
383,org.joda.time.TestParseISO#testSpecTimeComplete,414.000000
384,org.joda.time.TestPeriod_Constructors#testConstructor_long_long_PeriodType_Chronology1,412.000000
385,org.joda.time.TestDateTimeZoneCutover#test_DateTime_roundCeiling_secondOfMinute_NewYork_Autumn_postCutover,398.000000
386,org.joda.time.TestDateTime_Properties#testTest,391.000000
387,org.joda.time.format.TestDateTimeFormat#testFormatParse_textMonthJanLongLowerCase_UK,387.000000
388,org.joda.time.TestTimeOfDay_Constructors#testConstructor_ObjectStringEx4,366.000000
389,org.joda.time.TestDays#testFactory_daysBetween_RInstant,364.000000
390,org.joda.time.TestHours#testFactory_parseHours_String,358.000000
391,org.joda.time.format.TestTextFields#testMonthNames_monthStart,354.000000
392,org.joda.time.TestMutableDateTime_Properties#testPropertyToIntervalYearOfCentury,347.000000
393,org.joda.time.format.TestISODateTimeFormatParsing#test_weekDateTimeNoMillis,347.000000
394,org.joda.time.TestDateTimeUtils#testOffsetMillis,333.000000
395,org.joda.time.chrono.TestIslamicChronology#testDurationFields,311.000000
396,org.joda.time.TestMutablePeriod_Updates#testAdd_RInterval3,310.000000
397,org.joda.time.TestMutableInterval_Updates#testTest,302.000000
398,org.joda.time.format.TestISODateTimeFormat_Fields#testForFields_datetime_DH,302.000000
399,org.joda.time.TestInterval_Constructors#testConstructor_RI_RI_instant,218.000000
400,org.joda.time.TestYears#testMinus_Years,83.000000
401,org.joda.time.TestYearMonthDay_Constructors#testConstructor_ObjectString1,558.000000
402,org.joda.time.TestLocalDateTime_Basics#testToString_String,523.000000
403,org.joda.time.format.TestDateTimeFormatter#testWithGetOffsetParsedMethods,473.000000
404,org.joda.time.TestDateTime_Properties#testPropertySetTextMonthOfYear,461.000000
405,org.joda.time.TestLocalTime_Basics#testProperty,461.000000
406,org.joda.time.TestParseISO#testSpecReducedPrecisionCY,431.000000
407,org.joda.time.TestDateTimeComparator#testListBasic,419.000000
408,org.joda.time.TestMutableDateTime_Properties#testPropertySetTextWeekOfWeekyear,415.000000
409,org.joda.time.format.TestDateTimeFormatStyle#testForStyle_mediumShortDateTime,412.000000
410,org.joda.time.TestDateMidnight_Properties#testPropertyEqualsHashCodeStrict,394.000000
411,org.joda.time.format.TestDateTimeFormat#testFormatParse_textMonthJanLongUpperCase_UK,387.000000
412,org.joda.time.TestMutableDateTime_Properties#testPropertyGetMonthOfYear,378.000000
413,org.joda.time.TestHours#testFactory_hoursIn_RInterval,376.000000
414,org.joda.time.TestTimeOfDay_Constructors#testConstructor_nullObject,362.000000
415,org.joda.time.TestWeeks#testFactory_parseWeeks_String,358.000000
416,org.joda.time.chrono.TestGJChronology#testDateFields,336.000000
417,org.joda.time.format.TestISODateTimeFormatParsing#test_ordinalDateTime,335.000000
418,org.joda.time.TestLocalDateTime_Properties#testPropertyRoundHour,325.000000
419,org.joda.time.TestSerialization#testTest,302.000000
420,org.joda.time.format.TestISODateTimeFormat_Fields#testForFields_datetime_DM,302.000000
421,org.joda.time.TestChronology#testEqualsHashCode_Limit,280.000000
422,org.joda.time.TestInstant_Basics#testPlus_RD,220.000000
423,org.joda.time.convert.TestConverterManager#testAddPeriodConverter1,32.000000
424,org.joda.time.TestLocalDateTime_Constructors#testConstructor_Object_ChronologyMoscowBadDateTime,540.000000
425,org.joda.time.TestLocalDateTime_Basics#testToString_DTFormatter,523.000000
426,org.joda.time.TestLocalDate_Basics#testWithers,476.000000
427,org.joda.time.format.TestDateTimeFormatter#testWithGetLocale,470.000000
428,org.joda.time.TestDateTime_Properties#testPropertyRoundHalfFloorHourOfDay,452.000000
429,org.joda.time.format.TestDateTimeFormatterBuilder#test_appendFixedSignedDecimal,452.000000
430,org.joda.time.TestDateTime_Properties#testPropertyGetWeekOfWeekyear,409.000000
431,org.joda.time.format.TestDateTimeFormat#testFormatParse_textAdjoiningHelloWorld_UK,402.000000
432,org.joda.time.TestParseISO#testSpecTimeTruncatedMS,390.000000
433,org.joda.time.TestWeeks#testFactory_weeksIn_RInterval,376.000000
434,org.joda.time.TestMutableDateTime_Properties#testPropertyGetEra,364.000000
435,org.joda.time.TestTimeOfDay_Constructors#testConstructor_Object_nullChronology,363.000000
436,org.joda.time.TestSeconds#testFactory_parseSeconds_String,359.000000
437,org.joda.time.TestDateTimeZoneCutover#test_MutableDateTime_setZoneRetainFields_Turk,355.000000
438,org.joda.time.format.TestISODateTimeFormatParsing#test_dateTime,343.000000
439,org.joda.time.TestYearMonthDay_Properties#testPropertyEquals,342.000000
440,org.joda.time.chrono.TestGJChronology#testIllegalDates,310.000000
441,org.joda.time.TestDuration_Basics#testToPeriod_PeriodType_Chronology,308.000000
442,org.joda.time.format.TestISODateTimeFormat_Fields#testForFields_datetime_YH,305.000000
443,org.joda.time.TestInstant_Basics#testTest,302.000000
444,org.joda.time.TestPartial_Properties#testPropertyAddWrapFieldMinute,235.000000
445,org.joda.time.TestDays#testToStandardSeconds,86.000000
446,org.joda.time.format.TestDateTimeFormatter#testPrinterParserMethods,548.000000
447,org.joda.time.TestTimeOfDay_Basics#testToString_String_Locale,527.000000
448,org.joda.time.TestLocalTime_Constructors#testConstructor_nullObject_nullDateTimeZone,496.000000
449,org.joda.time.TestDateMidnight_Basics#testGetters,488.000000
450,org.joda.time.TestDateTime_Properties#testPropertyWithMaximumValueDayOfMonth,457.000000
451,org.joda.time.TestParseISO#testSpecWeekReducedPrecision,450.000000
452,org.joda.time.format.TestDateTimeFormat#testFormat_era,424.000000
453,org.joda.time.format.TestDateTimeFormat#testFormatParse_textMonthApr_France,410.000000
454,org.joda.time.TestTimeOfDay_Constructors#testConstructor_ObjectString1,396.000000
455,org.joda.time.TestDateTime_Properties#testPropertyToIntervalYearOfCentury,390.000000
456,org.joda.time.TestYearMonth_Constructors#testConstructor_Object_Chronology,379.000000
457,org.joda.time.TestSeconds#testFactory_secondsIn_RInterval,376.000000
458,org.joda.time.TestMutablePeriod_Constructors#testConstructor_Object_PeriodType1,342.000000
459,org.joda.time.TestDateTimeUtils#testGetPeriodType_PeriodType,331.000000
460,org.joda.time.TestMutableDateTime_Basics#testEqualsHashCode,329.000000
461,org.joda.time.TestMutableInterval_Basics#testSerialization,321.000000
462,org.joda.time.format.TestISODateTimeFormatParsing#test_basicDateTimeNoMillis,321.000000
463,org.joda.time.TestInstant_Basics#testToString,302.000000
464,org.joda.time.format.TestISODateTimeFormat_Fields#testForFields_calBased_D,297.000000
465,org.joda.time.chrono.TestISOChronology#testPartialDayOfYearAdd,284.000000
466,org.joda.time.TestBasePartial#testSetMethods,227.000000
467,org.joda.time.field.TestPreciseDurationDateTimeField#test_addWrapField_long_int,31.000000
468,org.joda.time.TestLocalTime_Basics#testToString_String_Locale,518.000000
469,org.joda.time.TestLocalDate_Constructors#testConstructor_nullObject_nullDateTimeZone,496.000000
470,org.joda.time.TestLocalDate_Basics#testProperty,472.000000
471,org.joda.time.format.TestDateTimeFormatter#testWithGetChronology,471.000000
472,org.joda.time.TestDateTime_Properties#testPropertyAddWrapFieldMonthOfYear,452.000000
473,org.joda.time.TestParseISO#testSpecTruncatedYMD,424.000000
474,org.joda.time.format.TestDateTimeFormat#testFormatParse_textMonthJanShort_France,410.000000
475,org.joda.time.TestMutablePeriod_Constructors#testConstructor_long_long_PeriodType_Chronology1,404.000000
476,org.joda.time.TestTimeOfDay_Constructors#testConstructor_ObjectString3,396.000000
477,org.joda.time.format.TestISODateTimeFormat#testFormat_basicOrdinalDateTimeNoMillis,375.000000
478,org.joda.time.TestDateTime_Constructors#testConstructor_ObjectStringEx1,374.000000
479,org.joda.time.format.TestPeriodFormatterBuilder#testBug2495455,353.000000
480,org.joda.time.TestTimeOfDay_Constructors#testConstructor_DateTimeZone,349.000000
481,org.joda.time.TestDateTimeUtils#testClass,327.000000
482,org.joda.time.TestInterval_Basics#testWithDurationAfterStart1,323.000000
483,org.joda.time.format.TestISODateTimeFormatParsing#test_basicOrdinalDateTimeNoMillis,316.000000
484,org.joda.time.format.TestISOPeriodFormatParsing#testParseStandardFail1,316.000000
485,org.joda.time.TestPeriodType#testTest,302.000000
486,org.joda.time.format.TestISODateTimeFormat_Fields#testForFields_calBased_M,297.000000
487,org.joda.time.TestIllegalFieldValueException#testSetText,209.000000
488,org.joda.time.TestDateTimeZone#testNameProvider,46.000000
489,org.joda.time.TestDateTime_Basics#testToString,532.000000
490,org.joda.time.format.TestDateTimeFormatter#testParseMutableDateTime_chrono,531.000000
491,org.joda.time.TestYearMonthDay_Constructors#testConstructor_Object_Chronology,525.000000
492,org.joda.time.TestMonthDay_Basics#testProperty,469.000000
493,org.joda.time.TestDateTime_Properties#testPropertySetTextWeekOfWeekyear,458.000000
494,org.joda.time.format.TestDateTimeFormat#testFormatParse_textMonthJanShort_UK,410.000000
495,org.joda.time.TestTimeOfDay_Constructors#testConstructor_ObjectString4,398.000000
496,org.joda.time.TestDateMidnight_Properties#testPropertySetTextMonthOfYear,393.000000
497,org.joda.time.TestParseISO#testSpecTimeTruncatedM,390.000000
498,org.joda.time.TestDateTime_Constructors#testConstructor_ObjectStringEx2,374.000000
499,org.joda.time.TestDateTimeUtils#testGetReadableInterval_ReadableInterval,354.000000
500,org.joda.time.TestDuration_Constructors#testConstructor_Object4,353.000000
501,org.joda.time.TestPeriod_Constructors#testConstructor_Object1,349.000000
502,org.joda.time.chrono.TestLenientChronology#test_strictChrononolgy_Chicago,348.000000
503,org.joda.time.TestLocalDate_Properties#testPropertyAddWrapFieldToCopyDay,344.000000
504,org.joda.time.TestBaseSingleFieldPeriod#testEqualsHashCode,310.000000
505,org.joda.time.TestMutableDateTime_Basics#testTest,302.000000
506,org.joda.time.format.TestISODateTimeFormatParsing#test_basicTime,294.000000
507,org.joda.time.format.TestISODateTimeFormat_Fields#testForFields_calBased_Y,289.000000
508,org.joda.time.TestLocalTime_Properties#testPropertyWithMaxMinValueMinute,237.000000
509,org.joda.time.format.TestPeriodFormat#test_getDefault_cached,34.000000
510,org.joda.time.format.TestDateTimeFormatter#testPrint_bufferMethods,533.000000
511,org.joda.time.TestYearMonthDay_Constructors#testConstructor_nullObject_nullChronology,527.000000
512,org.joda.time.TestLocalDateTime_Basics#testToString,517.000000
513,org.joda.time.TestLocalTime_Basics#testToDateTimeTodayDefaultZone,494.000000
514,org.joda.time.TestDateTime_Properties#testPropertyRoundHalfEvenHourOfDay,454.000000
515,org.joda.time.TestDateTime_Constructors#testConstructor_ObjectString1,434.000000
516,org.joda.time.TestDateTime_Properties#testPropertyGetEra,410.000000
517,org.joda.time.TestMutableDateTime_Basics#testRounding1,405.000000
518,org.joda.time.format.TestDateTimeFormat#testFormatParse_textEraAD_UK,395.000000
519,org.joda.time.TestTimeOfDay_Constructors#testConstructor_ObjectString5,393.000000
520,org.joda.time.TestParseISO#testSpecTimeTruncatedS,390.000000
521,org.joda.time.TestDateTimeUtils#testIsContiguous_RP,378.000000
522,org.joda.time.TestDuration_Basics#testToPeriodTo_PeriodType,364.000000
523,org.joda.time.format.TestPeriodFormatterBuilder#testFormatAppend_PrinterParser_null_Parser,342.000000
524,org.joda.time.TestMonthDay_Properties#testPropertyAddWrapFieldDayOfMonth,341.000000
525,org.joda.time.format.TestISODateTimeFormatParsing#test_time,306.000000
526,org.joda.time.TestMutableDateTime_Adds#testTest,302.000000
527,org.joda.time.format.TestISODateTimeFormat_Fields#testForFields_ordinalBased_D,297.000000
528,org.joda.time.convert.TestConverterManager#testGetPartialConverterOKMultipleMatches,283.000000
529,org.joda.time.TestPartial_Properties#testPropertyCompareToHour,243.000000
530,org.joda.time.TestMonths#testMinus_Months,83.000000
531,org.joda.time.TestPartial_Basics#testToDateTime_RI,548.000000
532,org.joda.time.format.TestDateTimeFormatter#testPrint_chrono_and_zone,532.000000
533,org.joda.time.TestYearMonthDay_Constructors#testConstructor_ObjectStringEx2,526.000000
534,org.joda.time.TestDateMidnight_Basics#testWithers,498.000000
535,org.joda.time.TestDateTime_Constructors#testConstructor_ObjectString2,459.000000
536,org.joda.time.TestDateTime_Properties#testPropertyRoundFloorHourOfDay,449.000000
537,org.joda.time.TestParseISO#testSpecOrdinalExpandedYD,440.000000
538,org.joda.time.TestTimeOfDay_Constructors#testConstructor_ObjectString6,390.000000
539,org.joda.time.format.TestDateTimeFormat#testFormatParse_textMonthJanShortLowerCase_UK,387.000000
540,org.joda.time.TestDateTime_Properties#testPropertyGetMaxMinValuesDayOfYear,383.000000
541,org.joda.time.format.TestDateTimeFormat#testFormat_zoneAmountID,379.000000
542,org.joda.time.format.TestPeriodFormat#test_wordBased_pt_parseTwoFields,346.000000
543,org.joda.time.TestSerialization#testSerializedDateTimeProperty,340.000000
544,org.joda.time.TestDateTimeUtils#testMillisProvider,330.000000
545,org.joda.time.TestLocalDateTime_Properties#testPropertyEquals,324.000000
546,org.joda.time.TestMutableDateTime_Sets#testTest,302.000000
547,org.joda.time.format.TestISODateTimeFormat_Fields#testForFields_ordinalBased_Y,289.000000
548,org.joda.time.format.TestISODateTimeFormatParsing#test_basicTimeNoMillis,280.000000
549,org.joda.time.TestDateTimeZone#testGetOffset_long,261.000000
550,org.joda.time.TestIllegalFieldValueException#testVerifyValueBounds,253.000000
551,org.joda.time.TestDateTimeZone#testProvider,42.000000
552,org.joda.time.TestYearMonthDay_Constructors#testConstructor_ObjectStringEx3,532.000000
553,org.joda.time.format.TestDateTimeFormatter#testParseDateTime_zone,522.000000
554,org.joda.time.TestTimeOfDay_Basics#testToString,515.000000
555,org.joda.time.TestDateMidnight_Basics#testSerialization,468.000000
556,org.joda.time.TestDateTime_Properties#testPropertyRoundCeilingHourOfDay,449.000000
557,org.joda.time.TestDateTime_Constructors#testConstructor_ObjectString3,441.000000
558,org.joda.time.TestParseISO#testSpecTimeReducedPrecisionH,430.000000
559,org.joda.time.TestMutableInterval_Constructors#testConstructor_RI_RI8,402.000000
560,org.joda.time.TestDateMidnight_Properties#testPropertyAddWrapFieldMonthOfYear,384.000000
561,org.joda.time.TestDateTimeZoneCutover#test_DateTime_addWrapFieldDay_Gaza,368.000000
562,org.joda.time.format.TestPeriodFormat#test_wordBased_de_parseTwoFields,346.000000
563,org.joda.time.TestMutableDateTime_Basics#testProperty,335.000000
564,org.joda.time.format.TestISODateTimeFormatParsing#test_timeElementParser,329.000000
565,org.joda.time.format.TestISODateTimeFormat_Fields#testForFields_calBased_YMD_unmodifiable,315.000000
566,org.joda.time.format.TestPeriodFormat#test_getDefault_formatTwoFields,315.000000
567,org.joda.time.TestMutableInterval_Basics#testIsBefore_RI,313.000000
568,org.joda.time.TestDateMidnight_Constructors#testTest,302.000000
569,org.joda.time.format.TestISODateTimeFormatParsing#test_timeNoMillis,296.000000
570,org.joda.time.TestDateTimeZone#testGetNameKey,256.000000
571,org.joda.time.TestHours#testMinus_Hours,83.000000
572,org.joda.time.TestYearMonthDay_Constructors#testConstructor_ObjectStringEx4,532.000000
573,org.joda.time.format.TestDateTimeFormatter#testParseDateTime_chrono,530.000000
574,org.joda.time.TestTimeOfDay_Basics#testToString_DTFormatter,524.000000
575,org.joda.time.TestDateTime_Properties#testPropertyAddWrapFieldYear,457.000000
576,org.joda.time.chrono.TestBuddhistChronology#testDurationFields,441.000000
577,org.joda.time.format.TestDateTimeFormat#testFormat_year_twoDigit,437.000000
578,org.joda.time.TestDateTime_Constructors#testConstructor_ObjectString5,424.000000
579,org.joda.time.TestParseISO#testSpecWeekTruncatedD,400.000000
580,org.joda.time.TestDateTime_Properties#testPropertyGetCenturyOfEra,399.000000
581,org.joda.time.TestInterval_Constructors#testConstructor_long_long_Chronology,399.000000
582,org.joda.time.format.TestPeriodFormat#test_wordBased_fr_parseTwoFields,346.000000
583,org.joda.time.TestMutableInterval_Updates#testSetPeriodAfterStart_RI1,343.000000
584,org.joda.time.format.TestISODateTimeFormat_Fields#testForFields_calBased_YMD_duplicates,315.000000
585,org.joda.time.convert.TestDateConverter#testToString,311.000000
586,org.joda.time.TestMutableInterval_Constructors#testTest,302.000000
587,org.joda.time.format.TestISODateTimeFormatParsing#test_tTimeNoMillis,298.000000
588,org.joda.time.chrono.TestISOChronology#testTimeOfDayAdd,279.000000
589,org.joda.time.TestPartial_Properties#testPropertyGetMaxMinValuesMinute,230.000000
590,org.joda.time.format.TestDateTimeFormatterBuilder#test_canBuildFormatter,13.000000
591,org.joda.time.format.TestDateTimeFormatter#testParseDateTime_simple_precedence,557.000000
592,org.joda.time.TestTimeOfDay_Basics#testToDateTime_nullRI,536.000000
593,org.joda.time.TestYearMonthDay_Constructors#testConstructor_Object,528.000000
594,org.joda.time.TestDateMidnight_Basics#testProperty,479.000000
595,org.joda.time.TestDateMidnight_Properties#testPropertyRoundHalfFloorMonthOfYear,456.000000
596,org.joda.time.TestDateTime_Constructors#testConstructor_ObjectString6,426.000000
597,org.joda.time.TestDateTime_Properties#testPropertyGetWeekyear,401.000000
598,org.joda.time.TestInterval_Constructors#testConstructor_RI_RI_chronoEnd,401.000000
599,org.joda.time.TestParseISO#testSpecWeekTruncatedW,400.000000
600,org.joda.time.format.TestISODateTimeFormat#testFormat_ordinalDateTime,395.000000
601,org.joda.time.format.TestPeriodFormat#test_wordBased_es_parseOneField,343.000000
602,org.joda.time.TestLocalDate_Properties#testPropertyCompareToYear,332.000000
603,org.joda.time.TestMutableDateTime_Sets#testSetZoneRetainFields_DateTimeZone3,321.000000
604,org.joda.time.format.TestISODateTimeFormat_Fields#testForFields_weekBased_D,297.000000
605,org.joda.time.format.TestISODateTimeFormatParsing#test_hourMinuteSecond,288.000000
606,org.joda.time.format.TestDateTimeFormat#testFormat_samples,286.000000
607,org.joda.time.TestSerialization#testSerializedMutableDateTime,269.000000
608,org.joda.time.TestDurationField#test_subtract,184.000000
609,org.joda.time.TestWeeks#testMinus_Weeks,83.000000
610,org.joda.time.TestYearMonthDay_Constructors#testConstructor_nullObject,527.000000
611,org.joda.time.format.TestDateTimeFormatter#testParseMutableDateTime_zone,522.000000
612,org.joda.time.TestLocalTime_Basics#testToString,506.000000
613,org.joda.time.TestDateMidnight_Properties#testPropertyRoundCeilingMonthOfYear,455.000000
614,org.joda.time.convert.TestReadableIntervalConverter#testSetIntoInterval_Object2,445.000000
615,org.joda.time.TestDateTime_Constructors#testConstructor_ObjectString7,421.000000
616,org.joda.time.TestParseISO#testSpecWeekTruncatedWD,400.000000
617,org.joda.time.format.TestISODateTimeFormat#testFormat_basicDateTime,384.000000
618,org.joda.time.TestDateMidnight_Properties#testPropertyRemainderMonthOfYear,377.000000
619,org.joda.time.format.TestPeriodFormat#test_wordBased_pt_parseOneField,343.000000
620,org.joda.time.TestMutableDateTime_Sets#testSetDate_int_int_int1,340.000000
621,org.joda.time.chrono.TestGJChronology#testFactory,335.000000
622,org.joda.time.TestMonthDay_Properties#testPropertyGetMaxMinValuesMonthOfYear,329.000000
623,org.joda.time.TestMutableDateTime_Constructors#testTest,303.000000
624,org.joda.time.format.TestISODateTimeFormatParsing#test_hourMinuteSecondFraction,298.000000
625,org.joda.time.format.TestISODateTimeFormat_Fields#testForFields_weekBased_W,296.000000
626,org.joda.time.field.TestOffsetDateTimeField#test_addWrapField_long_int,262.000000
627,org.joda.time.TestPartial_Properties#testPropertyAddMinute,236.000000
628,org.joda.time.TestDateTime_Constructors#testConstructor_invalidObject_DateTimeZone,71.000000
629,org.joda.time.TestYearMonthDay_Constructors#testConstructor_Object_nullChronology,528.000000
630,org.joda.time.format.TestDateTimeFormatter#testParseDateTime_simple,520.000000
631,org.joda.time.TestLocalTime_Basics#testToString_DTFormatter,515.000000
632,org.joda.time.TestDateMidnight_Basics#testPlus_RD,468.000000
633,org.joda.time.TestDateMidnight_Properties#testPropertyWithMinimumValueDayOfMonth,459.000000
634,org.joda.time.TestParseISO#testSpecWeekTruncatedYW,434.000000
635,org.joda.time.TestMutableInterval_Basics#testToPeriod_PeriodType2,409.000000
636,org.joda.time.TestDateTimeZoneCutover#test_DateTime_parse_Turk,407.000000
637,org.joda.time.chrono.TestGJChronology#testFactory_Zone_RI_int,356.000000
638,org.joda.time.TestInterval_Constructors#testConstructor_Object3,355.000000
639,org.joda.time.TestDateTimeZoneCutover#test_getOffsetFromLocal_Gaza,353.000000
640,org.joda.time.format.TestPeriodFormat#test_wordBased_nl_parseTwoFields,346.000000
641,org.joda.time.chrono.TestCopticChronology#testCalendar,336.000000
642,org.joda.time.TestMutablePeriod_Basics#testTest,302.000000
643,org.joda.time.format.TestISODateTimeFormatParsing#test_basicTTime,301.000000
644,org.joda.time.TestMutablePeriod_Basics#testToDurationFrom,298.000000
645,org.joda.time.format.TestISODateTimeFormat_Fields#testForFields_weekBased_Y,290.000000
646,org.joda.time.TestPartial_Properties#testPropertySetTextHour,235.000000
647,org.joda.time.TestSerialization#testSerializedDateTimeZone,46.000000
648,org.joda.time.TestYearMonthDay_Constructors#testConstructor_ObjectString2,562.000000
649,org.joda.time.TestLocalTime_Basics#testToDateTime_nullRI,532.000000
650,org.joda.time.format.TestDateTimeFormatter#testPrint_zone,525.000000
651,org.joda.time.TestDateMidnight_Basics#testPlus_RP,488.000000
652,org.joda.time.TestDateMidnight_Properties#testPropertyRoundHalfCeilingMonthOfYear,456.000000
653,org.joda.time.TestDateTimeComparator#testMonth,425.000000
654,org.joda.time.TestMutableDateTime_Properties#testPropertyAddDayOfMonth,406.000000
655,org.joda.time.TestParseISO#testSpecTruncatedD,400.000000
656,org.joda.time.TestDateTime_Properties#testPropertyToIntervalYearOfEra,389.000000
657,org.joda.time.TestMutableDateTime_Properties#testPropertyGetDayOfYear,363.000000
658,org.joda.time.format.TestPeriodFormat#test_getDefault_parseOneField,344.000000
659,org.joda.time.chrono.TestGJChronology#testFactory_Zone,335.000000
660,org.joda.time.TestLocalDateTime_Properties#testPropertySetTextMinute,322.000000
661,org.joda.time.format.TestISODateTimeFormat_Fields#testForFields_datetime_YMDH,317.000000
662,org.joda.time.TestMutablePeriod_Updates#testTest,302.000000
663,org.joda.time.format.TestISODateTimeFormatParsing#test_basicTTimeNoMillis,292.000000
664,org.joda.time.TestInterval_Constructors#testConstructor_Object6,285.000000
665,org.joda.time.TestLocalTime_Properties#testPropertyGetMaxMinValuesSecond,228.000000
666,org.joda.time.TestDateTimeZone#testEqualsHashCode,74.000000
667,org.joda.time.TestYearMonthDay_Constructors#testConstructor_ObjectString3,563.000000
668,org.joda.time.TestDateTime_Basics#testToString_String,536.000000
669,org.joda.time.format.TestDateTimeFormatter#testParseDateTime_offsetParsed,536.000000
670,org.joda.time.TestLocalDateTime_Basics#testGetters,464.000000
671,org.joda.time.TestDateMidnight_Properties#testPropertyRoundFloorMonthOfYear,453.000000
672,org.joda.time.TestDateTimeComparator#testHour,425.000000
673,org.joda.time.TestMutableDateTime_Properties#testPropertyAddLongDayOfWeek,409.000000
674,org.joda.time.TestParseISO#testSpecTruncatedM,400.000000
675,org.joda.time.TestDateTime_Properties#testPropertyGetMaxMinValuesWeekOfWeekyear,385.000000
676,org.joda.time.format.TestPeriodFormat#test_wordBased_de_parseOneField,343.000000
677,org.joda.time.chrono.TestGJChronology#testTimeFields,336.000000
678,org.joda.time.field.TestOffsetDateTimeField#test_set_RP_int_intarray_String_Locale,328.000000
679,org.joda.time.TestInterval_Basics#test_useCase_ContainsOverlapAbutGap,316.000000
680,org.joda.time.format.TestISODateTimeFormatParsing#test_tTime,308.000000
681,org.joda.time.TestChronology#testTest,302.000000
682,org.joda.time.format.TestISODateTimeFormat_Fields#testForFields_time_HM,297.000000
683,org.joda.time.TestMutableDateTime_Basics#testToDateTime_DateTimeZone,267.000000
684,org.joda.time.TestLocalTime_Properties#testPropertyPlusWrapFieldMilli,232.000000
685,org.joda.time.convert.TestConverterManager#testAddDurationConverter1,32.000000
686,org.joda.time.TestYearMonthDay_Constructors#testConstructor_ObjectString5,553.000000
687,org.joda.time.format.TestDateTimeFormatter#testParseMutableDateTime_simple,520.000000
688,org.joda.time.TestDateTime_Basics#testTest,510.000000
689,org.joda.time.TestTimeOfDay_Basics#testProperty,466.000000
690,org.joda.time.TestDateTimeComparator#testWOYY,430.000000
691,org.joda.time.TestParseISO#testSpecTruncatedY,415.000000
692,org.joda.time.TestMutableDateTime_Properties#testPropertyRoundHalfCeilingHourOfDay,409.000000
693,org.joda.time.TestMutableInterval_Basics#testToString,398.000000
694,org.joda.time.TestDateTime_Properties#testPropertyCompareToDayOfWeek,372.000000
695,org.joda.time.format.TestPeriodFormat#test_wordBased_es_parseTwoFields,346.000000
696,org.joda.time.TestMinutes#testFactory_standardMinutesIn_RPeriod,341.000000
697,org.joda.time.TestMonthDay_Constructors#testConstructor_DateTimeZone,339.000000
698,org.joda.time.chrono.TestGJChronology#testWithZone,336.000000
699,org.joda.time.TestLocalDateTime_Properties#testPropertyAddToCopyMilli,319.000000
700,org.joda.time.TestPeriod_Basics#testTest,302.000000
701,org.joda.time.format.TestISODateTimeFormat_Fields#testForFields_time_HS,297.000000
702,org.joda.time.TestMutablePeriod_Constructors#testConstructor_long_Chronology2,238.000000
703,org.joda.time.convert.TestConverterManager#testAddIntervalConverter1,30.000000
704,org.joda.time.TestDateTime_Basics#testToString_DTFormatter,538.000000
705,org.joda.time.format.TestDateTimeFormatter#testParseInto_offsetParsed,538.000000
706,org.joda.time.TestLocalDateTime_Constructors#testConstructor_Object_Chronology,513.000000
707,org.joda.time.TestTimeOfDay_Basics#testWithers,463.000000
708,org.joda.time.TestDateTime_Properties#testPropertyAddWrapFieldDayOfWeek,457.000000
709,org.joda.time.TestDateTimeComparator#testYear,424.000000
710,org.joda.time.TestParseISO#testSpecOrdinalTruncatedYD,424.000000
711,org.joda.time.TestMutableDateTime_Properties#testPropertySetTextMonthOfYear,418.000000
712,org.joda.time.TestInterval_Basics#testWithPeriodBeforeEnd1,413.000000
713,org.joda.time.chrono.TestGJChronology#testFactory_Zone_long_int,345.000000
714,org.joda.time.format.TestPeriodFormat#test_wordBased_nl_parseOneField,343.000000
715,org.joda.time.TestDateMidnight_Constructors#testConstructor_Object_Chronology,339.000000
716,org.joda.time.TestMonthDay_Properties#testPropertySetDayOfMonth,336.000000
717,org.joda.time.format.TestISODateTimeFormat_Fields#testForFields_time_Hm,297.000000
718,org.joda.time.TestMonthDay_Constructors#testConstructor_int_int,277.000000
719,org.joda.time.TestPartial_Properties#testPropertyWithMinimumValueHour,235.000000
720,org.joda.time.TestMinutes#testMinus_Minutes,83.000000
721,org.joda.time.TestDateTime_Basics#testToString_String_Locale,560.000000
722,org.joda.time.format.TestDateTimeFormatter#testParseInto_simple_precedence,557.000000
723,org.joda.time.TestLocalDateTime_Constructors#testConstructor_nullObject_Chronology,512.000000
724,org.joda.time.TestYearMonthDay_Basics#testProperty,470.000000
725,org.joda.time.TestDateTime_Properties#testPropertyAddWrapFieldDayOfYear,460.000000
726,org.joda.time.TestParseISO#testSpecTimeReducedPrecisionHM,433.000000
727,org.joda.time.TestDateTimeComparator#testListMonth,424.000000
728,org.joda.time.TestMutableDateTime_Basics#testToString_DTFormatter,398.000000
729,org.joda.time.TestDateTime_Properties#testPropertyLeapMonthOfYear,377.000000
730,org.joda.time.format.TestPeriodFormat#test_wordBased_fr_parseOneField,343.000000
731,org.joda.time.TestYearMonth_Constructors#testConstructor_DateTimeZone,339.000000
732,org.joda.time.chrono.TestGJChronology#testWithUTC,336.000000
733,org.joda.time.TestYearMonth_Properties#testPropertyHashCode,327.000000
734,org.joda.time.TestTimeOfDay_Properties#testPropertyCompareToMinute,298.000000
735,org.joda.time.format.TestISODateTimeFormat_Fields#testForFields_time_MS,297.000000
736,org.joda.time.TestLocalTime_Properties#testPropertySetTextHour,232.000000
737,org.joda.time.TestDays#testMinus_Days,83.000000
738,org.joda.time.TestLocalDateTime_Constructors#testConstructor_Object1,518.000000
739,org.joda.time.format.TestDateTimeFormatter#testWithGetZone,471.000000
740,org.joda.time.TestLocalDate_Basics#testGetters,457.000000
741,org.joda.time.TestDateTime_Properties#testPropertyAddDayOfMonth,449.000000
742,org.joda.time.TestParseISO#testSpecTimeFractionalH,435.000000
743,org.joda.time.TestDateTimeComparator#testListMinute,424.000000
744,org.joda.time.TestMutableDateTime_Adds#testAddWeekyears_int1,416.000000
745,org.joda.time.TestDateTime_Properties#testPropertyLeapYear,377.000000
746,org.joda.time.TestMutablePeriod_Updates#testSetPeriod_long_long_NoMinutes,366.000000
747,org.joda.time.format.TestISOPeriodFormatParsing#testParseStandard2,359.000000
748,org.joda.time.chrono.TestCopticChronology#testDurationMonth,324.000000
749,org.joda.time.chrono.TestGJChronology#testFactoryUTC,302.000000
750,org.joda.time.TestDateMidnight_Constructors#testConstructor_badconverterObject_DateTimeZone,299.000000
751,org.joda.time.format.TestISODateTimeFormat_Fields#testForFields_time_Mm,297.000000
752,org.joda.time.TestInstant_Basics#testPlus_long,215.000000
753,org.joda.time.field.TestPreciseDurationDateTimeField#test_getAsShortText_long,26.000000
754,org.joda.time.format.TestDateTimeFormatter#testParseDateTime_zone2,524.000000
755,org.joda.time.TestLocalDateTime_Constructors#testConstructor_nullObject_nullDateTimeZone,515.000000
756,org.joda.time.TestYearMonth_Basics#testProperty,465.000000
757,org.joda.time.TestDateTime_Properties#testPropertySetDayOfMonth,454.000000
758,org.joda.time.TestParseISO#testSpecReducedPrecisionCYM,435.000000
759,org.joda.time.TestDateTimeComparator#testListSecond,424.000000
760,org.joda.time.TestMutableDateTime_Sets#testSetWeekOfWeekyear_int2,410.000000
761,org.joda.time.TestDateTime_Properties#testPropertyGetMaxMinValuesDayOfMonth,382.000000
762,org.joda.time.format.TestISOPeriodFormatParsing#testParseStandard3,356.000000
763,org.joda.time.chrono.TestGJChronology#testEquality,336.000000
764,org.joda.time.TestMutableDateTime_Properties#testPropertyRemainderHourOfDay,328.000000
765,org.joda.time.format.TestISOPeriodFormat#testFormatAlternateExtendedWithWeeks,326.000000
766,org.joda.time.chrono.TestEthiopicChronology#testFactory,309.000000
767,org.joda.time.format.TestISODateTimeFormat_Fields#testForFields_time_Sm,297.000000
768,org.joda.time.TestInstant_Basics#testMinus_RD,220.000000
769,org.joda.time.field.TestPreciseDurationDateTimeField#test_toString,25.000000
770,org.joda.time.format.TestDateTimeFormatter#testParseDateTime_zone3,541.000000
771,org.joda.time.TestLocalDateTime_Constructors#testConstructor_nullObject_nullChronology,516.000000
772,org.joda.time.TestDateMidnight_Basics#testMinusYears_int,456.000000
773,org.joda.time.TestDateTime_Properties#testPropertyAddDayOfWeek,449.000000
774,org.joda.time.TestDateTimeComparator#testListDOM,424.000000
775,org.joda.time.TestParseISO#testSpecReducedPrecisionC,415.000000
776,org.joda.time.TestDateTime_Properties#testPropertyEqualsHashCodeYear,392.000000
777,org.joda.time.format.TestDateTimeFormat#testFormat_halfdayOfDay,391.000000
778,org.joda.time.format.TestISOPeriodFormatParsing#testParseStandard4,357.000000
779,org.joda.time.TestSerialization#testSerializedGJChronology,353.000000
780,org.joda.time.TestDuration_Basics#testToIntervalFrom,336.000000
781,org.joda.time.TestMutablePeriod_Basics#testToPeriod,322.000000
782,org.joda.time.format.TestISODateTimeFormat_Fields#testForFields_time_HMS,298.000000
783,org.joda.time.TestDurationFieldType#test_eras,242.000000
784,org.joda.time.TestInstant_Basics#testMinus_long,215.000000
785,org.joda.time.field.TestPreciseDurationField#test_getMillis_long,9.000000
786,org.joda.time.format.TestDateTimeFormatter#testParseMutableDateTime_zone2,524.000000
787,org.joda.time.TestLocalDateTime_Constructors#testConstructor_ObjectStringEx1,523.000000
788,org.joda.time.TestParseISO#testSpecWeekComplete,451.000000
789,org.joda.time.chrono.TestBuddhistChronology#testKeyYears,451.000000
790,org.joda.time.TestDateTime_Properties#testPropertyAddDayOfYear,449.000000
791,org.joda.time.TestDateTimeComparator#testListDOW,425.000000
792,org.joda.time.format.TestDateTimeFormat#testFormat_dayOfWeekText,393.000000
793,org.joda.time.TestDateMidnight_Properties#testPropertyAddLongMonthOfYear,382.000000
794,org.joda.time.TestPeriod_Constructors#testConstructor_RI_RI_PeriodType2,360.000000
795,org.joda.time.format.TestISOPeriodFormatParsing#testParseStandard5,356.000000
796,org.joda.time.TestDateTimeUtils#testGetInstantMillis_RI,333.000000
797,org.joda.time.TestLocalDateTime_Properties#testPropertyAddWrapFieldToCopySecond,320.000000
798,org.joda.time.format.TestISODateTimeFormat_Fields#testForFields_time_HMm,298.000000
799,org.joda.time.TestChronology#testEqualsHashCode_Strict,273.000000
800,org.joda.time.TestMutablePeriod_Constructors#testConstructor_long_PeriodType_Chronology2,238.000000
801,org.joda.time.TestSeconds#testMinus_Seconds,83.000000
802,org.joda.time.format.TestDateTimeFormatter#testParseMutableDateTime_zone3,541.000000
803,org.joda.time.TestLocalDateTime_Constructors#testConstructor_ObjectStringEx2,526.000000
804,org.joda.time.TestLocalTime_Basics#testWithers,454.000000
805,org.joda.time.TestDateTime_Properties#testPropertyAddMonthOfYear,449.000000
806,org.joda.time.TestDateTimeComparator#testListDOY,425.000000
807,org.joda.time.TestDateMidnight_Properties#testPropertyGetDayOfYear,411.000000
808,org.joda.time.TestParseISO#testSpecTruncatedMD,400.000000
809,org.joda.time.format.TestDateTimeFormat#testFormat_clockhourOfHalfday,382.000000
810,org.joda.time.format.TestISOPeriodFormatParsing#testParseStandard6,355.000000
811,org.joda.time.TestMutableDateTime_Basics#testRounding8,330.000000
812,org.joda.time.TestDateTimeUtils#testSystemMillisSecurity,326.000000
813,org.joda.time.TestInterval_Basics#testContains_RI_null,314.000000
814,org.joda.time.format.TestISODateTimeFormat_Fields#testForFields_time_HSm,298.000000
815,org.joda.time.TestPeriod_Basics#testWith,289.000000
816,org.joda.time.field.TestPreciseDateTimeField#test_toString,182.000000
817,org.joda.time.convert.TestConverterManager#testGetInstantConverterRemovedNull,33.000000
818,org.joda.time.format.TestDateTimeFormatter#testPrint_chrono,529.000000
819,org.joda.time.TestLocalDateTime_Constructors#testConstructor_ObjectStringEx3,517.000000
820,org.joda.time.TestMonthDay_Basics#testMinusMonths_int_wrap,466.000000
821,org.joda.time.TestDateTime_Properties#testPropertyAddWrapFieldDayOfMonth,455.000000
822,org.joda.time.TestDateTimeComparator#testListWOW,430.000000
823,org.joda.time.TestParseISO#testSpecTruncatedYM,419.000000
824,org.joda.time.format.TestDateTimeFormat#testFormat_monthOfYearShortText,391.000000
825,org.joda.time.TestDateMidnight_Properties#testPropertySetMonthOfYear,381.000000
826,org.joda.time.format.TestISOPeriodFormatParsing#testParseStandard7,355.000000
827,org.joda.time.TestDateMidnight_Constructors#testConstructor_nullObject_nullDateTimeZone,339.000000
828,org.joda.time.TestDateTimeUtils#testFixedMillisSecurity,326.000000
829,org.joda.time.TestInterval_Basics#testIsAfter_RI_null,313.000000
830,org.joda.time.format.TestISODateTimeFormat_Fields#testForFields_time_MSm,298.000000
831,org.joda.time.TestDateTimeComparator#testSerialization1,252.000000
832,org.joda.time.TestPartial_Properties#testPropertyWithMaximumValueHour,235.000000
833,org.joda.time.TestDuration_Basics#testToString,48.000000
834,org.joda.time.format.TestDateTimeFormatter#testParseInto_chrono,529.000000
835,org.joda.time.TestLocalDateTime_Constructors#testConstructor_ObjectStringEx4,517.000000
836,org.joda.time.TestPartial_Basics#testToString3,509.000000
837,org.joda.time.TestDateTime_Properties#testPropertySetTextYear,452.000000
838,org.joda.time.TestDateTimeComparator#testMinute,425.000000
839,org.joda.time.TestDateMidnight_Properties#testPropertyGetYearOfCentury,401.000000
840,org.joda.time.format.TestDateTimeFormat#testFormat_monthOfYearText,391.000000
841,org.joda.time.TestParseISO#testSpecTimeTruncatedFractionM,390.000000
842,org.joda.time.format.TestISOPeriodFormatParsing#testParseStandard8,355.000000
843,org.joda.time.TestMutablePeriod_Updates#testSetPeriod_RI_RI3,347.000000
844,org.joda.time.TestDateTimeUtils#testSystemMillis,328.000000
845,org.joda.time.TestInterval_Basics#testOverlap_RInterval_zone,324.000000
846,org.joda.time.format.TestISODateTimeFormat_Fields#testForFields_calBased_YM,307.000000
847,org.joda.time.TestYearMonth_Constructors#testFactory_FromCalendarFields,271.000000
848,org.joda.time.TestDateTimeZone#testGetOffset_RI,262.000000
849,org.joda.time.TestDuration_Basics#testToStandardDays,96.000000
850,org.joda.time.format.TestDateTimeFormatter#testParseInto_zone,524.000000
851,org.joda.time.TestLocalDateTime_Constructors#testConstructor_ObjectStringEx5,523.000000
852,org.joda.time.TestDateTime_Properties#testPropertyAddWeekOfWeekyear,449.000000
853,org.joda.time.TestSerialization#testSerializedBuddhistChronology,426.000000
854,org.joda.time.TestDateTimeComparator#testSecond,425.000000
855,org.joda.time.TestDateTime_Properties#testPropertyGetMillisOfSecond,396.000000
856,org.joda.time.TestParseISO#testSpecTimeTruncatedFractionS,390.000000
857,org.joda.time.format.TestDateTimeFormat#testFormat_centuryOfEra,381.000000
858,org.joda.time.format.TestISOPeriodFormatParsing#testParseStandard9,353.000000
859,org.joda.time.TestMutableDateTime_Properties#testPropertyToIntervalYearOfEra,346.000000
860,org.joda.time.TestDateTimeUtils#testFixedMillis,333.000000
861,org.joda.time.TestInterval_Basics#testGetMillis,322.000000
862,org.joda.time.TestMutablePeriod_Updates#testSetPeriod_RD1,304.000000
863,org.joda.time.format.TestISODateTimeFormat_Fields#testForFields_time_H,283.000000
864,org.joda.time.TestInstant_Constructors#testConstructor_Object,232.000000
865,org.joda.time.TestDuration_Basics#testToStandardHours,96.000000
866,org.joda.time.TestLocalDateTime_Constructors#testConstructor_ObjectStringEx6,523.000000
867,org.joda.time.format.TestDateTimeFormatter#testZoneShortNameNearTransition,467.000000
868,org.joda.time.TestMonthDay_Basics#testWithChronologyRetainFields_Chrono,459.000000
869,org.joda.time.TestDateTime_Properties#testPropertySetTextDayOfYear,457.000000
870,org.joda.time.TestParseISO#testSpecTimeFractionalHM,435.000000
871,org.joda.time.TestDateTimeComparator#testInvalidObj,420.000000
872,org.joda.time.TestDateTimeZoneCutover#test_DateTime_roundFloor_minuteOfHour_NewYork_Autumn_postCutover,397.000000
873,org.joda.time.TestDateTime_Properties#testPropertyToIntervalMinuteOfHour,386.000000
874,org.joda.time.format.TestISOPeriodFormatParsing#testParseStandard10,352.000000
875,org.joda.time.TestDuration_Basics#testToIntervalTo,336.000000
876,org.joda.time.TestDateTimeUtils#testMillisProviderSecurity,326.000000
877,org.joda.time.format.TestISODateTimeFormat_Fields#testForFields_time_M,295.000000
878,org.joda.time.TestMutableInterval_Basics#testCopy,291.000000
879,org.joda.time.field.TestOffsetDateTimeField#test_roundHalfEven_long,258.000000
880,org.joda.time.TestInstant_Constructors#testConstructor_nullObject,231.000000
881,org.joda.time.TestInstant_Basics#testIsBeforeNow,48.000000
882,org.joda.time.TestLocalDateTime_Constructors#testConstructor_nullObject_DateTimeZone,515.000000
883,org.joda.time.format.TestDateTimeFormatter#testPrint_locale,504.000000
884,org.joda.time.TestDateTime_Properties#testPropertySetYear,450.000000
885,org.joda.time.TestDateTime_Basics#testToCalendar_Locale,446.000000
886,org.joda.time.TestDateTimeComparator#testListDate,424.000000
887,org.joda.time.TestDateTime_Properties#testPropertyGetSecondOfMinute,396.000000
888,org.joda.time.TestDateTimeZoneCutover#test_DateTime_minusDay_Gaza,357.000000
889,org.joda.time.format.TestISOPeriodFormatParsing#testParseStandard11,352.000000
890,org.joda.time.TestInterval_Constructors#testConstructor_RP_RI3,350.000000
891,org.joda.time.TestDateTimeUtils#testOffsetMillisSecurity,326.000000
892,org.joda.time.TestInstant_Basics#testGet_DateTimeField,326.000000
893,org.joda.time.format.TestISODateTimeFormat_Fields#testForFields_time_S,295.000000
894,org.joda.time.tz.TestCompiler#test_2400_fromDay,268.000000
895,org.joda.time.field.TestOffsetDateTimeField#test_constructor1,247.000000
896,org.joda.time.field.TestPreciseDurationDateTimeField#test_roundHalfEven_long,25.000000
897,org.joda.time.format.TestDateTimeFormatter#testParseInto_zone2,526.000000
898,org.joda.time.TestLocalDateTime_Constructors#testConstructor_nullObject,517.000000
899,org.joda.time.TestDateTime_Basics#testProperty,478.000000
900,org.joda.time.TestDateTime_Properties#testPropertySetMonthOfYear,453.000000
901,org.joda.time.TestDateTimeComparator#testListHour,424.000000
902,org.joda.time.TestMutableDateTime_Properties#testPropertyRoundHalfFloorHourOfDay,409.000000
903,org.joda.time.TestDateTime_Properties#testPropertyGetSecondOfDay,396.000000
904,org.joda.time.TestDateTimeUtils#testOffsetMillisToZero,326.000000
905,org.joda.time.field.TestOffsetDateTimeField#test_addWrapField_RP_int_intarray_int,326.000000
906,org.joda.time.format.TestISODateTimeFormat_Fields#testForFields_time_m,295.000000
907,org.joda.time.TestMutableDateTime_Adds#testAdd_RD1,264.000000
908,org.joda.time.TestDateTimeFieldType#test_millisOfDay,241.000000
909,org.joda.time.TestLocalTime_Properties#testPropertyPlusSecond,233.000000
910,org.joda.time.field.TestPreciseDurationDateTimeField#test_getDifference_long_long,26.000000
911,org.joda.time.format.TestDateTimeFormatter#testParseInto_simple,521.000000
912,org.joda.time.TestLocalDateTime_Constructors#testConstructor_Object_nullChronology,517.000000
913,org.joda.time.TestLocalDate_Basics#testToInterval_Zone_noMidnight,471.000000
914,org.joda.time.TestDateTime_Properties#testPropertySetDayOfWeek,457.000000
915,org.joda.time.TestDateTimeComparator#testListTime,424.000000
916,org.joda.time.TestMutableDateTime_Properties#testPropertyRoundHalfEvenHourOfDay,411.000000
917,org.joda.time.TestDateTime_Properties#testPropertyRemainderHourOfDay,371.000000
918,org.joda.time.TestInterval_Constructors#testConstructor_RI_RI2,357.000000
919,org.joda.time.TestMonthDay_Properties#testPropertySetTextMonthOfYear,345.000000
920,org.joda.time.TestDateTimeUtils#testGetZone_Zone,327.000000
921,org.joda.time.format.TestISODateTimeFormat_Fields#testForFields_weekBased_WD,307.000000
922,org.joda.time.TestBaseSingleFieldPeriod#testToPeriod,270.000000
923,org.joda.time.TestLocalTime_Properties#testPropertyPlusNoWrapMilli,233.000000
924,org.joda.time.field.TestBaseDateTimeField#test_roundHalfFloor_long,24.000000
925,org.joda.time.TestLocalDateTime_Constructors#testConstructor_Object_DateTimeZoneMoscowBadDateTime,544.000000
926,org.joda.time.TestYearMonth_Basics#testToString_String,502.000000
927,org.joda.time.format.TestDateTimeFormatter#testZoneNameNearTransition,467.000000
928,org.joda.time.TestDateTime_Properties#testPropertySetWeekOfWeekyear,462.000000
929,org.joda.time.TestDateTimeComparator#testListYOYY,429.000000
930,org.joda.time.TestMutableDateTime_Properties#testPropertySetTextDayOfWeek,422.000000
931,org.joda.time.TestDateTime_Properties#testPropertyGetMinuteOfDay,396.000000
932,org.joda.time.TestInterval_Constructors#testConstructor_RP_RI1,353.000000
933,org.joda.time.TestDateTimeUtils#testMillisProvider_null,327.000000
934,org.joda.time.format.TestISODateTimeFormat_Fields#testForFields_weekBased_YD,314.000000
935,org.joda.time.chrono.TestCopticChronology#testEpoch,301.000000
936,org.joda.time.TestTimeOfDay_Properties#testPropertyGetMaxMinValuesSecond,269.000000
937,org.joda.time.chrono.TestISOChronology#testFactoryUTC,204.000000
938,org.joda.time.field.TestScaledDurationField#testSerialization,14.000000
939,org.joda.time.TestLocalDateTime_Constructors#testConstructor_Object_nullDateTimeZone,516.000000
940,org.joda.time.TestDateMidnight_Basics#testIsBefore,470.000000
941,org.joda.time.TestDateTime_Properties#testPropertySetTextDayOfMonth,452.000000
942,org.joda.time.TestDateTimeComparator#testListYear,423.000000
943,org.joda.time.TestMutableDateTime_Properties#testPropertySetYear,407.000000
944,org.joda.time.TestMutableInterval_Constructors#testConstructor_long_long_Chronology1,398.000000
945,org.joda.time.TestDateTime_Properties#testPropertyGetMillisOfDay,396.000000
946,org.joda.time.TestMutableDateTime_Properties#testPropertyGetWeekOfWeekyear,364.000000
947,org.joda.time.format.TestISODateTimeFormat_Fields#testForFields_weekBased_YW,318.000000
948,org.joda.time.TestLocalDateTime_Properties#testPropertyCompareToHour,305.000000
949,org.joda.time.TestTimeOfDay_Properties#testPropertySetTextMilli,278.000000
950,org.joda.time.TestSerialization#testSerializedInstant,211.000000
951,org.joda.time.field.TestScaledDurationField#test_getDifferenceAsLong_long_long,13.000000
952,org.joda.time.TestLocalDateTime_Constructors#testConstructor_Object_ChronologyMoscow,540.000000
953,org.joda.time.TestLocalDateTime_Basics#testGet_DateTimeFieldType,447.000000
954,org.joda.time.TestInterval_Basics#testTest,400.000000
955,org.joda.time.TestMutableInterval_Constructors#testConstructor_RI_RI9,400.000000
956,org.joda.time.chrono.TestCopticChronology#testSampleDateWithZone,391.000000
957,org.joda.time.TestMonthDay_Constructors#testConstructor_Object_Chronology,382.000000
958,org.joda.time.format.TestDateTimeFormat#testFormat_yearOfEra,380.000000
959,org.joda.time.TestMutableDateTime_Properties#testPropertyGetCenturyOfEra,354.000000
960,org.joda.time.format.TestISODateTimeFormat#testFormat_date_partial,318.000000
961,org.joda.time.TestPeriod_Basics#testToStandardWeeks_months,314.000000
962,org.joda.time.TestLocalDateTime_Properties#testPropertyGetMaxMinValuesMinute,302.000000
963,org.joda.time.TestInstant_Basics#testWithDurationAdded_RD_int,219.000000
964,org.joda.time.TestDuration_Constructors#testConstructor_Object1,72.000000
965,org.joda.time.TestLocalDateTime_Constructors#testConstructor_Object_DateTimeZoneMoscow,544.000000
966,org.joda.time.TestLocalDate_Basics#testToDate_springDST,448.000000
967,org.joda.time.TestMutablePeriod_Constructors#testConstructor_long_long_Chronology1,404.000000
968,org.joda.time.TestMutableInterval_Basics#testEqualsHashCode,403.000000
969,org.joda.time.TestDateMidnight_Properties#testTest,391.000000
970,org.joda.time.TestMonthDay_Constructors#testConstructor_nullObject_nullChronology,384.000000
971,org.joda.time.format.TestISODateTimeFormat#testFormat_dateHour,376.000000
972,org.joda.time.TestMutableDateTime_Properties#testPropertyGetWeekyear,356.000000
973,org.joda.time.TestPeriod_Basics#testMinus,326.000000
974,org.joda.time.TestSerialization#testSerializedCopticChronology,290.000000
975,org.joda.time.TestInstant_Basics#testSerialization,209.000000
976,org.joda.time.TestDateTimeZone#testForOffsetHours_int,74.000000
977,org.joda.time.TestLocalDateTime_Constructors#testConstructor_ObjectString1,545.000000
978,org.joda.time.TestYearMonthDay_Basics#testWithers,467.000000
979,org.joda.time.TestDateMidnight_Properties#testPropertyEqualsHashCodeLenient,417.000000
980,org.joda.time.TestMutableInterval_Basics#testTest,391.000000
981,org.joda.time.format.TestISODateTimeFormat#testFormat_basicWeekDateTimeNoMillis,379.000000
982,org.joda.time.TestMonthDay_Constructors#testConstructor_ObjectStringEx1,369.000000
983,org.joda.time.convert.TestNullConverter#testSetInto_Object_Chronology1,365.000000
984,org.joda.time.TestDuration_Basics#testToPeriodFrom,362.000000
985,org.joda.time.TestYearMonthDay_Properties#testPropertySetTextDay,339.000000
986,org.joda.time.TestInterval_Constructors#testConstructor_RI_RP2,337.000000
987,org.joda.time.TestInstant_Basics#testGetMethods,212.000000
988,org.joda.time.TestDateTimeZone#testGetOffsetFixed,73.000000
989,org.joda.time.TestLocalDateTime_Constructors#testConstructor_ObjectString2,548.000000
990,org.joda.time.TestDateMidnight_Properties#testPropertyGetWeekOfWeekyear,412.000000
991,org.joda.time.TestMutableDateTime_Sets#testSetMillis_RI1,412.000000
992,org.joda.time.format.TestISODateTimeFormat#testFormat_dateHourMinuteSecondMillis,389.000000
993,org.joda.time.TestMonthDay_Constructors#testConstructor_ObjectStringEx2,369.000000
994,org.joda.time.TestDuration_Basics#testToPeriodTo,362.000000
995,org.joda.time.TestYearMonthDay_Properties#testPropertyWithMaximumValueDayOfMonth,344.000000
996,org.joda.time.TestDateTime_Constructors#testConstructor_nullObject_nullDateTimeZone,279.000000
997,org.joda.time.TestInstant_Basics#testWithDurationAdded_long_int,214.000000
998,org.joda.time.TestDateTimeZone#testIsFixed,39.000000
999,org.joda.time.TestLocalDateTime_Constructors#testConstructor_ObjectString3,549.000000
1000,org.joda.time.convert.TestReadablePartialConverter#testGetChronology_Object_Zone,436.000000
1001,org.joda.time.TestDateMidnight_Properties#testPropertyGetYear,409.000000
1002,org.joda.time.format.TestISODateTimeFormat#testFormat_dateHourMinute,378.000000
1003,org.joda.time.TestMonthDay_Constructors#testConstructor_ObjectStringEx3,375.000000
1004,org.joda.time.TestMutableInterval_Updates#testSetPeriodBeforeEnd_RI1,343.000000
1005,org.joda.time.TestInterval_Basics#testWithStartInstant_RI1,318.000000
1006,org.joda.time.TestDuration_Basics#testToPeriod_Chronology,308.000000
1007,org.joda.time.TestInstant_Basics#testWithMillis_long,209.000000
1008,org.joda.time.format.TestDateTimeFormatStyle#testForStyle_invalidStrings,44.000000
1009,org.joda.time.TestLocalDateTime_Constructors#testConstructor_ObjectString4,546.000000
1010,org.joda.time.TestLocalDateTime_Basics#testGetFieldTypes,446.000000
1011,org.joda.time.TestDateMidnight_Properties#testPropertyGetCenturyOfEra,402.000000
1012,org.joda.time.TestMonthDay_Constructors#testConstructor_ObjectStringEx4,375.000000
1013,org.joda.time.TestDateTimeZoneCutover#test_DateTime_minusHour_Guatemata_Autumn,364.000000
1014,org.joda.time.TestPeriod_Constructors#testToPeriod_PeriodType3,362.000000
1015,org.joda.time.TestInterval_Basics#testWithPeriodBeforeEnd2,319.000000
1016,org.joda.time.TestMutableDateTime_Sets#testSetDate_int_int_int2,265.000000
1017,org.joda.time.field.TestPreciseDateTimeField#test_getName,181.000000
1018,org.joda.time.TestMutablePeriod_Updates#testAddMinutes,72.000000
1019,org.joda.time.TestLocalTime_Constructors#testConstructor_nullObject_Chronology,495.000000
1020,org.joda.time.TestLocalDateTime_Basics#testSerialization,459.000000
1021,org.joda.time.TestMonthDay_Constructors#testConstructor_nullObject,384.000000
1022,org.joda.time.TestDateMidnight_Properties#testPropertyAddMonthOfYear,381.000000
1023,org.joda.time.TestDateTimeZoneCutover#test_DateTime_withZoneRetainFields_Gaza,353.000000
1024,org.joda.time.TestSerialization#testSerializedYearMonthDay,331.000000
1025,org.joda.time.TestInterval_Basics#testWithEndInstant_RI1,318.000000
1026,org.joda.time.TestMutableDateTime_Sets#testSetZone_DateTimeZone1,261.000000
1027,org.joda.time.field.TestPreciseDateTimeField#test_getType,179.000000
1028,org.joda.time.TestMutablePeriod_Updates#testSetPeriod_RP1,80.000000
1029,org.joda.time.TestLocalTime_Constructors#testConstructor_ObjectLocalDate,504.000000
1030,org.joda.time.TestPartial_Basics#testToString4,502.000000
1031,org.joda.time.TestDateMidnight_Properties#testPropertyGetYearOfEra,400.000000
1032,org.joda.time.TestMonthDay_Constructors#testConstructor_Object_nullChronology,385.000000
1033,org.joda.time.TestDateTimeZoneCutover#test_DateTime_withHourZero_Gaza,368.000000
1034,org.joda.time.TestLocalDate_Properties#testPropertySetCopyTextYear,341.000000
1035,org.joda.time.TestSerialization#testSerializedMutableDateTimeProperty,340.000000
1036,org.joda.time.format.TestPeriodFormatterBuilder#testFormatAppend_PrinterParser_Printer_null,304.000000
1037,org.joda.time.field.TestPreciseDateTimeField#test_constructor,179.000000
1038,org.joda.time.TestMutablePeriod_Updates#testSetMinutes,71.000000
1039,org.joda.time.TestLocalTime_Constructors#testConstructor_ObjectLocalTime,515.000000
1040,org.joda.time.TestLocalDate_Basics#testPlus_RP,489.000000
1041,org.joda.time.TestMonthDay_Constructors#testConstructor_ObjectString1,425.000000
1042,org.joda.time.TestDateMidnight_Properties#testPropertyGetEra,411.000000
1043,org.joda.time.TestDateTimeZoneCutover#test_DateTime_withDay_Gaza,360.000000
1044,org.joda.time.TestLocalDate_Properties#testPropertyWithMaximumValueDayOfMonth,344.000000
1045,org.joda.time.field.TestUnsupportedDateTimeField#testMethodsThatShouldAlwaysReturnNull,313.000000
1046,org.joda.time.TestYearMonth_Constructors#testConstructor,284.000000
1047,org.joda.time.TestPartial_Properties#testPropertyAddHour,233.000000
1048,org.joda.time.TestDateTime_Constructors#testConstructor_invalidObject,71.000000
1049,org.joda.time.TestLocalTime_Constructors#testConstructor_Object1,499.000000
1050,org.joda.time.TestLocalDate_Basics#testEqualsHashCodeStrict,473.000000
1051,org.joda.time.TestMonthDay_Constructors#testConstructor_ObjectString2,435.000000
1052,org.joda.time.TestMutableDateTime_Properties#testPropertyAddWrapFieldMonthOfYear,409.000000
1053,org.joda.time.TestDateMidnight_Properties#testPropertyGetWeekyear,404.000000
1054,org.joda.time.TestSeconds#testFactory_standardSecondsIn_RPeriod,340.000000
1055,org.joda.time.TestLocalDate_Properties#testPropertyHashCode,332.000000
1056,org.joda.time.field.TestBaseDateTimeField#test_add_RP_int_intarray_int,323.000000
1057,org.joda.time.TestPartial_Properties#testPropertyCompareToMinute,243.000000
1058,org.joda.time.TestMinutes#testToStandardDuration,83.000000
1059,org.joda.time.TestLocalTime_Constructors#testConstructor_ObjectString_DateTimeZoneLondon,518.000000
1060,org.joda.time.TestTimeOfDay_Basics#testMinusHours_int,465.000000
1061,org.joda.time.TestMonthDay_Constructors#testConstructor_ObjectString3,439.000000
1062,org.joda.time.TestMutableDateTime_Properties#testPropertyRoundFloorHourOfDay,406.000000
1063,org.joda.time.TestDateTime_Properties#testPropertyCompareToYear,372.000000
1064,org.joda.time.TestMonthDay_Properties#testPropertyAddDayOfMonth,358.000000
1065,org.joda.time.TestMutableDateTime_Sets#testSetTime_int_int_int_int1,336.000000
1066,org.joda.time.TestMutablePeriod_Updates#testClear,272.000000
1067,org.joda.time.TestPartial_Properties#testPropertyGetMaxMinValuesHour,230.000000
1068,org.joda.time.TestAbstractPartial#testGetValues,43.000000
1069,org.joda.time.TestLocalTime_Constructors#testConstructor_ObjectString_DateTimeZoneTokyo,519.000000
1070,org.joda.time.TestTimeOfDay_Basics#testGetFieldTypes,459.000000
1071,org.joda.time.TestMonthDay_Constructors#testConstructor_ObjectString4,441.000000
1072,org.joda.time.TestMutableDateTime_Properties#testPropertyRoundCeilingHourOfDay,406.000000
1073,org.joda.time.TestDateTime_Properties#testPropertyCompareToWeekOfWeekyear,376.000000
1074,org.joda.time.TestMutableDateTime_Sets#testSetTime_RI1,342.000000
1075,org.joda.time.TestMonthDay_Properties#testPropertyCompareToDayOfMonth,341.000000
1076,org.joda.time.TestDateTime_Constructors#testConstructor_Object_Chronology,272.000000
1077,org.joda.time.TestPartial_Properties#testPropertySetMinute,235.000000
1078,org.joda.time.TestDuration_Basics#testToStandardSeconds_overflow,48.000000
1079,org.joda.time.TestLocalTime_Constructors#testConstructor_ObjectString_DateTimeZoneNewYork,519.000000
1080,org.joda.time.TestDateTime_Basics#testPlus_RD,450.000000
1081,org.joda.time.TestMonthDay_Constructors#testConstructor_ObjectString5,418.000000
1082,org.joda.time.TestMutableDateTime_Properties#testPropertyAddWrapFieldYear,409.000000
1083,org.joda.time.TestDateTime_Properties#testPropertyGetMinuteOfHour,396.000000
1084,org.joda.time.TestYearMonth_Properties#testPropertyAddYear,329.000000
1085,org.joda.time.TestDuration_Constructors#testConstructor_long_long1,325.000000
1086,org.joda.time.TestMutableInterval_Updates#testSetPeriodAfterStart_RI3,255.000000
1087,org.joda.time.TestPartial_Properties#testPropertyGetMinute,251.000000
1088,org.joda.time.TestDuration_Basics#testPlus_RD1,49.000000
1089,org.joda.time.TestLocalTime_Constructors#testConstructor_nullObject_nullChronology,497.000000
1090,org.joda.time.convert.TestCalendarConverter#testGetChronology_Object_nullChronology,425.000000
1091,org.joda.time.TestMutableDateTime_Basics#testToString_String,394.000000
1092,org.joda.time.TestDateTime_Properties#testPropertyToIntervalDayOfMonth,387.000000
1093,org.joda.time.TestYearMonth_Constructors#testConstructor_nullObject_Chronology,378.000000
1094,org.joda.time.TestYearMonth_Properties#testPropertyGetYear,342.000000
1095,org.joda.time.TestDateMidnight_Constructors#testConstructor_long2_DateTimeZone,316.000000
1096,org.joda.time.chrono.TestISOChronology#testDurationFields,263.000000
1097,org.joda.time.TestPartial_Properties#testPropertySetHour,235.000000
1098,org.joda.time.TestDuration_Basics#testIsBefore,47.000000
1099,org.joda.time.TestLocalTime_Constructors#testConstructor_ObjectStringEx1,507.000000
1100,org.joda.time.TestDateMidnight_Basics#testEqualsHashCode,462.000000
1101,org.joda.time.TestDateTime_Properties#testPropertyGetYear,406.000000
1102,org.joda.time.TestMutableDateTime_Basics#testToString,390.000000
1103,org.joda.time.TestYearMonth_Constructors#testConstructor_nullObject_nullChronology,381.000000
1104,org.joda.time.TestYearMonth_Properties#testPropertySetMonth,331.000000
1105,org.joda.time.TestDateMidnight_Constructors#testConstructor_Chronology,318.000000
1106,org.joda.time.TestTimeOfDay_Constructors#testFactoryMillisOfDay_long1,276.000000
1107,org.joda.time.TestPartial_Properties#testPropertySetTextMinute,235.000000
1108,org.joda.time.TestInstant_Basics#testIsEqualNow,48.000000
1109,org.joda.time.TestLocalTime_Constructors#testConstructor_ObjectStringEx2,507.000000
1110,org.joda.time.TestDateMidnight_Basics#testWithFieldAdded1,469.000000
1111,org.joda.time.TestMutableDateTime_Adds#testAddHours_int1,402.000000
1112,org.joda.time.TestDateTime_Properties#testPropertyToIntervalMillisOfSecond,386.000000
1113,org.joda.time.TestYearMonth_Constructors#testConstructor_ObjectStringEx1,369.000000
1114,org.joda.time.TestYearMonth_Properties#testPropertyAddWrapFieldYear,331.000000
1115,org.joda.time.TestDateMidnight_Constructors#testConstructor_DateTimeZone,318.000000
1116,org.joda.time.TestPeriod_Constructors#testConstructor_RP_RP8,281.000000
1117,org.joda.time.TestPartial_Properties#testPropertyAddWrapFieldHour,235.000000
1118,org.joda.time.TestInstant_Basics#testIsAfterNow,48.000000
1119,org.joda.time.TestLocalTime_Constructors#testConstructor_ObjectStringEx3,507.000000
1120,org.joda.time.TestDateMidnight_Basics#testToMutableDateTime,460.000000
1121,org.joda.time.TestMutableDateTime_Adds#testAddYears_int1,404.000000
1122,org.joda.time.TestDateTime_Properties#testPropertyEqualsHashCodeStrict,388.000000
1123,org.joda.time.TestYearMonth_Constructors#testConstructor_ObjectStringEx2,369.000000
1124,org.joda.time.TestInterval_Constructors#testConstructor_long_long_Zone,328.000000
1125,org.joda.time.chrono.TestCopticChronology#testEra,291.000000
1126,org.joda.time.TestDateTimeZone#testGetMillisKeepLocal,257.000000
1127,org.joda.time.TestSerialization#testSerializedJulianChronology,257.000000
1128,org.joda.time.TestMutablePeriod_Constructors#testConstructor_RI_RI_PeriodType5,72.000000
1129,org.joda.time.TestLocalTime_Constructors#testConstructor_ObjectStringEx4,507.000000
1130,org.joda.time.TestDateMidnight_Basics#testIsAfter,470.000000
1131,org.joda.time.TestDateTime_Properties#testPropertyGetDayOfWeek,430.000000
1132,org.joda.time.TestMutableDateTime_Adds#testAddMonths_int1,404.000000
1133,org.joda.time.TestYearMonth_Constructors#testConstructor_ObjectStringEx3,375.000000
1134,org.joda.time.TestInterval_Constructors#testConstructor_long_long_nullChronology,328.000000
1135,org.joda.time.chrono.TestCopticChronology#testToString,311.000000
1136,org.joda.time.field.TestOffsetDateTimeField#test_isLeap_long,252.000000
1137,org.joda.time.TestInstant_Constructors#testConstructor_long1,209.000000
1138,org.joda.time.field.TestPreciseDurationDateTimeField#test_getAsText_long,25.000000
1139,org.joda.time.TestLocalTime_Constructors#testConstructor_ObjectStringEx5,510.000000
1140,org.joda.time.TestDateMidnight_Basics#testIsEqual,470.000000
1141,org.joda.time.TestDateTime_Properties#testPropertyGetDayOfYear,408.000000
1142,org.joda.time.TestMutableDateTime_Adds#testAddMinutes_int1,402.000000
1143,org.joda.time.TestYearMonth_Constructors#testConstructor_ObjectStringEx4,375.000000
1144,org.joda.time.TestInterval_Constructors#testConstructor_Object_Chronology2,356.000000
1145,org.joda.time.chrono.TestCopticChronology#testWithZone,310.000000
1146,org.joda.time.field.TestOffsetDateTimeField#test_getLeapAmount_long,252.000000
1147,org.joda.time.TestInstant_Constructors#testConstructor_long2,209.000000
1148,org.joda.time.field.TestPreciseDurationDateTimeField#test_convertText,27.000000
1149,org.joda.time.TestLocalTime_Constructors#testConstructor_ObjectStringEx6,510.000000
1150,org.joda.time.TestDateMidnight_Basics#testToYearMonthDay,475.000000
1151,org.joda.time.TestMutableDateTime_Adds#testAddDays_int1,403.000000
1152,org.joda.time.TestDateTime_Properties#testPropertyToIntervalSecondOfMinute,386.000000
1153,org.joda.time.TestYearMonth_Constructors#testConstructor_Object,382.000000
1154,org.joda.time.TestDateTime_Constructors#testConstructor_int_int_int_int_int_int,324.000000
1155,org.joda.time.chrono.TestIslamicChronology#testWithZone,304.000000
1156,org.joda.time.TestPartial_Constructors#testConstructor_Type_int,270.000000
1157,org.joda.time.TestInstant_Constructors#testConstructor,211.000000
1158,org.joda.time.field.TestPreciseDurationDateTimeField#test_getMaximumShortTextLength_Locale,24.000000
1159,org.joda.time.TestLocalTime_Constructors#testConstructor_nullObject_DateTimeZone,496.000000
1160,org.joda.time.TestDateMidnight_Basics#testWithZoneRetainFields_DateTimeZone,466.000000
1161,org.joda.time.TestMutableDateTime_Adds#testAddMillis_int1,402.000000
1162,org.joda.time.TestDateTime_Properties#testPropertyGetYearOfEra,397.000000
1163,org.joda.time.TestYearMonth_Constructors#testConstructor_nullObject,381.000000
1164,org.joda.time.TestDateTime_Constructors#testConstructor_int_int_int_int_int_int_nullDateTimeZone,322.000000
1165,org.joda.time.chrono.TestEthiopicChronology#testWithZone,310.000000
1166,org.joda.time.format.TestDateTimeFormatterBuilder#test_append_Printer,275.000000
1167,org.joda.time.TestLocalTime_Properties#testPropertyPlusWrapFieldHour,232.000000
1168,org.joda.time.field.TestScaledDurationField#test_getValueAsLong_long,12.000000
1169,org.joda.time.TestLocalTime_Constructors#testConstructor_nullObject,498.000000
1170,org.joda.time.TestLocalDateTime_Basics#testToDate_springDST,451.000000
1171,org.joda.time.TestMutableDateTime_Adds#testAddWeeks_int1,403.000000
1172,org.joda.time.TestYearMonth_Constructors#testConstructor_Object_nullChronology,382.000000
1173,org.joda.time.TestDateTime_Properties#testPropertyCompareToDayOfMonth,372.000000
1174,org.joda.time.TestLocalDateTime_Properties#testPropertyAddWrapFieldToCopyMonth,323.000000
1175,org.joda.time.TestDateTime_Constructors#testConstructor_int_int_int_int_int_nullDateTimeZone,322.000000
1176,org.joda.time.TestMutablePeriod_Updates#testAdd_8ints1,299.000000
1177,org.joda.time.TestLocalTime_Properties#testPropertyPlusMilli,233.000000
1178,org.joda.time.field.TestScaledDurationField#test_getMillis_long_long,13.000000
1179,org.joda.time.TestLocalTime_Constructors#testConstructor_Object1_DateTimeZone,497.000000
1180,org.joda.time.TestLocalDateTime_Basics#testPlus_RP,488.000000
1181,org.joda.time.TestYearMonth_Constructors#testConstructor_ObjectString2,435.000000
1182,org.joda.time.TestMutableDateTime_Adds#testAddSeconds_int1,402.000000
1183,org.joda.time.TestDateTime_Properties#testPropertyToIntervalYear,387.000000
1184,org.joda.time.TestDateTime_Constructors#testConstructor_int_int_int_int_int_int_Chronology,319.000000
1185,org.joda.time.TestLocalDateTime_Properties#testPropertyGetHour,319.000000
1186,org.joda.time.TestChronology#testEqualsHashCode_Zoned,261.000000
1187,org.joda.time.TestLocalTime_Properties#testPropertyGetMaxMinValuesMinute,228.000000
1188,org.joda.time.field.TestScaledDurationField#test_isPrecise,11.000000
1189,org.joda.time.TestLocalTime_Constructors#testConstructor_Object_nullChronology,498.000000
1190,org.joda.time.TestLocalDateTime_Basics#testIsSupported_DurationFieldType,446.000000
1191,org.joda.time.TestYearMonth_Constructors#testConstructor_ObjectString3,439.000000
1192,org.joda.time.TestMutableDateTime_Sets#testSetMinuteOfHour_int1,404.000000
1193,org.joda.time.TestDateTime_Properties#testPropertyCompareToMonthOfYear,374.000000
1194,org.joda.time.TestLocalDateTime_Properties#testPropertyAddWrapFieldToCopyYear,324.000000
1195,org.joda.time.TestDateTime_Constructors#testConstructor_int_int_int_int_int_Chronology,319.000000
1196,org.joda.time.tz.TestCompiler#test_Amman_2003,283.000000
1197,org.joda.time.TestLocalTime_Properties#testPropertyPlusWrapFieldMinute,232.000000
1198,org.joda.time.field.TestScaledDurationField#test_getMillis_long,13.000000
1199,org.joda.time.TestLocalTime_Constructors#testConstructor_Object_nullDateTimeZone,497.000000
1200,org.joda.time.TestLocalDateTime_Basics#testToDateTime,478.000000
1201,org.joda.time.TestYearMonth_Constructors#testConstructor_ObjectString4,441.000000
1202,org.joda.time.TestMutableDateTime_Sets#testSetDayOfWeek_int1,408.000000
1203,org.joda.time.TestDateTime_Properties#testPropertyToIntervalMonthOfYear,388.000000
1204,org.joda.time.TestYearMonthDay_Properties#testPropertyCompareToYear,342.000000
1205,org.joda.time.TestDateTime_Constructors#testConstructor_int_int_int_int_int_int_int_Chronology,322.000000
1206,org.joda.time.TestPeriod_Basics#testWithFieldAdded3,269.000000
1207,org.joda.time.TestLocalTime_Properties#testPropertyPlusWrapFieldSecond,232.000000
1208,org.joda.time.field.TestScaledDurationField#test_getDifference_long_int,14.000000
1209,org.joda.time.TestLocalTime_Constructors#testConstructor_ObjectLocalDateTime,515.000000
1210,org.joda.time.TestPartial_Basics#testWithFieldAdded5,493.000000
1211,org.joda.time.TestMutableDateTime_Sets#testSetWeekyear_int1,415.000000
1212,org.joda.time.TestYearMonth_Constructors#testConstructor_ObjectString5,415.000000
1213,org.joda.time.TestDateTime_Properties#testPropertyGetHourOfDay,396.000000
1214,org.joda.time.TestYearMonthDay_Properties#testPropertyGetYear,349.000000
1215,org.joda.time.TestDateTime_Constructors#testConstructor_int_int_int_int_int,324.000000
1216,org.joda.time.TestInterval_Constructors#testConstructor_RD_RI2,257.000000
1217,org.joda.time.TestLocalTime_Properties#testPropertyGetMaxMinValuesHour,228.000000
1218,org.joda.time.field.TestScaledDurationField#test_getValue_long_long,13.000000
1219,org.joda.time.TestLocalTime_Constructors#testConstructor_ObjectString1NewYork,526.000000
1220,org.joda.time.TestPartial_Basics#testProperty,454.000000
1221,org.joda.time.TestDateTime_Properties#testPropertyGetDayOfMonth,417.000000
1222,org.joda.time.TestMutableDateTime_Sets#testSetMonthOfYear_int1,404.000000
1223,org.joda.time.TestMutableDateTime_Properties#testPropertyToIntervalMinuteOfHour,343.000000
1224,org.joda.time.TestYearMonthDay_Properties#testPropertyWithMinimumValueDayOfMonth,339.000000
1225,org.joda.time.TestInterval_Constructors#testConstructor_RI_RD2,257.000000
1226,org.joda.time.TestLocalTime_Properties#testPropertyWithMaxMinValueHour,237.000000
1227,org.joda.time.field.TestScaledDurationField#test_getUnitMillis,12.000000
1228,org.joda.time.TestLocalTime_Constructors#testConstructor_ObjectString1Tokyo,526.000000
1229,org.joda.time.TestPartial_Basics#testToString5,471.000000
1230,org.joda.time.TestMutableDateTime_Sets#testSetSecondOfDay_int1,404.000000
1231,org.joda.time.TestDateTime_Properties#testPropertyCompareToDayOfYear,374.000000
1232,org.joda.time.TestMutableDateTime_Properties#testPropertyGetSecondOfDay,351.000000
1233,org.joda.time.TestYearMonthDay_Properties#testPropertyAddWrapFieldDay,345.000000
1234,org.joda.time.TestInterval_Constructors#testConstructor_RI_RI3,252.000000
1235,org.joda.time.TestLocalTime_Properties#testPropertyPlusNoWrapHour,233.000000
1236,org.joda.time.field.TestScaledDurationField#test_getValue_long,13.000000
1237,org.joda.time.TestLocalDate_Basics#testToDateTimeAtCurrentTime,501.000000
1238,org.joda.time.TestLocalTime_Constructors#testConstructor_Object1_Chronology,496.000000
1239,org.joda.time.TestMutableDateTime_Sets#testSetDayOfMonth_int1,404.000000
1240,org.joda.time.TestDateTime_Properties#testPropertyGetYearOfCentury,398.000000
1241,org.joda.time.TestMutableDateTime_Properties#testPropertyToIntervalDayOfMonth,344.000000
1242,org.joda.time.TestInterval_Constructors#testConstructor_RP_RI2,337.000000
1243,org.joda.time.TestInterval_Basics#testWithPeriodAfterStart2,319.000000
1244,org.joda.time.TestLocalTime_Properties#testPropertyWithMinimumValueHour,234.000000
1245,org.joda.time.field.TestScaledDurationField#test_toString,12.000000
1246,org.joda.time.TestLocalTime_Constructors#testConstructor_Object2_Chronology,523.000000
1247,org.joda.time.TestLocalDate_Basics#testToDateMidnight,478.000000
1248,org.joda.time.TestMutableDateTime_Sets#testSetSecondOfMinute_int1,404.000000
1249,org.joda.time.TestDateTime_Properties#testPropertyToIntervalHourOfDay,386.000000
1250,org.joda.time.TestMutableDateTime_Properties#testPropertyGetMinuteOfDay,351.000000
1251,org.joda.time.TestInterval_Basics#testGap_RInterval_zoneUTC,322.000000
1252,org.joda.time.TestDateTime_Constructors#testConstructor_Chronology,251.000000
1253,org.joda.time.TestLocalTime_Properties#testPropertyWithMaximumValueHour,234.000000
1254,org.joda.time.field.TestScaledDurationField#test_getValueAsLong_long_long,12.000000
1255,org.joda.time.TestLocalTime_Constructors#testConstructor_ObjectString1,526.000000
1256,org.joda.time.TestLocalDate_Basics#testToDateTime_nullLocalTime,492.000000
1257,org.joda.time.TestPeriod_Constructors#testConstructor_long_long_Chronology1,412.000000
1258,org.joda.time.TestMutableDateTime_Sets#testSetMinuteOfDay_int1,404.000000
1259,org.joda.time.TestMutableDateTime_Properties#testPropertyGetMillisOfDay,351.000000
1260,org.joda.time.TestInterval_Basics#testToInterval1,309.000000
1261,org.joda.time.TestDateTime_Constructors#testConstructor_DateTimeZone,258.000000
1262,org.joda.time.TestLocalTime_Properties#testPropertySetMinute,232.000000
1263,org.joda.time.field.TestPreciseDurationField#test_getValue_long_long,9.000000
1264,org.joda.time.TestLocalTime_Constructors#testConstructor_ObjectString2,526.000000
1265,org.joda.time.TestLocalDate_Basics#testToDateTimeAtMidnight,474.000000
1266,org.joda.time.TestMutableDateTime_Sets#testSetDayOfYear_int1,409.000000
1267,org.joda.time.TestInterval_Basics#testWithPeriodAfterStart3,389.000000
1268,org.joda.time.TestMutableDateTime_Properties#testPropertyToIntervalMonthOfYear,345.000000
1269,org.joda.time.TestDuration_Basics#testToPeriod_PeriodType,321.000000
1270,org.joda.time.TestInterval_Basics#testIsBefore_RInterval,311.000000
1271,org.joda.time.TestLocalTime_Properties#testPropertyPlusNoWrapMinute,233.000000
1272,org.joda.time.field.TestPreciseDurationField#test_getValue_long,10.000000
1273,org.joda.time.TestLocalTime_Constructors#testConstructor_ObjectString3,523.000000
1274,org.joda.time.TestTimeOfDay_Basics#testPlus_RP,484.000000
1275,org.joda.time.TestMutableDateTime_Sets#testSetHourOfDay_int1,404.000000
1276,org.joda.time.TestInterval_Basics#testWithPeriodBeforeEnd3,389.000000
1277,org.joda.time.TestDuration_Basics#testToPeriodFrom_PeriodType,364.000000
1278,org.joda.time.TestInterval_Basics#testToMutableInterval1,315.000000
1279,org.joda.time.TestMutableInterval_Updates#testSetDurationBeforeEnd_RI1,261.000000
1280,org.joda.time.TestLocalTime_Properties#testPropertySetSecond,232.000000
1281,org.joda.time.TestPeriodType#testForFields2,84.000000
1282,org.joda.time.TestLocalTime_Constructors#testConstructor_ObjectString4,520.000000
1283,org.joda.time.TestTimeOfDay_Basics#testToDateTimeToday,499.000000
1284,org.joda.time.TestInterval_Basics#testToPeriod_PeriodType1,419.000000
1285,org.joda.time.TestMutableDateTime_Sets#testSetMilliOfSecond_int1,404.000000
1286,org.joda.time.TestPeriod_Constructors#testConstructor_long_long1,363.000000
1287,org.joda.time.TestInterval_Basics#testWithChronology2,314.000000
1288,org.joda.time.TestDateTimeComparator#testEqualsHashCode,249.000000
1289,org.joda.time.TestLocalTime_Properties#testPropertyGetMinute,246.000000
1290,org.joda.time.TestBaseSingleFieldPeriod#testFieldTypeIndexMethods,38.000000
1291,org.joda.time.TestLocalDate_Constructors#testConstructor_Object_Chronology,494.000000
1292,org.joda.time.TestTimeOfDay_Basics#testWithChronologyRetainFields_nullChrono,460.000000
1293,org.joda.time.TestInterval_Basics#testToPeriod_PeriodType2,412.000000
1294,org.joda.time.TestMutableDateTime_Sets#testSetMilliOfDay_int1,404.000000
1295,org.joda.time.TestPeriod_Constructors#testConstructor_long_long_Chronology2,363.000000
1296,org.joda.time.TestInterval_Basics#testIsAfter_RInterval,310.000000
1297,org.joda.time.TestPeriod_Constructors#testConstructor_RI_RI_PeriodType5,269.000000
1298,org.joda.time.TestLocalTime_Properties#testPropertyPlusNoWrapSecond,233.000000
1299,org.joda.time.TestDuration_Constructors#testConstructor_RI_RI4,47.000000
1300,org.joda.time.TestLocalDate_Constructors#testConstructor_nullObject_Chronology,493.000000
1301,org.joda.time.TestYearMonthDay_Basics#testGetFieldTypes,451.000000
1302,org.joda.time.TestMutableDateTime_Sets#testSetYear_int1,404.000000
1303,org.joda.time.TestDateMidnight_Properties#testPropertyToIntervalDayOfMonth,388.000000
1304,org.joda.time.TestPeriod_Constructors#testConstructor_RI_RI1,366.000000
1305,org.joda.time.TestPeriod_Constructors#testFactoryFieldDifference4,294.000000
1306,org.joda.time.TestMutableInterval_Basics#testToInterval1,291.000000
1307,org.joda.time.TestLocalTime_Properties#testPropertyGetSecond,246.000000
1308,org.joda.time.TestDateTimeZone#testGetShortNameProviderName,39.000000
1309,org.joda.time.TestLocalDate_Constructors#testConstructor_ObjectLocalDate,513.000000
1310,org.joda.time.TestYearMonthDay_Basics#testWithChronologyRetainFields_invalidInNewChrono,460.000000
1311,org.joda.time.TestMutableInterval_Constructors#testConstructor_Object5,432.000000
1312,org.joda.time.TestDateMidnight_Properties#testPropertyGetMonthOfYear,427.000000
1313,org.joda.time.TestMutablePeriod_Constructors#testConstructor_long_long1,360.000000
1314,org.joda.time.TestLocalDate_Properties#testPropertyAddToCopyYear,343.000000
1315,org.joda.time.TestInstant_Basics#testToMutableDateTimeISO,259.000000
1316,org.joda.time.TestLocalTime_Properties#testPropertyWithMaxMinValueSecond,237.000000
1317,org.joda.time.TestDateTimeZone#testTransitionFixed,71.000000
1318,org.joda.time.TestLocalDate_Constructors#testConstructor_ObjectLocalTime,499.000000
1319,org.joda.time.TestYearMonthDay_Basics#testPlusMonths_int,465.000000
1320,org.joda.time.TestDateMidnight_Properties#testPropertySetTextLocaleMonthOfYear,392.000000
1321,org.joda.time.format.TestDateTimeFormat#testFormat_hourOfHalfday,379.000000
1322,org.joda.time.TestMutablePeriod_Constructors#testConstructor_long_long_PeriodType_Chronology2,360.000000
1323,org.joda.time.TestLocalDate_Properties#testPropertyWithMinimumValueDayOfMonth,343.000000
1324,org.joda.time.TestInstant_Basics#testIsEqual_RI,251.000000
1325,org.joda.time.TestLocalTime_Properties#testPropertySetMilli,232.000000
1326,org.joda.time.TestMutablePeriod_Updates#testAdd_RP6,77.000000
1327,org.joda.time.TestYearMonthDay_Basics#testToString_String,508.000000
1328,org.joda.time.TestLocalDate_Constructors#testConstructor_Object1,499.000000
1329,org.joda.time.TestDateMidnight_Properties#testPropertyToIntervalYearOfCentury,392.000000
1330,org.joda.time.format.TestDateTimeFormat#testFormat_zoneAmountColon,375.000000
1331,org.joda.time.TestMutablePeriod_Constructors#testConstructor_RI_RI_PeriodType1,363.000000
1332,org.joda.time.TestLocalDate_Properties#testPropertyEquals,345.000000
1333,org.joda.time.TestInstant_Basics#testIsAfter_RI,251.000000
1334,org.joda.time.TestLocalTime_Properties#testPropertyWithMaxMinValueMilli,237.000000
1335,org.joda.time.TestMutablePeriod_Updates#testSetPeriod_8ints1,77.000000
1336,org.joda.time.TestYearMonthDay_Basics#testToDateTime_TOD,509.000000
1337,org.joda.time.TestLocalDate_Constructors#testConstructor_Object_DateTimeZone,497.000000
1338,org.joda.time.TestDateMidnight_Properties#testPropertyGetDifferenceMonthOfYear,382.000000
1339,org.joda.time.format.TestDateTimeFormat#testFormat_clockhourOfDay,382.000000
1340,org.joda.time.TestMutablePeriod_Constructors#testConstructor_long_long_Chronology2,360.000000
1341,org.joda.time.convert.TestDateConverter#testGetInstantMillis_Object_Chronology,310.000000
1342,org.joda.time.TestInstant_Basics#testToDateTimeISO,259.000000
1343,org.joda.time.TestLocalTime_Properties#testPropertySetHour,232.000000
1344,org.joda.time.TestMinutes#testMultipliedBy_int,80.000000
1345,org.joda.time.TestLocalDate_Constructors#testConstructor_nullObject_nullChronology,497.000000
1346,org.joda.time.TestYearMonthDay_Basics#testToDateMidnight,485.000000
1347,org.joda.time.TestDateMidnight_Properties#testPropertyToIntervalYearOfEra,391.000000
1348,org.joda.time.format.TestDateTimeFormat#testFormat_year,385.000000
1349,org.joda.time.TestMutablePeriod_Constructors#testConstructor_RI_RD1,376.000000
1350,org.joda.time.TestDays#testFactory_standardDaysIn_RPeriod,341.000000
1351,org.joda.time.convert.TestDateConverter#testGetChronology_Object_Zone,312.000000
1352,org.joda.time.TestLocalTime_Properties#testPropertySetTextMinute,232.000000
1353,org.joda.time.TestMinutes#testGetFieldType,77.000000
1354,org.joda.time.TestLocalDate_Constructors#testConstructor_ObjectStringEx1,501.000000
1355,org.joda.time.TestYearMonthDay_Basics#testPlus_RP,487.000000
1356,org.joda.time.format.TestISODateTimeFormat#testFormat_dateHourMinuteSecondFraction,390.000000
1357,org.joda.time.TestDateMidnight_Properties#testPropertyToIntervalYear,389.000000
1358,org.joda.time.TestMutablePeriod_Constructors#testConstructor_RI_RI1,363.000000
1359,org.joda.time.convert.TestDateConverter#testGetChronology_Object_Chronology,313.000000
1360,org.joda.time.TestMutablePeriod_Constructors#testConstructor_Object_PeriodType2,289.000000
1361,org.joda.time.TestLocalTime_Properties#testPropertyGetMilli,246.000000
1362,org.joda.time.TestMinutes#testDividedBy_int,79.000000
1363,org.joda.time.TestLocalDate_Constructors#testConstructor_ObjectStringEx2,501.000000
1364,org.joda.time.TestYearMonthDay_Basics#testToDateTimeAtMidnight,481.000000
1365,org.joda.time.TestDateMidnight_Properties#testPropertyToIntervalMonthOfYear,390.000000
1366,org.joda.time.format.TestISODateTimeFormat#testFormat_dateHourMinuteSecond,380.000000
1367,org.joda.time.TestMutablePeriod_Constructors#testConstructor_RI_RD_PeriodType1,374.000000
1368,org.joda.time.field.TestOffsetDateTimeField#test_set_long_String,260.000000
1369,org.joda.time.TestDateTimeFieldType#test_hourOfHalfday,241.000000
1370,org.joda.time.TestLocalTime_Properties#testPropertySetTextMilli,232.000000
1371,org.joda.time.TestMinutes#testSerialization,78.000000
1372,org.joda.time.TestLocalDate_Constructors#testConstructor_ObjectStringEx3,501.000000
1373,org.joda.time.TestLocalTime_Basics#testPlus_RP,488.000000
1374,org.joda.time.TestDateMidnight_Properties#testPropertyGetDayOfMonth,420.000000
1375,org.joda.time.format.TestISODateTimeFormat#testFormat_yearMonth,368.000000
1376,org.joda.time.TestMutablePeriod_Constructors#testConstructor_long_long_PeriodType1,360.000000
1377,org.joda.time.field.TestOffsetDateTimeField#test_getAsShortText_long,257.000000
1378,org.joda.time.TestDateTimeFieldType#test_weekyear,241.000000
1379,org.joda.time.TestLocalTime_Properties#testPropertySetTextSecond,232.000000
1380,org.joda.time.TestMinutes#testToString,78.000000
1381,org.joda.time.TestLocalDate_Constructors#testConstructor_ObjectStringEx4,495.000000
1382,org.joda.time.TestLocalTime_Basics#testIsAfter_LocalTime,448.000000
1383,org.joda.time.TestMutableInterval_Basics#testToPeriod,415.000000
1384,org.joda.time.format.TestISODateTimeFormat#testFormat_weekDateTime,411.000000
1385,org.joda.time.field.TestUnsupportedDateTimeField#testPublicGetNameMethod,313.000000
1386,org.joda.time.field.TestOffsetDateTimeField#test_getAsText_long,256.000000
1387,org.joda.time.TestDateTimeFieldType#test_year,241.000000
1388,org.joda.time.TestLocalTime_Properties#testPropertyGetMaxMinValuesMilli,228.000000
1389,org.joda.time.TestMinutes#testPlus_Minutes,81.000000
1390,org.joda.time.TestLocalDate_Constructors#testConstructor_ObjectStringEx5,495.000000
1391,org.joda.time.TestLocalTime_Basics#testGet_DateTimeFieldType,448.000000
1392,org.joda.time.TestMutableInterval_Basics#testToPeriod_PeriodType1,415.000000
1393,org.joda.time.format.TestISODateTimeFormat#testFormat_dateTimeNoMillis,388.000000
1394,org.joda.time.field.TestUnsupportedDateTimeField#testToString,312.000000
1395,org.joda.time.field.TestOffsetDateTimeField#test_convertText,245.000000
1396,org.joda.time.TestDateTimeFieldType#test_era,241.000000
1397,org.joda.time.TestLocalTime_Properties#testPropertyPlusHour,233.000000
1398,org.joda.time.TestMinutes#testToStandardDays,83.000000
1399,org.joda.time.TestLocalDate_Constructors#testConstructor_ObjectStringEx6,501.000000
1400,org.joda.time.TestInterval_Basics#testWithChronology1,444.000000
1401,org.joda.time.format.TestISODateTimeFormat#testFormat_weekyearWeek,372.000000
1402,org.joda.time.field.TestUnsupportedDateTimeField#testAlwaysFalseReturnTypes,313.000000
1403,org.joda.time.field.TestOffsetDateTimeField#test_getDifferenceAsLong_long_long,254.000000
1404,org.joda.time.TestDateTimeFieldType#test_clockhourOfDay,241.000000
1405,org.joda.time.TestLocalTime_Properties#testPropertyPlusMinute,233.000000
1406,org.joda.time.TestMinutes#testIsLessThan,78.000000
1407,org.joda.time.TestLocalDate_Constructors#testConstructor_ObjectStringEx7,501.000000
1408,org.joda.time.TestDateTimeUtils#testGetIntervalChronology_RInterval,419.000000
1409,org.joda.time.format.TestISODateTimeFormat#testFormat_weekyear,350.000000
1410,org.joda.time.TestMutableDateTime_Basics#testGet_DateTimeFieldType,333.000000
1411,org.joda.time.field.TestOffsetDateTimeField#test_roundHalfFloor_long,255.000000
1412,org.joda.time.TestDateTimeFieldType#test_dayOfWeek,241.000000
1413,org.joda.time.TestMinutes#testToStandardSeconds,86.000000
1414,org.joda.time.TestLocalDate_Constructors#testConstructor_nullObject_DateTimeZone,496.000000
1415,org.joda.time.TestLocalTime_Constructors#testFactoryMillisOfDay_long,417.000000
1416,org.joda.time.format.TestISODateTimeFormat#testFormat_basicOrdinalDateTime,384.000000
1417,org.joda.time.TestMutableDateTime_Adds#testAdd_RP_int1,342.000000
1418,org.joda.time.field.TestOffsetDateTimeField#test_add_long_long,262.000000
1419,org.joda.time.TestDateTimeFieldType#test_dayOfYear,241.000000
1420,org.joda.time.TestMinutes#testToStandardHours,83.000000
1421,org.joda.time.TestLocalDate_Constructors#testConstructor_nullObject,498.000000
1422,org.joda.time.TestYearMonth_Basics#testGetFieldTypes,448.000000
1423,org.joda.time.format.TestISODateTimeFormat#testFormat_year,346.000000
1424,org.joda.time.TestMutableDateTime_Adds#testAdd_DurationFieldType_int1,323.000000
1425,org.joda.time.field.TestOffsetDateTimeField#test_remainder_long,252.000000
1426,org.joda.time.TestDateTimeFieldType#test_halfdayOfDay,241.000000
1427,org.joda.time.TestMinutes#testIsGreaterThan,78.000000
1428,org.joda.time.TestLocalDate_Constructors#testConstructor_Object_nullChronology,498.000000
1429,org.joda.time.TestYearMonth_Basics#testWithChronologyRetainFields_invalidInNewChrono,454.000000
1430,org.joda.time.format.TestISODateTimeFormat#testFormat_basicDateTimeNoMillis,375.000000
1431,org.joda.time.TestBaseSingleFieldPeriod#testFactory_between_RInstant,320.000000
1432,org.joda.time.field.TestOffsetDateTimeField#test_roundHalfCeiling_long,255.000000
1433,org.joda.time.TestDateTimeFieldType#test_yearOfEra,241.000000
1434,org.joda.time.TestMinutes#testToStandardWeeks,83.000000
1435,org.joda.time.TestLocalDate_Constructors#testConstructor_Object_nullDateTimeZone,497.000000
1436,org.joda.time.TestYearMonth_Basics#testPlus_RP,484.000000
1437,org.joda.time.format.TestISODateTimeFormat#testFormat_ordinalDateTimeNoMillis,385.000000
1438,org.joda.time.TestMutableDateTime_Sets#testSetDateTime_int_int_int_int_int_int_int1,333.000000
1439,org.joda.time.TestMutableDateTime_Basics#testToCalendar_Locale,261.000000
1440,org.joda.time.TestDateTimeFieldType#test_millisOfSecond,241.000000
1441,org.joda.time.TestMinutes#testNegated,80.000000
1442,org.joda.time.TestLocalDate_Constructors#testConstructor_ObjectLocalDateTime,515.000000
1443,org.joda.time.TestYearMonth_Basics#testWithers,460.000000
1444,org.joda.time.format.TestISODateTimeFormat#testFormat_basicWeekDateTime,388.000000
1445,org.joda.time.TestMutableDateTime_Sets#testSetZoneRetainFields_DateTimeZone1,323.000000
1446,org.joda.time.TestMutableDateTime_Basics#testCopy,258.000000
1447,org.joda.time.TestDateTimeFieldType#test_secondOfDay,241.000000
1448,org.joda.time.TestDuration_Basics#testMutableDuration,45.000000
1449,org.joda.time.TestLocalDate_Constructors#testConstructor_ObjectString1,517.000000
1450,org.joda.time.TestMonthDay_Basics#testGetFieldTypes,449.000000
1451,org.joda.time.TestDateTimeZoneCutover#test_DateTime_plusHour_NewYork_Autumn,390.000000
1452,org.joda.time.TestMutableDateTime_Sets#testSetDate_RI1,343.000000
1453,org.joda.time.TestMutableDateTime_Adds#testAdd_RP2,255.000000
1454,org.joda.time.TestDateTimeFieldType#test_weekyearOfCentury,241.000000
1455,org.joda.time.TestDuration_Basics#testEqualsHashCode,47.000000
1456,org.joda.time.TestLocalDate_Constructors#testConstructor_ObjectString3,518.000000
1457,org.joda.time.TestMonthDay_Basics#testToString_String,502.000000
1458,org.joda.time.TestDateTimeZoneCutover#test_DateTime_roundFloor_hour_NewYork_Spring_preCutover,365.000000
1459,org.joda.time.TestMutableDateTime_Sets#testSet_DateTimeFieldType_int1,320.000000
1460,org.joda.time.TestTimeOfDay_Properties#testPropertyAddWrapFieldMinute,278.000000
1461,org.joda.time.TestDateTimeFieldType#test_secondOfMinute,241.000000
1462,org.joda.time.TestDuration_Basics#testMinus_long1,49.000000
1463,org.joda.time.TestMonthDay_Basics#testPlus_RP,486.000000
1464,org.joda.time.TestDateTimeZoneCutover#test_DateTime_roundCeiling_minuteOfHour_NewYork_Autumn_preCutover,394.000000
1465,org.joda.time.TestDuration_Constructors#testConstructor_Object5,360.000000
1466,org.joda.time.TestTimeOfDay_Properties#testPropertyWithMinimumValueHour,278.000000
1467,org.joda.time.TestDateTimeFieldType#test_monthOfYear,241.000000
1468,org.joda.time.TestDuration_Basics#testPlus_long1,49.000000
1469,org.joda.time.TestMonthDay_Basics#testWithers,465.000000
1470,org.joda.time.TestDateTimeZoneCutover#test_LocalDate_toDateMidnight_Turk,341.000000
1471,org.joda.time.TestDateMidnight_Constructors#testConstructor_int_int_int_nullDateTimeZone,331.000000
1472,org.joda.time.TestMutableInterval_Constructors#testConstructor_Object4,273.000000
1473,org.joda.time.TestDateTimeFieldType#test_weekOfWeekyear,241.000000
1474,org.joda.time.TestDuration_Basics#testWithDurationAdded_RD_int1,49.000000
1475,org.joda.time.TestMonthDay_Basics#testToLocalDate,461.000000
1476,org.joda.time.TestDateTimeZoneCutover#test_getOffsetFromLocal_NewYork_Autumn,385.000000
1477,org.joda.time.TestHours#testFactory_standardHoursIn_RPeriod,341.000000
1478,org.joda.time.TestDateMidnight_Constructors#testConstructor_int_int_int_Chronology,331.000000
1479,org.joda.time.TestDateTimeFieldType#test_hourOfDay,241.000000
1480,org.joda.time.TestDuration_Basics#testWithMillis1,46.000000
1481,org.joda.time.TestDateTime_Basics#testToTimeOfDay,479.000000
1482,org.joda.time.TestDateTimeZoneCutover#test_getOffsetFromLocal_Moscow_Spring,388.000000
1483,org.joda.time.TestDateMidnight_Constructors#testConstructor_long_nullChronology,316.000000
1484,org.joda.time.format.TestPeriodFormatterBuilder#testFormatAppendFormatter,303.000000
1485,org.joda.time.TestDateTimeFieldType#test_minuteOfHour,241.000000
1486,org.joda.time.TestDuration_Basics#testToDuration1,45.000000
1487,org.joda.time.TestDateTime_Basics#testToDateTime_DateTimeZone,448.000000
1488,org.joda.time.TestDateTimeZoneCutover#test_DateTime_setHourForward_Moscow_Spring,407.000000
1489,org.joda.time.TestDateMidnight_Constructors#testConstructor_Object,340.000000
1490,org.joda.time.TestMutablePeriod_Basics#testCopy,286.000000
1491,org.joda.time.TestDateTimeFieldType#test_clockhourOfHalfday,241.000000
1492,org.joda.time.TestDuration_Basics#testToDuration2,47.000000
1493,org.joda.time.TestDateTime_Basics#testToDateTime_Chronology,445.000000
1494,org.joda.time.TestDateTimeZoneCutover#test_DateTime_roundFloor_minute_NewYork_Spring_preCutover,365.000000
1495,org.joda.time.TestMutablePeriod_Basics#testToMutablePeriod,319.000000
1496,org.joda.time.TestDateMidnight_Constructors#testConstructor_long1,317.000000
1497,org.joda.time.TestDateTimeFieldType#test_yearOfCentury,241.000000
1498,org.joda.time.TestDuration_Basics#testIsAfter,47.000000
1499,org.joda.time.TestDateTime_Basics#testToDateTimeISO,445.000000
1500,org.joda.time.TestDateTimeZoneCutover#test_DateTime_roundCeiling_day_NewYork_Spring_postCutover,367.000000
1501,org.joda.time.TestMutableInterval_Constructors#testConstructor_Object2,354.000000
1502,org.joda.time.TestMutablePeriod_Updates#testMergePeriod_RP2,297.000000
1503,org.joda.time.TestDateTimeFieldType#test_dayOfMonth,241.000000
1504,org.joda.time.TestDuration_Basics#testIsEqual,47.000000
1505,org.joda.time.convert.TestReadablePartialConverter#testToString,414.000000
1506,org.joda.time.TestDateTimeZoneCutover#test_getOffsetFromLocal_NewYork_Spring,357.000000
1507,org.joda.time.TestMutableInterval_Constructors#testConstructor_long_long_Chronology2,327.000000
1508,org.joda.time.TestMutablePeriod_Updates#testSetPeriod_RInterval2,274.000000
1509,org.joda.time.TestDateTimeFieldType#test_other,240.000000
1510,org.joda.time.TestDuration_Basics#testMinus_RD1,49.000000
1511,org.joda.time.TestYearMonthDay_Constructors#testFactory_FromCalendarFields,429.000000
1512,org.joda.time.TestDateTimeZoneCutover#test_DateTime_minusDay_Turk,357.000000
1513,org.joda.time.TestMutableInterval_Constructors#testConstructor_RD_RI1,330.000000
1514,org.joda.time.TestChronology#testEqualsHashCode_Lenient,276.000000
1515,org.joda.time.TestDateTimeFieldType#test_centuryOfEra,241.000000
1516,org.joda.time.TestYears#testMultipliedBy_int,80.000000
1517,org.joda.time.TestYearMonthDay_Constructors#testConstructor_long1,428.000000
1518,org.joda.time.TestDateTimeZoneCutover#test_DateTime_setHourZero_Gaza,371.000000
1519,org.joda.time.TestMutableInterval_Constructors#testConstructor_RI_RD1,330.000000
1520,org.joda.time.TestPeriod_Basics#testNormalizedStandard_negative,289.000000
1521,org.joda.time.TestDateTimeFieldType#test_minuteOfDay,241.000000
1522,org.joda.time.TestYears#testGetFieldType,77.000000
1523,org.joda.time.TestYearMonthDay_Constructors#testConstructor_DateTimeZone,452.000000
1524,org.joda.time.TestDateTimeZoneCutover#test_DateTime_setHourZero_Turk,371.000000
1525,org.joda.time.TestMutableInterval_Constructors#testConstructor_RI_RP1,352.000000
1526,org.joda.time.TestMonthDay_Properties#testPropertyAddWrapFieldMonthOfYear,336.000000
1527,org.joda.time.convert.TestReadableIntervalConverter#testGetDurationMillis_Object,275.000000
1528,org.joda.time.TestYears#testDividedBy_int,79.000000
1529,org.joda.time.TestYearMonthDay_Constructors#testFactory_FromDateFields,429.000000
1530,org.joda.time.TestDateTimeZoneCutover#test_DateTime_roundCeiling_secondOfMinute_NewYork_Autumn_preCutover,395.000000
1531,org.joda.time.TestMutableInterval_Constructors#testConstructor_RP_RI1,352.000000
1532,org.joda.time.TestMonthDay_Properties#testPropertyGetMonthOfYear,346.000000
1533,org.joda.time.convert.TestNullConverter#testGetPartialValues,305.000000
1534,org.joda.time.TestYears#testSerialization,78.000000
1535,org.joda.time.TestDateMidnight_Basics#testToMutableDateTimeISO,460.000000
1536,org.joda.time.TestDateTimeZoneCutover#test_DateTime_minusHour_Moscow_Autumn,394.000000
1537,org.joda.time.TestMutableInterval_Constructors#testConstructor_Object_Chronology2,355.000000
1538,org.joda.time.TestMonthDay_Properties#testPropertyHashCode,332.000000
1539,org.joda.time.TestDateTime_Constructors#testConstructor_Object,280.000000
1540,org.joda.time.TestYears#testToString,78.000000
1541,org.joda.time.TestDateMidnight_Basics#testPlusMonths_int,453.000000
1542,org.joda.time.TestDateTimeZoneCutover#test_DateTime_roundFloorNotDST_Turk,358.000000
1543,org.joda.time.TestMonthDay_Properties#testPropertyAddMonthOfYear,356.000000
1544,org.joda.time.TestMutableDateTime_Constructors#testConstructor_int_int_int_int_int_int_int_nullDateTimeZone,322.000000
1545,org.joda.time.TestDateTimeZoneCutover#test_DateTime_newValid_Gaza,260.000000
1546,org.joda.time.TestYears#testIsLessThan,78.000000
1547,org.joda.time.TestDateMidnight_Basics#testMinusWeeks_int,453.000000
1548,org.joda.time.TestDateTimeZoneCutover#test_getOffsetFromLocal_Turk,353.000000
1549,org.joda.time.TestMonthDay_Properties#testPropertyEquals,337.000000
1550,org.joda.time.TestMutableDateTime_Constructors#testConstructor_int_int_int_int_int_int_int_Chronology,322.000000
1551,org.joda.time.TestDuration_Basics#testToPeriod,321.000000
1552,org.joda.time.TestYears#testPlus_Years,81.000000
1553,org.joda.time.TestDateMidnight_Basics#testPlusWeeks_int,452.000000
1554,org.joda.time.TestDateTimeZoneCutover#test_DateTime_roundFloor_minuteOfHour_NewYork_Autumn_preCutover,394.000000
1555,org.joda.time.TestMutablePeriod_Updates#testAdd_RInterval2,385.000000
1556,org.joda.time.TestMonthDay_Properties#testPropertyCompareToMonthOfYear,341.000000
1557,org.joda.time.TestMutableInterval_Updates#testSetPeriodBeforeEnd_RI3,255.000000
1558,org.joda.time.TestYears#testIsGreaterThan,78.000000
1559,org.joda.time.TestDateMidnight_Basics#testPlus_long,463.000000
1560,org.joda.time.TestMutablePeriod_Updates#testSetPeriod_long_long_NoSeconds,366.000000
1561,org.joda.time.TestDateTimeZoneCutover#test_DateTime_withZoneRetainFields_Turk,353.000000
1562,org.joda.time.TestMonthDay_Properties#testPropertyGetMaxMinValuesDayOfMonth,335.000000
1563,org.joda.time.TestMutableInterval_Updates#testSetDurationAfterStart_RI1,261.000000
1564,org.joda.time.TestYears#testNegated,80.000000
1565,org.joda.time.TestDateMidnight_Basics#testCompareTo,458.000000
1566,org.joda.time.TestDateTimeZoneCutover#test_DateTime_roundCeiling_hour_NewYork_Spring_postCutover,366.000000
1567,org.joda.time.TestMutablePeriod_Updates#testSetPeriod_long_long_NoDays,366.000000
1568,org.joda.time.TestMonthDay_Properties#testPropertySetMonthOfYear,333.000000
1569,org.joda.time.TestMutableInterval_Updates#testSetInterval_RI_RI1,260.000000
1570,org.joda.time.TestYears#testGetPeriodType,78.000000
1571,org.joda.time.TestDateMidnight_Basics#testMinusMonths_int,454.000000
1572,org.joda.time.TestMutablePeriod_Updates#testSetPeriod_long_long_NoMonths,364.000000
1573,org.joda.time.TestDateTimeZoneCutover#test_DateTime_plusHour_Guatemata_Autumn,363.000000
1574,org.joda.time.TestMonthDay_Properties#testPropertySetTextDayOfMonth,336.000000
1575,org.joda.time.TestMutableInterval_Updates#testSetInterval_RInterval1,256.000000
1576,org.joda.time.TestMonths#testMultipliedBy_int,80.000000
1577,org.joda.time.TestDateMidnight_Basics#testMinusDays_int,453.000000
1578,org.joda.time.TestDateTimeZoneCutover#test_DateTime_roundCeiling_day_NewYork_Spring_preCutover,366.000000
1579,org.joda.time.TestMutablePeriod_Updates#testSetPeriod_long_long_NoHours,366.000000
1580,org.joda.time.TestYearMonth_Properties#testPropertyAddMonth,351.000000
1581,org.joda.time.TestMutableInterval_Updates#testSetStart_RI1,258.000000
1582,org.joda.time.TestMonths#testGetFieldType,77.000000
1583,org.joda.time.TestDateMidnight_Basics#testMinus_RD,468.000000
1584,org.joda.time.TestDateTimeZoneCutover#test_MoscowIsCorrect_Autumn,380.000000
1585,org.joda.time.TestMutablePeriod_Updates#testSetPeriod_long_long_NoWeeks,366.000000
1586,org.joda.time.TestYearMonth_Properties#testPropertyCompareToMonth,338.000000
1587,org.joda.time.TestMutableInterval_Updates#testSeDurationBeforeEnd_long2,255.000000
1588,org.joda.time.TestMonths#testDividedBy_int,79.000000
1589,org.joda.time.TestDateMidnight_Basics#testMinus_RP,488.000000
1590,org.joda.time.TestDateTimeZoneCutover#test_DateTime_roundFloor_day_NewYork_Spring_preCutover,366.000000
1591,org.joda.time.TestMutablePeriod_Updates#testSetPeriod_long_long_NoYears,364.000000
1592,org.joda.time.TestYearMonth_Properties#testPropertyGetMaxMinValuesYear,324.000000
1593,org.joda.time.TestMutableInterval_Updates#testSetEnd_RI1,258.000000
1594,org.joda.time.TestMonths#testPlus_Months,81.000000
1595,org.joda.time.TestDateMidnight_Basics#testWithFields_RPartial,488.000000
1596,org.joda.time.TestDateTimeZoneCutover#test_DateTime_roundFloor_secondOfMinute_NewYork_Autumn_preCutover,395.000000
1597,org.joda.time.TestMutablePeriod_Updates#testSetPeriod_RInterval1,376.000000
1598,org.joda.time.TestYearMonth_Properties#testPropertySetTextYear,331.000000
1599,org.joda.time.TestMutableInterval_Updates#testSeDurationAfterStart_long2,255.000000
1600,org.joda.time.TestMonths#testSerialization,78.000000
1601,org.joda.time.TestDateMidnight_Basics#testGet_DateTimeField,469.000000
1602,org.joda.time.TestDateTimeZoneCutover#test_DateTime_roundFloor_hourOfDay_NewYork_Autumn_preCutover,394.000000
1603,org.joda.time.convert.TestCalendarConverter#testGetPartialValues,347.000000
1604,org.joda.time.TestYearMonth_Properties#testPropertyEquals,333.000000
1605,org.joda.time.chrono.TestISOChronology#testToString,247.000000
1606,org.joda.time.TestMonths#testToString,78.000000
1607,org.joda.time.TestDateMidnight_Basics#testToMutableDateTime_Chronology,462.000000
1608,org.joda.time.TestDateTimeZoneCutover#test_DateTime_withHourZero_Turk,368.000000
1609,org.joda.time.convert.TestLongConverter#testGetPartialValues,347.000000
1610,org.joda.time.TestYearMonth_Properties#testPropertySetYear,328.000000
1611,org.joda.time.chrono.TestGregorianChronology#testToString,241.000000
1612,org.joda.time.TestMonths#testIsLessThan,78.000000
1613,org.joda.time.TestDateMidnight_Basics#testPlusDays_int,452.000000
1614,org.joda.time.TestDateTimeZoneCutover#test_DateTime_roundCeiling_minute_NewYork_Spring_preCutover,365.000000
1615,org.joda.time.TestYearMonth_Properties#testPropertyGetMonth,355.000000
1616,org.joda.time.TestInterval_Constructors#testConstructor_long_long1,328.000000
1617,org.joda.time.chrono.TestJulianChronology#testWithZone,253.000000
1618,org.joda.time.TestMonths#testIsGreaterThan,78.000000
1619,org.joda.time.TestDateMidnight_Basics#testPlusYears_int,455.000000
1620,org.joda.time.TestDateTimeZoneCutover#test_DateTime_roundFloor_hourOfDay_NewYork_Autumn_postCutover,397.000000
1621,org.joda.time.TestInterval_Constructors#testConstructor_long_long2,328.000000
1622,org.joda.time.TestYearMonth_Properties#testPropertyGetMaxMinValuesMonth,324.000000
1623,org.joda.time.TestTimeOfDay_Constructors#testConstructor_int_int_Chronology,295.000000
1624,org.joda.time.TestMonths#testNegated,80.000000
1625,org.joda.time.TestDateMidnight_Basics#testToInstant,457.000000
1626,org.joda.time.TestDateTimeZoneCutover#test_MoscowIsCorrect_Spring,380.000000
1627,org.joda.time.TestYearMonth_Properties#testPropertyAddWrapFieldMonth,331.000000
1628,org.joda.time.TestInterval_Constructors#testConstructor_long_long3,324.000000
1629,org.joda.time.TestTimeOfDay_Constructors#testFactory_FromCalendarFields,267.000000
1630,org.joda.time.TestMonths#testGetPeriodType,78.000000
1631,org.joda.time.TestDateMidnight_Basics#testToDateTime,460.000000
1632,org.joda.time.TestDateTimeZoneCutover#test_DateTime_setHourForward_NewYork_Spring,380.000000
1633,org.joda.time.TestInterval_Constructors#testConstructor_Object2,355.000000
1634,org.joda.time.chrono.TestCopticChronology#testDurationFields,317.000000
1635,org.joda.time.TestTimeOfDay_Constructors#testConstructor_int_int_int_Chronology,295.000000
1636,org.joda.time.TestSerialization#testSerializedDateTimeFieldType,59.000000
1637,org.joda.time.TestDateMidnight_Basics#testWithField1,465.000000
1638,org.joda.time.TestDateTimeZoneCutover#test_DateTime_setHourAcross_NewYork_Spring,370.000000
1639,org.joda.time.TestInterval_Constructors#testConstructor_RD_RI1,331.000000
1640,org.joda.time.chrono.TestCopticChronology#testFactory,309.000000
1641,org.joda.time.TestTimeOfDay_Constructors#testFactory_FromDateFields_after1970,267.000000
1642,org.joda.time.TestInstant_Basics#testToInstant,44.000000
1643,org.joda.time.TestDateMidnight_Basics#testMinus_long,463.000000
1644,org.joda.time.TestDateTimeZoneCutover#test_DateTime_roundFloor_day_NewYork_Spring_postCutover,367.000000
1645,org.joda.time.chrono.TestCopticChronology#testDurationYear,328.000000
1646,org.joda.time.TestInterval_Constructors#testConstructor_RD_RI4,322.000000
1647,org.joda.time.TestTimeOfDay_Constructors#testConstructor_int_int_int,272.000000
1648,org.joda.time.TestInstant_Basics#testToDate,45.000000
1649,org.joda.time.TestDateMidnight_Basics#testGet_DateTimeFieldType,471.000000
1650,org.joda.time.TestDateTimeZoneCutover#test_DateTime_roundCeiling_day_NewYork_Autumn_postCutover,398.000000
1651,org.joda.time.TestInterval_Constructors#testConstructor_RI_RD1,331.000000
1652,org.joda.time.chrono.TestCopticChronology#testFactory_Zone,308.000000
1653,org.joda.time.TestDateTimeComparator#testStaticGetInstanceLowerUpper,249.000000
1654,org.joda.time.TestDays#testMultipliedBy_int,80.000000
1655,org.joda.time.TestDateMidnight_Basics#testToGregorianCalendar,463.000000
1656,org.joda.time.TestDateTimeZoneCutover#test_MockTurkIsCorrect,337.000000
1657,org.joda.time.TestInterval_Constructors#testConstructor_RI_RD4,322.000000
1658,org.joda.time.chrono.TestCopticChronology#testDateFields,310.000000
1659,org.joda.time.TestPeriod_Constructors#testConstructor_RI_RI5,269.000000
1660,org.joda.time.TestDays#testGetFieldType,77.000000
1661,org.joda.time.TestDateMidnight_Basics#testWithChronology_Chronology,461.000000
1662,org.joda.time.TestDateTimeZoneCutover#test_DateTime_roundFloor_minute_NewYork_Spring_postCutover,366.000000
1663,org.joda.time.TestInterval_Constructors#testConstructor_RI_RI1,329.000000
1664,org.joda.time.chrono.TestCopticChronology#testTimeFields,310.000000
1665,org.joda.time.TestPeriod_Constructors#testConstructor_4int1,273.000000
1666,org.joda.time.TestDays#testDividedBy_int,79.000000
1667,org.joda.time.TestDateMidnight_Basics#testToLocalDate,464.000000
1668,org.joda.time.TestDateTimeZoneCutover#test_getOffsetFromLocal_Guatemata_Autumn,356.000000
1669,org.joda.time.TestInterval_Constructors#testConstructor_RI_RI4,330.000000
1670,org.joda.time.chrono.TestCopticChronology#testWithUTC,308.000000
1671,org.joda.time.TestPeriod_Constructors#testConstructor_RP_RP_PeriodType3,282.000000
1672,org.joda.time.TestDays#testSerialization,78.000000
1673,org.joda.time.TestDateMidnight_Basics#testToMutableDateTime_DateTimeZone,463.000000
1674,org.joda.time.TestDateTimeZoneCutover#test_MutableDateTime_withZoneRetainFields_Gaza,355.000000
1675,org.joda.time.TestInterval_Constructors#testConstructor_RI_RI5,330.000000
1676,org.joda.time.chrono.TestCopticChronology#testFactoryUTC,287.000000
1677,org.joda.time.TestSerialization#testSerializedGregorianChronology,244.000000
1678,org.joda.time.TestDays#testToString,78.000000
1679,org.joda.time.TestPartial_Match#testIsMatch_Partial,457.000000
1680,org.joda.time.TestDateTimeZoneCutover#test_DateTime_roundCeiling_hour_NewYork_Spring_preCutover,365.000000
1681,org.joda.time.TestInterval_Constructors#testConstructor_RI_RI6,328.000000
1682,org.joda.time.chrono.TestCopticChronology#testEquality,308.000000
1683,org.joda.time.TestInstant_Basics#testCompareTo,247.000000
1684,org.joda.time.TestDays#testPlus_Days,81.000000
1685,org.joda.time.TestPartial_Match#testIsMatch_Instant,476.000000
1686,org.joda.time.TestDateTimeZoneCutover#test_DateTime_roundCeiling_day_NewYork_Autumn_preCutover,395.000000
1687,org.joda.time.TestInterval_Constructors#testConstructor_RI_RI7,327.000000
1688,org.joda.time.chrono.TestIslamicChronology#testIndianBasedLeapYear,281.000000
1689,org.joda.time.TestInstant_Basics#testToDateTime_DateTimeZone,261.000000
1690,org.joda.time.TestDays#testToStandardMinutes,86.000000
1691,org.joda.time.chrono.TestBuddhistChronology#testDateFields,431.000000
1692,org.joda.time.TestDateTimeZoneCutover#test_DateTime_roundFloor_hour_NewYork_Spring_postCutover,366.000000
1693,org.joda.time.TestInterval_Constructors#testConstructor_RI_RP4,353.000000
1694,org.joda.time.chrono.TestIslamicChronology#testHabashAlHasibBasedLeapYear,281.000000
1695,org.joda.time.TestInstant_Basics#testToDateTime_Chronology,261.000000
1696,org.joda.time.TestDays#testIsLessThan,78.000000
1697,org.joda.time.chrono.TestBuddhistChronology#testWithZone,431.000000
1698,org.joda.time.TestDateTimeZoneCutover#test_DateTime_roundCeiling_hourOfDay_NewYork_Autumn_postCutover,397.000000
1699,org.joda.time.TestInterval_Constructors#testConstructor_RI_RP7,348.000000
1700,org.joda.time.chrono.TestIslamicChronology#testFactory,303.000000
1701,org.joda.time.TestInstant_Basics#testToMutableDateTime_Chronology,261.000000
1702,org.joda.time.TestDays#testToStandardDuration,83.000000
1703,org.joda.time.chrono.TestBuddhistChronology#testCalendar,403.000000
1704,org.joda.time.TestDateTimeZoneCutover#test_DateTime_roundFloor_day_NewYork_Autumn_preCutover,395.000000
1705,org.joda.time.TestInterval_Constructors#testConstructor_RI_RP8,344.000000
1706,org.joda.time.TestMutablePeriod_Constructors#testConstructor_long_Chronology1,292.000000
1707,org.joda.time.chrono.TestIslamicChronology#testEra,284.000000
1708,org.joda.time.TestDays#testToStandardHours,86.000000
1709,org.joda.time.TestLocalDateTime_Basics#testMinusHours_int,453.000000
1710,org.joda.time.TestDateTimeZoneCutover#test_DateTime_plusDayMidGap_Gaza,356.000000
1711,org.joda.time.TestInterval_Constructors#testConstructor_RP_RI4,353.000000
1712,org.joda.time.TestMutablePeriod_Constructors#testConstructor_Object_Chronology1,324.000000
1713,org.joda.time.chrono.TestIslamicChronology#testEpoch,289.000000
1714,org.joda.time.TestDays#testIsGreaterThan,78.000000
1715,org.joda.time.TestLocalDateTime_Basics#testPlusHours_int,452.000000
1716,org.joda.time.TestDateTimeZoneCutover#test_DateTime_plusDayMidGap_Turk,356.000000
1717,org.joda.time.TestInterval_Constructors#testConstructor_RP_RI7,348.000000
1718,org.joda.time.chrono.TestIslamicChronology#testToString,305.000000
1719,org.joda.time.TestMutablePeriod_Constructors#testConstructor_long_PeriodType_Chronology1,290.000000
1720,org.joda.time.TestDays#testToStandardWeeks,83.000000
1721,org.joda.time.TestLocalDateTime_Basics#testMinusSeconds_int,453.000000
1722,org.joda.time.TestDateTimeZoneCutover#test_DateTime_setHourBack_NewYork_Spring,380.000000
1723,org.joda.time.TestInterval_Constructors#testConstructor_RP_RI8,344.000000
1724,org.joda.time.chrono.TestIslamicChronology#testFactory_Zone,302.000000
1725,org.joda.time.field.TestOffsetDateTimeField#test_getMaximumValue_long,242.000000
1726,org.joda.time.TestDays#testNegated,80.000000
1727,org.joda.time.TestLocalDateTime_Basics#testPlusMonths_int,453.000000
1728,org.joda.time.TestDateTimeZoneCutover#test_DateTime_setHourBack_Moscow_Spring,407.000000
1729,org.joda.time.TestInterval_Constructors#testConstructor_long_long_nullZone,328.000000
1730,org.joda.time.chrono.TestIslamicChronology#testDateFields,304.000000
1731,org.joda.time.field.TestOffsetDateTimeField#test_roundCeiling_long,252.000000
1732,org.joda.time.TestMutablePeriod_Constructors#testConstructor_RI_RI5,72.000000
1733,org.joda.time.TestLocalDateTime_Basics#testPlusMillis_int,452.000000
1734,org.joda.time.TestDateTimeZoneCutover#test_DateTime_setHourAcross_Moscow_Spring,398.000000
1735,org.joda.time.TestInterval_Constructors#testConstructor_RI_RI_zones,330.000000
1736,org.joda.time.chrono.TestIslamicChronology#testTimeFields,304.000000
1737,org.joda.time.field.TestOffsetDateTimeField#test_add_long_int,261.000000
1738,org.joda.time.TestMutablePeriod_Constructors#testConstructor_4int1,76.000000
1739,org.joda.time.TestLocalDateTime_Basics#testMinusWeeks_int,453.000000
1740,org.joda.time.TestDateTimeZoneCutover#test_NewYorkIsCorrect_Autumn,377.000000
1741,org.joda.time.TestDateTime_Constructors#testConstructor_int_int_int_int_int_int_int_nullDateTimeZone,322.000000
1742,org.joda.time.chrono.TestIslamicChronology#test16BasedLeapYear,281.000000
1743,org.joda.time.field.TestOffsetDateTimeField#test_getDifference_long_long,256.000000
1744,org.joda.time.field.TestMillisDurationField#test_getName,3.000000
1745,org.joda.time.TestLocalDateTime_Basics#testIsEqual_LocalDateTime,449.000000
1746,org.joda.time.TestDateTimeZoneCutover#test_DateTime_roundCeiling_Gaza,358.000000
1747,org.joda.time.TestDateTime_Constructors#testConstructor_int_int_int_int_int_int_int_DateTimeZone,324.000000
1748,org.joda.time.chrono.TestIslamicChronology#test15BasedLeapYear,281.000000
1749,org.joda.time.field.TestOffsetDateTimeField#test_getAsShortText_RP_Locale,266.000000
1750,org.joda.time.field.TestMillisDurationField#test_getType,6.000000
1751,org.joda.time.TestLocalDateTime_Basics#testPlusWeeks_int,452.000000
1752,org.joda.time.TestDateTimeZoneCutover#test_DateTime_roundCeiling_Turk,358.000000
1753,org.joda.time.TestDateTime_Constructors#testConstructor_int_int_int_int_int_int_DateTimeZone,321.000000
1754,org.joda.time.chrono.TestIslamicChronology#testWithUTC,302.000000
1755,org.joda.time.field.TestOffsetDateTimeField#test_getAsText_RP_Locale,265.000000
1756,org.joda.time.field.TestMillisDurationField#test_add_long_int,4.000000
1757,org.joda.time.TestLocalDateTime_Basics#testWithField_DateTimeFieldType_int_1,447.000000
1758,org.joda.time.TestDateTimeZoneCutover#test_DateTime_plusHour_Moscow_Autumn,393.000000
1759,org.joda.time.TestDateTime_Constructors#testConstructor_int_int_int_int_int_DateTimeZone,321.000000
1760,org.joda.time.chrono.TestIslamicChronology#testFieldConstructor,291.000000
1761,org.joda.time.field.TestOffsetDateTimeField#test_getMinimumValue_long,242.000000
1762,org.joda.time.field.TestMillisDurationField#test_getMillis_int_long,3.000000
1763,org.joda.time.TestLocalDateTime_Basics#testWithFieldAdded_DurationFieldType_int_1,450.000000
1764,org.joda.time.TestDateTimeZoneCutover#test_GuatemataIsCorrect_Autumn,345.000000
1765,org.joda.time.TestDateTime_Constructors#testConstructor_int_int_int_int_int_int_int_nullChronology,321.000000
1766,org.joda.time.chrono.TestIslamicChronology#testFactoryUTC,281.000000
1767,org.joda.time.field.TestOffsetDateTimeField#test_roundFloor_long,252.000000
1768,org.joda.time.field.TestMillisDurationField#test_toString,3.000000
1769,org.joda.time.TestLocalDateTime_Basics#testMinusMonths_int,454.000000
1770,org.joda.time.TestDateTimeZoneCutover#test_DateTime_roundCeiling_hourOfDay_NewYork_Autumn_preCutover,394.000000
1771,org.joda.time.TestDateTime_Constructors#testConstructor_int_int_int_int_int_nullChronology,321.000000
1772,org.joda.time.chrono.TestIslamicChronology#testEquality,302.000000
1773,org.joda.time.field.TestMillisDurationField#test_compareTo,239.000000
1774,org.joda.time.field.TestMillisDurationField#test_getMillis_int,3.000000
1775,org.joda.time.TestLocalDateTime_Basics#testMinusDays_int,453.000000
1776,org.joda.time.TestDateTimeZoneCutover#test_DateTime_minusHour_Gaza,356.000000
1777,org.joda.time.TestDateTime_Constructors#testConstructor_int_int_int_int_int_int_int,327.000000
1778,org.joda.time.chrono.TestEthiopicChronology#testDurationFields,317.000000
1779,org.joda.time.field.TestScaledDurationField#test_equals,239.000000
1780,org.joda.time.field.TestPreciseDurationDateTimeField#test_isLeap_long,23.000000
1781,org.joda.time.TestLocalDateTime_Basics#testMinus_RP,487.000000
1782,org.joda.time.TestDateTimeZoneCutover#test_DateTime_minusHour_Turk,356.000000
1783,org.joda.time.TestDateTime_Constructors#testConstructor_int_int_int_int_int_int_nullChronology,321.000000
1784,org.joda.time.chrono.TestEthiopicChronology#testEra,291.000000
1785,org.joda.time.TestMutableDateTime_Basics#testToMutableDateTimeISO,258.000000
1786,org.joda.time.field.TestPreciseDurationDateTimeField#test_getLeapDurationField,23.000000
1787,org.joda.time.TestLocalDateTime_Basics#testPlusMinutes_int,452.000000
1788,org.joda.time.TestDateTimeZoneCutover#test_DateTime_plusDay_Gaza,356.000000
1789,org.joda.time.TestMutableDateTime_Properties#testPropertyGetMillisOfSecond,351.000000
1790,org.joda.time.chrono.TestEthiopicChronology#testEpoch,301.000000
1791,org.joda.time.TestMutableDateTime_Basics#testToMutableDateTime,257.000000
1792,org.joda.time.field.TestPreciseDurationDateTimeField#test_getDifferenceAsLong_long_long,24.000000
1793,org.joda.time.TestLocalDateTime_Basics#testMinusMillis_int,453.000000
1794,org.joda.time.TestDateTimeZoneCutover#test_DateTime_plusDay_Turk,356.000000
1795,org.joda.time.TestMutableDateTime_Properties#testPropertyGetSecondOfMinute,351.000000
1796,org.joda.time.chrono.TestEthiopicChronology#testToString,311.000000
1797,org.joda.time.TestMutableDateTime_Basics#testToDateTimeISO,258.000000
1798,org.joda.time.field.TestPreciseDurationDateTimeField#test_isLenient,23.000000
1799,org.joda.time.TestLocalDateTime_Basics#testToDateTime_nullRI,491.000000
1800,org.joda.time.TestMutableDateTime_Properties#testPropertyGetMinuteOfHour,351.000000
1801,org.joda.time.TestDateTimeZoneCutover#test_DateTime_new_Gaza,328.000000
1802,org.joda.time.chrono.TestEthiopicChronology#testFactory_Zone,308.000000
1803,org.joda.time.TestMutableDateTime_Basics#testToInstant,256.000000
1804,org.joda.time.field.TestPreciseDurationDateTimeField#test_add_long_long,24.000000
1805,org.joda.time.TestLocalDateTime_Basics#testWithDate,451.000000
1806,org.joda.time.TestMutableDateTime_Properties#testPropertyGetYear,362.000000
1807,org.joda.time.TestDateTimeZoneCutover#test_DateTime_new_Turk,328.000000
1808,org.joda.time.chrono.TestEthiopicChronology#testDateFields,310.000000
1809,org.joda.time.TestMutableDateTime_Basics#testToDateTime,258.000000
1810,org.joda.time.field.TestPreciseDurationDateTimeField#test_remainder_long,23.000000
1811,org.joda.time.TestLocalDateTime_Basics#testWithTime,451.000000
1812,org.joda.time.TestDateTimeZoneCutover#test_DateTime_plusHour_Gaza,355.000000
1813,org.joda.time.TestMutableDateTime_Properties#testPropertyToIntervalMillisOfSecond,343.000000
1814,org.joda.time.chrono.TestEthiopicChronology#testTimeFields,310.000000
1815,org.joda.time.TestMutableDateTime_Basics#testToGregorianCalendar,261.000000
1816,org.joda.time.field.TestPreciseDurationDateTimeField#test_roundHalfCeiling_long,25.000000
1817,org.joda.time.TestLocalDateTime_Basics#testMinusMinutes_int,453.000000
1818,org.joda.time.TestDateTimeZoneCutover#test_DateTime_plusHour_Turk,355.000000
1819,org.joda.time.TestMutableDateTime_Properties#testPropertyToIntervalSecondOfMinute,343.000000
1820,org.joda.time.chrono.TestEthiopicChronology#testCalendar,336.000000
1821,org.joda.time.TestMutableDateTime_Adds#testAdd_DurationFieldType_int2,254.000000
1822,org.joda.time.field.TestPreciseDurationDateTimeField#test_isSupported,23.000000
1823,org.joda.time.TestLocalDateTime_Basics#testPlusDays_int,452.000000
1824,org.joda.time.TestDateTimeZoneCutover#test_DateTime_roundCeiling_minuteOfHour_NewYork_Autumn_postCutover,397.000000
1825,org.joda.time.TestMutableDateTime_Properties#testPropertyGetYearOfEra,352.000000
1826,org.joda.time.chrono.TestEthiopicChronology#testWithUTC,308.000000
1827,org.joda.time.TestBaseSingleFieldPeriod#testToMutablePeriod,272.000000
1828,org.joda.time.field.TestPreciseDurationDateTimeField#test_getLeapAmount_long,23.000000
1829,org.joda.time.TestLocalDateTime_Basics#testMinusYears_int,456.000000
1830,org.joda.time.TestDateTimeZoneCutover#test_NewYorkIsCorrect_Spring,345.000000
1831,org.joda.time.TestMutableDateTime_Properties#testPropertyToIntervalYear,344.000000
1832,org.joda.time.chrono.TestEthiopicChronology#testFactoryUTC,287.000000
1833,org.joda.time.TestMutableDateTime_Sets#testSetDateTime_int_int_int_int_int_int_int2,265.000000
1834,org.joda.time.field.TestBaseDateTimeField#test_remainder_long,20.000000
1835,org.joda.time.TestLocalDateTime_Basics#testPlusYears_int,455.000000
1836,org.joda.time.TestDateTimeZoneCutover#test_DateTime_addWrapFieldDay_Turk,368.000000
1837,org.joda.time.TestMutableDateTime_Properties#testPropertyGetHourOfDay,351.000000
1838,org.joda.time.chrono.TestEthiopicChronology#testEquality,308.000000
1839,org.joda.time.TestMutableDateTime_Sets#testSetZoneRetainFields_DateTimeZone2,259.000000
1840,org.joda.time.field.TestScaledDurationField#test_add_long_int,13.000000
1841,org.joda.time.TestLocalDateTime_Basics#testToLocalDate,451.000000
1842,org.joda.time.TestDateTimeZoneCutover#test_DateTime_roundFloor_day_NewYork_Autumn_postCutover,398.000000
1843,org.joda.time.TestMutableDateTime_Properties#testPropertyGetDayOfMonth,372.000000
1844,org.joda.time.chrono.TestEthiopicChronology#testDurationMonth,324.000000
1845,org.joda.time.TestMutableDateTime_Sets#testSet_DateTimeFieldType_int2,254.000000
1846,org.joda.time.field.TestScaledDurationField#test_getScalar,10.000000
1847,org.joda.time.TestLocalDateTime_Basics#testToLocalTime,454.000000
1848,org.joda.time.TestDateTimeZoneCutover#test_DateTime_minusHour_NewYork_Autumn,391.000000
1849,org.joda.time.TestMutableDateTime_Properties#testPropertyGetYearOfCentury,353.000000
1850,org.joda.time.TestMonthDay_Constructors#testFactory_FromCalendarFields,274.000000
1851,org.joda.time.TestDurationFieldType#test_weekyears,241.000000
1852,org.joda.time.field.TestScaledDurationField#test_getMillis_int_long,12.000000
1853,org.joda.time.TestLocalDateTime_Basics#testPlusSeconds_int,452.000000
1854,org.joda.time.TestDateTimeZoneCutover#test_DateTime_roundFloor_secondOfMinute_NewYork_Autumn_postCutover,398.000000
1855,org.joda.time.TestMutableDateTime_Properties#testPropertyToIntervalHourOfDay,343.000000
1856,org.joda.time.TestMonthDay_Constructors#testConstructor_Chronology,284.000000
1857,org.joda.time.TestDurationFieldType#test_halfdays,241.000000
1858,org.joda.time.field.TestScaledDurationField#test_isSupported,10.000000
1859,org.joda.time.TestPartial_Basics#testGetFieldTypes,447.000000
1860,org.joda.time.TestDateTimeZoneCutover#test_DateTime_roundCeiling_minute_NewYork_Spring_postCutover,366.000000
1861,org.joda.time.TestMutableInterval_Updates#testSePeriodAfterStart_RI2,342.000000
1862,org.joda.time.TestMonthDay_Constructors#testConstructor_long_nullChronology,284.000000
1863,org.joda.time.TestDurationFieldType#test_days,241.000000
1864,org.joda.time.field.TestScaledDurationField#test_getMillis_int,12.000000
1865,org.joda.time.TestPartial_Basics#testToString_String,497.000000
1866,org.joda.time.TestDateTimeZoneCutover#test_DateTime_roundFloor_Gaza,358.000000
1867,org.joda.time.TestMutableInterval_Updates#testSePeriodBeforeEnd_RI2,342.000000
1868,org.joda.time.TestMonthDay_Constructors#testConstructor_long1,285.000000
1869,org.joda.time.TestDurationFieldType#test_centuries,241.000000
1870,org.joda.time.field.TestPreciseDateTimeField#test_getRange,25.000000
1871,org.joda.time.TestPartial_Basics#testSerialization,459.000000
1872,org.joda.time.TestDateTimeZoneCutover#test_DateTime_roundFloor_Turk,358.000000
1873,org.joda.time.TestTimeOfDay_Constructors#testConstructor_nullDateTimeZone,349.000000
1874,org.joda.time.TestMonthDay_Constructors#testFactory_FromDateFields,274.000000
1875,org.joda.time.TestDurationFieldType#test_millis,241.000000
1876,org.joda.time.field.TestPreciseDateTimeField#test_addWrapField_long_int,30.000000
1877,org.joda.time.TestPartial_Basics#testToString_DTFormatter,497.000000
1878,org.joda.time.TestPeriod_Constructors#testConstructor_long_long2,363.000000
1879,org.joda.time.TestDateTimeZoneCutover#test_MockGazaIsCorrect,337.000000
1880,org.joda.time.TestMonthDay_Constructors#testConstructor,287.000000
1881,org.joda.time.TestDurationFieldType#test_months,241.000000
1882,org.joda.time.field.TestPreciseDurationField#testSerialization,9.000000
1883,org.joda.time.TestPartial_Basics#testMinus_RP,521.000000
1884,org.joda.time.TestPeriod_Constructors#testConstructor_long_long_PeriodType_Chronology2,363.000000
1885,org.joda.time.TestDateTimeZoneCutover#test_DateTime_withDay_Turk,360.000000
1886,org.joda.time.TestPartial_Constructors#testConstructor_TypeArray_intArray,280.000000
1887,org.joda.time.TestDurationFieldType#test_minutes,241.000000
1888,org.joda.time.field.TestPreciseDurationField#test_getMillis_long_long,8.000000
1889,org.joda.time.TestPartial_Basics#testToString_String_Locale,500.000000
1890,org.joda.time.TestMutableDateTime_Properties#testPropertyAddWrapFieldDayOfWeek,414.000000
1891,org.joda.time.TestPeriod_Constructors#testConstructor_RI_RI_PeriodType1,366.000000
1892,org.joda.time.TestPartial_Constructors#testConstructor_Partial,279.000000
1893,org.joda.time.TestDurationFieldType#test_seconds,241.000000
1894,org.joda.time.field.TestPreciseDurationField#test_add_long_int,8.000000
1895,org.joda.time.TestPartial_Basics#testWithField1,492.000000
1896,org.joda.time.TestMutableDateTime_Properties#testPropertyAddYear,406.000000
1897,org.joda.time.TestPeriod_Constructors#testConstructor_RI_RI_PeriodType3,368.000000
1898,org.joda.time.TestPartial_Constructors#testConstructorEx8_TypeArray_intArray,256.000000
1899,org.joda.time.TestDurationFieldType#test_hours,241.000000
1900,org.joda.time.field.TestPreciseDurationField#test_isPrecise,7.000000
1901,org.joda.time.TestPartial_Basics#testWithChronologyRetainFields_nullChrono,496.000000
1902,org.joda.time.TestMutableDateTime_Properties#testPropertySetDayOfMonth,407.000000
1903,org.joda.time.TestPeriod_Constructors#testConstructor_RI_RI_PeriodType4,368.000000
1904,org.joda.time.TestTimeOfDay_Properties#testPropertyAddHour,276.000000
1905,org.joda.time.TestDurationFieldType#test_other,240.000000
1906,org.joda.time.field.TestPreciseDurationField#test_getDifferenceAsLong_long_long,8.000000
1907,org.joda.time.TestPartial_Basics#testWithFieldAddWrapped1,497.000000
1908,org.joda.time.TestMutableDateTime_Properties#testPropertyAddDayOfWeek,406.000000
1909,org.joda.time.TestPeriod_Constructors#testConstructor_RD_RI1,379.000000
1910,org.joda.time.TestTimeOfDay_Properties#testPropertyAddNoWrapHour,276.000000
1911,org.joda.time.TestDurationFieldType#test_weeks,241.000000
1912,org.joda.time.field.TestPreciseDurationField#test_add_long_long,9.000000
1913,org.joda.time.TestLocalDate_Basics#testGetFieldTypes,447.000000
1914,org.joda.time.TestMutableDateTime_Properties#testPropertyAddDayOfYear,406.000000
1915,org.joda.time.TestPeriod_Constructors#testConstructor_RD_RI2,349.000000
1916,org.joda.time.TestTimeOfDay_Properties#testPropertyWithMaximumValueHour,278.000000
1917,org.joda.time.TestDurationFieldType#test_years,241.000000
1918,org.joda.time.field.TestPreciseDurationField#test_getMillis_int_long,7.000000
1919,org.joda.time.TestLocalDate_Basics#testToLocalDateTime_wrongChronologyLocalTime,448.000000
1920,org.joda.time.TestMutableDateTime_Properties#testPropertyAddWrapFieldWeekOfWeekyear,419.000000
1921,org.joda.time.TestPeriod_Constructors#testConstructor_RI_RD1,379.000000
1922,org.joda.time.TestLocalDateTime_Properties#testPropertyAddToCopyMinute,319.000000
1923,org.joda.time.TestDateMidnight_Constructors#testConstructor_badconverterObject,296.000000
1924,org.joda.time.field.TestPreciseDurationField#test_getMillis_int,8.000000
1925,org.joda.time.TestLocalDate_Basics#testPlusMonths_int,455.000000
1926,org.joda.time.TestMutableDateTime_Properties#testPropertyAddMonthOfYear,406.000000
1927,org.joda.time.TestPeriod_Constructors#testConstructor_RI_RD2,348.000000
1928,org.joda.time.TestLocalDateTime_Properties#testPropertyAddWrapFieldToCopyDay,327.000000
1929,org.joda.time.TestMutableInterval_Constructors#testConstructor_RD_RI2,256.000000
1930,org.joda.time.TestPeriodType#testIsSupported,59.000000
1931,org.joda.time.TestLocalDate_Basics#testToString_String,494.000000
1932,org.joda.time.TestMutableDateTime_Properties#testPropertyAddWrapFieldDayOfMonth,412.000000
1933,org.joda.time.TestPeriod_Constructors#testConstructor_RI_RI2,366.000000
1934,org.joda.time.TestLocalDateTime_Properties#testPropertyCompareToYear,310.000000
1935,org.joda.time.TestMutableInterval_Constructors#testConstructor_RI_RD2,256.000000
1936,org.joda.time.TestBaseSingleFieldPeriod#testGetSetValue,35.000000
1937,org.joda.time.TestLocalDate_Basics#testSize,442.000000
1938,org.joda.time.TestMutableDateTime_Properties#testPropertySetTextYear,409.000000
1939,org.joda.time.TestPeriod_Constructors#testConstructor_RI_RI3,368.000000
1940,org.joda.time.TestLocalDateTime_Properties#testPropertyAddToCopySecond,319.000000
1941,org.joda.time.TestMutableInterval_Constructors#testConstructor_RI_RI3,251.000000
1942,org.joda.time.TestBaseSingleFieldPeriod#testGet,45.000000
1943,org.joda.time.TestLocalDate_Basics#testMinusWeeks_int,455.000000
1944,org.joda.time.TestMutableDateTime_Properties#testPropertyAddWeekOfWeekyear,406.000000
1945,org.joda.time.TestPeriod_Constructors#testConstructor_RI_RI4,368.000000
1946,org.joda.time.TestMutableInterval_Constructors#testConstructor_RI_RP2,336.000000
1947,org.joda.time.TestLocalDateTime_Properties#testPropertyGetMaxMinValuesSecond,302.000000
1948,org.joda.time.TestBaseSingleFieldPeriod#testCompareTo,35.000000
1949,org.joda.time.TestLocalDate_Basics#testPlusWeeks_int,454.000000
1950,org.joda.time.TestMutableDateTime_Properties#testPropertySetTextDayOfYear,414.000000
1951,org.joda.time.TestPeriod_Constructors#testConstructor_RI_RD_PeriodType2,348.000000
1952,org.joda.time.TestMutableInterval_Constructors#testConstructor_RP_RI2,336.000000
1953,org.joda.time.TestLocalDateTime_Properties#testPropertyCompareToMinute,305.000000
1954,org.joda.time.TestBaseSingleFieldPeriod#testIsSupported,44.000000
1955,org.joda.time.TestLocalDate_Basics#testWithField_DateTimeFieldType_int_1,448.000000
1956,org.joda.time.TestMutableDateTime_Properties#testPropertySetMonthOfYear,407.000000
1957,org.joda.time.TestPeriod_Constructors#testConstructor_long_long_PeriodType1,363.000000
1958,org.joda.time.TestLocalDateTime_Properties#testPropertySetCopyTextYear,324.000000
1959,org.joda.time.format.TestISOPeriodFormat#testFormatAlternateWithWeeks,324.000000
1960,org.joda.time.TestDuration_Constructors#testConstructor_Object2,67.000000
1961,org.joda.time.TestLocalDate_Basics#testWithFieldAdded_DurationFieldType_int_1,451.000000
1962,org.joda.time.TestMutableDateTime_Properties#testPropertySetDayOfWeek,411.000000
1963,org.joda.time.TestPeriod_Constructors#testConstructor_long_long_PeriodType2,357.000000
1964,org.joda.time.TestLocalDateTime_Properties#testPropertyCompareToMilli,305.000000
1965,org.joda.time.format.TestISOPeriodFormat#testSubclassableConstructor,265.000000
1966,org.joda.time.TestDuration_Constructors#testConstructor_Object3,69.000000
1967,org.joda.time.TestLocalDate_Basics#testMinusMonths_int,456.000000
1968,org.joda.time.TestMutableDateTime_Properties#testPropertySetDayOfYear,412.000000
1969,org.joda.time.TestPeriod_Constructors#testConstructor_long_long_PeriodType3,365.000000
1970,org.joda.time.format.TestISOPeriodFormat#testFormatAlternateExtended,321.000000
1971,org.joda.time.TestLocalDateTime_Properties#testPropertyCompareToMonth,312.000000
1972,org.joda.time.TestDuration_Constructors#testFactory_standardMinutes_long,47.000000
1973,org.joda.time.TestLocalDate_Basics#testMinusDays_int,455.000000
1974,org.joda.time.TestMutableDateTime_Properties#testPropertySetWeekOfWeekyear,413.000000
1975,org.joda.time.TestPeriod_Constructors#testConstructor_RD_RI_PeriodType1,378.000000
1976,org.joda.time.format.TestISOPeriodFormat#testFormatAlternate,319.000000
1977,org.joda.time.TestLocalDateTime_Properties#testPropertyCompareToSecond,305.000000
1978,org.joda.time.TestDuration_Constructors#testFactory_millis_long,46.000000
1979,org.joda.time.TestLocalDate_Basics#testMinus_RP,489.000000
1980,org.joda.time.TestMutableDateTime_Properties#testPropertySetTextDayOfMonth,409.000000
1981,org.joda.time.TestPeriod_Constructors#testConstructor_RD_RI_PeriodType2,349.000000
1982,org.joda.time.TestLocalDateTime_Properties#testPropertyWithMaximumValueDayOfMonth,327.000000
1983,org.joda.time.format.TestPeriodFormatterBuilder#testFormatPrintZeroRarelyFirstDays,294.000000
1984,org.joda.time.TestDuration_Constructors#testFactory_standardHours_long,47.000000
1985,org.joda.time.TestLocalDate_Basics#testMinusYears_int,458.000000
1986,org.joda.time.TestSerialization#testSerializedDateMidnight,330.000000
1987,org.joda.time.chrono.TestLenientChronology#test_MockTurkIsCorrect,322.000000
1988,org.joda.time.TestLocalDateTime_Properties#testPropertyAddToCopyHour,319.000000
1989,org.joda.time.format.TestPeriodFormatterBuilder#testFormatSeparatorIfFieldsBefore,305.000000
1990,org.joda.time.TestDuration_Constructors#testFactory_standardSeconds_long,47.000000
1991,org.joda.time.TestLocalDate_Basics#testPlusYears_int,457.000000
1992,org.joda.time.TestSerialization#testSerializedTimeOfDay,339.000000
1993,org.joda.time.chrono.TestLenientChronology#test_isoChrononolgy_Chicago,336.000000
1994,org.joda.time.TestLocalDateTime_Properties#testPropertyAddToCopyYear,326.000000
1995,org.joda.time.format.TestPeriodFormatterBuilder#testFormatPrefixPlural1,300.000000
1996,org.joda.time.TestDuration_Constructors#testFactory_standardDays_long,47.000000
1997,org.joda.time.TestLocalDate_Basics#testToDateTimeAtStartOfDay_avoidDST,457.000000
1998,org.joda.time.TestMutableDateTime_Basics#testRounding2,404.000000
1999,org.joda.time.TestMutablePeriod_Constructors#testConstructor_long_long2,360.000000
2000,org.joda.time.TestLocalDateTime_Properties#testPropertyAddWrapFieldToCopyMilli,320.000000
2001,org.joda.time.format.TestPeriodFormatterBuilder#testFormatMillis3Digit,294.000000
2002,org.joda.time.TestDateTimeZone#testForID_String,72.000000
2003,org.joda.time.TestLocalDateTime_Constructors#testConstructor_long2_DateTimeZone,413.000000
2004,org.joda.time.TestMutableDateTime_Basics#testRounding3,407.000000
2005,org.joda.time.TestMutablePeriod_Constructors#testConstructor_RI_RI_PeriodType2,356.000000
2006,org.joda.time.TestLocalDateTime_Properties#testPropertySetCopyTextDay,324.000000
2007,org.joda.time.format.TestPeriodFormatterBuilder#testFormatPrintZeroIfSupported,304.000000
2008,org.joda.time.TestDateTimeZone#testToString,37.000000
2009,org.joda.time.TestLocalDateTime_Constructors#testConstructor_int_int_int_int_int_int,410.000000
2010,org.joda.time.TestMutableDateTime_Basics#testRounding4,407.000000
2011,org.joda.time.TestMutablePeriod_Constructors#testConstructor_RI_RI_PeriodType3,365.000000
2012,org.joda.time.TestLocalDateTime_Properties#testPropertySetCopyTextMonth,332.000000
2013,org.joda.time.format.TestPeriodFormatterBuilder#testFormatPrintZeroRarelyLast,305.000000
2014,org.joda.time.TestDateTimeZone#testTimeZoneConversion,71.000000
2015,org.joda.time.TestMutableDateTime_Basics#testRounding5,409.000000
2016,org.joda.time.TestLocalDateTime_Constructors#testFactory_FromCalendarFields,403.000000
2017,org.joda.time.TestMutablePeriod_Constructors#testConstructor_RI_RI_PeriodType4,364.000000
2018,org.joda.time.TestLocalDateTime_Properties#testPropertyGetYear,320.000000
2019,org.joda.time.format.TestPeriodFormatterBuilder#testFormatPrintZeroNever,304.000000
2020,org.joda.time.TestDateTimeZone#testGetNameProviderName,39.000000
2021,org.joda.time.TestLocalDateTime_Constructors#testConstructor_long1,414.000000
2022,org.joda.time.TestMutableDateTime_Basics#testRounding6,402.000000
2023,org.joda.time.TestMutablePeriod_Constructors#testConstructor_RI_RD2,344.000000
2024,org.joda.time.TestLocalDateTime_Properties#testPropertyGetMaxMinValuesHour,302.000000
2025,org.joda.time.format.TestPeriodFormatterBuilder#testFormatSecondsWithMillis,296.000000
2026,org.joda.time.TestDateMidnight_Constructors#testConstructor_invalidObject_DateTimeZone,70.000000
2027,org.joda.time.TestLocalDateTime_Constructors#testConstructor_DateTimeZone,438.000000
2028,org.joda.time.TestMutableDateTime_Sets#testSetMinuteOfHour_int2,403.000000
2029,org.joda.time.TestMutablePeriod_Constructors#testConstructor_RI_RI2,363.000000
2030,org.joda.time.format.TestPeriodFormatterBuilder#testFormatSeparatorComplex,310.000000
2031,org.joda.time.TestLocalDateTime_Properties#testPropertyGetMaxMinValuesYear,301.000000
2032,org.joda.time.TestDateMidnight_Constructors#testConstructor_invalidObject,70.000000
2033,org.joda.time.TestTimeOfDay_Basics#testPlusHours_int,464.000000
2034,org.joda.time.TestMutableDateTime_Sets#testSetDayOfWeek_int2,407.000000
2035,org.joda.time.TestMutablePeriod_Constructors#testConstructor_RI_RI3,364.000000
2036,org.joda.time.TestLocalDateTime_Properties#testPropertyWithMinimumValueHour,324.000000
2037,org.joda.time.TestMutableDateTime_Constructors#testConstructor_Object_Chronology,272.000000
2038,org.joda.time.TestHours#testMultipliedBy_int,80.000000
2039,org.joda.time.TestTimeOfDay_Basics#testMinusSeconds_int,465.000000
2040,org.joda.time.TestMutableDateTime_Sets#testSetMonthOfYear_int2,403.000000
2041,org.joda.time.TestMutablePeriod_Constructors#testConstructor_RI_RI4,364.000000
2042,org.joda.time.TestLocalDateTime_Properties#testPropertyHashCode,311.000000
2043,org.joda.time.TestMutableDateTime_Constructors#testConstructor_nullObject_nullDateTimeZone,279.000000
2044,org.joda.time.TestHours#testGetFieldType,77.000000
2045,org.joda.time.TestTimeOfDay_Basics#testPlusMillis_int,464.000000
2046,org.joda.time.TestMutableDateTime_Sets#testSetSecondOfDay_int2,403.000000
2047,org.joda.time.TestMutablePeriod_Constructors#testConstructor_RI_RD_PeriodType2,344.000000
2048,org.joda.time.TestLocalDateTime_Properties#testPropertyWithMaximumValueHour,324.000000
2049,org.joda.time.TestMutableDateTime_Constructors#testConstructor_Chronology,251.000000
2050,org.joda.time.TestHours#testDividedBy_int,79.000000
2051,org.joda.time.TestTimeOfDay_Basics#testMinus_RP,484.000000
2052,org.joda.time.TestMutableDateTime_Sets#testSetDayOfMonth_int2,404.000000
2053,org.joda.time.TestMutablePeriod_Constructors#testConstructor_long_long_PeriodType2,353.000000
2054,org.joda.time.TestLocalDateTime_Properties#testPropertySetCopyMonth,323.000000
2055,org.joda.time.TestMutableDateTime_Constructors#testConstructor_Object,280.000000
2056,org.joda.time.TestHours#testSerialization,78.000000
2057,org.joda.time.TestTimeOfDay_Basics#testPlusMinutes_int,464.000000
2058,org.joda.time.TestMutableDateTime_Sets#testSetSecondOfMinute_int2,403.000000
2059,org.joda.time.TestMutablePeriod_Constructors#testConstructor_long_long_PeriodType3,362.000000
2060,org.joda.time.TestLocalDateTime_Properties#testPropertySetMinute,322.000000
2061,org.joda.time.TestMutableDateTime_Constructors#testConstructor_DateTimeZone,258.000000
2062,org.joda.time.TestHours#testToString,78.000000
2063,org.joda.time.TestTimeOfDay_Basics#testMinusMillis_int,465.000000
2064,org.joda.time.TestMutableDateTime_Sets#testSetMinuteOfDay_int2,403.000000
2065,org.joda.time.TestWeeks#testFactory_standardWeeksIn_RPeriod,340.000000
2066,org.joda.time.field.TestOffsetDateTimeField#test_set_RP_int_intarray_int,326.000000
2067,org.joda.time.TestLocalDateTime_Properties#testPropertyAddToCopyDay,319.000000
2068,org.joda.time.TestHours#testToStandardMinutes,86.000000
2069,org.joda.time.TestTimeOfDay_Basics#testMinusMinutes_int,465.000000
2070,org.joda.time.TestMutableDateTime_Sets#testSetDayOfYear_int2,408.000000
2071,org.joda.time.TestLocalDateTime_Properties#testPropertyWithMinimumValueDayOfMonth,326.000000
2072,org.joda.time.field.TestOffsetDateTimeField#test_getMinimumValue_RP,322.000000
2073,org.joda.time.TestYearMonth_Constructors#testConstructor_Chronology,281.000000
2074,org.joda.time.TestHours#testToStandardDays,83.000000
2075,org.joda.time.TestTimeOfDay_Basics#testWithField1,458.000000
2076,org.joda.time.TestMutableDateTime_Sets#testSetHourOfDay_int2,403.000000
2077,org.joda.time.TestLocalDateTime_Properties#testPropertySetSecond,322.000000
2078,org.joda.time.field.TestOffsetDateTimeField#test_getMaximumValue_RP,322.000000
2079,org.joda.time.TestYearMonth_Constructors#testConstructor_long_nullChronology,281.000000
2080,org.joda.time.TestHours#testIsLessThan,78.000000
2081,org.joda.time.TestTimeOfDay_Basics#testToLocalTime,465.000000
2082,org.joda.time.TestMutableDateTime_Sets#testSetMilliOfSecond_int2,403.000000
2083,org.joda.time.field.TestOffsetDateTimeField#test_add_RP_int_intarray_int,324.000000
2084,org.joda.time.TestLocalDateTime_Properties#testPropertyGetMinute,319.000000
2085,org.joda.time.TestYearMonth_Constructors#testConstructor_long1,282.000000
2086,org.joda.time.TestHours#testPlus_Hours,81.000000
2087,org.joda.time.TestTimeOfDay_Basics#testPlusSeconds_int,464.000000
2088,org.joda.time.TestMutableDateTime_Sets#testSetWeekOfWeekyear_int1,410.000000
2089,org.joda.time.field.TestOffsetDateTimeField#test_getMaximumValue_RP_intarray,322.000000
2090,org.joda.time.TestLocalDateTime_Properties#testPropertyGetSecond,319.000000
2091,org.joda.time.TestYearMonth_Constructors#testFactory_FromDateFields,271.000000
2092,org.joda.time.TestHours#testToStandardSeconds,86.000000
2093,org.joda.time.TestYearMonthDay_Basics#testMinusMonths_int,467.000000
2094,org.joda.time.TestMutableDateTime_Sets#testSetMilliOfDay_int2,403.000000
2095,org.joda.time.TestLocalDateTime_Properties#testPropertyWithMaxMinValueMinute,327.000000
2096,org.joda.time.field.TestOffsetDateTimeField#test_getMinimumValue_RP_intarray,322.000000
2097,org.joda.time.TestMutablePeriod_Basics#testSerialization,283.000000
2098,org.joda.time.TestHours#testToStandardDuration,83.000000
2099,org.joda.time.TestYearMonthDay_Basics#testMinusDays_int,466.000000
2100,org.joda.time.TestDateTimeZone#testIsLocalDateTimeGap_Berlin,393.000000
2101,org.joda.time.TestLocalDateTime_Properties#testPropertySetTextHour,322.000000
2102,org.joda.time.field.TestUnsupportedDateTimeField#testNullValuesToGetInstanceThrowsException,311.000000
2103,org.joda.time.TestMutablePeriod_Basics#testEqualsHashCode,287.000000
2104,org.joda.time.TestHours#testIsGreaterThan,78.000000
2105,org.joda.time.TestYearMonthDay_Basics#testMinus_RP,487.000000
2106,org.joda.time.format.TestDateTimeFormat#testFormat_dayOfYearText,382.000000
2107,org.joda.time.TestLocalDateTime_Properties#testPropertyAddToCopyMonth,318.000000
2108,org.joda.time.field.TestUnsupportedDateTimeField#testDifferentDurationReturnDifferentObjects,312.000000
2109,org.joda.time.TestMutablePeriod_Updates#testAdd_RD1,306.000000
2110,org.joda.time.TestHours#testToStandardWeeks,83.000000
2111,org.joda.time.TestYearMonthDay_Basics#testPlusDays_int,465.000000
2112,org.joda.time.format.TestDateTimeFormat#testFormat_weekOfWeekyear,384.000000
2113,org.joda.time.TestLocalDateTime_Properties#testPropertyWithMaxMinValueSecond,327.000000
2114,org.joda.time.field.TestPreciseDurationDateTimeField#test_set_RP_int_intarray_int,324.000000
2115,org.joda.time.TestMutablePeriod_Updates#testAdd_long1,302.000000
2116,org.joda.time.TestHours#testNegated,80.000000
2117,org.joda.time.TestYearMonthDay_Basics#testMinusYears_int,466.000000
2118,org.joda.time.format.TestDateTimeFormat#testFormat_dayOfWeek,381.000000
2119,org.joda.time.TestLocalDateTime_Properties#testPropertyGetDay,326.000000
2120,org.joda.time.field.TestPreciseDurationDateTimeField#test_getMinimumValue_RP,320.000000
2121,org.joda.time.TestMutablePeriod_Updates#testAdd_long_Chronology1,302.000000
2122,org.joda.time.format.TestDateTimeFormat#testSubclassableConstructor,42.000000
2123,org.joda.time.TestYearMonthDay_Basics#testPlusYears_int,466.000000
2124,org.joda.time.format.TestDateTimeFormat#testFormat_fractionOfSecond,374.000000
2125,org.joda.time.field.TestPreciseDurationDateTimeField#test_set_RP_int_intarray_String_Locale,326.000000
2126,org.joda.time.TestLocalDateTime_Properties#testPropertySetMilli,322.000000
2127,org.joda.time.TestPeriod_Basics#testToStandardDays_months,315.000000
2128,org.joda.time.format.TestISODateTimeFormat_Fields#testForFields_empty,1.000000
2129,org.joda.time.TestYearMonthDay_Basics#testToString_String_Locale,519.000000
2130,org.joda.time.format.TestDateTimeFormat#testFormat_dayOfWeekShortText,393.000000
2131,org.joda.time.TestLocalDateTime_Properties#testPropertySetCopyDay,325.000000
2132,org.joda.time.field.TestPreciseDurationDateTimeField#test_getMaximumValue_RP,320.000000
2133,org.joda.time.TestPeriod_Basics#testToStandardHours_years,315.000000
2134,org.joda.time.format.TestISODateTimeFormat#testSubclassableConstructor,42.000000
2135,org.joda.time.TestYearMonthDay_Basics#testWithField1,463.000000
2136,org.joda.time.format.TestDateTimeFormat#testFormat_minute,378.000000
2137,org.joda.time.field.TestPreciseDurationDateTimeField#test_add_RP_int_intarray_int,322.000000
2138,org.joda.time.TestPeriod_Basics#testToString_nullPeriodFormatter,321.000000
2139,org.joda.time.TestLocalDateTime_Properties#testPropertyCompareToDay,314.000000
2140,org.joda.time.format.TestPeriodFormat#testSubclassableConstructor,1.000000
2141,org.joda.time.TestYearMonthDay_Basics#testToLocalDate,463.000000
2142,org.joda.time.format.TestDateTimeFormat#testFormat_second,378.000000
2143,org.joda.time.field.TestPreciseDurationDateTimeField#test_addWrapField_RP_int_intarray_int,324.000000
2144,org.joda.time.TestLocalDateTime_Properties#testPropertyAddWrapFieldToCopyHour,320.000000
2145,org.joda.time.TestPeriod_Basics#testToStandardMinutes_years,315.000000
2146,org.joda.time.format.TestDateTimeFormatterBuilder#test_toPrinter,10.000000
2147,org.joda.time.TestLocalTime_Basics#testMinusHours_int,454.000000
2148,org.joda.time.format.TestDateTimeFormat#testFormat_hourOfDay,378.000000
2149,org.joda.time.TestLocalDateTime_Properties#testPropertySetCopyYear,321.000000
2150,org.joda.time.field.TestPreciseDurationDateTimeField#test_getMaximumValue_RP_intarray,320.000000
2151,org.joda.time.TestPeriod_Basics#testToPeriod,283.000000
2152,org.joda.time.format.TestDateTimeFormatterBuilder#test_canBuildPrinter,10.000000
2153,org.joda.time.TestLocalTime_Basics#testPlusHours_int,453.000000
2154,org.joda.time.format.TestDateTimeFormat#testFormat_fractionOfSecondLong,374.000000
2155,org.joda.time.TestLocalDateTime_Properties#testPropertyWithMaxMinValueMilli,327.000000
2156,org.joda.time.TestPeriod_Basics#testPlus,326.000000
2157,org.joda.time.field.TestPreciseDurationDateTimeField#test_getMinimumValue_RP_intarray,320.000000
2158,org.joda.time.format.TestDateTimeFormatterBuilder#test_toParser,10.000000
2159,org.joda.time.TestLocalTime_Basics#testMinusSeconds_int,454.000000
2160,org.joda.time.format.TestDateTimeFormat#testFormat_weekyear,384.000000
2161,org.joda.time.field.TestBaseDateTimeField#test_set_RP_int_intarray_int,324.000000
2162,org.joda.time.TestLocalDateTime_Properties#testPropertySetHour,322.000000
2163,org.joda.time.TestPeriod_Basics#testWithPeriodType1,285.000000
2164,org.joda.time.format.TestDateTimeFormatterBuilder#test_canBuildParser,10.000000
2165,org.joda.time.TestLocalTime_Basics#testPlusMillis_int,453.000000
2166,org.joda.time.format.TestDateTimeFormat#testFormat_monthOfYear,378.000000
2167,org.joda.time.field.TestBaseDateTimeField#test_getMinimumValue_RP,320.000000
2168,org.joda.time.TestLocalDateTime_Properties#testPropertyGetMilli,319.000000
2169,org.joda.time.TestPeriod_Basics#testTypeIndexMethods,266.000000
2170,org.joda.time.TestMutableDateTime_Constructors#testConstructor_invalidObject_DateTimeZone,71.000000
2171,org.joda.time.TestLocalTime_Basics#testWithField_DateTimeFieldType_int_1,449.000000
2172,org.joda.time.format.TestDateTimeFormat#testFormat_zoneAmount,375.000000
2173,org.joda.time.TestLocalDateTime_Properties#testPropertyGetMonth,334.000000
2174,org.joda.time.field.TestBaseDateTimeField#test_set_RP_int_intarray_String_Locale,326.000000
2175,org.joda.time.TestPeriod_Basics#testToDurationTo,300.000000
2176,org.joda.time.TestMutableDateTime_Constructors#testConstructor_invalidObject,71.000000
2177,org.joda.time.TestLocalTime_Basics#testWithFieldAdded_DurationFieldType_int_1,449.000000
2178,org.joda.time.format.TestDateTimeFormat#testFormat_yearOfEra_twoDigit,436.000000
2179,org.joda.time.TestLocalDateTime_Properties#testPropertySetTextMilli,322.000000
2180,org.joda.time.field.TestBaseDateTimeField#test_getMaximumValue_RP,320.000000
2181,org.joda.time.TestPeriod_Basics#testIsSupported,265.000000
2182,org.joda.time.TestWeeks#testMultipliedBy_int,80.000000
2183,org.joda.time.TestLocalTime_Basics#testMinus_RP,488.000000
2184,org.joda.time.format.TestDateTimeFormat#testFormat_dayOfMonth,378.000000
2185,org.joda.time.field.TestBaseDateTimeField#test_addWrapField_RP_int_intarray_int,324.000000
2186,org.joda.time.TestLocalDateTime_Properties#testPropertySetTextSecond,322.000000
2187,org.joda.time.TestPeriod_Basics#testToStandardSeconds,318.000000
2188,org.joda.time.TestWeeks#testGetFieldType,77.000000
2189,org.joda.time.TestLocalTime_Basics#testPlusMinutes_int,453.000000
2190,org.joda.time.format.TestISODateTimeFormat#testFormat_basicWeekDate,365.000000
2191,org.joda.time.field.TestBaseDateTimeField#test_getMaximumValue_RP_intarray,320.000000
2192,org.joda.time.TestLocalDateTime_Properties#testPropertyGetMaxMinValuesDay,309.000000
2193,org.joda.time.TestPeriod_Basics#testToStandardDuration,278.000000
2194,org.joda.time.TestWeeks#testDividedBy_int,79.000000
2195,org.joda.time.TestLocalTime_Basics#testGetters,443.000000
2196,org.joda.time.format.TestISODateTimeFormat#testFormat_basicTimeNoMillis,357.000000
2197,org.joda.time.field.TestBaseDateTimeField#test_getMinimumValue_RP_intarray,320.000000
2198,org.joda.time.TestLocalDateTime_Properties#testPropertyGetMaxMinValuesMilli,302.000000
2199,org.joda.time.TestPeriod_Basics#testWithField1,271.000000
2200,org.joda.time.TestWeeks#testSerialization,78.000000
2201,org.joda.time.TestLocalTime_Basics#testMinusMillis_int,454.000000
2202,org.joda.time.format.TestISODateTimeFormat#testFormat_hourMinuteSecondFraction,377.000000
2203,org.joda.time.field.TestPreciseDateTimeField#test_set_RP_int_intarray_int,324.000000
2204,org.joda.time.TestLocalDateTime_Properties#testPropertyGetMaxMinValuesMonth,303.000000
2205,org.joda.time.TestLocalTime_Properties#testPropertyCompareToMinute,296.000000
2206,org.joda.time.TestWeeks#testToString,78.000000
2207,org.joda.time.TestLocalTime_Basics#testMinusMinutes_int,454.000000
2208,org.joda.time.format.TestISODateTimeFormat#testFormat_yearMonthDay,370.000000
2209,org.joda.time.TestLocalDateTime_Properties#testPropertyAddWrapFieldToCopyMinute,320.000000
2210,org.joda.time.field.TestPreciseDateTimeField#test_getMinimumValue_RP,320.000000
2211,org.joda.time.TestLocalTime_Properties#testPropertyCompareToMilli,296.000000
2212,org.joda.time.TestWeeks#testToStandardMinutes,86.000000
2213,org.joda.time.TestLocalTime_Basics#testPlusSeconds_int,453.000000
2214,org.joda.time.format.TestISODateTimeFormat#testFormat_weekyearWeekDay,383.000000
2215,org.joda.time.TestYearMonthDay_Properties#testPropertyAddYear,337.000000
2216,org.joda.time.field.TestPreciseDateTimeField#test_set_RP_int_intarray_String_Locale,326.000000
2217,org.joda.time.TestLocalTime_Properties#testPropertyCompareToSecond,296.000000
2218,org.joda.time.TestWeeks#testToStandardDays,86.000000
2219,org.joda.time.TestDateTimeUtils#testGetIntervalChronology_RI_RI,436.000000
2220,org.joda.time.format.TestISODateTimeFormat#testFormat_hourMinuteSecond,367.000000
2221,org.joda.time.TestYearMonthDay_Properties#testPropertyAddMonth,363.000000
2222,org.joda.time.field.TestPreciseDateTimeField#test_getMaximumValue_RP,320.000000
2223,org.joda.time.convert.TestCalendarConverter#testGetInstantMillis_Object_Chronology,264.000000
2224,org.joda.time.TestWeeks#testIsLessThan,78.000000
2225,org.joda.time.TestLocalTime_Constructors#testFactory_FromCalendarFields_Calendar,406.000000
2226,org.joda.time.format.TestISODateTimeFormat#testFormat_dateTime,398.000000
2227,org.joda.time.TestYearMonthDay_Properties#testPropertyCompareToMonth,342.000000
2228,org.joda.time.field.TestPreciseDateTimeField#test_add_RP_int_intarray_int,322.000000
2229,org.joda.time.convert.TestCalendarConverter#testToString,265.000000
2230,org.joda.time.TestWeeks#testPlus_Weeks,81.000000
2231,org.joda.time.TestLocalTime_Constructors#testFactory_FromDateFields_after1970,406.000000
2232,org.joda.time.format.TestISODateTimeFormat#testFormat_tTime,386.000000
2233,org.joda.time.TestYearMonthDay_Properties#testPropertyGetMaxMinValuesYear,331.000000
2234,org.joda.time.field.TestPreciseDateTimeField#test_addWrapField_RP_int_intarray_int,324.000000
2235,org.joda.time.convert.TestCalendarConverter#testGetChronology_Object_Chronology,265.000000
2236,org.joda.time.TestWeeks#testToStandardSeconds,86.000000
2237,org.joda.time.TestLocalTime_Constructors#testConstructor_Chronology,416.000000
2238,org.joda.time.format.TestISODateTimeFormat#testFormat_hourMinute,365.000000
2239,org.joda.time.TestYearMonthDay_Properties#testPropertyHashCode,334.000000
2240,org.joda.time.field.TestPreciseDateTimeField#test_getMaximumValue_RP_intarray,320.000000
2241,org.joda.time.convert.TestConverterManager#testGetInstantConverterBadMultipleMatches,281.000000
2242,org.joda.time.TestWeeks#testToStandardDuration,83.000000
2243,org.joda.time.TestLocalTime_Constructors#testConstructor_long_DateTimeZone,416.000000
2244,org.joda.time.format.TestISODateTimeFormat#testFormat_timeNoMillis,374.000000
2245,org.joda.time.TestYearMonthDay_Properties#testPropertySetTextYear,339.000000
2246,org.joda.time.field.TestPreciseDateTimeField#test_getMinimumValue_RP_intarray,320.000000
2247,org.joda.time.convert.TestConverterManager#testGetDurationConverter,271.000000
2248,org.joda.time.TestWeeks#testToStandardHours,86.000000
2249,org.joda.time.TestLocalTime_Constructors#testConstructor_long1,417.000000
2250,org.joda.time.format.TestISODateTimeFormat#testFormat_basicTTimeNoMillis,369.000000
2251,org.joda.time.TestYearMonthDay_Properties#testPropertyGetDay,350.000000
2252,org.joda.time.TestMutableDateTime_Basics#testGet_DateTimeField,332.000000
2253,org.joda.time.convert.TestStringConverter#testIsReadableInterval_Object_Chronology,274.000000
2254,org.joda.time.TestWeeks#testIsGreaterThan,78.000000
2255,org.joda.time.TestLocalTime_Constructors#testConstructor_DateTimeZone,441.000000
2256,org.joda.time.format.TestISODateTimeFormat#testFormat_weekDate,384.000000
2257,org.joda.time.TestYearMonthDay_Properties#testPropertySetMonth,340.000000
2258,org.joda.time.TestMutableDateTime_Basics#testRounding7,319.000000
2259,org.joda.time.convert.TestStringConverter#testSetIntoIntervalEx_Object_Chronology1,280.000000
2260,org.joda.time.TestWeeks#testNegated,80.000000
2261,org.joda.time.TestLocalTime_Constructors#testConstructor_int_int_int,414.000000
2262,org.joda.time.format.TestISODateTimeFormat#testFormat_date,371.000000
2263,org.joda.time.TestMutableDateTime_Sets#testSetDate_RI2,344.000000
2264,org.joda.time.TestYearMonthDay_Properties#testPropertyCompareToDay,342.000000
2265,org.joda.time.convert.TestStringConverter#testGetDurationMillis_Object1,276.000000
2266,org.joda.time.TestWeeks#testGetPeriodType,78.000000
2267,org.joda.time.TestLocalTime_Constructors#testConstructor,419.000000
2268,org.joda.time.format.TestISODateTimeFormat#testFormat_hour,346.000000
2269,org.joda.time.TestYearMonthDay_Properties#testPropertySetDay,339.000000
2270,org.joda.time.TestMutableDateTime_Sets#testSetDate_long1,338.000000
2271,org.joda.time.convert.TestReadableDurationConverter#testGetDurationMillis_Object,268.000000
2272,org.joda.time.TestInstant_Constructors#testConstructor_invalidObject,69.000000
2273,org.joda.time.TestYearMonth_Basics#testGetValue,444.000000
2274,org.joda.time.format.TestISODateTimeFormat#testFormat_time,384.000000
2275,org.joda.time.TestYearMonthDay_Properties#testPropertySetYear,336.000000
2276,org.joda.time.TestMutableDateTime_Sets#testSetTime_int_int_int2,318.000000
2277,org.joda.time.convert.TestNullConverter#testGetDurationMillis_Object,270.000000
2278,org.joda.time.TestSeconds#testMultipliedBy_int,80.000000
2279,org.joda.time.TestYearMonth_Basics#testWithField_nullField,452.000000
2280,org.joda.time.format.TestISODateTimeFormat#testFormat_tTimeNoMillis,376.000000
2281,org.joda.time.TestYearMonthDay_Properties#testPropertyGetMonth,362.000000
2282,org.joda.time.TestMutableDateTime_Sets#testSetTime_long1,337.000000
2283,org.joda.time.convert.TestLongConverter#testGetInstantMillis_Object_Chronology,264.000000
2284,org.joda.time.TestSeconds#testGetFieldType,77.000000
2285,org.joda.time.TestYearMonth_Basics#testMinusMonths_int,462.000000
2286,org.joda.time.format.TestISODateTimeFormat#testFormat_hourMinuteSecondMillis,376.000000
2287,org.joda.time.TestYearMonthDay_Properties#testPropertySetTextMonth,348.000000
2288,org.joda.time.TestMutableDateTime_Sets#testSetTime_RI2,346.000000
2289,org.joda.time.convert.TestLongConverter#testGetDurationMillis_Object,264.000000
2290,org.joda.time.TestSeconds#testDividedBy_int,79.000000
2291,org.joda.time.TestYearMonth_Basics#testMinus_RP,484.000000
2292,org.joda.time.format.TestISODateTimeFormat#testFormat_basicDate,356.000000
2293,org.joda.time.TestMutableDateTime_Sets#testSetTime_Object3,342.000000
2294,org.joda.time.TestYearMonthDay_Properties#testPropertyGetMaxMinValuesDay,338.000000
2295,org.joda.time.convert.TestReadableInstantConverter#testGetChronology_Object_Zone,285.000000
2296,org.joda.time.TestSeconds#testSerialization,78.000000
2297,org.joda.time.TestYearMonth_Basics#testMinusYears_int,462.000000
2298,org.joda.time.format.TestISODateTimeFormat#testFormat_basicTime,371.000000
2299,org.joda.time.TestYearMonthDay_Properties#testPropertyAddWrapFieldYear,339.000000
2300,org.joda.time.TestMutableDateTime_Sets#testSet_DateTimeFieldType_int3,318.000000
2301,org.joda.time.TestInterval_Constructors#testConstructor_Object4,274.000000
2302,org.joda.time.TestSeconds#testToString,78.000000
2303,org.joda.time.TestYearMonth_Basics#testPlusYears_int,461.000000
2304,org.joda.time.format.TestISODateTimeFormat#testFormat_basicOrdinalDate,356.000000
2305,org.joda.time.TestMonthDay_Constructors#testConstructor_nullDateTimeZone,339.000000
2306,org.joda.time.TestYearMonthDay_Properties#testPropertyGetMaxMinValuesMonth,331.000000
2307,org.joda.time.TestInterval_Constructors#testConstructor_RD_RI3,265.000000
2308,org.joda.time.TestSeconds#testToStandardMinutes,83.000000
2309,org.joda.time.TestYearMonth_Basics#testToString_String_Locale,514.000000
2310,org.joda.time.format.TestISODateTimeFormat#testFormat_ordinalDate,368.000000
2311,org.joda.time.TestYearMonthDay_Properties#testPropertyAddWrapFieldMonth,340.000000
2312,org.joda.time.TestDuration_Constructors#testConstructor_RI_RI1,326.000000
2313,org.joda.time.TestInterval_Constructors#testConstructor_RD_RI5,267.000000
2314,org.joda.time.TestSeconds#testPlus_Seconds,81.000000
2315,org.joda.time.TestMonthDay_Basics#testGetValue,444.000000
2316,org.joda.time.format.TestISODateTimeFormat#testFormat_basicTTime,378.000000
2317,org.joda.time.TestDuration_Constructors#testConstructor_RI_RI2,327.000000
2318,org.joda.time.TestInterval_Basics#testWithStartInstant_RI2,316.000000
2319,org.joda.time.TestInterval_Constructors#testConstructor_RI_RD3,265.000000
2320,org.joda.time.TestSeconds#testToStandardDays,83.000000
2321,org.joda.time.TestMonthDay_Basics#testWithField_nullField,456.000000
2322,org.joda.time.TestDuration_Constructors#testConstructor_RI_RI3,327.000000
2323,org.joda.time.TestInterval_Basics#testWithStartInstant_RI3,318.000000
2324,org.joda.time.TestInterval_Constructors#testConstructor_RI_RD5,267.000000
2325,org.joda.time.TestSeconds#testIsLessThan,78.000000
2326,org.joda.time.TestMonthDay_Basics#testPlusMonths_int,463.000000
2327,org.joda.time.TestInterval_Basics#testSerialization,321.000000
2328,org.joda.time.TestDateTimeZone#testCommentParse,313.000000
2329,org.joda.time.TestInterval_Constructors#testConstructor_RI_RP5,255.000000
2330,org.joda.time.TestSeconds#testToStandardDuration,83.000000
2331,org.joda.time.TestMonthDay_Basics#testMinusDays_int,464.000000
2332,org.joda.time.TestDateMidnight_Constructors#testConstructor_nullObject_Chronology,338.000000
2333,org.joda.time.TestInterval_Basics#testIsBeforeNow,312.000000
2334,org.joda.time.TestInterval_Constructors#testConstructor_RI_RP6,263.000000
2335,org.joda.time.TestSeconds#testToStandardHours,83.000000
2336,org.joda.time.TestMonthDay_Basics#testMinus_RP,486.000000
2337,org.joda.time.TestDateMidnight_Constructors#testConstructor_long1_DateTimeZone,316.000000
2338,org.joda.time.TestInterval_Basics#testIsBefore_RI,312.000000
2339,org.joda.time.TestInterval_Constructors#testConstructor_RP_RI5,255.000000
2340,org.joda.time.TestSeconds#testIsGreaterThan,78.000000
2341,org.joda.time.TestMonthDay_Basics#testPlusDays_int,463.000000
2342,org.joda.time.TestDateMidnight_Constructors#testConstructor_Object_DateTimeZone,339.000000
2343,org.joda.time.TestInterval_Basics#testOverlaps_RInterval_null,312.000000
2344,org.joda.time.TestInterval_Constructors#testConstructor_RP_RI6,263.000000
2345,org.joda.time.TestSeconds#testToStandardWeeks,83.000000
2346,org.joda.time.TestMonthDay_Basics#testToString_String_Locale,514.000000
2347,org.joda.time.TestDateMidnight_Constructors#testConstructor_int_int_int_DateTimeZone,333.000000
2348,org.joda.time.TestInterval_Basics#testGap_RInterval,315.000000
2349,org.joda.time.TestDateTime_Constructors#testConstructor_badconverterObject_DateTimeZone,289.000000
2350,org.joda.time.TestSeconds#testNegated,80.000000
2351,org.joda.time.TestDateTime_Basics#testMinusHours_int,448.000000
2352,org.joda.time.TestDateMidnight_Constructors#testConstructor_nullObject_nullChronology,339.000000
2353,org.joda.time.TestInterval_Basics#test_useCase_ContainsOverlapAbutGap_bothZeroDuration,316.000000
2354,org.joda.time.TestDateTime_Constructors#testConstructor_long2_DateTimeZone,256.000000
2355,org.joda.time.TestMutablePeriod_Updates#testAdd_RInterval5,76.000000
2356,org.joda.time.TestDateTime_Basics#testWithZone_DateTimeZone,447.000000
2357,org.joda.time.TestDateMidnight_Constructors#testConstructor_nullObject_DateTimeZone,338.000000
2358,org.joda.time.TestInterval_Basics#testOverlap_RInterval_null,318.000000
2359,org.joda.time.TestDateTime_Constructors#testConstructor_nullObject_Chronology,271.000000
2360,org.joda.time.TestMutablePeriod_Updates#testAddDays,72.000000
2361,org.joda.time.TestDateTime_Basics#testPlusHours_int,447.000000
2362,org.joda.time.TestInterval_Basics#testWithDurationAfterStart2,318.000000
2363,org.joda.time.TestDateMidnight_Constructors#testConstructor_long2,317.000000
2364,org.joda.time.TestDateTime_Constructors#testConstructor_long1_DateTimeZone,256.000000
2365,org.joda.time.TestMutablePeriod_Updates#testAdd_RD3,76.000000
2366,org.joda.time.TestDateTime_Basics#testMinusSeconds_int,448.000000
2367,org.joda.time.TestDateMidnight_Constructors#testConstructor_nullObject,339.000000
2368,org.joda.time.TestInterval_Basics#testWithDurationAfterStart3,321.000000
2369,org.joda.time.TestDateTime_Constructors#testConstructor_Object_DateTimeZone,279.000000
2370,org.joda.time.TestMutablePeriod_Updates#testSetPeriod_RP5,78.000000
2371,org.joda.time.TestDateTime_Basics#testPlusMonths_int,450.000000
2372,org.joda.time.TestInterval_Basics#testWithDurationAfterStart4,319.000000
2373,org.joda.time.TestDateMidnight_Constructors#testConstructor_long_nullDateTimeZone,317.000000
2374,org.joda.time.TestDateTime_Constructors#testConstructor_nullObject_nullChronology,279.000000
2375,org.joda.time.TestMutablePeriod_Updates#testAddSeconds,72.000000
2376,org.joda.time.TestDateTime_Basics#testPlusMillis_int,447.000000
2377,org.joda.time.TestDateMidnight_Constructors#testConstructor_Object_nullChronology,340.000000
2378,org.joda.time.TestInterval_Basics#testWithDurationBeforeEnd1,323.000000
2379,org.joda.time.TestDateTime_Constructors#testConstructor_long_nullChronology,256.000000
2380,org.joda.time.TestMutablePeriod_Updates#testAddHours,72.000000
2381,org.joda.time.TestDateTime_Basics#testIsBeforeNow,443.000000
2382,org.joda.time.TestInterval_Basics#testWithDurationBeforeEnd2,318.000000
2383,org.joda.time.TestDateMidnight_Constructors#testConstructor_long1_Chronology,315.000000
2384,org.joda.time.TestDateTime_Constructors#testConstructor_badconverterObject_Chronology,289.000000
2385,org.joda.time.TestMutablePeriod_Updates#testAddWeeks,72.000000
2386,org.joda.time.TestDateTime_Basics#testWithTime_int_int_int,465.000000
2387,org.joda.time.TestDateMidnight_Constructors#testConstructor_Object_nullDateTimeZone,340.000000
2388,org.joda.time.TestInterval_Basics#testWithDurationBeforeEnd3,321.000000
2389,org.joda.time.TestDateTime_Constructors#testConstructor_nullObject_DateTimeZone,278.000000
2390,org.joda.time.TestMutablePeriod_Updates#testAddYears,72.000000
2391,org.joda.time.TestDateTime_Basics#testMinusWeeks_int,450.000000
2392,org.joda.time.TestDateMidnight_Constructors#testConstructor_nullChronology,319.000000
2393,org.joda.time.TestInterval_Basics#testWithDurationBeforeEnd4,319.000000
2394,org.joda.time.TestDateTime_Constructors#testConstructor_invalidObject_Chronology,268.000000
2395,org.joda.time.TestMutablePeriod_Updates#testSetSeconds,71.000000
2396,org.joda.time.TestDateTime_Basics#testIsEqualNow,443.000000
2397,org.joda.time.TestDateMidnight_Constructors#testConstructor_int_int_int_nullChronology,330.000000
2398,org.joda.time.TestInterval_Basics#testIsBefore_long,309.000000
2399,org.joda.time.TestDateTime_Constructors#testConstructor_long1,257.000000
2400,org.joda.time.TestMutablePeriod_Updates#testAddMillis,72.000000
2401,org.joda.time.TestDateTime_Basics#testPlusWeeks_int,449.000000
2402,org.joda.time.TestInterval_Basics#testGetDuration1,316.000000
2403,org.joda.time.TestDateMidnight_Constructors#testConstructor_long2_Chronology,315.000000
2404,org.joda.time.TestDateTime_Constructors#testConstructor_long2,257.000000
2405,org.joda.time.TestMutablePeriod_Updates#testAddMonths,72.000000
2406,org.joda.time.TestDateTime_Basics#testPlus_long,444.000000
2407,org.joda.time.TestDateMidnight_Constructors#testConstructor_int_int_int,336.000000
2408,org.joda.time.TestInterval_Basics#testGetDuration2,315.000000
2409,org.joda.time.TestDateTime_Constructors#testConstructor_nullObject,279.000000
2410,org.joda.time.TestMutablePeriod_Updates#testAdd_Field,75.000000
2411,org.joda.time.TestDateTime_Basics#testMinusMonths_int,451.000000
2412,org.joda.time.TestDateMidnight_Constructors#testConstructor_nullDateTimeZone,319.000000
2413,org.joda.time.TestInterval_Basics#testIsBefore_RI_null,313.000000
2414,org.joda.time.TestDateTime_Constructors#testConstructor_long_nullDateTimeZone,257.000000
2415,org.joda.time.TestMutablePeriod_Updates#testSetMillis,71.000000
2416,org.joda.time.TestDateTime_Basics#testMinusDays_int,450.000000
2417,org.joda.time.TestDateMidnight_Constructors#testConstructor,325.000000
2418,org.joda.time.TestInterval_Basics#testIsAfterNow,312.000000
2419,org.joda.time.TestDateTime_Constructors#testConstructor_Object_nullChronology,280.000000
2420,org.joda.time.TestMutablePeriod_Updates#testSetMonths,71.000000
2421,org.joda.time.TestDateTime_Basics#testMinus_RD,449.000000
2422,org.joda.time.TestMutableInterval_Constructors#testConstructor_long_long1,327.000000
2423,org.joda.time.TestInterval_Basics#testIsAfter_RI,312.000000
2424,org.joda.time.TestDateTime_Constructors#testConstructor_long1_Chronology,248.000000
2425,org.joda.time.TestMutablePeriod_Updates#testSet_Field,71.000000
2426,org.joda.time.TestDateTime_Basics#testMinus_RP,485.000000
2427,org.joda.time.TestMutableInterval_Constructors#testConstructor_long_long2,327.000000
2428,org.joda.time.TestInterval_Basics#testContainsNow,313.000000
2429,org.joda.time.TestDateTime_Constructors#testConstructor_Object_nullDateTimeZone,280.000000
2430,org.joda.time.TestMutablePeriod_Updates#testSetDays,71.000000
2431,org.joda.time.TestDateTime_Basics#testPlusMinutes_int,447.000000
2432,org.joda.time.TestMutableInterval_Constructors#testConstructor_long_long3,323.000000
2433,org.joda.time.TestInterval_Basics#testContains_RI,313.000000
2434,org.joda.time.TestDateTime_Constructors#testConstructor_badconverterObject,286.000000
2435,org.joda.time.TestMutablePeriod_Updates#testSetHours,71.000000
2436,org.joda.time.TestDateTime_Basics#testToLocalDateTime,461.000000
2437,org.joda.time.TestMutableInterval_Constructors#testConstructor_Object3,354.000000
2438,org.joda.time.TestInterval_Basics#testContains_long,310.000000
2439,org.joda.time.TestDateTime_Constructors#testConstructor_nullChronology,259.000000
2440,org.joda.time.TestMutablePeriod_Updates#testSetWeeks,71.000000
2441,org.joda.time.TestDateTime_Basics#testIsAfterNow,443.000000
2442,org.joda.time.TestMutableInterval_Constructors#testConstructor_RD_RI4,321.000000
2443,org.joda.time.TestInterval_Basics#testWithStartMillis_long1,314.000000
2444,org.joda.time.TestDateTime_Constructors#testConstructor_long2_Chronology,248.000000
2445,org.joda.time.TestMutablePeriod_Updates#testSetYears,75.000000
2446,org.joda.time.TestDateTime_Basics#testMinusMillis_int,448.000000
2447,org.joda.time.TestMutableInterval_Constructors#testConstructor_RI_RD4,321.000000
2448,org.joda.time.TestInterval_Basics#testWithStartMillis_long2,312.000000
2449,org.joda.time.TestDateTime_Constructors#testConstructor_nullDateTimeZone,259.000000
2450,org.joda.time.TestDateTimeConstants#testConstructor,1.000000
2451,org.joda.time.TestDateTime_Basics#testWithFieldAdded1,468.000000
2452,org.joda.time.TestMutableInterval_Constructors#testConstructor_RI_RI1,328.000000
2453,org.joda.time.TestInterval_Basics#testWithStartMillis_long3,310.000000
2454,org.joda.time.TestDateTime_Constructors#testConstructor,259.000000
2455,org.joda.time.convert.TestConverterManager#testToString,16.000000
2456,org.joda.time.TestDateTime_Basics#testWithFields_RPartial,487.000000
2457,org.joda.time.TestMutableInterval_Constructors#testConstructor_RI_RI2,356.000000
2458,org.joda.time.TestInterval_Basics#testWithEndInstant_RI2,316.000000
2459,org.joda.time.TestDateTimeZoneCutover#test_DateTime_newValid_Turk,260.000000
2460,org.joda.time.TestMinutes#testPlus_int,80.000000
2461,org.joda.time.TestDateTime_Basics#testWithDate_int_int_int,463.000000
2462,org.joda.time.TestMutableInterval_Constructors#testConstructor_RI_RI4,329.000000
2463,org.joda.time.TestInterval_Basics#testWithEndInstant_RI3,318.000000
2464,org.joda.time.TestMutableInterval_Updates#testSetDurationBeforeEnd_RI3,257.000000
2465,org.joda.time.TestMinutes#testFactory_minutes_int,78.000000
2466,org.joda.time.TestDateTime_Basics#testMinusMinutes_int,448.000000
2467,org.joda.time.TestMutableInterval_Constructors#testConstructor_RI_RI5,329.000000
2468,org.joda.time.TestInterval_Basics#testIsAfter_long,309.000000
2469,org.joda.time.TestMutableInterval_Updates#testSeDurationBeforeEnd_RI2,260.000000
2470,org.joda.time.TestMinutes#testConstants,77.000000
2471,org.joda.time.TestDateTime_Basics#testIsSupported_DateTimeFieldType,443.000000
2472,org.joda.time.TestMutableInterval_Constructors#testConstructor_RI_RI6,327.000000
2473,org.joda.time.TestInterval_Basics#testContains_RInterval,310.000000
2474,org.joda.time.TestMutableInterval_Updates#testSetDurationAfterStart_RI3,257.000000
2475,org.joda.time.TestMinutes#testGetMethods,78.000000
2476,org.joda.time.TestDateTime_Basics#testPlusDays_int,449.000000
2477,org.joda.time.TestMutableInterval_Constructors#testConstructor_RI_RI7,326.000000
2478,org.joda.time.TestInterval_Basics#testIsBefore_RInterval_null,313.000000
2479,org.joda.time.TestMutableInterval_Updates#testSetInterval_RI_RI2,258.000000
2480,org.joda.time.TestMinutes#testMinus_int,82.000000
2481,org.joda.time.TestDateTime_Basics#testMinusYears_int,453.000000
2482,org.joda.time.TestMutableInterval_Constructors#testConstructor_RI_RP4,352.000000
2483,org.joda.time.TestInterval_Basics#testAbuts_RInterval,310.000000
2484,org.joda.time.TestMutableInterval_Updates#testSetInterval_RI_RI3,261.000000
2485,org.joda.time.TestMinutes#testGetPeriodType,78.000000
2486,org.joda.time.TestDateTime_Basics#testPlusYears_int,452.000000
2487,org.joda.time.TestMutableInterval_Constructors#testConstructor_RI_RP7,347.000000
2488,org.joda.time.TestInterval_Basics#testOverlaps_RInterval,310.000000
2489,org.joda.time.TestMutableInterval_Updates#testSetInterval_RI_RI4,262.000000
2490,org.joda.time.TestAbstractPartial#testGetValue,42.000000
2491,org.joda.time.TestDateTime_Basics#testWithField1,464.000000
2492,org.joda.time.TestMutableInterval_Constructors#testConstructor_RI_RP8,343.000000
2493,org.joda.time.TestInterval_Basics#testContains_long_zeroDuration,310.000000
2494,org.joda.time.TestMutableInterval_Updates#testSetInterval_RI_RI5,257.000000
2495,org.joda.time.TestDuration_Basics#testSerialization,46.000000
2496,org.joda.time.TestDateTime_Basics#testMinus_long,444.000000
2497,org.joda.time.TestMutableInterval_Constructors#testConstructor_RP_RI4,352.000000
2498,org.joda.time.TestInterval_Basics#test_useCase_ContainsOverlapAbutGap_zeroDuration,316.000000
2499,org.joda.time.TestMutableInterval_Updates#testSetInterval_RInterval2,252.000000
2500,org.joda.time.TestDuration_Basics#testToStandardMinutes_overflow,48.000000
2501,org.joda.time.TestDateTime_Basics#testToYearMonthDay,473.000000
2502,org.joda.time.TestMutableInterval_Constructors#testConstructor_RP_RI7,347.000000
2503,org.joda.time.TestInterval_Basics#testContains_RInterval_zeroDuration,314.000000
2504,org.joda.time.TestMutableInterval_Updates#testSetInterval_RInterval3,250.000000
2505,org.joda.time.TestDuration_Basics#testPlus_RD2,47.000000
2506,org.joda.time.TestDateTime_Basics#testToLocalDate,463.000000
2507,org.joda.time.TestMutableInterval_Constructors#testConstructor_RP_RI8,343.000000
2508,org.joda.time.TestInterval_Basics#testWithChronology3,310.000000
2509,org.joda.time.TestMutableInterval_Updates#testSetInterval_long_long1,254.000000
2510,org.joda.time.TestDuration_Basics#testPlus_RD3,45.000000
2511,org.joda.time.TestDateTime_Basics#testToLocalTime,467.000000
2512,org.joda.time.TestMutableDateTime_Constructors#testConstructor_int_int_int_int_int_int_int_DateTimeZone,324.000000
2513,org.joda.time.TestInterval_Basics#testOverlap_RInterval_zoneUTC,323.000000
2514,org.joda.time.TestMutableInterval_Updates#testSetInterval_long_long2,252.000000
2515,org.joda.time.TestDuration_Basics#testCompareTo,46.000000
2516,org.joda.time.TestDateTime_Basics#testPlusSeconds_int,447.000000
2517,org.joda.time.TestMutableDateTime_Constructors#testConstructor_int_int_int_int_int_int_int_nullChronology,321.000000
2518,org.joda.time.TestInterval_Basics#testContains_RI_zeroDuration,313.000000
2519,org.joda.time.TestMutableInterval_Updates#testSeDurationAfterStart_RI2,260.000000
2520,org.joda.time.TestDuration_Basics#testMinus_long2,46.000000
2521,org.joda.time.TestDateTime_Basics#testWithZoneRetainFields_DateTimeZone,465.000000
2522,org.joda.time.TestInterval_Basics#testEqualsHashCodeLenient,340.000000
2523,org.joda.time.TestMutableDateTime_Constructors#testConstructor_int_int_int_int_int_int_int,327.000000
2524,org.joda.time.TestMutableInterval_Updates#testSetStartMillis_long1,254.000000
2525,org.joda.time.TestDuration_Basics#testGetStandardSeconds,46.000000
2526,org.joda.time.TestLocalDate_Constructors#testConstructor_long2_DateTimeZone,409.000000
2527,org.joda.time.TestYearMonth_Constructors#testConstructor_nullDateTimeZone,339.000000
2528,org.joda.time.TestInterval_Basics#testAbuts_RInterval_null,312.000000
2529,org.joda.time.TestMutableInterval_Updates#testSetStartMillis_long2,253.000000
2530,org.joda.time.TestDuration_Basics#testToStandardDays_overflow,48.000000
2531,org.joda.time.TestLocalDate_Constructors#testFactory_FromCalendarFields,396.000000
2532,org.joda.time.TestMutablePeriod_Updates#testSetPeriod_long_long_NoMillis,365.000000
2533,org.joda.time.TestInterval_Basics#testOverlap_RInterval,316.000000
2534,org.joda.time.TestMutableInterval_Updates#testSetStart_RI2,257.000000
2535,org.joda.time.TestDuration_Basics#testPlus_long2,46.000000
2536,org.joda.time.TestLocalDate_Constructors#testConstructor_long1,410.000000
2537,org.joda.time.TestMutablePeriod_Updates#testSetPeriod_RI_RI1,369.000000
2538,org.joda.time.TestInterval_Basics#testOverlaps_RInterval_zeroDuration,310.000000
2539,org.joda.time.TestMutableInterval_Updates#testSetStart_RI3,257.000000
2540,org.joda.time.TestDuration_Basics#testToStandardSeconds,96.000000
2541,org.joda.time.TestLocalDate_Constructors#testConstructor_DateTimeZone,434.000000
2542,org.joda.time.TestMutablePeriod_Updates#testSetPeriod_RI_RI2,369.000000
2543,org.joda.time.TestInterval_Basics#testWithEndMillis_long1,314.000000
2544,org.joda.time.TestMutableInterval_Updates#testSetEnd_RI2,257.000000
2545,org.joda.time.TestDuration_Basics#testWithDurationAdded_RD_int2,49.000000
2546,org.joda.time.convert.TestReadableIntervalConverter#testSetIntoInterval_Object3,427.000000
2547,org.joda.time.TestMutablePeriod_Updates#testSetPeriod_long_long1,366.000000
2548,org.joda.time.TestInterval_Basics#testWithEndMillis_long2,312.000000
2549,org.joda.time.TestMutableInterval_Updates#testSetEnd_RI3,257.000000
2550,org.joda.time.TestDuration_Basics#testWithDurationAdded_RD_int3,49.000000
2551,org.joda.time.TestYearMonthDay_Constructors#testConstructor_int_int_int_Chronology,428.000000
2552,org.joda.time.TestMutablePeriod_Updates#testSetPeriod_long_long2,366.000000
2553,org.joda.time.TestInterval_Basics#testWithEndMillis_long3,310.000000
2554,org.joda.time.TestMutableInterval_Updates#testSetDurationBeforeEnd_long1,256.000000
2555,org.joda.time.TestDuration_Basics#testWithDurationAdded_RD_int4,47.000000
2556,org.joda.time.TestYearMonthDay_Constructors#testConstructor_Chronology,427.000000
2557,org.joda.time.TestMutablePeriod_Updates#testSetPeriod_long_long3,347.000000
2558,org.joda.time.TestInterval_Basics#testContains_RInterval_null,314.000000
2559,org.joda.time.TestMutableInterval_Updates#testSetDurationAfterStart_long1,256.000000
2560,org.joda.time.TestDuration_Basics#testWithDurationAdded_RD_int5,45.000000
2561,org.joda.time.TestYearMonthDay_Constructors#testConstructor_long_nullChronology,427.000000
2562,org.joda.time.TestInterval_Basics#testIsAfter_RInterval_null,311.000000
2563,org.joda.time.TestMutableInterval_Updates#testSetEndMillis_long1,254.000000
2564,org.joda.time.TestDuration_Basics#testWithDurationAdded_RD_int6,45.000000
2565,org.joda.time.TestYearMonthDay_Constructors#testConstructor_long2,428.000000
2566,org.joda.time.TestInterval_Basics#testGap_RInterval_null,317.000000
2567,org.joda.time.TestMutableInterval_Updates#testSetEndMillis_long2,253.000000
2568,org.joda.time.TestDuration_Basics#testWithMillis2,46.000000
2569,org.joda.time.TestYearMonthDay_Constructors#testConstructor_long1_Chronology,424.000000
2570,org.joda.time.TestInterval_Basics#testGap_RInterval_zone,323.000000
2571,org.joda.time.chrono.TestISOChronology#testFactory,246.000000
2572,org.joda.time.TestDuration_Basics#testGetMillis,45.000000
2573,org.joda.time.TestYearMonthDay_Constructors#testConstructor_nullChronology,430.000000
2574,org.joda.time.TestMutableInterval_Basics#testIsBeforeNow,310.000000
2575,org.joda.time.chrono.TestISOChronology#testFactory_Zone,245.000000
2576,org.joda.time.TestDuration_Basics#testWithDurationAdded_long_int1,48.000000
2577,org.joda.time.TestYearMonthDay_Constructors#testConstructor_int_int_int_nullChronology,428.000000
2578,org.joda.time.TestMutableInterval_Basics#testClone,290.000000
2579,org.joda.time.chrono.TestISOChronology#testDateFields,247.000000
2580,org.joda.time.TestDuration_Basics#testWithDurationAdded_long_int2,48.000000
2581,org.joda.time.TestYearMonthDay_Constructors#testConstructor_long2_Chronology,424.000000
2582,org.joda.time.TestMutableInterval_Basics#testIsBefore_long,307.000000
2583,org.joda.time.chrono.TestISOChronology#testTimeFields,247.000000
2584,org.joda.time.TestDuration_Basics#testWithDurationAdded_long_int3,48.000000
2585,org.joda.time.TestYearMonthDay_Constructors#testConstructor_int_int_int,433.000000
2586,org.joda.time.TestMutableInterval_Basics#testGetDuration1,314.000000
2587,org.joda.time.chrono.TestISOChronology#testWithZone,247.000000
2588,org.joda.time.TestDuration_Basics#testWithDurationAdded_long_int4,45.000000
2589,org.joda.time.TestYearMonthDay_Constructors#testConstructor_nullDateTimeZone,452.000000
2590,org.joda.time.TestMutableInterval_Basics#testGetDuration2,313.000000
2591,org.joda.time.chrono.TestISOChronology#testWithUTC,246.000000
2592,org.joda.time.TestDuration_Basics#testWithDurationAdded_long_int5,45.000000
2593,org.joda.time.TestYearMonthDay_Constructors#testConstructor,430.000000
2594,org.joda.time.TestMutableInterval_Basics#testIsAfterNow,310.000000
2595,org.joda.time.chrono.TestISOChronology#testEquality,246.000000
2596,org.joda.time.TestDuration_Basics#testToStandardHours_overflow,48.000000
2597,org.joda.time.TestDateMidnight_Basics#testWithDurationAdded_RD_int,467.000000
2598,org.joda.time.TestMutableInterval_Basics#testIsAfter_RI,313.000000
2599,org.joda.time.chrono.TestGregorianChronology#testDurationFields,247.000000
2600,org.joda.time.TestDuration_Basics#testMinus_RD2,47.000000
2601,org.joda.time.TestDateMidnight_Basics#testWithDurationAdded_RP_int,487.000000
2602,org.joda.time.TestMutableInterval_Basics#testContainsNow,311.000000
2603,org.joda.time.chrono.TestGregorianChronology#testFactory,239.000000
2604,org.joda.time.TestDuration_Basics#testMinus_RD3,45.000000
2605,org.joda.time.TestDateMidnight_Basics#testToCalendar_Locale,463.000000
2606,org.joda.time.TestMutableInterval_Basics#testContains_RI,314.000000
2607,org.joda.time.chrono.TestGregorianChronology#testFactory_Zone,238.000000
2608,org.joda.time.TestYears#testPlus_int,80.000000
2609,org.joda.time.TestDateMidnight_Basics#testToDateTime_DateTimeZone,464.000000
2610,org.joda.time.TestMutableInterval_Basics#testIsBefore_RInterval,314.000000
2611,org.joda.time.chrono.TestGregorianChronology#testDateFields,239.000000
2612,org.joda.time.TestYears#testFactory_years_int,78.000000
2613,org.joda.time.TestDateMidnight_Basics#testWithFieldAdded2,458.000000
2614,org.joda.time.TestMutableInterval_Basics#testContains_long,308.000000
2615,org.joda.time.chrono.TestGregorianChronology#testTimeFields,239.000000
2616,org.joda.time.TestYears#testConstants,77.000000
2617,org.joda.time.TestDateMidnight_Basics#testWithFieldAdded3,458.000000
2618,org.joda.time.TestMutableInterval_Basics#testToMutableInterval1,290.000000
2619,org.joda.time.chrono.TestGregorianChronology#testWithZone,240.000000
2620,org.joda.time.TestYears#testGetMethods,78.000000
2621,org.joda.time.TestDateMidnight_Basics#testWithFieldAdded4,458.000000
2622,org.joda.time.TestMutableInterval_Basics#testIsAfter_long,307.000000
2623,org.joda.time.chrono.TestGregorianChronology#testWithUTC,238.000000
2624,org.joda.time.TestYears#testMinus_int,82.000000
2625,org.joda.time.TestDateMidnight_Basics#testToDateTime_Chronology,464.000000
2626,org.joda.time.TestMutableInterval_Basics#testContains_RInterval,314.000000
2627,org.joda.time.chrono.TestGregorianChronology#testEquality,238.000000
2628,org.joda.time.TestMonths#testPlus_int,80.000000
2629,org.joda.time.TestDateMidnight_Basics#testToDateTimeISO,460.000000
2630,org.joda.time.TestMutableInterval_Basics#testOverlaps_RInterval,312.000000
2631,org.joda.time.chrono.TestGregorianChronology#testFactory_Zone_int,239.000000
2632,org.joda.time.TestMonths#testConstants,77.000000
2633,org.joda.time.TestDateMidnight_Basics#testWithField2,458.000000
2634,org.joda.time.TestMutableInterval_Basics#testGetMillis,320.000000
2635,org.joda.time.chrono.TestJulianChronology#testDurationFields,260.000000
2636,org.joda.time.TestMonths#testFactory_months_int,78.000000
2637,org.joda.time.TestDateMidnight_Basics#testWithDurationAdded_long_int,462.000000
2638,org.joda.time.TestMutableInterval_Basics#testIsAfter_RInterval,312.000000
2639,org.joda.time.chrono.TestJulianChronology#testFactory,252.000000
2640,org.joda.time.TestMonths#testGetMethods,78.000000
2641,org.joda.time.TestDateMidnight_Basics#testToDate,457.000000
2642,org.joda.time.TestLocalDate_Properties#testPropertyCompareToMonth,334.000000
2643,org.joda.time.chrono.TestJulianChronology#testToString,254.000000
2644,org.joda.time.TestMonths#testMinus_int,82.000000
2645,org.joda.time.TestDateMidnight_Basics#testWithMillis_long,461.000000
2646,org.joda.time.TestLocalDate_Properties#testPropertyAddWrapFieldToCopyMonth,340.000000
2647,org.joda.time.chrono.TestJulianChronology#testFactory_Zone,251.000000
2648,org.joda.time.TestSerialization#testSerializedPeriodType,52.000000
2649,org.joda.time.TestAbstractPartial#testGetFieldTypes,366.000000
2650,org.joda.time.TestLocalDate_Properties#testPropertySetCopyTextDay,341.000000
2651,org.joda.time.chrono.TestJulianChronology#testDateFields,252.000000
2652,org.joda.time.TestSerialization#testSerializedDateTimeZoneUTC,46.000000
2653,org.joda.time.TestAbstractPartial#testGetFieldType,365.000000
2654,org.joda.time.TestLocalDate_Properties#testPropertySetCopyTextMonth,349.000000
2655,org.joda.time.chrono.TestJulianChronology#testTimeFields,252.000000
2656,org.joda.time.TestInstant_Basics#testImmutable,41.000000
2657,org.joda.time.TestAbstractPartial#testGetField,365.000000
2658,org.joda.time.TestLocalDate_Properties#testPropertyGetYear,341.000000
2659,org.joda.time.chrono.TestJulianChronology#testWithUTC,251.000000
2660,org.joda.time.TestInstant_Basics#testIsEqual_long,45.000000
2661,org.joda.time.TestAbstractPartial#testGetPropertyEquals,378.000000
2662,org.joda.time.TestLocalDate_Properties#testPropertyGetMaxMinValuesYear,322.000000
2663,org.joda.time.chrono.TestJulianChronology#testEquality,251.000000
2664,org.joda.time.TestInstant_Basics#testIsBefore_long,45.000000
2665,org.joda.time.chrono.TestBuddhistChronology#testFactory,431.000000
2666,org.joda.time.TestLocalDate_Properties#testPropertySetCopyMonth,340.000000
2667,org.joda.time.chrono.TestJulianChronology#testFactory_Zone_int,252.000000
2668,org.joda.time.TestInstant_Basics#testIsAfter_long,45.000000
2669,org.joda.time.chrono.TestBuddhistChronology#testEra,396.000000
2670,org.joda.time.TestLocalDate_Properties#testPropertyAddToCopyDay,336.000000
2671,org.joda.time.TestTimeOfDay_Constructors#testFactoryMillisOfDay_long1_Chronology,298.000000
2672,org.joda.time.TestDays#testFactory_days_int,78.000000
2673,org.joda.time.chrono.TestBuddhistChronology#testEpoch,400.000000
2674,org.joda.time.TestLocalDate_Properties#testPropertyAddToCopyMonth,335.000000
2675,org.joda.time.TestTimeOfDay_Constructors#testConstantMidnight,267.000000
2676,org.joda.time.TestDays#testPlus_int,80.000000
2677,org.joda.time.chrono.TestBuddhistChronology#testToString,431.000000
2678,org.joda.time.TestLocalDate_Properties#testPropertyGetDay,347.000000
2679,org.joda.time.TestTimeOfDay_Constructors#testConstructor_long_nullChronology,283.000000
2680,org.joda.time.TestDays#testConstants,77.000000
2681,org.joda.time.chrono.TestBuddhistChronology#testFactory_Zone,430.000000
2682,org.joda.time.TestLocalDate_Properties#testPropertySetCopyDay,342.000000
2683,org.joda.time.TestTimeOfDay_Constructors#testConstructor_int_int_nullChronology,269.000000
2684,org.joda.time.TestDays#testGetMethods,78.000000
2685,org.joda.time.chrono.TestBuddhistChronology#testTimeFields,431.000000
2686,org.joda.time.TestLocalDate_Properties#testPropertyCompareToDay,336.000000
2687,org.joda.time.TestTimeOfDay_Constructors#testConstructor_int_int_int_int_Chronology,294.000000
2688,org.joda.time.TestDays#testMinus_int,82.000000
2689,org.joda.time.chrono.TestBuddhistChronology#testWithUTC,430.000000
2690,org.joda.time.TestLocalDate_Properties#testPropertyAddWrapFieldToCopyYear,341.000000
2691,org.joda.time.TestTimeOfDay_Constructors#testFactory_FromDateFields_before1970,267.000000
2692,org.joda.time.TestDays#testGetPeriodType,78.000000
2693,org.joda.time.chrono.TestBuddhistChronology#testFactoryUTC,394.000000
2694,org.joda.time.TestLocalDate_Properties#testPropertySetCopyYear,338.000000
2695,org.joda.time.TestTimeOfDay_Constructors#testConstructor_long1,284.000000
2696,org.joda.time.TestMutablePeriod_Constructors#testConstructor_8int__PeriodType1,76.000000
2697,org.joda.time.chrono.TestBuddhistChronology#testEquality,429.000000
2698,org.joda.time.TestLocalDate_Properties#testPropertyGetMaxMinValuesDay,330.000000
2699,org.joda.time.TestTimeOfDay_Constructors#testConstructor_long2,284.000000
2700,org.joda.time.TestMutablePeriod_Constructors#testConstructor_8int__PeriodType2,76.000000
2701,org.joda.time.TestLocalDateTime_Basics#testToDateTime_nullZone,477.000000
2702,org.joda.time.TestLocalDate_Properties#testPropertyGetMaxMinValuesMonth,324.000000
2703,org.joda.time.TestTimeOfDay_Constructors#testConstructor_int_int,272.000000
2704,org.joda.time.TestMutablePeriod_Constructors#testConstructor_8int__PeriodType3,64.000000
2705,org.joda.time.TestLocalDateTime_Basics#testGetField_int,444.000000
2706,org.joda.time.convert.TestDateConverter#testSingleton,307.000000
2707,org.joda.time.TestTimeOfDay_Constructors#testFactory_FromDateFields_null,262.000000
2708,org.joda.time.TestMutablePeriod_Constructors#testConstructor_8int1,76.000000
2709,org.joda.time.TestLocalDateTime_Basics#testToDate_summer,469.000000
2710,org.joda.time.convert.TestDateConverter#testSupportedType,310.000000
2711,org.joda.time.TestTimeOfDay_Constructors#testConstructor_int_int_int_int_nullChronology,268.000000
2712,org.joda.time.field.TestMillisDurationField#test_getValueAsLong_long,3.000000
2713,org.joda.time.TestLocalDateTime_Basics#testToDate_winter,469.000000
2714,org.joda.time.TestTimeOfDay_Constructors#testConstructor_int_int_int_int,271.000000
2715,org.joda.time.field.TestMillisDurationField#testSerialization,3.000000
2716,org.joda.time.TestLocalDateTime_Basics#testToDate_autumnDST,452.000000
2717,org.joda.time.TestTimeOfDay_Constructors#testConstructor_long1_Chronology,306.000000
2718,org.joda.time.field.TestMillisDurationField#test_getMillis_long_long,3.000000
2719,org.joda.time.TestLocalDateTime_Basics#testToDate_springDST_2Hour40Savings,451.000000
2720,org.joda.time.TestTimeOfDay_Constructors#testConstructor_nullChronology,286.000000
2721,org.joda.time.field.TestMillisDurationField#test_isPrecise,3.000000
2722,org.joda.time.TestLocalDateTime_Basics#testSize,444.000000
2723,org.joda.time.TestTimeOfDay_Constructors#testConstructor_int_int_int_nullChronology,269.000000
2724,org.joda.time.field.TestMillisDurationField#test_getDifferenceAsLong_long_long,4.000000
2725,org.joda.time.TestLocalDateTime_Basics#testEqualsHashCode,483.000000
2726,org.joda.time.TestTimeOfDay_Constructors#testConstructor_long2_Chronology,306.000000
2727,org.joda.time.field.TestMillisDurationField#test_getMillis_long,3.000000
2728,org.joda.time.TestLocalDateTime_Basics#testWithField_DateTimeFieldType_int_2,438.000000
2729,org.joda.time.TestTimeOfDay_Constructors#testFactoryMillisOfDay_long_nullChronology,275.000000
2730,org.joda.time.field.TestMillisDurationField#test_add_long_long,4.000000
2731,org.joda.time.TestLocalDateTime_Basics#testWithField_DateTimeFieldType_int_3,444.000000
2732,org.joda.time.TestTimeOfDay_Constructors#testConstructor,286.000000
2733,org.joda.time.field.TestMillisDurationField#test_getDifference_long_int,5.000000
2734,org.joda.time.TestLocalDateTime_Basics#testWithFieldAdded_DurationFieldType_int_2,438.000000
2735,org.joda.time.TestDateTimeComparator#testBasicComps2,311.000000
2736,org.joda.time.field.TestMillisDurationField#test_getValue_long_long,4.000000
2737,org.joda.time.TestLocalDateTime_Basics#testWithFieldAdded_DurationFieldType_int_3,439.000000
2738,org.joda.time.TestDateTimeComparator#testClass,244.000000
2739,org.joda.time.field.TestMillisDurationField#test_getUnitMillis,3.000000
2740,org.joda.time.TestLocalDateTime_Basics#testWithFieldAdded_DurationFieldType_int_4,438.000000
2741,org.joda.time.TestDateTimeComparator#testListMillis,286.000000
2742,org.joda.time.field.TestMillisDurationField#test_getValue_long,4.000000
2743,org.joda.time.TestLocalDateTime_Basics#testIsBefore_LocalDateTime,449.000000
2744,org.joda.time.TestDateTimeComparator#testStaticGetTimeOnlyInstance,248.000000
2745,org.joda.time.field.TestMillisDurationField#test_isSupported,3.000000
2746,org.joda.time.TestLocalDateTime_Basics#testIsSupported_DateTimeFieldType,446.000000
2747,org.joda.time.TestDateTimeComparator#testStaticGetInstance,248.000000
2748,org.joda.time.field.TestMillisDurationField#test_getValueAsLong_long_long,3.000000
2749,org.joda.time.TestLocalDateTime_Basics#testGetValue_int,444.000000
2750,org.joda.time.TestDateTimeComparator#testStaticGetInstanceLower,249.000000
2751,org.joda.time.field.TestPreciseDurationDateTimeField#test_set_long_String,30.000000
2752,org.joda.time.TestLocalDateTime_Basics#testToDateTime_Zone,463.000000
2753,org.joda.time.TestDateTimeComparator#testMillis,244.000000
2754,org.joda.time.field.TestPreciseDurationDateTimeField#test_getMaximumValue_long,23.000000
2755,org.joda.time.TestLocalDateTime_Basics#testToDateTime_RI,470.000000
2756,org.joda.time.TestDateTimeComparator#testStaticGetDateOnlyInstance,248.000000
2757,org.joda.time.field.TestPreciseDurationDateTimeField#test_roundCeiling_long,23.000000
2758,org.joda.time.TestLocalDateTime_Basics#testGetFields,446.000000
2759,org.joda.time.TestDateTimeComparator#testSerialization2,246.000000
2760,org.joda.time.field.TestPreciseDurationDateTimeField#test_getName,24.000000
2761,org.joda.time.TestLocalDateTime_Basics#testGetFieldType_int,444.000000
2762,org.joda.time.TestPeriod_Constructors#testConstructor_8int__PeriodType1,273.000000
2763,org.joda.time.field.TestPreciseDurationDateTimeField#test_getType,23.000000
2764,org.joda.time.TestLocalDateTime_Basics#testGetValues,446.000000
2765,org.joda.time.TestPeriod_Constructors#testConstructor_8int__PeriodType2,274.000000
2766,org.joda.time.field.TestPreciseDurationDateTimeField#test_constructor,24.000000
2767,org.joda.time.TestLocalDateTime_Basics#testIsAfter_LocalDateTime,449.000000
2768,org.joda.time.TestPeriod_Constructors#testConstructor_8int__PeriodType3,264.000000
2769,org.joda.time.field.TestPreciseDurationDateTimeField#test_get,22.000000
2770,org.joda.time.TestPartial_Basics#testGetFieldType,447.000000
2771,org.joda.time.TestPeriod_Constructors#testConstructor_Object_PeriodType2,296.000000
2772,org.joda.time.field.TestPreciseDurationDateTimeField#test_getAsShortText_int_Locale,24.000000
2773,org.joda.time.TestPartial_Basics#testGetField,448.000000
2774,org.joda.time.TestPeriod_Constructors#testConstructor_Object_PeriodType3,310.000000
2775,org.joda.time.field.TestPreciseDurationDateTimeField#test_getAsText_int_Locale,23.000000
2776,org.joda.time.TestPartial_Basics#testGetValue,449.000000
2777,org.joda.time.TestPeriod_Constructors#testConstructor_Object_PeriodType4,310.000000
2778,org.joda.time.field.TestPreciseDurationDateTimeField#test_add_long_int,24.000000
2779,org.joda.time.TestPartial_Basics#testGet,453.000000
2780,org.joda.time.TestPeriod_Constructors#testConstructor_Object2,296.000000
2781,org.joda.time.field.TestPreciseDurationDateTimeField#test_roundHalfFloor_long,25.000000
2782,org.joda.time.TestPartial_Basics#testWith1,492.000000
2783,org.joda.time.TestPeriod_Constructors#testConstructor_Object3,310.000000
2784,org.joda.time.field.TestPreciseDurationDateTimeField#test_getMaximumTextLength_Locale,23.000000
2785,org.joda.time.TestPartial_Basics#testWith2,489.000000
2786,org.joda.time.TestPeriod_Constructors#testConstructor_Object4,309.000000
2787,org.joda.time.field.TestPreciseDurationDateTimeField#test_getMinimumValue_long,24.000000
2788,org.joda.time.TestPartial_Basics#testWith4,451.000000
2789,org.joda.time.TestPeriod_Constructors#testFactoryMillis,270.000000
2790,org.joda.time.field.TestPreciseDurationDateTimeField#test_getAsShortText_long_Locale,25.000000
2791,org.joda.time.TestPartial_Basics#testSize,446.000000
2792,org.joda.time.TestPeriod_Constructors#testFactoryMonths,270.000000
2793,org.joda.time.field.TestPreciseDurationDateTimeField#test_roundFloor_long,23.000000
2794,org.joda.time.TestPartial_Basics#testEqualsHashCode,464.000000
2795,org.joda.time.TestPeriod_Constructors#testConstructor1,268.000000
2796,org.joda.time.field.TestPreciseDurationDateTimeField#test_set_long_int,27.000000
2797,org.joda.time.TestPartial_Basics#testCompareTo,472.000000
2798,org.joda.time.TestPeriod_Constructors#testFactoryHours,270.000000
2799,org.joda.time.field.TestPreciseDurationDateTimeField#test_getAsText_long_Locale,24.000000
2800,org.joda.time.TestPartial_Basics#testIsBefore_TOD,452.000000
2801,org.joda.time.TestPeriod_Constructors#testFactoryWeeks,270.000000
2802,org.joda.time.field.TestPreciseDurationDateTimeField#test_getMaximumValue,22.000000
2803,org.joda.time.TestPartial_Basics#testWithFieldAdded1,497.000000
2804,org.joda.time.TestPeriod_Constructors#testFactoryYears,270.000000
2805,org.joda.time.field.TestPreciseDurationDateTimeField#test_set_long_String_Locale,29.000000
2806,org.joda.time.TestPartial_Basics#testWithFieldAdded2,491.000000
2807,org.joda.time.TestPeriod_Constructors#testFactoryDays,270.000000
2808,org.joda.time.field.TestPreciseDurationDateTimeField#test_getMinimumValue,23.000000
2809,org.joda.time.TestPartial_Basics#testWithFieldAdded3,491.000000
2810,org.joda.time.TestPeriod_Constructors#testConstructor_RP_RP3,282.000000
2811,org.joda.time.field.TestBaseDateTimeField#test_set_long_String,22.000000
2812,org.joda.time.TestPartial_Basics#testWithFieldAdded4,450.000000
2813,org.joda.time.TestPeriod_Constructors#testConstructor_RP_RP4,282.000000
2814,org.joda.time.field.TestBaseDateTimeField#test_getMaximumValue_long,20.000000
2815,org.joda.time.TestPartial_Basics#testWithFieldAdded6,493.000000
2816,org.joda.time.TestPeriod_Constructors#testConstructor_RP_RP5,257.000000
2817,org.joda.time.field.TestBaseDateTimeField#test_isLeap_long,20.000000
2818,org.joda.time.TestPartial_Basics#testWithFieldAdded7,493.000000
2819,org.joda.time.TestPeriod_Constructors#testConstructor_RP_RP6,287.000000
2820,org.joda.time.field.TestBaseDateTimeField#test_roundCeiling_long,23.000000
2821,org.joda.time.TestPartial_Basics#testWithFieldAdded8,493.000000
2822,org.joda.time.TestPeriod_Constructors#testConstructor_RP_RP7,282.000000
2823,org.joda.time.field.TestBaseDateTimeField#test_getName,21.000000
2824,org.joda.time.TestPartial_Basics#testWithout1,489.000000
2825,org.joda.time.TestPeriod_Constructors#testConstructor_long_Chronology1,294.000000
2826,org.joda.time.field.TestBaseDateTimeField#test_getType,20.000000
2827,org.joda.time.TestPartial_Basics#testWithout2,489.000000
2828,org.joda.time.TestPeriod_Constructors#testConstructor_long_Chronology2,281.000000
2829,org.joda.time.field.TestBaseDateTimeField#test_roundHalfEven_long,24.000000
2830,org.joda.time.TestPartial_Basics#testWithout3,490.000000
2831,org.joda.time.TestPeriod_Constructors#testConstructor_long_Chronology3,294.000000
2832,org.joda.time.field.TestBaseDateTimeField#test_constructor,20.000000
2833,org.joda.time.TestPartial_Basics#testWithout4,490.000000
2834,org.joda.time.TestPeriod_Constructors#testConstructor_8int1,273.000000
2835,org.joda.time.field.TestBaseDateTimeField#test_getLeapDurationField,20.000000
2836,org.joda.time.TestPartial_Basics#testWithout5,452.000000
2837,org.joda.time.TestPeriod_Constructors#testConstructor_long1,294.000000
2838,org.joda.time.field.TestBaseDateTimeField#test_getAsShortText_long,23.000000
2839,org.joda.time.TestPartial_Basics#testIsSupported,451.000000
2840,org.joda.time.TestPeriod_Constructors#testConstructor_long2,294.000000
2841,org.joda.time.field.TestBaseDateTimeField#test_get,19.000000
2842,org.joda.time.TestPartial_Basics#testWithField2,489.000000
2843,org.joda.time.TestPeriod_Constructors#testConstructor_long3,294.000000
2844,org.joda.time.field.TestBaseDateTimeField#test_getAsText_long,22.000000
2845,org.joda.time.TestPartial_Basics#testWithField3,491.000000
2846,org.joda.time.TestPeriod_Constructors#testConstants,267.000000
2847,org.joda.time.field.TestBaseDateTimeField#test_getAsShortText_int_Locale,21.000000
2848,org.joda.time.TestPartial_Basics#testWithField4,451.000000
2849,org.joda.time.TestPeriod_Constructors#testFactoryMinutes,270.000000
2850,org.joda.time.field.TestBaseDateTimeField#test_getAsText_int_Locale,20.000000
2851,org.joda.time.TestPartial_Basics#testGetFields,449.000000
2852,org.joda.time.TestPeriod_Constructors#testFactoryFieldDifference2,281.000000
2853,org.joda.time.field.TestBaseDateTimeField#test_convertText,24.000000
2854,org.joda.time.TestPartial_Basics#testIsEqual_TOD,452.000000
2855,org.joda.time.TestPeriod_Constructors#testFactoryFieldDifference3,286.000000
2856,org.joda.time.field.TestBaseDateTimeField#test_add_long_int,22.000000
2857,org.joda.time.TestPartial_Basics#testToString1,488.000000
2858,org.joda.time.TestPeriod_Constructors#testFactoryFieldDifference5,282.000000
2859,org.joda.time.field.TestBaseDateTimeField#test_getDifferenceAsLong_long_long,22.000000
2860,org.joda.time.TestPartial_Basics#testToString2,441.000000
2861,org.joda.time.TestPeriod_Constructors#testConstructor_long_PeriodType1,294.000000
2862,org.joda.time.field.TestBaseDateTimeField#test_getDifference_long_long,24.000000
2863,org.joda.time.TestPartial_Basics#testIsAfter_TOD,452.000000
2864,org.joda.time.TestPeriod_Constructors#testConstructor_long_PeriodType2,289.000000
2865,org.joda.time.field.TestBaseDateTimeField#test_add_long_long,22.000000
2866,org.joda.time.TestPartial_Basics#testGetValues,449.000000
2867,org.joda.time.TestPeriod_Constructors#testConstructor_long_PeriodType3,294.000000
2868,org.joda.time.field.TestBaseDateTimeField#test_getMaximumTextLength_Locale,20.000000
2869,org.joda.time.TestPartial_Basics#testWithChronologyRetainFields_sameChrono,449.000000
2870,org.joda.time.TestPeriod_Constructors#testConstructor_long_PeriodType4,295.000000
2871,org.joda.time.field.TestBaseDateTimeField#test_roundHalfCeiling_long,24.000000
2872,org.joda.time.TestPartial_Basics#testWith3a,490.000000
2873,org.joda.time.TestPeriod_Constructors#testFactorySeconds,270.000000
2874,org.joda.time.field.TestBaseDateTimeField#test_getMinimumValue_long,20.000000
2875,org.joda.time.TestPartial_Basics#testWith3b,491.000000
2876,org.joda.time.TestPeriod_Constructors#testConstructor_RP_RP_PeriodType4,282.000000
2877,org.joda.time.field.TestBaseDateTimeField#test_getAsShortText_long_Locale,22.000000
2878,org.joda.time.TestPartial_Basics#testWith3c,493.000000
2879,org.joda.time.TestPeriod_Constructors#testConstructor_RP_RP_PeriodType5,257.000000
2880,org.joda.time.field.TestBaseDateTimeField#test_roundFloor_long,19.000000
2881,org.joda.time.TestPartial_Basics#testWith3d,458.000000
2882,org.joda.time.TestPeriod_Constructors#testConstructor_RP_RP_PeriodType6,287.000000
2883,org.joda.time.field.TestBaseDateTimeField#test_set_long_int,19.000000
2884,org.joda.time.TestPartial_Basics#testWith3e,457.000000
2885,org.joda.time.TestPeriod_Constructors#testConstructor_RP_RP_PeriodType7,282.000000
2886,org.joda.time.field.TestBaseDateTimeField#test_getAsText_long_Locale,21.000000
2887,org.joda.time.TestPartial_Basics#testWith3f,457.000000
2888,org.joda.time.TestPeriod_Constructors#testConstructor_RP_RP_PeriodType8,281.000000
2889,org.joda.time.field.TestBaseDateTimeField#test_getMaximumValue,19.000000
2890,org.joda.time.TestPartial_Basics#testGetFormatter1,508.000000
2891,org.joda.time.TestPeriod_Constructors#testConstructor_long_PeriodType_Chronology1,293.000000
2892,org.joda.time.field.TestBaseDateTimeField#test_addWrapField_long_int,24.000000
2893,org.joda.time.TestPartial_Basics#testGetFormatter2,469.000000
2894,org.joda.time.TestPeriod_Constructors#testConstructor_long_PeriodType_Chronology2,281.000000
2895,org.joda.time.field.TestBaseDateTimeField#test_set_long_String_Locale,21.000000
2896,org.joda.time.TestPartial_Basics#testGetFormatter3,501.000000
2897,org.joda.time.TestPeriod_Constructors#testConstructor_long_PeriodType_Chronology3,294.000000
2898,org.joda.time.field.TestBaseDateTimeField#test_toString,22.000000
2899,org.joda.time.TestPartial_Basics#testWithFieldAddWrapped2,491.000000
2900,org.joda.time.TestPeriod_Constructors#testConstructor_long_PeriodType_Chronology4,294.000000
2901,org.joda.time.field.TestBaseDateTimeField#test_getMinimumValue,19.000000
2902,org.joda.time.TestPartial_Basics#testWithFieldAddWrapped3,491.000000
2903,org.joda.time.TestSerialization#testSerializedISOChronology,254.000000
2904,org.joda.time.field.TestBaseDateTimeField#test_isSupported,20.000000
2905,org.joda.time.TestPartial_Basics#testWithFieldAddWrapped4,450.000000
2906,org.joda.time.TestSerialization#testSerializedDateTime,269.000000
2907,org.joda.time.field.TestBaseDateTimeField#test_getLeapAmount_long,20.000000
2908,org.joda.time.TestPartial_Basics#testWithFieldAddWrapped5,493.000000
2909,org.joda.time.TestInstant_Basics#testIsBefore_RI,251.000000
2910,org.joda.time.field.TestBaseDateTimeField#test_getMaximumShortTextLength_Locale,21.000000
2911,org.joda.time.TestPartial_Basics#testWithFieldAddWrapped6,497.000000
2912,org.joda.time.TestInstant_Basics#testEqualsHashCode,264.000000
2913,org.joda.time.field.TestFieldUtils#testSafeSubtractLong,1.000000
2914,org.joda.time.TestPartial_Basics#testWithFieldAddWrapped7,495.000000
2915,org.joda.time.TestInstant_Basics#testToMutableDateTime,258.000000
2916,org.joda.time.field.TestFieldUtils#testSafeAddInt,1.000000
2917,org.joda.time.TestPartial_Basics#testWithFieldAddWrapped8,495.000000
2918,org.joda.time.TestInstant_Basics#testToDateTime,258.000000
2919,org.joda.time.field.TestFieldUtils#testSafeAddLong,1.000000
2920,org.joda.time.TestPartial_Basics#testWithChronologyRetainFields_Chrono,495.000000
2921,org.joda.time.TestInstant_Basics#testToMutableDateTime_DateTimeZone,261.000000
2922,org.joda.time.field.TestScaledDurationField#test_getName,11.000000
2923,org.joda.time.TestLocalDate_Basics#testToDateTimeAtCurrentTime_Zone,500.000000
2924,org.joda.time.TestMutablePeriod_Constructors#testConstructor_Object_PeriodType3,308.000000
2925,org.joda.time.field.TestScaledDurationField#test_getType,10.000000
2926,org.joda.time.TestLocalDate_Basics#testGetField_int,445.000000
2927,org.joda.time.TestMutablePeriod_Constructors#testConstructor_Object_PeriodType4,308.000000
2928,org.joda.time.field.TestScaledDurationField#test_constructor,9.000000
2929,org.joda.time.TestLocalDate_Basics#testToDate_summer,465.000000
2930,org.joda.time.TestMutablePeriod_Constructors#testConstructor_Object2,290.000000
2931,org.joda.time.field.TestPreciseDateTimeField#test_getMaximumValue_long,26.000000
2932,org.joda.time.TestLocalDate_Basics#testToDate_winter,465.000000
2933,org.joda.time.TestMutablePeriod_Constructors#testConstructor_Object3,308.000000
2934,org.joda.time.field.TestPreciseDateTimeField#test_isLeap_long,25.000000
2935,org.joda.time.TestLocalDate_Basics#testToDateTimeAtStartOfDay_Zone_avoidDST,456.000000
2936,org.joda.time.TestMutablePeriod_Constructors#testConstructor_Object4,307.000000
2937,org.joda.time.field.TestPreciseDateTimeField#test_roundCeiling_long,25.000000
2938,org.joda.time.TestLocalDate_Basics#testToDate_autumnDST,448.000000
2939,org.joda.time.TestMutablePeriod_Constructors#testConstructor1,267.000000
2940,org.joda.time.field.TestPreciseDateTimeField#test_roundHalfEven_long,28.000000
2941,org.joda.time.TestLocalDate_Basics#testToDate_springDST_2Hour40Savings,448.000000
2942,org.joda.time.TestMutablePeriod_Constructors#testConstructor_long_Chronology3,292.000000
2943,org.joda.time.field.TestPreciseDateTimeField#test_getLeapDurationField,25.000000
2944,org.joda.time.TestLocalDate_Basics#testSerialization,457.000000
2945,org.joda.time.TestMutablePeriod_Constructors#testConstructor_long1,292.000000
2946,org.joda.time.field.TestPreciseDateTimeField#test_getAsShortText_long,29.000000
2947,org.joda.time.TestLocalDate_Basics#testToDateMidnight_Zone,462.000000
2948,org.joda.time.TestMutablePeriod_Constructors#testConstructor_long2,292.000000
2949,org.joda.time.field.TestPreciseDateTimeField#test_get,25.000000
2950,org.joda.time.TestLocalDate_Basics#testToDateTime_wrongChronoLocalTime_Zone,448.000000
2951,org.joda.time.TestMutablePeriod_Constructors#testConstructor_long3,292.000000
2952,org.joda.time.field.TestPreciseDateTimeField#test_getAsText_long,28.000000
2953,org.joda.time.TestLocalDate_Basics#testToLocalDateTime_nullLocalTime,439.000000
2954,org.joda.time.TestMutablePeriod_Constructors#testConstructor_PeriodType1,267.000000
2955,org.joda.time.field.TestPreciseDateTimeField#test_getAsShortText_int_Locale,26.000000
2956,org.joda.time.TestLocalDate_Basics#testEqualsHashCode,482.000000
2957,org.joda.time.TestMutablePeriod_Constructors#testConstructor_PeriodType2,267.000000
2958,org.joda.time.field.TestPreciseDateTimeField#test_getAsText_int_Locale,25.000000
2959,org.joda.time.TestLocalDate_Basics#testToString,485.000000
2960,org.joda.time.TestMutablePeriod_Constructors#testConstructor_long_PeriodType1,292.000000
2961,org.joda.time.field.TestPreciseDateTimeField#test_convertText,29.000000
2962,org.joda.time.TestLocalDate_Basics#testWithField_DateTimeFieldType_int_2,438.000000
2963,org.joda.time.TestMutablePeriod_Constructors#testConstructor_long_PeriodType2,286.000000
2964,org.joda.time.field.TestPreciseDateTimeField#test_add_long_int,26.000000
2965,org.joda.time.TestLocalDate_Basics#testWithField_DateTimeFieldType_int_3,443.000000
2966,org.joda.time.TestMutablePeriod_Constructors#testConstructor_long_PeriodType3,292.000000
2967,org.joda.time.field.TestPreciseDateTimeField#test_getDifferenceAsLong_long_long,26.000000
2968,org.joda.time.TestLocalDate_Basics#testWithField_DateTimeFieldType_int_4,445.000000
2969,org.joda.time.TestMutablePeriod_Constructors#testConstructor_long_PeriodType4,293.000000
2970,org.joda.time.field.TestPreciseDateTimeField#test_roundHalfFloor_long,27.000000
2971,org.joda.time.TestLocalDate_Basics#testWithFieldAdded_DurationFieldType_int_2,438.000000
2972,org.joda.time.TestMutablePeriod_Constructors#testConstructor_long_PeriodType_Chronology3,292.000000
2973,org.joda.time.field.TestPreciseDateTimeField#test_getDifference_long_long,28.000000
2974,org.joda.time.TestLocalDate_Basics#testWithFieldAdded_DurationFieldType_int_3,438.000000
2975,org.joda.time.TestMutablePeriod_Constructors#testConstructor_long_PeriodType_Chronology4,292.000000
2976,org.joda.time.field.TestPreciseDateTimeField#test_add_long_long,26.000000
2977,org.joda.time.TestLocalDate_Basics#testWithFieldAdded_DurationFieldType_int_4,441.000000
2978,org.joda.time.field.TestOffsetDateTimeField#test_getAsText_RP_int_Locale,259.000000
2979,org.joda.time.field.TestPreciseDateTimeField#test_remainder_long,25.000000
2980,org.joda.time.TestLocalDate_Basics#testWithFieldAdded_DurationFieldType_int_5,443.000000
2981,org.joda.time.field.TestOffsetDateTimeField#test_getName,243.000000
2982,org.joda.time.field.TestPreciseDateTimeField#test_getMaximumTextLength_Locale,26.000000
2983,org.joda.time.TestLocalDate_Basics#testCompareTo,497.000000
2984,org.joda.time.field.TestOffsetDateTimeField#test_getType,241.000000
2985,org.joda.time.field.TestPreciseDateTimeField#test_roundHalfCeiling_long,27.000000
2986,org.joda.time.TestLocalDate_Basics#testToString_DTFormatter,494.000000
2987,org.joda.time.field.TestOffsetDateTimeField#test_getLeapDurationField,243.000000
2988,org.joda.time.field.TestPreciseDateTimeField#test_getMinimumValue_long,26.000000
2989,org.joda.time.TestLocalDate_Basics#testToDateTimeAtMidnight_nullZone,473.000000
2990,org.joda.time.field.TestOffsetDateTimeField#test_get,253.000000
2991,org.joda.time.field.TestPreciseDateTimeField#test_getAsShortText_long_Locale,28.000000
2992,org.joda.time.TestLocalDate_Basics#testToDateTime_LocalTime_Zone,485.000000
2993,org.joda.time.field.TestOffsetDateTimeField#test_getAsShortText_int_Locale,243.000000
2994,org.joda.time.field.TestPreciseDateTimeField#test_roundFloor_long,25.000000
2995,org.joda.time.TestLocalDate_Basics#testToDateTime_LocalTime_nullZone,501.000000
2996,org.joda.time.field.TestOffsetDateTimeField#test_getAsText_int_Locale,242.000000
2997,org.joda.time.field.TestPreciseDateTimeField#test_set_long_int,29.000000
2998,org.joda.time.TestLocalDate_Basics#testToDateTimeAtStartOfDay_Zone,462.000000
2999,org.joda.time.field.TestOffsetDateTimeField#test_isLenient,244.000000
3000,org.joda.time.field.TestPreciseDateTimeField#test_getAsText_long_Locale,27.000000
3001,org.joda.time.TestLocalDate_Basics#testToDateTime_nullRI,488.000000
3002,org.joda.time.field.TestOffsetDateTimeField#test_getMaximumTextLength_Locale,242.000000
3003,org.joda.time.field.TestPreciseDateTimeField#test_getMaximumValue,25.000000
3004,org.joda.time.TestLocalDate_Basics#testIsAfter_LocalDate,449.000000
3005,org.joda.time.field.TestOffsetDateTimeField#test_getAsShortText_long_Locale,256.000000
3006,org.joda.time.field.TestPreciseDateTimeField#test_set_long_String_Locale,31.000000
3007,org.joda.time.TestLocalDate_Basics#testToLocalDateTime_LocalTime,465.000000
3008,org.joda.time.field.TestOffsetDateTimeField#test_getOffset,242.000000
3009,org.joda.time.field.TestPreciseDateTimeField#test_getMinimumValue,25.000000
3010,org.joda.time.TestLocalDate_Basics#testIsSupported_DurationFieldType,440.000000
3011,org.joda.time.field.TestOffsetDateTimeField#test_getAsShortText_RP_int_Locale,260.000000
3012,org.joda.time.field.TestPreciseDateTimeField#test_isSupported,25.000000
3013,org.joda.time.TestLocalDate_Basics#testToDateTime_LocalTime,502.000000
3014,org.joda.time.field.TestOffsetDateTimeField#test_set_long_int,257.000000
3015,org.joda.time.field.TestPreciseDateTimeField#test_getLeapAmount_long,25.000000
3016,org.joda.time.TestLocalDate_Basics#testIsSupported_DateTimeFieldType,446.000000
3017,org.joda.time.field.TestOffsetDateTimeField#test_getAsText_long_Locale,255.000000
3018,org.joda.time.field.TestPreciseDateTimeField#test_getMaximumShortTextLength_Locale,27.000000
3019,org.joda.time.TestLocalDate_Basics#testToDateTime_nullLocalTime_Zone,474.000000
3020,org.joda.time.field.TestOffsetDateTimeField#test_getMaximumValue,241.000000
3021,org.joda.time.field.TestPreciseDurationField#test_getValueAsLong_long,8.000000
3022,org.joda.time.TestLocalDate_Basics#testGetValue_int,444.000000
3023,org.joda.time.field.TestOffsetDateTimeField#test_set_long_String_Locale,259.000000
3024,org.joda.time.field.TestPreciseDurationField#test_getName,8.000000
3025,org.joda.time.TestLocalDate_Basics#testToDateTimeAtCurrentTime_nullZone,500.000000
3026,org.joda.time.field.TestOffsetDateTimeField#test_toString,244.000000
3027,org.joda.time.field.TestPreciseDurationField#test_getType,7.000000
3028,org.joda.time.TestLocalDate_Basics#testPlusDays_int,454.000000
3029,org.joda.time.field.TestOffsetDateTimeField#test_constructor2,243.000000
3030,org.joda.time.field.TestPreciseDurationField#test_constructor,6.000000
3031,org.joda.time.TestLocalDate_Basics#testToDateTime_RI,493.000000
3032,org.joda.time.field.TestOffsetDateTimeField#test_getMinimumValue,241.000000
3033,org.joda.time.field.TestPreciseDurationField#test_getDifference_long_int,10.000000
3034,org.joda.time.TestLocalDate_Basics#testGetFields,447.000000
3035,org.joda.time.field.TestOffsetDateTimeField#test_isSupported,241.000000
3036,org.joda.time.field.TestPreciseDurationField#test_getUnitMillis,7.000000
3037,org.joda.time.TestLocalDate_Basics#testToDateTimeAtMidnight_Zone,458.000000
3038,org.joda.time.field.TestOffsetDateTimeField#test_getMaximumShortTextLength_Locale,243.000000
3039,org.joda.time.field.TestPreciseDurationField#test_toString,9.000000
3040,org.joda.time.TestLocalDate_Basics#testGetFieldType_int,445.000000
3041,org.joda.time.field.TestPreciseDurationDateTimeField#test_getAsText_RP_int_Locale,257.000000
3042,org.joda.time.field.TestPreciseDurationField#test_isSupported,7.000000
3043,org.joda.time.TestLocalDate_Basics#testGet_DateTimeFieldType,452.000000
3044,org.joda.time.field.TestPreciseDurationDateTimeField#test_getAsShortText_RP_Locale,264.000000
3045,org.joda.time.field.TestPreciseDurationField#test_getValueAsLong_long_long,7.000000
3046,org.joda.time.TestLocalDate_Basics#testToDateTimeAtStartOfDay_nullZone,477.000000
3047,org.joda.time.field.TestPreciseDurationDateTimeField#test_getAsText_RP_Locale,263.000000
3048,org.joda.time.TestPeriodType#testYearMonthDayTime,60.000000
3049,org.joda.time.TestLocalDate_Basics#testGetValues,446.000000
3050,org.joda.time.field.TestPreciseDurationDateTimeField#test_getAsShortText_RP_int_Locale,258.000000
3051,org.joda.time.TestPeriodType#testYearDay,56.000000
3052,org.joda.time.TestLocalDate_Basics#testIsEqual_LocalDate,449.000000
3053,org.joda.time.field.TestBaseDateTimeField#test_getAsText_RP_int_Locale,257.000000
3054,org.joda.time.TestPeriodType#testMaskHoursMinutesSeconds,65.000000
3055,org.joda.time.TestLocalDate_Basics#testToDateMidnight_nullZone,477.000000
3056,org.joda.time.field.TestBaseDateTimeField#test_getAsShortText_RP_Locale,264.000000
3057,org.joda.time.TestPeriodType#testMaskSeconds,63.000000
3058,org.joda.time.TestLocalDate_Basics#testToDateTimeAtStartOfDay,478.000000
3059,org.joda.time.field.TestBaseDateTimeField#test_getAsText_RP_Locale,263.000000
3060,org.joda.time.TestPeriodType#testYearWeekDay,57.000000
3061,org.joda.time.TestLocalDate_Basics#testEqualsHashCodeAPI,454.000000
3062,org.joda.time.field.TestBaseDateTimeField#test_getAsShortText_RP_int_Locale,258.000000
3063,org.joda.time.TestPeriodType#testHours,61.000000
3064,org.joda.time.TestLocalDate_Basics#testIsBefore_LocalDate,449.000000
3065,org.joda.time.field.TestScaledDurationField#test_compareTo,239.000000
3066,org.joda.time.TestPeriodType#testWeeks,61.000000
3067,org.joda.time.TestLocalDateTime_Constructors#testConstructor_long1_DateTimeZone,413.000000
3068,org.joda.time.field.TestScaledDurationField#test_hashCode,238.000000
3069,org.joda.time.TestPeriodType#testYears,61.000000
3070,org.joda.time.TestLocalDateTime_Constructors#testConstructor_int_int_int_Chronology,411.000000
3071,org.joda.time.field.TestPreciseDateTimeField#test_getAsText_RP_int_Locale,257.000000
3072,org.joda.time.TestPeriodType#testDays,61.000000
3073,org.joda.time.TestLocalDateTime_Constructors#testConstructor_Chronology,412.000000
3074,org.joda.time.field.TestPreciseDateTimeField#test_getAsShortText_RP_Locale,264.000000
3075,org.joda.time.TestPeriodType#testTime,57.000000
3076,org.joda.time.TestLocalDateTime_Constructors#testConstructor_long_nullChronology,413.000000
3077,org.joda.time.field.TestPreciseDateTimeField#test_getAsText_RP_Locale,263.000000
3078,org.joda.time.TestPeriodType#testYearDayTime,59.000000
3079,org.joda.time.TestLocalDateTime_Constructors#testConstructor_int_int_int_int_int,410.000000
3080,org.joda.time.field.TestPreciseDateTimeField#test_getAsShortText_RP_int_Locale,258.000000
3081,org.joda.time.TestPeriodType#testForFields1,72.000000
3082,org.joda.time.TestLocalDateTime_Constructors#testConstructor_long2,414.000000
3083,org.joda.time.field.TestPreciseDurationField#test_compareTo,239.000000
3084,org.joda.time.TestPeriodType#testForFields3,84.000000
3085,org.joda.time.TestLocalDateTime_Constructors#testConstructor_long_nullDateTimeZone,413.000000
3086,org.joda.time.field.TestPreciseDurationField#test_hashCode,238.000000
3087,org.joda.time.TestPeriodType#testForFields4,81.000000
3088,org.joda.time.TestLocalDateTime_Constructors#testConstructor_int_int_int_int_int_int_int,413.000000
3089,org.joda.time.field.TestPreciseDurationField#test_equals,239.000000
3090,org.joda.time.TestPeriodType#testForFields6,45.000000
3091,org.joda.time.TestLocalDateTime_Constructors#testConstructor_long1_Chronology,409.000000
3092,org.joda.time.TestMutableDateTime_Basics#testSerialization,267.000000
3093,org.joda.time.TestPeriodType#testYearWeekDayTime,60.000000
3094,org.joda.time.TestLocalDateTime_Constructors#testConstructor_nullChronology,416.000000
3095,org.joda.time.TestMutableDateTime_Basics#testClone,257.000000
3096,org.joda.time.TestPeriodType#testMaskHours,63.000000
3097,org.joda.time.TestLocalDateTime_Constructors#testConstructor_int_int_int_nullChronology,407.000000
3098,org.joda.time.TestMutableDateTime_Basics#testCompareTo,258.000000
3099,org.joda.time.TestPeriodType#testMaskWeeks,63.000000
3100,org.joda.time.TestLocalDateTime_Constructors#testConstructor_long2_Chronology,409.000000
3101,org.joda.time.TestMutableDateTime_Basics#testToDateTime_Chronology,261.000000
3102,org.joda.time.TestPeriodType#testMaskYears,63.000000
3103,org.joda.time.TestLocalDateTime_Constructors#testConstructor_nullDateTimeZone,415.000000
3104,org.joda.time.TestMutableDateTime_Basics#testIsBefore,262.000000
3105,org.joda.time.TestPeriodType#testYearMonthDay,57.000000
3106,org.joda.time.TestLocalDateTime_Constructors#testFactory_FromDateFields,403.000000
3107,org.joda.time.TestMutableDateTime_Basics#testToMutableDateTime_Chronology,261.000000
3108,org.joda.time.TestPeriodType#testMinutes,61.000000
3109,org.joda.time.TestLocalDateTime_Constructors#testConstructor,416.000000
3110,org.joda.time.TestMutableDateTime_Basics#testIsAfter,262.000000
3111,org.joda.time.TestPeriodType#testHashCode,55.000000
3112,org.joda.time.TestTimeOfDay_Basics#testGetFieldType,458.000000
3113,org.joda.time.TestMutableDateTime_Basics#testIsEqual,262.000000
3114,org.joda.time.TestPeriodType#testMaskDays,63.000000
3115,org.joda.time.TestTimeOfDay_Basics#testGetField,458.000000
3116,org.joda.time.TestMutableDateTime_Basics#testToDate,254.000000
3117,org.joda.time.TestPeriodType#testDayTime,58.000000
3118,org.joda.time.TestTimeOfDay_Basics#testGetValue,450.000000
3119,org.joda.time.TestMutableDateTime_Basics#testToMutableDateTime_DateTimeZone,261.000000
3120,org.joda.time.TestPeriodType#testEquals,55.000000
3121,org.joda.time.TestTimeOfDay_Basics#testSerialization,458.000000
3122,org.joda.time.TestMutableDateTime_Adds#testAdd_RD_int1,263.000000
3123,org.joda.time.TestPeriodType#testMaskMillis,63.000000
3124,org.joda.time.TestTimeOfDay_Basics#testGet,461.000000
3125,org.joda.time.TestMutableDateTime_Adds#testAdd_RD_int2,254.000000
3126,org.joda.time.TestPeriodType#testMaskMonths,63.000000
3127,org.joda.time.TestTimeOfDay_Basics#testSize,455.000000
3128,org.joda.time.TestMutableDateTime_Adds#testAdd_RD2,255.000000
3129,org.joda.time.TestPeriodType#testMillis,61.000000
3130,org.joda.time.TestTimeOfDay_Basics#testEqualsHashCode,456.000000
3131,org.joda.time.TestMutableDateTime_Adds#testAdd_RP_int2,254.000000
3132,org.joda.time.TestPeriodType#testIndexOf,58.000000
3133,org.joda.time.TestTimeOfDay_Basics#testCompareTo,461.000000
3134,org.joda.time.TestMutableDateTime_Adds#testAdd_long1,260.000000
3135,org.joda.time.TestPeriodType#testMonths,61.000000
3136,org.joda.time.TestTimeOfDay_Basics#testIsBefore_TOD,452.000000
3137,org.joda.time.TestMutableDateTime_Adds#testAdd_DurationFieldType_int3,254.000000
3138,org.joda.time.TestPeriodType#testSeconds,61.000000
3139,org.joda.time.TestTimeOfDay_Basics#testWithFieldAdded1,459.000000
3140,org.joda.time.TestBaseSingleFieldPeriod#testFactory_standardPeriodIn_RPeriod,332.000000
3141,org.joda.time.TestPeriodType#testMaskTwice1,64.000000
3142,org.joda.time.TestTimeOfDay_Basics#testWithFieldAdded2,451.000000
3143,org.joda.time.TestMutableDateTime_Sets#testSetMillis_long1,258.000000
3144,org.joda.time.TestPeriodType#testMaskTwice2,59.000000
3145,org.joda.time.TestTimeOfDay_Basics#testWithFieldAdded3,451.000000
3146,org.joda.time.TestMutableDateTime_Sets#testSetChronology_Chronology1,259.000000
3147,org.joda.time.TestPeriodType#testMaskMinutes,63.000000
3148,org.joda.time.TestTimeOfDay_Basics#testWithFieldAdded4,451.000000
3149,org.joda.time.TestMutableDateTime_Sets#testSetChronology_Chronology2,258.000000
3150,org.joda.time.TestPeriodType#testStandard,61.000000
3151,org.joda.time.TestTimeOfDay_Basics#testWithFieldAdded5,453.000000
3152,org.joda.time.TestMutableDateTime_Sets#testSetZone_DateTimeZone2,258.000000
3153,org.joda.time.TestBaseSingleFieldPeriod#testValueIndexMethods,36.000000
3154,org.joda.time.TestTimeOfDay_Basics#testWithFieldAdded6,459.000000
3155,org.joda.time.TestMonthDay_Constructors#testConstructor_int_int_Chronology,272.000000
3156,org.joda.time.TestDuration_Constructors#testZERO,45.000000
3157,org.joda.time.TestTimeOfDay_Basics#testWithFieldAdded7,459.000000
3158,org.joda.time.TestMonthDay_Constructors#testConstructor_int_int_nullChronology,272.000000
3159,org.joda.time.TestDuration_Constructors#testConstructor_long1,45.000000
3160,org.joda.time.TestTimeOfDay_Basics#testWithFieldAdded8,459.000000
3161,org.joda.time.TestMonthDay_Constructors#testConstructor_long2,285.000000
3162,org.joda.time.TestDateTimeZone#testDefaultSecurity,36.000000
3163,org.joda.time.TestTimeOfDay_Basics#testToDateTimeToday_nullZone,498.000000
3164,org.joda.time.TestMonthDay_Constructors#testConstructor_long1_Chronology,281.000000
3165,org.joda.time.TestDateTimeZone#testGetShortNameNullKey,37.000000
3166,org.joda.time.TestTimeOfDay_Basics#testToDateTimeToday_Zone,498.000000
3167,org.joda.time.TestMonthDay_Constructors#testConstructor_nullChronology,287.000000
3168,org.joda.time.TestDateTimeZone#testGetID,36.000000
3169,org.joda.time.TestTimeOfDay_Basics#testIsSupported,460.000000
3170,org.joda.time.TestMonthDay_Constructors#testConstructor_long2_Chronology,281.000000
3171,org.joda.time.TestDateTimeZone#testGetShortName,36.000000
3172,org.joda.time.TestTimeOfDay_Basics#testWithField2,451.000000
3173,org.joda.time.TestPartial_Constructors#testConstructorEx1_TypeArray_intArray,251.000000
3174,org.joda.time.TestDateTimeZone#testGetAvailableIDs,37.000000
3175,org.joda.time.TestTimeOfDay_Basics#testWithField3,453.000000
3176,org.joda.time.TestPartial_Constructors#testConstructorEx2_Type_int,261.000000
3177,org.joda.time.TestDateTimeZone#testGetName,36.000000
3178,org.joda.time.TestTimeOfDay_Basics#testWithField4,452.000000
3179,org.joda.time.TestPartial_Constructors#testConstructorEx1_Type_int,251.000000
3180,org.joda.time.TestDateTimeZone#testForOffsetMillis_int,70.000000
3181,org.joda.time.TestTimeOfDay_Basics#testGetFields,459.000000
3182,org.joda.time.TestPartial_Constructors#testConstructorEx9_TypeArray_intArray,266.000000
3183,org.joda.time.TestDateTimeZone#testNameProviderSecurity,36.000000
3184,org.joda.time.TestTimeOfDay_Basics#testIsEqual_TOD,452.000000
3185,org.joda.time.TestPartial_Constructors#testConstructor_Chrono,254.000000
3186,org.joda.time.TestDateTimeZone#testForOffsetHoursMinutes_int_int,73.000000
3187,org.joda.time.TestTimeOfDay_Basics#testIsAfter_TOD,452.000000
3188,org.joda.time.TestPartial_Constructors#testConstructorEx7_TypeArray_intArray,255.000000
3189,org.joda.time.TestDateTimeZone#testForTimeZone_TimeZone,71.000000
3190,org.joda.time.TestTimeOfDay_Basics#testGetValues,450.000000
3191,org.joda.time.TestPartial_Constructors#testConstructor_Type_int_Chrono,266.000000
3192,org.joda.time.TestDateTimeZone#testGetNameNullKey,37.000000
3193,org.joda.time.TestTimeOfDay_Basics#testWithChronologyRetainFields_sameChrono,450.000000
3194,org.joda.time.TestPartial_Constructors#testConstructorEx6_TypeArray_intArray,252.000000
3195,org.joda.time.TestDateTimeZone#testDefault,36.000000
3196,org.joda.time.TestTimeOfDay_Basics#testWithChronologyRetainFields_Chrono,461.000000
3197,org.joda.time.TestPartial_Constructors#testConstructor_TypeArray_intArray_Chrono,276.000000
3198,org.joda.time.TestDateTimeZone#testProviderSecurity,36.000000
3199,org.joda.time.TestYearMonthDay_Basics#testToDateTimeAtCurrentTime_Zone,510.000000
3200,org.joda.time.TestPartial_Constructors#testConstructor2_TypeArray_intArray,254.000000
3201,org.joda.time.TestDateTimeZone#testToTimeZone,37.000000
3202,org.joda.time.TestYearMonthDay_Basics#testToDateTime_nullTOD_Zone,485.000000
3203,org.joda.time.TestPartial_Constructors#testConstructorEx5_TypeArray_intArray,251.000000
3204,org.joda.time.TestDateTimeZone#testSerialization1,41.000000
3205,org.joda.time.TestYearMonthDay_Basics#testGetFieldType,450.000000
3206,org.joda.time.TestPartial_Constructors#testConstructorEx_Partial,246.000000
3207,org.joda.time.TestDateTimeZone#testSerialization2,74.000000
3208,org.joda.time.TestYearMonthDay_Basics#testToDateTime_TOD_nullZone,508.000000
3209,org.joda.time.TestPartial_Constructors#testConstructorEx_Type_int_Chrono,248.000000
3210,org.joda.time.TestDateTimeZone#testConstructor,36.000000
3211,org.joda.time.TestYearMonthDay_Basics#testGetField,453.000000
3212,org.joda.time.TestPartial_Constructors#testConstructorEx3_TypeArray_intArray,251.000000
3213,org.joda.time.TestHours#testPlus_int,80.000000
3214,org.joda.time.TestYearMonthDay_Basics#testGetValue,445.000000
3215,org.joda.time.TestPartial_Constructors#testConstructorEx2_Type_int_Chrono,258.000000
3216,org.joda.time.TestHours#testConstants,77.000000
3217,org.joda.time.TestYearMonthDay_Basics#testSerialization,460.000000
3218,org.joda.time.TestPartial_Constructors#testConstructor,254.000000
3219,org.joda.time.TestHours#testFactory_hours_int,78.000000
3220,org.joda.time.TestYearMonthDay_Basics#testToDateMidnight_Zone,470.000000
3221,org.joda.time.TestTimeOfDay_Properties#testPropertyCompareToHour,298.000000
3222,org.joda.time.TestHours#testGetMethods,78.000000
3223,org.joda.time.TestYearMonthDay_Basics#testGet,450.000000
3224,org.joda.time.TestTimeOfDay_Properties#testPropertyAddMilli,276.000000
3225,org.joda.time.TestHours#testMinus_int,82.000000
3226,org.joda.time.TestYearMonthDay_Basics#testSize,444.000000
3227,org.joda.time.TestTimeOfDay_Properties#testPropertyGetMaxMinValuesMinute,269.000000
3228,org.joda.time.TestHours#testGetPeriodType,78.000000
3229,org.joda.time.TestYearMonthDay_Basics#testEqualsHashCode,462.000000
3230,org.joda.time.TestTimeOfDay_Properties#testPropertyAddWrapFieldSecond,278.000000
3231,org.joda.time.format.TestDateTimeFormat#testFormat_zoneText,41.000000
3232,org.joda.time.TestYearMonthDay_Basics#testToString,500.000000
3233,org.joda.time.TestTimeOfDay_Properties#testPropertyCompareToMilli,298.000000
3234,org.joda.time.format.TestDateTimeFormat#testFormat_zoneLongText,41.000000
3235,org.joda.time.TestYearMonthDay_Basics#testCompareTo,484.000000
3236,org.joda.time.TestTimeOfDay_Properties#testPropertyCompareToSecond,298.000000
3237,org.joda.time.format.TestISODateTimeFormat_Fields#testForFields_null,1.000000
3238,org.joda.time.TestYearMonthDay_Basics#testToString_DTFormatter,508.000000
3239,org.joda.time.TestTimeOfDay_Properties#testPropertyGetMaxMinValuesHour,269.000000
3240,org.joda.time.format.TestPeriodFormat#test_wordBased_es_cached,33.000000
3241,org.joda.time.TestYearMonthDay_Basics#testToDateTimeAtMidnight_nullZone,480.000000
3242,org.joda.time.TestTimeOfDay_Properties#testPropertyAddMinute,276.000000
3243,org.joda.time.format.TestPeriodFormat#test_wordBased_fr_cached,33.000000
3244,org.joda.time.TestYearMonthDay_Basics#testToDateTime_TOD_Zone,492.000000
3245,org.joda.time.TestTimeOfDay_Properties#testPropertyAddSecond,276.000000
3246,org.joda.time.format.TestPeriodFormat#test_wordBased_nl_cached,33.000000
3247,org.joda.time.TestYearMonthDay_Basics#testIsBefore_YMD,457.000000
3248,org.joda.time.TestTimeOfDay_Properties#testPropertySetMinute,278.000000
3249,org.joda.time.format.TestPeriodFormat#test_wordBased_de_cached,33.000000
3250,org.joda.time.TestYearMonthDay_Basics#testWithFieldAdded1,464.000000
3251,org.joda.time.TestTimeOfDay_Properties#testPropertySetSecond,278.000000
3252,org.joda.time.format.TestPeriodFormat#test_wordBased_pt_cached,33.000000
3253,org.joda.time.TestYearMonthDay_Basics#testWithFieldAdded2,456.000000
3254,org.joda.time.TestTimeOfDay_Properties#testPropertyGetMinute,288.000000
3255,org.joda.time.format.TestDateTimeFormatterBuilder#test_toFormatter,13.000000
3256,org.joda.time.TestYearMonthDay_Basics#testWithFieldAdded3,456.000000
3257,org.joda.time.TestTimeOfDay_Properties#testPropertyGetSecond,288.000000
3258,org.joda.time.format.TestDateTimeFormatStyle#testForStyle_stringLengths,43.000000
3259,org.joda.time.TestYearMonthDay_Basics#testWithFieldAdded4,456.000000
3260,org.joda.time.TestTimeOfDay_Properties#testPropertySetTextHour,278.000000
3261,org.joda.time.format.TestDateTimeFormatStyle#testForStyle_fullDateTime,41.000000
3262,org.joda.time.TestYearMonthDay_Basics#testWithFieldAdded5,458.000000
3263,org.joda.time.TestTimeOfDay_Properties#testPropertySetMilli,278.000000
3264,org.joda.time.format.TestDateTimeFormatStyle#testForStyle_mediumLongDateTime,41.000000
3265,org.joda.time.TestYearMonthDay_Basics#testToDateTime_nullRI,497.000000
3266,org.joda.time.TestTimeOfDay_Properties#testPropertyAddNoWrapMinute,276.000000
3267,org.joda.time.format.TestDateTimeFormatStyle#testForStyle_fullTime,41.000000
3268,org.joda.time.TestYearMonthDay_Basics#testToDateTimeAtCurrentTime_nullZone,510.000000
3269,org.joda.time.TestTimeOfDay_Properties#testPropertyAddNoWrapSecond,276.000000
3270,org.joda.time.format.TestDateTimeFormatStyle#testForStyle_shortLongDateTime,41.000000
3271,org.joda.time.TestYearMonthDay_Basics#testIsSupported,452.000000
3272,org.joda.time.TestTimeOfDay_Properties#testPropertySetHour,278.000000
3273,org.joda.time.format.TestDateTimeFormatStyle#testForStyle_longTime,41.000000
3274,org.joda.time.TestYearMonthDay_Basics#testToDateTime_RI,495.000000
3275,org.joda.time.TestTimeOfDay_Properties#testPropertyAddNoWrapMilli,276.000000
3276,org.joda.time.format.TestDateTimeFormatStyle#testForStyle_mediumFullDateTime,41.000000
3277,org.joda.time.TestYearMonthDay_Basics#testToDateTime_nullTOD,502.000000
3278,org.joda.time.TestTimeOfDay_Properties#testPropertySetTextMinute,278.000000
3279,org.joda.time.format.TestDateTimeFormatStyle#testForStyle_shortFullDateTime,41.000000
3280,org.joda.time.TestYearMonthDay_Basics#testWithField2,456.000000
3281,org.joda.time.TestTimeOfDay_Properties#testPropertyGetMilli,288.000000
3282,org.joda.time.format.TestDateTimeFormatStyle#testForStyle_longDateTime,41.000000
3283,org.joda.time.TestYearMonthDay_Basics#testWithField3,458.000000
3284,org.joda.time.TestTimeOfDay_Properties#testPropertySetTextSecond,278.000000
3285,org.joda.time.TestWeeks#testFactory_weeks_int,78.000000
3286,org.joda.time.TestYearMonthDay_Basics#testWithField4,459.000000
3287,org.joda.time.TestTimeOfDay_Properties#testPropertyAddWrapFieldHour,278.000000
3288,org.joda.time.TestWeeks#testPlus_int,80.000000
3289,org.joda.time.TestYearMonthDay_Basics#testGetFields,454.000000
3290,org.joda.time.TestTimeOfDay_Properties#testPropertyGetMaxMinValuesMilli,269.000000
3291,org.joda.time.TestWeeks#testConstants,77.000000
3292,org.joda.time.TestYearMonthDay_Basics#testToDateTimeAtMidnight_Zone,466.000000
3293,org.joda.time.TestTimeOfDay_Properties#testPropertyAddWrapFieldMilli,278.000000
3294,org.joda.time.TestWeeks#testGetMethods,78.000000
3295,org.joda.time.TestYearMonthDay_Basics#testWithChronologyRetainFields_nullChrono,465.000000
3296,org.joda.time.TestDateTimeZone#testPatchedNameKeysGazaHistoric,299.000000
3297,org.joda.time.TestWeeks#testMinus_int,82.000000
3298,org.joda.time.TestYearMonthDay_Basics#testIsEqual_YMD,457.000000
3299,org.joda.time.TestDateTimeZone#testPatchedNameKeysSydney,299.000000
3300,org.joda.time.TestSeconds#testFactory_seconds_int,78.000000
3301,org.joda.time.TestYearMonthDay_Basics#testIsAfter_YMD,457.000000
3302,org.joda.time.TestDateTimeZone#testPatchedNameKeysSydneyHistoric,299.000000
3303,org.joda.time.TestSeconds#testPlus_int,80.000000
3304,org.joda.time.TestYearMonthDay_Basics#testGetValues,445.000000
3305,org.joda.time.TestDateMidnight_Constructors#testConstructor_badconverterObject_Chronology,299.000000
3306,org.joda.time.TestSeconds#testConstants,77.000000
3307,org.joda.time.TestYearMonthDay_Basics#testWithChronologyRetainFields_sameChrono,451.000000
3308,org.joda.time.TestDateMidnight_Constructors#testConstructor_invalidObject_Chronology,267.000000
3309,org.joda.time.TestSeconds#testGetMethods,78.000000
3310,org.joda.time.TestYearMonthDay_Basics#testToDateMidnight_nullZone,484.000000
3311,org.joda.time.TestMutableInterval_Constructors#testConstructor_Object6,284.000000
3312,org.joda.time.TestSeconds#testMinus_int,82.000000
3313,org.joda.time.TestYearMonthDay_Basics#testWithChronologyRetainFields_Chrono,462.000000
3314,org.joda.time.TestMutableInterval_Constructors#testConstructor_RD_RI3,264.000000
3315,org.joda.time.TestSeconds#testGetPeriodType,78.000000
3316,org.joda.time.TestLocalTime_Basics#testGetFieldTypes,441.000000
3317,org.joda.time.TestMutableInterval_Constructors#testConstructor_RD_RI5,266.000000
3318,org.joda.time.TestMutablePeriod_Updates#testSetPeriod_RP4,80.000000
3319,org.joda.time.TestLocalTime_Basics#testGetField_int,442.000000
3320,org.joda.time.TestMutableInterval_Constructors#testConstructor_RI_RD3,264.000000
3321,org.joda.time.TestMutablePeriod_Updates#testSetPeriod_8ints4,77.000000
3322,org.joda.time.TestLocalTime_Basics#testSerialization,453.000000
3323,org.joda.time.TestMutableInterval_Constructors#testConstructor_RI_RD5,266.000000
3324,org.joda.time.TestMutablePeriod_Updates#testMergePeriod_RP4,81.000000
3325,org.joda.time.TestLocalTime_Basics#testSize,437.000000
3326,org.joda.time.TestMutableInterval_Constructors#testConstructor_RI_RP3,306.000000
3327,org.joda.time.TestMutablePeriod_Updates#testMergePeriod_RP5,77.000000
3328,org.joda.time.TestLocalTime_Basics#testEqualsHashCode,473.000000
3329,org.joda.time.TestMutableInterval_Constructors#testConstructor_RI_RP5,254.000000
3330,org.joda.time.tz.TestFixedDateTimeZone#testToTimeZone1,37.000000
3331,org.joda.time.TestLocalTime_Basics#testWithField_DateTimeFieldType_int_2,437.000000
3332,org.joda.time.TestMutableInterval_Constructors#testConstructor_RI_RP6,262.000000
3333,org.joda.time.tz.TestFixedDateTimeZone#testToTimeZone2,37.000000
3334,org.joda.time.TestLocalTime_Basics#testWithField_DateTimeFieldType_int_3,443.000000
3335,org.joda.time.TestMutableInterval_Constructors#testConstructor_RP_RI3,306.000000
3336,org.joda.time.tz.TestFixedDateTimeZone#testHashCode,37.000000
3337,org.joda.time.TestLocalTime_Basics#testWithField_DateTimeFieldType_int_4,444.000000
3338,org.joda.time.TestMutableInterval_Constructors#testConstructor_RP_RI5,254.000000
3339,org.joda.time.tz.TestFixedDateTimeZone#testEquals,36.000000
3340,org.joda.time.TestLocalTime_Basics#testWithFieldAdded_DurationFieldType_int_2,437.000000
3341,org.joda.time.TestMutableInterval_Constructors#testConstructor_RP_RI6,262.000000
3342,org.joda.time.tz.TestUTCProvider#testGetAvailableIDs,2.000000
3343,org.joda.time.TestLocalTime_Basics#testWithFieldAdded_DurationFieldType_int_3,437.000000
3344,org.joda.time.TestMutableInterval_Constructors#testConstructor,251.000000
3345,org.joda.time.tz.TestUTCProvider#testGetZone_String,18.000000
3346,org.joda.time.TestLocalTime_Basics#testWithFieldAdded_DurationFieldType_int_4,440.000000
3347,org.joda.time.TestIllegalFieldValueException#testReadablePartialValidate,276.000000
3348,org.joda.time.convert.TestConverterManager#testGetPartialConverters,17.000000
3349,org.joda.time.TestLocalTime_Basics#testWithFieldAdded_DurationFieldType_int_5,442.000000
3350,org.joda.time.format.TestISOPeriodFormat#testFormatStandard,329.000000
3351,org.joda.time.convert.TestConverterManager#testAddPeriodConverter2,30.000000
3352,org.joda.time.TestLocalTime_Basics#testWithFieldAdded_DurationFieldType_int_6,449.000000
3353,org.joda.time.format.TestPeriodFormatParsing#testParseStandard1,264.000000
3354,org.joda.time.convert.TestConverterManager#testAddPeriodConverter3,19.000000
3355,org.joda.time.TestLocalTime_Basics#testWithFieldAdded_DurationFieldType_int_7,450.000000
3356,org.joda.time.format.TestPeriodFormatterBuilder#testFormatPrefixSimple1,300.000000
3357,org.joda.time.convert.TestConverterManager#testAddDurationConverter2,30.000000
3358,org.joda.time.TestLocalTime_Basics#testWithFieldAdded_DurationFieldType_int_8,450.000000
3359,org.joda.time.format.TestPeriodFormatterBuilder#testFormatPrefixSimple2,300.000000
3360,org.joda.time.convert.TestConverterManager#testAddDurationConverter3,19.000000
3361,org.joda.time.TestLocalTime_Basics#testCompareTo,474.000000
3362,org.joda.time.format.TestPeriodFormatterBuilder#testFormatPrefixSimple3,267.000000
3363,org.joda.time.convert.TestConverterManager#testRemoveIntervalConverter1,26.000000
3364,org.joda.time.TestLocalTime_Basics#testToDateTimeToday_nullZone,493.000000
3365,org.joda.time.format.TestPeriodFormatterBuilder#testFormatMillis,295.000000
3366,org.joda.time.convert.TestConverterManager#testRemoveIntervalConverter2,20.000000
3367,org.joda.time.TestLocalTime_Basics#testIsSupported_DurationFieldType,439.000000
3368,org.joda.time.format.TestPeriodFormatterBuilder#testFormatMonths,295.000000
3369,org.joda.time.convert.TestConverterManager#testRemoveIntervalConverter3,19.000000
3370,org.joda.time.TestLocalTime_Basics#testIsSupported_DateTimeFieldType,440.000000
3371,org.joda.time.format.TestPeriodFormatterBuilder#testFormatPrintZeroRarelyFirstMinutes,294.000000
3372,org.joda.time.convert.TestConverterManager#testGetDurationConverters,17.000000
3373,org.joda.time.TestLocalTime_Basics#testGetValue_int,443.000000
3374,org.joda.time.format.TestPeriodFormatterBuilder#testFormatMinDigits,295.000000
3375,org.joda.time.convert.TestConverterManager#testGetInstantConverters,17.000000
3376,org.joda.time.TestLocalTime_Basics#testToDateTimeToday_Zone,493.000000
3377,org.joda.time.format.TestPeriodFormatterBuilder#testFormatAppend_PrinterParser_null_null,267.000000
3378,org.joda.time.convert.TestConverterManager#testRemovePartialConverter1,30.000000
3379,org.joda.time.TestLocalTime_Basics#testGetFields,444.000000
3380,org.joda.time.format.TestPeriodFormatterBuilder#testFormatLiteral,286.000000
3381,org.joda.time.convert.TestConverterManager#testRemovePartialConverter2,20.000000
3382,org.joda.time.TestLocalTime_Basics#testGetFieldType_int,439.000000
3383,org.joda.time.format.TestPeriodFormatterBuilder#testFormatPrintZeroAlways,302.000000
3384,org.joda.time.convert.TestConverterManager#testRemovePartialConverter3,19.000000
3385,org.joda.time.TestLocalTime_Basics#testGetValues,445.000000
3386,org.joda.time.format.TestPeriodFormatterBuilder#testToFormatterPrinterParser,281.000000
3387,org.joda.time.convert.TestConverterManager#testGetDurationConverterRemovedNull,32.000000
3388,org.joda.time.TestLocalTime_Basics#testIsEqual_LocalTime,448.000000
3389,org.joda.time.format.TestPeriodFormatterBuilder#testFormatPrintZeroRarelyFirstSeconds,294.000000
3390,org.joda.time.convert.TestConverterManager#testRemovePeriodConverter1,28.000000
3391,org.joda.time.TestLocalTime_Basics#testIsBefore_LocalTime,448.000000
3392,org.joda.time.format.TestPeriodFormatterBuilder#testFormatDays,295.000000
3393,org.joda.time.convert.TestConverterManager#testRemovePeriodConverter2,20.000000
3394,org.joda.time.TestMutableDateTime_Sets#testSetMillis_RI2,414.000000
3395,org.joda.time.format.TestPeriodFormatterBuilder#testFormatPrefixPlural2,300.000000
3396,org.joda.time.convert.TestConverterManager#testRemovePeriodConverter3,19.000000
3397,org.joda.time.TestDateTimeUtils#testGetInstantChronology_RI,418.000000
3398,org.joda.time.format.TestPeriodFormatterBuilder#testFormatPrefixPlural3,267.000000
3399,org.joda.time.convert.TestConverterManager#testRemoveInstantConverter1,29.000000
3400,org.joda.time.TestDateTimeUtils#testGetChronology_Chronology,412.000000
3401,org.joda.time.format.TestPeriodFormatterBuilder#testFormatAppend_PrinterParserThenClear,287.000000
3402,org.joda.time.convert.TestConverterManager#testRemoveInstantConverter2,20.000000
3403,org.joda.time.TestLocalTime_Constructors#testFactoryMillisOfDay_long_Chronology,413.000000
3404,org.joda.time.format.TestPeriodFormatterBuilder#testFormatMinutes,295.000000
3405,org.joda.time.convert.TestConverterManager#testRemoveInstantConverter3,19.000000
3406,org.joda.time.TestLocalTime_Constructors#testConstantMidnight,410.000000
3407,org.joda.time.format.TestPeriodFormatterBuilder#testFormatSuffixSimple1,303.000000
3408,org.joda.time.convert.TestConverterManager#testAddPartialConverter1,34.000000
3409,org.joda.time.TestLocalTime_Constructors#testConstructor_long_nullChronology,416.000000
3410,org.joda.time.format.TestPeriodFormatterBuilder#testFormatSuffixSimple2,303.000000
3411,org.joda.time.convert.TestConverterManager#testAddPartialConverter2,32.000000
3412,org.joda.time.TestLocalTime_Constructors#testConstructor_long_DateTimeZone_2,439.000000
3413,org.joda.time.format.TestPeriodFormatterBuilder#testFormatSuffixSimple3,267.000000
3414,org.joda.time.convert.TestConverterManager#testAddPartialConverter3,23.000000
3415,org.joda.time.TestLocalTime_Constructors#testConstructor_int_int_int_int_Chronology,413.000000
3416,org.joda.time.format.TestPeriodFormatterBuilder#testFormatSuffixSimple4,269.000000
3417,org.joda.time.convert.TestConverterManager#testAddPartialConverter4,19.000000
3418,org.joda.time.TestLocalTime_Constructors#testFactory_FromDateFields_before1970,406.000000
3419,org.joda.time.format.TestPeriodFormatterBuilder#testFormatAppend_PrinterParser_Printer_null_null_Parser,286.000000
3420,org.joda.time.convert.TestConverterManager#testRemoveDurationConverter1,28.000000
3421,org.joda.time.TestLocalTime_Constructors#testConstructor_long2,417.000000
3422,org.joda.time.format.TestPeriodFormatterBuilder#testFormatPrintZeroRarelyFirstHours,294.000000
3423,org.joda.time.convert.TestConverterManager#testRemoveDurationConverter2,20.000000
3424,org.joda.time.TestLocalTime_Constructors#testConstructor_int_int,414.000000
3425,org.joda.time.format.TestPeriodFormatterBuilder#testFormatPrintZeroRarelyFirstWeeks,294.000000
3426,org.joda.time.convert.TestConverterManager#testRemoveDurationConverter3,19.000000
3427,org.joda.time.TestLocalTime_Constructors#testFactory_FromDateFields_null,404.000000
3428,org.joda.time.format.TestPeriodFormatterBuilder#testFormatPrintZeroRarelyFirstYears,294.000000
3429,org.joda.time.convert.TestConverterManager#testGetPeriodConverterRemovedNull,32.000000
3430,org.joda.time.TestLocalTime_Constructors#testConstructor_long_nullDateTimeZone,416.000000
3431,org.joda.time.format.TestPeriodFormatterBuilder#testFormatSecondsWithOptionalMillis,296.000000
3432,org.joda.time.convert.TestConverterManager#testAddIntervalConverter2,28.000000
3433,org.joda.time.TestLocalTime_Constructors#testConstructor_int_int_int_int_nullChronology,412.000000
3434,org.joda.time.format.TestPeriodFormatterBuilder#testFormatHours,295.000000
3435,org.joda.time.convert.TestConverterManager#testAddIntervalConverter3,19.000000
3436,org.joda.time.TestLocalTime_Constructors#testConstructor_int_int_int_int,413.000000
3437,org.joda.time.format.TestPeriodFormatterBuilder#testFormatWeeks,295.000000
3438,org.joda.time.convert.TestConverterManager#testGetPeriodConverters,17.000000
3439,org.joda.time.TestLocalTime_Constructors#testConstructor_long1_Chronology,413.000000
3440,org.joda.time.format.TestPeriodFormatterBuilder#testFormatYears,295.000000
3441,org.joda.time.convert.TestConverterManager#testGetIntervalConverters,17.000000
3442,org.joda.time.TestLocalTime_Constructors#testConstructor_nullChronology,419.000000
3443,org.joda.time.format.TestPeriodFormatterBuilder#testFormatPrintZeroRarelyFirst,305.000000
3444,org.joda.time.convert.TestConverterManager#testAddInstantConverter1,33.000000
3445,org.joda.time.TestLocalTime_Constructors#testConstructor_long2_Chronology,413.000000
3446,org.joda.time.format.TestPeriodFormatterBuilder#testFormatPrintZeroRarelyFirstMonths,294.000000
3447,org.joda.time.convert.TestConverterManager#testAddInstantConverter2,31.000000
3448,org.joda.time.TestLocalTime_Constructors#testFactoryMillisOfDay_long_nullChronology,416.000000
3449,org.joda.time.format.TestPeriodFormatterBuilder#testFormatSeconds,295.000000
3450,org.joda.time.convert.TestConverterManager#testAddInstantConverter3,22.000000
3451,org.joda.time.TestLocalTime_Constructors#testConstructor_nullDateTimeZone,441.000000
3452,org.joda.time.format.TestPeriodFormatterBuilder#testFormatSeparatorSimple,305.000000
3453,org.joda.time.convert.TestConverterManager#testAddInstantConverter4,19.000000
3454,org.joda.time.TestYearMonth_Basics#testGetFieldType,447.000000
3455,org.joda.time.format.TestPeriodFormatterBuilder#testFormatSeparatorIfFieldsAfter,305.000000
3456,org.joda.time.convert.TestConverterManager#testGetIntervalConverterRemovedNull,30.000000
3457,org.joda.time.TestYearMonth_Basics#testToInterval_nullZone,509.000000
3458,org.joda.time.format.TestPeriodFormatterBuilder#testFormatPrefixSuffix,305.000000
3459,org.joda.time.convert.TestConverterSet#testRemoveBadIndex1,3.000000
3460,org.joda.time.TestYearMonth_Basics#testGetField,450.000000
3461,org.joda.time.format.TestPeriodFormatterBuilder#testFormatSuffixPlural1,303.000000
3462,org.joda.time.convert.TestConverterSet#testRemoveBadIndex2,3.000000
3463,org.joda.time.TestYearMonth_Basics#testPlusMonths_int,461.000000
3464,org.joda.time.format.TestPeriodFormatterBuilder#testFormatSuffixPlural2,303.000000
3465,org.joda.time.convert.TestConverterSet#testRemoveNullRemoved1,4.000000
3466,org.joda.time.TestYearMonth_Basics#testSerialization,456.000000
3467,org.joda.time.format.TestPeriodFormatterBuilder#testFormatSuffixPlural3,267.000000
3468,org.joda.time.convert.TestConverterSet#testRemoveNullRemoved2,2.000000
3469,org.joda.time.TestYearMonth_Basics#testGet,449.000000
3470,org.joda.time.format.TestPeriodFormatterBuilder#testFormatSuffixPlural4,269.000000
3471,org.joda.time.convert.TestConverterSet#testBigHashtable,6.000000
3472,org.joda.time.TestYearMonth_Basics#testIsBefore_YM,454.000000
3473,org.joda.time.format.TestPeriodFormatterBuilder#testFormatPrintZeroDefault,304.000000
3474,org.joda.time.convert.TestConverterSet#testAddNullRemoved1,3.000000
3475,org.joda.time.TestYearMonth_Basics#testSize,443.000000
3476,org.joda.time.format.TestPeriodFormat#test_wordBased_es_formatTwoFields,314.000000
3477,org.joda.time.convert.TestConverterSet#testAddNullRemoved2,2.000000
3478,org.joda.time.TestYearMonth_Basics#testEqualsHashCode,458.000000
3479,org.joda.time.format.TestPeriodFormat#test_wordBased_pt_FormatOneField,311.000000
3480,org.joda.time.convert.TestConverterSet#testAddNullRemoved3,3.000000
3481,org.joda.time.TestYearMonth_Basics#testToString,494.000000
3482,org.joda.time.format.TestPeriodFormat#test_wordBased_de_FormatOneField,311.000000
3483,org.joda.time.TestYearMonth_Basics#testIsEqual_YM,454.000000
3484,org.joda.time.format.TestPeriodFormat#test_wordBased_pt_formatStandard,312.000000
3485,org.joda.time.TestYearMonth_Basics#testWithFieldAdded_zero,452.000000
3486,org.joda.time.format.TestPeriodFormat#test_wordBased_de_formatStandard,312.000000
3487,org.joda.time.TestYearMonth_Basics#testCompareTo,485.000000
3488,org.joda.time.format.TestPeriodFormat#test_wordBased_fr_FormatOneField,311.000000
3489,org.joda.time.TestYearMonth_Basics#testToString_DTFormatter,502.000000
3490,org.joda.time.format.TestPeriodFormat#test_wordBased_fr_formatStandard,312.000000
3491,org.joda.time.TestYearMonth_Basics#testWithFieldAdded_unknownField,454.000000
3492,org.joda.time.format.TestPeriodFormat#test_wordBased_nl_FormatOneField,311.000000
3493,org.joda.time.TestYearMonth_Basics#testIsAfter_YM,454.000000
3494,org.joda.time.format.TestPeriodFormat#test_wordBased_fr_formatTwoFields,314.000000
3495,org.joda.time.TestYearMonth_Basics#testToDateTime_nullRI,492.000000
3496,org.joda.time.format.TestPeriodFormat#test_wordBased_nl_formatStandard,312.000000
3497,org.joda.time.TestYearMonth_Basics#testWithFieldAdded_nullField_nonZero,452.000000
3498,org.joda.time.format.TestPeriodFormat#test_wordBased_nl_formatTwoFields,314.000000
3499,org.joda.time.TestYearMonth_Basics#testWithFieldAdded,461.000000
3500,org.joda.time.format.TestPeriodFormat#test_getDefault_FormatOneField,312.000000
3501,org.joda.time.TestYearMonth_Basics#testWithField_same,456.000000
3502,org.joda.time.format.TestPeriodFormat#test_wordBased_es_FormatOneField,311.000000
3503,org.joda.time.TestYearMonth_Basics#testIsSupported,449.000000
3504,org.joda.time.format.TestPeriodFormat#test_wordBased_pt_formatTwoFields,314.000000
3505,org.joda.time.TestYearMonth_Basics#testToDateTime_RI,490.000000
3506,org.joda.time.format.TestPeriodFormat#test_getDefault_formatStandard,313.000000
3507,org.joda.time.TestYearMonth_Basics#testGetFields,451.000000
3508,org.joda.time.format.TestPeriodFormat#test_wordBased_es_formatStandard,312.000000
3509,org.joda.time.TestYearMonth_Basics#testWithChronologyRetainFields_nullChrono,458.000000
3510,org.joda.time.format.TestPeriodFormat#test_wordBased_de_formatTwoFields,314.000000
3511,org.joda.time.TestYearMonth_Basics#testGetValues,444.000000
3512,org.joda.time.format.TestISOPeriodFormatParsing#testParseStandardFail2,308.000000
3513,org.joda.time.TestYearMonth_Basics#testWithField,460.000000
3514,org.joda.time.format.TestISOPeriodFormatParsing#testParseStandardFail3,308.000000
3515,org.joda.time.TestYearMonth_Basics#testWithField_unknownField,454.000000
3516,org.joda.time.format.TestISOPeriodFormatParsing#testParseStandardFail4,308.000000
3517,org.joda.time.TestYearMonth_Basics#testWithFieldAdded_nullField_zero,452.000000
3518,org.joda.time.TestMutableDateTime_Constructors#testConstructor_badconverterObject_DateTimeZone,289.000000
3519,org.joda.time.TestYearMonth_Basics#testWithChronologyRetainFields_sameChrono,447.000000
3520,org.joda.time.TestMutableDateTime_Constructors#testConstructor_long2_DateTimeZone,256.000000
3521,org.joda.time.TestYearMonth_Basics#testToLocalDate,461.000000
3522,org.joda.time.TestMutableDateTime_Constructors#testConstructor_nullObject_Chronology,271.000000
3523,org.joda.time.TestYearMonth_Basics#testToInterval_Zone,493.000000
3524,org.joda.time.TestMutableDateTime_Constructors#testConstructor_long1_DateTimeZone,256.000000
3525,org.joda.time.TestYearMonth_Basics#testWithChronologyRetainFields_Chrono,456.000000
3526,org.joda.time.TestMutableDateTime_Constructors#testConstructor_Object_DateTimeZone,279.000000
3527,org.joda.time.TestMonthDay_Basics#testGetFieldType,448.000000
3528,org.joda.time.TestMutableDateTime_Constructors#testConstructor_nullObject_nullChronology,279.000000
3529,org.joda.time.TestMonthDay_Basics#testMinusMonths_int_same,455.000000
3530,org.joda.time.TestMutableDateTime_Constructors#testConstructor_long_nullChronology,256.000000
3531,org.joda.time.TestMonthDay_Basics#testGetField,451.000000
3532,org.joda.time.TestMutableDateTime_Constructors#testConstructor_badconverterObject_Chronology,289.000000
3533,org.joda.time.TestMonthDay_Basics#testSerialization,458.000000
3534,org.joda.time.TestMutableDateTime_Constructors#testConstructor_nullObject_DateTimeZone,278.000000
3535,org.joda.time.TestMonthDay_Basics#testGet,449.000000
3536,org.joda.time.TestMutableDateTime_Constructors#testConstructor_invalidObject_Chronology,268.000000
3537,org.joda.time.TestMonthDay_Basics#testIsBefore_MD,458.000000
3538,org.joda.time.TestMutableDateTime_Constructors#testConstructor_long1,257.000000
3539,org.joda.time.TestMonthDay_Basics#testSize,443.000000
3540,org.joda.time.TestMutableDateTime_Constructors#testConstructor_long2,257.000000
3541,org.joda.time.TestMonthDay_Basics#testEqualsHashCode,465.000000
3542,org.joda.time.TestMutableDateTime_Constructors#testConstructor_nullObject,279.000000
3543,org.joda.time.TestMonthDay_Basics#testToString,495.000000
3544,org.joda.time.TestMutableDateTime_Constructors#testConstructor_long_nullDateTimeZone,257.000000
3545,org.joda.time.TestMonthDay_Basics#testIsEqual_MD,458.000000
3546,org.joda.time.TestMutableDateTime_Constructors#testConstructor_Object_nullChronology,280.000000
3547,org.joda.time.TestMonthDay_Basics#testWithFieldAdded_zero,456.000000
3548,org.joda.time.TestMutableDateTime_Constructors#testConstructor_long1_Chronology,248.000000
3549,org.joda.time.TestMonthDay_Basics#testCompareTo,486.000000
3550,org.joda.time.TestMutableDateTime_Constructors#testConstructor_Object_nullDateTimeZone,280.000000
3551,org.joda.time.TestMonthDay_Basics#testToString_DTFormatter,502.000000
3552,org.joda.time.TestMutableDateTime_Constructors#testConstructor_badconverterObject,286.000000
3553,org.joda.time.TestMonthDay_Basics#testWithFieldAdded_unknownField,458.000000
3554,org.joda.time.TestMutableDateTime_Constructors#testConstructor_nullChronology,259.000000
3555,org.joda.time.TestMonthDay_Basics#testMinusMonths_int,464.000000
3556,org.joda.time.TestMutableDateTime_Constructors#testConstructor_long2_Chronology,248.000000
3557,org.joda.time.TestMonthDay_Basics#testIsAfter_MD,458.000000
3558,org.joda.time.TestMutableDateTime_Constructors#testConstructor_nullDateTimeZone,259.000000
3559,org.joda.time.TestMonthDay_Basics#testToDateTime_nullRI,496.000000
3560,org.joda.time.TestMutableDateTime_Constructors#testConstructor,259.000000
3561,org.joda.time.TestMonthDay_Basics#testPlusMonths_int_same,454.000000
3562,org.joda.time.TestYearMonth_Constructors#testConstructor_int_int_Chronology,268.000000
3563,org.joda.time.TestMonthDay_Basics#testPlusMonths_int_wrap,465.000000
3564,org.joda.time.TestYearMonth_Constructors#testConstructor_int_int_nullChronology,268.000000
3565,org.joda.time.TestMonthDay_Basics#testWithFieldAdded_nullField_nonZero,456.000000
3566,org.joda.time.TestYearMonth_Constructors#testConstructor_long2,282.000000
3567,org.joda.time.TestMonthDay_Basics#testWithFieldAdded,468.000000
3568,org.joda.time.TestYearMonth_Constructors#testConstructor_int_int,273.000000
3569,org.joda.time.TestMonthDay_Basics#testWithField_same,460.000000
3570,org.joda.time.TestYearMonth_Constructors#testConstructor_long1_Chronology,278.000000
3571,org.joda.time.TestMonthDay_Basics#testIsSupported,450.000000
3572,org.joda.time.TestYearMonth_Constructors#testConstructor_nullChronology,284.000000
3573,org.joda.time.TestMonthDay_Basics#testMinusMonths_int_adjust,467.000000
3574,org.joda.time.TestYearMonth_Constructors#testConstructor_long2_Chronology,278.000000
3575,org.joda.time.TestMonthDay_Basics#testToDateTime_RI,492.000000
3576,org.joda.time.TestMutablePeriod_Basics#testClone,285.000000
3577,org.joda.time.TestMonthDay_Basics#testGetFields,452.000000
3578,org.joda.time.TestMutablePeriod_Basics#testToString,346.000000
3579,org.joda.time.TestMonthDay_Basics#testWithChronologyRetainFields_nullChrono,464.000000
3580,org.joda.time.TestMutablePeriod_Basics#testGetMethods,266.000000
3581,org.joda.time.TestMonthDay_Basics#testMinusDays_same,456.000000
3582,org.joda.time.TestMutablePeriod_Basics#testGetPeriodType,257.000000
3583,org.joda.time.TestMonthDay_Basics#testGetValues,444.000000
3584,org.joda.time.TestMutablePeriod_Updates#testSetPeriod_long1,298.000000
3585,org.joda.time.TestMonthDay_Basics#testPlusDays_same,455.000000
3586,org.joda.time.TestMutablePeriod_Updates#testSetPeriod_long2,295.000000
3587,org.joda.time.TestMonthDay_Basics#testWithField,464.000000
3588,org.joda.time.TestMutablePeriod_Updates#testAdd_RD2,307.000000
3589,org.joda.time.TestMonthDay_Basics#testWithField_unknownField,458.000000
3590,org.joda.time.TestMutablePeriod_Updates#testAdd_RP1,301.000000
3591,org.joda.time.TestMonthDay_Basics#testWithFieldAdded_nullField_zero,456.000000
3592,org.joda.time.TestMutablePeriod_Updates#testAdd_RP2,307.000000
3593,org.joda.time.TestMonthDay_Basics#testWithChronologyRetainFields_sameChrono,449.000000
3594,org.joda.time.TestMutablePeriod_Updates#testAdd_RP3,298.000000
3595,org.joda.time.TestMonthDay_Basics#testPlusMonths_int_adjust,466.000000
3596,org.joda.time.TestMutablePeriod_Updates#testAdd_RP4,282.000000
3597,org.joda.time.TestDateTime_Basics#testToMutableDateTimeISO,443.000000
3598,org.joda.time.TestMutablePeriod_Updates#testAdd_RP5,281.000000
3599,org.joda.time.TestDateTime_Basics#testWithDurationAdded_RD_int,448.000000
3600,org.joda.time.TestMutablePeriod_Updates#testSetPeriod_RD2,304.000000
3601,org.joda.time.TestDateTime_Basics#testWithDurationAdded_RP_int,484.000000
3602,org.joda.time.TestMutablePeriod_Updates#testSetPeriod_RD3,275.000000
3603,org.joda.time.TestDateTime_Basics#testSerialization,451.000000
3604,org.joda.time.TestMutablePeriod_Updates#testSetPeriod_RP2,296.000000
3605,org.joda.time.TestDateTime_Basics#testIsBefore_RI,445.000000
3606,org.joda.time.TestMutablePeriod_Updates#testSetPeriod_RP3,295.000000
3607,org.joda.time.TestDateTime_Basics#testEqualsHashCode,445.000000
3608,org.joda.time.TestMutablePeriod_Updates#testSetPeriod_8ints2,292.000000
3609,org.joda.time.TestDateTime_Basics#testIsEqual_RI,445.000000
3610,org.joda.time.TestMutablePeriod_Updates#testSetPeriod_8ints3,291.000000
3611,org.joda.time.TestDateTime_Basics#testPlus_RP,485.000000
3612,org.joda.time.TestMutablePeriod_Updates#testAdd_8ints2,300.000000
3613,org.joda.time.TestDateTime_Basics#testCompareTo,441.000000
3614,org.joda.time.TestMutablePeriod_Updates#testMergePeriod_RP3,296.000000
3615,org.joda.time.TestDateTime_Basics#testIsEqual_long,440.000000
3616,org.joda.time.TestMutablePeriod_Updates#testAdd_long2,302.000000
3617,org.joda.time.TestDateTime_Basics#testIsBefore_long,440.000000
3618,org.joda.time.TestMutablePeriod_Updates#testAdd_long3,305.000000
3619,org.joda.time.TestDateTime_Basics#testIsAfter_RI,445.000000
3620,org.joda.time.TestMutablePeriod_Updates#testAdd_long_Chronology2,302.000000
3621,org.joda.time.TestDateTime_Basics#testGetters,487.000000
3622,org.joda.time.TestMutablePeriod_Updates#testAdd_long_Chronology3,303.000000
3623,org.joda.time.TestDateTime_Basics#testWithFieldAdded2,457.000000
3624,org.joda.time.TestChronology#testEqualsHashCode_ISO,259.000000
3625,org.joda.time.TestDateTime_Basics#testWithFieldAdded3,457.000000
3626,org.joda.time.tz.TestCompiler#test_Amman_2004,283.000000
3627,org.joda.time.TestDateTime_Basics#testWithFieldAdded4,457.000000
3628,org.joda.time.tz.TestCompiler#test_Amman_2005,283.000000
3629,org.joda.time.TestDateTime_Basics#testGet_DateTimeField,467.000000
3630,org.joda.time.tz.TestCompiler#test_Amman_2006,283.000000
3631,org.joda.time.TestDateTime_Basics#testToMutableDateTime,443.000000
3632,org.joda.time.TestPeriod_Basics#testNormalizedStandard_periodType_weekDay1,288.000000
3633,org.joda.time.TestDateTime_Basics#testToMutableDateTime_Chronology,445.000000
3634,org.joda.time.TestPeriod_Basics#testNormalizedStandard_periodType_weekDay2,281.000000
3635,org.joda.time.TestDateTime_Basics#testIsAfter_long,440.000000
3636,org.joda.time.TestPeriod_Basics#testNormalizedStandard_periodType_weekDay3,289.000000
3637,org.joda.time.TestDateTime_Basics#testToInstant,440.000000
3638,org.joda.time.TestPeriod_Basics#testToStandardWeeks_years,314.000000
3639,org.joda.time.TestDateTime_Basics#testToDateTime,438.000000
3640,org.joda.time.TestPeriod_Basics#testSerialization,285.000000
3641,org.joda.time.TestDateTime_Basics#testWithField2,457.000000
3642,org.joda.time.TestPeriod_Basics#testNormalizedStandard_periodType_yearMonthDay,297.000000
3643,org.joda.time.TestDateTime_Basics#testWithDurationAdded_long_int,443.000000
3644,org.joda.time.TestPeriod_Basics#testGet,265.000000
3645,org.joda.time.TestDateTime_Basics#testGet_DateTimeFieldType,469.000000
3646,org.joda.time.TestPeriod_Basics#testWithPeriodType2,325.000000
3647,org.joda.time.TestDateTime_Basics#testToGregorianCalendar,446.000000
3648,org.joda.time.TestPeriod_Basics#testWithPeriodType3,301.000000
3649,org.joda.time.TestDateTime_Basics#testWithChronology_Chronology,444.000000
3650,org.joda.time.TestPeriod_Basics#testWithPeriodType4,289.000000
3651,org.joda.time.TestDateTime_Basics#testToDate,440.000000
3652,org.joda.time.TestPeriod_Basics#testWithPeriodType5,310.000000
3653,org.joda.time.TestDateTime_Basics#testWithMillis_long,444.000000
3654,org.joda.time.TestPeriod_Basics#testEqualsHashCode,287.000000
3655,org.joda.time.TestDateTime_Basics#testToMutableDateTime_DateTimeZone,446.000000
3656,org.joda.time.TestPeriod_Basics#testValueIndexMethods,265.000000
3657,org.joda.time.TestLocalDate_Constructors#testConstructor_long1_DateTimeZone,409.000000
3658,org.joda.time.TestPeriod_Basics#testNormalizedStandard_yearMonthWeekDay,296.000000
3659,org.joda.time.TestLocalDate_Constructors#testConstructor_int_int_int_Chronology,399.000000
3660,org.joda.time.TestPeriod_Basics#testWithFields1,273.000000
3661,org.joda.time.TestLocalDate_Constructors#testConstructor_Chronology,408.000000
3662,org.joda.time.TestPeriod_Basics#testWithFields2,267.000000
3663,org.joda.time.TestLocalDate_Constructors#testConstructor_long_nullChronology,409.000000
3664,org.joda.time.TestPeriod_Basics#testWithFields3,272.000000
3665,org.joda.time.TestLocalDate_Constructors#testConstructor_long2,410.000000
3666,org.joda.time.TestPeriod_Basics#testNormalizedStandard_periodType_yearMonth1,285.000000
3667,org.joda.time.TestLocalDate_Constructors#testConstructor_long_nullDateTimeZone,409.000000
3668,org.joda.time.TestPeriod_Basics#testNormalizedStandard_periodType_yearMonth2,276.000000
3669,org.joda.time.TestLocalDate_Constructors#testConstructor_long1_Chronology,405.000000
3670,org.joda.time.TestPeriod_Basics#testNormalizedStandard_periodType_yearMonth3,291.000000
3671,org.joda.time.TestLocalDate_Constructors#testConstructor_nullChronology,412.000000
3672,org.joda.time.TestPeriod_Basics#testToMutablePeriod,320.000000
3673,org.joda.time.TestLocalDate_Constructors#testConstructor_int_int_int_nullChronology,400.000000
3674,org.joda.time.TestPeriod_Basics#testWithFieldAdded1,272.000000
3675,org.joda.time.TestLocalDate_Constructors#testConstructor_long2_Chronology,405.000000
3676,org.joda.time.TestPeriod_Basics#testWithFieldAdded2,263.000000
3677,org.joda.time.TestLocalDate_Constructors#testConstructor_int_int_int,402.000000
3678,org.joda.time.TestPeriod_Basics#testWithFieldAdded4,265.000000
3679,org.joda.time.TestLocalDate_Constructors#testConstructor_nullDateTimeZone,434.000000
3680,org.joda.time.TestPeriod_Basics#testToStandardDays_years,315.000000
3681,org.joda.time.TestLocalDate_Constructors#testConstructor_long4_DateTimeZone,432.000000
3682,org.joda.time.TestPeriod_Basics#testToStandardMinutes,318.000000
3683,org.joda.time.TestLocalDate_Constructors#testConstructor_long3_DateTimeZone,432.000000
3684,org.joda.time.TestPeriod_Basics#testNormalizedStandard_yearMonth1,286.000000
3685,org.joda.time.TestLocalDate_Constructors#testFactory_FromDateFields,396.000000
3686,org.joda.time.TestPeriod_Basics#testNormalizedStandard_yearMonth2,277.000000
3687,org.joda.time.TestLocalDate_Constructors#testConstructor,412.000000
3688,org.joda.time.TestPeriod_Basics#testPlusFields,290.000000
3689,org.joda.time.convert.TestCalendarConverter#testGetChronology_Object_Zone,424.000000
3690,org.joda.time.TestPeriod_Basics#testToStandardMinutes_months,315.000000
3691,org.joda.time.convert.TestReadableIntervalConverter#testSetIntoInterval_Object1,444.000000
3692,org.joda.time.TestPeriod_Basics#testToDurationFrom,300.000000
3693,org.joda.time.convert.TestReadableIntervalConverter#testSetIntoInterval_Object4,426.000000
3694,org.joda.time.TestPeriod_Basics#testToStandardDays,318.000000
3695,org.joda.time.convert.TestReadablePartialConverter#testSingleton,410.000000
3696,org.joda.time.TestPeriod_Basics#testPeriodStatics,276.000000
3697,org.joda.time.convert.TestReadablePartialConverter#testGetChronology_Object_Chronology,440.000000
3698,org.joda.time.TestPeriod_Basics#testPlusFieldsZero,273.000000
3699,org.joda.time.convert.TestReadablePartialConverter#testSupportedType,413.000000
3700,org.joda.time.TestPeriod_Basics#testToStandardSeconds_years,315.000000
3701,org.joda.time.TestPeriod_Basics#testToStandardHours_months,315.000000
3702,org.joda.time.TestPeriod_Basics#testToString_PeriodFormatter,319.000000
3703,org.joda.time.TestPeriod_Basics#testNormalizedStandard_periodType_yearMonthWeekDay,297.000000
3704,org.joda.time.TestPeriod_Basics#testWithField2,263.000000
3705,org.joda.time.TestPeriod_Basics#testWithField3,269.000000
3706,org.joda.time.TestPeriod_Basics#testWithField4,272.000000
3707,org.joda.time.TestPeriod_Basics#testNormalizedStandard_yearMonthDay,296.000000
3708,org.joda.time.TestPeriod_Basics#testGetMethods,268.000000
3709,org.joda.time.TestPeriod_Basics#testNormalizedStandard_fullNegative,289.000000
3710,org.joda.time.TestPeriod_Basics#testToStandardDuration_months,275.000000
3711,org.joda.time.TestPeriod_Basics#testToStandardHours,318.000000
3712,org.joda.time.TestPeriod_Basics#testToStandardWeeks,317.000000
3713,org.joda.time.TestPeriod_Basics#testNormalizedStandard_weekDay1,289.000000
3714,org.joda.time.TestPeriod_Basics#testNormalizedStandard_weekDay2,282.000000
3715,org.joda.time.TestPeriod_Basics#testIndexOf,263.000000
3716,org.joda.time.TestPeriod_Basics#testGetPeriodType,259.000000
3717,org.joda.time.TestPeriod_Basics#testToStandardDuration_years,275.000000
3718,org.joda.time.TestPeriod_Basics#testToStandardSeconds_months,315.000000
3719,org.joda.time.convert.TestCalendarConverter#testSingleton,261.000000
3720,org.joda.time.convert.TestCalendarConverter#testSupportedType,264.000000
3721,org.joda.time.convert.TestConverterManager#testGetPeriodConverter,289.000000
3722,org.joda.time.convert.TestConverterManager#testGetInstantConverter,274.000000
3723,org.joda.time.convert.TestConverterManager#testGetInstantConverterOKMultipleMatches,282.000000
3724,org.joda.time.convert.TestConverterManager#testGetPartialConverterBadMultipleMatches,282.000000
3725,org.joda.time.convert.TestConverterManager#testGetIntervalConverter,266.000000
3726,org.joda.time.convert.TestStringConverter#testGetPeriodType_Object,277.000000
3727,org.joda.time.convert.TestStringConverter#testToString,275.000000
3728,org.joda.time.convert.TestStringConverter#testGetChronology_Object_Zone,275.000000
3729,org.joda.time.convert.TestStringConverter#testSingleton,271.000000
3730,org.joda.time.convert.TestStringConverter#testGetChronology_Object_Chronology,278.000000
3731,org.joda.time.convert.TestStringConverter#testSetIntoIntervalEx_Object_Chronology2,280.000000
3732,org.joda.time.convert.TestStringConverter#testSetIntoIntervalEx_Object_Chronology3,280.000000
3733,org.joda.time.convert.TestStringConverter#testSetIntoIntervalEx_Object_Chronology4,280.000000
3734,org.joda.time.convert.TestStringConverter#testSupportedType,274.000000
3735,org.joda.time.convert.TestStringConverter#testGetDurationMillis_Object2,274.000000
3736,org.joda.time.convert.TestReadableDurationConverter#testGetPeriodType_Object,270.000000
3737,org.joda.time.convert.TestReadableDurationConverter#testToString,265.000000
3738,org.joda.time.convert.TestReadableDurationConverter#testSingleton,261.000000
3739,org.joda.time.convert.TestReadableDurationConverter#testSupportedType,264.000000
3740,org.joda.time.convert.TestReadableIntervalConverter#testIsReadableInterval_Object_Chronology,271.000000
3741,org.joda.time.convert.TestReadableIntervalConverter#testGetPeriodType_Object,274.000000
3742,org.joda.time.convert.TestReadableIntervalConverter#testToString,265.000000
3743,org.joda.time.convert.TestReadableIntervalConverter#testSingleton,261.000000
3744,org.joda.time.convert.TestReadableIntervalConverter#testSupportedType,264.000000
3745,org.joda.time.convert.TestNullConverter#testSetInto_Object,289.000000
3746,org.joda.time.convert.TestNullConverter#testGetInstantMillis_Object_Chronology,272.000000
3747,org.joda.time.convert.TestNullConverter#testIsReadableInterval_Object_Chronology,270.000000
3748,org.joda.time.convert.TestNullConverter#testGetPeriodType_Object,273.000000
3749,org.joda.time.convert.TestNullConverter#testToString,271.000000
3750,org.joda.time.convert.TestNullConverter#testGetChronology_Object_Zone,272.000000
3751,org.joda.time.convert.TestNullConverter#testSingleton,267.000000
3752,org.joda.time.convert.TestNullConverter#testGetChronology_Object_Chronology,274.000000
3753,org.joda.time.convert.TestNullConverter#testSupportedType,270.000000
3754,org.joda.time.convert.TestReadablePeriodConverter#testSetInto_Object,301.000000
3755,org.joda.time.convert.TestReadablePeriodConverter#testToString,265.000000
3756,org.joda.time.convert.TestReadablePeriodConverter#testSingleton,261.000000
3757,org.joda.time.convert.TestReadablePeriodConverter#testSupportedType,264.000000
3758,org.joda.time.convert.TestLongConverter#testToString,265.000000
3759,org.joda.time.convert.TestLongConverter#testGetChronology_Object_Zone,266.000000
3760,org.joda.time.convert.TestLongConverter#testSingleton,261.000000
3761,org.joda.time.convert.TestLongConverter#testGetChronology_Object_Chronology,269.000000
3762,org.joda.time.convert.TestLongConverter#testSupportedType,264.000000
3763,org.joda.time.convert.TestReadableInstantConverter#testGetInstantMillis_Object_Chronology,277.000000
3764,org.joda.time.convert.TestReadableInstantConverter#testToString,265.000000
3765,org.joda.time.convert.TestReadableInstantConverter#testSingleton,261.000000
3766,org.joda.time.convert.TestReadableInstantConverter#testGetChronology_Object_Chronology,276.000000
3767,org.joda.time.convert.TestReadableInstantConverter#testGetChronology_Object_nullChronology,283.000000
3768,org.joda.time.convert.TestReadableInstantConverter#testSupportedType,264.000000
