rank,test,score
1,org.apache.commons.lang.time.DateUtilsTest#testMonthIterator,0.300248
2,org.apache.commons.lang.time.DateUtilsTest#testAddByField,0.290323
3,org.apache.commons.lang.time.DateUtilsTest#testRound,0.266887
4,org.apache.commons.lang.time.DateUtilsTest#testTruncate,0.225186
5,org.apache.commons.lang.time.DateUtilsTest#testTruncateLang59,0.180149
6,org.apache.commons.lang.time.DateUtilsTest#testAddDays,0.145161
7,org.apache.commons.lang.time.DateUtilsTest#testAddHours,0.145161
8,org.apache.commons.lang.time.DateUtilsTest#testAddMilliseconds,0.145161
9,org.apache.commons.lang.time.DateUtilsTest#testAddMinutes,0.145161
10,org.apache.commons.lang.time.DateUtilsTest#testAddMonths,0.145161
11,org.apache.commons.lang.time.DateUtilsTest#testAddSeconds,0.145161
12,org.apache.commons.lang.time.DateUtilsTest#testAddWeeks,0.145161
13,org.apache.commons.lang.time.DateUtilsTest#testAddYears,0.145161
14,org.apache.commons.lang.time.DateUtilsTest#testWeekIterator,0.075062
15,org.apache.commons.lang.time.DateUtilsTest#testIsSameDay_Cal,0.064516
16,org.apache.commons.lang.time.DateUtilsTest#testIsSameDay_Date,0.032258
17,org.apache.commons.lang.time.DateUtilsTest#testIsSameInstant_Cal,0.032258
18,org.apache.commons.lang.time.DateUtilsTest#testIsSameInstant_Date,0.032258
19,org.apache.commons.lang.time.DateUtilsTest#testIsSameLocalTime_Cal,0.032258
20,org.apache.commons.lang.time.DateUtilsTest#testParseDate,0.032258
21,org.apache.commons.lang.StringUtilsTrimEmptyTest#testStripStart_StringString,0.000000
22,org.apache.commons.lang.StringUtilsTrimEmptyTest#testStripAll,0.000000
23,org.apache.commons.lang.StringUtilsTrimEmptyTest#testClean,0.000000
24,org.apache.commons.lang.StringUtilsTrimEmptyTest#testTrim,0.000000
25,org.apache.commons.lang.StringUtilsTrimEmptyTest#testStripToNull_String,0.000000
26,org.apache.commons.lang.StringUtilsTrimEmptyTest#testIsNotBlank,0.000000
27,org.apache.commons.lang.StringUtilsTrimEmptyTest#testIsNotEmpty,0.000000
28,org.apache.commons.lang.StringUtilsTrimEmptyTest#testStrip_StringString,0.000000
29,org.apache.commons.lang.StringUtilsTrimEmptyTest#testStripToEmpty_String,0.000000
30,org.apache.commons.lang.StringUtilsTrimEmptyTest#testTrimToEmpty,0.000000
31,org.apache.commons.lang.StringUtilsTrimEmptyTest#testTrimToNull,0.000000
32,org.apache.commons.lang.StringUtilsTrimEmptyTest#testStripEnd_StringString,0.000000
33,org.apache.commons.lang.StringUtilsTrimEmptyTest#testIsBlank,0.000000
34,org.apache.commons.lang.StringUtilsTrimEmptyTest#testIsEmpty,0.000000
35,org.apache.commons.lang.StringUtilsTrimEmptyTest#testStrip_String,0.000000
36,org.apache.commons.lang.LocaleUtilsTest#testAvailableLocaleSet,0.000000
37,org.apache.commons.lang.LocaleUtilsTest#testIsAvailableLocale,0.000000
38,org.apache.commons.lang.LocaleUtilsTest#testAvailableLocaleList,0.000000
39,org.apache.commons.lang.LocaleUtilsTest#testCountriesByLanguage,0.000000
40,org.apache.commons.lang.LocaleUtilsTest#testLocaleLookupList_LocaleLocale,0.000000
41,org.apache.commons.lang.LocaleUtilsTest#testToLocale_1Part,0.000000
42,org.apache.commons.lang.LocaleUtilsTest#testToLocale_2Part,0.000000
43,org.apache.commons.lang.LocaleUtilsTest#testLocaleLookupList_Locale,0.000000
44,org.apache.commons.lang.LocaleUtilsTest#testConstructor,0.000000
45,org.apache.commons.lang.mutable.MutableFloatTest#testToFloat,0.000000
46,org.apache.commons.lang.mutable.MutableFloatTest#testToString,0.000000
47,org.apache.commons.lang.mutable.MutableFloatTest#testConstructors,0.000000
48,org.apache.commons.lang.mutable.MutableFloatTest#testCompareTo,0.000000
49,org.apache.commons.lang.mutable.MutableFloatTest#testIncrement,0.000000
50,org.apache.commons.lang.mutable.MutableFloatTest#testPrimitiveValues,0.000000
51,org.apache.commons.lang.mutable.MutableFloatTest#testSubtractValuePrimitive,0.000000
52,org.apache.commons.lang.mutable.MutableFloatTest#testNanInfinite,0.000000
53,org.apache.commons.lang.mutable.MutableFloatTest#testHashCode,0.000000
54,org.apache.commons.lang.mutable.MutableFloatTest#testAddValuePrimitive,0.000000
55,org.apache.commons.lang.mutable.MutableFloatTest#testSubtractValueObject,0.000000
56,org.apache.commons.lang.mutable.MutableFloatTest#testDecrement,0.000000
57,org.apache.commons.lang.mutable.MutableFloatTest#testEquals,0.000000
58,org.apache.commons.lang.mutable.MutableFloatTest#testGetSet,0.000000
59,org.apache.commons.lang.mutable.MutableFloatTest#testAddValueObject,0.000000
60,org.apache.commons.lang.mutable.MutableLongTest#testToString,0.000000
61,org.apache.commons.lang.mutable.MutableLongTest#testConstructors,0.000000
62,org.apache.commons.lang.mutable.MutableLongTest#testCompareTo,0.000000
63,org.apache.commons.lang.mutable.MutableLongTest#testIncrement,0.000000
64,org.apache.commons.lang.mutable.MutableLongTest#testPrimitiveValues,0.000000
65,org.apache.commons.lang.mutable.MutableLongTest#testSubtractValuePrimitive,0.000000
66,org.apache.commons.lang.mutable.MutableLongTest#testHashCode,0.000000
67,org.apache.commons.lang.mutable.MutableLongTest#testAddValuePrimitive,0.000000
68,org.apache.commons.lang.mutable.MutableLongTest#testSubtractValueObject,0.000000
69,org.apache.commons.lang.mutable.MutableLongTest#testDecrement,0.000000
70,org.apache.commons.lang.mutable.MutableLongTest#testEquals,0.000000
71,org.apache.commons.lang.mutable.MutableLongTest#testGetSet,0.000000
72,org.apache.commons.lang.mutable.MutableLongTest#testToLong,0.000000
73,org.apache.commons.lang.mutable.MutableLongTest#testAddValueObject,0.000000
74,org.apache.commons.lang.mutable.MutableIntTest#testToString,0.000000
75,org.apache.commons.lang.mutable.MutableIntTest#testConstructors,0.000000
76,org.apache.commons.lang.mutable.MutableIntTest#testCompareTo,0.000000
77,org.apache.commons.lang.mutable.MutableIntTest#testIncrement,0.000000
78,org.apache.commons.lang.mutable.MutableIntTest#testPrimitiveValues,0.000000
79,org.apache.commons.lang.mutable.MutableIntTest#testSubtractValuePrimitive,0.000000
80,org.apache.commons.lang.mutable.MutableIntTest#testHashCode,0.000000
81,org.apache.commons.lang.mutable.MutableIntTest#testAddValuePrimitive,0.000000
82,org.apache.commons.lang.mutable.MutableIntTest#testToInteger,0.000000
83,org.apache.commons.lang.mutable.MutableIntTest#testSubtractValueObject,0.000000
84,org.apache.commons.lang.mutable.MutableIntTest#testDecrement,0.000000
85,org.apache.commons.lang.mutable.MutableIntTest#testEquals,0.000000
86,org.apache.commons.lang.mutable.MutableIntTest#testGetSet,0.000000
87,org.apache.commons.lang.mutable.MutableIntTest#testAddValueObject,0.000000
88,org.apache.commons.lang.mutable.MutableBooleanTest#testToString,0.000000
89,org.apache.commons.lang.mutable.MutableBooleanTest#testConstructors,0.000000
90,org.apache.commons.lang.mutable.MutableBooleanTest#testCompareTo,0.000000
91,org.apache.commons.lang.mutable.MutableBooleanTest#testHashCode,0.000000
92,org.apache.commons.lang.mutable.MutableBooleanTest#testEquals,0.000000
93,org.apache.commons.lang.mutable.MutableBooleanTest#testGetSet,0.000000
94,org.apache.commons.lang.mutable.MutableDoubleTest#testToDouble,0.000000
95,org.apache.commons.lang.mutable.MutableDoubleTest#testToString,0.000000
96,org.apache.commons.lang.mutable.MutableDoubleTest#testConstructors,0.000000
97,org.apache.commons.lang.mutable.MutableDoubleTest#testCompareTo,0.000000
98,org.apache.commons.lang.mutable.MutableDoubleTest#testIncrement,0.000000
99,org.apache.commons.lang.mutable.MutableDoubleTest#testPrimitiveValues,0.000000
100,org.apache.commons.lang.mutable.MutableDoubleTest#testSubtractValuePrimitive,0.000000
101,org.apache.commons.lang.mutable.MutableDoubleTest#testNanInfinite,0.000000
102,org.apache.commons.lang.mutable.MutableDoubleTest#testHashCode,0.000000
103,org.apache.commons.lang.mutable.MutableDoubleTest#testAddValuePrimitive,0.000000
104,org.apache.commons.lang.mutable.MutableDoubleTest#testSubtractValueObject,0.000000
105,org.apache.commons.lang.mutable.MutableDoubleTest#testDecrement,0.000000
106,org.apache.commons.lang.mutable.MutableDoubleTest#testEquals,0.000000
107,org.apache.commons.lang.mutable.MutableDoubleTest#testGetSet,0.000000
108,org.apache.commons.lang.mutable.MutableDoubleTest#testAddValueObject,0.000000
109,org.apache.commons.lang.mutable.MutableByteTest#testToString,0.000000
110,org.apache.commons.lang.mutable.MutableByteTest#testConstructors,0.000000
111,org.apache.commons.lang.mutable.MutableByteTest#testCompareTo,0.000000
112,org.apache.commons.lang.mutable.MutableByteTest#testIncrement,0.000000
113,org.apache.commons.lang.mutable.MutableByteTest#testPrimitiveValues,0.000000
114,org.apache.commons.lang.mutable.MutableByteTest#testSubtractValuePrimitive,0.000000
115,org.apache.commons.lang.mutable.MutableByteTest#testHashCode,0.000000
116,org.apache.commons.lang.mutable.MutableByteTest#testAddValuePrimitive,0.000000
117,org.apache.commons.lang.mutable.MutableByteTest#testSubtractValueObject,0.000000
118,org.apache.commons.lang.mutable.MutableByteTest#testDecrement,0.000000
119,org.apache.commons.lang.mutable.MutableByteTest#testEquals,0.000000
120,org.apache.commons.lang.mutable.MutableByteTest#testGetSet,0.000000
121,org.apache.commons.lang.mutable.MutableByteTest#testToByte,0.000000
122,org.apache.commons.lang.mutable.MutableByteTest#testAddValueObject,0.000000
123,org.apache.commons.lang.mutable.MutableObjectTest#testToString,0.000000
124,org.apache.commons.lang.mutable.MutableObjectTest#testConstructors,0.000000
125,org.apache.commons.lang.mutable.MutableObjectTest#testHashCode,0.000000
126,org.apache.commons.lang.mutable.MutableObjectTest#testEquals,0.000000
127,org.apache.commons.lang.mutable.MutableObjectTest#testGetSet,0.000000
128,org.apache.commons.lang.mutable.MutableShortTest#testToShort,0.000000
129,org.apache.commons.lang.mutable.MutableShortTest#testToString,0.000000
130,org.apache.commons.lang.mutable.MutableShortTest#testConstructors,0.000000
131,org.apache.commons.lang.mutable.MutableShortTest#testCompareTo,0.000000
132,org.apache.commons.lang.mutable.MutableShortTest#testIncrement,0.000000
133,org.apache.commons.lang.mutable.MutableShortTest#testPrimitiveValues,0.000000
134,org.apache.commons.lang.mutable.MutableShortTest#testSubtractValuePrimitive,0.000000
135,org.apache.commons.lang.mutable.MutableShortTest#testHashCode,0.000000
136,org.apache.commons.lang.mutable.MutableShortTest#testAddValuePrimitive,0.000000
137,org.apache.commons.lang.mutable.MutableShortTest#testSubtractValueObject,0.000000
138,org.apache.commons.lang.mutable.MutableShortTest#testDecrement,0.000000
139,org.apache.commons.lang.mutable.MutableShortTest#testEquals,0.000000
140,org.apache.commons.lang.mutable.MutableShortTest#testGetSet,0.000000
141,org.apache.commons.lang.mutable.MutableShortTest#testAddValueObject,0.000000
142,org.apache.commons.lang.NullArgumentExceptionTest#testGetMessage_validConstructorInput,0.000000
143,org.apache.commons.lang.NullArgumentExceptionTest#testConstructor_nullInput,0.000000
144,org.apache.commons.lang.NullArgumentExceptionTest#testGetMessage_nullConstructorInput,0.000000
145,org.apache.commons.lang.IncompleteArgumentExceptionTest#test1arg_validInput,0.000000
146,org.apache.commons.lang.IncompleteArgumentExceptionTest#test2arg_nullArray,0.000000
147,org.apache.commons.lang.IncompleteArgumentExceptionTest#test2arg_allNullInput,0.000000
148,org.apache.commons.lang.IncompleteArgumentExceptionTest#test1arg_nullInput,0.000000
149,org.apache.commons.lang.IncompleteArgumentExceptionTest#test2arg_validInput,0.000000
150,org.apache.commons.lang.IncompleteArgumentExceptionTest#test2arg_nullString,0.000000
151,org.apache.commons.lang.ArrayUtilsAddTest#testAddObjectArrayInt,0.000000
152,org.apache.commons.lang.ArrayUtilsAddTest#testAddObjectArrayToObjectArray,0.000000
153,org.apache.commons.lang.ArrayUtilsAddTest#testAddObjectAtIndex,0.000000
154,org.apache.commons.lang.ArrayUtilsAddTest#testAddObjectArrayFloat,0.000000
155,org.apache.commons.lang.ArrayUtilsAddTest#testAddObjectArrayShort,0.000000
156,org.apache.commons.lang.ArrayUtilsAddTest#testAddObjectArrayByte,0.000000
157,org.apache.commons.lang.ArrayUtilsAddTest#testAddObjectArrayChar,0.000000
158,org.apache.commons.lang.ArrayUtilsAddTest#testAddObjectArrayLong,0.000000
159,org.apache.commons.lang.ArrayUtilsAddTest#testAddObjectArrayBoolean,0.000000
160,org.apache.commons.lang.ArrayUtilsAddTest#testAddObjectArrayDouble,0.000000
161,org.apache.commons.lang.ArrayUtilsAddTest#testAddObjectArrayObject,0.000000
162,org.apache.commons.lang.StringUtilsIsTest#testIsNumeric,0.000000
163,org.apache.commons.lang.StringUtilsIsTest#testIsWhitespace,0.000000
164,org.apache.commons.lang.StringUtilsIsTest#testIsAlphanumericSpace,0.000000
165,org.apache.commons.lang.StringUtilsIsTest#testIsNumericSpace,0.000000
166,org.apache.commons.lang.StringUtilsIsTest#testIsAsciiPrintable_String,0.000000
167,org.apache.commons.lang.StringUtilsIsTest#testIsAlphanumeric,0.000000
168,org.apache.commons.lang.StringUtilsIsTest#testIsAlpha,0.000000
169,org.apache.commons.lang.StringUtilsIsTest#testIsAlphaspace,0.000000
170,org.apache.commons.lang.ValidateTest#testAllElementsOfType,0.000000
171,org.apache.commons.lang.ValidateTest#testNotNull1,0.000000
172,org.apache.commons.lang.ValidateTest#testNotNull2,0.000000
173,org.apache.commons.lang.ValidateTest#testNotEmptyMap1,0.000000
174,org.apache.commons.lang.ValidateTest#testNotEmptyMap2,0.000000
175,org.apache.commons.lang.ValidateTest#testNoNullElementsCollection1,0.000000
176,org.apache.commons.lang.ValidateTest#testNoNullElementsCollection2,0.000000
177,org.apache.commons.lang.ValidateTest#testNotEmptyString1,0.000000
178,org.apache.commons.lang.ValidateTest#testNotEmptyString2,0.000000
179,org.apache.commons.lang.ValidateTest#testNotEmptyCollection1,0.000000
180,org.apache.commons.lang.ValidateTest#testNotEmptyCollection2,0.000000
181,org.apache.commons.lang.ValidateTest#testNotEmptyArray1,0.000000
182,org.apache.commons.lang.ValidateTest#testNotEmptyArray2,0.000000
183,org.apache.commons.lang.ValidateTest#testIsTrue1,0.000000
184,org.apache.commons.lang.ValidateTest#testIsTrue2,0.000000
185,org.apache.commons.lang.ValidateTest#testIsTrue3,0.000000
186,org.apache.commons.lang.ValidateTest#testIsTrue4,0.000000
187,org.apache.commons.lang.ValidateTest#testIsTrue5,0.000000
188,org.apache.commons.lang.ValidateTest#testConstructor,0.000000
189,org.apache.commons.lang.ValidateTest#testNoNullElementsArray1,0.000000
190,org.apache.commons.lang.ValidateTest#testNoNullElementsArray2,0.000000
191,org.apache.commons.lang.SystemUtilsTest#testJavaVersionAtLeastInt,0.000000
192,org.apache.commons.lang.SystemUtilsTest#testIS_OS,0.000000
193,org.apache.commons.lang.SystemUtilsTest#testJavaVersionAtLeastFloat,0.000000
194,org.apache.commons.lang.SystemUtilsTest#testGetJavaIoTmpDir,0.000000
195,org.apache.commons.lang.SystemUtilsTest#testGetUserDir,0.000000
196,org.apache.commons.lang.SystemUtilsTest#testGetJavaHome,0.000000
197,org.apache.commons.lang.SystemUtilsTest#testJavaVersion,0.000000
198,org.apache.commons.lang.SystemUtilsTest#testGetUserHome,0.000000
199,org.apache.commons.lang.SystemUtilsTest#testConstructor,0.000000
200,org.apache.commons.lang.IllegalClassExceptionTest#testConstructor_classArgs_nullActual,0.000000
201,org.apache.commons.lang.IllegalClassExceptionTest#testConstructor_classObjectArgs_allNullInput,0.000000
202,org.apache.commons.lang.IllegalClassExceptionTest#testConstructor_classObjectArgs_nullExpected,0.000000
203,org.apache.commons.lang.IllegalClassExceptionTest#testGetMessage_classObjectArgs_normalInput,0.000000
204,org.apache.commons.lang.IllegalClassExceptionTest#testConstructor_classObjectArgs_nullActual,0.000000
205,org.apache.commons.lang.IllegalClassExceptionTest#testGetMessage_classArgs_normalInput,0.000000
206,org.apache.commons.lang.IllegalClassExceptionTest#testGetMessage_stringArg_validInput,0.000000
207,org.apache.commons.lang.IllegalClassExceptionTest#testConstructor_stringArg_nullInput,0.000000
208,org.apache.commons.lang.IllegalClassExceptionTest#testConstructor_classArgs_allNullInput,0.000000
209,org.apache.commons.lang.IllegalClassExceptionTest#testConstructor_classArgs_nullExpected,0.000000
210,org.apache.commons.lang.IllegalClassExceptionTest#testGetMessage_classArgs_nullInput,0.000000
211,org.apache.commons.lang.IllegalClassExceptionTest#testGetMessage_classObjectArgs_nullInput,0.000000
212,org.apache.commons.lang.IllegalClassExceptionTest#testGetMessage_stringArg_nullInput,0.000000
213,org.apache.commons.lang.NumberRangeTest#testOverlap,0.000000
214,org.apache.commons.lang.NumberRangeTest#testIncludesNumberNull,0.000000
215,org.apache.commons.lang.NumberRangeTest#testOverlapNull,0.000000
216,org.apache.commons.lang.NumberRangeTest#testToString,0.000000
217,org.apache.commons.lang.NumberRangeTest#testToStringWithNegatives,0.000000
218,org.apache.commons.lang.NumberRangeTest#testEqualsWithSameReference,0.000000
219,org.apache.commons.lang.NumberRangeTest#testEqualsNull,0.000000
220,org.apache.commons.lang.NumberRangeTest#testConstructorNullParameters,0.000000
221,org.apache.commons.lang.NumberRangeTest#testHashCode,0.000000
222,org.apache.commons.lang.NumberRangeTest#testIncludesRange,0.000000
223,org.apache.commons.lang.NumberRangeTest#testIncludesRangeNull,0.000000
224,org.apache.commons.lang.NumberRangeTest#testEquals,0.000000
225,org.apache.commons.lang.NumberRangeTest#testMaxMin,0.000000
226,org.apache.commons.lang.NumberRangeTest#testConstructorWithMaxLessThanMin,0.000000
227,org.apache.commons.lang.NumberRangeTest#testEqualsWithOtherObject,0.000000
228,org.apache.commons.lang.NumberRangeTest#testConstructor,0.000000
229,org.apache.commons.lang.NumberRangeTest#testIncludesNumber,0.000000
230,org.apache.commons.lang.CharUtilsTest#testIsAscii_char,0.000000
231,org.apache.commons.lang.CharUtilsTest#testToString_Character,0.000000
232,org.apache.commons.lang.CharUtilsTest#testIsAsciiAlphanumeric_char,0.000000
233,org.apache.commons.lang.CharUtilsTest#testToChar_Character,0.000000
234,org.apache.commons.lang.CharUtilsTest#testToChar_String,0.000000
235,org.apache.commons.lang.CharUtilsTest#testIsAsciiAlphaUpper_char,0.000000
236,org.apache.commons.lang.CharUtilsTest#testToIntValue_Character_int,0.000000
237,org.apache.commons.lang.CharUtilsTest#testIsAsciiAlpha_char,0.000000
238,org.apache.commons.lang.CharUtilsTest#testIsAsciiNumeric_char,0.000000
239,org.apache.commons.lang.CharUtilsTest#testToIntValue_Character,0.000000
240,org.apache.commons.lang.CharUtilsTest#testToChar_String_char,0.000000
241,org.apache.commons.lang.CharUtilsTest#testToString_char,0.000000
242,org.apache.commons.lang.CharUtilsTest#testIsAsciiPrintable_char,0.000000
243,org.apache.commons.lang.CharUtilsTest#testToIntValue_char_int,0.000000
244,org.apache.commons.lang.CharUtilsTest#testIsAsciiControl_char,0.000000
245,org.apache.commons.lang.CharUtilsTest#testToUnicodeEscaped_Character,0.000000
246,org.apache.commons.lang.CharUtilsTest#testToChar_Character_char,0.000000
247,org.apache.commons.lang.CharUtilsTest#testToCharacterObject_String,0.000000
248,org.apache.commons.lang.CharUtilsTest#testToUnicodeEscaped_char,0.000000
249,org.apache.commons.lang.CharUtilsTest#testToCharacterObject_char,0.000000
250,org.apache.commons.lang.CharUtilsTest#testToIntValue_char,0.000000
251,org.apache.commons.lang.CharUtilsTest#testIsAsciiAlphaLower_char,0.000000
252,org.apache.commons.lang.CharUtilsTest#testConstructor,0.000000
253,org.apache.commons.lang.StringUtilsEqualsIndexOfTest#testContainsString,0.000000
254,org.apache.commons.lang.StringUtilsEqualsIndexOfTest#testContainsOnly_String,0.000000
255,org.apache.commons.lang.StringUtilsEqualsIndexOfTest#testLastIndexOf_String,0.000000
256,org.apache.commons.lang.StringUtilsEqualsIndexOfTest#testOrdinalIndexOf,0.000000
257,org.apache.commons.lang.StringUtilsEqualsIndexOfTest#testContainsChar,0.000000
258,org.apache.commons.lang.StringUtilsEqualsIndexOfTest#testEqualsIgnoreCase,0.000000
259,org.apache.commons.lang.StringUtilsEqualsIndexOfTest#testContainsNone_Chararray,0.000000
260,org.apache.commons.lang.StringUtilsEqualsIndexOfTest#testIndexOfAny_StringString,0.000000
261,org.apache.commons.lang.StringUtilsEqualsIndexOfTest#testContainsIgnoreCase_StringString,0.000000
262,org.apache.commons.lang.StringUtilsEqualsIndexOfTest#testIndexOfAnyBut_StringString,0.000000
263,org.apache.commons.lang.StringUtilsEqualsIndexOfTest#testIndexOf_char,0.000000
264,org.apache.commons.lang.StringUtilsEqualsIndexOfTest#testIndexOf_charInt,0.000000
265,org.apache.commons.lang.StringUtilsEqualsIndexOfTest#testContainsNone_String,0.000000
266,org.apache.commons.lang.StringUtilsEqualsIndexOfTest#testLastIndexOf_charInt,0.000000
267,org.apache.commons.lang.StringUtilsEqualsIndexOfTest#testIndexOfAnyBut_StringChararray,0.000000
268,org.apache.commons.lang.StringUtilsEqualsIndexOfTest#testIndexOf_StringInt,0.000000
269,org.apache.commons.lang.StringUtilsEqualsIndexOfTest#testLastIndexOf_StringInt,0.000000
270,org.apache.commons.lang.StringUtilsEqualsIndexOfTest#testIndexOfAny_StringStringarray,0.000000
271,org.apache.commons.lang.StringUtilsEqualsIndexOfTest#testEquals,0.000000
272,org.apache.commons.lang.StringUtilsEqualsIndexOfTest#testLastIndexOf_char,0.000000
273,org.apache.commons.lang.StringUtilsEqualsIndexOfTest#testContainsOnly_Chararray,0.000000
274,org.apache.commons.lang.StringUtilsEqualsIndexOfTest#testLastIndexOfAny_StringStringarray,0.000000
275,org.apache.commons.lang.StringUtilsEqualsIndexOfTest#testIndexOf_String,0.000000
276,org.apache.commons.lang.StringUtilsEqualsIndexOfTest#testIndexOfAny_StringChararray,0.000000
277,org.apache.commons.lang.ArrayUtilsRemoveTest#testRemoveElementObjectArray,0.000000
278,org.apache.commons.lang.ArrayUtilsRemoveTest#testRemoveDoubleArray,0.000000
279,org.apache.commons.lang.ArrayUtilsRemoveTest#testRemoveObjectArray,0.000000
280,org.apache.commons.lang.ArrayUtilsRemoveTest#testRemoveElementLongArray,0.000000
281,org.apache.commons.lang.ArrayUtilsRemoveTest#testRemoveFloatArray,0.000000
282,org.apache.commons.lang.ArrayUtilsRemoveTest#testRemoveElementBooleanArray,0.000000
283,org.apache.commons.lang.ArrayUtilsRemoveTest#testRemoveCharArray,0.000000
284,org.apache.commons.lang.ArrayUtilsRemoveTest#testRemoveElementFloatArray,0.000000
285,org.apache.commons.lang.ArrayUtilsRemoveTest#testRemoveElementIntArray,0.000000
286,org.apache.commons.lang.ArrayUtilsRemoveTest#testRemoveBooleanArray,0.000000
287,org.apache.commons.lang.ArrayUtilsRemoveTest#testRemoveByteArray,0.000000
288,org.apache.commons.lang.ArrayUtilsRemoveTest#testRemoveElementCharArray,0.000000
289,org.apache.commons.lang.ArrayUtilsRemoveTest#testRemoveElementByteArray,0.000000
290,org.apache.commons.lang.ArrayUtilsRemoveTest#testRemoveShortArray,0.000000
291,org.apache.commons.lang.ArrayUtilsRemoveTest#testRemoveElementDoubleArray,0.000000
292,org.apache.commons.lang.ArrayUtilsRemoveTest#testRemoveIntArray,0.000000
293,org.apache.commons.lang.ArrayUtilsRemoveTest#testRemoveLongArray,0.000000
294,org.apache.commons.lang.ArrayUtilsRemoveTest#testRemoveElementShortArray,0.000000
295,org.apache.commons.lang.NotImplementedExceptionTest#testPrintPartialStackTrace_Writer,0.000000
296,org.apache.commons.lang.NotImplementedExceptionTest#testConstructor_String1,0.000000
297,org.apache.commons.lang.NotImplementedExceptionTest#testConstructor_String2,0.000000
298,org.apache.commons.lang.NotImplementedExceptionTest#testConstructor_,0.000000
299,org.apache.commons.lang.NotImplementedExceptionTest#testIndexOfThrowable_Index,0.000000
300,org.apache.commons.lang.NotImplementedExceptionTest#testConstructor_Class1,0.000000
301,org.apache.commons.lang.NotImplementedExceptionTest#testConstructor_Class2,0.000000
302,org.apache.commons.lang.NotImplementedExceptionTest#testGetThrowable,0.000000
303,org.apache.commons.lang.NotImplementedExceptionTest#testGetMessage_Indexed,0.000000
304,org.apache.commons.lang.NotImplementedExceptionTest#testConstructor_Throwable1,0.000000
305,org.apache.commons.lang.NotImplementedExceptionTest#testConstructor_Throwable2,0.000000
306,org.apache.commons.lang.NotImplementedExceptionTest#testConstructor_StringThrowable1,0.000000
307,org.apache.commons.lang.NotImplementedExceptionTest#testConstructor_StringThrowable2,0.000000
308,org.apache.commons.lang.NotImplementedExceptionTest#testIndexOfThrowable,0.000000
309,org.apache.commons.lang.NotImplementedExceptionTest#testPrintStackTrace_Stream,0.000000
310,org.apache.commons.lang.NotImplementedExceptionTest#testPrintStackTrace_Writer,0.000000
311,org.apache.commons.lang.NotImplementedExceptionTest#testPrintStackTrace,0.000000
312,org.apache.commons.lang.StringUtilsSubstringTest#testRight_String,0.000000
313,org.apache.commons.lang.StringUtilsSubstringTest#testSubstringBefore_StringString,0.000000
314,org.apache.commons.lang.StringUtilsSubstringTest#testSubstringBetween_StringString,0.000000
315,org.apache.commons.lang.StringUtilsSubstringTest#testSubstringAfterLast_StringString,0.000000
316,org.apache.commons.lang.StringUtilsSubstringTest#testSubstringBetween_StringStringString,0.000000
317,org.apache.commons.lang.StringUtilsSubstringTest#testSubstring_StringIntInt,0.000000
318,org.apache.commons.lang.StringUtilsSubstringTest#testCountMatches_String,0.000000
319,org.apache.commons.lang.StringUtilsSubstringTest#testGetNestedString_StringString,0.000000
320,org.apache.commons.lang.StringUtilsSubstringTest#testSubstringBeforeLast_StringString,0.000000
321,org.apache.commons.lang.StringUtilsSubstringTest#testLeft_String,0.000000
322,org.apache.commons.lang.StringUtilsSubstringTest#testMid_String,0.000000
323,org.apache.commons.lang.StringUtilsSubstringTest#testSubstring_StringInt,0.000000
324,org.apache.commons.lang.StringUtilsSubstringTest#testSubstringAfter_StringString,0.000000
325,org.apache.commons.lang.StringUtilsSubstringTest#testGetNestedString_StringStringString,0.000000
326,org.apache.commons.lang.SerializationUtilsTest#testException,0.000000
327,org.apache.commons.lang.SerializationUtilsTest#testDeserializeBytesBadStream,0.000000
328,org.apache.commons.lang.SerializationUtilsTest#testDeserializeStreamBadStream,0.000000
329,org.apache.commons.lang.SerializationUtilsTest#testSerializeBytesUnserializable,0.000000
330,org.apache.commons.lang.SerializationUtilsTest#testSerializeStreamNullNull,0.000000
331,org.apache.commons.lang.SerializationUtilsTest#testSerializeStreamNullObj,0.000000
332,org.apache.commons.lang.SerializationUtilsTest#testClone,0.000000
333,org.apache.commons.lang.SerializationUtilsTest#testSerializeBytesNull,0.000000
334,org.apache.commons.lang.SerializationUtilsTest#testSerializeStreamObjNull,0.000000
335,org.apache.commons.lang.SerializationUtilsTest#testSerializeIOException,0.000000
336,org.apache.commons.lang.SerializationUtilsTest#testDeserializeBytes,0.000000
337,org.apache.commons.lang.SerializationUtilsTest#testCloneNull,0.000000
338,org.apache.commons.lang.SerializationUtilsTest#testSerializeStream,0.000000
339,org.apache.commons.lang.SerializationUtilsTest#testDeserializeStream,0.000000
340,org.apache.commons.lang.SerializationUtilsTest#testCloneUnserializable,0.000000
341,org.apache.commons.lang.SerializationUtilsTest#testSerializeStreamUnserializable,0.000000
342,org.apache.commons.lang.SerializationUtilsTest#testDeserializeStreamOfNull,0.000000
343,org.apache.commons.lang.SerializationUtilsTest#testDeserializeStreamClassNotFound,0.000000
344,org.apache.commons.lang.SerializationUtilsTest#testDeserializeBytesOfNull,0.000000
345,org.apache.commons.lang.SerializationUtilsTest#testSerializeBytes,0.000000
346,org.apache.commons.lang.SerializationUtilsTest#testDeserializeBytesNull,0.000000
347,org.apache.commons.lang.SerializationUtilsTest#testConstructor,0.000000
348,org.apache.commons.lang.SerializationUtilsTest#testDeserializeStreamNull,0.000000
349,org.apache.commons.lang.ObjectUtilsTest#testToString_Object,0.000000
350,org.apache.commons.lang.ObjectUtilsTest#testNull,0.000000
351,org.apache.commons.lang.ObjectUtilsTest#testAppendIdentityToString,0.000000
352,org.apache.commons.lang.ObjectUtilsTest#testIdentityToString,0.000000
353,org.apache.commons.lang.ObjectUtilsTest#testToString_ObjectString,0.000000
354,org.apache.commons.lang.ObjectUtilsTest#testHashCode,0.000000
355,org.apache.commons.lang.ObjectUtilsTest#testEquals,0.000000
356,org.apache.commons.lang.ObjectUtilsTest#testIsNull,0.000000
357,org.apache.commons.lang.ObjectUtilsTest#testConstructor,0.000000
358,org.apache.commons.lang.enums.EnumUtilsTest#testGetValue,0.000000
359,org.apache.commons.lang.enums.EnumUtilsTest#testGet,0.000000
360,org.apache.commons.lang.enums.EnumUtilsTest#testMap,0.000000
361,org.apache.commons.lang.enums.EnumUtilsTest#testGetEx,0.000000
362,org.apache.commons.lang.enums.EnumUtilsTest#testMapEx,0.000000
363,org.apache.commons.lang.enums.EnumUtilsTest#testList,0.000000
364,org.apache.commons.lang.enums.EnumUtilsTest#testGetValueEx,0.000000
365,org.apache.commons.lang.enums.EnumUtilsTest#testListEx,0.000000
366,org.apache.commons.lang.enums.EnumUtilsTest#testIteratorEx,0.000000
367,org.apache.commons.lang.enums.EnumUtilsTest#testIterator,0.000000
368,org.apache.commons.lang.enums.EnumUtilsTest#testConstructor,0.000000
369,org.apache.commons.lang.enums.EnumEqualsTest#testEquals,0.000000
370,org.apache.commons.lang.enums.EnumTest#testNestedReferenced,0.000000
371,org.apache.commons.lang.enums.EnumTest#testSerialization,0.000000
372,org.apache.commons.lang.enums.EnumTest#testGet,0.000000
373,org.apache.commons.lang.enums.EnumTest#testMap,0.000000
374,org.apache.commons.lang.enums.EnumTest#testExtendedToString,0.000000
375,org.apache.commons.lang.enums.EnumTest#testList,0.000000
376,org.apache.commons.lang.enums.EnumTest#testName,0.000000
377,org.apache.commons.lang.enums.EnumTest#testToString,0.000000
378,org.apache.commons.lang.enums.EnumTest#testOperationSerialization,0.000000
379,org.apache.commons.lang.enums.EnumTest#testCompareTo,0.000000
380,org.apache.commons.lang.enums.EnumTest#testExtended1List,0.000000
381,org.apache.commons.lang.enums.EnumTest#testExtended2List,0.000000
382,org.apache.commons.lang.enums.EnumTest#testExtended3List,0.000000
383,org.apache.commons.lang.enums.EnumTest#testBroken1,0.000000
384,org.apache.commons.lang.enums.EnumTest#testBroken2,0.000000
385,org.apache.commons.lang.enums.EnumTest#testBroken3,0.000000
386,org.apache.commons.lang.enums.EnumTest#testOperationGet,0.000000
387,org.apache.commons.lang.enums.EnumTest#testOperationMap,0.000000
388,org.apache.commons.lang.enums.EnumTest#testExtendedSerialization,0.000000
389,org.apache.commons.lang.enums.EnumTest#testBroken5Operation,0.000000
390,org.apache.commons.lang.enums.EnumTest#testHashCode,0.000000
391,org.apache.commons.lang.enums.EnumTest#testBroken4Operation,0.000000
392,org.apache.commons.lang.enums.EnumTest#testExtended1Get,0.000000
393,org.apache.commons.lang.enums.EnumTest#testExtended1Map,0.000000
394,org.apache.commons.lang.enums.EnumTest#testExtended2Get,0.000000
395,org.apache.commons.lang.enums.EnumTest#testExtended2Map,0.000000
396,org.apache.commons.lang.enums.EnumTest#testExtended3Get,0.000000
397,org.apache.commons.lang.enums.EnumTest#testExtended3Map,0.000000
398,org.apache.commons.lang.enums.EnumTest#testOperationCalculation,0.000000
399,org.apache.commons.lang.enums.EnumTest#testBroken3Operation,0.000000
400,org.apache.commons.lang.enums.EnumTest#testEquals,0.000000
401,org.apache.commons.lang.enums.EnumTest#testEqualsToWrongInstance,0.000000
402,org.apache.commons.lang.enums.EnumTest#testNestedBroken,0.000000
403,org.apache.commons.lang.enums.EnumTest#testOperationToString,0.000000
404,org.apache.commons.lang.enums.EnumTest#testBroken2Operation,0.000000
405,org.apache.commons.lang.enums.EnumTest#testNested,0.000000
406,org.apache.commons.lang.enums.EnumTest#testBroken1Operation,0.000000
407,org.apache.commons.lang.enums.EnumTest#testNestedLinked,0.000000
408,org.apache.commons.lang.enums.EnumTest#testIterator,0.000000
409,org.apache.commons.lang.enums.EnumTest#testOperationList,0.000000
410,org.apache.commons.lang.enums.ValuedEnumTest#testGetValue,0.000000
411,org.apache.commons.lang.enums.ValuedEnumTest#testSerialization,0.000000
412,org.apache.commons.lang.enums.ValuedEnumTest#testGet,0.000000
413,org.apache.commons.lang.enums.ValuedEnumTest#testMap,0.000000
414,org.apache.commons.lang.enums.ValuedEnumTest#testValue,0.000000
415,org.apache.commons.lang.enums.ValuedEnumTest#testList,0.000000
416,org.apache.commons.lang.enums.ValuedEnumTest#testName,0.000000
417,org.apache.commons.lang.enums.ValuedEnumTest#testToString,0.000000
418,org.apache.commons.lang.enums.ValuedEnumTest#testCompareTo,0.000000
419,org.apache.commons.lang.enums.ValuedEnumTest#testEquals,0.000000
420,org.apache.commons.lang.enums.ValuedEnumTest#testIterator,0.000000
421,org.apache.commons.lang.BitFieldTest#testSetBoolean,0.000000
422,org.apache.commons.lang.BitFieldTest#testGetValue,0.000000
423,org.apache.commons.lang.BitFieldTest#testClearShort,0.000000
424,org.apache.commons.lang.BitFieldTest#testSet,0.000000
425,org.apache.commons.lang.BitFieldTest#testClear,0.000000
426,org.apache.commons.lang.BitFieldTest#testIsSet,0.000000
427,org.apache.commons.lang.BitFieldTest#testByte,0.000000
428,org.apache.commons.lang.BitFieldTest#testGetShortValue,0.000000
429,org.apache.commons.lang.BitFieldTest#testSetShortBoolean,0.000000
430,org.apache.commons.lang.BitFieldTest#testSetShortValue,0.000000
431,org.apache.commons.lang.BitFieldTest#testIsAllSet,0.000000
432,org.apache.commons.lang.BitFieldTest#testGetShortRawValue,0.000000
433,org.apache.commons.lang.BitFieldTest#testGetRawValue,0.000000
434,org.apache.commons.lang.BitFieldTest#testSetShort,0.000000
435,org.apache.commons.lang.BitFieldTest#testSetValue,0.000000
436,org.apache.commons.lang.RandomStringUtilsTest#testExceptions,0.000000
437,org.apache.commons.lang.RandomStringUtilsTest#testLang100,0.000000
438,org.apache.commons.lang.RandomStringUtilsTest#testRandomStringUtils,0.000000
439,org.apache.commons.lang.RandomStringUtilsTest#testConstructor,0.000000
440,org.apache.commons.lang.oldenum.EnumUtilsTest#testGetValue,0.000000
441,org.apache.commons.lang.oldenum.EnumUtilsTest#testGet,0.000000
442,org.apache.commons.lang.oldenum.EnumUtilsTest#testMap,0.000000
443,org.apache.commons.lang.oldenum.EnumUtilsTest#testGetEx,0.000000
444,org.apache.commons.lang.oldenum.EnumUtilsTest#testMapEx,0.000000
445,org.apache.commons.lang.oldenum.EnumUtilsTest#testList,0.000000
446,org.apache.commons.lang.oldenum.EnumUtilsTest#testGetValueEx,0.000000
447,org.apache.commons.lang.oldenum.EnumUtilsTest#testListEx,0.000000
448,org.apache.commons.lang.oldenum.EnumUtilsTest#testIteratorEx,0.000000
449,org.apache.commons.lang.oldenum.EnumUtilsTest#testIterator,0.000000
450,org.apache.commons.lang.oldenum.EnumUtilsTest#testConstructor,0.000000
451,org.apache.commons.lang.oldenum.EnumTest#testNestedReferenced,0.000000
452,org.apache.commons.lang.oldenum.EnumTest#testSerialization,0.000000
453,org.apache.commons.lang.oldenum.EnumTest#testGet,0.000000
454,org.apache.commons.lang.oldenum.EnumTest#testMap,0.000000
455,org.apache.commons.lang.oldenum.EnumTest#testExtendedToString,0.000000
456,org.apache.commons.lang.oldenum.EnumTest#testList,0.000000
457,org.apache.commons.lang.oldenum.EnumTest#testName,0.000000
458,org.apache.commons.lang.oldenum.EnumTest#testToString,0.000000
459,org.apache.commons.lang.oldenum.EnumTest#testOperationSerialization,0.000000
460,org.apache.commons.lang.oldenum.EnumTest#testCompareTo,0.000000
461,org.apache.commons.lang.oldenum.EnumTest#testExtended1List,0.000000
462,org.apache.commons.lang.oldenum.EnumTest#testExtended2List,0.000000
463,org.apache.commons.lang.oldenum.EnumTest#testExtended3List,0.000000
464,org.apache.commons.lang.oldenum.EnumTest#testBroken1,0.000000
465,org.apache.commons.lang.oldenum.EnumTest#testBroken2,0.000000
466,org.apache.commons.lang.oldenum.EnumTest#testBroken3,0.000000
467,org.apache.commons.lang.oldenum.EnumTest#testOperationGet,0.000000
468,org.apache.commons.lang.oldenum.EnumTest#testOperationMap,0.000000
469,org.apache.commons.lang.oldenum.EnumTest#testExtendedSerialization,0.000000
470,org.apache.commons.lang.oldenum.EnumTest#testBroken5Operation,0.000000
471,org.apache.commons.lang.oldenum.EnumTest#testHashCode,0.000000
472,org.apache.commons.lang.oldenum.EnumTest#testBroken4Operation,0.000000
473,org.apache.commons.lang.oldenum.EnumTest#testExtended1Get,0.000000
474,org.apache.commons.lang.oldenum.EnumTest#testExtended1Map,0.000000
475,org.apache.commons.lang.oldenum.EnumTest#testExtended2Get,0.000000
476,org.apache.commons.lang.oldenum.EnumTest#testExtended2Map,0.000000
477,org.apache.commons.lang.oldenum.EnumTest#testExtended3Get,0.000000
478,org.apache.commons.lang.oldenum.EnumTest#testExtended3Map,0.000000
479,org.apache.commons.lang.oldenum.EnumTest#testOperationCalculation,0.000000
480,org.apache.commons.lang.oldenum.EnumTest#testBroken3Operation,0.000000
481,org.apache.commons.lang.oldenum.EnumTest#testEquals,0.000000
482,org.apache.commons.lang.oldenum.EnumTest#testEqualsToWrongInstance,0.000000
483,org.apache.commons.lang.oldenum.EnumTest#testNestedBroken,0.000000
484,org.apache.commons.lang.oldenum.EnumTest#testOperationToString,0.000000
485,org.apache.commons.lang.oldenum.EnumTest#testBroken2Operation,0.000000
486,org.apache.commons.lang.oldenum.EnumTest#testNested,0.000000
487,org.apache.commons.lang.oldenum.EnumTest#testBroken1Operation,0.000000
488,org.apache.commons.lang.oldenum.EnumTest#testNestedLinked,0.000000
489,org.apache.commons.lang.oldenum.EnumTest#testIterator,0.000000
490,org.apache.commons.lang.oldenum.EnumTest#testOperationList,0.000000
491,org.apache.commons.lang.oldenum.ValuedEnumTest#testGetValue,0.000000
492,org.apache.commons.lang.oldenum.ValuedEnumTest#testSerialization,0.000000
493,org.apache.commons.lang.oldenum.ValuedEnumTest#testGet,0.000000
494,org.apache.commons.lang.oldenum.ValuedEnumTest#testMap,0.000000
495,org.apache.commons.lang.oldenum.ValuedEnumTest#testValue,0.000000
496,org.apache.commons.lang.oldenum.ValuedEnumTest#testList,0.000000
497,org.apache.commons.lang.oldenum.ValuedEnumTest#testName,0.000000
498,org.apache.commons.lang.oldenum.ValuedEnumTest#testToString,0.000000
499,org.apache.commons.lang.oldenum.ValuedEnumTest#testCompareTo,0.000000
500,org.apache.commons.lang.oldenum.ValuedEnumTest#testEquals,0.000000
501,org.apache.commons.lang.oldenum.ValuedEnumTest#testIterator,0.000000
502,org.apache.commons.lang.CharSetUtilsTest#testSqueeze_StringString,0.000000
503,org.apache.commons.lang.CharSetUtilsTest#testDelete_StringString,0.000000
504,org.apache.commons.lang.CharSetUtilsTest#testEvaluateSet_Stringarray,0.000000
505,org.apache.commons.lang.CharSetUtilsTest#testKeep_StringString,0.000000
506,org.apache.commons.lang.CharSetUtilsTest#testDelete_StringStringarray,0.000000
507,org.apache.commons.lang.CharSetUtilsTest#testCount_StringStringarray,0.000000
508,org.apache.commons.lang.CharSetUtilsTest#testKeep_StringStringarray,0.000000
509,org.apache.commons.lang.CharSetUtilsTest#testCount_StringString,0.000000
510,org.apache.commons.lang.CharSetUtilsTest#testTranslate,0.000000
511,org.apache.commons.lang.CharSetUtilsTest#testTranslateNullPointerException,0.000000
512,org.apache.commons.lang.CharSetUtilsTest#testSqueeze_StringStringarray,0.000000
513,org.apache.commons.lang.CharSetUtilsTest#testConstructor,0.000000
514,org.apache.commons.lang.StringUtilsTest#testRightPad_StringInt,0.000000
515,org.apache.commons.lang.StringUtilsTest#testDeleteWhitespace_String,0.000000
516,org.apache.commons.lang.StringUtilsTest#testRemove_String,0.000000
517,org.apache.commons.lang.StringUtilsTest#testJoin_ArrayChar,0.000000
518,org.apache.commons.lang.StringUtilsTest#testDifferenceAt_StringString,0.000000
519,org.apache.commons.lang.StringUtilsTest#testOverlay_StringStringIntInt,0.000000
520,org.apache.commons.lang.StringUtilsTest#testReverseDelimitedString_StringString,0.000000
521,org.apache.commons.lang.StringUtilsTest#testJoin_ArrayString,0.000000
522,org.apache.commons.lang.StringUtilsTest#testReverseDelimited_StringChar,0.000000
523,org.apache.commons.lang.StringUtilsTest#testChomp,0.000000
524,org.apache.commons.lang.StringUtilsTest#testChop,0.000000
525,org.apache.commons.lang.StringUtilsTest#testSplitPreserveAllTokens_StringString_StringStringInt,0.000000
526,org.apache.commons.lang.StringUtilsTest#testRemoveStart,0.000000
527,org.apache.commons.lang.StringUtilsTest#testRemove_char,0.000000
528,org.apache.commons.lang.StringUtilsTest#testReplaceChars_StringCharChar,0.000000
529,org.apache.commons.lang.StringUtilsTest#testCenter_StringIntChar,0.000000
530,org.apache.commons.lang.StringUtilsTest#testReplaceChars_StringStringString,0.000000
531,org.apache.commons.lang.StringUtilsTest#testLeftPad_StringIntString,0.000000
532,org.apache.commons.lang.StringUtilsTest#testSplitPreserveAllTokens_StringChar,0.000000
533,org.apache.commons.lang.StringUtilsTest#testDefaultIfEmpty_StringString,0.000000
534,org.apache.commons.lang.StringUtilsTest#testCenter_StringInt,0.000000
535,org.apache.commons.lang.StringUtilsTest#testSplit_String,0.000000
536,org.apache.commons.lang.StringUtilsTest#testDefault_String,0.000000
537,org.apache.commons.lang.StringUtilsTest#testDeleteSpace_String,0.000000
538,org.apache.commons.lang.StringUtilsTest#testLeftPad_StringIntChar,0.000000
539,org.apache.commons.lang.StringUtilsTest#testOverlayString_StringStringIntInt,0.000000
540,org.apache.commons.lang.StringUtilsTest#testRepeat_StringInt,0.000000
541,org.apache.commons.lang.StringUtilsTest#testAbbreviate_StringInt,0.000000
542,org.apache.commons.lang.StringUtilsTest#testDefault_StringString,0.000000
543,org.apache.commons.lang.StringUtilsTest#testJoin_IteratorString,0.000000
544,org.apache.commons.lang.StringUtilsTest#testRightPad_StringIntChar,0.000000
545,org.apache.commons.lang.StringUtilsTest#testEscapeFunctions_String,0.000000
546,org.apache.commons.lang.StringUtilsTest#testGetLevenshteinDistance_StringString,0.000000
547,org.apache.commons.lang.StringUtilsTest#testJoin_Objectarray,0.000000
548,org.apache.commons.lang.StringUtilsTest#testConcatenate_Objectarray,0.000000
549,org.apache.commons.lang.StringUtilsTest#testAbbreviate_StringIntInt,0.000000
550,org.apache.commons.lang.StringUtilsTest#testChopNewLine,0.000000
551,org.apache.commons.lang.StringUtilsTest#testSplitPreserveAllTokens_String,0.000000
552,org.apache.commons.lang.StringUtilsTest#testReplaceOnce_StringStringString,0.000000
553,org.apache.commons.lang.StringUtilsTest#testDeprecatedChompFunctions,0.000000
554,org.apache.commons.lang.StringUtilsTest#testJoin_IteratorChar,0.000000
555,org.apache.commons.lang.StringUtilsTest#testReverse_String,0.000000
556,org.apache.commons.lang.StringUtilsTest#testReplace_StringStringString,0.000000
557,org.apache.commons.lang.StringUtilsTest#testCaseFunctions,0.000000
558,org.apache.commons.lang.StringUtilsTest#testSplitByWholeString_StringStringBooleanInt,0.000000
559,org.apache.commons.lang.StringUtilsTest#testSplitByWholeString_StringStringBoolean,0.000000
560,org.apache.commons.lang.StringUtilsTest#testDifference_StringString,0.000000
561,org.apache.commons.lang.StringUtilsTest#testLeftPad_StringInt,0.000000
562,org.apache.commons.lang.StringUtilsTest#testSplit_StringChar,0.000000
563,org.apache.commons.lang.StringUtilsTest#testRightPad_StringIntString,0.000000
564,org.apache.commons.lang.StringUtilsTest#testSwapCase_String,0.000000
565,org.apache.commons.lang.StringUtilsTest#testSplit_StringString_StringStringInt,0.000000
566,org.apache.commons.lang.StringUtilsTest#testRemoveEnd,0.000000
567,org.apache.commons.lang.StringUtilsTest#testCenter_StringIntString,0.000000
568,org.apache.commons.lang.StringUtilsTest#testConstructor,0.000000
569,org.apache.commons.lang.StringUtilsTest#testReplace_StringStringStringInt,0.000000
570,org.apache.commons.lang.math.FloatRangeTest#testContainsNumber,0.000000
571,org.apache.commons.lang.math.FloatRangeTest#testToString,0.000000
572,org.apache.commons.lang.math.FloatRangeTest#testConstructor1a,0.000000
573,org.apache.commons.lang.math.FloatRangeTest#testConstructor1b,0.000000
574,org.apache.commons.lang.math.FloatRangeTest#testConstructor2a,0.000000
575,org.apache.commons.lang.math.FloatRangeTest#testConstructor2b,0.000000
576,org.apache.commons.lang.math.FloatRangeTest#testContainsLong,0.000000
577,org.apache.commons.lang.math.FloatRangeTest#testOverlapsRange,0.000000
578,org.apache.commons.lang.math.FloatRangeTest#testContainsFloat,0.000000
579,org.apache.commons.lang.math.FloatRangeTest#testContainsRange,0.000000
580,org.apache.commons.lang.math.FloatRangeTest#testHashCode,0.000000
581,org.apache.commons.lang.math.FloatRangeTest#testGetMaximum,0.000000
582,org.apache.commons.lang.math.FloatRangeTest#testEquals,0.000000
583,org.apache.commons.lang.math.FloatRangeTest#testGetMinimum,0.000000
584,org.apache.commons.lang.math.FloatRangeTest#testContainsInteger,0.000000
585,org.apache.commons.lang.math.FloatRangeTest#testContainsDouble,0.000000
586,org.apache.commons.lang.math.LongRangeTest#testContainsNumber,0.000000
587,org.apache.commons.lang.math.LongRangeTest#testConstructor1a,0.000000
588,org.apache.commons.lang.math.LongRangeTest#testConstructor1b,0.000000
589,org.apache.commons.lang.math.LongRangeTest#testConstructor2a,0.000000
590,org.apache.commons.lang.math.LongRangeTest#testConstructor2b,0.000000
591,org.apache.commons.lang.math.LongRangeTest#testContainsLongBig,0.000000
592,org.apache.commons.lang.math.LongRangeTest#testContainsLong,0.000000
593,org.apache.commons.lang.math.LongRangeTest#testToString,0.000000
594,org.apache.commons.lang.math.LongRangeTest#testOverlapsRange,0.000000
595,org.apache.commons.lang.math.LongRangeTest#testContainsFloat,0.000000
596,org.apache.commons.lang.math.LongRangeTest#testContainsRange,0.000000
597,org.apache.commons.lang.math.LongRangeTest#testHashCode,0.000000
598,org.apache.commons.lang.math.LongRangeTest#testGetMaximum,0.000000
599,org.apache.commons.lang.math.LongRangeTest#testEquals,0.000000
600,org.apache.commons.lang.math.LongRangeTest#testGetMinimum,0.000000
601,org.apache.commons.lang.math.LongRangeTest#testContainsInteger,0.000000
602,org.apache.commons.lang.math.LongRangeTest#testContainsDouble,0.000000
603,org.apache.commons.lang.math.NumberRangeTest#testContainsNumber,0.000000
604,org.apache.commons.lang.math.NumberRangeTest#testConstructor2Exceptions,0.000000
605,org.apache.commons.lang.math.NumberRangeTest#testConstructor1,0.000000
606,org.apache.commons.lang.math.NumberRangeTest#testConstructor2,0.000000
607,org.apache.commons.lang.math.NumberRangeTest#testContainsLongBig,0.000000
608,org.apache.commons.lang.math.NumberRangeTest#testConstructor1Exceptions,0.000000
609,org.apache.commons.lang.math.NumberRangeTest#testContainsLong,0.000000
610,org.apache.commons.lang.math.NumberRangeTest#testToString,0.000000
611,org.apache.commons.lang.math.NumberRangeTest#testOverlapsRange,0.000000
612,org.apache.commons.lang.math.NumberRangeTest#testContainsFloat,0.000000
613,org.apache.commons.lang.math.NumberRangeTest#testContainsRange,0.000000
614,org.apache.commons.lang.math.NumberRangeTest#testHashCode,0.000000
615,org.apache.commons.lang.math.NumberRangeTest#testGetMaximum,0.000000
616,org.apache.commons.lang.math.NumberRangeTest#testEquals,0.000000
617,org.apache.commons.lang.math.NumberRangeTest#testGetMinimum,0.000000
618,org.apache.commons.lang.math.NumberRangeTest#testContainsInteger,0.000000
619,org.apache.commons.lang.math.NumberRangeTest#testContainsDouble,0.000000
620,org.apache.commons.lang.math.IntRangeTest#testContainsNumber,0.000000
621,org.apache.commons.lang.math.IntRangeTest#testContainsIntegerBig,0.000000
622,org.apache.commons.lang.math.IntRangeTest#testConstructor1a,0.000000
623,org.apache.commons.lang.math.IntRangeTest#testConstructor1b,0.000000
624,org.apache.commons.lang.math.IntRangeTest#testConstructor2a,0.000000
625,org.apache.commons.lang.math.IntRangeTest#testConstructor2b,0.000000
626,org.apache.commons.lang.math.IntRangeTest#testContainsLong,0.000000
627,org.apache.commons.lang.math.IntRangeTest#testToString,0.000000
628,org.apache.commons.lang.math.IntRangeTest#testOverlapsRange,0.000000
629,org.apache.commons.lang.math.IntRangeTest#testContainsFloat,0.000000
630,org.apache.commons.lang.math.IntRangeTest#testContainsRange,0.000000
631,org.apache.commons.lang.math.IntRangeTest#testHashCode,0.000000
632,org.apache.commons.lang.math.IntRangeTest#testGetMaximum,0.000000
633,org.apache.commons.lang.math.IntRangeTest#testEquals,0.000000
634,org.apache.commons.lang.math.IntRangeTest#testGetMinimum,0.000000
635,org.apache.commons.lang.math.IntRangeTest#testContainsInteger,0.000000
636,org.apache.commons.lang.math.IntRangeTest#testContainsDouble,0.000000
637,org.apache.commons.lang.math.RandomUtilsTest#testUnimplementedMethods,0.000000
638,org.apache.commons.lang.math.RandomUtilsTest#testNextDouble2,0.000000
639,org.apache.commons.lang.math.RandomUtilsTest#testJvmRandomNextInt,0.000000
640,org.apache.commons.lang.math.RandomUtilsTest#testIllegalArguments,0.000000
641,org.apache.commons.lang.math.RandomUtilsTest#testNextBoolean,0.000000
642,org.apache.commons.lang.math.RandomUtilsTest#testNextInt,0.000000
643,org.apache.commons.lang.math.RandomUtilsTest#testNextFloat,0.000000
644,org.apache.commons.lang.math.RandomUtilsTest#testNextLong2,0.000000
645,org.apache.commons.lang.math.RandomUtilsTest#testNextDouble,0.000000
646,org.apache.commons.lang.math.RandomUtilsTest#testNextFloat2,0.000000
647,org.apache.commons.lang.math.RandomUtilsTest#testNextBoolean2,0.000000
648,org.apache.commons.lang.math.RandomUtilsTest#testNextInt2,0.000000
649,org.apache.commons.lang.math.RandomUtilsTest#testNextLong,0.000000
650,org.apache.commons.lang.math.FractionTest#testConversions,0.000000
651,org.apache.commons.lang.math.FractionTest#testReducedFactory_int_int,0.000000
652,org.apache.commons.lang.math.FractionTest#testAbs,0.000000
653,org.apache.commons.lang.math.FractionTest#testAdd,0.000000
654,org.apache.commons.lang.math.FractionTest#testPow,0.000000
655,org.apache.commons.lang.math.FractionTest#testSubtract,0.000000
656,org.apache.commons.lang.math.FractionTest#testGets,0.000000
657,org.apache.commons.lang.math.FractionTest#testToString,0.000000
658,org.apache.commons.lang.math.FractionTest#testFactory_String,0.000000
659,org.apache.commons.lang.math.FractionTest#testFactory_int_int_int,0.000000
660,org.apache.commons.lang.math.FractionTest#testCompareTo,0.000000
661,org.apache.commons.lang.math.FractionTest#testFactory_double,0.000000
662,org.apache.commons.lang.math.FractionTest#testFactory_String_improper,0.000000
663,org.apache.commons.lang.math.FractionTest#testConstants,0.000000
664,org.apache.commons.lang.math.FractionTest#testToProperString,0.000000
665,org.apache.commons.lang.math.FractionTest#testHashCode,0.000000
666,org.apache.commons.lang.math.FractionTest#testFactory_String_double,0.000000
667,org.apache.commons.lang.math.FractionTest#testDivide,0.000000
668,org.apache.commons.lang.math.FractionTest#testEquals,0.000000
669,org.apache.commons.lang.math.FractionTest#testMultiply,0.000000
670,org.apache.commons.lang.math.FractionTest#testInvert,0.000000
671,org.apache.commons.lang.math.FractionTest#testFactory_String_proper,0.000000
672,org.apache.commons.lang.math.FractionTest#testNegate,0.000000
673,org.apache.commons.lang.math.FractionTest#testReduce,0.000000
674,org.apache.commons.lang.math.FractionTest#testFactory_int_int,0.000000
675,org.apache.commons.lang.math.RangeTest#testToString,0.000000
676,org.apache.commons.lang.math.RangeTest#testEqualsObject,0.000000
677,org.apache.commons.lang.math.RangeTest#testHashCode,0.000000
678,org.apache.commons.lang.math.NumberUtilsTest#testMaximumDouble,0.000000
679,org.apache.commons.lang.math.NumberUtilsTest#testToFloatStringF,0.000000
680,org.apache.commons.lang.math.NumberUtilsTest#testMinimumFloat,0.000000
681,org.apache.commons.lang.math.NumberUtilsTest#testMinimumShort,0.000000
682,org.apache.commons.lang.math.NumberUtilsTest#testCreateNumber,0.000000
683,org.apache.commons.lang.math.NumberUtilsTest#testToLongString,0.000000
684,org.apache.commons.lang.math.NumberUtilsTest#testToIntStringI,0.000000
685,org.apache.commons.lang.math.NumberUtilsTest#testToIntString,0.000000
686,org.apache.commons.lang.math.NumberUtilsTest#testCreateFloat,0.000000
687,org.apache.commons.lang.math.NumberUtilsTest#testMinimumInt,0.000000
688,org.apache.commons.lang.math.NumberUtilsTest#testToFloatString,0.000000
689,org.apache.commons.lang.math.NumberUtilsTest#testMinFloat,0.000000
690,org.apache.commons.lang.math.NumberUtilsTest#testMinShort,0.000000
691,org.apache.commons.lang.math.NumberUtilsTest#testMaxDouble,0.000000
692,org.apache.commons.lang.math.NumberUtilsTest#testMinimumDouble,0.000000
693,org.apache.commons.lang.math.NumberUtilsTest#testIsDigits,0.000000
694,org.apache.commons.lang.math.NumberUtilsTest#testCreateBigDecimal,0.000000
695,org.apache.commons.lang.math.NumberUtilsTest#testCompareDouble,0.000000
696,org.apache.commons.lang.math.NumberUtilsTest#testMinimumByte,0.000000
697,org.apache.commons.lang.math.NumberUtilsTest#testMinimumLong,0.000000
698,org.apache.commons.lang.math.NumberUtilsTest#testIsNumber,0.000000
699,org.apache.commons.lang.math.NumberUtilsTest#testMinDouble,0.000000
700,org.apache.commons.lang.math.NumberUtilsTest#testMaxLong,0.000000
701,org.apache.commons.lang.math.NumberUtilsTest#testCreateBigInteger,0.000000
702,org.apache.commons.lang.math.NumberUtilsTest#testCreateLong,0.000000
703,org.apache.commons.lang.math.NumberUtilsTest#testMinLong,0.000000
704,org.apache.commons.lang.math.NumberUtilsTest#testMaximumInt,0.000000
705,org.apache.commons.lang.math.NumberUtilsTest#testMaximumByte,0.000000
706,org.apache.commons.lang.math.NumberUtilsTest#testMaximumLong,0.000000
707,org.apache.commons.lang.math.NumberUtilsTest#testStringToIntStringI,0.000000
708,org.apache.commons.lang.math.NumberUtilsTest#testMaxFloat,0.000000
709,org.apache.commons.lang.math.NumberUtilsTest#testMaxShort,0.000000
710,org.apache.commons.lang.math.NumberUtilsTest#testCompareFloat,0.000000
711,org.apache.commons.lang.math.NumberUtilsTest#testMaxInt,0.000000
712,org.apache.commons.lang.math.NumberUtilsTest#testMinInt,0.000000
713,org.apache.commons.lang.math.NumberUtilsTest#testStringToIntString,0.000000
714,org.apache.commons.lang.math.NumberUtilsTest#testStringToDoubleString,0.000000
715,org.apache.commons.lang.math.NumberUtilsTest#testMaximumFloat,0.000000
716,org.apache.commons.lang.math.NumberUtilsTest#testMaximumShort,0.000000
717,org.apache.commons.lang.math.NumberUtilsTest#testCreateInteger,0.000000
718,org.apache.commons.lang.math.NumberUtilsTest#testToLongStringL,0.000000
719,org.apache.commons.lang.math.NumberUtilsTest#testStringToDoubleStringD,0.000000
720,org.apache.commons.lang.math.NumberUtilsTest#testConstructor,0.000000
721,org.apache.commons.lang.math.NumberUtilsTest#testCreateDouble,0.000000
722,org.apache.commons.lang.math.DoubleRangeTest#testContainsNumber,0.000000
723,org.apache.commons.lang.math.DoubleRangeTest#testToString,0.000000
724,org.apache.commons.lang.math.DoubleRangeTest#testConstructor1a,0.000000
725,org.apache.commons.lang.math.DoubleRangeTest#testConstructor1b,0.000000
726,org.apache.commons.lang.math.DoubleRangeTest#testConstructor2a,0.000000
727,org.apache.commons.lang.math.DoubleRangeTest#testConstructor2b,0.000000
728,org.apache.commons.lang.math.DoubleRangeTest#testContainsLong,0.000000
729,org.apache.commons.lang.math.DoubleRangeTest#testOverlapsRange,0.000000
730,org.apache.commons.lang.math.DoubleRangeTest#testContainsFloat,0.000000
731,org.apache.commons.lang.math.DoubleRangeTest#testContainsRange,0.000000
732,org.apache.commons.lang.math.DoubleRangeTest#testHashCode,0.000000
733,org.apache.commons.lang.math.DoubleRangeTest#testGetMaximum,0.000000
734,org.apache.commons.lang.math.DoubleRangeTest#testEquals,0.000000
735,org.apache.commons.lang.math.DoubleRangeTest#testGetMinimum,0.000000
736,org.apache.commons.lang.math.DoubleRangeTest#testContainsInteger,0.000000
737,org.apache.commons.lang.math.DoubleRangeTest#testContainsDouble,0.000000
738,org.apache.commons.lang.time.DateUtilsTest#testConstructor,0.000000
739,org.apache.commons.lang.time.DateUtilsTest#testIteratorEx,0.000000
740,org.apache.commons.lang.time.DurationFormatUtilsTest#testFormatPeriod,0.000000
741,org.apache.commons.lang.time.DurationFormatUtilsTest#testLexx,0.000000
742,org.apache.commons.lang.time.DurationFormatUtilsTest#testFormatDurationHMS,0.000000
743,org.apache.commons.lang.time.DurationFormatUtilsTest#testFormatDurationISO,0.000000
744,org.apache.commons.lang.time.DurationFormatUtilsTest#testFormatPeriodISO,0.000000
745,org.apache.commons.lang.time.DurationFormatUtilsTest#testFormatDurationPluralWords,0.000000
746,org.apache.commons.lang.time.DurationFormatUtilsTest#testFormatDuration,0.000000
747,org.apache.commons.lang.time.DurationFormatUtilsTest#testFormatDurationWords,0.000000
748,org.apache.commons.lang.time.DurationFormatUtilsTest#testConstructor,0.000000
749,org.apache.commons.lang.time.DateFormatUtilsTest#testFormatUTC,0.000000
750,org.apache.commons.lang.time.DateFormatUtilsTest#testTimeISO,0.000000
751,org.apache.commons.lang.time.DateFormatUtilsTest#testSMTP,0.000000
752,org.apache.commons.lang.time.DateFormatUtilsTest#testDateTimeISO,0.000000
753,org.apache.commons.lang.time.DateFormatUtilsTest#testTimeNoTISO,0.000000
754,org.apache.commons.lang.time.DateFormatUtilsTest#testDateISO,0.000000
755,org.apache.commons.lang.time.DateFormatUtilsTest#testFormat,0.000000
756,org.apache.commons.lang.time.DateFormatUtilsTest#testConstructor,0.000000
757,org.apache.commons.lang.time.FastDateFormatTest#testSimpleDate,0.000000
758,org.apache.commons.lang.time.FastDateFormatTest#testShortDateStyleWithLocales,0.000000
759,org.apache.commons.lang.time.FastDateFormatTest#testMilleniumBug,0.000000
760,org.apache.commons.lang.time.FastDateFormatTest#test_getInstance,0.000000
761,org.apache.commons.lang.time.FastDateFormatTest#testLowYearPadding,0.000000
762,org.apache.commons.lang.time.FastDateFormatTest#test_getInstance_String_TimeZone_Locale,0.000000
763,org.apache.commons.lang.time.FastDateFormatTest#test_getInstance_String,0.000000
764,org.apache.commons.lang.time.FastDateFormatTest#test_getInstance_String_TimeZone,0.000000
765,org.apache.commons.lang.time.FastDateFormatTest#test_getInstance_String_Locale,0.000000
766,org.apache.commons.lang.time.StopWatchTest#testBadStates,0.000000
767,org.apache.commons.lang.time.StopWatchTest#testStopWatchSimpleGet,0.000000
768,org.apache.commons.lang.time.StopWatchTest#testStopWatchSimple,0.000000
769,org.apache.commons.lang.time.StopWatchTest#testStopWatchSplit,0.000000
770,org.apache.commons.lang.time.StopWatchTest#testStopWatchSuspend,0.000000
771,org.apache.commons.lang.ClassUtilsTest#test_getShortClassName_Class,0.000000
772,org.apache.commons.lang.ClassUtilsTest#test_isAssignable,0.000000
773,org.apache.commons.lang.ClassUtilsTest#testGetClassByNormalNameArrays,0.000000
774,org.apache.commons.lang.ClassUtilsTest#test_getAllSuperclasses_Class,0.000000
775,org.apache.commons.lang.ClassUtilsTest#testPrimitiveToWrapper,0.000000
776,org.apache.commons.lang.ClassUtilsTest#test_isAssignable_Widening,0.000000
777,org.apache.commons.lang.ClassUtilsTest#testGetClassWithArrayClasses,0.000000
778,org.apache.commons.lang.ClassUtilsTest#test_getShortClassName_Object,0.000000
779,org.apache.commons.lang.ClassUtilsTest#test_getShortClassName_String,0.000000
780,org.apache.commons.lang.ClassUtilsTest#testGetClassWithArrayClasses2D,0.000000
781,org.apache.commons.lang.ClassUtilsTest#test_getPackageName_Object,0.000000
782,org.apache.commons.lang.ClassUtilsTest#test_getPackageName_String,0.000000
783,org.apache.commons.lang.ClassUtilsTest#testGetClassByNormalNameArrays2D,0.000000
784,org.apache.commons.lang.ClassUtilsTest#testWithInterleavingWhitespace,0.000000
785,org.apache.commons.lang.ClassUtilsTest#test_getPackageName_Class,0.000000
786,org.apache.commons.lang.ClassUtilsTest#testGetClassRawPrimitives,0.000000
787,org.apache.commons.lang.ClassUtilsTest#testGetClassInvalidArguments,0.000000
788,org.apache.commons.lang.ClassUtilsTest#testPrimitivesToWrappers,0.000000
789,org.apache.commons.lang.ClassUtilsTest#testGetClassClassNotFound,0.000000
790,org.apache.commons.lang.ClassUtilsTest#test_isInnerClass_Class,0.000000
791,org.apache.commons.lang.ClassUtilsTest#test_isAssignable_ClassArray_ClassArray,0.000000
792,org.apache.commons.lang.ClassUtilsTest#test_convertClassNamesToClasses_List,0.000000
793,org.apache.commons.lang.ClassUtilsTest#test_convertClassesToClassNames_List,0.000000
794,org.apache.commons.lang.ClassUtilsTest#testGetPublicMethod,0.000000
795,org.apache.commons.lang.ClassUtilsTest#test_getAllInterfaces_Class,0.000000
796,org.apache.commons.lang.ClassUtilsTest#testConstructor,0.000000
797,org.apache.commons.lang.StringEscapeUtilsTest#testUnescapeHtml,0.000000
798,org.apache.commons.lang.StringEscapeUtilsTest#testUnescapeJava,0.000000
799,org.apache.commons.lang.StringEscapeUtilsTest#testStandaloneAmphersand,0.000000
800,org.apache.commons.lang.StringEscapeUtilsTest#testEscapeHtml,0.000000
801,org.apache.commons.lang.StringEscapeUtilsTest#testEscapeJava,0.000000
802,org.apache.commons.lang.StringEscapeUtilsTest#testUnescapeHexCharsHtml,0.000000
803,org.apache.commons.lang.StringEscapeUtilsTest#testEscapeJavaScript,0.000000
804,org.apache.commons.lang.StringEscapeUtilsTest#testEscapeHtmlVersions,0.000000
805,org.apache.commons.lang.StringEscapeUtilsTest#testUnescapeUnknownEntity,0.000000
806,org.apache.commons.lang.StringEscapeUtilsTest#testEscapeSql,0.000000
807,org.apache.commons.lang.StringEscapeUtilsTest#testEscapeXml,0.000000
808,org.apache.commons.lang.StringEscapeUtilsTest#testConstructor,0.000000
809,org.apache.commons.lang.CharRangeTest#testContainsNullArg,0.000000
810,org.apache.commons.lang.CharRangeTest#testConstructorAccessors_CharCharBoolean_SameNegated,0.000000
811,org.apache.commons.lang.CharRangeTest#testConstructorAccessors_CharCharBoolean_Normal,0.000000
812,org.apache.commons.lang.CharRangeTest#testConstructorAccessors_CharCharBoolean_NormalNegated,0.000000
813,org.apache.commons.lang.CharRangeTest#testSerialization,0.000000
814,org.apache.commons.lang.CharRangeTest#testConstructorAccessors_Char,0.000000
815,org.apache.commons.lang.CharRangeTest#testConstructorAccessors_CharCharBoolean_Same,0.000000
816,org.apache.commons.lang.CharRangeTest#testEquals_Object,0.000000
817,org.apache.commons.lang.CharRangeTest#testConstructorAccessors_CharBoolean_Normal,0.000000
818,org.apache.commons.lang.CharRangeTest#testContains_Char,0.000000
819,org.apache.commons.lang.CharRangeTest#testConstructorAccessors_CharCharBoolean_ReversedNegated,0.000000
820,org.apache.commons.lang.CharRangeTest#testConstructorAccessors_CharBoolean_Negated,0.000000
821,org.apache.commons.lang.CharRangeTest#testHashCode,0.000000
822,org.apache.commons.lang.CharRangeTest#testContains_Charrange,0.000000
823,org.apache.commons.lang.CharRangeTest#testConstructorAccessors_CharChar_Reversed,0.000000
824,org.apache.commons.lang.CharRangeTest#testConstructorAccessors_CharChar_Normal,0.000000
825,org.apache.commons.lang.CharRangeTest#testConstructorAccessors_CharChar_Same,0.000000
826,org.apache.commons.lang.CharRangeTest#testConstructorAccessors_CharCharBoolean_Reversed,0.000000
827,org.apache.commons.lang.WordUtilsTest#testCapitalizeWithDelimiters_String,0.000000
828,org.apache.commons.lang.WordUtilsTest#testUncapitalize_String,0.000000
829,org.apache.commons.lang.WordUtilsTest#testWrap_StringIntStringBoolean,0.000000
830,org.apache.commons.lang.WordUtilsTest#testCapitalize_String,0.000000
831,org.apache.commons.lang.WordUtilsTest#testCapitalizeFully_String,0.000000
832,org.apache.commons.lang.WordUtilsTest#testWrap_StringInt,0.000000
833,org.apache.commons.lang.WordUtilsTest#testInitials_String_charArray,0.000000
834,org.apache.commons.lang.WordUtilsTest#testUncapitalizeWithDelimiters_String,0.000000
835,org.apache.commons.lang.WordUtilsTest#testInitials_String,0.000000
836,org.apache.commons.lang.WordUtilsTest#testCapitalizeFullyWithDelimiters_String,0.000000
837,org.apache.commons.lang.WordUtilsTest#testSwapCase_String,0.000000
838,org.apache.commons.lang.WordUtilsTest#testConstructor,0.000000
839,org.apache.commons.lang.UnhandledExceptionTest#testGetCause,0.000000
840,org.apache.commons.lang.UnhandledExceptionTest#testConstructor_stringAndThrowable_nullInput,0.000000
841,org.apache.commons.lang.UnhandledExceptionTest#testConstructor_throwable_nullInput,0.000000
842,org.apache.commons.lang.UnhandledExceptionTest#testGetCauseAndGetMessage,0.000000
843,org.apache.commons.lang.NumberUtilsTest#testCreateNumber,0.000000
844,org.apache.commons.lang.NumberUtilsTest#testIsNumberInvalidInput,0.000000
845,org.apache.commons.lang.NumberUtilsTest#testCreateFloat,0.000000
846,org.apache.commons.lang.NumberUtilsTest#testMinimumInt,0.000000
847,org.apache.commons.lang.NumberUtilsTest#testIsDigits,0.000000
848,org.apache.commons.lang.NumberUtilsTest#testCreateBigDecimal,0.000000
849,org.apache.commons.lang.NumberUtilsTest#testCompareDouble,0.000000
850,org.apache.commons.lang.NumberUtilsTest#testMinimumLong,0.000000
851,org.apache.commons.lang.NumberUtilsTest#testIsNumber,0.000000
852,org.apache.commons.lang.NumberUtilsTest#testCreateBigInteger,0.000000
853,org.apache.commons.lang.NumberUtilsTest#testCreateLong,0.000000
854,org.apache.commons.lang.NumberUtilsTest#testMaximumInt,0.000000
855,org.apache.commons.lang.NumberUtilsTest#testPublicNoArgConstructor,0.000000
856,org.apache.commons.lang.NumberUtilsTest#testMaximumLong,0.000000
857,org.apache.commons.lang.NumberUtilsTest#testStringToIntStringI,0.000000
858,org.apache.commons.lang.NumberUtilsTest#testCompareFloat,0.000000
859,org.apache.commons.lang.NumberUtilsTest#testStringToIntString,0.000000
860,org.apache.commons.lang.NumberUtilsTest#testCreateInteger,0.000000
861,org.apache.commons.lang.NumberUtilsTest#testCreateDouble,0.000000
862,org.apache.commons.lang.EntitiesPerformanceTest#testBuildArray,0.000000
863,org.apache.commons.lang.EntitiesPerformanceTest#testBuildBinary,0.000000
864,org.apache.commons.lang.EntitiesPerformanceTest#testBuildHash,0.000000
865,org.apache.commons.lang.EntitiesPerformanceTest#testBuildLookup,0.000000
866,org.apache.commons.lang.EntitiesPerformanceTest#testBuildPrimitive,0.000000
867,org.apache.commons.lang.EntitiesPerformanceTest#testBuildTree,0.000000
868,org.apache.commons.lang.EntitiesPerformanceTest#testEscapeArray,0.000000
869,org.apache.commons.lang.EntitiesPerformanceTest#testEscapeBinary,0.000000
870,org.apache.commons.lang.EntitiesPerformanceTest#testEscapeHash,0.000000
871,org.apache.commons.lang.EntitiesPerformanceTest#testEscapeLookup,0.000000
872,org.apache.commons.lang.EntitiesPerformanceTest#testEscapePrimitive,0.000000
873,org.apache.commons.lang.EntitiesPerformanceTest#testEscapeTree,0.000000
874,org.apache.commons.lang.EntitiesPerformanceTest#testLookupArray,0.000000
875,org.apache.commons.lang.EntitiesPerformanceTest#testLookupBinary,0.000000
876,org.apache.commons.lang.EntitiesPerformanceTest#testLookupHash,0.000000
877,org.apache.commons.lang.EntitiesPerformanceTest#testLookupLookup,0.000000
878,org.apache.commons.lang.EntitiesPerformanceTest#testLookupPrimitive,0.000000
879,org.apache.commons.lang.EntitiesPerformanceTest#testLookupTree,0.000000
880,org.apache.commons.lang.EntitiesPerformanceTest#testUnescapeArray,0.000000
881,org.apache.commons.lang.EntitiesPerformanceTest#testUnescapeBinary,0.000000
882,org.apache.commons.lang.EntitiesPerformanceTest#testUnescapeHash,0.000000
883,org.apache.commons.lang.EntitiesPerformanceTest#testUnescapeTree,0.000000
884,org.apache.commons.lang.CharSetTest#testConstructor_String_oddDash,0.000000
885,org.apache.commons.lang.CharSetTest#testSerialization,0.000000
886,org.apache.commons.lang.CharSetTest#testConstructor_String_simple,0.000000
887,org.apache.commons.lang.CharSetTest#testEquals_Object,0.000000
888,org.apache.commons.lang.CharSetTest#testContains_Char,0.000000
889,org.apache.commons.lang.CharSetTest#testConstructor_String_combo,0.000000
890,org.apache.commons.lang.CharSetTest#testConstructor_String_oddCombinations,0.000000
891,org.apache.commons.lang.CharSetTest#testConstructor_String_comboNegated,0.000000
892,org.apache.commons.lang.CharSetTest#testHashCode,0.000000
893,org.apache.commons.lang.CharSetTest#testConstructor_String_oddNegate,0.000000
894,org.apache.commons.lang.CharSetTest#testGetInstance,0.000000
895,org.apache.commons.lang.CharSetTest#testStatics,0.000000
896,org.apache.commons.lang.EntitiesTest#testEscapeNamedEntity,0.000000
897,org.apache.commons.lang.EntitiesTest#testPrimitiveIntMap,0.000000
898,org.apache.commons.lang.EntitiesTest#testTreeIntMap,0.000000
899,org.apache.commons.lang.EntitiesTest#testHashIntMap,0.000000
900,org.apache.commons.lang.EntitiesTest#testArrayIntMap,0.000000
901,org.apache.commons.lang.EntitiesTest#testUnescapeNamedEntity,0.000000
902,org.apache.commons.lang.EntitiesTest#testHtml40Nbsp,0.000000
903,org.apache.commons.lang.EntitiesTest#testBinaryIntMap,0.000000
904,org.apache.commons.lang.EntitiesTest#testAddEntitiesArray,0.000000
905,org.apache.commons.lang.EntitiesTest#testUnescapeUnknownEntity,0.000000
906,org.apache.commons.lang.EntitiesTest#testEntitiesXmlObject,0.000000
907,org.apache.commons.lang.EntitiesTest#testUnescapeMiscellaneous,0.000000
908,org.apache.commons.lang.text.CompositeFormatTest#testUsage,0.000000
909,org.apache.commons.lang.text.CompositeFormatTest#testCompositeFormat,0.000000
910,org.apache.commons.lang.text.StrBuilderTest#testDeleteFirst_StrMatcher,0.000000
911,org.apache.commons.lang.text.StrBuilderTest#testReplaceFirst_StrMatcher_String,0.000000
912,org.apache.commons.lang.text.StrBuilderTest#testDeleteAll_String,0.000000
913,org.apache.commons.lang.text.StrBuilderTest#testEndsWith,0.000000
914,org.apache.commons.lang.text.StrBuilderTest#testGetSetNullText,0.000000
915,org.apache.commons.lang.text.StrBuilderTest#testGetChars,0.000000
916,org.apache.commons.lang.text.StrBuilderTest#testLastIndexOf_String,0.000000
917,org.apache.commons.lang.text.StrBuilderTest#testDeleteAll_char,0.000000
918,org.apache.commons.lang.text.StrBuilderTest#testReplace_StrMatcher_String_int_int_int_VaryEndIndex,0.000000
919,org.apache.commons.lang.text.StrBuilderTest#testLastIndexOf_char_int,0.000000
920,org.apache.commons.lang.text.StrBuilderTest#testClear,0.000000
921,org.apache.commons.lang.text.StrBuilderTest#testSize,0.000000
922,org.apache.commons.lang.text.StrBuilderTest#testTrim,0.000000
923,org.apache.commons.lang.text.StrBuilderTest#testRightString,0.000000
924,org.apache.commons.lang.text.StrBuilderTest#testToString,0.000000
925,org.apache.commons.lang.text.StrBuilderTest#testConstructors,0.000000
926,org.apache.commons.lang.text.StrBuilderTest#testMinimizeCapacity,0.000000
927,org.apache.commons.lang.text.StrBuilderTest#testSubstringIntInt,0.000000
928,org.apache.commons.lang.text.StrBuilderTest#testContains_String,0.000000
929,org.apache.commons.lang.text.StrBuilderTest#testEqualsIgnoreCase,0.000000
930,org.apache.commons.lang.text.StrBuilderTest#testCapacityAndLength,0.000000
931,org.apache.commons.lang.text.StrBuilderTest#testAsReader,0.000000
932,org.apache.commons.lang.text.StrBuilderTest#testReplaceAll_String_String,0.000000
933,org.apache.commons.lang.text.StrBuilderTest#testAsWriter,0.000000
934,org.apache.commons.lang.text.StrBuilderTest#testReplaceAll_char_char,0.000000
935,org.apache.commons.lang.text.StrBuilderTest#testLastIndexOf_String_int,0.000000
936,org.apache.commons.lang.text.StrBuilderTest#testDeleteCharAt,0.000000
937,org.apache.commons.lang.text.StrBuilderTest#testReplaceFirst_String_String,0.000000
938,org.apache.commons.lang.text.StrBuilderTest#testContains_char,0.000000
939,org.apache.commons.lang.text.StrBuilderTest#testDeleteIntInt,0.000000
940,org.apache.commons.lang.text.StrBuilderTest#testReplace_StrMatcher_String_int_int_int_VaryCount,0.000000
941,org.apache.commons.lang.text.StrBuilderTest#testReplaceFirst_char_char,0.000000
942,org.apache.commons.lang.text.StrBuilderTest#testIndexOf_char,0.000000
943,org.apache.commons.lang.text.StrBuilderTest#testReplace_int_int_String,0.000000
944,org.apache.commons.lang.text.StrBuilderTest#testToCharArray,0.000000
945,org.apache.commons.lang.text.StrBuilderTest#testLastIndexOf_StrMatcher,0.000000
946,org.apache.commons.lang.text.StrBuilderTest#testIndexOf_StrMatcher_int,0.000000
947,org.apache.commons.lang.text.StrBuilderTest#testEnsureCapacity,0.000000
948,org.apache.commons.lang.text.StrBuilderTest#testDeleteFirst_String,0.000000
949,org.apache.commons.lang.text.StrBuilderTest#testMidString,0.000000
950,org.apache.commons.lang.text.StrBuilderTest#testReplaceAll_StrMatcher_String,0.000000
951,org.apache.commons.lang.text.StrBuilderTest#testCapacity,0.000000
952,org.apache.commons.lang.text.StrBuilderTest#testReverse,0.000000
953,org.apache.commons.lang.text.StrBuilderTest#testSetCharAt,0.000000
954,org.apache.commons.lang.text.StrBuilderTest#testReplace_StrMatcher_String_int_int_int_VaryStartIndex,0.000000
955,org.apache.commons.lang.text.StrBuilderTest#testHashCode,0.000000
956,org.apache.commons.lang.text.StrBuilderTest#testSubstringInt,0.000000
957,org.apache.commons.lang.text.StrBuilderTest#testSetLength,0.000000
958,org.apache.commons.lang.text.StrBuilderTest#testCharAt,0.000000
959,org.apache.commons.lang.text.StrBuilderTest#testReplace_StrMatcher_String_int_int_int_VaryMatcher,0.000000
960,org.apache.commons.lang.text.StrBuilderTest#testEquals,0.000000
961,org.apache.commons.lang.text.StrBuilderTest#testLastIndexOf_char,0.000000
962,org.apache.commons.lang.text.StrBuilderTest#testLeftString,0.000000
963,org.apache.commons.lang.text.StrBuilderTest#testIndexOf_String_int,0.000000
964,org.apache.commons.lang.text.StrBuilderTest#testContains_StrMatcher,0.000000
965,org.apache.commons.lang.text.StrBuilderTest#testLength,0.000000
966,org.apache.commons.lang.text.StrBuilderTest#testReplace_StrMatcher_String_int_int_int_VaryReplace,0.000000
967,org.apache.commons.lang.text.StrBuilderTest#testDeleteFirst_char,0.000000
968,org.apache.commons.lang.text.StrBuilderTest#testDeleteAll_StrMatcher,0.000000
969,org.apache.commons.lang.text.StrBuilderTest#testIsEmpty,0.000000
970,org.apache.commons.lang.text.StrBuilderTest#testToCharArrayIntInt,0.000000
971,org.apache.commons.lang.text.StrBuilderTest#testGetSetNewLineText,0.000000
972,org.apache.commons.lang.text.StrBuilderTest#testToStringBuffer,0.000000
973,org.apache.commons.lang.text.StrBuilderTest#testIndexOf_String,0.000000
974,org.apache.commons.lang.text.StrBuilderTest#testIndexOf_char_int,0.000000
975,org.apache.commons.lang.text.StrBuilderTest#testGetCharsIntIntCharArrayInt,0.000000
976,org.apache.commons.lang.text.StrBuilderTest#testStartsWith,0.000000
977,org.apache.commons.lang.text.StrBuilderTest#testIndexOf_StrMatcher,0.000000
978,org.apache.commons.lang.text.StrBuilderTest#testLastIndexOf_StrMatcher_int,0.000000
979,org.apache.commons.lang.text.StrBuilderTest#testChaining,0.000000
980,org.apache.commons.lang.text.StrBuilderAppendInsertTest#testAppendWithSeparators_Collection,0.000000
981,org.apache.commons.lang.text.StrBuilderAppendInsertTest#testInsertWithNullText,0.000000
982,org.apache.commons.lang.text.StrBuilderAppendInsertTest#testAppendFixedWidthPadRight_int,0.000000
983,org.apache.commons.lang.text.StrBuilderAppendInsertTest#testAppend_Primitive,0.000000
984,org.apache.commons.lang.text.StrBuilderAppendInsertTest#testAppend_StrBuilder_int_int,0.000000
985,org.apache.commons.lang.text.StrBuilderAppendInsertTest#testAppendFixedWidthPadLeft,0.000000
986,org.apache.commons.lang.text.StrBuilderAppendInsertTest#testAppendFixedWidthPadLeft_int,0.000000
987,org.apache.commons.lang.text.StrBuilderAppendInsertTest#testAppendNewLine,0.000000
988,org.apache.commons.lang.text.StrBuilderAppendInsertTest#testAppend_CharArray_int_int,0.000000
989,org.apache.commons.lang.text.StrBuilderAppendInsertTest#testAppendWithSeparators_Iterator,0.000000
990,org.apache.commons.lang.text.StrBuilderAppendInsertTest#testAppendWithNullText,0.000000
991,org.apache.commons.lang.text.StrBuilderAppendInsertTest#testAppend_StrBuilder,0.000000
992,org.apache.commons.lang.text.StrBuilderAppendInsertTest#testAppend_StringBuffer,0.000000
993,org.apache.commons.lang.text.StrBuilderAppendInsertTest#testAppendWithSeparatorsWithNullText,0.000000
994,org.apache.commons.lang.text.StrBuilderAppendInsertTest#testAppend_Object,0.000000
995,org.apache.commons.lang.text.StrBuilderAppendInsertTest#testAppend_StringBuffer_int_int,0.000000
996,org.apache.commons.lang.text.StrBuilderAppendInsertTest#testAppendPadding,0.000000
997,org.apache.commons.lang.text.StrBuilderAppendInsertTest#testAppend_String,0.000000
998,org.apache.commons.lang.text.StrBuilderAppendInsertTest#testAppend_String_int_int,0.000000
999,org.apache.commons.lang.text.StrBuilderAppendInsertTest#testAppend_PrimitiveNumber,0.000000
1000,org.apache.commons.lang.text.StrBuilderAppendInsertTest#testInsert,0.000000
1001,org.apache.commons.lang.text.StrBuilderAppendInsertTest#testAppendFixedWidthPadRight,0.000000
1002,org.apache.commons.lang.text.StrBuilderAppendInsertTest#testAppend_CharArray,0.000000
1003,org.apache.commons.lang.text.StrBuilderAppendInsertTest#testAppendWithSeparators_Array,0.000000
1004,org.apache.commons.lang.text.VariableFormatterTest#testNonInstanceMethods,0.000000
1005,org.apache.commons.lang.text.VariableFormatterTest#testCyclicReplacement,0.000000
1006,org.apache.commons.lang.text.VariableFormatterTest#testReplaceObject,0.000000
1007,org.apache.commons.lang.text.VariableFormatterTest#testRecursiveReplacement,0.000000
1008,org.apache.commons.lang.text.VariableFormatterTest#testReplaceNoMarkers,0.000000
1009,org.apache.commons.lang.text.VariableFormatterTest#testReplaceCharArray,0.000000
1010,org.apache.commons.lang.text.VariableFormatterTest#testReplaceSystemProperties,0.000000
1011,org.apache.commons.lang.text.VariableFormatterTest#testNoResolver,0.000000
1012,org.apache.commons.lang.text.VariableFormatterTest#testInitialize,0.000000
1013,org.apache.commons.lang.text.VariableFormatterTest#testReplaceWeirdPattens,0.000000
1014,org.apache.commons.lang.text.VariableFormatterTest#testReplaceEmptyKeys,0.000000
1015,org.apache.commons.lang.text.VariableFormatterTest#testNonDefaultTokens,0.000000
1016,org.apache.commons.lang.text.VariableFormatterTest#testReplaceNoEscape,0.000000
1017,org.apache.commons.lang.text.VariableFormatterTest#testReplace,0.000000
1018,org.apache.commons.lang.text.VariableFormatterTest#testReplaceNoPrefix,0.000000
1019,org.apache.commons.lang.text.VariableFormatterTest#testReplaceNoSuffix,0.000000
1020,org.apache.commons.lang.text.VariableFormatterTest#testEscape,0.000000
1021,org.apache.commons.lang.text.VariableFormatterTest#testReplaceNothing,0.000000
1022,org.apache.commons.lang.text.VariableFormatterTest#testNullMap,0.000000
1023,org.apache.commons.lang.text.StrMatcherTest#testSingleQuoteMatcher,0.000000
1024,org.apache.commons.lang.text.StrMatcherTest#testTrimMatcher,0.000000
1025,org.apache.commons.lang.text.StrMatcherTest#testCommaMatcher,0.000000
1026,org.apache.commons.lang.text.StrMatcherTest#testCharMatcher_char,0.000000
1027,org.apache.commons.lang.text.StrMatcherTest#testCharSetMatcher_String,0.000000
1028,org.apache.commons.lang.text.StrMatcherTest#testNoneMatcher,0.000000
1029,org.apache.commons.lang.text.StrMatcherTest#testTabMatcher,0.000000
1030,org.apache.commons.lang.text.StrMatcherTest#testMatcherIndices,0.000000
1031,org.apache.commons.lang.text.StrMatcherTest#testStringMatcher_String,0.000000
1032,org.apache.commons.lang.text.StrMatcherTest#testSpaceMatcher,0.000000
1033,org.apache.commons.lang.text.StrMatcherTest#testQuoteMatcher,0.000000
1034,org.apache.commons.lang.text.StrMatcherTest#testSplitMatcher,0.000000
1035,org.apache.commons.lang.text.StrMatcherTest#testDoubleQuoteMatcher,0.000000
1036,org.apache.commons.lang.text.StrMatcherTest#testCharSetMatcher_charArray,0.000000
1037,org.apache.commons.lang.text.StrTokenizerTest#testCSVSimple,0.000000
1038,org.apache.commons.lang.text.StrTokenizerTest#testBasicDelim1,0.000000
1039,org.apache.commons.lang.text.StrTokenizerTest#testBasicDelim2,0.000000
1040,org.apache.commons.lang.text.StrTokenizerTest#testBasicEmpty1,0.000000
1041,org.apache.commons.lang.text.StrTokenizerTest#testBasicEmpty2,0.000000
1042,org.apache.commons.lang.text.StrTokenizerTest#testConstructor_charArray_char,0.000000
1043,org.apache.commons.lang.text.StrTokenizerTest#testTSV,0.000000
1044,org.apache.commons.lang.text.StrTokenizerTest#testIteration,0.000000
1045,org.apache.commons.lang.text.StrTokenizerTest#testConstructor_String_char_char,0.000000
1046,org.apache.commons.lang.text.StrTokenizerTest#testReset,0.000000
1047,org.apache.commons.lang.text.StrTokenizerTest#testReset_charArray,0.000000
1048,org.apache.commons.lang.text.StrTokenizerTest#testBasicQuoted1,0.000000
1049,org.apache.commons.lang.text.StrTokenizerTest#testBasicQuoted2,0.000000
1050,org.apache.commons.lang.text.StrTokenizerTest#testBasicQuoted3,0.000000
1051,org.apache.commons.lang.text.StrTokenizerTest#testBasicQuoted4,0.000000
1052,org.apache.commons.lang.text.StrTokenizerTest#testBasicQuoted5,0.000000
1053,org.apache.commons.lang.text.StrTokenizerTest#testBasicQuoted6,0.000000
1054,org.apache.commons.lang.text.StrTokenizerTest#testBasicQuoted7,0.000000
1055,org.apache.commons.lang.text.StrTokenizerTest#testCloneNotSupportedException,0.000000
1056,org.apache.commons.lang.text.StrTokenizerTest#testReset_String,0.000000
1057,org.apache.commons.lang.text.StrTokenizerTest#testTSVEmpty,0.000000
1058,org.apache.commons.lang.text.StrTokenizerTest#testConstructor_String,0.000000
1059,org.apache.commons.lang.text.StrTokenizerTest#testCloneNull,0.000000
1060,org.apache.commons.lang.text.StrTokenizerTest#test1,0.000000
1061,org.apache.commons.lang.text.StrTokenizerTest#test2,0.000000
1062,org.apache.commons.lang.text.StrTokenizerTest#test3,0.000000
1063,org.apache.commons.lang.text.StrTokenizerTest#test4,0.000000
1064,org.apache.commons.lang.text.StrTokenizerTest#test5,0.000000
1065,org.apache.commons.lang.text.StrTokenizerTest#test6,0.000000
1066,org.apache.commons.lang.text.StrTokenizerTest#test7,0.000000
1067,org.apache.commons.lang.text.StrTokenizerTest#test8,0.000000
1068,org.apache.commons.lang.text.StrTokenizerTest#testConstructor_String_char,0.000000
1069,org.apache.commons.lang.text.StrTokenizerTest#testCSVEmpty,0.000000
1070,org.apache.commons.lang.text.StrTokenizerTest#testConstructor_charArray,0.000000
1071,org.apache.commons.lang.text.StrTokenizerTest#testConstructor_charArray_char_char,0.000000
1072,org.apache.commons.lang.text.StrTokenizerTest#testCSVSimpleNeedsTrim,0.000000
1073,org.apache.commons.lang.text.StrTokenizerTest#testBasicIgnoreTrimmed1,0.000000
1074,org.apache.commons.lang.text.StrTokenizerTest#testBasicIgnoreTrimmed2,0.000000
1075,org.apache.commons.lang.text.StrTokenizerTest#testBasicIgnoreTrimmed3,0.000000
1076,org.apache.commons.lang.text.StrTokenizerTest#testBasicIgnoreTrimmed4,0.000000
1077,org.apache.commons.lang.text.StrTokenizerTest#testBasicQuotedTrimmed1,0.000000
1078,org.apache.commons.lang.text.StrTokenizerTest#testBasic1,0.000000
1079,org.apache.commons.lang.text.StrTokenizerTest#testBasic2,0.000000
1080,org.apache.commons.lang.text.StrTokenizerTest#testBasic3,0.000000
1081,org.apache.commons.lang.text.StrTokenizerTest#testBasic4,0.000000
1082,org.apache.commons.lang.text.StrTokenizerTest#testBasic5,0.000000
1083,org.apache.commons.lang.text.StrTokenizerTest#testGetContent,0.000000
1084,org.apache.commons.lang.text.StrTokenizerTest#testCloneReset,0.000000
1085,org.apache.commons.lang.text.StrTokenizerTest#testBasicTrimmed1,0.000000
1086,org.apache.commons.lang.text.StrTokenizerTest#testBasicTrimmed2,0.000000
1087,org.apache.commons.lang.text.StrTokenizerTest#testChaining,0.000000
1088,org.apache.commons.lang.CharEncodingTest#testMustBeSupportedJava1_3_1,0.000000
1089,org.apache.commons.lang.CharEncodingTest#testNotSupported,0.000000
1090,org.apache.commons.lang.CharEncodingTest#testWorksOnJava1_1_8,0.000000
1091,org.apache.commons.lang.CharEncodingTest#testWorksOnJava1_2_2,0.000000
1092,org.apache.commons.lang.CharEncodingTest#testConstructor,0.000000
1093,org.apache.commons.lang.builder.HashCodeBuilderTest#testCharArray,0.000000
1094,org.apache.commons.lang.builder.HashCodeBuilderTest#testObjectArray,0.000000
1095,org.apache.commons.lang.builder.HashCodeBuilderTest#testCharArrayAsObject,0.000000
1096,org.apache.commons.lang.builder.HashCodeBuilderTest#testFloatArray,0.000000
1097,org.apache.commons.lang.builder.HashCodeBuilderTest#testInt,0.000000
1098,org.apache.commons.lang.builder.HashCodeBuilderTest#testByteArray,0.000000
1099,org.apache.commons.lang.builder.HashCodeBuilderTest#testFloat,0.000000
1100,org.apache.commons.lang.builder.HashCodeBuilderTest#testShort,0.000000
1101,org.apache.commons.lang.builder.HashCodeBuilderTest#testSuper,0.000000
1102,org.apache.commons.lang.builder.HashCodeBuilderTest#testByte,0.000000
1103,org.apache.commons.lang.builder.HashCodeBuilderTest#testChar,0.000000
1104,org.apache.commons.lang.builder.HashCodeBuilderTest#testLong,0.000000
1105,org.apache.commons.lang.builder.HashCodeBuilderTest#testFloatArrayAsObject,0.000000
1106,org.apache.commons.lang.builder.HashCodeBuilderTest#testIntArrayAsObject,0.000000
1107,org.apache.commons.lang.builder.HashCodeBuilderTest#testReflectionHashCodeEx1,0.000000
1108,org.apache.commons.lang.builder.HashCodeBuilderTest#testReflectionHashCodeEx2,0.000000
1109,org.apache.commons.lang.builder.HashCodeBuilderTest#testReflectionHashCodeEx3,0.000000
1110,org.apache.commons.lang.builder.HashCodeBuilderTest#testBoolean,0.000000
1111,org.apache.commons.lang.builder.HashCodeBuilderTest#testBooleanArray,0.000000
1112,org.apache.commons.lang.builder.HashCodeBuilderTest#testDoubleArrayAsObject,0.000000
1113,org.apache.commons.lang.builder.HashCodeBuilderTest#testReflectionHierarchyHashCodeEx1,0.000000
1114,org.apache.commons.lang.builder.HashCodeBuilderTest#testReflectionHierarchyHashCodeEx2,0.000000
1115,org.apache.commons.lang.builder.HashCodeBuilderTest#testConstructorEx1,0.000000
1116,org.apache.commons.lang.builder.HashCodeBuilderTest#testConstructorEx2,0.000000
1117,org.apache.commons.lang.builder.HashCodeBuilderTest#testReflectionHierarchyHashCode,0.000000
1118,org.apache.commons.lang.builder.HashCodeBuilderTest#testObjectArrayAsObject,0.000000
1119,org.apache.commons.lang.builder.HashCodeBuilderTest#testBooleanMultiArray,0.000000
1120,org.apache.commons.lang.builder.HashCodeBuilderTest#testLongArray,0.000000
1121,org.apache.commons.lang.builder.HashCodeBuilderTest#testShortArray,0.000000
1122,org.apache.commons.lang.builder.HashCodeBuilderTest#testIntArray,0.000000
1123,org.apache.commons.lang.builder.HashCodeBuilderTest#testDouble,0.000000
1124,org.apache.commons.lang.builder.HashCodeBuilderTest#testReflectionHashCode,0.000000
1125,org.apache.commons.lang.builder.HashCodeBuilderTest#testObject,0.000000
1126,org.apache.commons.lang.builder.HashCodeBuilderTest#testLongArrayAsObject,0.000000
1127,org.apache.commons.lang.builder.HashCodeBuilderTest#testByteArrayAsObject,0.000000
1128,org.apache.commons.lang.builder.HashCodeBuilderTest#testReflectionHashCodeExcludeFields,0.000000
1129,org.apache.commons.lang.builder.HashCodeBuilderTest#testShortArrayAsObject,0.000000
1130,org.apache.commons.lang.builder.HashCodeBuilderTest#testDoubleArray,0.000000
1131,org.apache.commons.lang.builder.HashCodeBuilderTest#testBooleanArrayAsObject,0.000000
1132,org.apache.commons.lang.builder.StandardToStringStyleTest#testObjectArray,0.000000
1133,org.apache.commons.lang.builder.StandardToStringStyleTest#testBlank,0.000000
1134,org.apache.commons.lang.builder.StandardToStringStyleTest#testLong,0.000000
1135,org.apache.commons.lang.builder.StandardToStringStyleTest#testLongArrayArray,0.000000
1136,org.apache.commons.lang.builder.StandardToStringStyleTest#testLongArray,0.000000
1137,org.apache.commons.lang.builder.StandardToStringStyleTest#testObject,0.000000
1138,org.apache.commons.lang.builder.StandardToStringStyleTest#testAppendSuper,0.000000
1139,org.apache.commons.lang.builder.NoFieldNamesToStringStyleTest#testObjectArray,0.000000
1140,org.apache.commons.lang.builder.NoFieldNamesToStringStyleTest#testBlank,0.000000
1141,org.apache.commons.lang.builder.NoFieldNamesToStringStyleTest#testLong,0.000000
1142,org.apache.commons.lang.builder.NoFieldNamesToStringStyleTest#testLongArrayArray,0.000000
1143,org.apache.commons.lang.builder.NoFieldNamesToStringStyleTest#testLongArray,0.000000
1144,org.apache.commons.lang.builder.NoFieldNamesToStringStyleTest#testObject,0.000000
1145,org.apache.commons.lang.builder.NoFieldNamesToStringStyleTest#testAppendSuper,0.000000
1146,org.apache.commons.lang.builder.ToStringBuilderTest#testCharArray,0.000000
1147,org.apache.commons.lang.builder.ToStringBuilderTest#testReflectionNull,0.000000
1148,org.apache.commons.lang.builder.ToStringBuilderTest#testDoubleArrayArray,0.000000
1149,org.apache.commons.lang.builder.ToStringBuilderTest#testReflectionBoolean,0.000000
1150,org.apache.commons.lang.builder.ToStringBuilderTest#testObjectArray,0.000000
1151,org.apache.commons.lang.builder.ToStringBuilderTest#testReflectionHierarchy,0.000000
1152,org.apache.commons.lang.builder.ToStringBuilderTest#testSelfInstanceTwoVarsReflectionObjectCycle,0.000000
1153,org.apache.commons.lang.builder.ToStringBuilderTest#testShortArrayArray,0.000000
1154,org.apache.commons.lang.builder.ToStringBuilderTest#testBooleanArrayArray,0.000000
1155,org.apache.commons.lang.builder.ToStringBuilderTest#testFloatArray,0.000000
1156,org.apache.commons.lang.builder.ToStringBuilderTest#testInt,0.000000
1157,org.apache.commons.lang.builder.ToStringBuilderTest#testByteArray,0.000000
1158,org.apache.commons.lang.builder.ToStringBuilderTest#testReflectionArrayCycle,0.000000
1159,org.apache.commons.lang.builder.ToStringBuilderTest#testReflectionLongArrayArray,0.000000
1160,org.apache.commons.lang.builder.ToStringBuilderTest#testBlank,0.000000
1161,org.apache.commons.lang.builder.ToStringBuilderTest#testFloat,0.000000
1162,org.apache.commons.lang.builder.ToStringBuilderTest#testShort,0.000000
1163,org.apache.commons.lang.builder.ToStringBuilderTest#testReflectionArrayArrayCycle,0.000000
1164,org.apache.commons.lang.builder.ToStringBuilderTest#testByte,0.000000
1165,org.apache.commons.lang.builder.ToStringBuilderTest#testChar,0.000000
1166,org.apache.commons.lang.builder.ToStringBuilderTest#testLong,0.000000
1167,org.apache.commons.lang.builder.ToStringBuilderTest#testReflectionFloatArray,0.000000
1168,org.apache.commons.lang.builder.ToStringBuilderTest#testLongArrayArray,0.000000
1169,org.apache.commons.lang.builder.ToStringBuilderTest#testBoolean,0.000000
1170,org.apache.commons.lang.builder.ToStringBuilderTest#testReflectionDoubleArrayArray,0.000000
1171,org.apache.commons.lang.builder.ToStringBuilderTest#testReflectionBooleanArray,0.000000
1172,org.apache.commons.lang.builder.ToStringBuilderTest#testReflectionInteger,0.000000
1173,org.apache.commons.lang.builder.ToStringBuilderTest#testBooleanArray,0.000000
1174,org.apache.commons.lang.builder.ToStringBuilderTest#testFloatArrayArray,0.000000
1175,org.apache.commons.lang.builder.ToStringBuilderTest#testReflectionyteArray,0.000000
1176,org.apache.commons.lang.builder.ToStringBuilderTest#testReflectionDoubleArray,0.000000
1177,org.apache.commons.lang.builder.ToStringBuilderTest#testReflectionIntArrayArray,0.000000
1178,org.apache.commons.lang.builder.ToStringBuilderTest#testSimpleReflectionStatics,0.000000
1179,org.apache.commons.lang.builder.ToStringBuilderTest#testReflectionStatics,0.000000
1180,org.apache.commons.lang.builder.ToStringBuilderTest#testReflectionLongArray,0.000000
1181,org.apache.commons.lang.builder.ToStringBuilderTest#testReflectionhortArrayArray,0.000000
1182,org.apache.commons.lang.builder.ToStringBuilderTest#testConstructorEx1,0.000000
1183,org.apache.commons.lang.builder.ToStringBuilderTest#testConstructorEx2,0.000000
1184,org.apache.commons.lang.builder.ToStringBuilderTest#testConstructorEx3,0.000000
1185,org.apache.commons.lang.builder.ToStringBuilderTest#testReflectionObjectArray,0.000000
1186,org.apache.commons.lang.builder.ToStringBuilderTest#testReflectionObjectCycle,0.000000
1187,org.apache.commons.lang.builder.ToStringBuilderTest#testReflectionBooleanArrayArray,0.000000
1188,org.apache.commons.lang.builder.ToStringBuilderTest#testLongArray,0.000000
1189,org.apache.commons.lang.builder.ToStringBuilderTest#testSimpleReflectionObjectCycle,0.000000
1190,org.apache.commons.lang.builder.ToStringBuilderTest#testShortArray,0.000000
1191,org.apache.commons.lang.builder.ToStringBuilderTest#testIntArrayArray,0.000000
1192,org.apache.commons.lang.builder.ToStringBuilderTest#testInheritedReflectionStatics,0.000000
1193,org.apache.commons.lang.builder.ToStringBuilderTest#testReflectionByteArrayArray,0.000000
1194,org.apache.commons.lang.builder.ToStringBuilderTest#testReflectionArrayCycleLevel2,0.000000
1195,org.apache.commons.lang.builder.ToStringBuilderTest#testAppendToString,0.000000
1196,org.apache.commons.lang.builder.ToStringBuilderTest#testReflectionArrayAndObjectCycle,0.000000
1197,org.apache.commons.lang.builder.ToStringBuilderTest#testSetDefaultEx,0.000000
1198,org.apache.commons.lang.builder.ToStringBuilderTest#testReflectionCharArrayArray,0.000000
1199,org.apache.commons.lang.builder.ToStringBuilderTest#testIntArray,0.000000
1200,org.apache.commons.lang.builder.ToStringBuilderTest#testDouble,0.000000
1201,org.apache.commons.lang.builder.ToStringBuilderTest#testByteArrayArray,0.000000
1202,org.apache.commons.lang.builder.ToStringBuilderTest#testReflectionShortArray,0.000000
1203,org.apache.commons.lang.builder.ToStringBuilderTest#testCharArrayArray,0.000000
1204,org.apache.commons.lang.builder.ToStringBuilderTest#testSelfInstanceVarReflectionObjectCycle,0.000000
1205,org.apache.commons.lang.builder.ToStringBuilderTest#testObject,0.000000
1206,org.apache.commons.lang.builder.ToStringBuilderTest#testAppendSuper,0.000000
1207,org.apache.commons.lang.builder.ToStringBuilderTest#testReflectionIntArray,0.000000
1208,org.apache.commons.lang.builder.ToStringBuilderTest#testReflectionCharArray,0.000000
1209,org.apache.commons.lang.builder.ToStringBuilderTest#testGetSetDefault,0.000000
1210,org.apache.commons.lang.builder.ToStringBuilderTest#testInnerClassReflection,0.000000
1211,org.apache.commons.lang.builder.ToStringBuilderTest#testReflectionCharacter,0.000000
1212,org.apache.commons.lang.builder.ToStringBuilderTest#testDoubleArray,0.000000
1213,org.apache.commons.lang.builder.ToStringBuilderTest#testReflectionFloatArrayArray,0.000000
1214,org.apache.commons.lang.builder.SimpleToStringStyleTest#testObjectArray,0.000000
1215,org.apache.commons.lang.builder.SimpleToStringStyleTest#testBlank,0.000000
1216,org.apache.commons.lang.builder.SimpleToStringStyleTest#testLong,0.000000
1217,org.apache.commons.lang.builder.SimpleToStringStyleTest#testLongArrayArray,0.000000
1218,org.apache.commons.lang.builder.SimpleToStringStyleTest#testLongArray,0.000000
1219,org.apache.commons.lang.builder.SimpleToStringStyleTest#testObject,0.000000
1220,org.apache.commons.lang.builder.SimpleToStringStyleTest#testAppendSuper,0.000000
1221,org.apache.commons.lang.builder.CompareToBuilderTest#testCharArray,0.000000
1222,org.apache.commons.lang.builder.CompareToBuilderTest#testObjectArray,0.000000
1223,org.apache.commons.lang.builder.CompareToBuilderTest#testFloatArray,0.000000
1224,org.apache.commons.lang.builder.CompareToBuilderTest#testReflectionHierarchyCompareExcludeFields,0.000000
1225,org.apache.commons.lang.builder.CompareToBuilderTest#testObjectComparatorNull,0.000000
1226,org.apache.commons.lang.builder.CompareToBuilderTest#testReflectionHierarchyCompare,0.000000
1227,org.apache.commons.lang.builder.CompareToBuilderTest#testMultiCharArray,0.000000
1228,org.apache.commons.lang.builder.CompareToBuilderTest#testByteArrayHiddenByObject,0.000000
1229,org.apache.commons.lang.builder.CompareToBuilderTest#testInt,0.000000
1230,org.apache.commons.lang.builder.CompareToBuilderTest#testByteArray,0.000000
1231,org.apache.commons.lang.builder.CompareToBuilderTest#testRaggedArray,0.000000
1232,org.apache.commons.lang.builder.CompareToBuilderTest#testFloat,0.000000
1233,org.apache.commons.lang.builder.CompareToBuilderTest#testShort,0.000000
1234,org.apache.commons.lang.builder.CompareToBuilderTest#testByte,0.000000
1235,org.apache.commons.lang.builder.CompareToBuilderTest#testChar,0.000000
1236,org.apache.commons.lang.builder.CompareToBuilderTest#testLong,0.000000
1237,org.apache.commons.lang.builder.CompareToBuilderTest#testReflectionCompare,0.000000
1238,org.apache.commons.lang.builder.CompareToBuilderTest#testObjectArrayHiddenByObject,0.000000
1239,org.apache.commons.lang.builder.CompareToBuilderTest#testShortArrayHiddenByObject,0.000000
1240,org.apache.commons.lang.builder.CompareToBuilderTest#testMultiByteArray,0.000000
1241,org.apache.commons.lang.builder.CompareToBuilderTest#testMultiBooleanArray,0.000000
1242,org.apache.commons.lang.builder.CompareToBuilderTest#testReflectionCompareEx1,0.000000
1243,org.apache.commons.lang.builder.CompareToBuilderTest#testReflectionCompareEx2,0.000000
1244,org.apache.commons.lang.builder.CompareToBuilderTest#testLongArrayHiddenByObject,0.000000
1245,org.apache.commons.lang.builder.CompareToBuilderTest#testObjectEx2,0.000000
1246,org.apache.commons.lang.builder.CompareToBuilderTest#testCharArrayHiddenByObject,0.000000
1247,org.apache.commons.lang.builder.CompareToBuilderTest#testMultiFloatArray,0.000000
1248,org.apache.commons.lang.builder.CompareToBuilderTest#testMixedArray,0.000000
1249,org.apache.commons.lang.builder.CompareToBuilderTest#testBoolean,0.000000
1250,org.apache.commons.lang.builder.CompareToBuilderTest#testMultiIntArray,0.000000
1251,org.apache.commons.lang.builder.CompareToBuilderTest#testBooleanArray,0.000000
1252,org.apache.commons.lang.builder.CompareToBuilderTest#testBooleanArrayHiddenByObject,0.000000
1253,org.apache.commons.lang.builder.CompareToBuilderTest#testIntArrayHiddenByObject,0.000000
1254,org.apache.commons.lang.builder.CompareToBuilderTest#testLongArray,0.000000
1255,org.apache.commons.lang.builder.CompareToBuilderTest#testReflectionHierarchyCompareTransients,0.000000
1256,org.apache.commons.lang.builder.CompareToBuilderTest#testShortArray,0.000000
1257,org.apache.commons.lang.builder.CompareToBuilderTest#testMultiLongArray,0.000000
1258,org.apache.commons.lang.builder.CompareToBuilderTest#testFloatArrayHiddenByObject,0.000000
1259,org.apache.commons.lang.builder.CompareToBuilderTest#testIntArray,0.000000
1260,org.apache.commons.lang.builder.CompareToBuilderTest#testObjectComparator,0.000000
1261,org.apache.commons.lang.builder.CompareToBuilderTest#testDouble,0.000000
1262,org.apache.commons.lang.builder.CompareToBuilderTest#testDoubleArrayHiddenByObject,0.000000
1263,org.apache.commons.lang.builder.CompareToBuilderTest#testObject,0.000000
1264,org.apache.commons.lang.builder.CompareToBuilderTest#testMultiDoubleArray,0.000000
1265,org.apache.commons.lang.builder.CompareToBuilderTest#testAppendSuper,0.000000
1266,org.apache.commons.lang.builder.CompareToBuilderTest#testMultiShortArray,0.000000
1267,org.apache.commons.lang.builder.CompareToBuilderTest#testDoubleArray,0.000000
1268,org.apache.commons.lang.builder.EqualsBuilderTest#testCharArray,0.000000
1269,org.apache.commons.lang.builder.EqualsBuilderTest#testObjectArray,0.000000
1270,org.apache.commons.lang.builder.EqualsBuilderTest#testFloatArray,0.000000
1271,org.apache.commons.lang.builder.EqualsBuilderTest#testMultiCharArray,0.000000
1272,org.apache.commons.lang.builder.EqualsBuilderTest#testByteArrayHiddenByObject,0.000000
1273,org.apache.commons.lang.builder.EqualsBuilderTest#testReflectionEquals,0.000000
1274,org.apache.commons.lang.builder.EqualsBuilderTest#testAccessors,0.000000
1275,org.apache.commons.lang.builder.EqualsBuilderTest#testInt,0.000000
1276,org.apache.commons.lang.builder.EqualsBuilderTest#testByteArray,0.000000
1277,org.apache.commons.lang.builder.EqualsBuilderTest#testRaggedArray,0.000000
1278,org.apache.commons.lang.builder.EqualsBuilderTest#testFloat,0.000000
1279,org.apache.commons.lang.builder.EqualsBuilderTest#testShort,0.000000
1280,org.apache.commons.lang.builder.EqualsBuilderTest#testSuper,0.000000
1281,org.apache.commons.lang.builder.EqualsBuilderTest#testByte,0.000000
1282,org.apache.commons.lang.builder.EqualsBuilderTest#testChar,0.000000
1283,org.apache.commons.lang.builder.EqualsBuilderTest#testLong,0.000000
1284,org.apache.commons.lang.builder.EqualsBuilderTest#testObjectArrayHiddenByObject,0.000000
1285,org.apache.commons.lang.builder.EqualsBuilderTest#testShortArrayHiddenByObject,0.000000
1286,org.apache.commons.lang.builder.EqualsBuilderTest#testMultiByteArray,0.000000
1287,org.apache.commons.lang.builder.EqualsBuilderTest#testMultiBooleanArray,0.000000
1288,org.apache.commons.lang.builder.EqualsBuilderTest#testLongArrayHiddenByObject,0.000000
1289,org.apache.commons.lang.builder.EqualsBuilderTest#testCharArrayHiddenByObject,0.000000
1290,org.apache.commons.lang.builder.EqualsBuilderTest#testReflectionEqualsExcludeFields,0.000000
1291,org.apache.commons.lang.builder.EqualsBuilderTest#testMultiFloatArray,0.000000
1292,org.apache.commons.lang.builder.EqualsBuilderTest#testMixedArray,0.000000
1293,org.apache.commons.lang.builder.EqualsBuilderTest#testBoolean,0.000000
1294,org.apache.commons.lang.builder.EqualsBuilderTest#testMultiIntArray,0.000000
1295,org.apache.commons.lang.builder.EqualsBuilderTest#testBooleanArray,0.000000
1296,org.apache.commons.lang.builder.EqualsBuilderTest#testBooleanArrayHiddenByObject,0.000000
1297,org.apache.commons.lang.builder.EqualsBuilderTest#testIntArrayHiddenByObject,0.000000
1298,org.apache.commons.lang.builder.EqualsBuilderTest#testUnrelatedClasses,0.000000
1299,org.apache.commons.lang.builder.EqualsBuilderTest#testLongArray,0.000000
1300,org.apache.commons.lang.builder.EqualsBuilderTest#testShortArray,0.000000
1301,org.apache.commons.lang.builder.EqualsBuilderTest#testNpeForNullElement,0.000000
1302,org.apache.commons.lang.builder.EqualsBuilderTest#testMultiLongArray,0.000000
1303,org.apache.commons.lang.builder.EqualsBuilderTest#testFloatArrayHiddenByObject,0.000000
1304,org.apache.commons.lang.builder.EqualsBuilderTest#testIntArray,0.000000
1305,org.apache.commons.lang.builder.EqualsBuilderTest#testDouble,0.000000
1306,org.apache.commons.lang.builder.EqualsBuilderTest#testReflectionHierarchyEquals,0.000000
1307,org.apache.commons.lang.builder.EqualsBuilderTest#testDoubleArrayHiddenByObject,0.000000
1308,org.apache.commons.lang.builder.EqualsBuilderTest#testObject,0.000000
1309,org.apache.commons.lang.builder.EqualsBuilderTest#testMultiDoubleArray,0.000000
1310,org.apache.commons.lang.builder.EqualsBuilderTest#testMultiShortArray,0.000000
1311,org.apache.commons.lang.builder.EqualsBuilderTest#testDoubleArray,0.000000
1312,org.apache.commons.lang.builder.DefaultToStringStyleTest#testObjectArray,0.000000
1313,org.apache.commons.lang.builder.DefaultToStringStyleTest#testBlank,0.000000
1314,org.apache.commons.lang.builder.DefaultToStringStyleTest#testLong,0.000000
1315,org.apache.commons.lang.builder.DefaultToStringStyleTest#testLongArrayArray,0.000000
1316,org.apache.commons.lang.builder.DefaultToStringStyleTest#testLongArray,0.000000
1317,org.apache.commons.lang.builder.DefaultToStringStyleTest#testObject,0.000000
1318,org.apache.commons.lang.builder.DefaultToStringStyleTest#testAppendSuper,0.000000
1319,org.apache.commons.lang.builder.ShortPrefixToStringStyleTest#testObjectArray,0.000000
1320,org.apache.commons.lang.builder.ShortPrefixToStringStyleTest#testBlank,0.000000
1321,org.apache.commons.lang.builder.ShortPrefixToStringStyleTest#testLong,0.000000
1322,org.apache.commons.lang.builder.ShortPrefixToStringStyleTest#testLongArrayArray,0.000000
1323,org.apache.commons.lang.builder.ShortPrefixToStringStyleTest#testLongArray,0.000000
1324,org.apache.commons.lang.builder.ShortPrefixToStringStyleTest#testObject,0.000000
1325,org.apache.commons.lang.builder.ShortPrefixToStringStyleTest#testAppendSuper,0.000000
1326,org.apache.commons.lang.builder.ReflectionToStringBuilderExcludeTest#test_toStringExcludeEmptyCollection,0.000000
1327,org.apache.commons.lang.builder.ReflectionToStringBuilderExcludeTest#test_toStringExcludeArrayWithNull,0.000000
1328,org.apache.commons.lang.builder.ReflectionToStringBuilderExcludeTest#test_toStringExcludeArray,0.000000
1329,org.apache.commons.lang.builder.ReflectionToStringBuilderExcludeTest#test_toStringExcludeNullCollection,0.000000
1330,org.apache.commons.lang.builder.ReflectionToStringBuilderExcludeTest#test_toStringExcludeCollection,0.000000
1331,org.apache.commons.lang.builder.ReflectionToStringBuilderExcludeTest#test_toStringExcludeNullArray,0.000000
1332,org.apache.commons.lang.builder.ReflectionToStringBuilderExcludeTest#test_toStringExcludeEmptyArray,0.000000
1333,org.apache.commons.lang.builder.ReflectionToStringBuilderExcludeTest#test_toStringExclude,0.000000
1334,org.apache.commons.lang.builder.ReflectionToStringBuilderExcludeTest#test_toStringExcludeCollectionWithNulls,0.000000
1335,org.apache.commons.lang.builder.ReflectionToStringBuilderExcludeTest#test_toStringExcludeArrayWithNulls,0.000000
1336,org.apache.commons.lang.builder.ReflectionToStringBuilderExcludeTest#test_toStringExcludeCollectionWithNull,0.000000
1337,org.apache.commons.lang.builder.ToStringStyleTest#testSetContentEnd,0.000000
1338,org.apache.commons.lang.builder.ToStringStyleTest#testSetSizeStartText,0.000000
1339,org.apache.commons.lang.builder.ToStringStyleTest#testSetContentStart,0.000000
1340,org.apache.commons.lang.builder.ToStringStyleTest#testSetNullText,0.000000
1341,org.apache.commons.lang.builder.ToStringStyleTest#testSetSizeEndText,0.000000
1342,org.apache.commons.lang.builder.ToStringStyleTest#testSetFieldNameValueSeparator,0.000000
1343,org.apache.commons.lang.builder.ToStringStyleTest#testSetArrayEnd,0.000000
1344,org.apache.commons.lang.builder.ToStringStyleTest#testSetSummaryObjectStartText,0.000000
1345,org.apache.commons.lang.builder.ToStringStyleTest#testSetFieldSeparator,0.000000
1346,org.apache.commons.lang.builder.ToStringStyleTest#testSetArraySeparator,0.000000
1347,org.apache.commons.lang.builder.ToStringStyleTest#testSetArrayStart,0.000000
1348,org.apache.commons.lang.builder.ToStringStyleTest#testSetSummaryObjectEndText,0.000000
1349,org.apache.commons.lang.builder.HashCodeBuilderAndEqualsBuilderTest#testIntegerWithTransients,0.000000
1350,org.apache.commons.lang.builder.HashCodeBuilderAndEqualsBuilderTest#testFixture,0.000000
1351,org.apache.commons.lang.builder.HashCodeBuilderAndEqualsBuilderTest#testFixtureWithTransients,0.000000
1352,org.apache.commons.lang.builder.HashCodeBuilderAndEqualsBuilderTest#testInteger,0.000000
1353,org.apache.commons.lang.builder.MultiLineToStringStyleTest#testObjectArray,0.000000
1354,org.apache.commons.lang.builder.MultiLineToStringStyleTest#testBlank,0.000000
1355,org.apache.commons.lang.builder.MultiLineToStringStyleTest#testLong,0.000000
1356,org.apache.commons.lang.builder.MultiLineToStringStyleTest#testLongArrayArray,0.000000
1357,org.apache.commons.lang.builder.MultiLineToStringStyleTest#testLongArray,0.000000
1358,org.apache.commons.lang.builder.MultiLineToStringStyleTest#testObject,0.000000
1359,org.apache.commons.lang.builder.MultiLineToStringStyleTest#testAppendSuper,0.000000
1360,org.apache.commons.lang.IntHashMapTest#testPut,0.000000
1361,org.apache.commons.lang.IntHashMapTest#testClear,0.000000
1362,org.apache.commons.lang.IntHashMapTest#testContainsKey,0.000000
1363,org.apache.commons.lang.IntHashMapTest#testContainsValue,0.000000
1364,org.apache.commons.lang.IntHashMapTest#testContains,0.000000
1365,org.apache.commons.lang.IntHashMapTest#testIsEmpty,0.000000
1366,org.apache.commons.lang.IntHashMapTest#testRemove,0.000000
1367,org.apache.commons.lang.IntHashMapTest#testConstructor,0.000000
1368,org.apache.commons.lang.exception.NestableErrorTestCase#testIndexOfThrowableI,0.000000
1369,org.apache.commons.lang.exception.NestableErrorTestCase#testGetCause,0.000000
1370,org.apache.commons.lang.exception.NestableErrorTestCase#testGetThrowableCount,0.000000
1371,org.apache.commons.lang.exception.NestableErrorTestCase#testGetMessageI,0.000000
1372,org.apache.commons.lang.exception.NestableErrorTestCase#testGetMessages,0.000000
1373,org.apache.commons.lang.exception.NestableErrorTestCase#testIndexOfThrowable,0.000000
1374,org.apache.commons.lang.exception.NestableErrorTestCase#testGetMessage,0.000000
1375,org.apache.commons.lang.exception.NestableErrorTestCase#testGetThrowableI,0.000000
1376,org.apache.commons.lang.exception.NestableErrorTestCase#testGetThrowables,0.000000
1377,org.apache.commons.lang.exception.NestableErrorTestCase#testPrintStackTrace,0.000000
1378,org.apache.commons.lang.exception.NestableErrorTestCase#testPrintPartialStackTrace,0.000000
1379,org.apache.commons.lang.exception.NestableDelegateTestCase#testNestableDelegateConstructor,0.000000
1380,org.apache.commons.lang.exception.NestableDelegateTestCase#testNestableDelegateGetMessage,0.000000
1381,org.apache.commons.lang.exception.NestableDelegateTestCase#testGetMessageString,0.000000
1382,org.apache.commons.lang.exception.NestableDelegateTestCase#testNestableDelegateGetThrowableCount,0.000000
1383,org.apache.commons.lang.exception.NestableDelegateTestCase#testIndexOfThrowable,0.000000
1384,org.apache.commons.lang.exception.NestableDelegateTestCase#testNestableDelegateGetMessageN,0.000000
1385,org.apache.commons.lang.exception.NestableDelegateTestCase#testNestableDelegateGetMessages,0.000000
1386,org.apache.commons.lang.exception.NestableDelegateTestCase#testNestableDelegetePrintStackTrace,0.000000
1387,org.apache.commons.lang.exception.NestableDelegateTestCase#testNestableDelegateGetThrowableN,0.000000
1388,org.apache.commons.lang.exception.NestableDelegateTestCase#testNestableDelegateGetThrowables,0.000000
1389,org.apache.commons.lang.exception.ExceptionUtilsTestCase#testIndexOfType_ThrowableClass,0.000000
1390,org.apache.commons.lang.exception.ExceptionUtilsTestCase#test_getRootCauseMessage_Throwable,0.000000
1391,org.apache.commons.lang.exception.ExceptionUtilsTestCase#testIsNestedThrowable_Throwable,0.000000
1392,org.apache.commons.lang.exception.ExceptionUtilsTestCase#testGetThrowableList_Throwable_null,0.000000
1393,org.apache.commons.lang.exception.ExceptionUtilsTestCase#testGetThrowables_Throwable_nested,0.000000
1394,org.apache.commons.lang.exception.ExceptionUtilsTestCase#testGetThrowableList_Throwable_jdkNoCause,0.000000
1395,org.apache.commons.lang.exception.ExceptionUtilsTestCase#testGetThrowables_Throwable_null,0.000000
1396,org.apache.commons.lang.exception.ExceptionUtilsTestCase#testGetThrowableList_Throwable_nested,0.000000
1397,org.apache.commons.lang.exception.ExceptionUtilsTestCase#testGetThrowableList_Throwable_selfCause,0.000000
1398,org.apache.commons.lang.exception.ExceptionUtilsTestCase#test_getMessage_Throwable,0.000000
1399,org.apache.commons.lang.exception.ExceptionUtilsTestCase#testGetThrowables_Throwable_withCause,0.000000
1400,org.apache.commons.lang.exception.ExceptionUtilsTestCase#testGetCause_Throwable,0.000000
1401,org.apache.commons.lang.exception.ExceptionUtilsTestCase#testRemoveCommonFrames_ListList,0.000000
1402,org.apache.commons.lang.exception.ExceptionUtilsTestCase#testCauseMethodNameOps,0.000000
1403,org.apache.commons.lang.exception.ExceptionUtilsTestCase#testPrintRootCauseStackTrace_Throwable,0.000000
1404,org.apache.commons.lang.exception.ExceptionUtilsTestCase#testIndexOf_ThrowableClass,0.000000
1405,org.apache.commons.lang.exception.ExceptionUtilsTestCase#testPrintRootCauseStackTrace_ThrowableStream,0.000000
1406,org.apache.commons.lang.exception.ExceptionUtilsTestCase#testGetThrowableList_Throwable_withoutCause,0.000000
1407,org.apache.commons.lang.exception.ExceptionUtilsTestCase#testPrintRootCauseStackTrace_ThrowableWriter,0.000000
1408,org.apache.commons.lang.exception.ExceptionUtilsTestCase#testGetRootCauseStackTrace_Throwable,0.000000
1409,org.apache.commons.lang.exception.ExceptionUtilsTestCase#testGetThrowableCount_Throwable,0.000000
1410,org.apache.commons.lang.exception.ExceptionUtilsTestCase#testGetCause_ThrowableArray,0.000000
1411,org.apache.commons.lang.exception.ExceptionUtilsTestCase#testSetCauseToNull,0.000000
1412,org.apache.commons.lang.exception.ExceptionUtilsTestCase#testGetThrowables_Throwable_withoutCause,0.000000
1413,org.apache.commons.lang.exception.ExceptionUtilsTestCase#testIndexOf_ThrowableClassInt,0.000000
1414,org.apache.commons.lang.exception.ExceptionUtilsTestCase#testGetThrowables_Throwable_recursiveCause,0.000000
1415,org.apache.commons.lang.exception.ExceptionUtilsTestCase#testIndexOfType_ThrowableClassInt,0.000000
1416,org.apache.commons.lang.exception.ExceptionUtilsTestCase#testGetThrowableList_Throwable_recursiveCause,0.000000
1417,org.apache.commons.lang.exception.ExceptionUtilsTestCase#testGetThrowables_Throwable_selfCause,0.000000
1418,org.apache.commons.lang.exception.ExceptionUtilsTestCase#testGetThrowables_Throwable_jdkNoCause,0.000000
1419,org.apache.commons.lang.exception.ExceptionUtilsTestCase#testGetThrowableList_Throwable_withCause,0.000000
1420,org.apache.commons.lang.exception.ExceptionUtilsTestCase#testIsThrowableNested,0.000000
1421,org.apache.commons.lang.exception.ExceptionUtilsTestCase#testGetRootCause_Throwable,0.000000
1422,org.apache.commons.lang.exception.ExceptionUtilsTestCase#testSetCause,0.000000
1423,org.apache.commons.lang.exception.NestableExceptionTestCase#testSerialization,0.000000
1424,org.apache.commons.lang.exception.NestableExceptionTestCase#testSpecificPrintStackTrace,0.000000
1425,org.apache.commons.lang.exception.NestableExceptionTestCase#testIndexOfThrowableI,0.000000
1426,org.apache.commons.lang.exception.NestableExceptionTestCase#testGetCause,0.000000
1427,org.apache.commons.lang.exception.NestableExceptionTestCase#testGetThrowableCount,0.000000
1428,org.apache.commons.lang.exception.NestableExceptionTestCase#testGetMessageI,0.000000
1429,org.apache.commons.lang.exception.NestableExceptionTestCase#testGetMessages,0.000000
1430,org.apache.commons.lang.exception.NestableExceptionTestCase#testIndexOfThrowable,0.000000
1431,org.apache.commons.lang.exception.NestableExceptionTestCase#testGetMessage,0.000000
1432,org.apache.commons.lang.exception.NestableExceptionTestCase#testGetThrowableI,0.000000
1433,org.apache.commons.lang.exception.NestableExceptionTestCase#testGetThrowables,0.000000
1434,org.apache.commons.lang.exception.NestableExceptionTestCase#testPrintStackTrace,0.000000
1435,org.apache.commons.lang.exception.NestableExceptionTestCase#testPrintPartialStackTrace,0.000000
1436,org.apache.commons.lang.exception.NestableRuntimeExceptionTestCase#testSpecificPrintStackTrace,0.000000
1437,org.apache.commons.lang.exception.NestableRuntimeExceptionTestCase#testIndexOfThrowableI,0.000000
1438,org.apache.commons.lang.exception.NestableRuntimeExceptionTestCase#testGetCause,0.000000
1439,org.apache.commons.lang.exception.NestableRuntimeExceptionTestCase#testGetThrowableCount,0.000000
1440,org.apache.commons.lang.exception.NestableRuntimeExceptionTestCase#testGetMessageI,0.000000
1441,org.apache.commons.lang.exception.NestableRuntimeExceptionTestCase#testGetMessages,0.000000
1442,org.apache.commons.lang.exception.NestableRuntimeExceptionTestCase#testIndexOfThrowable,0.000000
1443,org.apache.commons.lang.exception.NestableRuntimeExceptionTestCase#testGetMessage,0.000000
1444,org.apache.commons.lang.exception.NestableRuntimeExceptionTestCase#testGetThrowableI,0.000000
1445,org.apache.commons.lang.exception.NestableRuntimeExceptionTestCase#testGetThrowables,0.000000
1446,org.apache.commons.lang.exception.NestableRuntimeExceptionTestCase#testPrintStackTrace,0.000000
1447,org.apache.commons.lang.exception.NestableRuntimeExceptionTestCase#testPrintPartialStackTrace,0.000000
1448,org.apache.commons.lang.BooleanUtilsTest#testXor_primitive_nullInput,0.000000
1449,org.apache.commons.lang.BooleanUtilsTest#test_toStringTrueFalse_boolean,0.000000
1450,org.apache.commons.lang.BooleanUtilsTest#test_toBooleanObject_int,0.000000
1451,org.apache.commons.lang.BooleanUtilsTest#testXor_primitive_emptyInput,0.000000
1452,org.apache.commons.lang.BooleanUtilsTest#test_toBooleanDefaultIfNull_Boolean_boolean,0.000000
1453,org.apache.commons.lang.BooleanUtilsTest#test_toBooleanObject_Integer,0.000000
1454,org.apache.commons.lang.BooleanUtilsTest#test_toInteger_boolean_int_int,0.000000
1455,org.apache.commons.lang.BooleanUtilsTest#test_toBooleanObject_String,0.000000
1456,org.apache.commons.lang.BooleanUtilsTest#test_toStringYesNo_boolean,0.000000
1457,org.apache.commons.lang.BooleanUtilsTest#test_toBooleanObject_Integer_Integer_Integer_Integer,0.000000
1458,org.apache.commons.lang.BooleanUtilsTest#test_toBoolean_Integer_Integer_Integer,0.000000
1459,org.apache.commons.lang.BooleanUtilsTest#test_toIntegerObject_Boolean_Integer_Integer_Integer,0.000000
1460,org.apache.commons.lang.BooleanUtilsTest#test_toBooleanObject_String_String_String_String,0.000000
1461,org.apache.commons.lang.BooleanUtilsTest#test_toBooleanObject_boolean,0.000000
1462,org.apache.commons.lang.BooleanUtilsTest#test_toStringOnOff_Boolean,0.000000
1463,org.apache.commons.lang.BooleanUtilsTest#testXor_object_validInput_2items,0.000000
1464,org.apache.commons.lang.BooleanUtilsTest#testXor_object_validInput_3items,0.000000
1465,org.apache.commons.lang.BooleanUtilsTest#test_toIntegerObject_Boolean,0.000000
1466,org.apache.commons.lang.BooleanUtilsTest#test_toBoolean_String,0.000000
1467,org.apache.commons.lang.BooleanUtilsTest#test_toBoolean_int_int_int,0.000000
1468,org.apache.commons.lang.BooleanUtilsTest#testXor_object_nullElementInput,0.000000
1469,org.apache.commons.lang.BooleanUtilsTest#test_toStringTrueFalse_Boolean,0.000000
1470,org.apache.commons.lang.BooleanUtilsTest#testXor_object_nullInput,0.000000
1471,org.apache.commons.lang.BooleanUtilsTest#test_toStringYesNo_Boolean,0.000000
1472,org.apache.commons.lang.BooleanUtilsTest#test_isFalse_Boolean,0.000000
1473,org.apache.commons.lang.BooleanUtilsTest#test_toBoolean_int,0.000000
1474,org.apache.commons.lang.BooleanUtilsTest#test_toInteger_boolean,0.000000
1475,org.apache.commons.lang.BooleanUtilsTest#test_toBoolean_Boolean,0.000000
1476,org.apache.commons.lang.BooleanUtilsTest#test_toIntegerObject_boolean_Integer_Integer,0.000000
1477,org.apache.commons.lang.BooleanUtilsTest#test_isTrue_Boolean,0.000000
1478,org.apache.commons.lang.BooleanUtilsTest#testXor_primitive_validInput_2items,0.000000
1479,org.apache.commons.lang.BooleanUtilsTest#testXor_primitive_validInput_3items,0.000000
1480,org.apache.commons.lang.BooleanUtilsTest#testXor_object_emptyInput,0.000000
1481,org.apache.commons.lang.BooleanUtilsTest#test_toBoolean_String_String_String,0.000000
1482,org.apache.commons.lang.BooleanUtilsTest#test_toInteger_Boolean_int_int_int,0.000000
1483,org.apache.commons.lang.BooleanUtilsTest#test_negate_Boolean,0.000000
1484,org.apache.commons.lang.BooleanUtilsTest#test_toString_Boolean_String_String_String,0.000000
1485,org.apache.commons.lang.BooleanUtilsTest#test_toStringOnOff_boolean,0.000000
1486,org.apache.commons.lang.BooleanUtilsTest#test_toBooleanObject_int_int_int,0.000000
1487,org.apache.commons.lang.BooleanUtilsTest#test_toIntegerObject_boolean,0.000000
1488,org.apache.commons.lang.BooleanUtilsTest#test_toString_boolean_String_String_String,0.000000
1489,org.apache.commons.lang.BooleanUtilsTest#testConstructor,0.000000
1490,org.apache.commons.lang.ArrayUtilsTest#testToPrimitive_double_double,0.000000
1491,org.apache.commons.lang.ArrayUtilsTest#testSubarrayBoolean,0.000000
1492,org.apache.commons.lang.ArrayUtilsTest#testToPrimitive_float,0.000000
1493,org.apache.commons.lang.ArrayUtilsTest#testToPrimitive_short,0.000000
1494,org.apache.commons.lang.ArrayUtilsTest#testContainsDoubleTolerance,0.000000
1495,org.apache.commons.lang.ArrayUtilsTest#testToPrimitive_byte_byte,0.000000
1496,org.apache.commons.lang.ArrayUtilsTest#testToPrimitive_short_short,0.000000
1497,org.apache.commons.lang.ArrayUtilsTest#testLastIndexOfShortWithStartIndex,0.000000
1498,org.apache.commons.lang.ArrayUtilsTest#testIndexOfDoubleWithStartIndex,0.000000
1499,org.apache.commons.lang.ArrayUtilsTest#testSameType,0.000000
1500,org.apache.commons.lang.ArrayUtilsTest#testIndexOfBoolean,0.000000
1501,org.apache.commons.lang.ArrayUtilsTest#testReverseInt,0.000000
1502,org.apache.commons.lang.ArrayUtilsTest#testLastIndexOfDouble,0.000000
1503,org.apache.commons.lang.ArrayUtilsTest#testIsEmptyPrimitives,0.000000
1504,org.apache.commons.lang.ArrayUtilsTest#testClone,0.000000
1505,org.apache.commons.lang.ArrayUtilsTest#testSameLengthInt,0.000000
1506,org.apache.commons.lang.ArrayUtilsTest#testToMap,0.000000
1507,org.apache.commons.lang.ArrayUtilsTest#testLastIndexOf,0.000000
1508,org.apache.commons.lang.ArrayUtilsTest#testReverseDouble,0.000000
1509,org.apache.commons.lang.ArrayUtilsTest#testContainsByte,0.000000
1510,org.apache.commons.lang.ArrayUtilsTest#testContainsChar,0.000000
1511,org.apache.commons.lang.ArrayUtilsTest#testContainsLong,0.000000
1512,org.apache.commons.lang.ArrayUtilsTest#testIndexOfLongWithStartIndex,0.000000
1513,org.apache.commons.lang.ArrayUtilsTest#testToPrimitive_boolean,0.000000
1514,org.apache.commons.lang.ArrayUtilsTest#testLastIndexOfByte,0.000000
1515,org.apache.commons.lang.ArrayUtilsTest#testLastIndexOfChar,0.000000
1516,org.apache.commons.lang.ArrayUtilsTest#testLastIndexOfLong,0.000000
1517,org.apache.commons.lang.ArrayUtilsTest#testToString,0.000000
1518,org.apache.commons.lang.ArrayUtilsTest#testCloneDouble,0.000000
1519,org.apache.commons.lang.ArrayUtilsTest#testIndexOfDoubleTolerance,0.000000
1520,org.apache.commons.lang.ArrayUtilsTest#testIndexOfByteWithStartIndex,0.000000
1521,org.apache.commons.lang.ArrayUtilsTest#testToPrimitive_double,0.000000
1522,org.apache.commons.lang.ArrayUtilsTest#testSubarrayFloat,0.000000
1523,org.apache.commons.lang.ArrayUtilsTest#testSubarrayShort,0.000000
1524,org.apache.commons.lang.ArrayUtilsTest#testLastIndexOfBoolean,0.000000
1525,org.apache.commons.lang.ArrayUtilsTest#testSubarrayInt,0.000000
1526,org.apache.commons.lang.ArrayUtilsTest#testLastIndexOfIntWithStartIndex,0.000000
1527,org.apache.commons.lang.ArrayUtilsTest#testIndexOfDoubleWithStartIndexTolerance,0.000000
1528,org.apache.commons.lang.ArrayUtilsTest#testContainsInt,0.000000
1529,org.apache.commons.lang.ArrayUtilsTest#testLastIndexOfDoubleWithStartIndexTolerance,0.000000
1530,org.apache.commons.lang.ArrayUtilsTest#testToObject_double,0.000000
1531,org.apache.commons.lang.ArrayUtilsTest#testLastIndexOfInt,0.000000
1532,org.apache.commons.lang.ArrayUtilsTest#testSubarrayByte,0.000000
1533,org.apache.commons.lang.ArrayUtilsTest#testSubarrayLong,0.000000
1534,org.apache.commons.lang.ArrayUtilsTest#testSubarrChar,0.000000
1535,org.apache.commons.lang.ArrayUtilsTest#testToObject_byte,0.000000
1536,org.apache.commons.lang.ArrayUtilsTest#testToObject_char,0.000000
1537,org.apache.commons.lang.ArrayUtilsTest#testToObject_long,0.000000
1538,org.apache.commons.lang.ArrayUtilsTest#testToPrimitive_float_float,0.000000
1539,org.apache.commons.lang.ArrayUtilsTest#testLastIndexOfLongWithStartIndex,0.000000
1540,org.apache.commons.lang.ArrayUtilsTest#testContainsFloat,0.000000
1541,org.apache.commons.lang.ArrayUtilsTest#testContainsShort,0.000000
1542,org.apache.commons.lang.ArrayUtilsTest#testToObject_int,0.000000
1543,org.apache.commons.lang.ArrayUtilsTest#testContainsBoolean,0.000000
1544,org.apache.commons.lang.ArrayUtilsTest#testIndexOfInt,0.000000
1545,org.apache.commons.lang.ArrayUtilsTest#testIndexOfFloat,0.000000
1546,org.apache.commons.lang.ArrayUtilsTest#testIndexOfFloatWithStartIndex,0.000000
1547,org.apache.commons.lang.ArrayUtilsTest#testCloneByte,0.000000
1548,org.apache.commons.lang.ArrayUtilsTest#testCloneChar,0.000000
1549,org.apache.commons.lang.ArrayUtilsTest#testCloneLong,0.000000
1550,org.apache.commons.lang.ArrayUtilsTest#testIndexOfShort,0.000000
1551,org.apache.commons.lang.ArrayUtilsTest#testIsEquals,0.000000
1552,org.apache.commons.lang.ArrayUtilsTest#testIndexOfCharWithStartIndex,0.000000
1553,org.apache.commons.lang.ArrayUtilsTest#testLastIndexOfByteWithStartIndex,0.000000
1554,org.apache.commons.lang.ArrayUtilsTest#testContains,0.000000
1555,org.apache.commons.lang.ArrayUtilsTest#testToPrimitive_int,0.000000
1556,org.apache.commons.lang.ArrayUtilsTest#testCloneBoolean,0.000000
1557,org.apache.commons.lang.ArrayUtilsTest#testToObject_boolean,0.000000
1558,org.apache.commons.lang.ArrayUtilsTest#testSameLengthDouble,0.000000
1559,org.apache.commons.lang.ArrayUtilsTest#testToPrimitive_long_long,0.000000
1560,org.apache.commons.lang.ArrayUtilsTest#testIndexOfBooleanWithStartIndex,0.000000
1561,org.apache.commons.lang.ArrayUtilsTest#testIndexOfByte,0.000000
1562,org.apache.commons.lang.ArrayUtilsTest#testIndexOfChar,0.000000
1563,org.apache.commons.lang.ArrayUtilsTest#testIndexOfLong,0.000000
1564,org.apache.commons.lang.ArrayUtilsTest#testReverse,0.000000
1565,org.apache.commons.lang.ArrayUtilsTest#testLastIndexOfDoubleTolerance,0.000000
1566,org.apache.commons.lang.ArrayUtilsTest#testToPrimitive_intNull,0.000000
1567,org.apache.commons.lang.ArrayUtilsTest#testToPrimitive_int_int,0.000000
1568,org.apache.commons.lang.ArrayUtilsTest#testSubarrayDouble,0.000000
1569,org.apache.commons.lang.ArrayUtilsTest#testReverseByte,0.000000
1570,org.apache.commons.lang.ArrayUtilsTest#testReverseChar,0.000000
1571,org.apache.commons.lang.ArrayUtilsTest#testReverseLong,0.000000
1572,org.apache.commons.lang.ArrayUtilsTest#testHashCode,0.000000
1573,org.apache.commons.lang.ArrayUtilsTest#testReverseFloat,0.000000
1574,org.apache.commons.lang.ArrayUtilsTest#testLastIndexOfWithStartIndex,0.000000
1575,org.apache.commons.lang.ArrayUtilsTest#testReverseShort,0.000000
1576,org.apache.commons.lang.ArrayUtilsTest#testIndexOfDouble,0.000000
1577,org.apache.commons.lang.ArrayUtilsTest#testLastIndexOfBooleanWithStartIndex,0.000000
1578,org.apache.commons.lang.ArrayUtilsTest#testLastIndexOfFloatWithStartIndex,0.000000
1579,org.apache.commons.lang.ArrayUtilsTest#testSameLengthFloat,0.000000
1580,org.apache.commons.lang.ArrayUtilsTest#testSubarrayObject,0.000000
1581,org.apache.commons.lang.ArrayUtilsTest#testSameLengthShort,0.000000
1582,org.apache.commons.lang.ArrayUtilsTest#testLastIndexOfCharWithStartIndex,0.000000
1583,org.apache.commons.lang.ArrayUtilsTest#testToObject_float,0.000000
1584,org.apache.commons.lang.ArrayUtilsTest#testToObject_short,0.000000
1585,org.apache.commons.lang.ArrayUtilsTest#testGetLength,0.000000
1586,org.apache.commons.lang.ArrayUtilsTest#testLastIndexOfDoubleWithStartIndex,0.000000
1587,org.apache.commons.lang.ArrayUtilsTest#testSameLengthByte,0.000000
1588,org.apache.commons.lang.ArrayUtilsTest#testSameLengthChar,0.000000
1589,org.apache.commons.lang.ArrayUtilsTest#testSameLengthLong,0.000000
1590,org.apache.commons.lang.ArrayUtilsTest#testLastIndexOfFloat,0.000000
1591,org.apache.commons.lang.ArrayUtilsTest#testLastIndexOfShort,0.000000
1592,org.apache.commons.lang.ArrayUtilsTest#testCloneFloat,0.000000
1593,org.apache.commons.lang.ArrayUtilsTest#testCloneShort,0.000000
1594,org.apache.commons.lang.ArrayUtilsTest#testToPrimitive_byte,0.000000
1595,org.apache.commons.lang.ArrayUtilsTest#testToPrimitive_char,0.000000
1596,org.apache.commons.lang.ArrayUtilsTest#testToPrimitive_long,0.000000
1597,org.apache.commons.lang.ArrayUtilsTest#testIsEmptyObject,0.000000
1598,org.apache.commons.lang.ArrayUtilsTest#testIndexOf,0.000000
1599,org.apache.commons.lang.ArrayUtilsTest#testIndexOfShortWithStartIndex,0.000000
1600,org.apache.commons.lang.ArrayUtilsTest#testSameLength,0.000000
1601,org.apache.commons.lang.ArrayUtilsTest#testIndexOfIntWithStartIndex,0.000000
1602,org.apache.commons.lang.ArrayUtilsTest#testCloneInt,0.000000
1603,org.apache.commons.lang.ArrayUtilsTest#testSameLengthBoolean,0.000000
1604,org.apache.commons.lang.ArrayUtilsTest#testToPrimitive_char_char,0.000000
1605,org.apache.commons.lang.ArrayUtilsTest#testReverseBoolean,0.000000
1606,org.apache.commons.lang.ArrayUtilsTest#testToPrimitive_boolean_boolean,0.000000
1607,org.apache.commons.lang.ArrayUtilsTest#testConstructor,0.000000
1608,org.apache.commons.lang.ArrayUtilsTest#testIndexOfWithStartIndex,0.000000
1609,org.apache.commons.lang.ArrayUtilsTest#testContainsDouble,0.000000
