rank,test
1,org.joda.time.field.TestPreciseDateTimeField#test_isLeap_long
2,org.joda.time.TestParseISO#testSpecTimeTruncatedFractionS
3,org.joda.time.TestLocalDate_Basics#testWithFieldAdded_DurationFieldType_int_2
4,org.joda.time.TestLocalDateTime_Basics#testToDate_autumnDST
5,org.joda.time.TestHours#testToString
6,org.joda.time.TestPeriod_Basics#testWithField1
7,org.joda.time.TestParseISO#testSpecReducedPrecisionC
8,org.joda.time.format.TestISODateTimeFormatParsing#test_dateTimeParser
9,org.joda.time.TestPartial_Basics#testWithFieldAdded5
10,org.joda.time.TestDateTimeZone#testSerialization2
11,org.joda.time.tz.TestCompiler#test_2400_fromDay
12,org.joda.time.TestDateTime_Constructors#testConstructor_nullObject_DateTimeZone
13,org.joda.time.TestTimeOfDay_Basics#testGetValue
14,org.joda.time.TestInstant_Basics#testTest
15,org.joda.time.TestDateTimeComparator#testBasicComps2
16,org.joda.time.TestDateTime_Basics#testToLocalTime
17,org.joda.time.field.TestBaseDateTimeField#test_getAsShortText_RP_int_Locale
18,org.joda.time.TestMonths#testFactory_monthsBetween_RPartial
19,org.joda.time.TestDateTime_Basics#testPlusYears_int
20,org.joda.time.TestDateTimeZoneCutover#test_DateTime_roundCeiling_hourOfDay_NewYork_Autumn_preCutover
21,org.joda.time.TestDateTime_Basics#testToMutableDateTime_Chronology
22,org.joda.time.TestPartial_Basics#testWithFieldAdded8
23,org.joda.time.TestYearMonth_Constructors#testConstructor_ObjectStringEx3
24,org.joda.time.field.TestMillisDurationField#test_getMillis_long_long
25,org.joda.time.TestDateTimeFieldType#test_year
26,org.joda.time.TestDuration_Constructors#testConstructor_RI_RI2
27,org.joda.time.field.TestBaseDateTimeField#test_addWrapField_long_int
28,org.joda.time.TestPartial_Basics#testIsEqual_TOD
29,org.joda.time.TestLocalDateTime_Basics#testMinusMillis_int
30,org.joda.time.TestDuration_Basics#testPlus_RD1
31,org.joda.time.TestSerialization#testSerializedCopticChronology
32,org.joda.time.TestInterval_Basics#testEqualsHashCodeLenient
33,org.joda.time.TestDateTimeZone#testGetShortNameProviderName
34,org.joda.time.TestPeriod_Basics#testToStandardDays_months
35,org.joda.time.TestDateMidnight_Constructors#testConstructor_int_int_int_nullChronology
36,org.joda.time.TestInterval_Basics#testGap_RInterval_zone
37,org.joda.time.TestDateMidnight_Basics#testIsBefore
38,org.joda.time.TestMutableInterval_Constructors#testConstructor_Object4
39,org.joda.time.TestDateTimeZone#testPatchedNameKeysSydney
40,org.joda.time.TestPeriod_Basics#testWithField2
41,org.joda.time.TestMutableInterval_Updates#testSetEnd_RI3
42,org.joda.time.TestInterval_Basics#testWithDurationAfterStart2
43,org.joda.time.TestLocalDate_Constructors#testConstructor_ObjectStringEx2
44,org.joda.time.TestMutableDateTime_Constructors#testConstructor_long1_DateTimeZone
45,org.joda.time.TestMutablePeriod_Updates#testMergePeriod_RP5
46,org.joda.time.TestMutableInterval_Basics#testIsBeforeNow
47,org.joda.time.TestLocalDateTime_Properties#testPropertyWithMaxMinValueMilli
48,org.joda.time.format.TestISODateTimeFormat#testFormat_dateHourMinute
49,org.joda.time.TestLocalDateTime_Properties#testPropertyCompareToSecond
50,org.joda.time.TestPartial_Basics#testWithField3
51,org.joda.time.TestYearMonthDay_Basics#testEqualsHashCode
52,org.joda.time.TestLocalDateTime_Constructors#testConstructor_long2
53,org.joda.time.format.TestISODateTimeFormat#testFormat_weekyearWeekDay
54,org.joda.time.TestLocalDateTime_Basics#testGetFieldTypes
55,org.joda.time.field.TestOffsetDateTimeField#test_add_long_int
56,org.joda.time.TestLocalTime_Constructors#testConstructor_ObjectString2
57,org.joda.time.TestMonthDay_Basics#testIsBefore_MD
58,org.joda.time.TestMutableInterval_Constructors#testConstructor_RI_RP8
59,org.joda.time.chrono.TestIslamicChronology#testSampleDate1
60,org.joda.time.TestLocalDateTime_Basics#testToDateTime_nullRI
61,org.joda.time.field.TestScaledDurationField#test_toString
62,org.joda.time.TestMutableInterval_Basics#testIsAfterNow
63,org.joda.time.TestMutablePeriod_Constructors#testConstructor_RI_RI_PeriodType4
64,org.joda.time.convert.TestCalendarConverter#testGetChronology_Object_Zone
65,org.joda.time.field.TestOffsetDateTimeField#test_getOffset
66,org.joda.time.TestMutableDateTime_Sets#testSetTime_int_int_int_int1
67,org.joda.time.format.TestISODateTimeFormatParsing#test_basicOrdinalDate
68,org.joda.time.TestInterval_Constructors#testConstructor_RI_RI5
69,org.joda.time.TestPartial_Constructors#testConstructorEx2_Type_int
70,org.joda.time.TestMutableDateTime_Sets#testSetDate_RI1
71,org.joda.time.TestHours#testMultipliedBy_int
72,org.joda.time.TestPartial_Basics#testToDateTime_nullRI
73,org.joda.time.TestDays#testFactory_parseDays_String
74,org.joda.time.format.TestISODateTimeFormat_Fields#testForFields_time_MS
75,org.joda.time.TestLocalDate_Basics#testSize
76,org.joda.time.field.TestPreciseDurationDateTimeField#test_getMinimumValue
77,org.joda.time.TestLocalDateTime_Basics#testToString_String_Locale
78,org.joda.time.format.TestPeriodFormat#test_wordBased_de_FormatOneField
79,org.joda.time.TestMonthDay_Basics#testWithers
80,org.joda.time.TestDuration_Basics#testWithDurationAdded_long_int2
81,org.joda.time.TestYearMonthDay_Basics#testToString
82,org.joda.time.TestSeconds#testPlus_int
83,org.joda.time.TestMutableDateTime_Sets#testSetSecondOfDay_int1
84,org.joda.time.TestLocalDateTime_Basics#testMinusHours_int
85,org.joda.time.TestTimeOfDay_Constructors#testConstructor_long2_Chronology
86,org.joda.time.TestDateMidnight_Constructors#testConstructor_invalidObject_Chronology
87,org.joda.time.TestDateTimeZone#testProviderSecurity
88,org.joda.time.field.TestOffsetDateTimeField#test_getAsText_RP_int_Locale
89,org.joda.time.chrono.TestGJChronology#testCutoverAddWeekyears
90,org.joda.time.format.TestISODateTimeFormat#testFormat_hourMinute
91,org.joda.time.TestDateMidnight_Properties#testPropertyToIntervalYear
92,org.joda.time.TestDateTimeComparator#testMinute
93,org.joda.time.TestPeriod_Constructors#testConstructor_long1
94,org.joda.time.TestDateTimeZone#testForID_String
95,org.joda.time.TestPeriodType#testYearWeekDayTime
96,org.joda.time.TestYearMonthDay_Basics#testWithChronologyRetainFields_sameChrono
97,org.joda.time.TestYearMonthDay_Constructors#testConstructor_ObjectString2
98,org.joda.time.tz.TestFixedDateTimeZone#testHashCode
99,org.joda.time.format.TestISODateTimeFormat#testFormat_basicTime
100,org.joda.time.TestTimeOfDay_Constructors#testConstructor_long1
101,org.joda.time.TestDateTime_Constructors#testConstructor_ObjectStringEx2
102,org.joda.time.TestTimeOfDay_Constructors#testConstructor_ObjectString3
103,org.joda.time.format.TestDateTimeFormat#testFormat_shortBasicParse
104,org.joda.time.format.TestISODateTimeFormat#testFormat_dateTime
105,org.joda.time.TestPeriod_Basics#testTypeIndexMethods
106,org.joda.time.TestInterval_Basics#testIsAfter_RInterval
107,org.joda.time.format.TestPeriodFormat#test_wordBased_es_FormatOneField
108,org.joda.time.TestMutableDateTime_Properties#testPropertyRoundCeilingHourOfDay
109,org.joda.time.TestSerialization#testSerializedTimeOfDay
110,org.joda.time.TestPartial_Constructors#testConstructorEx1_TypeArray_intArray
111,org.joda.time.field.TestMillisDurationField#test_compareTo
112,org.joda.time.TestLocalDateTime_Properties#testPropertySetCopyDay
113,org.joda.time.chrono.TestCopticChronology#testDurationYear
114,org.joda.time.TestLocalDateTime_Basics#testPlusSeconds_int
115,org.joda.time.TestMutablePeriod_Basics#testGetMethods
116,org.joda.time.TestDateMidnight_Basics#testToInterval
117,org.joda.time.TestDateTime_Constructors#testConstructor_badconverterObject_Chronology
118,org.joda.time.TestLocalTime_Constructors#testConstructor_ObjectStringEx2
119,org.joda.time.TestMutableInterval_Constructors#testConstructor_RD_RI2
120,org.joda.time.field.TestOffsetDateTimeField#test_getMaximumShortTextLength_Locale
121,org.joda.time.TestDateMidnight_Constructors#testConstructor_invalidObject_DateTimeZone
122,org.joda.time.format.TestISODateTimeFormatParsing#test_timeNoMillis
123,org.joda.time.TestDateTime_Properties#testPropertySetMonthOfYear
124,org.joda.time.TestMutablePeriod_Updates#testSetWeeks
125,org.joda.time.TestMutableDateTime_Sets#testSetMilliOfDay_int1
126,org.joda.time.chrono.TestGJChronology#testTimeFields
127,org.joda.time.TestMutableDateTime_Sets#testSetMinuteOfHour_int2
128,org.joda.time.field.TestScaledDurationField#test_getValue_long
129,org.joda.time.format.TestDateTimeFormat#testFormatParse_textEraAD_France
130,org.joda.time.TestLocalDateTime_Basics#testSerialization
131,org.joda.time.TestDateTime_Basics#testWithZoneRetainFields_DateTimeZone
132,org.joda.time.TestMutableDateTime_Adds#testAdd_RD2
133,org.joda.time.TestDurationFieldType#test_minutes
134,org.joda.time.format.TestDateTimeFormatStyle#testForStyle_mediumShortDateTime
135,org.joda.time.TestTimeOfDay_Constructors#testConstructor_ObjectStringEx1
136,org.joda.time.format.TestISODateTimeFormat#testFormat_dateTimeNoMillis
137,org.joda.time.TestYearMonth_Basics#testGetField
138,org.joda.time.TestYearMonth_Constructors#testConstructor_ObjectString2
139,org.joda.time.TestMutableDateTime_Sets#testSetZone_DateTimeZone2
140,org.joda.time.TestInstant_Basics#testToMutableDateTimeISO
141,org.joda.time.TestLocalTime_Properties#testPropertySetHour
142,org.joda.time.format.TestISODateTimeFormat_Fields#testForFields_calBased_YMD_duplicates
143,org.joda.time.TestPeriod_Constructors#testFactoryFieldDifference1
144,org.joda.time.TestPartial_Constructors#testConstructorEx1_Type_int
145,org.joda.time.convert.TestLongConverter#testGetPartialValues
146,org.joda.time.format.TestISODateTimeFormatParsing#test_tTime
147,org.joda.time.chrono.TestISOChronology#testWithUTC
148,org.joda.time.field.TestPreciseDateTimeField#test_getMaximumShortTextLength_Locale
149,org.joda.time.TestMutableDateTime_Constructors#testConstructor_long2_DateTimeZone
150,org.joda.time.TestInterval_Constructors#testConstructor_Object_Chronology2
151,org.joda.time.TestYearMonth_Constructors#testConstructor_Object
152,org.joda.time.TestPartial_Basics#testWithFieldAdded3
153,org.joda.time.field.TestBaseDateTimeField#test_getDifference_long_long
154,org.joda.time.TestMutablePeriod_Updates#testMergePeriod_RP3
155,org.joda.time.TestMonthDay_Properties#testPropertyGetMaxMinValuesDayOfMonth
156,org.joda.time.convert.TestReadableIntervalConverter#testSetIntoPeriod_Object1
157,org.joda.time.TestPartial_Basics#testWithFieldAddWrapped3
158,org.joda.time.field.TestMillisDurationField#test_getValue_long_long
159,org.joda.time.TestLocalTime_Constructors#testConstructor_nullObject_nullChronology
160,org.joda.time.TestMonths#testMinus_Months
161,org.joda.time.TestDateMidnight_Constructors#testConstructor_long1
162,org.joda.time.TestInterval_Constructors#testConstructor_RI_RP3
163,org.joda.time.convert.TestCalendarConverter#testGetChronology_Object_nullChronology
164,org.joda.time.format.TestDateTimeFormatStyle#testForStyle_shortFullDateTime
165,org.joda.time.TestDateTime_Constructors#testConstructor_nullObject_nullChronology
166,org.joda.time.TestLocalTime_Properties#testPropertyWithMaximumValueHour
167,org.joda.time.TestYearMonthDay_Basics#testSize
168,org.joda.time.format.TestTextFields#testWeekdayNames
169,org.joda.time.TestDateTime_Constructors#testConstructor_invalidObject_Chronology
170,org.joda.time.TestTimeOfDay_Constructors#testConstructor_ObjectString6
171,org.joda.time.TestLocalDateTime_Constructors#testConstructor_Object_ChronologyMoscowBadDateTime
172,org.joda.time.TestLocalTime_Constructors#testConstructor_int_int_int_int_Chronology
173,org.joda.time.TestYears#testToString
174,org.joda.time.format.TestDateTimeFormat#testFormat_zoneAmountColon
175,org.joda.time.TestLocalDateTime_Properties#testPropertyAddWrapFieldToCopyDay
176,org.joda.time.format.TestDateTimeFormatter#testZoneShortNameNearTransition
177,org.joda.time.TestMutableDateTime_Constructors#testConstructor_Object_nullChronology
178,org.joda.time.TestMutableDateTime_Sets#testSetDateTime_int_int_int_int_int_int_int2
179,org.joda.time.TestLocalTime_Basics#testWithFieldAdded_DurationFieldType_int_6
180,org.joda.time.TestDateTime_Basics#testWithFieldAdded4
181,org.joda.time.format.TestPeriodFormatterBuilder#testFormatPrefixSimple2
182,org.joda.time.format.TestDateTimeFormat#testFormatParse_textMonthAtEnd_France
183,org.joda.time.field.TestPreciseDateTimeField#test_getMaximumValue_RP
184,org.joda.time.chrono.TestLenientChronology#test_setYear
185,org.joda.time.format.TestPeriodFormatterBuilder#testFormatSuffixSimple1
186,org.joda.time.TestInterval_Basics#testIsAfter_RI
187,org.joda.time.TestMonthDay_Constructors#testConstructor_int_int
188,org.joda.time.convert.TestReadableInstantConverter#testGetPartialValues
189,org.joda.time.TestDateTime_Basics#testIsEqual_long
190,org.joda.time.chrono.TestGJChronology#testEquality
191,org.joda.time.TestLocalDate_Basics#testToString_String_Locale
192,org.joda.time.TestMutablePeriod_Updates#testAdd_Field
193,org.joda.time.TestMutableDateTime_Sets#testSetTime_int_int_int2
194,org.joda.time.TestTimeOfDay_Constructors#testFactoryMillisOfDay_long1
195,org.joda.time.TestDateMidnight_Basics#testMinusMonths_int
196,org.joda.time.TestDateTime_Properties#testPropertyToIntervalDayOfMonth
197,org.joda.time.TestMutablePeriod_Updates#testSetPeriod_RP4
198,org.joda.time.TestInterval_Basics#testWithEndInstant_RI2
199,org.joda.time.TestLocalDate_Basics#testEqualsHashCodeLenient
200,org.joda.time.TestPartial_Basics#testWithout1
201,org.joda.time.TestPeriodType#testWeeks
202,org.joda.time.format.TestDateTimeFormat#testFormat_dayOfWeek
203,org.joda.time.TestTimeOfDay_Constructors#testConstructor_ObjectStringEx4
204,org.joda.time.TestYearMonth_Properties#testPropertyEqualsHashCodeStrict
205,org.joda.time.format.TestDateTimeFormat#testFormat_year_twoDigit
206,org.joda.time.convert.TestStringConverter#testGetDurationMillis_Object2
207,org.joda.time.TestDateTimeZoneCutover#test_DateTime_JustAfterLastEverOverlap
208,org.joda.time.TestYearMonthDay_Constructors#testConstructor
209,org.joda.time.TestSeconds#testAddToLocalDate
210,org.joda.time.TestLocalDate_Basics#testToDateMidnight_nullZone
211,org.joda.time.TestDateMidnight_Basics#testTest
212,org.joda.time.TestTimeOfDay_Basics#testToLocalTime
213,org.joda.time.convert.TestConverterSet#testRemoveBadIndex2
214,org.joda.time.TestLocalTime_Basics#testSize
215,org.joda.time.convert.TestStringConverter#testGetDurationMillis_Object1
216,org.joda.time.TestLocalDateTime_Constructors#testConstructor_long1_DateTimeZone
217,org.joda.time.TestMutableDateTime_Properties#testPropertyAddMonthOfYear
218,org.joda.time.TestMutableDateTime_Constructors#testConstructor_Object_nullDateTimeZone
219,org.joda.time.format.TestDateTimeFormatterBuilder#test_canBuildPrinter
220,org.joda.time.TestPartial_Basics#testWithout4
221,org.joda.time.TestMutableDateTime_Basics#testGetMethods
222,org.joda.time.TestInterval_Basics#testAbuts_RInterval
223,org.joda.time.format.TestPeriodFormatterBuilder#testFormatMinDigits
224,org.joda.time.TestSeconds#testGetPeriodType
225,org.joda.time.TestDateTime_Basics#testToString
226,org.joda.time.TestYearMonthDay_Properties#testPropertyAddWrapFieldDay
227,org.joda.time.field.TestFieldUtils#testSafeAddInt
228,org.joda.time.TestPeriod_Basics#testValueIndexMethods
229,org.joda.time.TestBaseSingleFieldPeriod#testFactory_between_RInstant
230,org.joda.time.TestTimeOfDay_Constructors#testConstructor_nullDateTimeZone
231,org.joda.time.TestInterval_Constructors#testConstructor_RI_RP1
232,org.joda.time.TestMutableInterval_Updates#testSetDurationBeforeEnd_RI3
233,org.joda.time.TestPartial_Constructors#testConstructor2_TypeArray_intArray
234,org.joda.time.TestMutableDateTime_Properties#testPropertyGetMillisOfDay
235,org.joda.time.TestDateMidnight_Basics#testWithField2
236,org.joda.time.convert.TestNullConverter#testGetDurationMillis_Object
237,org.joda.time.tz.TestFixedDateTimeZone#testToTimeZone1
238,org.joda.time.TestMutableDateTime_Sets#testSetZoneRetainFields_DateTimeZone1
239,org.joda.time.TestMutableInterval_Updates#testSetEndMillis_long1
240,org.joda.time.TestYearMonth_Basics#testPlusMonths_int
241,org.joda.time.TestDateTime_Constructors#testConstructor_badconverterObject
242,org.joda.time.TestLocalDate_Basics#testEqualsHashCodeStrict
243,org.joda.time.TestAbstractPartial#testGetFieldTypes
244,org.joda.time.format.TestPeriodFormatterBuilder#testFormatPrintZeroRarelyFirstHours
245,org.joda.time.TestDateMidnight_Properties#testPropertyRoundHalfCeilingMonthOfYear
246,org.joda.time.TestMutableDateTime_Sets#testSetSecondOfMinute_int2
247,org.joda.time.TestDateMidnight_Constructors#testConstructor_long_nullDateTimeZone
248,org.joda.time.TestParseISO#testSpecTimeTruncatedFractionM
249,org.joda.time.chrono.TestGJChronology#testFactory_Zone
250,org.joda.time.tz.TestBuilder#testReverseTransitions
251,org.joda.time.TestPeriod_Constructors#testFactoryFieldDifference3
252,org.joda.time.TestPartial_Basics#testGetFormatter1
253,org.joda.time.TestPeriodType#testYearWeekDay
254,org.joda.time.TestPeriod_Basics#testWithPeriodType2
255,org.joda.time.TestDays#testFactory_daysIn_RInterval
256,org.joda.time.TestLocalDateTime_Basics#testToDate_springDST
257,org.joda.time.TestDateTimeComparator#testListYear
258,org.joda.time.TestMutableDateTime_Sets#testSetYear_int1
259,org.joda.time.TestDateTimeZoneCutover#test_DateTime_roundCeiling_Turk
260,org.joda.time.TestHours#testMinus_int
261,org.joda.time.TestDateMidnight_Basics#testToCalendar_Locale
262,org.joda.time.TestDateTime_Basics#testWithMillis_long
263,org.joda.time.TestTimeOfDay_Basics#testEqualsHashCode
264,org.joda.time.TestMutableDateTime_Adds#testAddMinutes_int1
265,org.joda.time.TestDateTimeUtils#testOffsetMillis
266,org.joda.time.TestPeriod_Constructors#testConstructor_RD_RI_PeriodType2
267,org.joda.time.TestDateTime_Basics#testMinusHours_int
268,org.joda.time.TestDateTimeZoneCutover#test_DateTime_roundFloor_minuteOfHour_NewYork_Autumn_preCutover
269,org.joda.time.TestDateTime_Properties#testPropertyAddWrapFieldDayOfMonth
270,org.joda.time.TestMutablePeriod_Constructors#testConstructor_RI_RI2
271,org.joda.time.TestPartial_Basics#testEqualsHashCode
272,org.joda.time.TestDateTime_Basics#testIsAfter_long
273,org.joda.time.TestInterval_Constructors#testConstructor_RI_RP7
274,org.joda.time.TestLocalDate_Constructors#testConstructor_DateTimeZone
275,org.joda.time.TestWeeks#testMinus_Weeks
276,org.joda.time.TestLocalDateTime_Basics#testEqualsHashCode
277,org.joda.time.TestMutableDateTime_Sets#testSetDayOfWeek_int1
278,org.joda.time.TestYearMonth_Basics#testPlus_RP
279,org.joda.time.format.TestISODateTimeFormat_Fields#testForFields_calBased_M
280,org.joda.time.TestPeriod_Basics#testNormalizedStandard_periodType_yearMonthWeekDay
281,org.joda.time.field.TestPreciseDurationField#test_toString
282,org.joda.time.format.TestDateTimeFormatStyle#testForStyle_longTime
283,org.joda.time.TestMutablePeriod_Constructors#testConstructor_RI_RD2
284,org.joda.time.TestDateTime_Basics#testIsAfter_RI
285,org.joda.time.TestLocalDate_Basics#testWithField_DateTimeFieldType_int_2
286,org.joda.time.convert.TestReadableIntervalConverter#testSetIntoInterval_Object3
287,org.joda.time.TestLocalTime_Basics#testGetValues
288,org.joda.time.TestMonthDay_Basics#testCompareTo
289,org.joda.time.TestDateMidnight_Basics#testPlusMonths_int
290,org.joda.time.TestMonthDay_Properties#testPropertyGetMonthOfYear
291,org.joda.time.TestMutableInterval_Constructors#testConstructor_RI_RD3
292,org.joda.time.TestDateMidnight_Constructors#testConstructor_invalidObject
293,org.joda.time.TestPeriod_Constructors#testConstructor_RI_RI_PeriodType1
294,org.joda.time.TestLocalDate_Constructors#testConstructor_Object_nullChronology
295,org.joda.time.TestDays#testFactory_daysBetween_RInstant
296,org.joda.time.TestInstant_Basics#testWithDurationAdded_RD_int
297,org.joda.time.TestMutableDateTime_Adds#testAdd_RP_int2
298,org.joda.time.TestMutableInterval_Basics#testIsAfter_RInterval
299,org.joda.time.TestDateTime_Basics#testMinus_RD
300,org.joda.time.TestPeriod_Constructors#testConstructor1
301,org.joda.time.format.TestDateTimeFormat#testFormat_yearOfEra_twoDigit
302,org.joda.time.TestDateMidnight_Properties#testPropertySetMonthOfYear
303,org.joda.time.TestPeriodType#testMillis
304,org.joda.time.TestMutablePeriod_Updates#testAdd_RD1
305,org.joda.time.convert.TestStringConverter#testSetIntoIntervalEx_Object_Chronology3
306,org.joda.time.TestPartial_Basics#testToDateTime_RI
307,org.joda.time.TestMutablePeriod_Constructors#testConstructor_RI_RI1
308,org.joda.time.convert.TestConverterManager#testGetPeriodConverters
309,org.joda.time.format.TestISOPeriodFormatParsing#testParseStandard2
310,org.joda.time.TestLocalDateTime_Basics#testToString_String
311,org.joda.time.TestPeriod_Constructors#testConstructor_long_PeriodType_Chronology3
312,org.joda.time.TestLocalDate_Basics#testToDateTimeAtMidnight
313,org.joda.time.TestLocalTime_Constructors#testConstructor_ObjectStringEx6
314,org.joda.time.TestDuration_Constructors#testConstructor_RI_RI1
315,org.joda.time.TestDateTimeComparator#testDOW
316,org.joda.time.TestDateMidnight_Basics#testSerialization
317,org.joda.time.TestDateTimeZone#testConstructor
318,org.joda.time.format.TestDateTimeFormat#testFormat_second
319,org.joda.time.TestLocalDateTime_Properties#testPropertySetCopyTextMonth
320,org.joda.time.format.TestDateTimeFormat#testFormat_hourOfHalfday
321,org.joda.time.format.TestDateTimeFormatter#testParseMutableDateTime_offsetParsed
322,org.joda.time.field.TestPreciseDateTimeField#test_getMaximumValue_RP_intarray
323,org.joda.time.TestParseISO#testSpecTimeTruncatedMS
324,org.joda.time.TestPeriod_Constructors#testConstructor_Object_PeriodType1
325,org.joda.time.TestDateMidnight_Constructors#testTest
326,org.joda.time.TestPeriod_Basics#testNormalizedStandard_negative
327,org.joda.time.TestMutableInterval_Basics#testContainsNow
328,org.joda.time.TestDateTimeZone#testGetOffset_RI
329,org.joda.time.TestMutableDateTime_Sets#testSetDate_int_int_int1
330,org.joda.time.TestInstant_Basics#testPlus_long
331,org.joda.time.TestLocalDateTime_Properties#testPropertySetCopyMonth
332,org.joda.time.TestTimeOfDay_Constructors#testConstructor_todObject
333,org.joda.time.TestLocalDateTime_Constructors#testConstructor_Object_Chronology
334,org.joda.time.TestPeriodType#testMaskMillis
335,org.joda.time.chrono.TestEthiopicChronology#testEpoch
336,org.joda.time.convert.TestConverterManager#testGetPartialConverterOKMultipleMatches
337,org.joda.time.TestDateTimeComparator#testBasicComps1
338,org.joda.time.TestYearMonthDay_Properties#testPropertyGetMaxMinValuesMonth
339,org.joda.time.TestDateTime_Properties#testPropertyGetMinuteOfHour
340,org.joda.time.TestLocalDate_Basics#testIsSupported_DurationFieldType
341,org.joda.time.TestPeriod_Basics#testToStandardHours
342,org.joda.time.format.TestDateTimeFormat#testFormatParse_textAdjoiningHelloWorld_UK
343,org.joda.time.TestMutableInterval_Constructors#testConstructor_RI_RI6
344,org.joda.time.TestInterval_Constructors#testConstructor_RI_RI2
345,org.joda.time.TestYearMonth_Constructors#testConstructor_int_int
346,org.joda.time.TestDateMidnight_Constructors#testConstructor
347,org.joda.time.TestDateTimeUtils#testGetReadableInterval_ReadableInterval
348,org.joda.time.chrono.TestGJChronology#testFactory_Zone_RI_int
349,org.joda.time.TestMutableDateTime_Adds#testAdd_RD1
350,org.joda.time.TestDateTime_Basics#testEqualsHashCode
351,org.joda.time.TestPeriod_Basics#testWith
352,org.joda.time.TestYearMonthDay_Properties#testPropertySetTextMonth
353,org.joda.time.field.TestOffsetDateTimeField#test_getMaximumValue_RP_intarray
354,org.joda.time.TestDateTimeZoneCutover#test_DateTime_withHourZero_Turk
355,org.joda.time.convert.TestReadablePeriodConverter#testSingleton
356,org.joda.time.TestMutableDateTime_Properties#testPropertyGetDayOfMonth
357,org.joda.time.TestPeriod_Constructors#testConstructor_RP_RP8
358,org.joda.time.TestInterval_Basics#test_useCase_ContainsOverlapAbutGap_zeroDuration
359,org.joda.time.TestLocalDateTime_Properties#testPropertyGetHour
360,org.joda.time.TestPeriod_Constructors#testConstructor_Object4
361,org.joda.time.TestTimeOfDay_Properties#testPropertyAddWrapFieldMinute
362,org.joda.time.TestLocalDate_Basics#testToInterval
363,org.joda.time.convert.TestStringConverter#testSetIntoPeriod_Object5
364,org.joda.time.chrono.TestGJChronology#testFactory_Zone_RI
365,org.joda.time.convert.TestConverterManager#testRemoveIntervalConverter1
366,org.joda.time.TestDuration_Constructors#testFactory_standardDays_long
367,org.joda.time.field.TestPreciseDurationDateTimeField#test_getMaximumValue_RP_intarray
368,org.joda.time.format.TestISOPeriodFormatParsing#testParseStandard10
369,org.joda.time.format.TestPeriodFormat#test_wordBased_nl_cached
370,org.joda.time.format.TestPeriodFormatter#testPrint_bufferMethods
371,org.joda.time.TestDateTime_Basics#testWithTime_int_int_int
372,org.joda.time.TestTimeOfDay_Basics#testToDateTimeToday
373,org.joda.time.TestLocalTime_Properties#testPropertyGetHour
374,org.joda.time.TestDateTime_Basics#testMinus_long
375,org.joda.time.field.TestOffsetDateTimeField#test_getMinimumValue_RP_intarray
376,org.joda.time.TestPartial_Properties#testPropertyCompareToMinute
377,org.joda.time.TestDateTime_Basics#testMinus_RP
378,org.joda.time.TestTimeOfDay_Constructors#testFactoryMillisOfDay_long1_Chronology
379,org.joda.time.TestYears#testAddToLocalDate
380,org.joda.time.TestYearMonth_Basics#testWithFieldAdded_zero
381,org.joda.time.TestYearMonth_Basics#testCompareTo
382,org.joda.time.TestLocalDateTime_Basics#testGetFields
383,org.joda.time.TestWeeks#testFactory_standardWeeksIn_RPeriod
384,org.joda.time.TestDateTime_Properties#testPropertyToIntervalYearOfCentury
385,org.joda.time.TestMutablePeriod_Constructors#testConstructor_long_long_Chronology2
386,org.joda.time.TestMonthDay_Basics#testIsEqual_MD
387,org.joda.time.TestLocalDate_Basics#testIsEqual_LocalDate
388,org.joda.time.TestLocalDate_Constructors#testConstructor_ObjectLocalDate
389,org.joda.time.convert.TestReadableIntervalConverter#testSupportedType
390,org.joda.time.TestPeriod_Basics#testWithPeriodType1
391,org.joda.time.chrono.TestGJChronology#testDurationFields
392,org.joda.time.field.TestBaseDateTimeField#test_addWrapField_RP_int_intarray_int
393,org.joda.time.TestWeeks#testFactory_weeks_int
394,org.joda.time.TestMutableDateTime_Sets#testSetZoneRetainFields_DateTimeZone2
395,org.joda.time.chrono.TestCopticChronology#testCalendar
396,org.joda.time.TestMutableInterval_Constructors#testTest
397,org.joda.time.field.TestBaseDateTimeField#test_roundCeiling_long
398,org.joda.time.TestTimeOfDay_Properties#testPropertyCompareToSecond
399,org.joda.time.format.TestPeriodFormatterBuilder#testFormatPrefixPlural3
400,org.joda.time.format.TestISODateTimeFormat#testFormat_yearMonthDay
401,org.joda.time.format.TestISOPeriodFormat#testFormatAlternate
402,org.joda.time.format.TestDateTimeFormatter#testParseMutableDateTime_zone2
403,org.joda.time.TestLocalDateTime_Constructors#testConstructor_nullDateTimeZone
404,org.joda.time.TestMutableInterval_Constructors#testConstructor_RD_RI5
405,org.joda.time.TestLocalTime_Basics#testWithFieldAdded_DurationFieldType_int_4
406,org.joda.time.TestDateTimeZoneCutover#test_DateTime_roundCeiling_hour_NewYork_Spring_preCutover
407,org.joda.time.TestDuration_Basics#testToStandardHours_overflow
408,org.joda.time.format.TestDateTimeFormat#testFormatParse_zoneId_colon_parseZ
409,org.joda.time.TestMutableDateTime_Adds#testAddWeekyears_int1
410,org.joda.time.format.TestPeriodFormatterBuilder#testFormatPrefixSimple3
411,org.joda.time.TestMonthDay_Constructors#testFactory_FromCalendarFields
412,org.joda.time.format.TestDateTimeFormat#testFormat_hourOfDay
413,org.joda.time.TestLocalDate_Basics#testPlus_RP
414,org.joda.time.TestMutableDateTime_Properties#testPropertyGetWeekOfWeekyear
415,org.joda.time.TestDays#testSerialization
416,org.joda.time.TestMutablePeriod_Updates#testSetMillis
417,org.joda.time.TestPeriodType#testMonths
418,org.joda.time.TestMutablePeriod_Updates#testAdd_8ints1
419,org.joda.time.TestMutableDateTime_Basics#testToString_String
420,org.joda.time.TestDateTimeZoneCutover#test_DateTime_plusDayMidGap_Gaza
421,org.joda.time.TestDuration_Basics#testTest
422,org.joda.time.TestMutablePeriod_Constructors#testConstructor_8int1
423,org.joda.time.TestYearMonthDay_Basics#testWithChronologyRetainFields_invalidInNewChrono
424,org.joda.time.TestLocalDateTime_Constructors#testConstructor_ObjectString1
425,org.joda.time.TestDateTimeZoneCutover#test_DateTime_roundFloor_secondOfMinute_NewYork_Autumn_preCutover
426,org.joda.time.TestLocalTime_Basics#testIsSupported_DateTimeFieldType
427,org.joda.time.TestDateTime_Basics#testPlus_long
428,org.joda.time.TestMutablePeriod_Constructors#testConstructor_Object_Chronology2
429,org.joda.time.TestDateTime_Constructors#testConstructor_int_int_int_int_int_int_int
430,org.joda.time.convert.TestStringConverter#testSupportedType
431,org.joda.time.convert.TestDateConverter#testSingleton
432,org.joda.time.TestDateMidnight_Basics#testMinus_RP
433,org.joda.time.TestYearMonthDay_Basics#testWithChronologyRetainFields_nullChrono
434,org.joda.time.TestDateTime_Properties#testPropertySetDayOfWeek
435,org.joda.time.TestLocalTime_Basics#testPlus_RP
436,org.joda.time.TestPeriod_Constructors#testConstructor_Object_PeriodType2
437,org.joda.time.TestMutableInterval_Constructors#testConstructor_RI_RI2
438,org.joda.time.field.TestOffsetDateTimeField#test_getLeapAmount_long
439,org.joda.time.TestDateTime_Basics#testToGregorianCalendar
440,org.joda.time.chrono.TestCopticChronology#testEpoch
441,org.joda.time.TestParseISO#testSpecReducedPrecisionCY
442,org.joda.time.TestDateTimeUtils#testGetZone_Zone
443,org.joda.time.TestPeriod_Constructors#testConstructor_RP_RP_PeriodType8
444,org.joda.time.format.TestPeriodFormatter#testParsePeriod_parseType
445,org.joda.time.TestLocalDateTime_Properties#testPropertyGetMaxMinValuesSecond
446,org.joda.time.TestInterval_Basics#testWithPeriodAfterStart1
447,org.joda.time.convert.TestStringConverter#testGetDateTime5
448,org.joda.time.field.TestPreciseDurationDateTimeField#test_roundHalfEven_long
449,org.joda.time.TestPartial_Constructors#testConstructor_Partial
450,org.joda.time.format.TestDateTimeFormatter#testParseLocalTime_simple
451,org.joda.time.format.TestPeriodFormatterBuilder#testFormatMillis3Digit
452,org.joda.time.TestMonthDay_Properties#testPropertyHashCode
453,org.joda.time.convert.TestCalendarConverter#testGetChronology_Object_Chronology
454,org.joda.time.format.TestTextFields#testMonthNames_monthStart
455,org.joda.time.TestDateTimeZone#testForOffsetHours_int
456,org.joda.time.TestLocalDateTime_Constructors#testConstructor_nullObject_nullChronology
457,org.joda.time.TestMonthDay_Basics#testWithFieldAdded_nullField_zero
458,org.joda.time.convert.TestDateConverter#testGetChronology_Object_Chronology
459,org.joda.time.format.TestISODateTimeFormatParsing#test_date
460,org.joda.time.format.TestDateTimeFormat#testParse_pivotYear
461,org.joda.time.TestPeriod_Basics#testToStandardMinutes
462,org.joda.time.TestDuration_Basics#testToStandardSeconds_overflow
463,org.joda.time.format.TestDateTimeFormat#testParse_pivotYear_ignored4DigitYear
464,org.joda.time.TestInstant_Basics#testGet_DateTimeField
465,org.joda.time.TestLocalTime_Constructors#testConstructor_ObjectString_DateTimeZoneLondon
466,org.joda.time.TestDuration_Basics#testWithDurationAdded_long_int1
467,org.joda.time.TestLocalDateTime_Properties#testPropertyCompareToMinute
468,org.joda.time.TestDuration_Constructors#testFactory_millis_long
469,org.joda.time.TestPeriod_Constructors#testConstructor_RI_RI2
470,org.joda.time.TestTimeOfDay_Properties#testPropertyAddNoWrapMinute
471,org.joda.time.format.TestISODateTimeFormat_Fields#testForFields_time_MSm
472,org.joda.time.TestYearMonthDay_Properties#testPropertyAddWrapFieldMonth
473,org.joda.time.TestLocalTime_Constructors#testConstructor_ObjectStringEx5
474,org.joda.time.field.TestScaledDurationField#test_compareTo
475,org.joda.time.TestDateTime_Constructors#testConstructor_long2_DateTimeZone
476,org.joda.time.TestLocalDateTime_Constructors#testConstructor_nullObject
477,org.joda.time.format.TestISODateTimeFormat_Fields#testForFields_datetime_YH
478,org.joda.time.TestTimeOfDay_Basics#testPlus_RP
479,org.joda.time.TestYearMonthDay_Basics#testGetField
480,org.joda.time.TestInterval_Constructors#testConstructor_RP_RI8
481,org.joda.time.TestDateTime_Basics#testPlusHours_int
482,org.joda.time.format.TestISODateTimeFormatParsing#test_timeElementParser
483,org.joda.time.format.TestISODateTimeFormat_Fields#testForFields_calBased_D
484,org.joda.time.field.TestUnsupportedDateTimeField#testMethodsThatShouldAlwaysReturnNull
485,org.joda.time.TestDuration_Basics#testToPeriod_PeriodType
486,org.joda.time.TestMonthDay_Properties#testPropertyAddDayOfMonth
487,org.joda.time.TestIllegalFieldValueException#testJulianYearZero
488,org.joda.time.TestMutablePeriod_Updates#testAdd_RInterval5
489,org.joda.time.TestDateTimeZoneCutover#test_getOffsetFromLocal_Gaza
490,org.joda.time.TestMutablePeriod_Constructors#testConstructor_long_PeriodType_Chronology1
491,org.joda.time.TestDateTimeZoneCutover#test_DateTime_new_Gaza
492,org.joda.time.TestLocalTime_Constructors#testConstructor_Object2_Chronology
493,org.joda.time.format.TestDateTimeFormat#testFormatParse_textMonthJanShortUpperCase_UK
494,org.joda.time.field.TestMillisDurationField#test_getMillis_int
495,org.joda.time.TestLocalDateTime_Constructors#testConstructor_nullObject_nullDateTimeZone
496,org.joda.time.field.TestPreciseDateTimeField#test_getRange
497,org.joda.time.TestTimeOfDay_Basics#testToString_String_Locale
498,org.joda.time.field.TestMillisDurationField#test_getDifferenceAsLong_long_long
499,org.joda.time.TestDateTimeZone#testGetNameKey
500,org.joda.time.TestLocalDateTime_Constructors#testConstructor_int_int_int_Chronology
501,org.joda.time.TestWeeks#testFactory_weeksIn_RInterval
502,org.joda.time.TestDateMidnight_Basics#testEqualsHashCode
503,org.joda.time.TestDateTime_Properties#testPropertyRoundCeilingHourOfDay
504,org.joda.time.TestLocalDateTime_Properties#testPropertySetMinute
505,org.joda.time.TestAbstractPartial#testGetFieldType
506,org.joda.time.TestHours#testConstants
507,org.joda.time.chrono.TestCopticChronology#testFactory_Zone
508,org.joda.time.TestLocalDateTime_Constructors#testConstructor_nullChronology
509,org.joda.time.TestDateMidnight_Constructors#testConstructor_long_nullChronology
510,org.joda.time.TestPeriod_Basics#testToStandardHours_years
511,org.joda.time.TestDateTimeZone#testGetName
512,org.joda.time.TestDateTimeZoneCutover#test_DateTime_roundFloor_hour_NewYork_Spring_preCutover
513,org.joda.time.convert.TestConverterManager#testGetInstantConverter
514,org.joda.time.TestMonthDay_Basics#testToDateTime_nullRI
515,org.joda.time.TestMutableDateTime_Constructors#testConstructor_badconverterObject_DateTimeZone
516,org.joda.time.TestDateMidnight_Basics#testToLocalDate
517,org.joda.time.TestMonthDay_Constructors#testConstructor_long2
518,org.joda.time.TestDateTime_Constructors#testConstructor_nullObject_nullDateTimeZone
519,org.joda.time.TestInstant_Basics#testToMutableDateTime_DateTimeZone
520,org.joda.time.TestLocalTime_Basics#testWithFieldAdded_DurationFieldType_int_5
521,org.joda.time.TestLocalDateTime_Properties#testPropertyGetMaxMinValuesYear
522,org.joda.time.TestPeriodType#testForFields4
523,org.joda.time.TestDateTimeFieldType#test_millisOfDay
524,org.joda.time.TestMonths#testMultipliedBy_int
525,org.joda.time.TestDateTimeZone#testIsLocalDateTimeGap_Berlin
526,org.joda.time.format.TestDateTimeFormat#testFormat_yearOfEraParse
527,org.joda.time.TestYearMonth_Constructors#testConstructor_Object_nullChronology
528,org.joda.time.field.TestBaseDateTimeField#test_getAsShortText_long_Locale
529,org.joda.time.TestInterval_Basics#testSerialization
530,org.joda.time.TestDateTime_Properties#testPropertySetDayOfYear
531,org.joda.time.TestDateMidnight_Basics#testMinusWeeks_int
532,org.joda.time.TestTimeOfDay_Constructors#testConstructor_ObjectString2
533,org.joda.time.TestSerialization#testSerializedGregorianChronology
534,org.joda.time.TestInterval_Basics#testAbuts_RInterval_null
535,org.joda.time.format.TestPeriodFormat#test_wordBased_nl_parseTwoFields
536,org.joda.time.TestDurationFieldType#test_seconds
537,org.joda.time.TestMutableDateTime_Constructors#testConstructor_invalidObject
538,org.joda.time.TestInterval_Basics#testOverlaps_RInterval_zeroDuration
539,org.joda.time.TestMutablePeriod_Updates#testSetPeriod_long1
540,org.joda.time.chrono.TestISOChronology#testMaxYear
541,org.joda.time.TestMonthDay_Constructors#testConstructor
542,org.joda.time.TestPartial_Basics#testWith3f
543,org.joda.time.TestMutableDateTime_Constructors#testConstructor_int_int_int_int_int_int_int
544,org.joda.time.TestTimeOfDay_Constructors#testConstructor_int_int_int
545,org.joda.time.format.TestISODateTimeFormat#testFormat_year
546,org.joda.time.TestMutableDateTime_Properties#testPropertySetTextDayOfWeek
547,org.joda.time.TestMutableInterval_Basics#testEqualsHashCode
548,org.joda.time.TestDays#testToString
549,org.joda.time.TestLocalDateTime_Constructors#testConstructor_nullObject_DateTimeZone
550,org.joda.time.TestDays#testToStandardWeeks
551,org.joda.time.field.TestMillisDurationField#test_getName
552,org.joda.time.TestPartial_Basics#testToString3
553,org.joda.time.TestYearMonth_Constructors#testConstructor_long1_Chronology
554,org.joda.time.convert.TestStringConverter#testGetChronology_Object_Zone
555,org.joda.time.TestMutablePeriod_Constructors#testConstructor_long_Chronology1
556,org.joda.time.chrono.TestIslamicChronology#testSampleDate3
557,org.joda.time.TestLocalDateTime_Basics#testIsBefore_LocalDateTime
558,org.joda.time.TestPeriod_Constructors#testConstructor_long_long_Chronology2
559,org.joda.time.TestMonthDay_Constructors#testConstructor_long1_Chronology
560,org.joda.time.TestMutableDateTime_Basics#testRounding7
561,org.joda.time.TestMutableInterval_Constructors#testConstructor_Object1
562,org.joda.time.TestTimeOfDay_Basics#testWithFieldAdded3
563,org.joda.time.convert.TestReadableDurationConverter#testToString
564,org.joda.time.TestDateTime_Basics#testMinusWeeks_int
565,org.joda.time.TestTimeOfDay_Basics#testPlusMillis_int
566,org.joda.time.TestInstant_Constructors#testConstructor_nullObject
567,org.joda.time.TestPartial_Basics#testIsBefore_TOD
568,org.joda.time.chrono.TestBuddhistChronology#testFactory
569,org.joda.time.TestMinutes#testPlus_int
570,org.joda.time.TestLocalDate_Constructors#testConstructor_nullObject_nullChronology
571,org.joda.time.chrono.TestEthiopicChronology#testFactoryUTC
572,org.joda.time.format.TestPeriodFormatterBuilder#testFormatPrintZeroRarelyLast
573,org.joda.time.field.TestPreciseDurationField#test_equals
574,org.joda.time.TestDateTime_Properties#testPropertyToIntervalMillisOfSecond
575,org.joda.time.format.TestDateTimeFormat#testFormat_weekyearOfEra_twoDigit
576,org.joda.time.TestMonthDay_Basics#testGetValue
577,org.joda.time.TestLocalDateTime_Basics#testWithers
578,org.joda.time.TestInterval_Basics#testWithStartInstant_RI3
579,org.joda.time.format.TestISOPeriodFormatParsing#testParseStandard8
580,org.joda.time.TestTimeOfDay_Constructors#testConstructor_nullObject
581,org.joda.time.format.TestDateTimeFormatStyle#testForStyle_mediumDate
582,org.joda.time.TestPeriod_Constructors#testConstructor_RP_RP4
583,org.joda.time.TestLocalDate_Constructors#testConstructor_ObjectStringEx6
584,org.joda.time.TestPeriod_Constructors#testConstructor_long_long_PeriodType_Chronology2
585,org.joda.time.TestDays#testPlus_Days
586,org.joda.time.TestInterval_Basics#testGetDuration2
587,org.joda.time.TestDateTimeComparator#testMillis
588,org.joda.time.TestDateTimeFieldType#test_secondOfMinute
589,org.joda.time.format.TestISODateTimeFormat#testFormat_dateHourMinuteSecondMillis
590,org.joda.time.TestPartial_Match#testIsMatch_Instant
591,org.joda.time.TestLocalDateTime_Properties#testPropertyAddWrapFieldToCopyYear
592,org.joda.time.TestParseISO#testSpecReducedPrecisionCYM
593,org.joda.time.TestDateTimeUtils#testMillisProvider_null
594,org.joda.time.TestLocalTime_Basics#testGetValue_int
595,org.joda.time.format.TestISODateTimeFormat_Fields#testForFields_time_Hm
596,org.joda.time.TestMutableDateTime_Sets#testSetDayOfMonth_int1
597,org.joda.time.convert.TestLongConverter#testSingleton
598,org.joda.time.TestDateTimeZoneCutover#test_NewYorkIsCorrect_Autumn
599,org.joda.time.TestMutableInterval_Constructors#testConstructor_Object2
600,org.joda.time.TestPeriod_Constructors#testFactoryFieldDifference2
601,org.joda.time.TestLocalDateTime_Properties#testPropertyCompareToYear
602,org.joda.time.TestDateTime_Constructors#testConstructor_long2
603,org.joda.time.TestPeriodType#testMaskMonths
604,org.joda.time.TestLocalDate_Constructors#testConstructor_ObjectStringEx4
605,org.joda.time.TestPeriod_Basics#testEqualsHashCode
606,org.joda.time.TestTimeOfDay_Properties#testPropertyGetMilli
607,org.joda.time.TestLocalDateTime_Properties#testPropertyGetMaxMinValuesDay
608,org.joda.time.TestPeriod_Constructors#testFactoryMonths
609,org.joda.time.TestSeconds#testFactory_seconds_int
610,org.joda.time.TestYearMonthDay_Basics#testWithField4
611,org.joda.time.field.TestBaseDateTimeField#test_getMinimumValue_long
612,org.joda.time.TestMutableDateTime_Properties#testPropertyGetWeekyear
613,org.joda.time.field.TestMillisDurationField#test_toString
614,org.joda.time.field.TestMillisDurationField#test_isSupported
615,org.joda.time.TestTimeOfDay_Basics#testMinus_RP
616,org.joda.time.TestMonthDay_Basics#testToString
617,org.joda.time.field.TestPreciseDateTimeField#test_toString
618,org.joda.time.convert.TestConverterManager#testGetIntervalConverterRemovedNull
619,org.joda.time.field.TestBaseDateTimeField#test_set_long_String
620,org.joda.time.convert.TestStringConverter#testSetIntoInterval_Object_Chronology7
621,org.joda.time.TestYearMonthDay_Properties#testPropertyHashCode
622,org.joda.time.TestLocalDateTime_Properties#testPropertyWithMaxMinValueHour
623,org.joda.time.TestLocalDateTime_Basics#testWithTime
624,org.joda.time.TestDateTimeZoneCutover#test_DateTime_parse_Turk
625,org.joda.time.TestMutablePeriod_Updates#testAdd_RD3
626,org.joda.time.convert.TestStringConverter#testSetIntoIntervalEx_Object_Chronology5
627,org.joda.time.TestMutableDateTime_Constructors#testConstructor_int_int_int_int_int_int_int_nullDateTimeZone
628,org.joda.time.TestLocalTime_Properties#testPropertyWithMinimumValueHour
629,org.joda.time.format.TestDateTimeFormatStyle#testForStyle_mediumFullDateTime
630,org.joda.time.TestDateMidnight_Basics#testWithFieldAdded1
631,org.joda.time.format.TestPeriodFormatter#testPrinterParserMethods
632,org.joda.time.TestSeconds#testPlus_Seconds
633,org.joda.time.TestLocalDateTime_Properties#testPropertySetCopyTextDay
634,org.joda.time.TestDays#testMultipliedBy_int
635,org.joda.time.TestPartial_Constructors#testConstructorEx9_TypeArray_intArray
636,org.joda.time.field.TestBaseDateTimeField#test_getAsShortText_int_Locale
637,org.joda.time.TestParseISO#testSpecTimeFractionalHM
638,org.joda.time.TestYearMonthDay_Basics#testPlusMonths_int
639,org.joda.time.TestLocalDate_Basics#testToDateTime_nullRI
640,org.joda.time.chrono.TestBuddhistChronology#testWithUTC
641,org.joda.time.TestInterval_Constructors#testConstructor_RD_RI5
642,org.joda.time.TestPeriod_Constructors#testConstructor_long_PeriodType_Chronology1
643,org.joda.time.field.TestOffsetDateTimeField#test_set_long_int
644,org.joda.time.format.TestDateTimeFormat#testFormatParse_textMonthJanLong_France
645,org.joda.time.TestTimeOfDay_Constructors#testConstructor_Chronology
646,org.joda.time.field.TestPreciseDurationField#test_getMillis_int_long
647,org.joda.time.field.TestPreciseDateTimeField#test_getMinimumValue_long
648,org.joda.time.TestMutableInterval_Basics#testTest
649,org.joda.time.TestYearMonth_Basics#testGetFields
650,org.joda.time.format.TestISODateTimeFormatParsing#test_basicDateTime
651,org.joda.time.TestLocalDateTime_Basics#testMinusMonths_int
652,org.joda.time.TestMutableDateTime_Sets#testSetDate_long1
653,org.joda.time.chrono.TestISOChronology#testFactoryUTC
654,org.joda.time.TestDays#testMinus_Days
655,org.joda.time.field.TestPreciseDateTimeField#test_roundHalfEven_long
656,org.joda.time.chrono.TestLenientChronology#test_setMonthOfYear
657,org.joda.time.TestMutablePeriod_Updates#testSetPeriod_RP5
658,org.joda.time.format.TestDateTimeFormat#testFormat_zoneLongText
659,org.joda.time.TestMonthDay_Properties#testPropertyCompareToDayOfMonth
660,org.joda.time.format.TestDateTimeFormat#testFormat_invalid
661,org.joda.time.format.TestDateTimeFormatter#testParseLocalDate_simple
662,org.joda.time.TestPeriod_Constructors#testConstructor_RI_RI4
663,org.joda.time.format.TestPeriodFormat#test_wordBased_es_formatTwoFields
664,org.joda.time.format.TestPeriodFormatterBuilder#testFormatSeparatorSimple
665,org.joda.time.TestPartial_Properties#testPropertySetTextMinute
666,org.joda.time.TestLocalDate_Basics#testToLocalDateTime_LocalTime
667,org.joda.time.TestYears#testPlus_Years
668,org.joda.time.TestYearMonth_Constructors#testFactory_FromDateFields
669,org.joda.time.TestParseISO#testSpecExpandedCYM
670,org.joda.time.TestMutableDateTime_Basics#testToMutableDateTime_Chronology
671,org.joda.time.TestMutableInterval_Basics#testToString
672,org.joda.time.TestDateTimeZoneCutover#test_DateTime_setHourForward_NewYork_Spring
673,org.joda.time.TestPartial_Basics#testWithFieldAdded4
674,org.joda.time.TestTimeOfDay_Constructors#testFactoryMillisOfDay_long_nullChronology
675,org.joda.time.TestMutableDateTime_Properties#testPropertyGetYearOfCentury
676,org.joda.time.TestMinutes#testIsLessThan
677,org.joda.time.format.TestDateTimeFormatter#testParseInto_simple
678,org.joda.time.TestPartial_Constructors#testConstructor_TypeArray_intArray
679,org.joda.time.TestPeriodType#testDays
680,org.joda.time.TestInterval_Basics#testWithEndInstant_RI3
681,org.joda.time.field.TestBaseDateTimeField#test_isSupported
682,org.joda.time.TestMutableDateTime_Adds#testAdd_RD_int2
683,org.joda.time.format.TestISODateTimeFormat_Fields#testForFields_ordinalBased_YD
684,org.joda.time.TestDateTime_Basics#testToDateMidnight
685,org.joda.time.TestInstant_Basics#testToString
686,org.joda.time.format.TestDateTimeFormatter#testParseInto_simple_precedence
687,org.joda.time.format.TestPeriodFormatterBuilder#testFormatAppend_PrinterParser_null_Parser
688,org.joda.time.TestInterval_Basics#testWithEndMillis_long3
689,org.joda.time.TestInstant_Constructors#testConstructor_long1
690,org.joda.time.TestDateTimeZoneCutover#test_DateTime_withDay_Gaza
691,org.joda.time.chrono.TestLenientChronology#test_strictChrononolgy_Chicago
692,org.joda.time.field.TestPreciseDateTimeField#test_getMaximumValue
693,org.joda.time.TestMutableInterval_Updates#testSetStartMillis_long1
694,org.joda.time.TestDateTimeZone#testIsFixed
695,org.joda.time.format.TestPeriodFormat#test_getDefault_formatStandard
696,org.joda.time.format.TestDateTimeFormatter#testParseDateTime_offsetParsed
697,org.joda.time.TestLocalTime_Constructors#testConstructor_int_int_int_int_nullChronology
698,org.joda.time.field.TestOffsetDateTimeField#test_getAsShortText_long_Locale
699,org.joda.time.TestDateTimeFieldType#test_other
700,org.joda.time.chrono.TestCopticChronology#testDateFields
701,org.joda.time.TestMutableDateTime_Basics#testToInstant
702,org.joda.time.TestDateTimeComparator#testListMinute
703,org.joda.time.field.TestPreciseDateTimeField#test_set_long_int
704,org.joda.time.convert.TestConverterManager#testAddPartialConverter1
705,org.joda.time.TestMutablePeriod_Updates#testAdd_8ints2
706,org.joda.time.TestPeriod_Basics#testToStandardDays
707,org.joda.time.TestYearMonthDay_Constructors#testConstructor_long2
708,org.joda.time.TestYearMonth_Basics#testWithField_nullField
709,org.joda.time.TestInterval_Basics#test_useCase_ContainsOverlapAbutGap
710,org.joda.time.TestTimeOfDay_Properties#testPropertyAddSecond
711,org.joda.time.TestBasePartial#testSetMethods
712,org.joda.time.TestLocalDate_Properties#testPropertyAddWrapFieldToCopyYear
713,org.joda.time.TestLocalDateTime_Properties#testPropertyGetDay
714,org.joda.time.TestInstant_Constructors#testConstructor_invalidObject
715,org.joda.time.TestAbstractPartial#testGetPropertyEquals
716,org.joda.time.field.TestBaseDateTimeField#test_set_RP_int_intarray_int
717,org.joda.time.format.TestISODateTimeFormat#testFormat_hourMinuteSecondFraction
718,org.joda.time.TestPartial_Basics#testGetFields
719,org.joda.time.TestInterval_Constructors#testConstructor_RP_RI7
720,org.joda.time.TestTimeOfDay_Constructors#testConstructor_int_int_int_int
721,org.joda.time.TestPeriod_Constructors#testConstructor_long_PeriodType_Chronology2
722,org.joda.time.format.TestPeriodFormatterBuilder#testFormatMinutes
723,org.joda.time.TestDateMidnight_Constructors#testConstructor_nullChronology
724,org.joda.time.TestMutableInterval_Updates#testSetEnd_RI1
725,org.joda.time.TestMutableDateTime_Basics#testRounding6
726,org.joda.time.TestLocalTime_Constructors#testConstructor_int_int_int
727,org.joda.time.TestLocalTime_Constructors#testConstructor_long_DateTimeZone
728,org.joda.time.TestPartial_Basics#testWith3d
729,org.joda.time.TestHours#testAddToLocalDate
730,org.joda.time.TestPeriod_Basics#testNormalizedStandard_yearMonth1
731,org.joda.time.TestDurationFieldType#test_months
732,org.joda.time.chrono.TestJulianChronology#testTimeFields
733,org.joda.time.TestDays#testToStandardDuration
734,org.joda.time.TestBaseSingleFieldPeriod#testCompareTo
735,org.joda.time.TestDateTimeUtils#testMillisProvider
736,org.joda.time.TestIllegalFieldValueException#testVerifyValueBounds
737,org.joda.time.format.TestDateTimeFormatter#testPrint_zone
738,org.joda.time.field.TestScaledDurationField#test_add_long_long
739,org.joda.time.TestInterval_Basics#testIsAfter_RI_null
740,org.joda.time.TestDuration_Constructors#testConstructor_RI_RI4
741,org.joda.time.TestMutableInterval_Updates#testSetInterval_long_long2
742,org.joda.time.field.TestPreciseDateTimeField#test_getAsShortText_long
743,org.joda.time.field.TestPreciseDateTimeField#test_set_RP_int_intarray_String_Locale
744,org.joda.time.TestInterval_Constructors#testConstructor_Object2
745,org.joda.time.TestPeriod_Constructors#testConstructor_RP_RP2
746,org.joda.time.TestInterval_Basics#test_useCase_ContainsOverlapAbutGap_bothZeroDuration
747,org.joda.time.TestDateTimeZoneCutover#test_DateTime_roundCeiling_minute_NewYork_Spring_preCutover
748,org.joda.time.TestTimeOfDay_Constructors#testConstantMidnight
749,org.joda.time.TestMutablePeriod_Updates#testSetPeriod_long_long_NoYears
750,org.joda.time.TestMutablePeriod_Updates#testTest
751,org.joda.time.TestDateTime_Basics#testToCalendar_Locale
752,org.joda.time.TestLocalDateTime_Properties#testPropertyGetMaxMinValuesMinute
753,org.joda.time.TestInterval_Constructors#testConstructor_RI_RP2
754,org.joda.time.TestAbstractPartial#testGetValues
755,org.joda.time.TestLocalTime_Basics#testMinusMillis_int
756,org.joda.time.TestMutableInterval_Constructors#testConstructor_RI_RI5
757,org.joda.time.TestIllegalFieldValueException#testOtherConstructors
758,org.joda.time.TestMutableInterval_Constructors#testConstructor_Object5
759,org.joda.time.TestLocalDate_Basics#testIsAfter_LocalDate
760,org.joda.time.convert.TestStringConverter#testGetDateTime2
761,org.joda.time.TestLocalDate_Properties#testPropertySetCopyDay
762,org.joda.time.TestTimeOfDay_Basics#testWithChronologyRetainFields_Chrono
763,org.joda.time.TestYearMonth_Basics#testGet
764,org.joda.time.convert.TestStringConverter#testGetInstantMillis_Object_Zone
765,org.joda.time.field.TestOffsetDateTimeField#test_getMinimumValue_RP
766,org.joda.time.TestMinutes#testToStandardSeconds
767,org.joda.time.TestMutableDateTime_Properties#testPropertyRemainderHourOfDay
768,org.joda.time.TestYearMonthDay_Basics#testPlusYears_int
769,org.joda.time.convert.TestStringConverter#testSetIntoPeriod_Object4
770,org.joda.time.TestLocalDateTime_Constructors#testConstructor_nullObject_Chronology
771,org.joda.time.TestDateTimeFieldType#test_clockhourOfDay
772,org.joda.time.format.TestDateTimeFormat#testFormat_fractionOfSecond
773,org.joda.time.TestYears#testDividedBy_int
774,org.joda.time.TestPeriodType#testStandard
775,org.joda.time.TestYearMonthDay_Constructors#testConstructor_ObjectStringEx4
776,org.joda.time.TestDateTime_Properties#testPropertyGetEra
777,org.joda.time.format.TestPeriodFormatterBuilder#testFormatPrintZeroRarelyFirstYears
778,org.joda.time.TestMutableInterval_Basics#testIsAfter_RI
779,org.joda.time.TestMutableDateTime_Constructors#testConstructor_nullObject_Chronology
780,org.joda.time.TestPeriod_Basics#testToStandardWeeks
781,org.joda.time.TestDateTime_Properties#testPropertyAddWrapFieldWeekOfWeekyear
782,org.joda.time.field.TestPreciseDateTimeField#test_getMinimumValue_RP_intarray
783,org.joda.time.TestMutableInterval_Basics#testToPeriod_PeriodType1
784,org.joda.time.TestMonthDay_Constructors#testFactory_FromDateFields
785,org.joda.time.TestTimeOfDay_Properties#testPropertyAddWrapFieldMilli
786,org.joda.time.TestDuration_Basics#testToPeriodTo_PeriodType
787,org.joda.time.TestChronology#testEqualsHashCode_Lenient
788,org.joda.time.TestLocalDate_Constructors#testConstructor_Object_nullDateTimeZone
789,org.joda.time.TestDateTimeFieldType#test_era
790,org.joda.time.format.TestDateTimeFormat#testFormat_year
791,org.joda.time.TestYearMonthDay_Constructors#testConstructor_int_int_int_Chronology
792,org.joda.time.TestLocalDate_Basics#testToString
793,org.joda.time.TestLocalDate_Properties#testPropertyGetMaxMinValuesYear
794,org.joda.time.convert.TestConverterManager#testAddIntervalConverter1
795,org.joda.time.field.TestPreciseDurationDateTimeField#test_roundCeiling_long
796,org.joda.time.TestLocalTime_Constructors#testConstructor_nullDateTimeZone
797,org.joda.time.TestPartial_Properties#testPropertySetMinute
798,org.joda.time.TestPeriod_Basics#testNormalizedStandard_periodType_yearMonth1
799,org.joda.time.chrono.TestEthiopicChronology#testCalendar
800,org.joda.time.TestMutableInterval_Constructors#testConstructor_RI_RI9
801,org.joda.time.TestDuration_Basics#testWithMillis1
802,org.joda.time.TestWeeks#testToString
803,org.joda.time.TestYearMonth_Basics#testIsBefore_YM
804,org.joda.time.TestMutableDateTime_Basics#testToCalendar_Locale
805,org.joda.time.TestMutableDateTime_Constructors#testConstructor_long1_Chronology
806,org.joda.time.TestDateMidnight_Basics#testToDateTime
807,org.joda.time.TestMutablePeriod_Updates#testAdd_RP6
808,org.joda.time.TestDateTime_Properties#testPropertyEqualsHashCodeStrict
809,org.joda.time.TestLocalDate_Basics#testToLocalDateTime_wrongChronologyLocalTime
810,org.joda.time.TestDateTimeZoneCutover#test_getOffsetFromLocal_Moscow_Spring
811,org.joda.time.TestLocalDate_Constructors#testConstructor_ObjectLocalTime
812,org.joda.time.TestYearMonthDay_Constructors#testConstructor_Object_nullChronology
813,org.joda.time.TestInterval_Basics#testContains_RI_null
814,org.joda.time.tz.TestUTCProvider#testGetZone_String
815,org.joda.time.TestLocalDate_Basics#testGet_DateTimeFieldType
816,org.joda.time.TestAbstractPartial#testGetValue
817,org.joda.time.TestTimeOfDay_Constructors#testConstructor_ObjectStringEx2
818,org.joda.time.TestLocalTime_Constructors#testConstructor_ObjectStringEx4
819,org.joda.time.TestLocalTime_Properties#testPropertyPlusHour
820,org.joda.time.TestLocalDateTime_Basics#testMinusYears_int
821,org.joda.time.TestTimeOfDay_Properties#testPropertySetHour
822,org.joda.time.TestTimeOfDay_Properties#testPropertyAddWrapFieldHour
823,org.joda.time.field.TestPreciseDateTimeField#test_getLeapAmount_long
824,org.joda.time.TestMutableDateTime_Constructors#testConstructor_nullDateTimeZone
825,org.joda.time.TestMutablePeriod_Updates#testSetPeriod_long_long3
826,org.joda.time.field.TestPreciseDateTimeField#test_getName
827,org.joda.time.TestInterval_Constructors#testConstructor_RD_RI4
828,org.joda.time.TestDateTimeComparator#testHour
829,org.joda.time.chrono.TestCopticChronology#testEquality
830,org.joda.time.TestSeconds#testGetMethods
831,org.joda.time.TestMutableInterval_Updates#testSetDurationAfterStart_long1
832,org.joda.time.field.TestScaledDurationField#test_getName
833,org.joda.time.TestPartial_Basics#testGetValues
834,org.joda.time.format.TestDateTimeFormat#testFormat_other
835,org.joda.time.TestPartial_Properties#testPropertyGetMaxMinValuesMinute
836,org.joda.time.TestMutableDateTime_Sets#testSetMillis_long1
837,org.joda.time.TestMutableDateTime_Constructors#testConstructor_long_nullDateTimeZone
838,org.joda.time.TestWeeks#testToStandardMinutes
839,org.joda.time.TestMutableInterval_Updates#testSeDurationAfterStart_long2
840,org.joda.time.TestMutableDateTime_Properties#testPropertyToIntervalDayOfMonth
841,org.joda.time.TestParseISO#testSpecExpandedCYMD
842,org.joda.time.TestInterval_Basics#testWithEndMillis_long2
843,org.joda.time.TestDateTimeUtils#testTest
844,org.joda.time.TestYearMonthDay_Constructors#testConstructor_ObjectString1
845,org.joda.time.field.TestPreciseDateTimeField#test_getAsShortText_RP_int_Locale
846,org.joda.time.TestLocalDate_Properties#testPropertySetCopyMonth
847,org.joda.time.TestYearMonthDay_Basics#testWithFieldAdded5
848,org.joda.time.chrono.TestJulianChronology#testFactory_Zone_int
849,org.joda.time.format.TestPeriodFormatterBuilder#testFormatPrintZeroRarelyFirstSeconds
850,org.joda.time.TestDateMidnight_Properties#testPropertyAddWrapFieldMonthOfYear
851,org.joda.time.TestMutableDateTime_Basics#testToDateTime_Chronology
852,org.joda.time.TestDays#testIsGreaterThan
853,org.joda.time.TestYearMonthDay_Basics#testWithField2
854,org.joda.time.TestDateTimeZoneCutover#test_MoscowIsCorrect_Spring
855,org.joda.time.TestLocalDateTime_Basics#testWithDate
856,org.joda.time.TestYearMonth_Constructors#testConstructor_ObjectStringEx4
857,org.joda.time.TestLocalDateTime_Properties#testPropertyGetYear
858,org.joda.time.TestLocalDateTime_Properties#testPropertySetTextHour
859,org.joda.time.TestLocalTime_Basics#testGetters
860,org.joda.time.field.TestPreciseDurationDateTimeField#test_add_long_int
861,org.joda.time.TestInstant_Basics#testIsBefore_long
862,org.joda.time.TestMutableDateTime_Sets#testSetChronology_Chronology1
863,org.joda.time.TestYearMonthDay_Basics#testGetFieldTypes
864,org.joda.time.TestMutableDateTime_Sets#testSetMinuteOfDay_int1
865,org.joda.time.TestMutableDateTime_Adds#testAddYears_int1
866,org.joda.time.TestMonths#testToString
867,org.joda.time.TestDateTime_Properties#testPropertySetTextWeekOfWeekyear
868,org.joda.time.TestLocalDateTime_Basics#testWithField_DateTimeFieldType_int_1
869,org.joda.time.TestPeriod_Constructors#testConstructor_RI_RI_PeriodType2
870,org.joda.time.TestMutableInterval_Updates#testSetPeriodBeforeEnd_RI3
871,org.joda.time.TestYearMonthDay_Basics#testToDateTime_TOD_nullZone
872,org.joda.time.TestMutableDateTime_Sets#testSetTime_RI2
873,org.joda.time.format.TestISODateTimeFormat#testFormat_time
874,org.joda.time.TestMutableInterval_Updates#testSetInterval_long_long1
875,org.joda.time.TestYearMonthDay_Properties#testPropertySetMonth
876,org.joda.time.TestMutablePeriod_Updates#testSetPeriod_RD1
877,org.joda.time.TestDuration_Basics#testToStandardDays
878,org.joda.time.TestLocalDateTime_Basics#testGetField_int
879,org.joda.time.TestMutableInterval_Updates#testSetStart_RI1
880,org.joda.time.TestMutablePeriod_Updates#testSetPeriod_RP1
881,org.joda.time.TestInterval_Basics#testWithChronology3
882,org.joda.time.TestLocalTime_Properties#testPropertyCompareToSecond
883,org.joda.time.format.TestISODateTimeFormatParsing#test_basicOrdinalDateTimeNoMillis
884,org.joda.time.TestMutableInterval_Updates#testSetDurationBeforeEnd_RI1
885,org.joda.time.TestMutableDateTime_Properties#testPropertyToIntervalMinuteOfHour
886,org.joda.time.convert.TestCalendarConverter#testToString
887,org.joda.time.TestMutableDateTime_Properties#testPropertySetTextDayOfYear
888,org.joda.time.TestTimeOfDay_Properties#testPropertySetTextSecond
889,org.joda.time.TestMonthDay_Basics#testWithFieldAdded_unknownField
890,org.joda.time.TestMutableDateTime_Basics#testRounding2
891,org.joda.time.TestInterval_Basics#testIsBefore_RI_null
892,org.joda.time.TestDateTimeZoneCutover#test_LocalDate_new_Gaza
893,org.joda.time.TestMutableDateTime_Sets#testTest
894,org.joda.time.TestWeeks#testFactory_weeksBetween_RPartial
895,org.joda.time.TestPeriod_Basics#testSerialization
896,org.joda.time.TestPeriod_Constructors#testConstructor_RP_RP2Local
897,org.joda.time.convert.TestConverterManager#testGetDurationConverter
898,org.joda.time.TestLocalTime_Properties#testPropertyGetSecond
899,org.joda.time.TestLocalDateTime_Constructors#testConstructor_long2_Chronology
900,org.joda.time.TestInstant_Basics#testCompareTo
901,org.joda.time.TestLocalTime_Basics#testPlusMillis_int
902,org.joda.time.TestTimeOfDay_Properties#testPropertyCompareToMilli
903,org.joda.time.TestMonthDay_Basics#testWithChronologyRetainFields_sameChrono
904,org.joda.time.format.TestDateTimeFormat#testFormat_fractionOfSecondLong
905,org.joda.time.TestInterval_Basics#testWithChronology2
906,org.joda.time.TestDateMidnight_Basics#testWithDurationAdded_long_int
907,org.joda.time.TestBaseSingleFieldPeriod#testIsSupported
908,org.joda.time.TestMonthDay_Constructors#testConstructor_long1
909,org.joda.time.convert.TestNullConverter#testGetChronology_Object_Chronology
910,org.joda.time.TestLocalDate_Basics#testWithFieldAdded_DurationFieldType_int_3
911,org.joda.time.field.TestBaseDateTimeField#test_add_long_long
912,org.joda.time.TestLocalDateTime_Basics#testToDate_winter
913,org.joda.time.format.TestPeriodFormat#test_wordBased_es_cached
914,org.joda.time.TestMutableInterval_Basics#testToPeriod
915,org.joda.time.TestInterval_Constructors#testConstructor_RI_RP6
916,org.joda.time.TestYearMonthDay_Constructors#testConstructor_long2_Chronology
917,org.joda.time.TestDateMidnight_Basics#testPlusDays_int
918,org.joda.time.convert.TestLongConverter#testGetChronology_Object_Zone
919,org.joda.time.TestPartial_Basics#testWith4
920,org.joda.time.TestLocalDate_Properties#testPropertySetCopyTextDay
921,org.joda.time.format.TestDateTimeFormatter#testWithGetZone
922,org.joda.time.TestPartial_Constructors#testConstructor_TypeArray_intArray_Chrono
923,org.joda.time.field.TestUnsupportedDateTimeField#testUnsupportedMethods
924,org.joda.time.field.TestPreciseDateTimeField#test_set_RP_int_intarray_int
925,org.joda.time.convert.TestConverterSet#testRemoveNullRemoved1
926,org.joda.time.TestMinutes#testFactory_minutesBetween_RInstant
927,org.joda.time.TestDateTimeZoneCutover#test_DateTime_roundFloor_minute_NewYork_Spring_postCutover
928,org.joda.time.TestTimeOfDay_Properties#testPropertyCompareToMinute
929,org.joda.time.format.TestISOPeriodFormat#testFormatAlternateWithWeeks
930,org.joda.time.TestTimeOfDay_Constructors#testFactory_FromDateFields_before1970
931,org.joda.time.TestChronology#testEqualsHashCode_Limit
932,org.joda.time.TestMutableDateTime_Properties#testPropertySetDayOfYear
933,org.joda.time.TestPeriod_Basics#testWithFields1
934,org.joda.time.TestDateTime_Constructors#testConstructor_Object
935,org.joda.time.TestMutablePeriod_Constructors#testConstructor_8int__PeriodType2
936,org.joda.time.field.TestPreciseDateTimeField#test_addWrapField_long_int
937,org.joda.time.TestLocalDate_Constructors#testConstructor_long_nullDateTimeZone
938,org.joda.time.TestLocalDateTime_Basics#testToDateTime_Zone
939,org.joda.time.TestInterval_Basics#testWithPeriodBeforeEnd1
940,org.joda.time.field.TestPreciseDurationDateTimeField#test_getAsShortText_int_Locale
941,org.joda.time.format.TestDateTimeFormatter#testPrint_simple
942,org.joda.time.TestMutableDateTime_Basics#testIsBefore
943,org.joda.time.TestDateTime_Properties#testPropertyAddWrapFieldDayOfYear
944,org.joda.time.convert.TestConverterManager#testRemovePeriodConverter2
945,org.joda.time.format.TestPeriodFormatterBuilder#testFormatWeeks
946,org.joda.time.TestLocalDateTime_Properties#testPropertySetTextSecond
947,org.joda.time.TestYearMonthDay_Constructors#testConstructor_ObjectString3
948,org.joda.time.TestDateTimeZoneCutover#test_LocalDate_toDateMidnight_Gaza
949,org.joda.time.TestDateTime_Properties#testPropertyToIntervalMinuteOfHour
950,org.joda.time.TestInterval_Basics#testEqualsHashCodeStrict
951,org.joda.time.format.TestDateTimeFormatter#testWithGetLocale
952,org.joda.time.TestPartial_Basics#testWithFieldAdded7
953,org.joda.time.TestPeriod_Basics#testIsSupported
954,org.joda.time.convert.TestConverterManager#testGetInstantConverterRemovedNull
955,org.joda.time.TestDateMidnight_Basics#testToYearMonthDay
956,org.joda.time.TestInterval_Basics#testWithPeriodAfterStart3
957,org.joda.time.TestHours#testMinus_Hours
958,org.joda.time.field.TestPreciseDateTimeField#test_set_long_String_Locale
959,org.joda.time.field.TestPreciseDurationDateTimeField#test_roundHalfFloor_long
960,org.joda.time.TestLocalDateTime_Basics#testToDate_summer
961,org.joda.time.chrono.TestBuddhistChronology#testEquality
962,org.joda.time.field.TestPreciseDurationDateTimeField#test_getAsShortText_RP_Locale
963,org.joda.time.TestInterval_Constructors#testConstructor_RI_RD5
964,org.joda.time.TestPartial_Basics#testSerialization
965,org.joda.time.chrono.TestEthiopicChronology#testFactory_Zone
966,org.joda.time.TestSeconds#testSerialization
967,org.joda.time.TestLocalDateTime_Properties#testPropertySetTextMilli
968,org.joda.time.TestMonthDay_Constructors#testConstructor_int_int_nullChronology
969,org.joda.time.TestDateTimeComparator#testListDOY
970,org.joda.time.TestInterval_Constructors#testConstructor_RI_RI4
971,org.joda.time.TestMonthDay_Basics#testSerialization
972,org.joda.time.TestPeriod_Constructors#testConstructor_RI_RI_PeriodType3
973,org.joda.time.TestDateTime_Properties#testPropertyGetYearOfEra
974,org.joda.time.format.TestPeriodFormatterBuilder#testFormatAppend_PrinterParser_PrinterParser
975,org.joda.time.field.TestScaledDurationField#test_getUnitMillis
976,org.joda.time.TestMonthDay_Constructors#testConstructor_ObjectStringEx4
977,org.joda.time.TestTimeOfDay_Constructors#testConstructor_long_nullChronology
978,org.joda.time.format.TestDateTimeFormat#testFormat_yearOfEra
979,org.joda.time.TestMutableInterval_Constructors#testConstructor_RP_RI1
980,org.joda.time.convert.TestReadableDurationConverter#testGetPeriodType_Object
981,org.joda.time.TestDateMidnight_Basics#testToDate
982,org.joda.time.TestPeriod_Basics#testWithFieldAdded1
983,org.joda.time.TestLocalDateTime_Basics#testSize
984,org.joda.time.TestDateTimeZoneCutover#test_DateTime_newValid_Turk
985,org.joda.time.TestDateMidnight_Properties#testPropertyRoundHalfFloorMonthOfYear
986,org.joda.time.TestMutableDateTime_Properties#testPropertyGetMinuteOfDay
987,org.joda.time.TestLocalDateTime_Properties#testPropertyGetMinute
988,org.joda.time.TestMutableDateTime_Properties#testPropertyAddWrapFieldMonthOfYear
989,org.joda.time.TestPeriod_Basics#testToStandardMinutes_years
990,org.joda.time.TestMutablePeriod_Constructors#testConstructor_8int__PeriodType3
991,org.joda.time.format.TestISODateTimeFormat#testFormat_weekDateTimeNoMillis
992,org.joda.time.TestLocalTime_Constructors#testConstructor_Object1_DateTimeZone
993,org.joda.time.TestDateTimeZoneCutover#test_DateTime_roundFloor_secondOfMinute_NewYork_Autumn_postCutover
994,org.joda.time.TestInterval_Constructors#testConstructor_RP_RI1
995,org.joda.time.format.TestPeriodFormat#test_getDefault_parseOneField
996,org.joda.time.TestDateTime_Basics#testWithChronology_Chronology
997,org.joda.time.TestYearMonthDay_Basics#testWithFieldAdded4
998,org.joda.time.chrono.TestGregorianChronology#testMaximumValue
999,org.joda.time.TestYearMonthDay_Properties#testPropertyCompareToMonth
1000,org.joda.time.TestLocalTime_Basics#testGet_DateTimeFieldType
1001,org.joda.time.chrono.TestLenientChronology#test_MockTurkIsCorrect
1002,org.joda.time.convert.TestReadablePeriodConverter#testToString
1003,org.joda.time.TestInterval_Basics#testIsBefore_RI
1004,org.joda.time.format.TestISODateTimeFormatParsing#test_basicTime
1005,org.joda.time.convert.TestStringConverter#testGetDateTime3
1006,org.joda.time.TestLocalDateTime_Constructors#testConstructor_ObjectLocalDate
1007,org.joda.time.format.TestISODateTimeFormat#testFormat_basicDateTime
1008,org.joda.time.TestInstant_Basics#testMinus_long
1009,org.joda.time.TestLocalDateTime_Basics#testIsSupported_DateTimeFieldType
1010,org.joda.time.TestMutablePeriod_Constructors#testConstructor_RI_RI5
1011,org.joda.time.TestYearMonthDay_Basics#testSerialization
1012,org.joda.time.format.TestISODateTimeFormat#testFormat_dateHour
1013,org.joda.time.TestInterval_Basics#testWithDurationBeforeEnd3
1014,org.joda.time.TestMutableDateTime_Basics#testToString_DTFormatter
1015,org.joda.time.TestMutableDateTime_Properties#testPropertySetTextYear
1016,org.joda.time.TestDuration_Basics#testToDuration1
1017,org.joda.time.TestDateTime_Properties#testPropertyAddWrapFieldYear
1018,org.joda.time.TestPeriod_Constructors#testConstructor_long_long_PeriodType_Chronology1
1019,org.joda.time.format.TestPeriodFormatterBuilder#testFormatAppendFormatter
1020,org.joda.time.field.TestPreciseDurationField#test_constructor
1021,org.joda.time.TestMutableDateTime_Properties#testPropertyAddWrapFieldYear
1022,org.joda.time.TestDateTimeUtils#testGetIntervalChronology_RI_RI
1023,org.joda.time.TestDateMidnight_Properties#testPropertyGetYearOfCentury
1024,org.joda.time.TestDurationFieldType#test_hours
1025,org.joda.time.TestMutablePeriod_Basics#testGetPeriodType
1026,org.joda.time.TestDateTime_Basics#testWithDurationAdded_long_int
1027,org.joda.time.convert.TestReadableDurationConverter#testGetDurationMillis_Object
1028,org.joda.time.TestMutableDateTime_Sets#testSetZoneRetainFields_DateTimeZone3
1029,org.joda.time.TestMonthDay_Basics#testToString_String
1030,org.joda.time.format.TestISODateTimeFormat_Fields#testForFields_datetime_DH
1031,org.joda.time.TestYearMonthDay_Basics#testProperty
1032,org.joda.time.TestYearMonth_Basics#testIsAfter_YM
1033,org.joda.time.TestMonthDay_Properties#testPropertySetTextMonthOfYear
1034,org.joda.time.convert.TestStringConverter#testSetIntoPeriod_Object6
1035,org.joda.time.format.TestDateTimeFormatter#testWithGetChronology
1036,org.joda.time.TestPeriod_Constructors#testConstructor_RP_RP_PeriodType3
1037,org.joda.time.TestHours#testFactory_standardHoursIn_RPeriod
1038,org.joda.time.TestDateTime_Properties#testPropertyGetCenturyOfEra
1039,org.joda.time.TestMutableDateTime_Properties#testPropertyRoundFloorHourOfDay
1040,org.joda.time.format.TestISODateTimeFormat_Fields#testForFields_time_Sm
1041,org.joda.time.TestDateMidnight_Constructors#testConstructor_badconverterObject
1042,org.joda.time.chrono.TestEthiopicChronology#testEquality
1043,org.joda.time.TestPeriod_Basics#testNormalizedStandard_periodType_weekDay1
1044,org.joda.time.TestYearMonthDay_Constructors#testConstructor_nullObject
1045,org.joda.time.TestDateTimeComparator#testWOYY
1046,org.joda.time.TestLocalDateTime_Properties#testPropertyCompareToHour
1047,org.joda.time.TestDateTimeZoneCutover#test_DateTime_roundFloor_day_NewYork_Autumn_preCutover
1048,org.joda.time.TestLocalDate_Constructors#testConstructor_nullObject
1049,org.joda.time.TestDuration_Basics#testPlus_RD3
1050,org.joda.time.chrono.TestIslamicChronology#testEpoch
1051,org.joda.time.TestTimeOfDay_Constructors#testFactory_FromDateFields_after1970
1052,org.joda.time.TestLocalDate_Basics#testGetFieldTypes
1053,org.joda.time.TestLocalDateTime_Properties#testPropertySetHour
1054,org.joda.time.TestLocalDateTime_Basics#testIsSupported_DurationFieldType
1055,org.joda.time.TestMutablePeriod_Constructors#testConstructor_RI_RI_PeriodType2
1056,org.joda.time.TestMutablePeriod_Updates#testSetPeriod_8ints3
1057,org.joda.time.TestMutableInterval_Constructors#testConstructor_RP_RI3
1058,org.joda.time.TestDateTime_Constructors#testConstructor_ObjectString1
1059,org.joda.time.TestMutableDateTime_Adds#testAdd_RD_int1
1060,org.joda.time.TestInstant_Constructors#testConstructor_Object
1061,org.joda.time.TestYearMonthDay_Basics#testPlus_RP
1062,org.joda.time.TestTimeOfDay_Properties#testPropertyCompareToHour
1063,org.joda.time.TestMonthDay_Properties#testPropertySetDayOfMonth
1064,org.joda.time.TestDuration_Basics#testMinus_long1
1065,org.joda.time.TestHours#testToStandardMinutes
1066,org.joda.time.TestDateTime_Basics#testIsAfterNow
1067,org.joda.time.TestYears#testIsLessThan
1068,org.joda.time.TestMutableInterval_Updates#testSetInterval_RI_RI2
1069,org.joda.time.convert.TestConverterManager#testAddPartialConverter4
1070,org.joda.time.field.TestMillisDurationField#testSerialization
1071,org.joda.time.TestLocalDateTime_Properties#testPropertySetCopyYear
1072,org.joda.time.TestYearMonth_Basics#testMinus_RP
1073,org.joda.time.TestTimeOfDay_Basics#testWithers
1074,org.joda.time.TestYearMonth_Basics#testIsSupported
1075,org.joda.time.TestDateMidnight_Properties#testPropertyToIntervalYearOfEra
1076,org.joda.time.TestMutablePeriod_Updates#testMergePeriod_RP1
1077,org.joda.time.TestYearMonthDay_Basics#testToString_DTFormatter
1078,org.joda.time.TestTimeOfDay_Basics#testMinusSeconds_int
1079,org.joda.time.TestLocalTime_Basics#testPlusMinutes_int
1080,org.joda.time.TestTimeOfDay_Basics#testMinusHours_int
1081,org.joda.time.convert.TestConverterManager#testGetPeriodConverter
1082,org.joda.time.TestDateTimeZone#testForOffsetMillis_int
1083,org.joda.time.TestLocalTime_Constructors#testConstructor_Object2
1084,org.joda.time.format.TestDateTimeFormatter#testWithGetOffsetParsedMethods
1085,org.joda.time.TestWeeks#testMultipliedBy_int
1086,org.joda.time.TestLocalDateTime_Properties#testPropertyAddWrapFieldToCopyMinute
1087,org.joda.time.TestLocalDate_Constructors#testConstructor_int_int_int_Chronology
1088,org.joda.time.format.TestDateTimeFormatter#testParseMillis_fractionOfSecondLong
1089,org.joda.time.TestMutablePeriod_Updates#testSetPeriod_RInterval1
1090,org.joda.time.TestInterval_Constructors#testConstructor_long_long_Chronology
1091,org.joda.time.TestYearMonthDay_Basics#testMinusMonths_int
1092,org.joda.time.TestDuration_Basics#testToStandardMinutes_overflow
1093,org.joda.time.TestDays#testPlus_int
1094,org.joda.time.TestInterval_Constructors#testConstructor_RP_RI6
1095,org.joda.time.TestLocalTime_Constructors#testConstructor_ObjectString_DateTimeZoneNewYork
1096,org.joda.time.TestLocalDateTime_Properties#testPropertyCompareToDay
1097,org.joda.time.convert.TestConverterManager#testRemoveIntervalConverter3
1098,org.joda.time.TestDateTime_Constructors#testConstructor_nullDateTimeZone
1099,org.joda.time.TestYearMonthDay_Basics#testToDateTime_nullTOD
1100,org.joda.time.TestDateMidnight_Constructors#testConstructor_long2_Chronology
1101,org.joda.time.TestDuration_Basics#testGetMillis
1102,org.joda.time.TestPartial_Basics#testGetValue
1103,org.joda.time.TestLocalDate_Constructors#testConstructor_long1_DateTimeZone
1104,org.joda.time.format.TestISODateTimeFormat#testFormat_basicOrdinalDateTimeNoMillis
1105,org.joda.time.TestLocalDate_Basics#testToDate_winter
1106,org.joda.time.TestDateMidnight_Basics#testWithZoneRetainFields_DateTimeZone
1107,org.joda.time.TestYearMonthDay_Basics#testToDateMidnight_nullZone
1108,org.joda.time.TestParseISO#testSpecTruncatedM
1109,org.joda.time.chrono.TestIslamicChronology#testFactoryUTC
1110,org.joda.time.TestLocalTime_Constructors#testFactory_FromDateFields_before1970
1111,org.joda.time.format.TestDateTimeFormat#testFormat_zoneText
1112,org.joda.time.TestDateTime_Constructors#testConstructor_Chronology
1113,org.joda.time.chrono.TestISOChronology#testToString
1114,org.joda.time.format.TestPeriodFormat#test_wordBased_nl_formatTwoFields
1115,org.joda.time.format.TestISODateTimeFormatParsing#test_basicDate
1116,org.joda.time.TestLocalDate_Constructors#testConstructor_ObjectString2
1117,org.joda.time.TestDateTime_Basics#testPlusDays_int
1118,org.joda.time.convert.TestConverterManager#testToString
1119,org.joda.time.TestPartial_Basics#testToString4
1120,org.joda.time.TestLocalDateTime_Constructors#testConstructor_long_nullChronology
1121,org.joda.time.field.TestPreciseDurationField#test_getValue_long_long
1122,org.joda.time.TestTimeOfDay_Properties#testPropertySetTextMinute
1123,org.joda.time.format.TestDateTimeFormatterBuilder#test_append_Formatter
1124,org.joda.time.TestLocalDate_Basics#testToDateTime_LocalTime_nullZone
1125,org.joda.time.TestInterval_Basics#testToPeriod_PeriodType2
1126,org.joda.time.format.TestDateTimeFormatter#testZoneNameNearTransition
1127,org.joda.time.field.TestPreciseDateTimeField#test_getMinimumValue
1128,org.joda.time.TestDateTimeZone#testSerialization1
1129,org.joda.time.format.TestISOPeriodFormat#testFormatAlternateExtended
1130,org.joda.time.chrono.TestEthiopicChronology#testWithUTC
1131,org.joda.time.TestMutableDateTime_Properties#testPropertyGetSecondOfMinute
1132,org.joda.time.TestInstant_Basics#testToDate
1133,org.joda.time.format.TestPeriodFormat#test_wordBased_nl_formatStandard
1134,org.joda.time.TestLocalTime_Constructors#testConstructor_long_nullChronology
1135,org.joda.time.TestLocalTime_Basics#testSerialization
1136,org.joda.time.TestInstant_Constructors#testConstructor
1137,org.joda.time.TestYearMonthDay_Basics#testCompareTo
1138,org.joda.time.TestYearMonthDay_Basics#testGetFields
1139,org.joda.time.convert.TestStringConverter#testGetChronology_Object_Chronology
1140,org.joda.time.TestLocalDateTime_Basics#testGet_DateTimeFieldType
1141,org.joda.time.TestBaseSingleFieldPeriod#testFieldTypeIndexMethods
1142,org.joda.time.TestIllegalFieldValueException#testReadablePartialValidate
1143,org.joda.time.TestSerialization#testSerializedInstant
1144,org.joda.time.TestLocalDateTime_Basics#testGetFieldType_int
1145,org.joda.time.field.TestMillisDurationField#test_add_long_long
1146,org.joda.time.format.TestPeriodFormatterBuilder#testFormatPrefixSimple1
1147,org.joda.time.convert.TestReadableInstantConverter#testGetChronology_Object_Chronology
1148,org.joda.time.chrono.TestEthiopicChronology#testDurationFields
1149,org.joda.time.TestSeconds#testToStandardDuration
1150,org.joda.time.TestDateTimeZoneCutover#test_DateTime_roundCeiling_secondOfMinute_NewYork_Autumn_postCutover
1151,org.joda.time.TestPeriodType#testSeconds
1152,org.joda.time.field.TestPreciseDurationDateTimeField#test_getMinimumValue_long
1153,org.joda.time.format.TestDateTimeFormat#testFormatParse_textEraAD_UK
1154,org.joda.time.TestMutablePeriod_Updates#testSetPeriod_long_long_NoDays
1155,org.joda.time.TestMonthDay_Basics#testMinusMonths_int_wrap
1156,org.joda.time.field.TestOffsetDateTimeField#test_roundFloor_long
1157,org.joda.time.format.TestPeriodFormatterBuilder#testFormatPrintZeroRarelyFirstMinutes
1158,org.joda.time.format.TestDateTimeFormatter#testParseDateTime_chrono
1159,org.joda.time.TestMutableDateTime_Properties#testPropertyAddWrapFieldDayOfYear
1160,org.joda.time.TestLocalTime_Constructors#testFactory_FromCalendarFields_Calendar
1161,org.joda.time.TestPeriod_Basics#testNormalizedStandard_periodType_yearMonth2
1162,org.joda.time.TestPartial_Constructors#testConstructor_Chrono
1163,org.joda.time.format.TestPeriodFormat#test_wordBased_de_cached
1164,org.joda.time.field.TestBaseDateTimeField#test_get
1165,org.joda.time.TestDateTimeComparator#testListDOM
1166,org.joda.time.TestSerialization#testSerializedUnsupportedDateTimeField
1167,org.joda.time.TestTimeOfDay_Constructors#testConstructor_int_int_int_Chronology
1168,org.joda.time.TestMonthDay_Basics#testToDateTime_RI
1169,org.joda.time.TestDateTimeComparator#testYear
1170,org.joda.time.TestMutablePeriod_Updates#testAdd_RP5
1171,org.joda.time.format.TestDateTimeFormatStyle#testForStyle_longDateTime
1172,org.joda.time.TestInterval_Basics#testWithStartInstant_RI2
1173,org.joda.time.TestLocalDateTime_Constructors#testConstructor_long2_DateTimeZone
1174,org.joda.time.TestDateMidnight_Properties#testPropertyGetMonthOfYear
1175,org.joda.time.TestLocalTime_Constructors#testConstructor_long_DateTimeZone_2
1176,org.joda.time.chrono.TestISOChronology#testDurationFields
1177,org.joda.time.convert.TestConverterManager#testAddInstantConverter3
1178,org.joda.time.TestMutablePeriod_Basics#testToString
1179,org.joda.time.TestLocalDate_Basics#testPlusWeeks_int
1180,org.joda.time.TestLocalDate_Properties#testPropertySetCopyTextYear
1181,org.joda.time.TestParseISO#testSpecTimeTruncatedM
1182,org.joda.time.TestPartial_Basics#testMinus_RP
1183,org.joda.time.TestBaseSingleFieldPeriod#testFactory_standardPeriodIn_RPeriod
1184,org.joda.time.TestPeriod_Constructors#testConstructor_Object2
1185,org.joda.time.field.TestPreciseDurationDateTimeField#test_roundHalfCeiling_long
1186,org.joda.time.TestPartial_Basics#testWithFieldAdded1
1187,org.joda.time.TestYearMonth_Properties#testPropertyGetMaxMinValuesMonth
1188,org.joda.time.TestDateTimeZoneCutover#test_DateTime_plusHour_Guatemata_Autumn
1189,org.joda.time.format.TestPeriodFormat#test_wordBased_pt_formatStandard
1190,org.joda.time.TestYearMonth_Constructors#testConstructor_ObjectString1
1191,org.joda.time.TestLocalTime_Properties#testPropertyGetMaxMinValuesMilli
1192,org.joda.time.TestMutableDateTime_Properties#testPropertyGetCenturyOfEra
1193,org.joda.time.format.TestDateTimeFormatStyle#testForStyle_shortTime
1194,org.joda.time.TestDateTimeZoneCutover#test_DateTime_roundFloor_Gaza
1195,org.joda.time.TestDateMidnight_Basics#testWithFieldAdded3
1196,org.joda.time.TestTimeOfDay_Properties#testPropertyAddHour
1197,org.joda.time.format.TestISODateTimeFormat#testFormat_basicTTime
1198,org.joda.time.TestPartial_Properties#testPropertyWithMinimumValueHour
1199,org.joda.time.TestDateTime_Properties#testPropertyRoundHalfEvenHourOfDay
1200,org.joda.time.TestDateTimeZoneCutover#test_DateTime_roundCeiling_day_NewYork_Spring_postCutover
1201,org.joda.time.TestDateMidnight_Properties#testPropertyGetDifferenceMonthOfYear
1202,org.joda.time.field.TestPreciseDurationDateTimeField#test_getName
1203,org.joda.time.TestWeeks#testPlus_int
1204,org.joda.time.TestDurationFieldType#test_eras
1205,org.joda.time.TestLocalTime_Properties#testPropertySetTextHour
1206,org.joda.time.TestMutablePeriod_Constructors#testConstructor_Object3
1207,org.joda.time.convert.TestReadableIntervalConverter#testSetIntoInterval_Object2
1208,org.joda.time.field.TestPreciseDurationField#test_add_long_long
1209,org.joda.time.TestDuration_Basics#testToStandardSeconds
1210,org.joda.time.TestLocalDate_Constructors#testConstructor_nullObject_Chronology
1211,org.joda.time.format.TestISOPeriodFormatParsing#testParseStandard9
1212,org.joda.time.format.TestISODateTimeFormat#testFormat_tTimeNoMillis
1213,org.joda.time.TestLocalDate_Basics#testToString_DTFormatter
1214,org.joda.time.TestParseISO#testSpecOrdinalComplete
1215,org.joda.time.convert.TestCalendarConverter#testSingleton
1216,org.joda.time.TestMutableInterval_Basics#testToInterval1
1217,org.joda.time.convert.TestLongConverter#testGetInstantMillis_Object_Chronology
1218,org.joda.time.TestYearMonthDay_Basics#testToDateTimeAtCurrentTime
1219,org.joda.time.TestDateTimeZone#testNameProviderSecurity
1220,org.joda.time.TestLocalTime_Basics#testPlusSeconds_int
1221,org.joda.time.TestPeriod_Basics#testPlus
1222,org.joda.time.TestPartial_Basics#testWithFieldAddWrapped6
1223,org.joda.time.TestMutableInterval_Constructors#testConstructor_RI_RP2
1224,org.joda.time.TestMutableDateTime_Sets#testSetMilliOfSecond_int1
1225,org.joda.time.field.TestScaledDurationField#test_equals
1226,org.joda.time.TestMinutes#testMinus_int
1227,org.joda.time.TestMutableInterval_Constructors#testConstructor_RI_RD1
1228,org.joda.time.TestDateTimeFieldType#test_halfdayOfDay
1229,org.joda.time.convert.TestStringConverter#testGetInstantMillis_Object
1230,org.joda.time.TestDateTimeZoneCutover#test_DateTime_plusDay_Gaza
1231,org.joda.time.chrono.TestGJChronology#testMaximumValue
1232,org.joda.time.TestYearMonthDay_Basics#testToDateTimeAtMidnight_Zone
1233,org.joda.time.TestInterval_Basics#testToString
1234,org.joda.time.format.TestDateTimeFormatStyle#testForStyle_mediumLongDateTime
1235,org.joda.time.TestLocalTime_Basics#testToDateTime_nullRI
1236,org.joda.time.convert.TestStringConverter#testToString
1237,org.joda.time.TestTimeOfDay_Properties#testPropertyGetMinute
1238,org.joda.time.TestLocalDate_Basics#testEqualsHashCodeAPI
1239,org.joda.time.convert.TestConverterManager#testRemoveDurationConverter3
1240,org.joda.time.TestPeriod_Constructors#testConstructor_RD_RI1
1241,org.joda.time.TestInstant_Basics#testToInstant
1242,org.joda.time.TestDateTime_Constructors#testConstructor_ObjectString7
1243,org.joda.time.TestPartial_Properties#testPropertyGetMaxMinValuesHour
1244,org.joda.time.TestInterval_Basics#testContains_RInterval_null
1245,org.joda.time.TestMutableDateTime_Basics#testGet_DateTimeFieldType
1246,org.joda.time.TestMonthDay_Constructors#testConstructor_ObjectString1
1247,org.joda.time.chrono.TestCopticChronology#testToString
1248,org.joda.time.TestDateTime_Constructors#testConstructor_invalidObject_DateTimeZone
1249,org.joda.time.TestLocalDate_Constructors#testConstructor_Chronology
1250,org.joda.time.chrono.TestCopticChronology#testTimeFields
1251,org.joda.time.TestParseISO#testSpecTimeTruncatedFractionMS
1252,org.joda.time.TestPartial_Basics#testToString_String_Locale
1253,org.joda.time.TestDateTimeZone#testNameProvider
1254,org.joda.time.TestMonthDay_Constructors#testConstructor_nullChronology
1255,org.joda.time.TestLocalDateTime_Constructors#testConstructor_ObjectStringEx5
1256,org.joda.time.TestDurationFieldType#test_years
1257,org.joda.time.TestMonthDay_Properties#testPropertySetTextDayOfMonth
1258,org.joda.time.field.TestPreciseDurationDateTimeField#test_getAsShortText_RP_int_Locale
1259,org.joda.time.TestWeeks#testSerialization
1260,org.joda.time.field.TestPreciseDurationDateTimeField#test_set_long_String
1261,org.joda.time.convert.TestReadableDurationConverter#testSetInto_Object
1262,org.joda.time.TestYearMonthDay_Properties#testPropertyAddYear
1263,org.joda.time.convert.TestReadableIntervalConverter#testSetIntoPeriod_Object2
1264,org.joda.time.TestYearMonthDay_Basics#testWithChronologyRetainFields_Chrono
1265,org.joda.time.TestMutableInterval_Constructors#testConstructor_RI_RP5
1266,org.joda.time.TestDateTime_Basics#testWithFieldAdded3
1267,org.joda.time.TestLocalTime_Constructors#testConstructor_Object_nullDateTimeZone
1268,org.joda.time.TestTimeOfDay_Basics#testGetFields
1269,org.joda.time.TestDateTime_Constructors#testConstructor_int_int_int_int_int
1270,org.joda.time.format.TestDateTimeFormatStyle#testForStyle_mediumDateTime
1271,org.joda.time.format.TestDateTimeFormat#testFormatParse_textMonthApr_Korean
1272,org.joda.time.TestDateTimeComparator#testSecond
1273,org.joda.time.format.TestISODateTimeFormatParsing#test_dateElementParser
1274,org.joda.time.TestLocalDate_Properties#testPropertyEqualsHashCodeLenient
1275,org.joda.time.TestPeriod_Basics#testNormalizedStandard_weekDay1
1276,org.joda.time.TestBaseSingleFieldPeriod#testGetSetValue
1277,org.joda.time.field.TestPreciseDateTimeField#test_getAsShortText_long_Locale
1278,org.joda.time.TestParseISO#testSpecWeekTruncatedW
1279,org.joda.time.TestMutableDateTime_Sets#testSetMillis_RI1
1280,org.joda.time.convert.TestConverterManager#testAddPeriodConverter2
1281,org.joda.time.TestDuration_Constructors#testConstructor_long1
1282,org.joda.time.TestYearMonth_Basics#testWithFieldAdded_nullField_nonZero
1283,org.joda.time.TestLocalDate_Properties#testPropertyWithMaximumValueDayOfMonth
1284,org.joda.time.TestLocalDateTime_Properties#testPropertyRoundHour
1285,org.joda.time.TestDateMidnight_Basics#testCompareTo
1286,org.joda.time.TestInterval_Basics#testContains_RI_zeroDuration
1287,org.joda.time.TestTimeOfDay_Basics#testToString_String
1288,org.joda.time.TestDateMidnight_Properties#testPropertyToIntervalDayOfMonth
1289,org.joda.time.TestMutableDateTime_Sets#testSet_DateTimeFieldType_int1
1290,org.joda.time.format.TestPeriodFormatterBuilder#testFormatSeconds
1291,org.joda.time.TestMutableDateTime_Constructors#testConstructor_invalidObject_DateTimeZone
1292,org.joda.time.TestSeconds#testFactory_secondsIn_RInterval
1293,org.joda.time.TestInstant_Basics#testMinus_RD
1294,org.joda.time.TestInstant_Constructors#testConstructor_long2
1295,org.joda.time.TestLocalTime_Basics#testIsBefore_LocalTime
1296,org.joda.time.TestLocalTime_Properties#testPropertyGetMaxMinValuesMinute
1297,org.joda.time.convert.TestReadablePartialConverter#testGetChronology_Object_Chronology
1298,org.joda.time.TestLocalDate_Basics#testToLocalDateTime_nullLocalTime
1299,org.joda.time.TestYearMonthDay_Basics#testToDateTime_nullRI
1300,org.joda.time.TestPartial_Properties#testPropertyCompareToHour
1301,org.joda.time.TestDateTime_Constructors#testConstructor_int_int_int_int_int_int_nullChronology
1302,org.joda.time.format.TestISODateTimeFormat_Fields#testForFields_time_Mm
1303,org.joda.time.TestYearMonth_Constructors#testConstructor_nullObject_nullChronology
1304,org.joda.time.chrono.TestJulianChronology#testFactoryUTC
1305,org.joda.time.TestPeriod_Basics#testToStandardSeconds_months
1306,org.joda.time.format.TestPeriodFormatterBuilder#testFormatAppend_PrinterParser_Printer_null
1307,org.joda.time.format.TestISOPeriodFormat#testFormatAlternateExtendedWithWeeks
1308,org.joda.time.TestMutableDateTime_Properties#testPropertyGetDayOfWeek
1309,org.joda.time.TestLocalTime_Basics#testWithField_DateTimeFieldType_int_1
1310,org.joda.time.TestParseISO#testSpecExpandedCY
1311,org.joda.time.chrono.TestLenientChronology#test_lenientChrononolgy_Chicago
1312,org.joda.time.format.TestPeriodFormatterBuilder#testFormatSeparatorIfFieldsAfter
1313,org.joda.time.TestDurationFieldType#test_weeks
1314,org.joda.time.convert.TestReadablePartialConverter#testToString
1315,org.joda.time.format.TestPeriodFormat#test_wordBased_es_parseOneField
1316,org.joda.time.TestDuration_Basics#testToPeriod_PeriodType_Chronology
1317,org.joda.time.format.TestDateTimeFormat#testFormatParse_textMonthJanShort_France
1318,org.joda.time.chrono.TestIslamicChronology#testEquality
1319,org.joda.time.TestInterval_Basics#testWithDurationAfterStart4
1320,org.joda.time.TestMutableDateTime_Basics#testIsEqual
1321,org.joda.time.field.TestPreciseDateTimeField#test_add_long_int
1322,org.joda.time.TestPeriod_Constructors#testConstructor_8int__PeriodType1
1323,org.joda.time.format.TestISOPeriodFormatParsing#testParseStandard5
1324,org.joda.time.TestLocalTime_Basics#testGetFields
1325,org.joda.time.TestMutableDateTime_Properties#testPropertyGetYearOfEra
1326,org.joda.time.TestMutableInterval_Basics#testToPeriod_PeriodType2
1327,org.joda.time.format.TestDateTimeFormat#testFormat_dayOfYearText
1328,org.joda.time.TestInterval_Basics#testOverlaps_RInterval
1329,org.joda.time.convert.TestNullConverter#testSetInto_Object_Chronology2
1330,org.joda.time.TestLocalDateTime_Properties#testPropertyWithMaxMinValueSecond
1331,org.joda.time.TestDateTimeUtils#testGetPeriodType_PeriodType
1332,org.joda.time.TestDateTimeZoneCutover#test_DateTime_new_Turk
1333,org.joda.time.TestDateTime_Properties#testPropertyEqualsHashCodeLenient
1334,org.joda.time.field.TestMillisDurationField#test_getMillis_long
1335,org.joda.time.TestLocalTime_Constructors#testConstructor_nullObject_nullDateTimeZone
1336,org.joda.time.TestMutableDateTime_Sets#testSetWeekyear_int1
1337,org.joda.time.TestMutableInterval_Constructors#testConstructor_long_long3
1338,org.joda.time.TestDateTime_Properties#testPropertyGetMonthOfYear
1339,org.joda.time.field.TestScaledDurationField#test_hashCode
1340,org.joda.time.TestPeriod_Basics#testIndexOf
1341,org.joda.time.TestMutablePeriod_Constructors#testConstructor_RI_RD1
1342,org.joda.time.TestMonthDay_Constructors#testConstructor_DateTimeZone
1343,org.joda.time.TestLocalDate_Basics#testToDateTimeAtStartOfDay_Zone
1344,org.joda.time.TestMonthDay_Basics#testToString_String_Locale
1345,org.joda.time.TestMutableDateTime_Properties#testPropertyGetMillisOfSecond
1346,org.joda.time.TestDateMidnight_Constructors#testConstructor_long1_Chronology
1347,org.joda.time.TestInstant_Basics#testGet_DateTimeFieldType
1348,org.joda.time.TestMutablePeriod_Updates#testSetSeconds
1349,org.joda.time.TestLocalDateTime_Properties#testPropertyAddToCopySecond
1350,org.joda.time.TestDurationFieldType#test_other
1351,org.joda.time.chrono.TestBuddhistChronology#testCalendar
1352,org.joda.time.TestDateMidnight_Properties#testPropertyGetYearOfEra
1353,org.joda.time.TestDateTimeUtils#testGetInstantChronology_RI
1354,org.joda.time.TestMutableInterval_Constructors#testConstructor_RI_RP7
1355,org.joda.time.TestSeconds#testMultipliedBy_int
1356,org.joda.time.field.TestScaledDurationField#test_getMillis_long
1357,org.joda.time.TestDateTime_Properties#testPropertyGetWeekyear
1358,org.joda.time.TestDateTime_Properties#testPropertyGetMaxMinValuesDayOfYear
1359,org.joda.time.convert.TestConverterManager#testAddInstantConverter1
1360,org.joda.time.TestDateMidnight_Basics#testToString_String
1361,org.joda.time.TestSerialization#testSerializedDateTimeFieldType
1362,org.joda.time.TestLocalDate_Basics#testWithFieldAdded_DurationFieldType_int_4
1363,org.joda.time.TestMutablePeriod_Constructors#testConstructor_RI_RI4
1364,org.joda.time.format.TestISODateTimeFormat#testFormat_weekDateTime
1365,org.joda.time.format.TestISODateTimeFormat#testFormat_basicWeekDate
1366,org.joda.time.TestDays#testFactory_daysBetween_RPartial
1367,org.joda.time.TestLocalDateTime_Properties#testPropertyGetMaxMinValuesHour
1368,org.joda.time.TestLocalDateTime_Constructors#testConstructor_ObjectString4
1369,org.joda.time.format.TestPeriodFormatter#testPrint_writerMethods
1370,org.joda.time.format.TestPeriodFormat#test_wordBased_fr_formatStandard
1371,org.joda.time.TestDateTime_Basics#testToMutableDateTime_DateTimeZone
1372,org.joda.time.TestDateTimeZone#testPatchedNameKeysLondon
1373,org.joda.time.TestMutableInterval_Constructors#testConstructor_Object_Chronology2
1374,org.joda.time.TestWeeks#testGetFieldType
1375,org.joda.time.format.TestPeriodFormat#test_wordBased_fr_parseTwoFields
1376,org.joda.time.format.TestDateTimeFormatter#testPrint_writerMethods
1377,org.joda.time.TestMutableDateTime_Properties#testPropertyToIntervalSecondOfMinute
1378,org.joda.time.TestYearMonth_Constructors#testConstructor
1379,org.joda.time.TestLocalDate_Constructors#testConstructor_nullObject_nullDateTimeZone
1380,org.joda.time.field.TestPreciseDurationField#test_hashCode
1381,org.joda.time.TestLocalDate_Basics#testMinus_RP
1382,org.joda.time.format.TestDateTimeFormatStyle#testForStyle_shortDateTime
1383,org.joda.time.TestHours#testNegated
1384,org.joda.time.TestDateTimeZone#testForOffsetHoursMinutes_int_int
1385,org.joda.time.TestDateTimeComparator#testStaticGetDateOnlyInstance
1386,org.joda.time.TestInterval_Basics#testWithPeriodBeforeEnd2
1387,org.joda.time.TestPartial_Constructors#testConstructorEx3_TypeArray_intArray
1388,org.joda.time.TestLocalDateTime_Basics#testPlusMinutes_int
1389,org.joda.time.TestMutableDateTime_Properties#testPropertyAddLongDayOfWeek
1390,org.joda.time.TestMutableInterval_Updates#testSetDurationAfterStart_RI3
1391,org.joda.time.format.TestDateTimeFormat#testFormat_weekOfWeekyear
1392,org.joda.time.format.TestDateTimeFormat#testFormatParse_textMonthJanLongLowerCase_UK
1393,org.joda.time.TestSerialization#testSerializedDateTimeZoneUTC
1394,org.joda.time.convert.TestConverterSet#testRemoveBadIndex1
1395,org.joda.time.format.TestDateTimeFormatStyle#testForStyle_fullTime
1396,org.joda.time.TestMutableDateTime_Properties#testTest
1397,org.joda.time.format.TestISODateTimeFormat_Fields#testForFields_weekBased_YW
1398,org.joda.time.TestDateMidnight_Basics#testIsEqual
1399,org.joda.time.TestLocalDateTime_Constructors#testConstructor_int_int_int_nullChronology
1400,org.joda.time.TestLocalTime_Constructors#testConstructor_ObjectString1Tokyo
1401,org.joda.time.TestMutablePeriod_Updates#testAddDays
1402,org.joda.time.TestSerialization#testSerializedMutableDateTimeProperty
1403,org.joda.time.TestMutableInterval_Constructors#testConstructor_long_long1
1404,org.joda.time.TestTimeOfDay_Basics#testGetValues
1405,org.joda.time.format.TestISODateTimeFormatParsing#test_weekDateTimeNoMillis
1406,org.joda.time.TestDateTimeZone#testForTimeZone_TimeZone
1407,org.joda.time.TestLocalDate_Basics#testToDateTimeAtStartOfDay_avoidDST
1408,org.joda.time.TestDateTime_Basics#testGet_DateTimeField
1409,org.joda.time.convert.TestReadableInstantConverter#testToString
1410,org.joda.time.TestLocalDateTime_Constructors#testConstructor_ObjectStringEx6
1411,org.joda.time.TestLocalDate_Basics#testGetValues
1412,org.joda.time.TestDateTime_Basics#testMinusMinutes_int
1413,org.joda.time.TestDateTime_Properties#testPropertyCompareToYear2
1414,org.joda.time.format.TestISODateTimeFormatParsing#test_basicTTimeNoMillis
1415,org.joda.time.TestMutableDateTime_Adds#testAddSeconds_int1
1416,org.joda.time.convert.TestReadableIntervalConverter#testIsReadableInterval_Object_Chronology
1417,org.joda.time.TestDateTime_Properties#testPropertyToIntervalYearOfEra
1418,org.joda.time.TestLocalDateTime_Properties#testPropertyAddWrapFieldToCopyMonth
1419,org.joda.time.TestYearMonth_Constructors#testConstructor_nullObject_Chronology
1420,org.joda.time.TestLocalDateTime_Constructors#testConstructor_Object_DateTimeZoneMoscowBadDateTime
1421,org.joda.time.field.TestPreciseDurationDateTimeField#test_getAsShortText_long
1422,org.joda.time.field.TestOffsetDateTimeField#test_add_long_long
1423,org.joda.time.TestLocalDate_Basics#testWithFieldAdded_DurationFieldType_int_1
1424,org.joda.time.TestYears#testFactory_years_int
1425,org.joda.time.TestPartial_Constructors#testConstructorEx8_TypeArray_intArray
1426,org.joda.time.TestMutableDateTime_Constructors#testConstructor_Chronology
1427,org.joda.time.TestDuration_Basics#testEqualsHashCode
1428,org.joda.time.TestPartial_Basics#testSize
1429,org.joda.time.TestHours#testGetMethods
1430,org.joda.time.TestDateMidnight_Constructors#testConstructor_DateTimeZone
1431,org.joda.time.TestMutableDateTime_Properties#testPropertySetDayOfMonth
1432,org.joda.time.convert.TestReadablePeriodConverter#testGetPeriodType_Object
1433,org.joda.time.TestMutablePeriod_Constructors#testConstructor_Object_PeriodType3
1434,org.joda.time.TestMonthDay_Constructors#testConstructor_long2_Chronology
1435,org.joda.time.field.TestBaseDateTimeField#test_getType
1436,org.joda.time.TestMinutes#testSerialization
1437,org.joda.time.TestYearMonthDay_Properties#testPropertyEqualsHashCodeLenient
1438,org.joda.time.field.TestOffsetDateTimeField#test_addWrapField_RP_int_intarray_int
1439,org.joda.time.chrono.TestJulianChronology#testFactory_Zone
1440,org.joda.time.TestPeriod_Basics#testWithPeriodType4
1441,org.joda.time.TestTimeOfDay_Properties#testPropertyAddNoWrapSecond
1442,org.joda.time.TestDuration_Basics#testWithMillis2
1443,org.joda.time.TestYears#testGetPeriodType
1444,org.joda.time.TestDuration_Basics#testIsEqual
1445,org.joda.time.TestDateMidnight_Basics#testToGregorianCalendar
1446,org.joda.time.field.TestOffsetDateTimeField#test_getMaximumValue_RP
1447,org.joda.time.TestTimeOfDay_Basics#testWithField3
1448,org.joda.time.TestDateTimeFieldType#test_secondOfDay
1449,org.joda.time.TestLocalDateTime_Properties#testPropertyGetSecond
1450,org.joda.time.TestDateMidnight_Constructors#testConstructor_int_int_int_Chronology
1451,org.joda.time.TestDateMidnight_Properties#testPropertyToIntervalMonthOfYear
1452,org.joda.time.convert.TestReadablePeriodConverter#testSetInto_Object
1453,org.joda.time.TestInterval_Constructors#testConstructor_RP_RI5
1454,org.joda.time.TestPeriod_Basics#testToStandardDuration_years
1455,org.joda.time.TestDateTime_Constructors#testConstructor_long1_Chronology
1456,org.joda.time.field.TestPreciseDurationDateTimeField#test_add_long_long
1457,org.joda.time.TestInstant_Basics#testIsAfterNow
1458,org.joda.time.TestMonths#testDividedBy_int
1459,org.joda.time.TestLocalDate_Constructors#testConstructor_long2_Chronology
1460,org.joda.time.field.TestBaseDateTimeField#test_getMinimumValue_RP_intarray
1461,org.joda.time.field.TestPreciseDurationDateTimeField#test_getAsText_long
1462,org.joda.time.TestTimeOfDay_Properties#testPropertyGetHour
1463,org.joda.time.TestMutableInterval_Constructors#testConstructor_RI_RP6
1464,org.joda.time.TestDays#testToStandardMinutes
1465,org.joda.time.convert.TestConverterManager#testRemovePartialConverter3
1466,org.joda.time.TestPeriod_Constructors#testFactoryFieldDifference4
1467,org.joda.time.TestMutableDateTime_Constructors#testConstructor_long2_Chronology
1468,org.joda.time.TestMonthDay_Constructors#testConstructor_ObjectString2
1469,org.joda.time.TestTimeOfDay_Constructors#testConstructor_DateTimeZone
1470,org.joda.time.chrono.TestCopticChronology#testFactoryUTC
1471,org.joda.time.format.TestPeriodFormat#test_wordBased_de_parseOneField
1472,org.joda.time.TestDateMidnight_Basics#testToString_String_String
1473,org.joda.time.TestPeriod_Basics#testNormalizedStandard_periodType_weekDay3
1474,org.joda.time.TestDateMidnight_Basics#testToMutableDateTime_DateTimeZone
1475,org.joda.time.TestMutablePeriod_Basics#testToMutablePeriod
1476,org.joda.time.TestInterval_Constructors#testConstructor_RI_RI6
1477,org.joda.time.TestYearMonth_Constructors#testConstructor_nullChronology
1478,org.joda.time.TestLocalDate_Constructors#testConstructor_long1
1479,org.joda.time.TestDateTimeComparator#testStaticGetInstanceLower
1480,org.joda.time.field.TestMillisDurationField#test_add_long_int
1481,org.joda.time.TestMutableDateTime_Sets#testSetMonthOfYear_int1
1482,org.joda.time.chrono.TestEthiopicChronology#testDateFields
1483,org.joda.time.TestDays#testGetFieldType
1484,org.joda.time.convert.TestStringConverter#testSetIntoInterval_Object_Chronology2
1485,org.joda.time.TestDateTime_Constructors#testConstructor_int_int_int_int_int_Chronology
1486,org.joda.time.TestDays#testNegated
1487,org.joda.time.TestLocalDateTime_Properties#testPropertySetSecond
1488,org.joda.time.TestPartial_Basics#testGetFormatter3
1489,org.joda.time.field.TestBaseDateTimeField#test_set_long_String_Locale
1490,org.joda.time.TestDateTimeZoneCutover#test_DateTime_roundFloor_hourOfDay_NewYork_Autumn_postCutover
1491,org.joda.time.TestPeriod_Constructors#testFactoryMinutes
1492,org.joda.time.TestInterval_Basics#testWithStartInstant_RI1
1493,org.joda.time.TestDuration_Basics#testToPeriod_Chronology
1494,org.joda.time.TestParseISO#testSpecWeekComplete
1495,org.joda.time.field.TestScaledDurationField#test_constructor
1496,org.joda.time.TestInterval_Basics#testOverlap_RInterval
1497,org.joda.time.field.TestScaledDurationField#test_getMillis_long_long
1498,org.joda.time.TestDateTimeUtils#testIsContiguous_RP_GJChronology
1499,org.joda.time.TestTimeOfDay_Basics#testWithChronologyRetainFields_nullChrono
1500,org.joda.time.TestPeriod_Constructors#testConstructor_RI_RD_PeriodType2
1501,org.joda.time.TestLocalTime_Basics#testWithers
1502,org.joda.time.TestYearMonthDay_Properties#testPropertyGetMaxMinValuesDay
1503,org.joda.time.field.TestScaledDurationField#test_getDifference_long_int
1504,org.joda.time.TestMutableDateTime_Adds#testAdd_DurationFieldType_int1
1505,org.joda.time.TestLocalTime_Basics#testWithFieldAdded_DurationFieldType_int_7
1506,org.joda.time.TestMinutes#testIsGreaterThan
1507,org.joda.time.field.TestOffsetDateTimeField#test_getAsShortText_RP_int_Locale
1508,org.joda.time.TestDateTimeZoneCutover#test_DateTime_addWrapFieldDay_Turk
1509,org.joda.time.TestDateMidnight_Basics#testWithDurationAdded_RD_int
1510,org.joda.time.TestYearMonth_Basics#testWithFieldAdded_nullField_zero
1511,org.joda.time.TestMutablePeriod_Updates#testSetPeriod_long2
1512,org.joda.time.TestYearMonth_Properties#testPropertyGetYear
1513,org.joda.time.TestPeriod_Constructors#testConstructor_RI_RD1
1514,org.joda.time.TestDuration_Constructors#testConstructor_Object3
1515,org.joda.time.TestLocalDateTime_Constructors#testConstructor_long1
1516,org.joda.time.TestWeeks#testIsLessThan
1517,org.joda.time.TestMonthDay_Constructors#testConstructor_ObjectStringEx3
1518,org.joda.time.TestMutableDateTime_Properties#testPropertyAddDayOfYear
1519,org.joda.time.TestTimeOfDay_Basics#testWithFieldAdded1
1520,org.joda.time.format.TestISODateTimeFormat_Fields#testForFields_time_S
1521,org.joda.time.TestSeconds#testFactory_parseSeconds_String
1522,org.joda.time.TestMutableDateTime_Sets#testSetMonthOfYear_int2
1523,org.joda.time.TestDateMidnight_Properties#testPropertyEqualsHashCodeStrict
1524,org.joda.time.field.TestPreciseDateTimeField#test_getLeapDurationField
1525,org.joda.time.TestDateTimeZoneCutover#test_DateTime_roundCeiling_Gaza
1526,org.joda.time.TestDateTimeZone#testTransitionFixed
1527,org.joda.time.TestYearMonth_Basics#testGetFieldType
1528,org.joda.time.TestInterval_Constructors#testConstructor_RI_RD1
1529,org.joda.time.TestParseISO#testSpecWeekTruncatedYW
1530,org.joda.time.TestDateMidnight_Basics#testWithFieldAdded2
1531,org.joda.time.TestLocalTime_Constructors#testConstructor_ObjectString1
1532,org.joda.time.TestMutableInterval_Updates#testSePeriodBeforeEnd_RI2
1533,org.joda.time.TestPeriod_Constructors#testConstructor_RD_RI2
1534,org.joda.time.format.TestPeriodFormat#test_wordBased_fr_formatTwoFields
1535,org.joda.time.TestYearMonthDay_Basics#testToDateTimeAtCurrentTime_Zone
1536,org.joda.time.TestDuration_Basics#testWithDurationAdded_RD_int3
1537,org.joda.time.chrono.TestLenientChronology#test_isoChrononolgy_Chicago
1538,org.joda.time.chrono.TestJulianChronology#testWithZone
1539,org.joda.time.TestLocalTime_Constructors#testConstructor_ObjectTimeOfDay
1540,org.joda.time.TestMutableDateTime_Basics#testToGregorianCalendar
1541,org.joda.time.chrono.TestIslamicChronology#testToString
1542,org.joda.time.TestPeriod_Constructors#testConstructor_long_Chronology3
1543,org.joda.time.TestMutableInterval_Basics#testIsBefore_long
1544,org.joda.time.TestTimeOfDay_Basics#testWithFieldAdded2
1545,org.joda.time.TestMutableDateTime_Basics#testClone
1546,org.joda.time.TestYearMonthDay_Basics#testIsAfter_YMD
1547,org.joda.time.TestPeriodType#testMaskMinutes
1548,org.joda.time.TestSerialization#testSerializedPeriodType
1549,org.joda.time.format.TestISODateTimeFormat_Fields#testForFields_time_HSm
1550,org.joda.time.field.TestScaledDurationField#test_getType
1551,org.joda.time.field.TestBaseDateTimeField#test_roundHalfEven_long
1552,org.joda.time.TestMutableDateTime_Properties#testPropertyToIntervalMonthOfYear
1553,org.joda.time.TestPeriodType#testYearDayTime
1554,org.joda.time.TestTimeOfDay_Basics#testToString_DTFormatter
1555,org.joda.time.format.TestPeriodFormat#test_wordBased_nl_parseOneField
1556,org.joda.time.TestPeriodType#testTest
1557,org.joda.time.field.TestPreciseDurationDateTimeField#test_set_long_int
1558,org.joda.time.convert.TestReadableIntervalConverter#testGetDurationMillis_Object
1559,org.joda.time.format.TestPeriodFormatterBuilder#testFormatLiteral
1560,org.joda.time.TestPeriodType#testYearMonthDayTime
1561,org.joda.time.convert.TestConverterManager#testGetIntervalConverter
1562,org.joda.time.TestLocalDate_Basics#testWithField_DateTimeFieldType_int_4
1563,org.joda.time.TestLocalTime_Properties#testPropertyPlusSecond
1564,org.joda.time.format.TestDateTimeFormatter#testParseMutableDateTime_zone
1565,org.joda.time.TestDateMidnight_Properties#testPropertyEqualsHashCodeLenient
1566,org.joda.time.TestYearMonthDay_Basics#testToDateMidnight
1567,org.joda.time.TestTimeOfDay_Constructors#testConstructor_int_int_int_nullChronology
1568,org.joda.time.TestYearMonth_Properties#testPropertyHashCode
1569,org.joda.time.TestLocalDateTime_Properties#testPropertyGetMaxMinValuesMonth
1570,org.joda.time.format.TestDateTimeFormat#testFormatParse_textMonthJanShort_UK
1571,org.joda.time.TestMutablePeriod_Constructors#testConstructor_long_PeriodType4
1572,org.joda.time.TestTimeOfDay_Basics#testWithFieldAdded7
1573,org.joda.time.TestMutablePeriod_Constructors#testConstructor_long_long_PeriodType3
1574,org.joda.time.convert.TestReadableIntervalConverter#testSetIntoInterval_Object4
1575,org.joda.time.TestMutableDateTime_Basics#testRounding5
1576,org.joda.time.TestMonthDay_Basics#testWithField_same
1577,org.joda.time.chrono.TestISOChronology#testMaximumValue
1578,org.joda.time.TestDateMidnight_Properties#testTest
1579,org.joda.time.convert.TestReadableIntervalConverter#testSingleton
1580,org.joda.time.format.TestISODateTimeFormatParsing#test_basicWeekDateTimeNoMillis
1581,org.joda.time.TestMutablePeriod_Constructors#testConstructor_RI_RI3
1582,org.joda.time.format.TestDateTimeFormat#testFormatParse_textHalfdayAM_UK
1583,org.joda.time.field.TestFieldUtils#testSafeSubtractLong
1584,org.joda.time.TestPeriodType#testYearMonthDay
1585,org.joda.time.field.TestOffsetDateTimeField#test_constructor2
1586,org.joda.time.TestMutablePeriod_Basics#testClone
1587,org.joda.time.TestDuration_Basics#testToPeriodFrom_PeriodType
1588,org.joda.time.TestDateTimeZoneCutover#test_DateTime_roundCeiling_minuteOfHour_NewYork_Autumn_preCutover
1589,org.joda.time.TestLocalDateTime_Basics#testPlusWeeks_int
1590,org.joda.time.field.TestPreciseDurationDateTimeField#test_remainder_long
1591,org.joda.time.chrono.TestGregorianChronology#testToString
1592,org.joda.time.chrono.TestJulianChronology#testFactory
1593,org.joda.time.TestPeriod_Constructors#testConstructor_RI_RD2
1594,org.joda.time.TestTimeOfDay_Basics#testToString
1595,org.joda.time.field.TestOffsetDateTimeField#test_roundHalfCeiling_long
1596,org.joda.time.TestMinutes#testMultipliedBy_int
1597,org.joda.time.format.TestISODateTimeFormat_Fields#testForFields_weekBased_WD
1598,org.joda.time.TestDateTime_Properties#testPropertyCompareToMonthOfYear
1599,org.joda.time.TestMutableDateTime_Properties#testPropertySetMonthOfYear
1600,org.joda.time.TestMinutes#testToStandardWeeks
1601,org.joda.time.TestMutableDateTime_Constructors#testConstructor_long1
1602,org.joda.time.format.TestPeriodFormatter#testWithGetLocaleMethods
1603,org.joda.time.format.TestPeriodFormatterBuilder#testFormatSuffixPlural2
1604,org.joda.time.TestInterval_Basics#testOverlaps_RInterval_null
1605,org.joda.time.field.TestOffsetDateTimeField#test_set_long_String
1606,org.joda.time.format.TestISOPeriodFormatParsing#testParseStandardFail2
1607,org.joda.time.TestPeriod_Basics#testGetPeriodType
1608,org.joda.time.TestMutablePeriod_Updates#testAdd_RInterval1
1609,org.joda.time.TestInterval_Constructors#testConstructor_RI_RP5
1610,org.joda.time.TestMutableDateTime_Constructors#testConstructor_Object_Chronology
1611,org.joda.time.format.TestPeriodFormatter#testPrint_simple
1612,org.joda.time.TestInterval_Basics#testWithDurationAfterStart3
1613,org.joda.time.chrono.TestLenientChronology#test_setDayOfMonth
1614,org.joda.time.field.TestMillisDurationField#test_getValueAsLong_long
1615,org.joda.time.chrono.TestBuddhistChronology#testEra
1616,org.joda.time.TestMutableDateTime_Properties#testPropertyAddWrapFieldDayOfWeek
1617,org.joda.time.TestPartial_Properties#testPropertyGetHour
1618,org.joda.time.format.TestPeriodFormatter#testWithGetParseTypeMethods
1619,org.joda.time.format.TestDateTimeFormatter#testParseDateTime_zone2
1620,org.joda.time.TestLocalDate_Basics#testToDate_springDST_2Hour40Savings
1621,org.joda.time.field.TestBaseDateTimeField#test_getAsText_RP_int_Locale
1622,org.joda.time.TestMutableInterval_Constructors#testConstructor_RI_RI8
1623,org.joda.time.TestLocalDate_Basics#testMinusYears_int
1624,org.joda.time.TestDateTimeZoneCutover#test_DateTime_plusDayMidGap_Turk
1625,org.joda.time.convert.TestStringConverter#testSetIntoPeriod_Object2
1626,org.joda.time.format.TestISOPeriodFormatParsing#testParseStandardFail4
1627,org.joda.time.TestDateMidnight_Basics#testIsAfter
1628,org.joda.time.chrono.TestEthiopicChronology#testWithZone
1629,org.joda.time.TestLocalDate_Constructors#testConstructor_ObjectYearMonthDay
1630,org.joda.time.chrono.TestGregorianChronology#testFactory
1631,org.joda.time.TestLocalTime_Constructors#testConstructor_int_int
1632,org.joda.time.TestDateTime_Constructors#testConstructor_int_int_int_int_int_DateTimeZone
1633,org.joda.time.chrono.TestCopticChronology#testSampleDateWithZone
1634,org.joda.time.TestLocalDateTime_Properties#testPropertyGetMilli
1635,org.joda.time.TestYearMonthDay_Basics#testToInterval_nullZone
1636,org.joda.time.TestMinutes#testToString
1637,org.joda.time.TestMutablePeriod_Updates#testSetPeriod_long_long_NoWeeks
1638,org.joda.time.TestPeriod_Basics#testNormalizedStandard_periodType_yearMonthDay
1639,org.joda.time.TestMutableDateTime_Sets#testSetDate_int_int_int2
1640,org.joda.time.TestPeriod_Constructors#testFactoryYears
1641,org.joda.time.format.TestISOPeriodFormatParsing#testParseStandard3
1642,org.joda.time.TestPeriod_Basics#testWithFieldAdded3
1643,org.joda.time.TestMutablePeriod_Updates#testSetPeriod_8ints4
1644,org.joda.time.TestLocalDateTime_Basics#testPlusMonths_int
1645,org.joda.time.TestLocalDateTime_Constructors#testConstructor_Chronology
1646,org.joda.time.TestDateTimeZoneCutover#test_DateTime_roundCeiling_day_NewYork_Autumn_preCutover
1647,org.joda.time.TestMonthDay_Basics#testWithField_nullField
1648,org.joda.time.TestDateTime_Basics#testToString_String_Locale
1649,org.joda.time.TestTimeOfDay_Constructors#testConstructor_long2
1650,org.joda.time.TestMutablePeriod_Updates#testAddWeeks
1651,org.joda.time.TestMinutes#testToStandardHours
1652,org.joda.time.TestPartial_Basics#testWithField1
1653,org.joda.time.TestDateTimeComparator#testEqualsHashCode
1654,org.joda.time.TestDateMidnight_Constructors#testConstructor_long2_DateTimeZone
1655,org.joda.time.format.TestDateTimeFormat#testFormatParse_zoneId_noColon_parseZ
1656,org.joda.time.format.TestISODateTimeFormat_Fields#testForFields_weekBased_W
1657,org.joda.time.TestDateTime_Basics#testPlusMonths_int
1658,org.joda.time.TestDateTimeZoneCutover#test_DateTime_roundCeiling_hourOfDay_NewYork_Autumn_postCutover
1659,org.joda.time.TestDuration_Basics#testToPeriod
1660,org.joda.time.chrono.TestLenientChronology#testNearDstTransition
1661,org.joda.time.TestMonthDay_Basics#testEqualsHashCode
1662,org.joda.time.TestYearMonth_Constructors#testConstructor_int_int_nullChronology
1663,org.joda.time.TestLocalTime_Constructors#testFactoryMillisOfDay_long_nullChronology
1664,org.joda.time.TestLocalDateTime_Basics#testWithField_DateTimeFieldType_int_2
1665,org.joda.time.format.TestPeriodFormat#test_wordBased_fr_cached
1666,org.joda.time.TestDateTimeZoneCutover#test_DateTime_roundCeiling_hour_NewYork_Spring_postCutover
1667,org.joda.time.TestSeconds#testToString
1668,org.joda.time.TestPeriod_Basics#testWithField3
1669,org.joda.time.TestPartial_Basics#testToString1
1670,org.joda.time.tz.TestBuilder#testSerialization
1671,org.joda.time.TestMutablePeriod_Constructors#testConstructor_Object_Chronology1
1672,org.joda.time.field.TestPreciseDurationDateTimeField#test_getType
1673,org.joda.time.format.TestPeriodFormatterBuilder#testFormatPrintZeroDefault
1674,org.joda.time.TestDateMidnight_Basics#testPlus_long
1675,org.joda.time.convert.TestLongConverter#testSupportedType
1676,org.joda.time.format.TestISOPeriodFormatParsing#testParseStandard11
1677,org.joda.time.TestHours#testFactory_hoursBetween_RInstant
1678,org.joda.time.TestPeriod_Basics#testPlusFieldsZero
1679,org.joda.time.TestYears#testMultipliedBy_int
1680,org.joda.time.TestMinutes#testConstants
1681,org.joda.time.format.TestPeriodFormatterBuilder#testFormatSuffixPlural1
1682,org.joda.time.TestLocalDate_Constructors#testConstructor_long3_DateTimeZone
1683,org.joda.time.TestDateTime_Basics#testToDate
1684,org.joda.time.TestDateTime_Basics#testToString_String
1685,org.joda.time.TestDuration_Basics#testWithDurationAdded_long_int4
1686,org.joda.time.TestPartial_Basics#testGetFieldType
1687,org.joda.time.TestMinutes#testMinus_Minutes
1688,org.joda.time.TestDateTime_Constructors#testConstructor_Object_DateTimeZone
1689,org.joda.time.TestMutableDateTime_Sets#testSetTime_RI1
1690,org.joda.time.chrono.TestIslamicChronology#testDurationFields
1691,org.joda.time.TestLocalDate_Basics#testToDateTimeAtStartOfDay_Zone_avoidDST
1692,org.joda.time.TestDateMidnight_Properties#testPropertyAddLongMonthOfYear
1693,org.joda.time.TestDateTimeZoneCutover#test_DateTime_roundFloorNotDST_Turk
1694,org.joda.time.TestDateTime_Properties#testPropertyAddDayOfMonth
1695,org.joda.time.TestPartial_Basics#testWith3c
1696,org.joda.time.TestSerialization#testSerializedDateMidnight
1697,org.joda.time.TestPartial_Basics#testWithFieldAddWrapped1
1698,org.joda.time.TestYears#testMinus_Years
1699,org.joda.time.TestMonths#testConstants
1700,org.joda.time.TestDateTimeComparator#testBasicComps3
1701,org.joda.time.TestPeriodType#testYearDay
1702,org.joda.time.TestDateTimeComparator#testListYOYY
1703,org.joda.time.TestSeconds#testFactory_standardSecondsIn_RPeriod
1704,org.joda.time.TestYearMonthDay_Properties#testPropertyAddMonth
1705,org.joda.time.convert.TestDateConverter#testToString
1706,org.joda.time.format.TestPeriodFormatter#testParsePeriod_simple
1707,org.joda.time.format.TestDateTimeFormatter#testPrinterParserMethods
1708,org.joda.time.TestInterval_Basics#testWithPeriodBeforeEnd3
1709,org.joda.time.TestDateTimeFieldType#test_clockhourOfHalfday
1710,org.joda.time.TestMonthDay_Basics#testGetValues
1711,org.joda.time.TestLocalDateTime_Constructors#testConstructor_int_int_int_int_int_int
1712,org.joda.time.TestDurationFieldType#test_days
1713,org.joda.time.TestMutableInterval_Basics#testSerialization
1714,org.joda.time.TestMutableInterval_Updates#testSeDurationBeforeEnd_long2
1715,org.joda.time.TestInstant_Basics#testIsEqualNow
1716,org.joda.time.TestYearMonthDay_Basics#testWithFieldAdded1
1717,org.joda.time.TestMonthDay_Properties#testPropertyCompareToMonthOfYear
1718,org.joda.time.TestDateTime_Properties#testPropertySetYear
1719,org.joda.time.TestLocalDate_Constructors#testConstructor_ObjectStringEx3
1720,org.joda.time.format.TestISOPeriodFormatParsing#testParseStandard1
1721,org.joda.time.TestDateTimeUtils#testFixedMillisSecurity
1722,org.joda.time.TestSeconds#testToStandardMinutes
1723,org.joda.time.TestDateTime_Constructors#testConstructor_ObjectString5
1724,org.joda.time.TestMonths#testMinus_int
1725,org.joda.time.TestDateTime_Properties#testPropertyAddLongDayOfWeek
1726,org.joda.time.chrono.TestCopticChronology#testDurationFields
1727,org.joda.time.TestTimeOfDay_Basics#testGetFieldTypes
1728,org.joda.time.format.TestDateTimeFormatter#testParseDateTime_simple_precedence
1729,org.joda.time.TestMutableDateTime_Adds#testAdd_DurationFieldType_int3
1730,org.joda.time.TestInterval_Constructors#testConstructor_RI_RD2
1731,org.joda.time.TestDateTimeZoneCutover#test_DateTime_setHourZero_Turk
1732,org.joda.time.TestLocalDate_Properties#testPropertyAddWrapFieldToCopyMonth
1733,org.joda.time.TestMutableInterval_Basics#testIsBefore_RInterval
1734,org.joda.time.TestPeriod_Constructors#testConstructor_long_PeriodType2
1735,org.joda.time.TestLocalDateTime_Basics#testMinusMinutes_int
1736,org.joda.time.chrono.TestGJChronology#testPartialGetAsText
1737,org.joda.time.field.TestUnsupportedDateTimeField#testToString
1738,org.joda.time.chrono.TestCopticChronology#testFactory
1739,org.joda.time.TestDateTime_Properties#testPropertyAddWrapFieldDayOfWeek
1740,org.joda.time.TestMutableDateTime_Constructors#testConstructor
1741,org.joda.time.TestPartial_Basics#testToString_String
1742,org.joda.time.TestDateTime_Properties#testPropertyLeapYear
1743,org.joda.time.TestYearMonthDay_Constructors#testConstructor_long1_Chronology
1744,org.joda.time.TestYearMonthDay_Constructors#testConstructor_nullObject_Chronology
1745,org.joda.time.TestYearMonthDay_Basics#testToInterval
1746,org.joda.time.TestMonthDay_Constructors#testConstructor_long_nullChronology
1747,org.joda.time.TestMutableDateTime_Basics#testTest
1748,org.joda.time.TestMonthDay_Basics#testPlusMonths_int_same
1749,org.joda.time.TestMonthDay_Constructors#testConstructor_Object
1750,org.joda.time.TestLocalDateTime_Constructors#testFactory_FromCalendarFields
1751,org.joda.time.TestMutablePeriod_Basics#testSerialization
1752,org.joda.time.TestYearMonthDay_Basics#testToDateTime_RI
1753,org.joda.time.TestPeriod_Constructors#testConstructor_8int__PeriodType3
1754,org.joda.time.TestDateTimeComparator#testBasicComps4
1755,org.joda.time.field.TestFieldUtils#testSafeAddLong
1756,org.joda.time.convert.TestConverterManager#testAddIntervalConverter3
1757,org.joda.time.TestLocalDate_Basics#testToDateTimeAtStartOfDay
1758,org.joda.time.TestDateTimeComparator#testClass
1759,org.joda.time.chrono.TestEthiopicChronology#testTimeFields
1760,org.joda.time.TestDateMidnight_Constructors#testConstructor_long2
1761,org.joda.time.TestSeconds#testToStandardHours
1762,org.joda.time.field.TestBaseDateTimeField#test_getMaximumValue_long
1763,org.joda.time.TestPartial_Basics#testToString5
1764,org.joda.time.convert.TestNullConverter#testSetInto_Object_Chronology1
1765,org.joda.time.TestYearMonthDay_Basics#testGetFieldType
1766,org.joda.time.TestDateTime_Basics#testIsSupported_DateTimeFieldType
1767,org.joda.time.TestMutableDateTime_Properties#testPropertyRoundHalfCeilingHourOfDay
1768,org.joda.time.TestPeriod_Constructors#testConstructor_long3
1769,org.joda.time.TestYearMonthDay_Basics#testIsEqual_YMD
1770,org.joda.time.TestYearMonthDay_Properties#testPropertyEquals
1771,org.joda.time.TestMutablePeriod_Updates#testAdd_long1
1772,org.joda.time.TestParseISO#testSpecTruncatedD
1773,org.joda.time.TestDateTimeFieldType#test_dayOfMonth
1774,org.joda.time.chrono.TestIslamicChronology#testFieldConstructor
1775,org.joda.time.format.TestISODateTimeFormat#testFormat_basicDateTimeNoMillis
1776,org.joda.time.field.TestPreciseDateTimeField#test_constructor
1777,org.joda.time.field.TestBaseDateTimeField#test_getDifferenceAsLong_long_long
1778,org.joda.time.TestDateTime_Constructors#testConstructor_nullObject
1779,org.joda.time.chrono.TestIslamicChronology#testTimeFields
1780,org.joda.time.format.TestDateTimeFormat#testFormatParse_textYear_UK
1781,org.joda.time.format.TestISOPeriodFormat#testFormatStandard
1782,org.joda.time.convert.TestStringConverter#testSetIntoInterval_Object_Chronology8
1783,org.joda.time.TestPeriod_Basics#testToStandardMinutes_months
1784,org.joda.time.TestDateTimeZoneCutover#test_DateTime_roundFloor_Turk
1785,org.joda.time.convert.TestNullConverter#testSetInto_Object
1786,org.joda.time.format.TestDateTimeFormatter#testParseInto_chrono
1787,org.joda.time.TestDateTime_Constructors#testConstructor_int_int_int_int_int_int_int_DateTimeZone
1788,org.joda.time.field.TestPreciseDurationField#test_getType
1789,org.joda.time.convert.TestConverterManager#testAddDurationConverter1
1790,org.joda.time.convert.TestReadableInstantConverter#testSupportedType
1791,org.joda.time.TestDateMidnight_Basics#testMinus_long
1792,org.joda.time.format.TestISODateTimeFormatParsing#test_weekDate
1793,org.joda.time.format.TestISODateTimeFormat_Fields#testForFields_datetime_YMDH
1794,org.joda.time.format.TestPeriodFormatterBuilder#testFormatMonths
1795,org.joda.time.TestTimeOfDay_Constructors#testConstructor_int_int_int_int_Chronology
1796,org.joda.time.TestDateMidnight_Properties#testPropertySetTextLocaleMonthOfYear
1797,org.joda.time.chrono.TestISOChronology#testMinYear
1798,org.joda.time.TestPeriod_Constructors#testConstructor_RP_RP6
1799,org.joda.time.TestDateTime_Constructors#testConstructor_ObjectStringEx1
1800,org.joda.time.field.TestBaseDateTimeField#test_getMinimumValue_RP
1801,org.joda.time.TestInterval_Basics#testWithEndInstant_RI1
1802,org.joda.time.format.TestPeriodFormatterBuilder#testFormatPrintZeroRarelyFirst
1803,org.joda.time.TestDateTimeComparator#testListMonth
1804,org.joda.time.TestLocalDateTime_Constructors#testConstructor_ObjectString3
1805,org.joda.time.convert.TestConverterManager#testGetPartialConverterBadMultipleMatches
1806,org.joda.time.TestDateTime_Basics#testMinusYears_int
1807,org.joda.time.format.TestDateTimeFormat#testFormatParse_zoneId_colon
1808,org.joda.time.TestSerialization#testSerializedYearMonthDay
1809,org.joda.time.TestDuration_Basics#testMinus_RD2
1810,org.joda.time.TestDateTimeUtils#testClass
1811,org.joda.time.TestDateMidnight_Basics#testToDateTime_Chronology
1812,org.joda.time.TestLocalTime_Constructors#testFactoryMillisOfDay_long_Chronology
1813,org.joda.time.TestTimeOfDay_Properties#testPropertySetMinute
1814,org.joda.time.TestDateTime_Basics#testToMutableDateTimeISO
1815,org.joda.time.TestMutableDateTime_Basics#testToDate
1816,org.joda.time.field.TestPreciseDateTimeField#test_addWrapField_RP_int_intarray_int
1817,org.joda.time.TestDateTimeComparator#testWOW
1818,org.joda.time.TestPeriod_Basics#testNormalizedStandard_weekDay2
1819,org.joda.time.TestDateTime_Properties#testPropertyAddYear
1820,org.joda.time.TestTimeOfDay_Properties#testPropertyGetMaxMinValuesHour
1821,org.joda.time.TestInstant_Basics#testGetMethods
1822,org.joda.time.TestDateTimeZone#testGetNameNullKey
1823,org.joda.time.format.TestISODateTimeFormat_Fields#testForFields_calBased_MD
1824,org.joda.time.TestDays#testDividedBy_int
1825,org.joda.time.TestYearMonth_Basics#testToString_String
1826,org.joda.time.TestMonthDay_Properties#testPropertySetMonthOfYear
1827,org.joda.time.TestMonthDay_Constructors#testConstructor_ObjectStringEx2
1828,org.joda.time.TestDateTimeComparator#testStaticGetInstanceLowerUpper
1829,org.joda.time.TestPeriod_Basics#testToDurationTo
1830,org.joda.time.TestYearMonth_Constructors#testConstructor_Object_Chronology
1831,org.joda.time.TestParseISO#testSpecTimeFractionalHMS
1832,org.joda.time.TestInstant_Basics#testToDateTime_DateTimeZone
1833,org.joda.time.TestWeeks#testToStandardDays
1834,org.joda.time.TestDateTime_Properties#testPropertyGetSecondOfMinute
1835,org.joda.time.field.TestOffsetDateTimeField#test_set_long_String_Locale
1836,org.joda.time.TestLocalTime_Constructors#testConstructor_long_nullDateTimeZone
1837,org.joda.time.field.TestScaledDurationField#test_isSupported
1838,org.joda.time.chrono.TestJulianChronology#testDurationFields
1839,org.joda.time.chrono.TestIslamicChronology#testSampleDateWithZone
1840,org.joda.time.TestDateTimeZoneCutover#test_DateTime_minusDay_Gaza
1841,org.joda.time.TestLocalDateTime_Basics#testPlusMillis_int
1842,org.joda.time.chrono.TestIslamicChronology#testWithZone
1843,org.joda.time.TestMutablePeriod_Constructors#testConstructor_long_PeriodType2
1844,org.joda.time.TestMonthDay_Properties#testPropertyGetMaxMinValuesMonthOfYear
1845,org.joda.time.TestLocalTime_Basics#testCompareTo
1846,org.joda.time.TestChronology#testEqualsHashCode_Strict
1847,org.joda.time.TestPeriod_Constructors#testConstructor_long2
1848,org.joda.time.TestLocalDateTime_Constructors#testConstructor_ObjectLocalTime
1849,org.joda.time.TestLocalDateTime_Constructors#testConstructor_DateTimeZone
1850,org.joda.time.TestMonthDay_Properties#testPropertyGetDayOfMonth
1851,org.joda.time.TestYearMonth_Properties#testPropertySetTextYear
1852,org.joda.time.TestLocalDate_Basics#testWithField_DateTimeFieldType_int_3
1853,org.joda.time.TestYearMonthDay_Basics#testPlusDays_int
1854,org.joda.time.field.TestOffsetDateTimeField#test_getAsText_long_Locale
1855,org.joda.time.TestDateTime_Properties#testPropertySetWeekOfWeekyear
1856,org.joda.time.TestMonthDay_Constructors#testConstructor_Object_Chronology
1857,org.joda.time.TestInterval_Basics#testTest
1858,org.joda.time.TestDateTime_Constructors#testConstructor_ObjectString6
1859,org.joda.time.TestMutableInterval_Updates#testSetDurationBeforeEnd_long1
1860,org.joda.time.TestLocalDate_Basics#testEqualsHashCode
1861,org.joda.time.TestPartial_Constructors#testConstructorEx6_TypeArray_intArray
1862,org.joda.time.TestYearMonth_Basics#testToInterval_Zone
1863,org.joda.time.TestTimeOfDay_Properties#testPropertySetMilli
1864,org.joda.time.TestPartial_Basics#testGet
1865,org.joda.time.convert.TestReadablePartialConverter#testGetChronology_Object_Zone
1866,org.joda.time.TestDateTime_Basics#testWithDurationAdded_RP_int
1867,org.joda.time.TestLocalDate_Properties#testPropertyAddWrapFieldToCopyDay
1868,org.joda.time.TestLocalTime_Properties#testPropertyGetMinute
1869,org.joda.time.TestLocalDateTime_Basics#testWithField_DateTimeFieldType_int_3
1870,org.joda.time.TestLocalDateTime_Properties#testPropertyAddWrapFieldToCopyMilli
1871,org.joda.time.TestPeriod_Constructors#testConstructor_RP_RP_PeriodType7
1872,org.joda.time.chrono.TestBuddhistChronology#testDurationFields
1873,org.joda.time.field.TestPreciseDurationField#test_add_long_int
1874,org.joda.time.TestPartial_Basics#testWithout3
1875,org.joda.time.TestMutablePeriod_Updates#testAdd_RD2
1876,org.joda.time.field.TestPreciseDurationDateTimeField#test_set_RP_int_intarray_int
1877,org.joda.time.TestDateMidnight_Properties#testPropertyWithMinimumValueDayOfMonth
1878,org.joda.time.TestLocalDate_Basics#testToDateTime_wrongChronoLocalTime_Zone
1879,org.joda.time.TestYearMonthDay_Basics#testToInterval_Zone
1880,org.joda.time.TestLocalTime_Constructors#testConstructor
1881,org.joda.time.TestTimeOfDay_Constructors#testConstructor_Object1
1882,org.joda.time.TestMutablePeriod_Updates#testMergePeriod_RP4
1883,org.joda.time.format.TestDateTimeFormatStyle#testForStyle_shortLongDateTime
1884,org.joda.time.TestDateTime_Properties#testPropertyGetMinuteOfDay
1885,org.joda.time.TestYearMonth_Basics#testMinusMonths_int
1886,org.joda.time.chrono.TestGJChronology#testSubtractDays
1887,org.joda.time.format.TestPeriodFormat#test_wordBased_de_formatStandard
1888,org.joda.time.TestLocalDate_Basics#testCompareTo
1889,org.joda.time.TestMutablePeriod_Updates#testAddSeconds
1890,org.joda.time.TestTimeOfDay_Properties#testPropertySetSecond
1891,org.joda.time.TestMutablePeriod_Constructors#testConstructor_PeriodType1
1892,org.joda.time.chrono.TestIslamicChronology#test16BasedLeapYear
1893,org.joda.time.format.TestISODateTimeFormatParsing#test_hourMinuteSecond
1894,org.joda.time.field.TestBaseDateTimeField#test_getMaximumTextLength_Locale
1895,org.joda.time.field.TestBaseDateTimeField#test_getAsText_int_Locale
1896,org.joda.time.TestPartial_Basics#testWithFieldAddWrapped2
1897,org.joda.time.TestLocalDateTime_Properties#testPropertySetMilli
1898,org.joda.time.tz.TestFixedDateTimeZone#testEquals
1899,org.joda.time.format.TestDateTimeFormat#testFormat_monthOfYear
1900,org.joda.time.TestTimeOfDay_Basics#testIsBefore_TOD
1901,org.joda.time.format.TestDateTimeFormatter#testPrint_bufferMethods
1902,org.joda.time.TestLocalDate_Constructors#testConstructor_nullObject_DateTimeZone
1903,org.joda.time.TestSeconds#testDividedBy_int
1904,org.joda.time.TestDateMidnight_Basics#testGetters
1905,org.joda.time.TestSeconds#testToStandardWeeks
1906,org.joda.time.TestInterval_Constructors#testConstructor_RD_RI2
1907,org.joda.time.TestMutablePeriod_Updates#testSetYears
1908,org.joda.time.TestDateTimeZone#testGetOffsetFixed_RI
1909,org.joda.time.TestMutablePeriod_Updates#testSetPeriod_8ints2
1910,org.joda.time.format.TestISODateTimeFormatParsing#test_dateParser
1911,org.joda.time.field.TestPreciseDurationDateTimeField#test_getMaximumValue
1912,org.joda.time.chrono.TestGJChronology#testCutoverAddYears
1913,org.joda.time.TestMutablePeriod_Basics#testEqualsHashCode
1914,org.joda.time.TestLocalTime_Constructors#testConstructor_ObjectLocalDateTime
1915,org.joda.time.format.TestTextFields#testMonthNames_monthMiddle
1916,org.joda.time.format.TestPeriodFormatterBuilder#testFormatHours
1917,org.joda.time.TestInstant_Basics#testToMutableDateTime
1918,org.joda.time.chrono.TestGJChronology#testCutoverAddMonths
1919,org.joda.time.TestDateMidnight_Basics#testGet_DateTimeFieldType
1920,org.joda.time.TestMutableDateTime_Sets#testSetDayOfYear_int2
1921,org.joda.time.TestLocalTime_Constructors#testConstructor_ObjectString_DateTimeZoneTokyo
1922,org.joda.time.convert.TestConverterManager#testAddPeriodConverter3
1923,org.joda.time.TestMutableInterval_Constructors#testConstructor_RP_RI7
1924,org.joda.time.TestDateTime_Properties#testPropertyGetSecondOfDay
1925,org.joda.time.TestMutableInterval_Constructors#testConstructor_long_long_Chronology1
1926,org.joda.time.TestMonthDay_Basics#testWithFieldAdded_zero
1927,org.joda.time.TestParseISO#testSpecTruncatedYMD
1928,org.joda.time.TestMutablePeriod_Updates#testSetPeriod_long_long_NoMillis
1929,org.joda.time.TestMutableDateTime_Properties#testPropertySetTextDayOfMonth
1930,org.joda.time.TestMutableDateTime_Constructors#testConstructor_nullObject_DateTimeZone
1931,org.joda.time.chrono.TestIslamicChronology#testWithUTC
1932,org.joda.time.TestDateTimeZoneCutover#test_DateTime_plusDay_Turk
1933,org.joda.time.format.TestDateTimeFormatter#testParseInto_zone2
1934,org.joda.time.TestMutablePeriod_Constructors#testConstructor_long_PeriodType_Chronology3
1935,org.joda.time.TestPartial_Basics#testCompareTo
1936,org.joda.time.TestTimeOfDay_Basics#testGetFieldType
1937,org.joda.time.TestMutablePeriod_Constructors#testConstructor_long_long_PeriodType_Chronology2
1938,org.joda.time.TestTimeOfDay_Properties#testPropertyGetSecond
1939,org.joda.time.TestDateTime_Basics#testPlusSeconds_int
1940,org.joda.time.TestMonths#testPlus_Months
1941,org.joda.time.TestInterval_Basics#testToPeriod
1942,org.joda.time.format.TestISODateTimeFormat_Fields#testForFields_time_HMm
1943,org.joda.time.TestLocalDateTime_Constructors#testConstructor_ObjectStringEx1
1944,org.joda.time.field.TestBaseDateTimeField#test_getName
1945,org.joda.time.TestLocalDateTime_Basics#testMinusDays_int
1946,org.joda.time.field.TestPreciseDurationDateTimeField#test_getAsShortText_long_Locale
1947,org.joda.time.field.TestMillisDurationField#test_getDifference_long_int
1948,org.joda.time.TestDateMidnight_Constructors#testConstructor_Object_DateTimeZone
1949,org.joda.time.TestYearMonth_Basics#testToString_String_Locale
1950,org.joda.time.TestMutableDateTime_Properties#testPropertyRoundHalfFloorHourOfDay
1951,org.joda.time.field.TestPreciseDateTimeField#test_getMaximumTextLength_Locale
1952,org.joda.time.TestDateTime_Constructors#testConstructor_long_nullChronology
1953,org.joda.time.format.TestISODateTimeFormat#testFormat_basicWeekDateTimeNoMillis
1954,org.joda.time.TestMutableInterval_Constructors#testConstructor_RD_RI4
1955,org.joda.time.TestParseISO#testSpecTimeTruncatedS
1956,org.joda.time.field.TestBaseDateTimeField#test_getAsText_long_Locale
1957,org.joda.time.field.TestPreciseDateTimeField#test_roundCeiling_long
1958,org.joda.time.TestLocalTime_Properties#testPropertyPlusWrapFieldMilli
1959,org.joda.time.TestYearMonthDay_Properties#testPropertyCompareToYear
1960,org.joda.time.TestMutableDateTime_Basics#testEqualsHashCode
1961,org.joda.time.TestMutablePeriod_Updates#testAddMillis
1962,org.joda.time.TestDateTimeComparator#testSerialization2
1963,org.joda.time.TestPartial_Basics#testWithField4
1964,org.joda.time.TestDuration_Basics#testWithDurationAdded_long_int5
1965,org.joda.time.convert.TestReadablePartialConverter#testSupportedType
1966,org.joda.time.tz.TestCompiler#test_Amman_2006
1967,org.joda.time.TestMutableDateTime_Adds#testAdd_long1
1968,org.joda.time.TestPartial_Basics#testWithout2
1969,org.joda.time.TestDateTimeUtils#testIsContiguous_RP
1970,org.joda.time.format.TestDateTimeFormatStyle#testForStyle_shortDate
1971,org.joda.time.format.TestPeriodFormatterBuilder#testFormatAppend_PrinterParser_Printer_null_null_Parser
1972,org.joda.time.TestYearMonth_Properties#testPropertyCompareToMonth
1973,org.joda.time.TestPeriodType#testDayTime
1974,org.joda.time.TestParseISO#testSpecTimeFractionalH
1975,org.joda.time.TestMonthDay_Constructors#testConstructor_ObjectString5
1976,org.joda.time.TestPeriod_Basics#testToString_PeriodFormatter
1977,org.joda.time.TestMinutes#testPlus_Minutes
1978,org.joda.time.TestMutablePeriod_Updates#testAdd_long_Chronology3
1979,org.joda.time.TestMonthDay_Basics#testProperty
1980,org.joda.time.TestPartial_Match#testIsMatch_Partial
1981,org.joda.time.TestMonthDay_Basics#testGetFieldType
1982,org.joda.time.format.TestPeriodFormat#test_getDefault_formatTwoFields
1983,org.joda.time.field.TestPreciseDateTimeField#test_roundHalfCeiling_long
1984,org.joda.time.TestPeriod_Basics#testWithFields2
1985,org.joda.time.format.TestISODateTimeFormat_Fields#testForFields_calBased_YD
1986,org.joda.time.chrono.TestISOChronology#testTimeFields
1987,org.joda.time.convert.TestConverterSet#testAddNullRemoved1
1988,org.joda.time.TestLocalDateTime_Basics#testGetValues
1989,org.joda.time.TestLocalDate_Properties#testPropertyAddToCopyDay
1990,org.joda.time.TestMutableInterval_Constructors#testConstructor_RP_RI6
1991,org.joda.time.TestYears#testConstants
1992,org.joda.time.TestMutablePeriod_Updates#testSetPeriod_RInterval2
1993,org.joda.time.format.TestPeriodFormat#test_wordBased_pt_cached
1994,org.joda.time.TestDateTime_Constructors#testTest
1995,org.joda.time.field.TestPreciseDurationField#test_getMillis_long
1996,org.joda.time.TestLocalTime_Constructors#testFactoryMillisOfDay_long
1997,org.joda.time.TestLocalDateTime_Properties#testPropertyCompareToMilli
1998,org.joda.time.TestDateTime_Constructors#testConstructor_long_nullDateTimeZone
1999,org.joda.time.TestDateTimeZoneCutover#test_DateTime_minusHour_Gaza
2000,org.joda.time.chrono.TestGregorianChronology#testFactoryUTC
2001,org.joda.time.TestYearMonthDay_Properties#testPropertyWithMaximumValueDayOfMonth
2002,org.joda.time.TestMutableDateTime_Constructors#testConstructor_nullChronology
2003,org.joda.time.TestPeriodType#testMaskDays
2004,org.joda.time.TestHours#testIsLessThan
2005,org.joda.time.TestMutablePeriod_Updates#testMergePeriod_RP2
2006,org.joda.time.TestPartial_Basics#testToString_DTFormatter
2007,org.joda.time.format.TestPeriodFormatterBuilder#testFormatPrintZeroRarelyFirstMonths
2008,org.joda.time.convert.TestConverterManager#testRemoveInstantConverter3
2009,org.joda.time.TestBaseSingleFieldPeriod#testValueIndexMethods
2010,org.joda.time.TestDateMidnight_Constructors#testConstructor_nullObject_nullDateTimeZone
2011,org.joda.time.TestSerialization#testSerializedDateTime
2012,org.joda.time.TestDateTime_Basics#testWithFieldAdded2
2013,org.joda.time.format.TestISODateTimeFormatParsing#test_basicDateTimeNoMillis
2014,org.joda.time.TestYearMonthDay_Basics#testWithFieldAdded3
2015,org.joda.time.TestMutablePeriod_Constructors#testConstructor_RI_RI_PeriodType5
2016,org.joda.time.TestPeriod_Constructors#testConstructor_long_PeriodType4
2017,org.joda.time.TestSerialization#testSerializedDateTimeProperty
2018,org.joda.time.convert.TestDateConverter#testSupportedType
2019,org.joda.time.field.TestBaseDateTimeField#test_roundHalfCeiling_long
2020,org.joda.time.format.TestISODateTimeFormat_Fields#testForFields_time_HMS
2021,org.joda.time.format.TestISODateTimeFormatParsing#test_localDateParser
2022,org.joda.time.convert.TestCalendarConverter#testSupportedType
2023,org.joda.time.field.TestOffsetDateTimeField#test_getDifferenceAsLong_long_long
2024,org.joda.time.TestYearMonthDay_Properties#testPropertyWithMinimumValueDayOfMonth
2025,org.joda.time.field.TestMillisDurationField#test_getMillis_int_long
2026,org.joda.time.TestMonthDay_Basics#testPlusMonths_int_adjust
2027,org.joda.time.format.TestDateTimeFormatter#testParseLocalDateTime_simple
2028,org.joda.time.TestDateTime_Properties#testPropertyToIntervalHourOfDay
2029,org.joda.time.TestDateTimeComparator#testStaticGetInstance
2030,org.joda.time.TestMutableInterval_Updates#testSeDurationAfterStart_RI2
2031,org.joda.time.TestDateMidnight_Constructors#testConstructor_Object_Chronology
2032,org.joda.time.TestPartial_Basics#testWithFieldAddWrapped8
2033,org.joda.time.field.TestPreciseDurationDateTimeField#test_get
2034,org.joda.time.TestYearMonthDay_Basics#testToDateTime_TOD
2035,org.joda.time.TestDateTime_Basics#testIsEqualNow
2036,org.joda.time.TestDateMidnight_Constructors#testConstructor_int_int_int_nullDateTimeZone
2037,org.joda.time.TestBaseSingleFieldPeriod#testToMutablePeriod
2038,org.joda.time.TestDateTimeZoneCutover#test_DateTime_setHourForward_Moscow_Spring
2039,org.joda.time.TestMutableInterval_Constructors#testConstructor_Object6
2040,org.joda.time.TestMutableDateTime_Adds#testTest
2041,org.joda.time.TestMutableInterval_Constructors#testConstructor_RI_RI3
2042,org.joda.time.TestMutableInterval_Basics#testContains_long
2043,org.joda.time.TestInterval_Constructors#testConstructor_RI_RI7
2044,org.joda.time.TestPartial_Basics#testWith3e
2045,org.joda.time.TestDateTime_Properties#testPropertyToIntervalSecondOfMinute
2046,org.joda.time.format.TestDateTimeFormat#testFormatParse_textMonthJanLongUpperCase_UK
2047,org.joda.time.TestDateMidnight_Basics#testToDateTime_DateTimeZone
2048,org.joda.time.TestInterval_Constructors#testConstructor_long_long_nullChronology
2049,org.joda.time.TestDateTimeComparator#testListWOW
2050,org.joda.time.TestYearMonthDay_Constructors#testConstructor_Object_Chronology
2051,org.joda.time.field.TestPreciseDurationField#test_getDifference_long_int
2052,org.joda.time.TestTimeOfDay_Basics#testWithFieldAdded4
2053,org.joda.time.format.TestISODateTimeFormat#testFormat_basicTTimeNoMillis
2054,org.joda.time.TestMonthDay_Basics#testWithField
2055,org.joda.time.TestMonthDay_Constructors#testConstructor_nullDateTimeZone
2056,org.joda.time.field.TestPreciseDateTimeField#test_remainder_long
2057,org.joda.time.TestMutableDateTime_Sets#testSetDayOfWeek_int2
2058,org.joda.time.TestYearMonthDay_Constructors#testConstructor_nullDateTimeZone
2059,org.joda.time.TestDateMidnight_Constructors#testConstructor_nullObject_Chronology
2060,org.joda.time.TestLocalDateTime_Basics#testIsEqual_LocalDateTime
2061,org.joda.time.format.TestISODateTimeFormat#testSubclassableConstructor
2062,org.joda.time.TestMutablePeriod_Updates#testSetPeriod_RD3
2063,org.joda.time.TestHours#testFactory_hoursIn_RInterval
2064,org.joda.time.TestMutableDateTime_Sets#testSetTime_long1
2065,org.joda.time.field.TestOffsetDateTimeField#test_getAsShortText_RP_Locale
2066,org.joda.time.TestDateTimeZoneCutover#test_DateTime_plusHour_Turk
2067,org.joda.time.field.TestPreciseDurationDateTimeField#test_getAsText_RP_int_Locale
2068,org.joda.time.TestLocalDate_Basics#testToString_String
2069,org.joda.time.chrono.TestGregorianChronology#testFactory_Zone_int
2070,org.joda.time.chrono.TestGregorianChronology#testDateFields
2071,org.joda.time.TestMonthDay_Basics#testMinusMonths_int_same
2072,org.joda.time.TestMutableDateTime_Properties#testPropertyAddWrapFieldWeekOfWeekyear
2073,org.joda.time.TestPeriodType#testMaskSeconds
2074,org.joda.time.TestInterval_Constructors#testConstructor_Object5
2075,org.joda.time.TestPartial_Basics#testWithField2
2076,org.joda.time.TestDateTime_Constructors#testConstructor_int_int_int_int_int_int_int_nullDateTimeZone
2077,org.joda.time.TestDateTimeZone#testCommentParse
2078,org.joda.time.convert.TestConverterSet#testRemoveNullRemoved2
2079,org.joda.time.TestPeriodType#testMaskHours
2080,org.joda.time.TestMutableDateTime_Sets#testSetSecondOfDay_int2
2081,org.joda.time.TestMutableDateTime_Basics#testToString_String_String
2082,org.joda.time.chrono.TestIslamicChronology#testIndianBasedLeapYear
2083,org.joda.time.TestLocalTime_Constructors#testFactory_FromDateFields_after1970
2084,org.joda.time.TestLocalDateTime_Constructors#testConstructor_Object1
2085,org.joda.time.TestMutableDateTime_Sets#testSetDateTime_int_int_int_int_int_int_int1
2086,org.joda.time.TestPeriod_Basics#testNormalizedStandard_yearMonthDay
2087,org.joda.time.format.TestDateTimeFormatter#testParseInto_offsetParsed
2088,org.joda.time.TestIllegalFieldValueException#testZoneTransition
2089,org.joda.time.TestMutableDateTime_Sets#testSetZone_DateTimeZone1
2090,org.joda.time.field.TestBaseDateTimeField#test_getAsText_RP_Locale
2091,org.joda.time.convert.TestConverterManager#testAddPeriodConverter1
2092,org.joda.time.convert.TestNullConverter#testGetPartialValues
2093,org.joda.time.TestMutableDateTime_Basics#testToMutableDateTimeISO
2094,org.joda.time.TestPeriod_Basics#testToPeriod
2095,org.joda.time.format.TestPeriodFormatParsing#testParseStandard1
2096,org.joda.time.TestTimeOfDay_Constructors#testConstructor_ObjectString5
2097,org.joda.time.TestDuration_Constructors#testZERO
2098,org.joda.time.TestDuration_Basics#testPlus_RD2
2099,org.joda.time.TestMutablePeriod_Basics#testTest
2100,org.joda.time.field.TestBaseDateTimeField#test_convertText
2101,org.joda.time.TestPeriod_Constructors#testConstructor_RP_RP3
2102,org.joda.time.field.TestBaseDateTimeField#test_add_RP_int_intarray_int
2103,org.joda.time.TestChronology#testEqualsHashCode_ISO
2104,org.joda.time.TestPeriod_Constructors#testConstructor_RI_RI_PeriodType4
2105,org.joda.time.TestMinutes#testToStandardDays
2106,org.joda.time.TestLocalDateTime_Constructors#testConstructor_int_int_int_int_int_int_int
2107,org.joda.time.TestMonths#testFactory_months_int
2108,org.joda.time.TestMutableDateTime_Basics#testCopy
2109,org.joda.time.convert.TestStringConverter#testSetIntoPeriod_Object8
2110,org.joda.time.TestLocalDateTime_Constructors#testConstructor
2111,org.joda.time.TestSeconds#testIsGreaterThan
2112,org.joda.time.TestLocalDateTime_Basics#testWithFieldAdded_DurationFieldType_int_2
2113,org.joda.time.TestMutableDateTime_Properties#testPropertyToIntervalYear
2114,org.joda.time.TestDateTime_Constructors#testConstructor_invalidObject
2115,org.joda.time.TestMutablePeriod_Constructors#testConstructor_Object4
2116,org.joda.time.TestLocalDate_Basics#testGetFieldType_int
2117,org.joda.time.TestPeriod_Constructors#testConstructor_RI_RD_PeriodType1
2118,org.joda.time.TestDateTimeZoneCutover#test_DateTime_newValid_Gaza
2119,org.joda.time.TestDateTime_Basics#testToLocalDate
2120,org.joda.time.format.TestDateTimeFormatterBuilder#test_canBuildFormatter
2121,org.joda.time.TestLocalTime_Basics#testEqualsHashCode
2122,org.joda.time.TestDateTimeComparator#testMonth
2123,org.joda.time.field.TestPreciseDurationField#test_getValueAsLong_long_long
2124,org.joda.time.TestDateTimeZoneCutover#test_DateTime_withZoneRetainFields_Gaza
2125,org.joda.time.chrono.TestBuddhistChronology#testKeyYears
2126,org.joda.time.TestLocalDate_Basics#testPlusDays_int
2127,org.joda.time.TestLocalDate_Properties#testPropertyAddToCopyYear
2128,org.joda.time.TestPartial_Basics#testWithFieldAddWrapped5
2129,org.joda.time.field.TestPreciseDurationField#test_getValue_long
2130,org.joda.time.TestPartial_Constructors#testConstructor
2131,org.joda.time.TestYearMonthDay_Basics#testToString_String_Locale
2132,org.joda.time.TestLocalDateTime_Basics#testMinusSeconds_int
2133,org.joda.time.TestDuration_Basics#testWithDurationAdded_RD_int4
2134,org.joda.time.TestDateTimeZoneCutover#test_DateTime_setHourBack_NewYork_Spring
2135,org.joda.time.field.TestPreciseDurationDateTimeField#test_getMinimumValue_RP
2136,org.joda.time.TestLocalTime_Basics#testToDateTimeTodayDefaultZone
2137,org.joda.time.TestMutableDateTime_Constructors#testConstructor_DateTimeZone
2138,org.joda.time.convert.TestStringConverter#testSetIntoPeriod_Object3
2139,org.joda.time.format.TestPeriodFormatter#testParseInto_simple
2140,org.joda.time.format.TestISODateTimeFormat_Fields#testForFields_weekBased_YWD
2141,org.joda.time.TestDateTimeComparator#testDOM
2142,org.joda.time.TestMutableInterval_Constructors#testConstructor_Object3
2143,org.joda.time.field.TestPreciseDurationField#test_isPrecise
2144,org.joda.time.TestPartial_Constructors#testConstructorEx7_TypeArray_intArray
2145,org.joda.time.TestYearMonth_Basics#testWithFieldAdded
2146,org.joda.time.TestMonthDay_Basics#testToLocalDate
2147,org.joda.time.format.TestPeriodFormat#test_wordBased_es_parseTwoFields
2148,org.joda.time.TestMutableInterval_Updates#testSetPeriodAfterStart_RI1
2149,org.joda.time.format.TestDateTimeFormatterBuilder#test_toFormatter
2150,org.joda.time.TestPeriod_Basics#testToStandardSeconds
2151,org.joda.time.TestTimeOfDay_Constructors#testConstructor2_Object_Chronology
2152,org.joda.time.TestLocalDate_Properties#testPropertyEquals
2153,org.joda.time.field.TestOffsetDateTimeField#test_getAsShortText_long
2154,org.joda.time.TestDateMidnight_Constructors#testConstructor_badconverterObject_Chronology
2155,org.joda.time.TestMutableDateTime_Sets#testSetTime_Object3
2156,org.joda.time.convert.TestReadableIntervalConverter#testToString
2157,org.joda.time.TestMonthDay_Properties#testPropertyEqualsHashCodeStrict
2158,org.joda.time.field.TestScaledDurationField#test_getMillis_int_long
2159,org.joda.time.TestDateTimeZone#testTimeZoneConversion
2160,org.joda.time.format.TestPeriodFormatterBuilder#testFormatSuffixSimple4
2161,org.joda.time.TestLocalDateTime_Properties#testPropertyAddToCopyDay
2162,org.joda.time.TestPartial_Constructors#testConstructorEx_Type_int_Chrono
2163,org.joda.time.field.TestPreciseDateTimeField#test_roundFloor_long
2164,org.joda.time.field.TestOffsetDateTimeField#test_roundCeiling_long
2165,org.joda.time.convert.TestConverterManager#testGetInstantConverterBadMultipleMatches
2166,org.joda.time.TestDateTimeZoneCutover#test_DateTime_roundCeiling_day_NewYork_Autumn_postCutover
2167,org.joda.time.TestMutableDateTime_Properties#testPropertyGetSecondOfDay
2168,org.joda.time.format.TestDateTimeFormat#testFormat_era
2169,org.joda.time.chrono.TestGregorianChronology#testEquality
2170,org.joda.time.TestDateTimeUtils#testGetDurationMillis_RI
2171,org.joda.time.tz.TestBuilder#testID
2172,org.joda.time.TestLocalTime_Basics#testWithFieldAdded_DurationFieldType_int_3
2173,org.joda.time.TestDateMidnight_Basics#testProperty
2174,org.joda.time.TestMonthDay_Basics#testPlus_RP
2175,org.joda.time.convert.TestReadableInstantConverter#testGetInstantMillis_Object_Chronology
2176,org.joda.time.TestMutableDateTime_Sets#testSetDayOfMonth_int2
2177,org.joda.time.TestInterval_Basics#testIsAfterNow
2178,org.joda.time.convert.TestStringConverter#testSetIntoPeriod_Object1
2179,org.joda.time.format.TestISODateTimeFormat_Fields#testForFields_time_m
2180,org.joda.time.TestLocalTime_Constructors#testConstructor_ObjectString3
2181,org.joda.time.TestLocalDate_Properties#testPropertySetCopyTextMonth
2182,org.joda.time.TestDateMidnight_Basics#testPlus_RD
2183,org.joda.time.field.TestBaseDateTimeField#test_getAsShortText_RP_Locale
2184,org.joda.time.TestWeeks#testToStandardSeconds
2185,org.joda.time.TestDateTimeZoneCutover#test_DateTime_roundCeiling_minute_NewYork_Spring_postCutover
2186,org.joda.time.field.TestPreciseDurationDateTimeField#test_getMaximumValue_RP
2187,org.joda.time.TestYearMonth_Constructors#testConstructor_Chronology
2188,org.joda.time.TestDateTimeZoneCutover#test_DateTime_setHourAcross_NewYork_Spring
2189,org.joda.time.TestMonthDay_Basics#testGetFieldTypes
2190,org.joda.time.TestLocalDate_Constructors#testConstructor_ObjectStringEx7
2191,org.joda.time.TestDateMidnight_Basics#testToMutableDateTimeISO
2192,org.joda.time.TestMutableInterval_Basics#testToMutableInterval1
2193,org.joda.time.TestYearMonthDay_Constructors#testConstructor_int_int_int_nullChronology
2194,org.joda.time.format.TestDateTimeFormat#testFormatParse_textEraBC_France
2195,org.joda.time.TestPeriod_Basics#testToMutablePeriod
2196,org.joda.time.field.TestPreciseDurationDateTimeField#test_getMaximumShortTextLength_Locale
2197,org.joda.time.TestIllegalFieldValueException#testGJCutover
2198,org.joda.time.TestDateTime_Basics#testTest
2199,org.joda.time.TestYearMonthDay_Constructors#testConstructor_Object
2200,org.joda.time.format.TestDateTimeFormatStyle#testForStyle_longDate
2201,org.joda.time.TestInterval_Basics#testWithDurationAfterStart1
2202,org.joda.time.TestLocalDateTime_Constructors#testConstructor_Object_DateTimeZone
2203,org.joda.time.field.TestPreciseDurationDateTimeField#test_add_RP_int_intarray_int
2204,org.joda.time.TestWeeks#testPlus_Weeks
2205,org.joda.time.TestDateTimeComparator#testStaticGetTimeOnlyInstance
2206,org.joda.time.TestLocalDateTime_Constructors#testConstructor_Object_ChronologyMoscow
2207,org.joda.time.chrono.TestEthiopicChronology#testToString
2208,org.joda.time.TestHours#testToStandardDuration
2209,org.joda.time.TestDateTime_Constructors#testConstructor_int_int_int_int_int_int_int_nullChronology
2210,org.joda.time.chrono.TestGJChronology#testFactory
2211,org.joda.time.TestPeriod_Constructors#testConstructor_8int__PeriodType2
2212,org.joda.time.TestYearMonth_Basics#testWithField_unknownField
2213,org.joda.time.TestDateTimeZoneCutover#test_getOffsetFromLocal_Guatemata_Autumn
2214,org.joda.time.TestLocalDateTime_Constructors#testFactory_FromDateFields
2215,org.joda.time.TestYearMonth_Properties#testPropertySetYear
2216,org.joda.time.TestMutableDateTime_Properties#testPropertyGetYear
2217,org.joda.time.TestDateTimeZoneCutover#test_DateTime_roundFloor_minute_NewYork_Spring_preCutover
2218,org.joda.time.TestDateTime_Basics#testPlusWeeks_int
2219,org.joda.time.TestLocalDateTime_Properties#testPropertyAddWrapFieldToCopySecond
2220,org.joda.time.TestMutableDateTime_Sets#testSet_DateTimeFieldType_int2
2221,org.joda.time.convert.TestConverterManager#testAddIntervalConverter2
2222,org.joda.time.format.TestDateTimeFormat#testFormat_dayOfWeekShortText
2223,org.joda.time.TestDateTimeComparator#testListSecond
2224,org.joda.time.TestYears#testFactory_yearsBetween_RPartial
2225,org.joda.time.TestYearMonth_Properties#testPropertyAddYear
2226,org.joda.time.TestPeriod_Constructors#testConstructor_RI_RI5
2227,org.joda.time.convert.TestReadableIntervalConverter#testSetIntoInterval_Object1
2228,org.joda.time.TestMutablePeriod_Updates#testAdd_long_Chronology2
2229,org.joda.time.format.TestDateTimeFormatter#testPrint_chrono_and_zone
2230,org.joda.time.chrono.TestGregorianChronology#testDurationFields
2231,org.joda.time.TestMutableDateTime_Constructors#testConstructor_nullObject_nullChronology
2232,org.joda.time.TestLocalTime_Constructors#testConstructor_nullChronology
2233,org.joda.time.TestInterval_Basics#testWithPeriodAfterStart2
2234,org.joda.time.TestBaseSingleFieldPeriod#testToPeriod
2235,org.joda.time.TestLocalTime_Constructors#testConstantMidnight
2236,org.joda.time.TestLocalDateTime_Properties#testPropertyAddToCopyHour
2237,org.joda.time.field.TestPreciseDateTimeField#test_getMinimumValue_RP
2238,org.joda.time.TestMutableInterval_Updates#testSetStartMillis_long2
2239,org.joda.time.TestDateTimeFieldType#test_minuteOfHour
2240,org.joda.time.TestParseISO#testSpecTimeReducedPrecisionHM
2241,org.joda.time.TestYearMonthDay_Basics#testToDateTime_nullTOD_Zone
2242,org.joda.time.TestBaseSingleFieldPeriod#testGet
2243,org.joda.time.TestLocalDate_Properties#testPropertyGetMaxMinValuesMonth
2244,org.joda.time.format.TestDateTimeFormatterBuilder#test_toParser
2245,org.joda.time.format.TestISODateTimeFormatParsing#test_ordinalDateTime
2246,org.joda.time.TestYears#testFactory_yearsIn_RInterval
2247,org.joda.time.chrono.TestEthiopicChronology#testDurationMonth
2248,org.joda.time.field.TestMillisDurationField#test_getType
2249,org.joda.time.TestMutablePeriod_Updates#testSetPeriod_long_long_NoMinutes
2250,org.joda.time.TestDateTime_Basics#testIsBefore_RI
2251,org.joda.time.field.TestScaledDurationField#test_add_long_int
2252,org.joda.time.TestDateMidnight_Basics#testWithField1
2253,org.joda.time.TestYearMonthDay_Properties#testPropertyAddWrapFieldYear
2254,org.joda.time.chrono.TestISOChronology#testWithZone
2255,org.joda.time.convert.TestConverterSet#testAddNullRemoved3
2256,org.joda.time.TestYearMonth_Constructors#testFactory_FromCalendarFields
2257,org.joda.time.TestLocalDateTime_Basics#testPlus_RP
2258,org.joda.time.TestSeconds#testNegated
2259,org.joda.time.TestDateTimeZone#testGetShortNameNullKey
2260,org.joda.time.TestDurationFieldType#test_centuries
2261,org.joda.time.chrono.TestCopticChronology#testWithZone
2262,org.joda.time.convert.TestReadablePeriodConverter#testSupportedType
2263,org.joda.time.TestWeeks#testToStandardDuration
2264,org.joda.time.TestMutableDateTime_Adds#testAdd_RP_int1
2265,org.joda.time.format.TestISODateTimeFormat#testFormat_hourMinuteSecondMillis
2266,org.joda.time.TestHours#testGetFieldType
2267,org.joda.time.TestHours#testToStandardDays
2268,org.joda.time.TestPeriod_Constructors#testConstructor_long_long_PeriodType2
2269,org.joda.time.convert.TestStringConverter#testGetDateTime6
2270,org.joda.time.TestYearMonth_Constructors#testConstructor_int_int_Chronology
2271,org.joda.time.TestDateTimeComparator#testListMillis
2272,org.joda.time.TestPeriod_Constructors#testConstructor_long_PeriodType_Chronology4
2273,org.joda.time.TestDateTime_Basics#testCompareTo
2274,org.joda.time.TestMutableDateTime_Properties#testPropertyAddWrapFieldDayOfMonth
2275,org.joda.time.TestLocalDateTime_Properties#testPropertyWithMaxMinValueMinute
2276,org.joda.time.TestDateMidnight_Basics#testWithDurationAdded_RP_int
2277,org.joda.time.TestInterval_Basics#testWithDurationBeforeEnd1
2278,org.joda.time.TestMonthDay_Constructors#testConstructor_ObjectString3
2279,org.joda.time.TestPeriod_Constructors#testConstructor_RP_RP_PeriodType6
2280,org.joda.time.TestYearMonthDay_Basics#testGetValues
2281,org.joda.time.TestMonthDay_Basics#testWithChronologyRetainFields_Chrono
2282,org.joda.time.TestDateTime_Constructors#testConstructor_nullObject_Chronology
2283,org.joda.time.TestHours#testFactory_parseHours_String
2284,org.joda.time.TestYearMonthDay_Constructors#testConstructor_long_nullChronology
2285,org.joda.time.TestDateTime_Basics#testWithFieldAdded1
2286,org.joda.time.TestInterval_Basics#testGap_RInterval_zoneUTC
2287,org.joda.time.TestPartial_Basics#testPlus_RP
2288,org.joda.time.TestMutableInterval_Constructors#testConstructor_RI_RD2
2289,org.joda.time.TestDuration_Constructors#testConstructor_Object4
2290,org.joda.time.field.TestBaseDateTimeField#test_constructor
2291,org.joda.time.TestYearMonth_Basics#testToDateTime_nullRI
2292,org.joda.time.field.TestBaseDateTimeField#test_isLeap_long
2293,org.joda.time.TestDateTime_Properties#testPropertySetTextMonthOfYear
2294,org.joda.time.TestMonthDay_Properties#testPropertyAddWrapFieldDayOfMonth
2295,org.joda.time.TestDateTimeZone#testDefault
2296,org.joda.time.TestDateTime_Constructors#testConstructor_int_int_int_int_int_int
2297,org.joda.time.TestYearMonthDay_Basics#testToDateTimeAtCurrentTime_nullZone
2298,org.joda.time.TestInterval_Constructors#testConstructor_RP_RI2
2299,org.joda.time.TestHours#testToStandardSeconds
2300,org.joda.time.TestTimeOfDay_Properties#testPropertySetTextMilli
2301,org.joda.time.TestMutablePeriod_Constructors#testConstructor_long_long1
2302,org.joda.time.convert.TestLongConverter#testGetDurationMillis_Object
2303,org.joda.time.convert.TestStringConverter#testGetInstantMillisInvalid
2304,org.joda.time.chrono.TestJulianChronology#testWithUTC
2305,org.joda.time.field.TestPreciseDateTimeField#test_add_RP_int_intarray_int
2306,org.joda.time.format.TestDateTimeFormat#testFormat_dayOfWeekText
2307,org.joda.time.TestMutablePeriod_Updates#testAdd_RP4
2308,org.joda.time.TestLocalTime_Properties#testPropertyPlusNoWrapMilli
2309,org.joda.time.field.TestOffsetDateTimeField#test_getMaximumValue
2310,org.joda.time.TestDateMidnight_Properties#testPropertySetTextMonthOfYear
2311,org.joda.time.TestDateTime_Properties#testPropertyRoundHalfFloorHourOfDay
2312,org.joda.time.TestLocalDate_Basics#testToDateTimeAtMidnight_Zone
2313,org.joda.time.TestDateTimeComparator#testSerialization1
2314,org.joda.time.TestMutableDateTime_Properties#testPropertySetDayOfWeek
2315,org.joda.time.TestMonthDay_Basics#testWithField_unknownField
2316,org.joda.time.TestPeriodType#testHashCode
2317,org.joda.time.TestDateTimeUtils#testSystemMillis
2318,org.joda.time.TestSeconds#testFactory_secondsBetween_RInstant
2319,org.joda.time.convert.TestConverterManager#testRemoveIntervalConverter2
2320,org.joda.time.TestSeconds#testIsLessThan
2321,org.joda.time.TestMutableInterval_Updates#testSetInterval_RInterval2
2322,org.joda.time.TestParseISO#testSpecWeekTruncatedD
2323,org.joda.time.TestYearMonth_Basics#testEqualsHashCode
2324,org.joda.time.TestDateTimeZoneCutover#test_DateTime_roundCeiling_secondOfMinute_NewYork_Autumn_preCutover
2325,org.joda.time.TestMinutes#testNegated
2326,org.joda.time.TestDateTime_Constructors#testConstructor_badconverterObject_DateTimeZone
2327,org.joda.time.TestMutableDateTime_Constructors#testConstructor_badconverterObject_Chronology
2328,org.joda.time.TestDateTimeZone#testProvider
2329,org.joda.time.TestLocalDateTime_Basics#testCompareTo
2330,org.joda.time.TestDateTimeZone#testGetAvailableIDs
2331,org.joda.time.TestDateTimeZone#testGetOffset_long
2332,org.joda.time.TestInterval_Constructors#testConstructor_RD_RI3
2333,org.joda.time.format.TestISODateTimeFormat#testFormat_hour
2334,org.joda.time.TestYearMonth_Constructors#testConstructor_ObjectString5
2335,org.joda.time.TestYearMonthDay_Properties#testPropertyCompareToDay
2336,org.joda.time.TestYearMonthDay_Basics#testIsSupported
2337,org.joda.time.TestDuration_Basics#testToIntervalTo
2338,org.joda.time.field.TestPreciseDurationDateTimeField#test_toString
2339,org.joda.time.TestTimeOfDay_Basics#testWithFieldAdded6
2340,org.joda.time.TestYearMonth_Constructors#testConstructor_ObjectString4
2341,org.joda.time.TestPeriod_Constructors#testConstructor_long_long_PeriodType3
2342,org.joda.time.TestMutableDateTime_Sets#testSetHourOfDay_int1
2343,org.joda.time.TestSeconds#testConstants
2344,org.joda.time.TestYearMonth_Constructors#testConstructor_nullObject
2345,org.joda.time.format.TestDateTimeFormat#testFormat_samples
2346,org.joda.time.TestLocalDateTime_Basics#testPlusYears_int
2347,org.joda.time.TestMinutes#testGetFieldType
2348,org.joda.time.TestYearMonthDay_Basics#testGetValue
2349,org.joda.time.tz.TestCompiler#testCompile
2350,org.joda.time.TestLocalTime_Constructors#testConstructor_Object1_Chronology
2351,org.joda.time.TestPeriod_Constructors#testConstructor_long_PeriodType3
2352,org.joda.time.TestTimeOfDay_Basics#testIsEqual_TOD
2353,org.joda.time.field.TestOffsetDateTimeField#test_isSupported
2354,org.joda.time.format.TestISODateTimeFormatParsing#test_basicOrdinalDateTime
2355,org.joda.time.convert.TestConverterSet#testAddNullRemoved2
2356,org.joda.time.TestDateMidnight_Constructors#testConstructor_nullObject
2357,org.joda.time.TestTimeOfDay_Basics#testCompareTo
2358,org.joda.time.TestLocalTime_Constructors#testConstructor_DateTimeZone
2359,org.joda.time.TestDateTimeZoneCutover#test_NewYorkIsCorrect_Spring
2360,org.joda.time.TestYearMonthDay_Basics#testGet
2361,org.joda.time.field.TestPreciseDateTimeField#test_isSupported
2362,org.joda.time.TestPeriod_Constructors#testConstants
2363,org.joda.time.TestTimeOfDay_Properties#testPropertyWithMaximumValueHour
2364,org.joda.time.TestMutableInterval_Constructors#testConstructor_RI_RI7
2365,org.joda.time.TestParseISO#testSpecTruncatedYM
2366,org.joda.time.TestDateMidnight_Constructors#testConstructor_Object_nullChronology
2367,org.joda.time.TestMonthDay_Properties#testPropertyAddWrapFieldMonthOfYear
2368,org.joda.time.format.TestISODateTimeFormat#testFormat_time_partial
2369,org.joda.time.TestMutableDateTime_Adds#testAddWeeks_int1
2370,org.joda.time.TestMinutes#testDividedBy_int
2371,org.joda.time.TestWeeks#testConstants
2372,org.joda.time.TestLocalDate_Basics#testGetField_int
2373,org.joda.time.TestBaseSingleFieldPeriod#testFactory_between_RPartial
2374,org.joda.time.TestPartial_Basics#testGetFormatter2
2375,org.joda.time.convert.TestConverterManager#testAddInstantConverter4
2376,org.joda.time.TestLocalDateTime_Basics#testGetValue_int
2377,org.joda.time.TestDateTimeFieldType#test_millisOfSecond
2378,org.joda.time.TestInterval_Constructors#testConstructor_RI_RP4
2379,org.joda.time.TestSeconds#testToStandardDays
2380,org.joda.time.TestWeeks#testMinus_int
2381,org.joda.time.TestLocalTime_Properties#testPropertySetTextSecond
2382,org.joda.time.convert.TestNullConverter#testSingleton
2383,org.joda.time.TestDateTime_Basics#testToYearMonthDay
2384,org.joda.time.TestInterval_Constructors#testConstructor_RI_RI_zones
2385,org.joda.time.TestMutableInterval_Basics#testContains_RI
2386,org.joda.time.TestMutablePeriod_Updates#testSetPeriod_long_long_NoHours
2387,org.joda.time.TestDateTimeComparator#testInvalidObj
2388,org.joda.time.TestMutableInterval_Updates#testSeDurationBeforeEnd_RI2
2389,org.joda.time.TestSeconds#testFactory_secondsBetween_RPartial
2390,org.joda.time.TestLocalDate_Basics#testMinusWeeks_int
2391,org.joda.time.TestMutablePeriod_Updates#testSetPeriod_8ints1
2392,org.joda.time.TestDateMidnight_Constructors#testConstructor_nullObject_DateTimeZone
2393,org.joda.time.TestInterval_Basics#testIsBefore_RInterval_null
2394,org.joda.time.TestLocalTime_Properties#testPropertySetMilli
2395,org.joda.time.TestTimeOfDay_Basics#testSerialization
2396,org.joda.time.TestDateTime_Basics#testToDateTime
2397,org.joda.time.TestTimeOfDay_Basics#testToDateTimeToday_Zone
2398,org.joda.time.field.TestPreciseDurationDateTimeField#test_isLeap_long
2399,org.joda.time.TestDateTimeZoneCutover#test_DateTime_withDay_Turk
2400,org.joda.time.TestYearMonth_Properties#testPropertySetTextMonth
2401,org.joda.time.TestMonths#testAddToLocalDate
2402,org.joda.time.TestDateTimeZoneCutover#test_DateTime_withZoneRetainFields_Turk
2403,org.joda.time.format.TestISODateTimeFormat_Fields#testForFields_null
2404,org.joda.time.TestMonthDay_Constructors#testConstructor_int_int_Chronology
2405,org.joda.time.format.TestPeriodFormat#test_getDefault_cached
2406,org.joda.time.TestHours#testFactory_hoursBetween_RPartial
2407,org.joda.time.TestLocalDateTime_Basics#testToLocalTime
2408,org.joda.time.TestLocalTime_Properties#testPropertyPlusNoWrapMinute
2409,org.joda.time.TestLocalTime_Properties#testPropertyCompareToMinute
2410,org.joda.time.TestDateTime_Basics#testWithDate_int_int_int
2411,org.joda.time.TestLocalDateTime_Properties#testPropertySetCopyTextYear
2412,org.joda.time.TestDateTimeZoneCutover#test_getOffsetFromLocal_NewYork_Autumn
2413,org.joda.time.field.TestPreciseDateTimeField#test_set_long_String
2414,org.joda.time.TestMutablePeriod_Updates#testSetHours
2415,org.joda.time.TestDateTimeFieldType#test_dayOfWeek
2416,org.joda.time.TestDateTime_Properties#testPropertyCompareToDayOfMonth
2417,org.joda.time.TestMutablePeriod_Constructors#testConstructor_long_PeriodType1
2418,org.joda.time.TestDateMidnight_Basics#testToMutableDateTime_Chronology
2419,org.joda.time.TestLocalDate_Basics#testToDate_summer
2420,org.joda.time.format.TestDateTimeFormatStyle#testForStyle_mediumTime
2421,org.joda.time.TestMonthDay_Basics#testMinus_RP
2422,org.joda.time.TestMutableInterval_Constructors#testConstructor_RI_RI4
2423,org.joda.time.TestLocalDate_Constructors#testConstructor_nullDateTimeZone
2424,org.joda.time.TestMutableDateTime_Basics#testToDateTimeISO
2425,org.joda.time.TestDateTimeFieldType#test_minuteOfDay
2426,org.joda.time.TestDateTime_Basics#testGet_DateTimeFieldType
2427,org.joda.time.chrono.TestISOChronology#testDateFields
2428,org.joda.time.field.TestPreciseDurationDateTimeField#test_addWrapField_RP_int_intarray_int
2429,org.joda.time.convert.TestDateConverter#testGetInstantMillis_Object_Chronology
2430,org.joda.time.field.TestOffsetDateTimeField#test_roundHalfEven_long
2431,org.joda.time.TestDateMidnight_Basics#testMinus_RD
2432,org.joda.time.TestDateMidnight_Basics#testToMutableDateTime
2433,org.joda.time.TestYearMonthDay_Basics#testWithers
2434,org.joda.time.TestPeriod_Basics#testToStandardDuration_months
2435,org.joda.time.TestDateTime_Basics#testPlus_RD
2436,org.joda.time.TestInterval_Constructors#testConstructor_Object6
2437,org.joda.time.format.TestPeriodFormatterBuilder#testFormatYears
2438,org.joda.time.TestLocalDate_Constructors#testConstructor_Object_Chronology
2439,org.joda.time.TestLocalTime_Basics#testToDateTimeToday_nullZone
2440,org.joda.time.TestDuration_Basics#testMinus_RD3
2441,org.joda.time.TestLocalDateTime_Properties#testPropertyHashCode
2442,org.joda.time.TestTimeOfDay_Constructors#testConstructor_int_int_int_int_nullChronology
2443,org.joda.time.field.TestBaseDateTimeField#test_getMaximumValue_RP_intarray
2444,org.joda.time.field.TestUnsupportedDateTimeField#testAlwaysFalseReturnTypes
2445,org.joda.time.convert.TestReadablePartialConverter#testGetPartialValues
2446,org.joda.time.TestMutableInterval_Basics#testIsBefore_RI
2447,org.joda.time.format.TestDateTimeFormat#testFormat_clockhourOfHalfday
2448,org.joda.time.field.TestBaseDateTimeField#test_getMaximumShortTextLength_Locale
2449,org.joda.time.TestTimeOfDay_Constructors#testConstructor_Object_nullChronology
2450,org.joda.time.TestPeriod_Constructors#testConstructor_RP_RP_PeriodType2
2451,org.joda.time.convert.TestConverterManager#testGetPartialConverterRemovedNull
2452,org.joda.time.TestLocalDate_Constructors#testConstructor_long_nullChronology
2453,org.joda.time.chrono.TestBuddhistChronology#testWithZone
2454,org.joda.time.TestDateTimeFieldType#test_yearOfEra
2455,org.joda.time.TestTimeOfDay_Basics#testWithChronologyRetainFields_sameChrono
2456,org.joda.time.field.TestPreciseDateTimeField#test_getAsText_long
2457,org.joda.time.format.TestISODateTimeFormat_Fields#testForFields_calBased_YMD
2458,org.joda.time.format.TestDateTimeFormat#testParse_textMonthJanLong_UK
2459,org.joda.time.TestMutablePeriod_Updates#testAddHours
2460,org.joda.time.format.TestISODateTimeFormat#testFormat_basicWeekDateTime
2461,org.joda.time.TestDateTime_Basics#testWithField2
2462,org.joda.time.TestLocalTime_Constructors#testConstructor_ObjectLocalTime
2463,org.joda.time.format.TestISODateTimeFormat_Fields#testForFields_time_HS
2464,org.joda.time.field.TestPreciseDateTimeField#test_add_long_long
2465,org.joda.time.TestMutableDateTime_Adds#testAddDays_int1
2466,org.joda.time.format.TestTextFields#testMonthNames_monthEnd
2467,org.joda.time.TestLocalDate_Properties#testPropertySetCopyYear
2468,org.joda.time.TestMutableInterval_Constructors#testConstructor_RI_RD5
2469,org.joda.time.TestDateTime_Properties#testPropertyCompareToWeekOfWeekyear
2470,org.joda.time.TestMutableDateTime_Sets#testSetZoneRetainFields_DateTimeZone4
2471,org.joda.time.TestLocalTime_Basics#testIsSupported_DurationFieldType
2472,org.joda.time.format.TestPeriodFormat#test_wordBased_fr_FormatOneField
2473,org.joda.time.TestMonths#testFactory_parseMonths_String
2474,org.joda.time.TestLocalDate_Properties#testPropertyWithMinimumValueDayOfMonth
2475,org.joda.time.TestIllegalFieldValueException#testSetText
2476,org.joda.time.TestMutableDateTime_Constructors#testConstructor_long2
2477,org.joda.time.TestInterval_Constructors#testConstructor_RI_RI_chronoEnd
2478,org.joda.time.field.TestPreciseDurationField#test_getMillis_long_long
2479,org.joda.time.TestTimeOfDay_Constructors#testConstructor_ObjectString1
2480,org.joda.time.TestPartial_Basics#testGetFieldTypes
2481,org.joda.time.TestDateTime_Constructors#testConstructor
2482,org.joda.time.TestDateMidnight_Basics#testWithers
2483,org.joda.time.TestLocalDate_Properties#testPropertyGetDay
2484,org.joda.time.format.TestISODateTimeFormat_Fields#testForFields_calBased_YM
2485,org.joda.time.TestYearMonthDay_Basics#testWithField1
2486,org.joda.time.format.TestISODateTimeFormat#testFormat_basicDate
2487,org.joda.time.convert.TestConverterManager#testRemoveInstantConverter2
2488,org.joda.time.TestDateTime_Properties#testPropertyGetWeekOfWeekyear
2489,org.joda.time.TestDateTimeFieldType#test_weekOfWeekyear
2490,org.joda.time.convert.TestConverterManager#testGetDurationConverterRemovedNull
2491,org.joda.time.TestPeriod_Basics#testToDurationFrom
2492,org.joda.time.TestInterval_Constructors#testConstructor_RI_RD3
2493,org.joda.time.TestDurationField#test_subtract
2494,org.joda.time.TestDuration_Basics#testToString
2495,org.joda.time.format.TestISODateTimeFormat_Fields#testForFields_calBased_YMD_unmodifiable
2496,org.joda.time.TestYearMonthDay_Basics#testToDateTimeAtMidnight_nullZone
2497,org.joda.time.TestPeriod_Basics#testWithField4
2498,org.joda.time.TestLocalDate_Basics#testMinusDays_int
2499,org.joda.time.field.TestOffsetDateTimeField#test_getAsText_RP_Locale
2500,org.joda.time.TestDateTime_Basics#testMinusMillis_int
2501,org.joda.time.chrono.TestGJChronology#testDateFields
2502,org.joda.time.format.TestDateTimeFormat#testFormat_weekyear
2503,org.joda.time.TestPartial_Properties#testPropertyAddWrapFieldHour
2504,org.joda.time.format.TestDateTimeFormat#testFormat_clockhourOfDay
2505,org.joda.time.TestDateTimeZoneCutover#test_MutableDateTime_withZoneRetainFields_Gaza
2506,org.joda.time.TestMutableInterval_Constructors#testConstructor
2507,org.joda.time.TestMutableInterval_Updates#testSetStart_RI3
2508,org.joda.time.TestDateMidnight_Basics#testMinusDays_int
2509,org.joda.time.TestLocalDateTime_Properties#testPropertyWithMaximumValueHour
2510,org.joda.time.tz.TestCompiler#test_Amman_2005
2511,org.joda.time.convert.TestConverterSet#testBigHashtable
2512,org.joda.time.TestPartial_Basics#testWith1
2513,org.joda.time.TestPeriod_Basics#testNormalizedStandard_fullNegative
2514,org.joda.time.field.TestPreciseDateTimeField#test_getAsShortText_int_Locale
2515,org.joda.time.TestMonthDay_Constructors#testConstructor_nullObject_nullChronology
2516,org.joda.time.TestMonthDay_Basics#testPlusMonths_int
2517,org.joda.time.TestLocalDateTime_Constructors#testConstructor_ObjectString2
2518,org.joda.time.convert.TestReadablePartialConverter#testSingleton
2519,org.joda.time.TestYearMonth_Basics#testIsEqual_YM
2520,org.joda.time.TestYearMonth_Properties#testPropertyEquals
2521,org.joda.time.TestDateMidnight_Properties#testPropertyRoundHalfEvenMonthOfYear
2522,org.joda.time.TestDateTimeZoneCutover#test_DateTime_minusHour_Moscow_Autumn
2523,org.joda.time.TestMutableDateTime_Adds#testAddHours_int1
2524,org.joda.time.TestPeriod_Constructors#testConstructor_long_long_Chronology1
2525,org.joda.time.TestMutableInterval_Updates#testTest
2526,org.joda.time.field.TestOffsetDateTimeField#test_set_RP_int_intarray_int
2527,org.joda.time.TestParseISO#testSpecTruncatedY
2528,org.joda.time.TestYearMonth_Basics#testGetValues
2529,org.joda.time.TestMutablePeriod_Constructors#testConstructor_Object_PeriodType1
2530,org.joda.time.TestLocalDate_Constructors#testConstructor_int_int_int
2531,org.joda.time.TestMutableDateTime_Properties#testPropertyRoundHalfEvenHourOfDay
2532,org.joda.time.TestDateTimeFieldType#test_weekyearOfCentury
2533,org.joda.time.TestMonthDay_Basics#testToString_DTFormatter
2534,org.joda.time.TestMutableDateTime_Basics#testProperty
2535,org.joda.time.format.TestISODateTimeFormat_Fields#testForFields_datetime_DM
2536,org.joda.time.TestParseISO#testSpecWeekTruncatedWD
2537,org.joda.time.field.TestOffsetDateTimeField#test_getType
2538,org.joda.time.TestMutableDateTime_Basics#testIsAfter
2539,org.joda.time.TestDateTime_Basics#testToInstant
2540,org.joda.time.format.TestISODateTimeFormatParsing#test_timeParser
2541,org.joda.time.format.TestISODateTimeFormat#testFormat_hourMinuteSecond
2542,org.joda.time.TestLocalTime_Constructors#testConstructor_long2_Chronology
2543,org.joda.time.TestMutableDateTime_Properties#testPropertySetTextMonthOfYear
2544,org.joda.time.TestInterval_Constructors#testConstructor_RI_RI1
2545,org.joda.time.TestTimeOfDay_Basics#testIsSupported
2546,org.joda.time.TestLocalTime_Basics#testWithFieldAdded_DurationFieldType_int_2
2547,org.joda.time.TestInterval_Basics#testContainsNow
2548,org.joda.time.field.TestPreciseDurationDateTimeField#test_getDifferenceAsLong_long_long
2549,org.joda.time.convert.TestConverterManager#testRemoveDurationConverter1
2550,org.joda.time.TestMonthDay_Basics#testMinusDays_same
2551,org.joda.time.TestYearMonthDay_Basics#testWithField3
2552,org.joda.time.chrono.TestEthiopicChronology#testSampleDate
2553,org.joda.time.TestTimeOfDay_Basics#testToDateTimeToday_nullZone
2554,org.joda.time.TestMonthDay_Basics#testMinusDays_int
2555,org.joda.time.TestLocalDateTime_Basics#testWithFieldAdded_DurationFieldType_int_1
2556,org.joda.time.TestYears#testGetFieldType
2557,org.joda.time.TestYearMonthDay_Constructors#testConstructor_long1
2558,org.joda.time.TestDateTimeZoneCutover#test_DateTime_addWrapFieldDay_Gaza
2559,org.joda.time.TestMutablePeriod_Constructors#testConstructor_long_PeriodType3
2560,org.joda.time.TestDateTimeZoneCutover#test_DateTime_roundFloor_day_NewYork_Autumn_postCutover
2561,org.joda.time.format.TestISODateTimeFormatParsing#test_hourMinuteSecondFraction
2562,org.joda.time.format.TestISODateTimeFormat_Fields#testForFields_ordinalBased_D
2563,org.joda.time.TestDateTime_Basics#testWithFields_RPartial
2564,org.joda.time.TestDateTime_Basics#testPlusMillis_int
2565,org.joda.time.TestDays#testConstants
2566,org.joda.time.TestLocalDate_Properties#testPropertyCompareToDay
2567,org.joda.time.TestDateTimeUtils#testGetChronology_Chronology
2568,org.joda.time.TestDateTimeZoneCutover#test_MockGazaIsCorrect
2569,org.joda.time.TestYearMonth_Basics#testGetValue
2570,org.joda.time.TestTimeOfDay_Basics#testGetField
2571,org.joda.time.chrono.TestISOChronology#testEquality
2572,org.joda.time.TestLocalDateTime_Constructors#testConstructor_ObjectLocalDateTime
2573,org.joda.time.TestDateTimeZoneCutover#test_DateTime_parse_Gaza
2574,org.joda.time.TestYearMonth_Properties#testPropertyAddWrapFieldMonth
2575,org.joda.time.chrono.TestCopticChronology#testDurationMonth
2576,org.joda.time.TestLocalDate_Properties#testPropertyCompareToYear
2577,org.joda.time.format.TestPeriodFormatterBuilder#testFormatAppend_PrinterParserThenClear
2578,org.joda.time.TestDateTimeZoneCutover#test_DateTime_minusHour_Turk
2579,org.joda.time.TestPartial_Properties#testPropertyGetMinute
2580,org.joda.time.TestYearMonth_Basics#testToInterval_nullZone
2581,org.joda.time.TestPartial_Basics#testToString2
2582,org.joda.time.field.TestOffsetDateTimeField#test_isLenient
2583,org.joda.time.TestLocalTime_Basics#testToString_DTFormatter
2584,org.joda.time.TestTimeOfDay_Constructors#testConstructor_int_int
2585,org.joda.time.TestInstant_Basics#testWithDurationAdded_long_int
2586,org.joda.time.TestDateMidnight_Basics#testToString_DTFormatter
2587,org.joda.time.TestMonthDay_Constructors#testConstructor_ObjectStringEx1
2588,org.joda.time.TestDuration_Basics#testToStandardHours
2589,org.joda.time.TestPeriodType#testEquals
2590,org.joda.time.format.TestISODateTimeFormatParsing#test_localDateOptionalTimeParser
2591,org.joda.time.TestDateMidnight_Basics#testWithFields_RPartial
2592,org.joda.time.TestLocalDateTime_Constructors#testConstructor_ObjectStringEx2
2593,org.joda.time.TestDateTimeZoneCutover#test_DateTime_roundCeiling_minuteOfHour_NewYork_Autumn_postCutover
2594,org.joda.time.TestLocalTime_Constructors#testConstructor_nullObject
2595,org.joda.time.TestMutablePeriod_Updates#testSetPeriod_long_long1
2596,org.joda.time.TestTimeOfDay_Constructors#testFactory_FromDateFields_null
2597,org.joda.time.field.TestPreciseDateTimeField#test_roundHalfFloor_long
2598,org.joda.time.TestTimeOfDay_Constructors#testConstructor_Object_Chronology
2599,org.joda.time.TestDateTimeZone#testGetID
2600,org.joda.time.TestMutableInterval_Constructors#testConstructor_RD_RI1
2601,org.joda.time.TestTimeOfDay_Properties#testPropertyGetMaxMinValuesMinute
2602,org.joda.time.TestDateTimeZone#testDefaultSecurity
2603,org.joda.time.convert.TestConverterManager#testRemovePartialConverter1
2604,org.joda.time.format.TestISODateTimeFormatParsing#test_tTimeNoMillis
2605,org.joda.time.TestLocalTime_Properties#testPropertyGetMaxMinValuesSecond
2606,org.joda.time.TestDateTime_Properties#testPropertySetTextYear
2607,org.joda.time.TestLocalTime_Properties#testPropertyWithMaxMinValueSecond
2608,org.joda.time.TestTimeOfDay_Constructors#testConstructor_ObjectStringEx3
2609,org.joda.time.TestDateTime_Basics#testToDateTime_Chronology
2610,org.joda.time.tz.TestBuilder#testFixed
2611,org.joda.time.format.TestISODateTimeFormatParsing#test_hourMinute
2612,org.joda.time.TestMonths#testSerialization
2613,org.joda.time.field.TestBaseDateTimeField#test_getMaximumValue_RP
2614,org.joda.time.TestPeriod_Constructors#testFactorySeconds
2615,org.joda.time.TestLocalDate_Basics#testMinusMonths_int
2616,org.joda.time.format.TestDateTimeFormatter#testParseMutableDateTime_simple
2617,org.joda.time.TestPartial_Constructors#testConstructorEx_Partial
2618,org.joda.time.format.TestISODateTimeFormatParsing#test_dateOptionalTimeParser
2619,org.joda.time.field.TestScaledDurationField#test_isPrecise
2620,org.joda.time.TestPartial_Basics#testWith3a
2621,org.joda.time.field.TestBaseDateTimeField#test_set_RP_int_intarray_String_Locale
2622,org.joda.time.field.TestPreciseDurationDateTimeField#test_roundFloor_long
2623,org.joda.time.TestInterval_Basics#testWithStartMillis_long3
2624,org.joda.time.format.TestDateTimeFormat#testFormat_minute
2625,org.joda.time.TestHours#testDividedBy_int
2626,org.joda.time.convert.TestStringConverter#testSetIntoIntervalEx_Object_Chronology1
2627,org.joda.time.TestDateTimeZone#testToTimeZone
2628,org.joda.time.TestYearMonthDay_Constructors#testConstructor_Chronology
2629,org.joda.time.TestPartial_Basics#testProperty
2630,org.joda.time.TestTimeOfDay_Constructors#testFactory_FromCalendarFields
2631,org.joda.time.field.TestBaseDateTimeField#test_getLeapDurationField
2632,org.joda.time.format.TestPeriodFormatter#testParseMutablePeriod_simple
2633,org.joda.time.TestDateMidnight_Basics#testGet_DateTimeField
2634,org.joda.time.chrono.TestBuddhistChronology#testFactoryUTC
2635,org.joda.time.TestDateMidnight_Basics#testPlusYears_int
2636,org.joda.time.TestYearMonth_Basics#testMinusYears_int
2637,org.joda.time.format.TestPeriodFormatterBuilder#testFormatSecondsWithOptionalMillis
2638,org.joda.time.TestPeriod_Constructors#testToPeriod_PeriodType3
2639,org.joda.time.TestPeriod_Basics#testGetMethods
2640,org.joda.time.TestLocalDateTime_Basics#testToDateTime_RI
2641,org.joda.time.TestDateTimeZoneCutover#test_GuatemataIsCorrect_Autumn
2642,org.joda.time.TestLocalDate_Basics#testToDateTime_nullLocalTime_Zone
2643,org.joda.time.TestMutableInterval_Basics#testGetMillis
2644,org.joda.time.convert.TestReadableInstantConverter#testSingleton
2645,org.joda.time.TestYearMonth_Properties#testPropertyGetMaxMinValuesYear
2646,org.joda.time.TestMonthDay_Basics#testWithChronologyRetainFields_nullChrono
2647,org.joda.time.field.TestOffsetDateTimeField#test_getMinimumValue_long
2648,org.joda.time.TestDays#testFactory_standardDaysIn_RPeriod
2649,org.joda.time.TestMonthDay_Basics#testPlusMonths_int_wrap
2650,org.joda.time.TestLocalTime_Properties#testPropertyRoundHour
2651,org.joda.time.TestPartial_Constructors#testConstructorEx5_TypeArray_intArray
2652,org.joda.time.chrono.TestGJChronology#testCutoverAddDays
2653,org.joda.time.convert.TestConverterManager#testRemovePeriodConverter1
2654,org.joda.time.field.TestOffsetDateTimeField#test_getMinimumValue
2655,org.joda.time.TestInterval_Constructors#testConstructor_RI_RI_chronoStart
2656,org.joda.time.field.TestUnsupportedDateTimeField#testDifferentDurationReturnDifferentObjects
2657,org.joda.time.field.TestScaledDurationField#testSerialization
2658,org.joda.time.TestInterval_Basics#testIsBefore_RInterval
2659,org.joda.time.TestParseISO#testSpecTimeReducedPrecisionH
2660,org.joda.time.TestLocalDate_Basics#testToInterval_Zone_noMidnight
2661,org.joda.time.TestMutableDateTime_Properties#testPropertyToIntervalYearOfCentury
2662,org.joda.time.format.TestDateTimeFormatterBuilder#test_appendFixedDecimal
2663,org.joda.time.TestMutableDateTime_Sets#testSetWeekOfWeekyear_int1
2664,org.joda.time.TestPeriodType#testMaskWeeks
2665,org.joda.time.format.TestDateTimeFormatStyle#testForStyle_fullDateTime
2666,org.joda.time.format.TestPeriodFormatterBuilder#testFormatPrintZeroRarelyFirstWeeks
2667,org.joda.time.TestMutableInterval_Constructors#testConstructor_RP_RI5
2668,org.joda.time.TestDateMidnight_Properties#testPropertyGetDayOfYear
2669,org.joda.time.TestYearMonthDay_Properties#testPropertySetYear
2670,org.joda.time.convert.TestReadableDurationConverter#testSupportedType
2671,org.joda.time.TestDateTimeZoneCutover#test_DateTime_minusHour_Guatemata_Autumn
2672,org.joda.time.format.TestISODateTimeFormat#testFormat_weekyearWeek
2673,org.joda.time.TestDateMidnight_Basics#testPlusWeeks_int
2674,org.joda.time.TestYearMonth_Constructors#testConstructor_long2_Chronology
2675,org.joda.time.TestLocalDateTime_Properties#testPropertyEquals
2676,org.joda.time.TestDateMidnight_Properties#testPropertyWithMaximumValueDayOfMonth
2677,org.joda.time.TestSerialization#testSerializedBuddhistChronology
2678,org.joda.time.field.TestBaseDateTimeField#test_getAsShortText_long
2679,org.joda.time.TestDateMidnight_Constructors#testConstructor_int_int_int_DateTimeZone
2680,org.joda.time.convert.TestConverterManager#testRemoveInstantConverter1
2681,org.joda.time.TestMutablePeriod_Constructors#testConstructor_Object2
2682,org.joda.time.TestDateTimeZoneCutover#test_DateTime_minusDay_Turk
2683,org.joda.time.TestDateTime_Properties#testPropertyAddDayOfYear
2684,org.joda.time.TestDateMidnight_Basics#testMinusYears_int
2685,org.joda.time.TestMutablePeriod_Updates#testAddYears
2686,org.joda.time.TestMonths#testGetPeriodType
2687,org.joda.time.TestLocalDateTime_Basics#testWithFieldAdded_DurationFieldType_int_3
2688,org.joda.time.TestLocalDate_Constructors#testConstructor
2689,org.joda.time.TestDateTime_Properties#testPropertyGetDifferenceHourOfDay
2690,org.joda.time.TestLocalTime_Constructors#testConstructor_long1
2691,org.joda.time.TestMutablePeriod_Constructors#testConstructor_RI_RD_PeriodType2
2692,org.joda.time.TestPeriod_Basics#testMinus
2693,org.joda.time.TestLocalDate_Constructors#testConstructor_long1_Chronology
2694,org.joda.time.format.TestISODateTimeFormatParsing#test_weekDateTime
2695,org.joda.time.TestMinutes#testGetPeriodType
2696,org.joda.time.TestTimeOfDay_Properties#testPropertyWithMinimumValueHour
2697,org.joda.time.TestDateMidnight_Constructors#testConstructor_long1_DateTimeZone
2698,org.joda.time.TestPeriod_Basics#testWithFields3
2699,org.joda.time.field.TestPreciseDurationDateTimeField#test_getMaximumValue_long
2700,org.joda.time.TestInterval_Basics#testWithStartMillis_long2
2701,org.joda.time.TestPartial_Properties#testPropertyWithMaximumValueHour
2702,org.joda.time.TestMutableDateTime_Adds#testAdd_DurationFieldType_int2
2703,org.joda.time.field.TestOffsetDateTimeField#test_getAsText_int_Locale
2704,org.joda.time.TestMutableDateTime_Sets#testSetHourOfDay_int2
2705,org.joda.time.TestInstant_Basics#testIsBeforeNow
2706,org.joda.time.TestMutableInterval_Constructors#testConstructor_RP_RI2
2707,org.joda.time.TestDateTime_Properties#testPropertyAddDayOfWeek
2708,org.joda.time.TestLocalDate_Properties#testPropertyCompareToMonth
2709,org.joda.time.TestDateTime_Properties#testPropertyWithMaximumValueDayOfMonth
2710,org.joda.time.field.TestOffsetDateTimeField#test_add_RP_int_intarray_int
2711,org.joda.time.convert.TestStringConverter#testGetDateTime
2712,org.joda.time.TestSeconds#testGetFieldType
2713,org.joda.time.TestLocalTime_Constructors#testConstructor_ObjectLocalDate
2714,org.joda.time.TestMutableInterval_Constructors#testConstructor_RI_RD4
2715,org.joda.time.TestMutableDateTime_Sets#testSetSecondOfMinute_int1
2716,org.joda.time.format.TestDateTimeFormatter#testParseMutableDateTime_simple_precedence
2717,org.joda.time.TestInterval_Constructors#testConstructor_RP_RI4
2718,org.joda.time.convert.TestConverterManager#testAddInstantConverter2
2719,org.joda.time.TestChronology#testTest
2720,org.joda.time.TestYearMonth_Constructors#testConstructor_ObjectStringEx1
2721,org.joda.time.TestYearMonth_Basics#testWithers
2722,org.joda.time.TestDuration_Constructors#testFactory_standardSeconds_long
2723,org.joda.time.TestWeeks#testIsGreaterThan
2724,org.joda.time.TestPeriod_Basics#testWithPeriodType3
2725,org.joda.time.TestDays#testGetMethods
2726,org.joda.time.TestYears#testNegated
2727,org.joda.time.TestMonths#testFactory_monthsIn_RInterval
2728,org.joda.time.TestDateTimeZoneCutover#test_DateTime_setHourAcross_Moscow_Spring
2729,org.joda.time.field.TestMillisDurationField#test_getUnitMillis
2730,org.joda.time.chrono.TestGregorianChronology#testWithZone
2731,org.joda.time.format.TestDateTimeFormatterBuilder#test_canBuildParser
2732,org.joda.time.TestYearMonth_Constructors#testConstructor_long2
2733,org.joda.time.field.TestOffsetDateTimeField#test_getLeapDurationField
2734,org.joda.time.TestMutablePeriod_Basics#testToPeriod
2735,org.joda.time.TestLocalDate_Basics#testSerialization
2736,org.joda.time.format.TestDateTimeFormatter#testParseMutableDateTime_chrono
2737,org.joda.time.TestMutableInterval_Updates#testSetInterval_RI_RI4
2738,org.joda.time.TestYearMonthDay_Properties#testPropertyEqualsHashCodeStrict
2739,org.joda.time.field.TestPreciseDurationDateTimeField#test_constructor
2740,org.joda.time.TestMutableDateTime_Basics#testToDateTime
2741,org.joda.time.convert.TestNullConverter#testIsReadableInterval_Object_Chronology
2742,org.joda.time.TestYearMonthDay_Constructors#testFactory_FromCalendarFields
2743,org.joda.time.format.TestISODateTimeFormat#testFormat_dateHourMinuteSecond
2744,org.joda.time.TestLocalDate_Basics#testToDateTime_LocalTime
2745,org.joda.time.TestMutableInterval_Basics#testGetDuration1
2746,org.joda.time.TestMutablePeriod_Constructors#testConstructor_long_PeriodType_Chronology4
2747,org.joda.time.TestLocalDate_Basics#testWithField_DateTimeFieldType_int_1
2748,org.joda.time.format.TestPeriodFormatterBuilder#testFormatAppend_PrinterParser_null_null
2749,org.joda.time.TestMutableDateTime_Sets#testSetMilliOfSecond_int2
2750,org.joda.time.TestDateTimeZone#testIsLocalDateTimeGap_NewYork
2751,org.joda.time.TestPeriod_Constructors#testConstructor_RP_RP_PeriodType4
2752,org.joda.time.TestMutableDateTime_Constructors#testConstructor_int_int_int_int_int_int_int_DateTimeZone
2753,org.joda.time.TestLocalDateTime_Properties#testPropertySetTextMinute
2754,org.joda.time.format.TestDateTimeFormatter#testPrint_appendableMethods
2755,org.joda.time.TestDurationFieldType#test_halfdays
2756,org.joda.time.TestPeriod_Basics#testNormalizedStandard_yearMonth2
2757,org.joda.time.field.TestUnsupportedDateTimeField#testNullValuesToGetInstanceThrowsException
2758,org.joda.time.TestMonthDay_Basics#testIsSupported
2759,org.joda.time.TestMutableDateTime_Constructors#testConstructor_badconverterObject
2760,org.joda.time.TestYearMonth_Constructors#testConstructor_ObjectString3
2761,org.joda.time.format.TestISODateTimeFormatParsing#test_time
2762,org.joda.time.TestLocalTime_Properties#testPropertyPlusNoWrapSecond
2763,org.joda.time.TestInterval_Constructors#testConstructor_Object1
2764,org.joda.time.TestLocalDateTime_Basics#testToString_DTFormatter
2765,org.joda.time.TestDateTime_Constructors#testConstructor_long2_Chronology
2766,org.joda.time.field.TestBaseDateTimeField#test_getMaximumValue
2767,org.joda.time.TestDuration_Basics#testSerialization
2768,org.joda.time.TestDateTimeZoneCutover#test_DateTime_minusHour_NewYork_Autumn
2769,org.joda.time.TestInterval_Constructors#testConstructor_Object3
2770,org.joda.time.convert.TestStringConverter#testSetIntoInterval_Object_Chronology5
2771,org.joda.time.TestMonthDay_Basics#testGetFields
2772,org.joda.time.TestLocalTime_Basics#testIsEqual_LocalTime
2773,org.joda.time.TestMutablePeriod_Updates#testSetPeriod_RP2
2774,org.joda.time.chrono.TestIslamicChronology#testEra
2775,org.joda.time.format.TestISODateTimeFormat#testFormat_weekyear
2776,org.joda.time.TestDateTime_Basics#testGetters
2777,org.joda.time.field.TestPreciseDurationField#test_getName
2778,org.joda.time.chrono.TestEthiopicChronology#testSampleDateWithZone
2779,org.joda.time.field.TestPreciseDateTimeField#test_getDifference_long_long
2780,org.joda.time.TestLocalTime_Constructors#testConstructor_long1_Chronology
2781,org.joda.time.TestYearMonthDay_Basics#testToLocalDate
2782,org.joda.time.TestPartial_Basics#testWithChronologyRetainFields_nullChrono
2783,org.joda.time.format.TestPeriodFormat#test_wordBased_pt_formatTwoFields
2784,org.joda.time.TestInstant_Basics#testIsAfter_long
2785,org.joda.time.TestMonthDay_Basics#testPlusDays_same
2786,org.joda.time.TestMutablePeriod_Basics#testCopy
2787,org.joda.time.TestDateMidnight_Properties#testPropertyRoundCeilingMonthOfYear
2788,org.joda.time.TestLocalTime_Properties#testPropertyCompareToMilli
2789,org.joda.time.field.TestPreciseDurationField#test_getMillis_int
2790,org.joda.time.TestMutableInterval_Updates#testSetInterval_RInterval3
2791,org.joda.time.TestLocalTime_Properties#testPropertyGetMaxMinValuesHour
2792,org.joda.time.chrono.TestEthiopicChronology#testFactory
2793,org.joda.time.TestMutableInterval_Constructors#testConstructor_RI_RI1
2794,org.joda.time.TestDuration_Constructors#testConstructor_Object1
2795,org.joda.time.TestLocalDateTime_Properties#testPropertyAddToCopyYear
2796,org.joda.time.TestDateTimeZoneCutover#test_MockTurkIsCorrect
2797,org.joda.time.format.TestDateTimeFormatter#testWithGetPivotYear
2798,org.joda.time.TestYearMonth_Basics#testToString_DTFormatter
2799,org.joda.time.TestDateMidnight_Constructors#testConstructor_Object_nullDateTimeZone
2800,org.joda.time.TestLocalDate_Constructors#testConstructor_ObjectLocalDateTime
2801,org.joda.time.TestDateTime_Basics#testToTimeOfDay
2802,org.joda.time.TestMonthDay_Basics#testMinusMonths_int
2803,org.joda.time.TestLocalDateTime_Constructors#testConstructor_ObjectStringEx3
2804,org.joda.time.TestLocalDateTime_Basics#testPlusHours_int
2805,org.joda.time.TestMutablePeriod_Constructors#testConstructor_long3
2806,org.joda.time.TestMutableDateTime_Properties#testPropertyGetHourOfDay
2807,org.joda.time.field.TestScaledDurationField#test_getValueAsLong_long_long
2808,org.joda.time.TestPartial_Constructors#testConstructor_Type_int_Chrono
2809,org.joda.time.TestPartial_Basics#testWith3b
2810,org.joda.time.TestDateTimeFieldType#test_hourOfDay
2811,org.joda.time.TestMutableInterval_Constructors#testConstructor_Object_Chronology1
2812,org.joda.time.TestDateTimeComparator#testListBasic
2813,org.joda.time.field.TestPreciseDateTimeField#test_getAsText_RP_Locale
2814,org.joda.time.TestMutablePeriod_Constructors#testConstructor_RI_RI_PeriodType1
2815,org.joda.time.TestDuration_Basics#testToPeriodTo
2816,org.joda.time.TestDateTime_Constructors#testConstructor_Object_nullChronology
2817,org.joda.time.TestMutableDateTime_Properties#testPropertyToIntervalYearOfEra
2818,org.joda.time.TestDateTime_Properties#testPropertyWithMinimumValueDayOfMonth
2819,org.joda.time.TestDateTime_Properties#testPropertyGetDayOfYear
2820,org.joda.time.TestTimeOfDay_Properties#testPropertyAddMinute
2821,org.joda.time.TestInterval_Basics#testGetDuration1
2822,org.joda.time.TestYearMonthDay_Constructors#testConstructor_ObjectStringEx3
2823,org.joda.time.TestDateTime_Properties#testPropertyEqualsHashCodeYear
2824,org.joda.time.TestPeriod_Constructors#testConstructor_Object_PeriodType3
2825,org.joda.time.TestDays#testIsLessThan
2826,org.joda.time.format.TestDateTimeFormatter#testParseDateTime_zone
2827,org.joda.time.TestDateTime_Basics#testProperty
2828,org.joda.time.TestDateTimeComparator#testNullDT
2829,org.joda.time.TestDuration_Basics#testToDuration2
2830,org.joda.time.TestLocalDate_Constructors#testConstructor_ObjectString1
2831,org.joda.time.TestSerialization#testTest
2832,org.joda.time.TestDateTime_Basics#testWithField1
2833,org.joda.time.TestDays#testFactory_days_int
2834,org.joda.time.TestDuration_Basics#testToStandardMinutes
2835,org.joda.time.TestTimeOfDay_Properties#testPropertyGetMaxMinValuesMilli
2836,org.joda.time.field.TestOffsetDateTimeField#test_getAsText_long
2837,org.joda.time.TestLocalTime_Properties#testPropertyPlusWrapFieldMinute
2838,org.joda.time.TestMutablePeriod_Updates#testAdd_RP2
2839,org.joda.time.TestDateMidnight_Properties#testPropertyGetWeekOfWeekyear
2840,org.joda.time.TestDateTime_Constructors#testConstructor_int_int_int_int_int_int_Chronology
2841,org.joda.time.TestLocalDate_Constructors#testConstructor_long2_DateTimeZone
2842,org.joda.time.format.TestISODateTimeFormat_Fields#testForFields_weekBased_Y
2843,org.joda.time.TestMutableDateTime_Constructors#testConstructor_int_int_int_int_int_int_int_nullChronology
2844,org.joda.time.TestMutableInterval_Updates#testSetInterval_RInterval1
2845,org.joda.time.field.TestPreciseDurationField#test_compareTo
2846,org.joda.time.TestDateTime_Properties#testPropertyLeapMonthOfYear
2847,org.joda.time.TestMutableDateTime_Constructors#testConstructor_nullObject_nullDateTimeZone
2848,org.joda.time.TestDuration_Basics#testGetStandardSeconds
2849,org.joda.time.format.TestISODateTimeFormat_Fields#testForFields_ordinalBased_Y
2850,org.joda.time.format.TestISODateTimeFormatParsing#test_ordinalDateTimeNoMillis
2851,org.joda.time.TestInterval_Constructors#testConstructor_long_long_Zone
2852,org.joda.time.TestTimeOfDay_Properties#testPropertyAddWrapFieldSecond
2853,org.joda.time.TestMutablePeriod_Updates#testAddMonths
2854,org.joda.time.format.TestPeriodFormat#test_wordBased_nl_FormatOneField
2855,org.joda.time.convert.TestLongConverter#testToString
2856,org.joda.time.TestMutablePeriod_Basics#testToDurationFrom
2857,org.joda.time.TestDateTimeZoneCutover#test_DateTime_setHourBack_Moscow_Spring
2858,org.joda.time.TestTimeOfDay_Basics#testWithFieldAdded8
2859,org.joda.time.TestPeriod_Constructors#testConstructor_long_long1
2860,org.joda.time.TestYears#testMinus_int
2861,org.joda.time.format.TestPeriodFormat#test_wordBased_de_formatTwoFields
2862,org.joda.time.TestLocalDate_Basics#testIsSupported_DateTimeFieldType
2863,org.joda.time.TestMutableDateTime_Basics#testRounding4
2864,org.joda.time.TestMinutes#testFactory_minutesIn_RInterval
2865,org.joda.time.convert.TestConverterManager#testAddDurationConverter2
2866,org.joda.time.TestMutablePeriod_Updates#testSetPeriod_long_long_NoSeconds
2867,org.joda.time.format.TestISODateTimeFormat#testFormat_ordinalDateTime
2868,org.joda.time.TestDateTimeUtils#testOffsetMillisToZero
2869,org.joda.time.TestDateMidnight_Properties#testPropertyGetDayOfWeek
2870,org.joda.time.format.TestPeriodFormat#test_wordBased_pt_parseOneField
2871,org.joda.time.format.TestPeriodFormatterBuilder#testFormatSuffixPlural3
2872,org.joda.time.TestLocalDate_Basics#testToDateTimeAtMidnight_nullZone
2873,org.joda.time.TestLocalDate_Properties#testPropertyGetYear
2874,org.joda.time.TestDateMidnight_Basics#testWithMillis_long
2875,org.joda.time.TestInterval_Basics#testIsBeforeNow
2876,org.joda.time.TestDuration_Basics#testToPeriodFrom
2877,org.joda.time.format.TestISODateTimeFormatParsing#test_ordinalDate
2878,org.joda.time.TestInstant_Basics#testEqualsHashCode
2879,org.joda.time.field.TestPreciseDurationDateTimeField#test_convertText
2880,org.joda.time.TestDateTimeComparator#testListHour
2881,org.joda.time.TestDateTimeZoneCutover#test_DateTime_setHourZero_Gaza
2882,org.joda.time.TestPeriodType#testMaskYears
2883,org.joda.time.TestInstant_Basics#testImmutable
2884,org.joda.time.convert.TestNullConverter#testGetPeriodType_Object
2885,org.joda.time.TestMutableDateTime_Properties#testPropertySetTextWeekOfWeekyear
2886,org.joda.time.TestTimeOfDay_Properties#testPropertyAddMilli
2887,org.joda.time.TestPartial_Basics#testWithFieldAdded6
2888,org.joda.time.TestYearMonthDay_Basics#testToString_String
2889,org.joda.time.format.TestPeriodFormatterBuilder#testFormatSeparatorIfFieldsBefore
2890,org.joda.time.TestMutablePeriod_Updates#testSetPeriod_long_long_NoMonths
2891,org.joda.time.TestInterval_Constructors#testConstructor_long_long_nullZone
2892,org.joda.time.TestLocalTime_Properties#testPropertyWithMaxMinValueHour
2893,org.joda.time.TestYearMonth_Basics#testToLocalDate
2894,org.joda.time.TestMonthDay_Constructors#testConstructor_Object_nullChronology
2895,org.joda.time.TestTimeOfDay_Basics#testWithField2
2896,org.joda.time.TestDateTimeZone#testGetNameProviderName
2897,org.joda.time.field.TestScaledDurationField#test_getValueAsLong_long
2898,org.joda.time.TestPeriodType#testMaskTwice1
2899,org.joda.time.convert.TestStringConverter#testGetPeriodType_Object
2900,org.joda.time.TestInterval_Basics#testOverlap_RInterval_zone
2901,org.joda.time.field.TestPreciseDurationField#testSerialization
2902,org.joda.time.TestDateTimeFieldType#test_yearOfCentury
2903,org.joda.time.TestMonthDay_Basics#testMinusMonths_int_adjust
2904,org.joda.time.TestLocalDateTime_Basics#testToLocalDate
2905,org.joda.time.TestDateMidnight_Basics#testWithFieldAdded4
2906,org.joda.time.TestLocalTime_Constructors#testConstructor_ObjectString1NewYork
2907,org.joda.time.chrono.TestIslamicChronology#testSampleDate2
2908,org.joda.time.TestInterval_Basics#testWithDurationBeforeEnd4
2909,org.joda.time.TestDateTimeZoneCutover#test_getOffsetFromLocal_NewYork_Spring
2910,org.joda.time.TestMutablePeriod_Updates#testSetPeriod_long_long2
2911,org.joda.time.TestInstant_Basics#testPlus_RD
2912,org.joda.time.TestDateTimeZoneCutover#test_DateTime_roundFloor_minuteOfHour_NewYork_Autumn_postCutover
2913,org.joda.time.TestPartial_Basics#testWithFieldAddWrapped4
2914,org.joda.time.TestDuration_Constructors#testConstructor_Object5
2915,org.joda.time.TestTimeOfDay_Constructors#testConstructor_int_int_nullChronology
2916,org.joda.time.field.TestPreciseDurationDateTimeField#test_getAsText_int_Locale
2917,org.joda.time.format.TestPeriodFormat#test_getDefault_parseTwoFields
2918,org.joda.time.TestMutableDateTime_Sets#testSetDate_RI2
2919,org.joda.time.format.TestPeriodFormatterBuilder#testFormatSeparatorComplex
2920,org.joda.time.TestMutablePeriod_Updates#testAddMinutes
2921,org.joda.time.TestTimeOfDay_Constructors#testConstructor_ObjectString4
2922,org.joda.time.TestMonthDay_Properties#testPropertyEqualsHashCodeLenient
2923,org.joda.time.TestDateTime_Constructors#testConstructor_Object_nullDateTimeZone
2924,org.joda.time.format.TestDateTimeFormat#testFormat_halfdayOfDay
2925,org.joda.time.convert.TestStringConverter#testSingleton
2926,org.joda.time.field.TestPreciseDurationField#test_isSupported
2927,org.joda.time.field.TestPreciseDurationDateTimeField#test_getAsText_long_Locale
2928,org.joda.time.convert.TestReadableInstantConverter#testGetChronology_Object_nullChronology
2929,org.joda.time.TestDateTime_Constructors#testConstructor_int_int_int_int_int_int_int_Chronology
2930,org.joda.time.TestMinutes#testAddToLocalDate
2931,org.joda.time.field.TestMillisDurationField#test_getValue_long
2932,org.joda.time.TestMutableDateTime_Adds#testAdd_RP1
2933,org.joda.time.TestDateTime_Constructors#testConstructor_int_int_int_int_int_nullChronology
2934,org.joda.time.TestPeriod_Basics#testWithFieldAdded4
2935,org.joda.time.TestMutablePeriod_Updates#testSetPeriod_RD2
2936,org.joda.time.format.TestDateTimeFormatter#testParseInto_zone3
2937,org.joda.time.TestDateTime_Constructors#testConstructor_ObjectString3
2938,org.joda.time.TestLocalTime_Basics#testToDateTimeToday_Zone
2939,org.joda.time.TestDateTimeZoneCutover#test_DateTime_roundFloor_hourOfDay_NewYork_Autumn_preCutover
2940,org.joda.time.TestMutableDateTime_Basics#testGet_DateTimeField
2941,org.joda.time.TestLocalDate_Basics#testToInterval_nullZone
2942,org.joda.time.TestPeriod_Basics#testWithFieldAdded2
2943,org.joda.time.format.TestDateTimeFormatterBuilder#test_toPrinter
2944,org.joda.time.TestDateTimeZoneCutover#test_LocalDate_new_Turk
2945,org.joda.time.TestPeriod_Basics#testMinusFields
2946,org.joda.time.TestDateTimeZone#testPatchedNameKeysGazaHistoric
2947,org.joda.time.TestMonthDay_Constructors#testConstructor_Chronology
2948,org.joda.time.TestInterval_Basics#testContains_long_zeroDuration
2949,org.joda.time.TestDateTime_Properties#testPropertyGetMaxMinValuesDayOfMonth
2950,org.joda.time.TestDateTime_Constructors#testConstructor_int_int_int_int_int_nullDateTimeZone
2951,org.joda.time.chrono.TestGregorianChronology#testWithUTC
2952,org.joda.time.field.TestPreciseDurationDateTimeField#test_getMinimumValue_RP_intarray
2953,org.joda.time.format.TestDateTimeFormatter#testPrint_chrono
2954,org.joda.time.TestYearMonthDay_Basics#testMinusDays_int
2955,org.joda.time.TestMinutes#testFactory_parseMinutes_String
2956,org.joda.time.TestLocalTime_Basics#testGetFieldTypes
2957,org.joda.time.TestInterval_Constructors#testConstructor_RI_RI3
2958,org.joda.time.TestPeriod_Basics#testToStandardWeeks_months
2959,org.joda.time.field.TestPreciseDateTimeField#test_getType
2960,org.joda.time.TestMutableInterval_Constructors#testConstructor_RI_RP4
2961,org.joda.time.format.TestDateTimeFormat#testFormat_monthOfYearShortText
2962,org.joda.time.TestDateTime_Constructors#testConstructor_long1_DateTimeZone
2963,org.joda.time.TestLocalDateTime_Basics#testGetters
2964,org.joda.time.format.TestISODateTimeFormat#testFormat_ordinalDate
2965,org.joda.time.chrono.TestJulianChronology#testToString
2966,org.joda.time.TestLocalDate_Basics#testToDateMidnight
2967,org.joda.time.chrono.TestIslamicChronology#testCalendar
2968,org.joda.time.format.TestDateTimeFormatStyle#testForStyle_shortMediumDateTime
2969,org.joda.time.tz.TestCompiler#test_Amman_2004
2970,org.joda.time.TestYearMonthDay_Constructors#testConstructor_int_int_int
2971,org.joda.time.TestMonths#testIsGreaterThan
2972,org.joda.time.TestMutablePeriod_Constructors#testConstructor_4int1
2973,org.joda.time.TestLocalTime_Basics#testMinus_RP
2974,org.joda.time.TestTimeOfDay_Constructors#testConstructor_nullObject_Chronology
2975,org.joda.time.TestInstant_Basics#testSerialization
2976,org.joda.time.format.TestDateTimeFormatter#testParseDateTime_zone3
2977,org.joda.time.TestMutablePeriod_Constructors#testConstructor_long_long_PeriodType1
2978,org.joda.time.format.TestISODateTimeFormatParsing#test_basicTTime
2979,org.joda.time.field.TestPreciseDurationDateTimeField#test_getLeapDurationField
2980,org.joda.time.convert.TestNullConverter#testGetInstantMillis_Object_Chronology
2981,org.joda.time.convert.TestCalendarConverter#testGetPartialValues
2982,org.joda.time.format.TestISODateTimeFormat_Fields#testForFields_time_HM
2983,org.joda.time.TestPartial_Basics#testWithChronologyRetainFields_sameChrono
2984,org.joda.time.TestDateTimeUtils#testFixedMillis
2985,org.joda.time.TestDateTime_Properties#testPropertyGetYear
2986,org.joda.time.format.TestPeriodFormat#test_wordBased_es_formatStandard
2987,org.joda.time.TestLocalDateTime_Basics#testToDateTime_nullZone
2988,org.joda.time.TestDateTime_Properties#testPropertyGetMaxMinValuesWeekOfWeekyear
2989,org.joda.time.chrono.TestIslamicChronology#test15BasedLeapYear
2990,org.joda.time.TestMutableDateTime_Constructors#testConstructor_Object_DateTimeZone
2991,org.joda.time.TestLocalDate_Basics#testToDateTimeAtCurrentTime
2992,org.joda.time.format.TestPeriodFormatParsing#testParseCustom1
2993,org.joda.time.TestYearMonthDay_Basics#testWithFieldAdded2
2994,org.joda.time.TestLocalDate_Constructors#testConstructor_int_int_int_nullChronology
2995,org.joda.time.TestDays#testToStandardHours
2996,org.joda.time.format.TestISODateTimeFormat#testFormat_date
2997,org.joda.time.TestMutableDateTime_Properties#testPropertyToIntervalMillisOfSecond
2998,org.joda.time.chrono.TestCopticChronology#testWithUTC
2999,org.joda.time.TestLocalTime_Basics#testToDateTime_RI
3000,org.joda.time.TestYearMonthDay_Basics#testMinusYears_int
3001,org.joda.time.TestPeriod_Basics#testPlusFields
3002,org.joda.time.TestDateTime_Properties#testPropertySetDayOfMonth
3003,org.joda.time.format.TestPeriodFormatterBuilder#testToFormatterPrinterParser
3004,org.joda.time.TestMinutes#testGetMethods
3005,org.joda.time.TestInstant_Basics#testToDateTime_Chronology
3006,org.joda.time.TestTimeOfDay_Basics#testGet
3007,org.joda.time.convert.TestConverterManager#testAddPartialConverter3
3008,org.joda.time.TestDateTime_Properties#testPropertyAddWeekOfWeekyear
3009,org.joda.time.TestPeriodType#testForFields6
3010,org.joda.time.TestMutablePeriod_Updates#testAdd_RInterval3
3011,org.joda.time.TestLocalDate_Basics#testToDateTimeAtCurrentTime_Zone
3012,org.joda.time.format.TestISODateTimeFormat#testFormat_ordinalDateTimeNoMillis
3013,org.joda.time.TestPeriod_Constructors#testConstructor_Object3
3014,org.joda.time.convert.TestDateConverter#testGetPartialValues
3015,org.joda.time.TestLocalDateTime_Properties#testPropertyGetMonth
3016,org.joda.time.TestYearMonth_Properties#testPropertySetMonth
3017,org.joda.time.TestLocalDate_Basics#testToInterval_Zone
3018,org.joda.time.TestInterval_Basics#testWithEndMillis_long1
3019,org.joda.time.chrono.TestISOChronology#testPartialDayOfYearAdd
3020,org.joda.time.TestLocalTime_Basics#testIsAfter_LocalTime
3021,org.joda.time.field.TestOffsetDateTimeField#test_set_RP_int_intarray_String_Locale
3022,org.joda.time.TestTimeOfDay_Basics#testMinusMinutes_int
3023,org.joda.time.TestDateMidnight_Basics#testToString
3024,org.joda.time.TestMutablePeriod_Updates#testSetPeriod_RI_RI3
3025,org.joda.time.format.TestISODateTimeFormat_Fields#testForFields_calBased_Y
3026,org.joda.time.TestMutablePeriod_Updates#testAdd_RP1
3027,org.joda.time.TestTimeOfDay_Constructors#testConstructor_nullChronology
3028,org.joda.time.TestDateTimeZoneCutover#test_DateTime_plusHour_Moscow_Autumn
3029,org.joda.time.TestLocalTime_Basics#testMinusHours_int
3030,org.joda.time.TestLocalTime_Basics#testWithField_DateTimeFieldType_int_4
3031,org.joda.time.convert.TestConverterManager#testRemoveDurationConverter2
3032,org.joda.time.field.TestScaledDurationField#test_getMillis_int
3033,org.joda.time.TestYearMonth_Basics#testWithFieldAdded_unknownField
3034,org.joda.time.TestDateMidnight_Properties#testPropertyGetDayOfMonth
3035,org.joda.time.TestLocalDate_Constructors#testConstructor_nullChronology
3036,org.joda.time.field.TestScaledDurationField#test_getValue_long_long
3037,org.joda.time.TestInterval_Constructors#testConstructor_long_long1
3038,org.joda.time.TestYearMonthDay_Properties#testPropertyGetYear
3039,org.joda.time.format.TestISODateTimeFormat_Fields#testForFields_weekBased_YD
3040,org.joda.time.TestPeriodType#testForFields2
3041,org.joda.time.TestMutablePeriod_Updates#testAdd_RP3
3042,org.joda.time.TestMonthDay_Properties#testPropertyAddMonthOfYear
3043,org.joda.time.TestLocalDate_Properties#testPropertyGetMonth
3044,org.joda.time.TestLocalDateTime_Basics#testToDate_springDST_2Hour40Savings
3045,org.joda.time.TestTimeOfDay_Constructors#testConstructor_nullObject_nullChronology
3046,org.joda.time.TestDateTime_Properties#testPropertySetTextDayOfYear
3047,org.joda.time.TestDateTime_Properties#testPropertyGetYearOfCentury
3048,org.joda.time.TestDateTimeZoneCutover#test_DateTime_roundFloor_hour_NewYork_Spring_postCutover
3049,org.joda.time.TestYearMonthDay_Constructors#testConstructor_ObjectStringEx2
3050,org.joda.time.field.TestMillisDurationField#test_isPrecise
3051,org.joda.time.TestLocalDate_Properties#testPropertyEqualsHashCodeStrict
3052,org.joda.time.TestWeeks#testGetMethods
3053,org.joda.time.TestLocalDateTime_Basics#testIsAfter_LocalDateTime
3054,org.joda.time.TestDateTimeUtils#testGetIntervalChronology_RInterval
3055,org.joda.time.TestLocalTime_Constructors#testConstructor_nullObject_DateTimeZone
3056,org.joda.time.TestDateTime_Properties#testPropertyGetDayOfMonth
3057,org.joda.time.TestMutableDateTime_Sets#testSetMilliOfDay_int2
3058,org.joda.time.TestMutablePeriod_Constructors#testConstructor_long2
3059,org.joda.time.field.TestPreciseDateTimeField#test_getDifferenceAsLong_long_long
3060,org.joda.time.convert.TestNullConverter#testSupportedType
3061,org.joda.time.TestPeriod_Constructors#testConstructor_long_Chronology2
3062,org.joda.time.format.TestDateTimeFormat#testFormatParse_zoneId_noColon
3063,org.joda.time.TestMutablePeriod_Constructors#testConstructor1
3064,org.joda.time.format.TestDateTimeFormatStyle#testForStyle_invalidStrings
3065,org.joda.time.TestMutablePeriod_Updates#testClear
3066,org.joda.time.TestTimeOfDay_Basics#testIsAfter_TOD
3067,org.joda.time.field.TestOffsetDateTimeField#test_getMaximumTextLength_Locale
3068,org.joda.time.TestYearMonthDay_Properties#testPropertyGetMaxMinValuesYear
3069,org.joda.time.format.TestISODateTimeFormatParsing#test_basicWeekDate
3070,org.joda.time.TestDateMidnight_Properties#testPropertyGetEra
3071,org.joda.time.TestLocalDateTime_Constructors#testConstructor_Object_nullChronology
3072,org.joda.time.TestPeriod_Constructors#testFactoryHours
3073,org.joda.time.TestPartial_Basics#testWithChronologyRetainFields_Chrono
3074,org.joda.time.TestMutablePeriod_Constructors#testConstructor_Object_PeriodType2
3075,org.joda.time.TestMutablePeriod_Updates#testAdd_long_Chronology1
3076,org.joda.time.TestYearMonth_Basics#testWithChronologyRetainFields_sameChrono
3077,org.joda.time.format.TestISODateTimeFormatParsing#test_basicWeekDateTime
3078,org.joda.time.TestMutableInterval_Updates#testSetPeriodAfterStart_RI3
3079,org.joda.time.TestLocalDateTime_Basics#testPlusDays_int
3080,org.joda.time.TestMutableDateTime_Basics#testToMutableDateTime
3081,org.joda.time.format.TestISODateTimeFormat#testFormat_tTime
3082,org.joda.time.TestDateTimeZoneCutover#test_DateTime_plusHour_NewYork_Autumn
3083,org.joda.time.TestMutableDateTime_Properties#testPropertyGetMonthOfYear
3084,org.joda.time.TestMonthDay_Basics#testWithFieldAdded_nullField_nonZero
3085,org.joda.time.TestPartial_Basics#testWithFieldAdded2
3086,org.joda.time.format.TestDateTimeFormatter#testParseMutableDateTime_zone3
3087,org.joda.time.TestDateTime_Basics#testToString_DTFormatter
3088,org.joda.time.chrono.TestISOChronology#testCutoverAddYears
3089,org.joda.time.TestDateTime_Constructors#testConstructor_ObjectString2
3090,org.joda.time.field.TestOffsetDateTimeField#test_getDifference_long_long
3091,org.joda.time.format.TestDateTimeFormatStyle#testForStyle_fullDate
3092,org.joda.time.TestInterval_Basics#testIsBefore_long
3093,org.joda.time.TestDateTime_Properties#testPropertyGetMillisOfDay
3094,org.joda.time.TestDuration_Constructors#testConstructor_Object2
3095,org.joda.time.TestDateMidnight_Properties#testPropertyRemainderMonthOfYear
3096,org.joda.time.TestDays#testToStandardSeconds
3097,org.joda.time.TestMutablePeriod_Updates#testSetPeriod_RP3
3098,org.joda.time.TestLocalTime_Basics#testGetField_int
3099,org.joda.time.field.TestOffsetDateTimeField#test_constructor1
3100,org.joda.time.TestLocalDate_Basics#testToDateMidnight_Zone
3101,org.joda.time.TestLocalDate_Constructors#testFactory_FromDateFields
3102,org.joda.time.TestMutablePeriod_Updates#testSetPeriod_RI_RI1
3103,org.joda.time.TestMutableDateTime_Sets#testSetChronology_Chronology2
3104,org.joda.time.TestMutableDateTime_Properties#testPropertySetWeekOfWeekyear
3105,org.joda.time.convert.TestConverterManager#testGetDurationConverters
3106,org.joda.time.TestMutableInterval_Basics#testOverlaps_RInterval
3107,org.joda.time.format.TestISODateTimeFormat#testFormat_weekDate
3108,org.joda.time.TestDateTimeUtils#testGetInstantMillis_RI
3109,org.joda.time.TestDateTimeZoneCutover#test_MutableDateTime_setZoneRetainFields_Turk
3110,org.joda.time.TestParseISO#testSpecOrdinalExpandedYD
3111,org.joda.time.format.TestISODateTimeFormat_Fields#testForFields_weekBased_D
3112,org.joda.time.TestDateTime_Properties#testPropertyGetMillisOfSecond
3113,org.joda.time.format.TestPeriodFormat#test_getDefault_FormatOneField
3114,org.joda.time.TestDuration_Basics#testMinus_long2
3115,org.joda.time.TestLocalDate_Constructors#testConstructor_long2
3116,org.joda.time.field.TestOffsetDateTimeField#test_addWrapField_long_int
3117,org.joda.time.TestWeeks#testDividedBy_int
3118,org.joda.time.TestLocalTime_Properties#testPropertyPlusWrapFieldHour
3119,org.joda.time.TestTimeOfDay_Basics#testPlusMinutes_int
3120,org.joda.time.TestPartial_Basics#testWithFieldAddWrapped7
3121,org.joda.time.TestDuration_Basics#testWithDurationAdded_RD_int2
3122,org.joda.time.TestMutableDateTime_Sets#testSetWeekOfWeekyear_int2
3123,org.joda.time.TestMonths#testNegated
3124,org.joda.time.TestMonthDay_Basics#testPlusDays_int
3125,org.joda.time.TestLocalDate_Basics#testIsBefore_LocalDate
3126,org.joda.time.TestLocalDate_Basics#testToDate_springDST
3127,org.joda.time.TestInterval_Basics#testToPeriod_PeriodType1
3128,org.joda.time.convert.TestConverterManager#testRemovePartialConverter2
3129,org.joda.time.TestDateTimeComparator#testListDate
3130,org.joda.time.TestPartial_Basics#testWith2
3131,org.joda.time.TestYearMonth_Basics#testToInterval
3132,org.joda.time.TestMutableInterval_Basics#testContains_RInterval
3133,org.joda.time.TestTimeOfDay_Properties#testPropertyAddNoWrapHour
3134,org.joda.time.TestPeriod_Constructors#testFactoryWeeks
3135,org.joda.time.TestMutableDateTime_Sets#testSetMinuteOfHour_int1
3136,org.joda.time.convert.TestStringConverter#testSetIntoInterval_Object_Chronology4
3137,org.joda.time.TestHours#testToStandardWeeks
3138,org.joda.time.TestDateTimeZone#testGetMillisKeepLocal
3139,org.joda.time.chrono.TestISOChronology#testAddMonths
3140,org.joda.time.TestLocalTime_Properties#testPropertyCompareToHour
3141,org.joda.time.format.TestPeriodFormatterBuilder#testFormatSuffixPlural4
3142,org.joda.time.TestDuration_Basics#testIsAfter
3143,org.joda.time.TestLocalTime_Properties#testPropertyWithMaxMinValueMinute
3144,org.joda.time.TestTimeOfDay_Basics#testToDateTime_nullRI
3145,org.joda.time.format.TestISODateTimeFormat_Fields#testForFields_empty
3146,org.joda.time.TestMutablePeriod_Constructors#testConstructor_8int__PeriodType1
3147,org.joda.time.TestMutableDateTime_Basics#testCompareTo
3148,org.joda.time.TestMutableDateTime_Basics#testToString
3149,org.joda.time.TestLocalTime_Constructors#testConstructor_ObjectString4
3150,org.joda.time.format.TestPeriodFormatterBuilder#testBug2495455
3151,org.joda.time.TestInstant_Basics#testIsEqual_long
3152,org.joda.time.TestDateTimeZoneCutover#test_DateTime_roundFloor_day_NewYork_Spring_preCutover
3153,org.joda.time.TestMutablePeriod_Updates#testAdd_long2
3154,org.joda.time.TestInterval_Constructors#testConstructor_RP_RI3
3155,org.joda.time.TestDuration_Basics#testWithDurationAdded_RD_int5
3156,org.joda.time.TestPeriod_Basics#testNormalizedStandard_periodType_weekDay2
3157,org.joda.time.field.TestMillisDurationField#test_getValueAsLong_long_long
3158,org.joda.time.TestWeeks#testGetPeriodType
3159,org.joda.time.TestMutablePeriod_Updates#testAdd_RInterval2
3160,org.joda.time.TestDateTimeUtils#testMillisProviderSecurity
3161,org.joda.time.TestDateTimeZone#testPatchedNameKeysSydneyHistoric
3162,org.joda.time.TestMinutes#testFactory_minutes_int
3163,org.joda.time.TestMonths#testGetFieldType
3164,org.joda.time.tz.TestCompiler#test_2400_last
3165,org.joda.time.TestMonthDay_Basics#testSize
3166,org.joda.time.TestTimeOfDay_Basics#testPlusSeconds_int
3167,org.joda.time.format.TestISODateTimeFormat_Fields#testForFields_time_M
3168,org.joda.time.TestYearMonth_Properties#testPropertyEqualsHashCodeLenient
3169,org.joda.time.TestTimeOfDay_Properties#testPropertyGetMaxMinValuesSecond
3170,org.joda.time.TestDateTime_Constructors#testConstructor_int_int_int_int_int_int_nullDateTimeZone
3171,org.joda.time.TestLocalDateTime_Basics#testToDateTime
3172,org.joda.time.TestYearMonth_Basics#testPlusYears_int
3173,org.joda.time.TestYearMonthDay_Constructors#testFactory_FromDateFields
3174,org.joda.time.chrono.TestIslamicChronology#testFactory_Zone
3175,org.joda.time.TestLocalTime_Properties#testPropertyPlusWrapFieldSecond
3176,org.joda.time.TestTimeOfDay_Constructors#testConstructor_Object2
3177,org.joda.time.convert.TestConverterManager#testGetPartialConverter
3178,org.joda.time.chrono.TestGJChronology#testIllegalDates
3179,org.joda.time.chrono.TestISOChronology#testTimeOfDayAdd
3180,org.joda.time.field.TestPreciseDateTimeField#test_getAsText_long_Locale
3181,org.joda.time.format.TestISODateTimeFormatParsing#test_dateTimeNoMillis
3182,org.joda.time.TestPeriod_Constructors#testConstructor_RI_RI1
3183,org.joda.time.TestDuration_Basics#testWithDurationAdded_RD_int6
3184,org.joda.time.format.TestPeriodFormat#testSubclassableConstructor
3185,org.joda.time.TestYearMonth_Properties#testPropertyAddWrapFieldYear
3186,org.joda.time.format.TestDateTimeFormat#testFormatParse_textMonthApr_France
3187,org.joda.time.TestYearMonth_Basics#testGetFieldTypes
3188,org.joda.time.TestPeriod_Basics#testWithPeriodType5
3189,org.joda.time.TestMutableDateTime_Properties#testPropertyAddWeekOfWeekyear
3190,org.joda.time.TestMutableDateTime_Properties#testPropertySetYear
3191,org.joda.time.TestDateTime_Constructors#testConstructor_DateTimeZone
3192,org.joda.time.TestPeriodType#testMaskTwice2
3193,org.joda.time.format.TestISODateTimeFormatParsing#test_hourMinuteSecondMillis
3194,org.joda.time.field.TestPreciseDurationDateTimeField#test_set_RP_int_intarray_String_Locale
3195,org.joda.time.TestYearMonthDay_Constructors#testConstructor_ObjectString5
3196,org.joda.time.TestMutablePeriod_Updates#testAdd_long3
3197,org.joda.time.format.TestDateTimeFormatStyle#testForStyle_stringLengths
3198,org.joda.time.TestLocalDateTime_Constructors#testConstructor_long_nullDateTimeZone
3199,org.joda.time.TestDateTime_Properties#testPropertyRoundFloorHourOfDay
3200,org.joda.time.format.TestISODateTimeFormat#testFormat_date_partial
3201,org.joda.time.TestYearMonthDay_Constructors#testConstructor_nullObject_nullChronology
3202,org.joda.time.TestDateTimeZoneCutover#test_LocalDate_toDateMidnight_Turk
3203,org.joda.time.TestLocalDateTime_Properties#testPropertyCompareToMonth
3204,org.joda.time.TestPartial_Basics#testIsAfter_TOD
3205,org.joda.time.TestMutableDateTime_Constructors#testConstructor_nullObject
3206,org.joda.time.TestYearMonthDay_Constructors#testConstructor_ObjectString4
3207,org.joda.time.convert.TestDateConverter#testGetChronology_Object_Zone
3208,org.joda.time.TestInterval_Basics#testWithDurationBeforeEnd2
3209,org.joda.time.TestDateMidnight_Constructors#testConstructor_int_int_int
3210,org.joda.time.field.TestScaledDurationField#test_getDifferenceAsLong_long_long
3211,org.joda.time.chrono.TestCopticChronology#testEra
3212,org.joda.time.TestInterval_Basics#testEqualsHashCode
3213,org.joda.time.TestLocalDateTime_Constructors#testConstructor_ObjectStringEx4
3214,org.joda.time.TestMutableDateTime_Adds#testAdd_RP2
3215,org.joda.time.TestInterval_Basics#testWithChronology1
3216,org.joda.time.format.TestPeriodFormatterBuilder#testFormatSecondsWithMillis
3217,org.joda.time.TestPeriodType#testMaskHoursMinutesSeconds
3218,org.joda.time.chrono.TestBuddhistChronology#testEpoch
3219,org.joda.time.TestMutableInterval_Updates#testSetInterval_RI_RI3
3220,org.joda.time.TestSerialization#testSerializedDateMidnightProperty
3221,org.joda.time.convert.TestStringConverter#testSetIntoPeriod_Object7
3222,org.joda.time.TestDateTime_Basics#testMinusDays_int
3223,org.joda.time.format.TestDateTimeFormat#testFormat_monthOfYearText
3224,org.joda.time.TestPeriod_Constructors#testConstructor_long_long2
3225,org.joda.time.TestDateMidnight_Constructors#testConstructor_Object
3226,org.joda.time.field.TestPreciseDateTimeField#test_getAsText_int_Locale
3227,org.joda.time.TestDateTime_Basics#testPlus_RP
3228,org.joda.time.TestLocalDate_Constructors#testConstructor_Object1
3229,org.joda.time.convert.TestStringConverter#testSetIntoInterval_Object_Chronology6
3230,org.joda.time.TestPeriod_Constructors#testConstructor_RP_RP_PeriodType5
3231,org.joda.time.convert.TestStringConverter#testSetIntoInterval_Object_Chronology1
3232,org.joda.time.TestYearMonth_Constructors#testConstructor_ObjectStringEx2
3233,org.joda.time.TestLocalTime_Basics#testWithField_DateTimeFieldType_int_2
3234,org.joda.time.TestPeriod_Constructors#testConstructor_4int1
3235,org.joda.time.convert.TestConverterManager#testGetInstantConverterOKMultipleMatches
3236,org.joda.time.TestPeriod_Basics#testNormalizedStandard_periodType_yearMonth3
3237,org.joda.time.format.TestDateTimeFormatter#testPrint_locale
3238,org.joda.time.field.TestUnsupportedDateTimeField#testPublicGetNameMethod
3239,org.joda.time.TestPartial_Properties#testPropertyAddMinute
3240,org.joda.time.field.TestOffsetDateTimeField#test_remainder_long
3241,org.joda.time.TestPeriodType#testForFields5
3242,org.joda.time.format.TestDateTimeFormat#testFormat_centuryOfEra
3243,org.joda.time.TestHours#testGetPeriodType
3244,org.joda.time.TestDateMidnight_Properties#testPropertyGetWeekyear
3245,org.joda.time.convert.TestCalendarConverter#testGetInstantMillis_Object_Chronology
3246,org.joda.time.TestDateTimeUtils#testOffsetMillisSecurity
3247,org.joda.time.TestLocalTime_Constructors#testFactory_FromDateFields_null
3248,org.joda.time.field.TestScaledDurationField#test_getScalar
3249,org.joda.time.TestDateTime_Basics#testIsEqual_RI
3250,org.joda.time.field.TestPreciseDateTimeField#test_getAsText_RP_int_Locale
3251,org.joda.time.TestDateTimeFieldType#test_dayOfYear
3252,org.joda.time.TestTimeOfDay_Constructors#testConstructor_long1_Chronology
3253,org.joda.time.TestInterval_Basics#testWithStartMillis_long1
3254,org.joda.time.format.TestPeriodFormatterBuilder#testFormatPrintZeroAlways
3255,org.joda.time.TestYearMonth_Properties#testPropertyCompareToYear
3256,org.joda.time.format.TestPeriodFormatterBuilder#testFormatMillis
3257,org.joda.time.TestLocalTime_Properties#testPropertyWithMaxMinValueMilli
3258,org.joda.time.TestInterval_Basics#testGap_RInterval_null
3259,org.joda.time.TestLocalDate_Basics#testToDateTimeAtStartOfDay_nullZone
3260,org.joda.time.TestInterval_Constructors#testConstructor_RI_RI_instant
3261,org.joda.time.TestDateTime_Properties#testPropertyCompareToDayOfWeek
3262,org.joda.time.TestDuration_Basics#testToIntervalFrom
3263,org.joda.time.TestLocalTime_Constructors#testConstructor_ObjectStringEx3
3264,org.joda.time.TestMonthDay_Basics#testGet
3265,org.joda.time.format.TestDateTimeFormatter#testParseInto_zone
3266,org.joda.time.TestMutablePeriod_Constructors#testConstructor_long_Chronology2
3267,org.joda.time.TestYearMonthDay_Properties#testPropertySetTextYear
3268,org.joda.time.TestLocalTime_Basics#testToString
3269,org.joda.time.TestDateTime_Properties#testPropertyRemainderHourOfDay
3270,org.joda.time.TestPartial_Constructors#testConstructor_Type_int
3271,org.joda.time.TestMutableDateTime_Constructors#testConstructor_Object
3272,org.joda.time.TestPeriod_Constructors#testConstructor_8int1
3273,org.joda.time.TestLocalTime_Properties#testPropertySetTextMinute
3274,org.joda.time.TestLocalDateTime_Constructors#testConstructor_Object_DateTimeZoneMoscow
3275,org.joda.time.format.TestPeriodFormat#test_wordBased_pt_parseTwoFields
3276,org.joda.time.TestLocalTime_Properties#testPropertyPlusMinute
3277,org.joda.time.TestMonths#testIsLessThan
3278,org.joda.time.TestPeriod_Constructors#testFactoryFieldDifference5
3279,org.joda.time.TestMutableDateTime_Properties#testPropertyToIntervalHourOfDay
3280,org.joda.time.TestYearMonth_Constructors#testConstructor_DateTimeZone
3281,org.joda.time.TestDateTimeFieldType#test_monthOfYear
3282,org.joda.time.TestMutableDateTime_Properties#testPropertyAddDayOfWeek
3283,org.joda.time.TestMonthDay_Basics#testGetField
3284,org.joda.time.TestMutableInterval_Constructors#testConstructor_RD_RI3
3285,org.joda.time.format.TestDateTimeFormat#testFormatParse_textYear_France
3286,org.joda.time.TestPeriod_Basics#testNormalizedStandard_yearMonthWeekDay
3287,org.joda.time.TestPartial_Properties#testPropertyAddWrapFieldMinute
3288,org.joda.time.TestMutableInterval_Constructors#testConstructor_RI_RP1
3289,org.joda.time.TestMutableDateTime_Basics#testRounding3
3290,org.joda.time.TestMutablePeriod_Updates#testSetMinutes
3291,org.joda.time.TestPeriod_Constructors#testConstructor_Object_PeriodType4
3292,org.joda.time.format.TestISOPeriodFormatParsing#testParseStandardFail3
3293,org.joda.time.chrono.TestCopticChronology#testSampleDate
3294,org.joda.time.TestLocalDateTime_Properties#testPropertyWithMaximumValueDayOfMonth
3295,org.joda.time.TestMutableDateTime_Basics#testToDateTime_DateTimeZone
3296,org.joda.time.TestLocalDate_Basics#testGetters
3297,org.joda.time.convert.TestConverterManager#testGetInstantConverters
3298,org.joda.time.TestDateTime_Basics#testIsBefore_long
3299,org.joda.time.TestPeriod_Basics#testToStandardDuration
3300,org.joda.time.TestLocalDate_Basics#testWithFieldAdded_DurationFieldType_int_5
3301,org.joda.time.TestPeriod_Basics#testToStandardDays_years
3302,org.joda.time.TestTimeOfDay_Properties#testPropertyAddNoWrapMilli
3303,org.joda.time.TestDuration_Constructors#testConstructor_RI_RI3
3304,org.joda.time.TestPeriodType#testTime
3305,org.joda.time.TestDateTimeFieldType#test_weekyear
3306,org.joda.time.field.TestUnsupportedDateTimeField#testDelegatedMethods
3307,org.joda.time.TestDuration_Basics#testWithDurationAdded_long_int3
3308,org.joda.time.TestDateTime_Basics#testPlusMinutes_int
3309,org.joda.time.TestMonthDay_Properties#testPropertyEquals
3310,org.joda.time.TestMutableInterval_Basics#testGetDuration2
3311,org.joda.time.TestLocalDate_Basics#testToDateTime_nullLocalTime
3312,org.joda.time.field.TestPreciseDurationField#test_getDifferenceAsLong_long_long
3313,org.joda.time.TestYearMonth_Basics#testWithField_same
3314,org.joda.time.format.TestISODateTimeFormat_Fields#testForFields_time_H
3315,org.joda.time.TestMutableDateTime_Properties#testPropertyGetEra
3316,org.joda.time.TestDateTime_Properties#testTest
3317,org.joda.time.TestChronology#testToString
3318,org.joda.time.TestMutableInterval_Updates#testSetInterval_RI_RI5
3319,org.joda.time.TestPeriod_Constructors#testConstructor_Object1
3320,org.joda.time.TestLocalDate_Constructors#testConstructor_ObjectStringEx5
3321,org.joda.time.TestSerialization#testSerializedJulianChronology
3322,org.joda.time.TestInstant_Basics#testWithMillis_long
3323,org.joda.time.TestDateTime_Properties#testPropertyCompareToYear
3324,org.joda.time.tz.TestUTCProvider#testGetAvailableIDs
3325,org.joda.time.TestLocalDate_Basics#testGetFields
3326,org.joda.time.TestMutableDateTime_Basics#testToMutableDateTime_DateTimeZone
3327,org.joda.time.TestPeriod_Constructors#testConstructor_RD_RI_PeriodType1
3328,org.joda.time.TestWeeks#testNegated
3329,org.joda.time.TestDateTimeComparator#testListDOW
3330,org.joda.time.TestLocalTime_Properties#testPropertyGetMilli
3331,org.joda.time.TestChronology#testEqualsHashCode_Zoned
3332,org.joda.time.chrono.TestLenientChronology#test_setHourOfDay
3333,org.joda.time.field.TestOffsetDateTimeField#test_roundHalfFloor_long
3334,org.joda.time.field.TestOffsetDateTimeField#test_getMaximumValue_long
3335,org.joda.time.format.TestPeriodFormat#test_wordBased_de_parseTwoFields
3336,org.joda.time.TestPeriodType#testYears
3337,org.joda.time.TestPeriod_Constructors#testConstructor_RP_RP_PeriodType2Local
3338,org.joda.time.TestLocalTime_Properties#testPropertySetSecond
3339,org.joda.time.TestPartial_Basics#testIsSupported
3340,org.joda.time.field.TestPreciseDateTimeField#test_get
3341,org.joda.time.field.TestPreciseDateTimeField#test_getMaximumValue_long
3342,org.joda.time.TestTimeOfDay_Basics#testToDateTime_RI
3343,org.joda.time.TestDateTimeZone#testGetShortName
3344,org.joda.time.TestHours#testPlus_Hours
3345,org.joda.time.TestDays#testAddToLocalDate
3346,org.joda.time.TestMutableInterval_Updates#testSetPeriodBeforeEnd_RI1
3347,org.joda.time.TestInterval_Basics#testOverlap_RInterval_null
3348,org.joda.time.TestYearMonth_Basics#testWithChronologyRetainFields_invalidInNewChrono
3349,org.joda.time.TestDateTimeZone#testGetOffsetFixed
3350,org.joda.time.TestDays#testGetPeriodType
3351,org.joda.time.convert.TestConverterManager#testRemovePeriodConverter3
3352,org.joda.time.field.TestOffsetDateTimeField#test_get
3353,org.joda.time.TestInterval_Constructors#testConstructor_long_long3
3354,org.joda.time.format.TestISODateTimeFormat#testFormat_dateHourMinuteSecondFraction
3355,org.joda.time.tz.TestBuilder#testForwardTransitions
3356,org.joda.time.TestDateTimeZoneCutover#test_DateTime_roundCeiling_day_NewYork_Spring_preCutover
3357,org.joda.time.TestMutableInterval_Constructors#testConstructor_RI_RP3
3358,org.joda.time.TestDuration_Basics#testPlus_long2
3359,org.joda.time.TestYears#testIsGreaterThan
3360,org.joda.time.TestPartial_Properties#testPropertySetTextHour
3361,org.joda.time.TestMutableInterval_Basics#testCopy
3362,org.joda.time.field.TestOffsetDateTimeField#test_getAsShortText_int_Locale
3363,org.joda.time.TestLocalTime_Constructors#testConstructor_Object_nullChronology
3364,org.joda.time.convert.TestLongConverter#testGetChronology_Object_Chronology
3365,org.joda.time.TestMutableInterval_Updates#testSetInterval_RI_RI1
3366,org.joda.time.TestLocalTime_Basics#testWithFieldAdded_DurationFieldType_int_8
3367,org.joda.time.TestTimeOfDay_Basics#testSize
3368,org.joda.time.TestInterval_Basics#testGap_RInterval
3369,org.joda.time.format.TestDateTimeFormat#testFormatParse_textAdjoiningMonthDOW_UK
3370,org.joda.time.TestDateTimeZone#testEqualsHashCode
3371,org.joda.time.TestMutablePeriod_Updates#testSetPeriod_RI_RI2
3372,org.joda.time.field.TestPreciseDurationDateTimeField#test_isSupported
3373,org.joda.time.field.TestBaseDateTimeField#test_set_long_int
3374,org.joda.time.TestDuration_Basics#testCompareTo
3375,org.joda.time.convert.TestStringConverter#testGetPartialValues
3376,org.joda.time.TestYearMonthDay_Properties#testPropertyGetMonth
3377,org.joda.time.TestPeriod_Constructors#testConstructor_RI_RI3
3378,org.joda.time.convert.TestConverterManager#testGetIntervalConverters
3379,org.joda.time.TestParseISO#testSpecCompleteDate
3380,org.joda.time.convert.TestConverterManager#testAddPartialConverter2
3381,org.joda.time.TestInterval_Basics#testToMutableInterval1
3382,org.joda.time.TestPeriod_Constructors#testConstructor_RP_RP7
3383,org.joda.time.TestDateTimeZoneCutover#test_DateTime_roundFloor_day_NewYork_Spring_postCutover
3384,org.joda.time.convert.TestStringConverter#testSetIntoIntervalEx_Object_Chronology2
3385,org.joda.time.TestIllegalFieldValueException#testSkipDateTimeField
3386,org.joda.time.TestInterval_Basics#testOverlap_RInterval_zoneUTC
3387,org.joda.time.TestDateTime_Properties#testPropertyGetHourOfDay
3388,org.joda.time.tz.TestCompiler#test_Amman_2003
3389,org.joda.time.TestInterval_Basics#testContains_RInterval
3390,org.joda.time.TestLocalDate_Constructors#testConstructor_long4_DateTimeZone
3391,org.joda.time.TestMutableDateTime_Properties#testPropertyGetMinuteOfHour
3392,org.joda.time.field.TestPreciseDurationDateTimeField#test_getLeapAmount_long
3393,org.joda.time.TestLocalDateTime_Properties#testPropertyGetMaxMinValuesMilli
3394,org.joda.time.field.TestPreciseDurationDateTimeField#test_getMaximumTextLength_Locale
3395,org.joda.time.TestYearMonthDay_Properties#testPropertyGetDay
3396,org.joda.time.TestInterval_Constructors#testConstructor_long_long2
3397,org.joda.time.TestTimeOfDay_Basics#testProperty
3398,org.joda.time.format.TestDateTimeFormatterBuilder#test_append_Printer
3399,org.joda.time.TestLocalDate_Basics#testPlusMonths_int
3400,org.joda.time.TestLocalDateTime_Basics#testToString
3401,org.joda.time.TestLocalTime_Constructors#testConstructor_ObjectStringEx1
3402,org.joda.time.convert.TestNullConverter#testToString
3403,org.joda.time.TestMutableInterval_Constructors#testConstructor_RP_RI8
3404,org.joda.time.format.TestISODateTimeFormat#testFormat_basicTimeNoMillis
3405,org.joda.time.field.TestOffsetDateTimeField#test_isLeap_long
3406,org.joda.time.TestYearMonthDay_Properties#testPropertySetDay
3407,org.joda.time.TestLocalTime_Basics#testWithField_DateTimeFieldType_int_3
3408,org.joda.time.field.TestBaseDateTimeField#test_roundHalfFloor_long
3409,org.joda.time.TestDateTime_Properties#testPropertySetTextDayOfMonth
3410,org.joda.time.TestLocalDate_Constructors#testConstructor_ObjectStringEx1
3411,org.joda.time.TestTimeOfDay_Constructors#testConstructor
3412,org.joda.time.TestPeriodType#testIsSupported
3413,org.joda.time.chrono.TestGJChronology#testFactory_Zone_long_int
3414,org.joda.time.TestInstant_Basics#testToDateTimeISO
3415,org.joda.time.TestYearMonth_Properties#testPropertyGetMonth
3416,org.joda.time.TestDuration_Basics#testWithDurationAdded_RD_int1
3417,org.joda.time.TestDateTime_Constructors#testConstructor_ObjectString4
3418,org.joda.time.chrono.TestBuddhistChronology#testToString
3419,org.joda.time.TestPartial_Basics#testWithout5
3420,org.joda.time.TestLocalTime_Basics#testToString_String_Locale
3421,org.joda.time.TestDateTime_Constructors#testConstructor_Object_Chronology
3422,org.joda.time.format.TestDateTimeFormatterBuilder#test_appendFixedSignedDecimal
3423,org.joda.time.TestHours#testIsGreaterThan
3424,org.joda.time.chrono.TestGJChronology#testWithZone
3425,org.joda.time.convert.TestConverterManager#testGetPartialConverters
3426,org.joda.time.TestYearMonth_Constructors#testConstructor_long_nullChronology
3427,org.joda.time.TestPartial_Basics#testGetField
3428,org.joda.time.chrono.TestGJChronology#testYearEndAddDays
3429,org.joda.time.format.TestDateTimeFormat#testFormatParse_textMonthJanShortLowerCase_UK
3430,org.joda.time.TestYearMonth_Basics#testWithField
3431,org.joda.time.field.TestPreciseDurationField#test_getValueAsLong_long
3432,org.joda.time.TestLocalTime_Constructors#testConstructor_nullObject_Chronology
3433,org.joda.time.chrono.TestIslamicChronology#testFactory
3434,org.joda.time.TestYears#testFactory_parseYears_String
3435,org.joda.time.TestDateTime_Properties#testPropertyGetDayOfWeek
3436,org.joda.time.format.TestISOPeriodFormatParsing#testParseStandard7
3437,org.joda.time.TestLocalDateTime_Properties#testPropertyWithMinimumValueHour
3438,org.joda.time.format.TestDateTimeFormat#testFormatParse_textHalfdayAM_France
3439,org.joda.time.TestLocalDate_Constructors#testFactory_FromCalendarFields
3440,org.joda.time.TestInterval_Basics#testIsAfter_RInterval_null
3441,org.joda.time.convert.TestConverterManager#testGetPeriodConverterRemovedNull
3442,org.joda.time.TestPeriod_Constructors#testConstructor_RP_RP_PeriodType1
3443,org.joda.time.field.TestBaseDateTimeField#test_getMinimumValue
3444,org.joda.time.format.TestISODateTimeFormat#testFormat_timeNoMillis
3445,org.joda.time.TestMutableDateTime_Sets#testSet_DateTimeFieldType_int3
3446,org.joda.time.TestDateMidnight_Constructors#testConstructor_nullObject_nullChronology
3447,org.joda.time.TestDateTime_Basics#testMinusMonths_int
3448,org.joda.time.TestYearMonth_Basics#testSerialization
3449,org.joda.time.chrono.TestEthiopicChronology#testEra
3450,org.joda.time.field.TestBaseDateTimeField#test_remainder_long
3451,org.joda.time.TestMutableDateTime_Constructors#testConstructor_long_nullChronology
3452,org.joda.time.format.TestISODateTimeFormat#testFormat_timeNoMillis_partial
3453,org.joda.time.format.TestISOPeriodFormatParsing#testParseStandard4
3454,org.joda.time.TestDateMidnight_Basics#testToInstant
3455,org.joda.time.format.TestPeriodFormatterBuilder#testFormatPrintZeroIfSupported
3456,org.joda.time.TestMonths#testGetMethods
3457,org.joda.time.TestPartial_Properties#testPropertySetHour
3458,org.joda.time.TestMutablePeriod_Constructors#testConstructor_long1
3459,org.joda.time.TestLocalDate_Properties#testPropertyAddToCopyMonth
3460,org.joda.time.TestYears#testFactory_yearsBetween_RInstant
3461,org.joda.time.chrono.TestBuddhistChronology#testDateFields
3462,org.joda.time.TestPartial_Constructors#testConstructorEx2_Type_int_Chrono
3463,org.joda.time.TestMutableInterval_Updates#testSePeriodAfterStart_RI2
3464,org.joda.time.TestMonthDay_Constructors#testConstructor_nullObject_Chronology
3465,org.joda.time.TestLocalDateTime_Constructors#testConstructor_Object_nullDateTimeZone
3466,org.joda.time.TestMutablePeriod_Constructors#testConstructor_long_long_PeriodType2
3467,org.joda.time.TestYearMonthDay_Basics#testToDateMidnight_Zone
3468,org.joda.time.format.TestPeriodFormatterBuilder#testFormatDays
3469,org.joda.time.chrono.TestEthiopicChronology#testDurationYear
3470,org.joda.time.TestPeriod_Basics#testTest
3471,org.joda.time.TestYearMonthDay_Properties#testPropertyAddDay
3472,org.joda.time.field.TestPreciseDurationDateTimeField#test_set_long_String_Locale
3473,org.joda.time.tz.TestFixedDateTimeZone#testToTimeZone2
3474,org.joda.time.TestWeeks#testFactory_weeksBetween_RInstant
3475,org.joda.time.TestParseISO#testSpecTruncatedMD
3476,org.joda.time.format.TestDateTimeFormat#testFormat_zoneAmountID
3477,org.joda.time.TestPeriod_Basics#testPeriodStatics
3478,org.joda.time.TestYearMonthDay_Properties#testPropertySetTextDay
3479,org.joda.time.TestMutablePeriod_Constructors#testConstructor_long_long_PeriodType_Chronology1
3480,org.joda.time.TestDateMidnight_Properties#testPropertyToIntervalYearOfCentury
3481,org.joda.time.format.TestTextFields#testHalfdayNames
3482,org.joda.time.format.TestDateTimeFormat#testSubclassableConstructor
3483,org.joda.time.TestMutableDateTime_Adds#testAddMillis_int1
3484,org.joda.time.TestMutablePeriod_Updates#testSetMonths
3485,org.joda.time.TestPeriod_Constructors#testConstructor_RI_RI_PeriodType5
3486,org.joda.time.TestLocalTime_Basics#testToString_String
3487,org.joda.time.TestLocalDateTime_Properties#testPropertyAddToCopyMilli
3488,org.joda.time.format.TestISODateTimeFormat#testFormat_basicOrdinalDate
3489,org.joda.time.TestDays#testMinus_int
3490,org.joda.time.TestLocalDate_Basics#testToDateTime_RI
3491,org.joda.time.TestDateTime_Basics#testWithDurationAdded_RD_int
3492,org.joda.time.TestInterval_Basics#testIsAfter_long
3493,org.joda.time.TestPartial_Properties#testPropertyAddHour
3494,org.joda.time.TestInterval_Constructors#testConstructor_Object_Chronology1
3495,org.joda.time.TestPeriod_Basics#testToStandardSeconds_years
3496,org.joda.time.TestDateMidnight_Constructors#testConstructor_Chronology
3497,org.joda.time.chrono.TestGJChronology#testParseEquivalence
3498,org.joda.time.format.TestDateTimeFormat#testFormat_dayOfMonth
3499,org.joda.time.convert.TestConverterManager#testAddDurationConverter3
3500,org.joda.time.TestPeriod_Constructors#testConstructor_RP_RP1
3501,org.joda.time.format.TestPeriodFormat#test_wordBased_fr_parseOneField
3502,org.joda.time.format.TestPeriodFormatterBuilder#testFormatSuffixSimple3
3503,org.joda.time.TestSeconds#testMinus_int
3504,org.joda.time.TestLocalDateTime_Properties#testPropertyAddToCopyMinute
3505,org.joda.time.TestPeriodType#testIndexOf
3506,org.joda.time.TestLocalDate_Properties#testPropertyHashCode
3507,org.joda.time.TestMonths#testPlus_int
3508,org.joda.time.format.TestISODateTimeFormat#testFormat_basicOrdinalDateTime
3509,org.joda.time.format.TestISODateTimeFormatParsing#test_localTimeParser
3510,org.joda.time.TestTimeOfDay_Properties#testPropertySetTextHour
3511,org.joda.time.TestMutablePeriod_Constructors#testConstructor_PeriodType2
3512,org.joda.time.TestSerialization#testSerializedMutableDateTime
3513,org.joda.time.TestYearMonth_Constructors#testConstructor_long1
3514,org.joda.time.TestDateTime_Properties#testPropertyToIntervalMonthOfYear
3515,org.joda.time.format.TestISODateTimeFormat#testFormat_yearMonth
3516,org.joda.time.TestLocalTime_Constructors#testConstructor_Object1
3517,org.joda.time.format.TestPeriodFormatterBuilder#testFormatPrintZeroNever
3518,org.joda.time.TestMutablePeriod_Constructors#testConstructor_Object1
3519,org.joda.time.TestDateTime_Basics#testMinusSeconds_int
3520,org.joda.time.TestDateMidnight_Properties#testPropertyGetYear
3521,org.joda.time.TestDateTime_Basics#testToMutableDateTime
3522,org.joda.time.TestYearMonthDay_Constructors#testConstructor_ObjectStringEx1
3523,org.joda.time.convert.TestStringConverter#testGetDateTime4
3524,org.joda.time.TestBaseSingleFieldPeriod#testEqualsHashCode
3525,org.joda.time.TestInterval_Basics#testGetMillis
3526,org.joda.time.TestDateTime_Basics#testToLocalDateTime
3527,org.joda.time.TestMutableDateTime_Sets#testSetMillis_RI2
3528,org.joda.time.TestLocalDateTime_Properties#testPropertyWithMinimumValueDayOfMonth
3529,org.joda.time.TestMutableDateTime_Basics#testRounding1
3530,org.joda.time.TestDateTimeZoneCutover#test_getOffsetFromLocal_Turk
3531,org.joda.time.chrono.TestGJChronology#testTimeOfDayAdd
3532,org.joda.time.TestParseISO#testSpecOrdinalTruncatedD
3533,org.joda.time.TestMutableDateTime_Adds#testAddMonths_int1
3534,org.joda.time.TestHours#testPlus_int
3535,org.joda.time.chrono.TestGJChronology#testToString
3536,org.joda.time.TestDuration_Constructors#testFactory_standardMinutes_long
3537,org.joda.time.TestMutableInterval_Basics#testClone
3538,org.joda.time.TestTimeOfDay_Basics#testWithField4
3539,org.joda.time.TestMutableDateTime_Properties#testPropertyAddDayOfMonth
3540,org.joda.time.TestMutableInterval_Updates#testSetEnd_RI2
3541,org.joda.time.field.TestPreciseDurationDateTimeField#test_isLenient
3542,org.joda.time.TestLocalTime_Basics#testMinusMinutes_int
3543,org.joda.time.TestPeriod_Constructors#testFactoryDays
3544,org.joda.time.TestLocalDateTime_Properties#testPropertyAddToCopyMonth
3545,org.joda.time.TestPeriodType#testHours
3546,org.joda.time.TestInstant_Basics#testToDateTime
3547,org.joda.time.TestMutableDateTime_Constructors#testTest
3548,org.joda.time.format.TestPeriodFormatterBuilder#testFormatPrefixPlural1
3549,org.joda.time.TestMutableDateTime_Basics#testSerialization
3550,org.joda.time.TestYearMonthDay_Basics#testIsBefore_YMD
3551,org.joda.time.TestMonthDay_Constructors#testConstructor_nullObject
3552,org.joda.time.chrono.TestGregorianChronology#testTimeFields
3553,org.joda.time.TestPeriod_Basics#testToStandardHours_months
3554,org.joda.time.TestYearMonth_Basics#testProperty
3555,org.joda.time.TestYearMonthDay_Basics#testMinus_RP
3556,org.joda.time.TestMutableInterval_Updates#testSetDurationAfterStart_RI1
3557,org.joda.time.TestPeriod_Constructors#testConstructor_RP_RP5
3558,org.joda.time.field.TestBaseDateTimeField#test_toString
3559,org.joda.time.convert.TestStringConverter#testIsReadableInterval_Object_Chronology
3560,org.joda.time.TestMinutes#testToStandardDuration
3561,org.joda.time.chrono.TestISOChronology#testFactory_Zone
3562,org.joda.time.TestTimeOfDay_Basics#testWithFieldAdded5
3563,org.joda.time.field.TestPreciseDateTimeField#test_getAsShortText_RP_Locale
3564,org.joda.time.chrono.TestGregorianChronology#testFactory_Zone
3565,org.joda.time.TestAbstractPartial#testGetField
3566,org.joda.time.field.TestBaseDateTimeField#test_getAsText_long
3567,org.joda.time.TestDateTime_Basics#testWithers
3568,org.joda.time.TestHours#testFactory_hours_int
3569,org.joda.time.TestDuration_Basics#testPlus_long1
3570,org.joda.time.TestDateTimeZone#testToString
3571,org.joda.time.TestMutableDateTime_Constructors#testConstructor_int_int_int_int_int_int_int_Chronology
3572,org.joda.time.TestDuration_Basics#testIsBefore
3573,org.joda.time.TestLocalDateTime_Basics#testWithFieldAdded_DurationFieldType_int_4
3574,org.joda.time.TestLocalDate_Properties#testPropertyGetMaxMinValuesDay
3575,org.joda.time.TestLocalDateTime_Constructors#testConstructor_long1_Chronology
3576,org.joda.time.TestMutableDateTime_Basics#testRounding8
3577,org.joda.time.TestMutablePeriod_Updates#testAdd_RInterval4
3578,org.joda.time.TestDateTime_Properties#testPropertySetTextDayOfWeek
3579,org.joda.time.format.TestDateTimeFormat#testFormat_year_long
3580,org.joda.time.TestMinutes#testFactory_standardMinutesIn_RPeriod
3581,org.joda.time.convert.TestStringConverter#testGetDateTime1
3582,org.joda.time.field.TestBaseDateTimeField#test_getLeapAmount_long
3583,org.joda.time.format.TestISOPeriodFormat#testSubclassableConstructor
3584,org.joda.time.TestYearMonthDay_Basics#testToDateTimeAtMidnight
3585,org.joda.time.TestLocalDate_Basics#testPlusYears_int
3586,org.joda.time.TestMutableInterval_Basics#testIsAfter_long
3587,org.joda.time.TestParseISO#testSpecOrdinalTruncatedYD
3588,org.joda.time.TestLocalTime_Constructors#testConstructor_long2
3589,org.joda.time.TestWeeks#testToStandardHours
3590,org.joda.time.TestLocalDate_Basics#testToDate_autumnDST
3591,org.joda.time.TestDateTime_Properties#testPropertyToIntervalYear
3592,org.joda.time.field.TestPreciseDurationDateTimeField#test_getAsText_RP_Locale
3593,org.joda.time.TestDuration_Constructors#testFactory_standardHours_long
3594,org.joda.time.TestMutableInterval_Constructors#testConstructor_long_long2
3595,org.joda.time.TestDateMidnight_Basics#testWithChronology_Chronology
3596,org.joda.time.TestDateTime_Constructors#testConstructor_long1
3597,org.joda.time.format.TestISOPeriodFormatParsing#testParseStandard6
3598,org.joda.time.chrono.TestIslamicChronology#testDateFields
3599,org.joda.time.TestPeriodType#testMinutes
3600,org.joda.time.TestSerialization#testSerializedDateTimeZone
3601,org.joda.time.format.TestPeriodFormatterBuilder#testFormatPrefixPlural2
3602,org.joda.time.format.TestISOPeriodFormatParsing#testParseStandardFail1
3603,org.joda.time.chrono.TestISOChronology#testFactory
3604,org.joda.time.TestHours#testSerialization
3605,org.joda.time.TestDateMidnight_Basics#testToDateTimeISO
3606,org.joda.time.TestDateMidnight_Properties#testPropertyRoundFloorMonthOfYear
3607,org.joda.time.chrono.TestJulianChronology#testEquality
3608,org.joda.time.TestSerialization#testSerializedISOChronology
3609,org.joda.time.TestInstant_Basics#testToMutableDateTime_Chronology
3610,org.joda.time.format.TestPeriodFormatterBuilder#testFormatPrintZeroRarelyFirstDays
3611,org.joda.time.TestInstant_Basics#testIsBefore_RI
3612,org.joda.time.TestDateTimeZoneCutover#test_DateTime_withHourZero_Gaza
3613,org.joda.time.TestInterval_Basics#testContains_long
3614,org.joda.time.format.TestISODateTimeFormatParsing#test_basicTimeNoMillis
3615,org.joda.time.TestLocalDateTime_Properties#testPropertyAddWrapFieldToCopyHour
3616,org.joda.time.TestParseISO#testSpecTimeComplete
3617,org.joda.time.TestMutableInterval_Updates#testSetEndMillis_long2
3618,org.joda.time.TestMutablePeriod_Constructors#testConstructor_RI_RD_PeriodType1
3619,org.joda.time.TestMutableInterval_Constructors#testConstructor_RP_RI4
3620,org.joda.time.TestMutableDateTime_Sets#testSetDayOfYear_int1
3621,org.joda.time.TestParseISO#testSpecWeekReducedPrecision
3622,org.joda.time.TestLocalDateTime_Basics#testMinus_RP
3623,org.joda.time.TestDateTimeZoneCutover#test_MoscowIsCorrect_Autumn
3624,org.joda.time.field.TestPreciseDateTimeField#test_convertText
3625,org.joda.time.TestDateTime_Properties#testPropertyCompareToDayOfYear
3626,org.joda.time.TestPeriod_Constructors#testConstructor_long_Chronology1
3627,org.joda.time.TestLocalDate_Constructors#testConstructor_Object_DateTimeZone
3628,org.joda.time.TestTimeOfDay_Basics#testPlusHours_int
3629,org.joda.time.convert.TestNullConverter#testGetChronology_Object_Zone
3630,org.joda.time.TestDateTime_Basics#testToDateTime_DateTimeZone
3631,org.joda.time.TestMonthDay_Basics#testIsAfter_MD
3632,org.joda.time.TestLocalTime_Constructors#testConstructor_Chronology
3633,org.joda.time.TestYearMonth_Properties#testPropertyAddMonth
3634,org.joda.time.TestLocalTime_Basics#testMinusSeconds_int
3635,org.joda.time.TestDateTime_Basics#testSerialization
3636,org.joda.time.TestLocalDate_Basics#testWithers
3637,org.joda.time.TestMonthDay_Constructors#testConstructor_ObjectString4
3638,org.joda.time.TestMutablePeriod_Constructors#testConstructor_Object_PeriodType4
3639,org.joda.time.TestMutableDateTime_Sets#testSetMinuteOfDay_int2
3640,org.joda.time.TestParseISO#testSpecWeekExpandedYWD
3641,org.joda.time.TestLocalTime_Basics#testPlusHours_int
3642,org.joda.time.TestDateTimeConstants#testConstructor
3643,org.joda.time.TestLocalDate_Basics#testToDateTime_LocalTime_Zone
3644,org.joda.time.TestInstant_Constructors#testConstructor_badconverterObject
3645,org.joda.time.TestMutableDateTime_Properties#testPropertyGetDayOfYear
3646,org.joda.time.TestYears#testSerialization
3647,org.joda.time.TestYearMonth_Basics#testWithChronologyRetainFields_nullChrono
3648,org.joda.time.chrono.TestGJChronology#testCutoverAddWeeks
3649,org.joda.time.convert.TestStringConverter#testSetIntoInterval_Object_Chronology3
3650,org.joda.time.TestDateTime_Constructors#testConstructor_int_int_int_int_int_int_DateTimeZone
3651,org.joda.time.TestYearMonthDay_Basics#testToDateTime_TOD_Zone
3652,org.joda.time.TestInterval_Constructors#testConstructor_RI_RP8
3653,org.joda.time.TestPeriod_Basics#testToString_nullPeriodFormatter
3654,org.joda.time.TestDateMidnight_Constructors#testConstructor_badconverterObject_DateTimeZone
3655,org.joda.time.TestTimeOfDay_Basics#testWithField1
3656,org.joda.time.TestMutablePeriod_Constructors#testConstructor_long_PeriodType_Chronology2
3657,org.joda.time.field.TestBaseDateTimeField#test_roundFloor_long
3658,org.joda.time.TestDateTime_Basics#testToDateTimeISO
3659,org.joda.time.TestInterval_Basics#testContains_RInterval_zeroDuration
3660,org.joda.time.TestDateTimeFieldType#test_centuryOfEra
3661,org.joda.time.field.TestPreciseDurationDateTimeField#test_getDifference_long_long
3662,org.joda.time.TestPeriod_Basics#testToString
3663,org.joda.time.TestMutablePeriod_Constructors#testConstructor_RI_RI_PeriodType3
3664,org.joda.time.TestMonthDay_Basics#testWithFieldAdded
3665,org.joda.time.TestDateTime_Properties#testPropertyAddWrapFieldMonthOfYear
3666,org.joda.time.TestDateTimeComparator#testDOY
3667,org.joda.time.TestMinutes#testFactory_minutesBetween_RPartial
3668,org.joda.time.chrono.TestJulianChronology#testDateFields
3669,org.joda.time.format.TestISODateTimeFormatParsing#test_dateTime
3670,org.joda.time.TestLocalTime_Basics#testGetFieldType_int
3671,org.joda.time.TestPeriodType#testForFields3
3672,org.joda.time.TestTimeOfDay_Constructors#testConstructor_int_int_Chronology
3673,org.joda.time.TestInstant_Basics#testIsAfter_RI
3674,org.joda.time.format.TestPeriodFormatterBuilder#testFormatPrefixSuffix
3675,org.joda.time.TestPeriodType#testForFields1
3676,org.joda.time.TestSerialization#testSerializedGJChronologyChangedInternals
3677,org.joda.time.TestMutablePeriod_Updates#testSetDays
3678,org.joda.time.TestMutablePeriod_Constructors#testConstructor_long_long2
3679,org.joda.time.TestSerialization#testSerializedGJChronology
3680,org.joda.time.TestYearMonthDay_Constructors#testConstructor_nullChronology
3681,org.joda.time.TestParseISO#testSpecWeekTruncatedYWD
3682,org.joda.time.format.TestPeriodFormat#test_wordBased_pt_FormatOneField
3683,org.joda.time.convert.TestReadableDurationConverter#testSingleton
3684,org.joda.time.TestLocalTime_Constructors#testConstructor_int_int_int_int
3685,org.joda.time.TestInterval_Constructors#testConstructor_RD_RI1
3686,org.joda.time.TestDateMidnight_Constructors#testConstructor_nullDateTimeZone
3687,org.joda.time.TestMutableInterval_Constructors#testConstructor_long_long_Chronology2
3688,org.joda.time.TestMutablePeriod_Updates#testSet_Field
3689,org.joda.time.TestPeriod_Constructors#testConstructor_long_PeriodType1
3690,org.joda.time.TestLocalDateTime_Constructors#testConstructor_int_int_int_int_int
3691,org.joda.time.TestYearMonthDay_Constructors#testConstructor_DateTimeZone
3692,org.joda.time.TestDateTimeComparator#testListTime
3693,org.joda.time.TestMutableInterval_Updates#testSetStart_RI2
3694,org.joda.time.convert.TestReadableIntervalConverter#testGetPeriodType_Object
3695,org.joda.time.field.TestBaseDateTimeField#test_add_long_int
3696,org.joda.time.TestMutablePeriod_Constructors#testConstructor_long_Chronology3
3697,org.joda.time.TestDateTime_Properties#testPropertyRoundHalfCeilingHourOfDay
3698,org.joda.time.TestPeriod_Constructors#testConstructor_long_long_PeriodType1
3699,org.joda.time.field.TestOffsetDateTimeField#test_convertText
3700,org.joda.time.convert.TestStringConverter#testGetInstantMillis_Object_Chronology
3701,org.joda.time.TestYears#testPlus_int
3702,org.joda.time.convert.TestReadableInstantConverter#testGetChronology_Object_Zone
3703,org.joda.time.chrono.TestGJChronology#testWithUTC
3704,org.joda.time.TestLocalDateTime_Basics#testMinusWeeks_int
3705,org.joda.time.TestYearMonth_Basics#testWithChronologyRetainFields_Chrono
3706,org.joda.time.format.TestDateTimeFormatter#testParseDateTime_simple
3707,org.joda.time.TestLocalTime_Properties#testPropertySetTextMilli
3708,org.joda.time.TestInterval_Basics#testToInterval1
3709,org.joda.time.TestYears#testGetMethods
3710,org.joda.time.TestInstant_Basics#testIsEqual_RI
3711,org.joda.time.TestPeriod_Constructors#testFactoryMillis
3712,org.joda.time.chrono.TestBuddhistChronology#testTimeFields
3713,org.joda.time.TestLocalTime_Properties#testPropertySetMinute
3714,org.joda.time.chrono.TestBuddhistChronology#testFactory_Zone
3715,org.joda.time.TestDurationFieldType#test_weekyears
3716,org.joda.time.TestDateTime_Basics#testWithZone_DateTimeZone
3717,org.joda.time.TestLocalDateTime_Basics#testProperty
3718,org.joda.time.TestInterval_Constructors#testConstructor_RI_RD4
3719,org.joda.time.TestLocalTime_Properties#testPropertyPlusNoWrapHour
3720,org.joda.time.TestInterval_Constructors#testConstructor_Object4
3721,org.joda.time.TestDuration_Basics#testToStandardDays_overflow
3722,org.joda.time.TestDuration_Basics#testMutableDuration
3723,org.joda.time.field.TestPreciseDurationField#test_getUnitMillis
3724,org.joda.time.TestYearMonth_Basics#testSize
3725,org.joda.time.TestYearMonth_Basics#testToString
3726,org.joda.time.TestDuration_Basics#testMinus_RD1
3727,org.joda.time.TestDateMidnight_Basics#testPlus_RP
3728,org.joda.time.TestDateMidnight_Properties#testPropertyAddMonthOfYear
3729,org.joda.time.TestYearMonth_Constructors#testConstructor_nullDateTimeZone
3730,org.joda.time.chrono.TestIslamicChronology#testHabashAlHasibBasedLeapYear
3731,org.joda.time.field.TestOffsetDateTimeField#test_toString
3732,org.joda.time.TestSeconds#testMinus_Seconds
3733,org.joda.time.TestLocalDate_Constructors#testConstructor_ObjectString3
3734,org.joda.time.chrono.TestGJChronology#testFactoryUTC
3735,org.joda.time.TestMonths#testFactory_monthsBetween_RInstant
3736,org.joda.time.field.TestPreciseDurationDateTimeField#test_addWrapField_long_int
3737,org.joda.time.TestDurationFieldType#test_millis
3738,org.joda.time.TestMutableDateTime_Constructors#testConstructor_invalidObject_Chronology
3739,org.joda.time.TestDateTimeFieldType#test_hourOfHalfday
3740,org.joda.time.TestLocalDate_Basics#testToDateTimeAtCurrentTime_nullZone
3741,org.joda.time.TestDateTimeUtils#testSystemMillisSecurity
3742,org.joda.time.TestDateTimeZoneCutover#test_DateTime_plusHour_Gaza
3743,org.joda.time.TestInterval_Basics#testContains_RI
3744,org.joda.time.field.TestOffsetDateTimeField#test_getName
3745,org.joda.time.TestLocalDate_Basics#testProperty
3746,org.joda.time.TestLocalTime_Properties#testPropertyPlusMilli
3747,org.joda.time.TestLocalTime_Basics#testProperty
3748,org.joda.time.TestTimeOfDay_Basics#testMinusMillis_int
3749,org.joda.time.TestMutableDateTime_Properties#testPropertyAddYear
3750,org.joda.time.chrono.TestLenientChronology#test_lenientChrononolgy_Turk
3751,org.joda.time.convert.TestStringConverter#testSetIntoIntervalEx_Object_Chronology4
3752,org.joda.time.TestDateTime_Constructors#testConstructor_nullChronology
3753,org.joda.time.format.TestDateTimeFormat#testFormat_zoneAmount
3754,org.joda.time.TestLocalDate_Basics#testGetValue_int
3755,org.joda.time.TestDateTime_Basics#testIsBeforeNow
3756,org.joda.time.TestLocalTime_Basics#testWithFieldAdded_DurationFieldType_int_1
3757,org.joda.time.TestPeriod_Basics#testToStandardWeeks_years
3758,org.joda.time.TestDateTime_Properties#testPropertyAddMonthOfYear
3759,org.joda.time.TestDuration_Constructors#testConstructor_long_long1
3760,org.joda.time.format.TestISODateTimeFormat_Fields#testForFields_time_HMSm
3761,org.joda.time.TestWeeks#testFactory_parseWeeks_String
3762,org.joda.time.TestPeriod_Basics#testGet
3763,org.joda.time.format.TestPeriodFormatterBuilder#testFormatSuffixSimple2
3764,org.joda.time.TestDateMidnight_Properties#testPropertyGetCenturyOfEra
3765,org.joda.time.TestMutablePeriod_Constructors#testConstructor_long_long_Chronology1
3766,org.joda.time.TestWeeks#testAddToLocalDate
3767,org.joda.time.TestDateTimeComparator#testBasicComps5
3768,org.joda.time.TestYearMonth_Basics#testToDateTime_RI
