rank,test
1,org.joda.time.TestMutablePeriod_Constructors#testConstructor_PeriodType1
2,org.joda.time.format.TestDateTimeFormat#testFormat_zoneAmount
3,org.joda.time.field.TestBaseDateTimeField#test_set_long_String
4,org.joda.time.convert.TestReadableInstantConverter#testGetInstantMillis_Object_Chronology
5,org.joda.time.TestDateTime_Properties#testPropertySetTextWeekOfWeekyear
6,org.joda.time.TestLocalDateTime_Basics#testGetFieldType_int
7,org.joda.time.TestPeriod_Basics#testToMutablePeriod
8,org.joda.time.chrono.TestCopticChronology#testEquality
9,org.joda.time.format.TestDateTimeFormat#testFormatParse_zoneId_noColon
10,org.joda.time.TestYears#testSerialization
11,org.joda.time.TestMutableDateTime_Adds#testAddMinutes_int1
12,org.joda.time.field.TestPreciseDateTimeField#test_roundHalfFloor_long
13,org.joda.time.TestDateTime_Constructors#testConstructor_long1_DateTimeZone
14,org.joda.time.TestMutableDateTime_Constructors#testTest
15,org.joda.time.format.TestDateTimeFormat#testFormat_year_long
16,org.joda.time.TestLocalDate_Properties#testPropertyWithMinimumValueDayOfMonth
17,org.joda.time.TestDateMidnight_Basics#testMinusMonths_int
18,org.joda.time.TestLocalDateTime_Basics#testSize
19,org.joda.time.TestPeriodType#testForFields3
20,org.joda.time.TestDateTimeUtils#testGetIntervalChronology_RInterval
21,org.joda.time.field.TestBaseDateTimeField#test_getAsText_int_Locale
22,org.joda.time.TestDateTimeZoneCutover#test_DateTime_roundCeiling_hourOfDay_NewYork_Autumn_preCutover
23,org.joda.time.TestDateTime_Properties#testPropertyGetYear
24,org.joda.time.TestDateTimeZoneCutover#test_DateTime_roundFloor_day_NewYork_Spring_postCutover
25,org.joda.time.TestPartial_Constructors#testConstructorEx5_TypeArray_intArray
26,org.joda.time.TestYearMonthDay_Properties#testPropertyGetMaxMinValuesMonth
27,org.joda.time.TestLocalDate_Properties#testPropertyAddWrapFieldToCopyDay
28,org.joda.time.TestMutableDateTime_Properties#testPropertyAddWrapFieldYear
29,org.joda.time.TestLocalDate_Basics#testToDateTimeAtStartOfDay_Zone
30,org.joda.time.TestPeriod_Constructors#testConstructor_RP_RP5
31,org.joda.time.TestWeeks#testPlus_Weeks
32,org.joda.time.TestLocalDateTime_Properties#testPropertyRoundHour
33,org.joda.time.TestYears#testMinus_Years
34,org.joda.time.TestMutableDateTime_Constructors#testConstructor_badconverterObject
35,org.joda.time.TestInterval_Basics#testContainsNow
36,org.joda.time.TestPeriod_Constructors#testConstructor_long_PeriodType2
37,org.joda.time.TestDateMidnight_Constructors#testConstructor_badconverterObject_DateTimeZone
38,org.joda.time.TestYearMonthDay_Basics#testEqualsHashCode
39,org.joda.time.TestLocalTime_Constructors#testConstructor_ObjectTimeOfDay
40,org.joda.time.field.TestBaseDateTimeField#test_getAsText_RP_Locale
41,org.joda.time.TestYearMonthDay_Properties#testPropertySetTextYear
42,org.joda.time.TestBaseSingleFieldPeriod#testFactory_between_RInstant
43,org.joda.time.TestInterval_Constructors#testConstructor_RI_RP4
44,org.joda.time.TestTimeOfDay_Properties#testPropertyGetMaxMinValuesSecond
45,org.joda.time.TestYearMonth_Basics#testWithFieldAdded_zero
46,org.joda.time.TestInterval_Basics#testContains_RI_null
47,org.joda.time.TestMonthDay_Basics#testProperty
48,org.joda.time.TestDateTime_Constructors#testConstructor_int_int_int_int_int_int_int_DateTimeZone
49,org.joda.time.TestTimeOfDay_Basics#testWithFieldAdded7
50,org.joda.time.field.TestBaseDateTimeField#test_addWrapField_long_int
51,org.joda.time.TestMutableInterval_Constructors#testConstructor_long_long_Chronology1
52,org.joda.time.TestMutablePeriod_Basics#testClone
53,org.joda.time.format.TestISODateTimeFormat_Fields#testForFields_calBased_YD
54,org.joda.time.TestPartial_Match#testIsMatch_Partial
55,org.joda.time.TestPartial_Basics#testGetFieldType
56,org.joda.time.TestSeconds#testIsLessThan
57,org.joda.time.TestMutableInterval_Basics#testClone
58,org.joda.time.TestMutablePeriod_Updates#testAddDays
59,org.joda.time.TestLocalDate_Basics#testGetFieldType_int
60,org.joda.time.TestLocalTime_Basics#testWithFieldAdded_DurationFieldType_int_1
61,org.joda.time.TestMinutes#testToStandardDuration
62,org.joda.time.TestPeriod_Basics#testToDurationTo
63,org.joda.time.TestPeriod_Basics#testWithFieldAdded1
64,org.joda.time.format.TestISODateTimeFormat#testFormat_date
65,org.joda.time.format.TestPeriodFormatterBuilder#testFormatSuffixSimple2
66,org.joda.time.TestLocalDateTime_Basics#testToString
67,org.joda.time.format.TestISODateTimeFormat_Fields#testForFields_calBased_Y
68,org.joda.time.convert.TestStringConverter#testSetIntoInterval_Object_Chronology7
69,org.joda.time.TestYearMonth_Basics#testWithChronologyRetainFields_Chrono
70,org.joda.time.TestBaseSingleFieldPeriod#testGet
71,org.joda.time.TestLocalDateTime_Constructors#testConstructor_Object_nullDateTimeZone
72,org.joda.time.TestMutableInterval_Constructors#testConstructor_RI_RP3
73,org.joda.time.TestLocalDate_Basics#testToDateTime_LocalTime_Zone
74,org.joda.time.TestPeriod_Basics#testNormalizedStandard_periodType_yearMonth2
75,org.joda.time.TestTimeOfDay_Properties#testPropertyAddWrapFieldMinute
76,org.joda.time.convert.TestConverterManager#testGetIntervalConverters
77,org.joda.time.chrono.TestISOChronology#testWithUTC
78,org.joda.time.TestPeriod_Basics#testToStandardDays
79,org.joda.time.TestMutableDateTime_Constructors#testConstructor_Object_nullDateTimeZone
80,org.joda.time.TestLocalDateTime_Properties#testPropertyAddToCopyMonth
81,org.joda.time.TestInterval_Constructors#testConstructor_RI_RP7
82,org.joda.time.TestDateTime_Constructors#testConstructor_ObjectString6
83,org.joda.time.TestDateTime_Basics#testEqualsHashCode
84,org.joda.time.TestYearMonth_Properties#testPropertyEqualsHashCodeLenient
85,org.joda.time.TestPeriod_Basics#testToStandardDuration_years
86,org.joda.time.TestMutableDateTime_Sets#testSetTime_long1
87,org.joda.time.format.TestPeriodFormatter#testPrint_simple
88,org.joda.time.TestDateTime_Constructors#testConstructor_ObjectStringEx2
89,org.joda.time.TestMutablePeriod_Updates#testMergePeriod_RP5
90,org.joda.time.TestBaseSingleFieldPeriod#testFactory_standardPeriodIn_RPeriod
91,org.joda.time.TestMutableInterval_Constructors#testConstructor_long_long2
92,org.joda.time.TestDateTimeUtils#testClass
93,org.joda.time.TestLocalDateTime_Properties#testPropertyCompareToMinute
94,org.joda.time.TestInterval_Basics#testToPeriod
95,org.joda.time.TestMutablePeriod_Updates#testSetPeriod_RP2
96,org.joda.time.format.TestDateTimeFormatter#testParseMillis_fractionOfSecondLong
97,org.joda.time.TestPeriodType#testMaskHoursMinutesSeconds
98,org.joda.time.field.TestOffsetDateTimeField#test_remainder_long
99,org.joda.time.TestYearMonthDay_Basics#testToInterval_Zone
100,org.joda.time.TestMutableDateTime_Properties#testPropertySetWeekOfWeekyear
101,org.joda.time.TestMutablePeriod_Constructors#testConstructor_long_long1
102,org.joda.time.TestYearMonthDay_Properties#testPropertyAddWrapFieldYear
103,org.joda.time.TestLocalTime_Properties#testPropertyWithMaxMinValueHour
104,org.joda.time.TestInterval_Basics#testSerialization
105,org.joda.time.TestMonths#testFactory_months_int
106,org.joda.time.TestMutablePeriod_Constructors#testConstructor_Object_Chronology2
107,org.joda.time.TestMutableDateTime_Properties#testPropertySetTextDayOfWeek
108,org.joda.time.format.TestISODateTimeFormat#testFormat_time_partial
109,org.joda.time.TestLocalDateTime_Constructors#testConstructor_ObjectLocalDate
110,org.joda.time.TestMutableDateTime_Properties#testPropertyGetWeekyear
111,org.joda.time.TestMonthDay_Properties#testPropertyGetDayOfMonth
112,org.joda.time.TestYearMonth_Properties#testPropertySetYear
113,org.joda.time.TestMutableDateTime_Properties#testPropertyGetDayOfMonth
114,org.joda.time.TestLocalDateTime_Properties#testPropertyAddWrapFieldToCopyMilli
115,org.joda.time.format.TestISODateTimeFormatParsing#test_date
116,org.joda.time.TestMutablePeriod_Constructors#testConstructor_long_long_PeriodType1
117,org.joda.time.TestWeeks#testGetFieldType
118,org.joda.time.TestLocalDate_Properties#testPropertySetCopyTextMonth
119,org.joda.time.TestPeriod_Basics#testIsSupported
120,org.joda.time.convert.TestReadablePeriodConverter#testSetInto_Object
121,org.joda.time.TestDuration_Constructors#testFactory_standardSeconds_long
122,org.joda.time.TestMutableDateTime_Basics#testGetMethods
123,org.joda.time.TestDuration_Basics#testWithDurationAdded_RD_int2
124,org.joda.time.TestMutableDateTime_Sets#testSetDayOfMonth_int2
125,org.joda.time.TestBaseSingleFieldPeriod#testCompareTo
126,org.joda.time.TestMutablePeriod_Updates#testAdd_RInterval5
127,org.joda.time.TestParseISO#testSpecOrdinalComplete
128,org.joda.time.TestWeeks#testFactory_weeksBetween_RInstant
129,org.joda.time.TestMutableDateTime_Sets#testSetDate_RI2
130,org.joda.time.TestMinutes#testMinus_Minutes
131,org.joda.time.format.TestISOPeriodFormatParsing#testParseStandard10
132,org.joda.time.field.TestPreciseDurationDateTimeField#test_getMinimumValue_RP
133,org.joda.time.TestLocalDateTime_Properties#testPropertyGetYear
134,org.joda.time.TestYearMonth_Basics#testGetValue
135,org.joda.time.TestLocalDateTime_Basics#testWithFieldAdded_DurationFieldType_int_2
136,org.joda.time.TestInterval_Basics#testWithEndInstant_RI3
137,org.joda.time.TestDays#testDividedBy_int
138,org.joda.time.TestPeriodType#testYearWeekDayTime
139,org.joda.time.TestLocalDate_Basics#testToDateMidnight_Zone
140,org.joda.time.TestYearMonthDay_Basics#testToLocalDate
141,org.joda.time.TestHours#testMultipliedBy_int
142,org.joda.time.TestDateTime_Properties#testPropertyGetSecondOfMinute
143,org.joda.time.TestMonths#testFactory_parseMonths_String
144,org.joda.time.TestYearMonth_Basics#testToDateTime_RI
145,org.joda.time.TestMutableInterval_Constructors#testConstructor_RP_RI5
146,org.joda.time.TestDateTimeFieldType#test_dayOfWeek
147,org.joda.time.convert.TestStringConverter#testSetIntoInterval_Object_Chronology4
148,org.joda.time.TestMutablePeriod_Updates#testAddMinutes
149,org.joda.time.TestLocalTime_Properties#testPropertySetTextSecond
150,org.joda.time.TestDateTimeZone#testPatchedNameKeysLondon
151,org.joda.time.field.TestPreciseDurationField#test_compareTo
152,org.joda.time.TestYearMonthDay_Basics#testWithFieldAdded4
153,org.joda.time.TestYearMonthDay_Basics#testProperty
154,org.joda.time.convert.TestNullConverter#testIsReadableInterval_Object_Chronology
155,org.joda.time.convert.TestStringConverter#testSetIntoInterval_Object_Chronology2
156,org.joda.time.TestDateTimeZone#testForOffsetHours_int
157,org.joda.time.TestLocalTime_Constructors#testConstructor_long_DateTimeZone
158,org.joda.time.TestYearMonthDay_Constructors#testConstructor_ObjectString5
159,org.joda.time.TestInterval_Basics#test_useCase_ContainsOverlapAbutGap_bothZeroDuration
160,org.joda.time.TestMutableDateTime_Adds#testAdd_RD_int2
161,org.joda.time.TestYearMonthDay_Properties#testPropertyEqualsHashCodeStrict
162,org.joda.time.TestTimeOfDay_Basics#testIsBefore_TOD
163,org.joda.time.TestDateTime_Basics#testIsBefore_RI
164,org.joda.time.TestYearMonthDay_Basics#testMinus_RP
165,org.joda.time.TestPeriodType#testMaskYears
166,org.joda.time.format.TestISODateTimeFormatParsing#test_basicOrdinalDate
167,org.joda.time.TestMutablePeriod_Updates#testSetPeriod_long_long_NoMillis
168,org.joda.time.TestDateTime_Basics#testIsEqualNow
169,org.joda.time.TestPartial_Constructors#testConstructor2_TypeArray_intArray
170,org.joda.time.TestTimeOfDay_Constructors#testConstructor_Object_nullChronology
171,org.joda.time.TestPartial_Basics#testIsSupported
172,org.joda.time.TestYearMonthDay_Basics#testMinusDays_int
173,org.joda.time.convert.TestConverterManager#testRemoveDurationConverter1
174,org.joda.time.TestMutableInterval_Updates#testSetEnd_RI2
175,org.joda.time.TestDateTime_Properties#testPropertyGetWeekOfWeekyear
176,org.joda.time.TestYearMonthDay_Basics#testPlus_RP
177,org.joda.time.TestTimeOfDay_Constructors#testFactory_FromDateFields_before1970
178,org.joda.time.field.TestOffsetDateTimeField#test_getMinimumValue_long
179,org.joda.time.format.TestDateTimeFormatterBuilder#test_toFormatter
180,org.joda.time.convert.TestStringConverter#testSetIntoPeriod_Object3
181,org.joda.time.TestMonthDay_Properties#testPropertySetMonthOfYear
182,org.joda.time.TestDateTime_Basics#testWithChronology_Chronology
183,org.joda.time.TestPeriod_Basics#testNormalizedStandard_periodType_weekDay3
184,org.joda.time.TestPartial_Basics#testIsEqual_TOD
185,org.joda.time.TestDateTime_Basics#testToLocalDate
186,org.joda.time.TestDateTime_Basics#testGet_DateTimeFieldType
187,org.joda.time.TestInterval_Constructors#testConstructor_RI_RI_chronoStart
188,org.joda.time.format.TestISODateTimeFormat_Fields#testForFields_weekBased_YD
189,org.joda.time.chrono.TestISOChronology#testMaxYear
190,org.joda.time.TestDateTimeFieldType#test_weekOfWeekyear
191,org.joda.time.TestDateTimeZoneCutover#test_MutableDateTime_setZoneRetainFields_Turk
192,org.joda.time.TestMinutes#testNegated
193,org.joda.time.TestDateMidnight_Constructors#testConstructor_int_int_int
194,org.joda.time.TestPartial_Constructors#testConstructor_Type_int_Chrono
195,org.joda.time.format.TestISODateTimeFormat#testFormat_basicWeekDateTime
196,org.joda.time.TestLocalTime_Basics#testProperty
197,org.joda.time.TestTimeOfDay_Constructors#testConstructor_ObjectString1
198,org.joda.time.field.TestOffsetDateTimeField#test_getName
199,org.joda.time.field.TestOffsetDateTimeField#test_getAsText_RP_int_Locale
200,org.joda.time.TestMutablePeriod_Constructors#testConstructor_8int1
201,org.joda.time.TestLocalDateTime_Constructors#testConstructor_nullChronology
202,org.joda.time.TestLocalTime_Constructors#testConstructor_ObjectLocalDate
203,org.joda.time.chrono.TestEthiopicChronology#testSampleDateWithZone
204,org.joda.time.chrono.TestIslamicChronology#testIndianBasedLeapYear
205,org.joda.time.TestInterval_Basics#testWithEndInstant_RI2
206,org.joda.time.format.TestISODateTimeFormat#testFormat_hourMinuteSecondFraction
207,org.joda.time.field.TestBaseDateTimeField#test_getMinimumValue_RP
208,org.joda.time.field.TestMillisDurationField#test_getUnitMillis
209,org.joda.time.field.TestPreciseDurationDateTimeField#test_getMaximumTextLength_Locale
210,org.joda.time.TestDays#testGetMethods
211,org.joda.time.TestDateTimeFieldType#test_secondOfDay
212,org.joda.time.convert.TestStringConverter#testGetInstantMillisInvalid
213,org.joda.time.chrono.TestBuddhistChronology#testEra
214,org.joda.time.chrono.TestISOChronology#testWithZone
215,org.joda.time.format.TestPeriodFormatter#testPrint_writerMethods
216,org.joda.time.TestMutableDateTime_Constructors#testConstructor_Object_Chronology
217,org.joda.time.TestDays#testMinus_int
218,org.joda.time.TestDateTime_Constructors#testConstructor_int_int_int_int_int_Chronology
219,org.joda.time.TestMutableDateTime_Constructors#testConstructor_badconverterObject_Chronology
220,org.joda.time.chrono.TestISOChronology#testTimeOfDayAdd
221,org.joda.time.TestMinutes#testToStandardDays
222,org.joda.time.TestYearMonthDay_Constructors#testConstructor_ObjectString3
223,org.joda.time.TestDateTimeZoneCutover#test_DateTime_roundCeiling_minute_NewYork_Spring_preCutover
224,org.joda.time.TestTimeOfDay_Constructors#testConstructor_nullObject_nullChronology
225,org.joda.time.field.TestPreciseDurationDateTimeField#test_getMaximumValue_RP_intarray
226,org.joda.time.TestTimeOfDay_Basics#testWithField3
227,org.joda.time.convert.TestStringConverter#testSupportedType
228,org.joda.time.TestDateTime_Properties#testPropertyGetMaxMinValuesDayOfYear
229,org.joda.time.TestDateTimeZone#testNameProviderSecurity
230,org.joda.time.TestDateTimeZoneCutover#test_DateTime_roundFloor_secondOfMinute_NewYork_Autumn_postCutover
231,org.joda.time.TestLocalTime_Basics#testWithFieldAdded_DurationFieldType_int_4
232,org.joda.time.format.TestISODateTimeFormat_Fields#testForFields_time_MS
233,org.joda.time.TestSerialization#testSerializedInstant
234,org.joda.time.TestTimeOfDay_Properties#testPropertyAddMinute
235,org.joda.time.TestTimeOfDay_Basics#testPlus_RP
236,org.joda.time.format.TestDateTimeFormat#testFormatParse_textMonthJanLongUpperCase_UK
237,org.joda.time.TestInstant_Basics#testToDateTime_DateTimeZone
238,org.joda.time.TestPeriod_Basics#testWithFieldAdded3
239,org.joda.time.convert.TestConverterSet#testBigHashtable
240,org.joda.time.TestLocalDateTime_Properties#testPropertyGetMaxMinValuesMinute
241,org.joda.time.TestMonthDay_Basics#testToString_String
242,org.joda.time.TestMutablePeriod_Basics#testToString
243,org.joda.time.TestMutablePeriod_Updates#testSetMonths
244,org.joda.time.TestMutablePeriod_Updates#testSetPeriod_long_long_NoSeconds
245,org.joda.time.TestPeriod_Constructors#testConstructor_long_PeriodType3
246,org.joda.time.TestInterval_Constructors#testConstructor_RP_RI7
247,org.joda.time.convert.TestConverterManager#testGetPeriodConverterRemovedNull
248,org.joda.time.field.TestScaledDurationField#test_add_long_long
249,org.joda.time.format.TestISODateTimeFormat#testFormat_dateHour
250,org.joda.time.TestPeriod_Basics#testWithFields3
251,org.joda.time.TestTimeOfDay_Constructors#testConstructor_ObjectString6
252,org.joda.time.TestMutableDateTime_Sets#testSetZone_DateTimeZone1
253,org.joda.time.TestLocalDate_Constructors#testConstructor_nullObject_nullDateTimeZone
254,org.joda.time.TestDateMidnight_Basics#testPlusDays_int
255,org.joda.time.field.TestPreciseDateTimeField#test_getAsShortText_long_Locale
256,org.joda.time.TestDuration_Basics#testToPeriod_PeriodType_Chronology
257,org.joda.time.TestYears#testMinus_int
258,org.joda.time.TestMonthDay_Constructors#testConstructor_DateTimeZone
259,org.joda.time.format.TestPeriodFormatterBuilder#testFormatPrintZeroRarelyFirstSeconds
260,org.joda.time.TestDateTimeFieldType#test_halfdayOfDay
261,org.joda.time.TestMonthDay_Basics#testWithField_unknownField
262,org.joda.time.TestYearMonth_Basics#testToString_String_Locale
263,org.joda.time.TestLocalDateTime_Properties#testPropertyCompareToMilli
264,org.joda.time.format.TestDateTimeFormat#testFormat_shortBasicParse
265,org.joda.time.TestTimeOfDay_Basics#testGet
266,org.joda.time.TestMutablePeriod_Updates#testSetWeeks
267,org.joda.time.TestMutableInterval_Updates#testSetInterval_RInterval1
268,org.joda.time.TestInterval_Constructors#testConstructor_RI_RD3
269,org.joda.time.TestChronology#testTest
270,org.joda.time.field.TestPreciseDurationDateTimeField#test_getAsShortText_int_Locale
271,org.joda.time.TestMutablePeriod_Constructors#testConstructor_8int__PeriodType3
272,org.joda.time.TestLocalDateTime_Basics#testToDate_springDST_2Hour40Savings
273,org.joda.time.TestDateTimeZoneCutover#test_DateTime_new_Turk
274,org.joda.time.TestYearMonth_Basics#testPlusYears_int
275,org.joda.time.format.TestISODateTimeFormat#testFormat_basicTTime
276,org.joda.time.format.TestPeriodFormatterBuilder#testFormatSecondsWithOptionalMillis
277,org.joda.time.TestMinutes#testFactory_minutesBetween_RInstant
278,org.joda.time.TestLocalDateTime_Basics#testToString_String
279,org.joda.time.TestPartial_Basics#testGetFormatter3
280,org.joda.time.convert.TestConverterManager#testAddDurationConverter3
281,org.joda.time.format.TestPeriodFormat#test_wordBased_pt_formatStandard
282,org.joda.time.TestParseISO#testSpecWeekTruncatedYWD
283,org.joda.time.format.TestDateTimeFormatStyle#testForStyle_mediumFullDateTime
284,org.joda.time.format.TestDateTimeFormatter#testZoneShortNameNearTransition
285,org.joda.time.TestLocalTime_Basics#testToDateTime_nullRI
286,org.joda.time.TestSeconds#testMultipliedBy_int
287,org.joda.time.TestMutableInterval_Constructors#testConstructor
288,org.joda.time.TestPartial_Basics#testWithFieldAdded3
289,org.joda.time.TestPeriod_Basics#testWithPeriodType2
290,org.joda.time.TestDateMidnight_Constructors#testConstructor_nullObject
291,org.joda.time.TestPartial_Properties#testPropertyCompareToHour
292,org.joda.time.TestPeriod_Basics#testGetMethods
293,org.joda.time.TestDuration_Constructors#testFactory_standardHours_long
294,org.joda.time.field.TestOffsetDateTimeField#test_getAsText_long
295,org.joda.time.TestPartial_Basics#testWithFieldAddWrapped5
296,org.joda.time.TestTimeOfDay_Constructors#testFactoryMillisOfDay_long1
297,org.joda.time.TestLocalDateTime_Properties#testPropertyGetMaxMinValuesSecond
298,org.joda.time.TestDateMidnight_Basics#testToCalendar_Locale
299,org.joda.time.TestLocalTime_Properties#testPropertySetTextMilli
300,org.joda.time.TestDateMidnight_Basics#testPlus_RD
301,org.joda.time.TestMutablePeriod_Updates#testSetHours
302,org.joda.time.TestPartial_Basics#testEqualsHashCode
303,org.joda.time.TestDateTimeZoneCutover#test_DateTime_plusHour_Turk
304,org.joda.time.format.TestPeriodFormatterBuilder#testFormatSeparatorIfFieldsBefore
305,org.joda.time.TestMutableInterval_Updates#testSetEnd_RI1
306,org.joda.time.TestLocalDate_Constructors#testConstructor_int_int_int
307,org.joda.time.TestDateTimeZone#testDefault
308,org.joda.time.TestPeriod_Basics#testToStandardSeconds_years
309,org.joda.time.TestHours#testToStandardWeeks
310,org.joda.time.TestDateTimeZone#testPatchedNameKeysSydney
311,org.joda.time.TestMutableDateTime_Sets#testSetSecondOfMinute_int1
312,org.joda.time.TestPeriodType#testWeeks
313,org.joda.time.TestMutableDateTime_Properties#testPropertyGetYearOfEra
314,org.joda.time.format.TestPeriodFormat#test_wordBased_es_parseTwoFields
315,org.joda.time.TestDateTimeZoneCutover#test_DateTime_roundFloor_minute_NewYork_Spring_postCutover
316,org.joda.time.TestYearMonthDay_Basics#testToDateTime_nullTOD
317,org.joda.time.TestMonthDay_Basics#testWithFieldAdded_nullField_nonZero
318,org.joda.time.TestMutableDateTime_Constructors#testConstructor_int_int_int_int_int_int_int_Chronology
319,org.joda.time.TestLocalDate_Properties#testPropertyGetMaxMinValuesDay
320,org.joda.time.chrono.TestIslamicChronology#testEpoch
321,org.joda.time.TestMonths#testNegated
322,org.joda.time.TestDateTime_Properties#testPropertyAddLongDayOfWeek
323,org.joda.time.TestDurationFieldType#test_weekyears
324,org.joda.time.TestMutableDateTime_Basics#testToInstant
325,org.joda.time.format.TestISODateTimeFormat_Fields#testForFields_datetime_YMDH
326,org.joda.time.TestMutableDateTime_Sets#testSetMillis_RI1
327,org.joda.time.TestLocalDateTime_Constructors#testConstructor_ObjectString1
328,org.joda.time.TestDateMidnight_Basics#testToLocalDate
329,org.joda.time.TestMonthDay_Basics#testPlusMonths_int_adjust
330,org.joda.time.chrono.TestEthiopicChronology#testDateFields
331,org.joda.time.TestMutableInterval_Updates#testSetInterval_RI_RI4
332,org.joda.time.field.TestPreciseDateTimeField#test_getMinimumValue_RP_intarray
333,org.joda.time.TestSerialization#testSerializedGJChronologyChangedInternals
334,org.joda.time.convert.TestConverterManager#testGetInstantConverter
335,org.joda.time.format.TestDateTimeFormat#testParse_pivotYear
336,org.joda.time.TestPeriod_Basics#testPlusFieldsZero
337,org.joda.time.TestDateTimeFieldType#test_yearOfCentury
338,org.joda.time.format.TestISODateTimeFormat_Fields#testForFields_empty
339,org.joda.time.TestLocalDateTime_Basics#testWithField_DateTimeFieldType_int_1
340,org.joda.time.TestYearMonth_Constructors#testConstructor_ObjectStringEx2
341,org.joda.time.TestMutablePeriod_Updates#testAdd_long2
342,org.joda.time.TestTimeOfDay_Properties#testPropertyGetMaxMinValuesHour
343,org.joda.time.chrono.TestGJChronology#testEquality
344,org.joda.time.tz.TestCompiler#test_Amman_2004
345,org.joda.time.TestDateMidnight_Basics#testToString
346,org.joda.time.TestLocalDateTime_Properties#testPropertyEquals
347,org.joda.time.TestDuration_Constructors#testConstructor_Object4
348,org.joda.time.TestYears#testIsLessThan
349,org.joda.time.TestPartial_Basics#testWithField1
350,org.joda.time.format.TestDateTimeFormatterBuilder#test_toPrinter
351,org.joda.time.TestTimeOfDay_Basics#testMinusSeconds_int
352,org.joda.time.TestLocalTime_Basics#testGet_DateTimeFieldType
353,org.joda.time.field.TestScaledDurationField#test_getValueAsLong_long_long
354,org.joda.time.TestMutableInterval_Constructors#testConstructor_RP_RI6
355,org.joda.time.TestDateTime_Properties#testPropertyRoundFloorHourOfDay
356,org.joda.time.TestDateTimeZone#testGetMillisKeepLocal
357,org.joda.time.TestMutableDateTime_Constructors#testConstructor_long_nullDateTimeZone
358,org.joda.time.convert.TestStringConverter#testIsReadableInterval_Object_Chronology
359,org.joda.time.TestMutablePeriod_Updates#testAddMonths
360,org.joda.time.chrono.TestCopticChronology#testEra
361,org.joda.time.field.TestPreciseDurationField#test_isPrecise
362,org.joda.time.TestDateTimeZoneCutover#test_getOffsetFromLocal_NewYork_Autumn
363,org.joda.time.format.TestPeriodFormat#test_wordBased_de_parseOneField
364,org.joda.time.TestLocalTime_Basics#testWithFieldAdded_DurationFieldType_int_7
365,org.joda.time.TestMutableInterval_Constructors#testConstructor_RI_RI6
366,org.joda.time.TestDateTime_Basics#testPlus_RD
367,org.joda.time.format.TestISODateTimeFormat_Fields#testForFields_datetime_DM
368,org.joda.time.TestDateMidnight_Properties#testPropertyRoundHalfEvenMonthOfYear
369,org.joda.time.TestMutableDateTime_Adds#testAddSeconds_int1
370,org.joda.time.TestMonthDay_Basics#testGetField
371,org.joda.time.TestSeconds#testToString
372,org.joda.time.TestDateTime_Basics#testWithFields_RPartial
373,org.joda.time.TestWeeks#testSerialization
374,org.joda.time.TestDateTime_Basics#testWithFieldAdded4
375,org.joda.time.TestMutablePeriod_Updates#testSetPeriod_8ints4
376,org.joda.time.field.TestOffsetDateTimeField#test_constructor2
377,org.joda.time.TestMonthDay_Basics#testGetFieldType
378,org.joda.time.TestDateTimeZoneCutover#test_DateTime_plusDayMidGap_Gaza
379,org.joda.time.format.TestDateTimeFormatter#testParseMutableDateTime_zone3
380,org.joda.time.TestPeriodType#testMaskMonths
381,org.joda.time.TestInstant_Basics#testWithDurationAdded_long_int
382,org.joda.time.TestLocalDateTime_Constructors#testConstructor_Object_DateTimeZoneMoscow
383,org.joda.time.TestPartial_Basics#testToString_String
384,org.joda.time.TestPartial_Basics#testWithFieldAdded4
385,org.joda.time.convert.TestCalendarConverter#testGetChronology_Object_Zone
386,org.joda.time.TestLocalDate_Basics#testPlusDays_int
387,org.joda.time.format.TestISODateTimeFormat_Fields#testForFields_weekBased_D
388,org.joda.time.format.TestDateTimeFormatter#testParseLocalTime_simple
389,org.joda.time.TestYearMonth_Basics#testWithField_nullField
390,org.joda.time.chrono.TestJulianChronology#testDurationFields
391,org.joda.time.TestMutablePeriod_Updates#testSetPeriod_long_long3
392,org.joda.time.TestLocalDate_Properties#testPropertyWithMaximumValueDayOfMonth
393,org.joda.time.TestInterval_Basics#testWithStartMillis_long3
394,org.joda.time.TestLocalDate_Properties#testPropertyAddToCopyMonth
395,org.joda.time.TestPeriodType#testYearMonthDayTime
396,org.joda.time.TestLocalDate_Properties#testPropertyEqualsHashCodeStrict
397,org.joda.time.TestIllegalFieldValueException#testOtherConstructors
398,org.joda.time.TestDuration_Basics#testMinus_RD2
399,org.joda.time.format.TestISODateTimeFormat_Fields#testForFields_calBased_YMD_unmodifiable
400,org.joda.time.format.TestPeriodFormat#test_getDefault_parseTwoFields
401,org.joda.time.TestMutableDateTime_Basics#testClone
402,org.joda.time.TestMutableInterval_Basics#testGetMillis
403,org.joda.time.TestMutableDateTime_Basics#testEqualsHashCode
404,org.joda.time.format.TestPeriodFormat#test_wordBased_fr_parseTwoFields
405,org.joda.time.TestDateMidnight_Properties#testPropertyToIntervalMonthOfYear
406,org.joda.time.field.TestPreciseDateTimeField#test_getMaximumValue_long
407,org.joda.time.TestMutableDateTime_Properties#testPropertySetTextMonthOfYear
408,org.joda.time.TestDateTime_Constructors#testConstructor_nullObject
409,org.joda.time.TestYearMonthDay_Basics#testToDateTime_nullTOD_Zone
410,org.joda.time.TestMutablePeriod_Constructors#testConstructor_long_long_Chronology1
411,org.joda.time.TestLocalDateTime_Basics#testProperty
412,org.joda.time.TestLocalDate_Properties#testPropertyAddWrapFieldToCopyMonth
413,org.joda.time.format.TestDateTimeFormat#testFormat_monthOfYearShortText
414,org.joda.time.TestDurationField#test_subtract
415,org.joda.time.TestLocalDateTime_Constructors#testConstructor_Object_DateTimeZoneMoscowBadDateTime
416,org.joda.time.TestTimeOfDay_Basics#testWithChronologyRetainFields_nullChrono
417,org.joda.time.TestMutableDateTime_Constructors#testConstructor_int_int_int_int_int_int_int
418,org.joda.time.TestYearMonthDay_Basics#testWithFieldAdded2
419,org.joda.time.TestMutablePeriod_Updates#testAdd_RInterval4
420,org.joda.time.TestLocalDateTime_Properties#testPropertySetCopyTextDay
421,org.joda.time.TestPeriod_Constructors#testFactoryWeeks
422,org.joda.time.TestPeriod_Basics#testNormalizedStandard_yearMonth1
423,org.joda.time.format.TestISODateTimeFormat#testFormat_basicOrdinalDateTimeNoMillis
424,org.joda.time.TestLocalDate_Basics#testMinusWeeks_int
425,org.joda.time.field.TestBaseDateTimeField#test_roundCeiling_long
426,org.joda.time.TestMinutes#testToString
427,org.joda.time.convert.TestReadableIntervalConverter#testIsReadableInterval_Object_Chronology
428,org.joda.time.TestDateTime_Constructors#testConstructor_long1
429,org.joda.time.TestMutableInterval_Updates#testSetInterval_RI_RI3
430,org.joda.time.format.TestDateTimeFormat#testFormat_invalid
431,org.joda.time.TestDateMidnight_Basics#testToYearMonthDay
432,org.joda.time.TestPartial_Basics#testToDateTime_RI
433,org.joda.time.field.TestBaseDateTimeField#test_toString
434,org.joda.time.chrono.TestCopticChronology#testSampleDateWithZone
435,org.joda.time.TestLocalTime_Basics#testWithField_DateTimeFieldType_int_1
436,org.joda.time.TestBaseSingleFieldPeriod#testIsSupported
437,org.joda.time.TestMutableDateTime_Properties#testPropertyAddWeekOfWeekyear
438,org.joda.time.tz.TestCompiler#test_Amman_2003
439,org.joda.time.TestLocalDateTime_Basics#testPlusHours_int
440,org.joda.time.format.TestDateTimeFormatStyle#testForStyle_mediumDateTime
441,org.joda.time.TestLocalDate_Constructors#testConstructor_ObjectStringEx3
442,org.joda.time.format.TestDateTimeFormat#testFormatParse_zoneId_colon
443,org.joda.time.TestLocalTime_Constructors#testConstructor_nullObject_nullChronology
444,org.joda.time.format.TestISODateTimeFormatParsing#test_dateTime
445,org.joda.time.TestLocalDate_Properties#testPropertyAddToCopyDay
446,org.joda.time.TestMutableDateTime_Sets#testSetDate_int_int_int2
447,org.joda.time.chrono.TestIslamicChronology#testEquality
448,org.joda.time.convert.TestReadableIntervalConverter#testGetDurationMillis_Object
449,org.joda.time.field.TestBaseDateTimeField#test_convertText
450,org.joda.time.TestDateTime_Constructors#testConstructor_Object
451,org.joda.time.field.TestOffsetDateTimeField#test_constructor1
452,org.joda.time.TestMutablePeriod_Constructors#testConstructor_RI_RD_PeriodType2
453,org.joda.time.TestYearMonthDay_Constructors#testFactory_FromDateFields
454,org.joda.time.TestPeriodType#testMaskMillis
455,org.joda.time.TestInterval_Constructors#testConstructor_RI_RI2
456,org.joda.time.TestChronology#testEqualsHashCode_Limit
457,org.joda.time.TestDays#testIsLessThan
458,org.joda.time.TestDateTime_Properties#testPropertyGetYearOfEra
459,org.joda.time.format.TestISODateTimeFormatParsing#test_weekDate
460,org.joda.time.TestMutableDateTime_Properties#testTest
461,org.joda.time.TestYearMonthDay_Properties#testPropertySetYear
462,org.joda.time.TestLocalDate_Constructors#testConstructor_nullObject
463,org.joda.time.TestTimeOfDay_Properties#testPropertyGetMaxMinValuesMinute
464,org.joda.time.chrono.TestLenientChronology#test_lenientChrononolgy_Chicago
465,org.joda.time.TestPeriod_Basics#testValueIndexMethods
466,org.joda.time.TestLocalTime_Basics#testCompareTo
467,org.joda.time.TestMonthDay_Basics#testWithChronologyRetainFields_nullChrono
468,org.joda.time.TestDuration_Constructors#testFactory_standardDays_long
469,org.joda.time.TestDateMidnight_Constructors#testConstructor_Object_nullDateTimeZone
470,org.joda.time.TestInterval_Constructors#testConstructor_RD_RI4
471,org.joda.time.TestDateTime_Constructors#testConstructor_int_int_int_int_int_int_nullChronology
472,org.joda.time.TestMutableInterval_Constructors#testConstructor_Object_Chronology2
473,org.joda.time.field.TestScaledDurationField#test_isPrecise
474,org.joda.time.TestMonthDay_Properties#testPropertyAddWrapFieldDayOfMonth
475,org.joda.time.TestInterval_Basics#testGetMillis
476,org.joda.time.TestMonthDay_Constructors#testFactory_FromCalendarFields
477,org.joda.time.convert.TestLongConverter#testGetChronology_Object_Zone
478,org.joda.time.chrono.TestISOChronology#testEquality
479,org.joda.time.TestDurationFieldType#test_hours
480,org.joda.time.field.TestOffsetDateTimeField#test_isLenient
481,org.joda.time.TestDateTimeZone#testForOffsetMillis_int
482,org.joda.time.TestPeriod_Constructors#testConstructor_long_PeriodType1
483,org.joda.time.TestDateMidnight_Properties#testPropertyWithMinimumValueDayOfMonth
484,org.joda.time.TestLocalDate_Properties#testPropertyGetMaxMinValuesMonth
485,org.joda.time.chrono.TestGJChronology#testFactory_Zone_long_int
486,org.joda.time.TestPeriod_Basics#testTypeIndexMethods
487,org.joda.time.format.TestPeriodFormat#test_wordBased_nl_formatTwoFields
488,org.joda.time.TestLocalTime_Constructors#testConstructor_Object_nullDateTimeZone
489,org.joda.time.TestLocalTime_Constructors#testConstructor_long_nullDateTimeZone
490,org.joda.time.TestYearMonth_Basics#testToString_String
491,org.joda.time.TestMutableDateTime_Properties#testPropertyGetMinuteOfDay
492,org.joda.time.TestDateTimeZoneCutover#test_DateTime_roundFloor_secondOfMinute_NewYork_Autumn_preCutover
493,org.joda.time.TestTimeOfDay_Basics#testWithers
494,org.joda.time.TestMutableDateTime_Basics#testToMutableDateTime_Chronology
495,org.joda.time.format.TestDateTimeFormatStyle#testForStyle_shortFullDateTime
496,org.joda.time.TestLocalTime_Basics#testGetField_int
497,org.joda.time.TestPeriod_Basics#testWithFields1
498,org.joda.time.TestMutablePeriod_Updates#testSetPeriod_long_long_NoMonths
499,org.joda.time.TestInterval_Constructors#testConstructor_RI_RI_chronoEnd
500,org.joda.time.TestTimeOfDay_Constructors#testConstructor_int_int_int_int_Chronology
501,org.joda.time.TestDateMidnight_Basics#testWithChronology_Chronology
502,org.joda.time.TestPeriod_Constructors#testConstructor_RP_RP_PeriodType1
503,org.joda.time.field.TestPreciseDurationDateTimeField#test_set_RP_int_intarray_int
504,org.joda.time.TestLocalDate_Basics#testEqualsHashCodeStrict
505,org.joda.time.TestMutableDateTime_Adds#testAdd_RP2
506,org.joda.time.TestMutablePeriod_Updates#testSetPeriod_long_long1
507,org.joda.time.TestDuration_Basics#testMinus_long1
508,org.joda.time.format.TestDateTimeFormatter#testPrint_zone
509,org.joda.time.TestMonthDay_Constructors#testConstructor_long1_Chronology
510,org.joda.time.convert.TestConverterManager#testRemoveInstantConverter2
511,org.joda.time.TestPeriodType#testForFields1
512,org.joda.time.TestYears#testGetFieldType
513,org.joda.time.TestMonths#testFactory_monthsBetween_RPartial
514,org.joda.time.TestDateTime_Basics#testMinusMinutes_int
515,org.joda.time.TestDateTime_Constructors#testConstructor_ObjectStringEx1
516,org.joda.time.TestDateTime_Constructors#testConstructor_long2
517,org.joda.time.TestPartial_Basics#testWith3e
518,org.joda.time.format.TestDateTimeFormatterBuilder#test_append_Printer
519,org.joda.time.TestMutableInterval_Constructors#testConstructor_RP_RI3
520,org.joda.time.TestLocalTime_Constructors#testConstructor_ObjectLocalDateTime
521,org.joda.time.TestTimeOfDay_Constructors#testConstructor_Chronology
522,org.joda.time.TestYearMonth_Constructors#testConstructor_Object_nullChronology
523,org.joda.time.convert.TestStringConverter#testGetDurationMillis_Object1
524,org.joda.time.TestDateMidnight_Basics#testToDateTime_Chronology
525,org.joda.time.TestDateTimeZone#testSerialization2
526,org.joda.time.TestDateMidnight_Constructors#testConstructor_Object_nullChronology
527,org.joda.time.convert.TestConverterManager#testAddInstantConverter4
528,org.joda.time.format.TestPeriodFormatter#testParsePeriod_parseType
529,org.joda.time.field.TestPreciseDurationField#test_add_long_int
530,org.joda.time.convert.TestReadablePartialConverter#testGetChronology_Object_Chronology
531,org.joda.time.TestMutableDateTime_Properties#testPropertySetTextDayOfYear
532,org.joda.time.field.TestMillisDurationField#test_getType
533,org.joda.time.TestTimeOfDay_Basics#testWithFieldAdded2
534,org.joda.time.convert.TestNullConverter#testGetInstantMillis_Object_Chronology
535,org.joda.time.TestAbstractPartial#testGetValue
536,org.joda.time.TestYearMonthDay_Basics#testSize
537,org.joda.time.TestDateMidnight_Basics#testWithFieldAdded3
538,org.joda.time.TestSeconds#testGetMethods
539,org.joda.time.convert.TestCalendarConverter#testGetInstantMillis_Object_Chronology
540,org.joda.time.field.TestScaledDurationField#test_getMillis_long
541,org.joda.time.convert.TestReadableDurationConverter#testGetPeriodType_Object
542,org.joda.time.TestLocalTime_Constructors#testConstantMidnight
543,org.joda.time.field.TestBaseDateTimeField#test_getMaximumValue
544,org.joda.time.TestYearMonth_Constructors#testConstructor_ObjectString4
545,org.joda.time.TestDateTimeComparator#testListMinute
546,org.joda.time.TestInterval_Basics#testWithPeriodAfterStart3
547,org.joda.time.TestYearMonth_Basics#testWithField_unknownField
548,org.joda.time.TestInstant_Basics#testTest
549,org.joda.time.TestDateTime_Basics#testPlusSeconds_int
550,org.joda.time.TestInterval_Basics#testWithStartInstant_RI1
551,org.joda.time.TestDateMidnight_Constructors#testConstructor_badconverterObject_Chronology
552,org.joda.time.convert.TestReadableInstantConverter#testSingleton
553,org.joda.time.TestParseISO#testSpecTimeFractionalH
554,org.joda.time.format.TestDateTimeFormatter#testParseDateTime_zone2
555,org.joda.time.TestInterval_Basics#testWithDurationBeforeEnd3
556,org.joda.time.format.TestISODateTimeFormatParsing#test_tTime
557,org.joda.time.TestMutableDateTime_Adds#testAdd_RD1
558,org.joda.time.TestYearMonthDay_Basics#testToDateTime_TOD_nullZone
559,org.joda.time.TestLocalTime_Basics#testWithFieldAdded_DurationFieldType_int_2
560,org.joda.time.TestMonthDay_Basics#testGetFieldTypes
561,org.joda.time.TestLocalDateTime_Basics#testMinusWeeks_int
562,org.joda.time.format.TestPeriodFormatterBuilder#testFormatPrintZeroNever
563,org.joda.time.TestDateTimeComparator#testListMonth
564,org.joda.time.TestPartial_Basics#testToString5
565,org.joda.time.TestDateTimeZone#testGetOffset_long
566,org.joda.time.format.TestDateTimeFormatter#testParseInto_offsetParsed
567,org.joda.time.field.TestOffsetDateTimeField#test_getAsShortText_RP_Locale
568,org.joda.time.TestLocalTime_Basics#testPlusHours_int
569,org.joda.time.TestInterval_Basics#testIsBefore_RI
570,org.joda.time.TestMutableDateTime_Sets#testSetSecondOfDay_int1
571,org.joda.time.TestDateTimeZoneCutover#test_MoscowIsCorrect_Spring
572,org.joda.time.TestDateMidnight_Constructors#testConstructor_Object_Chronology
573,org.joda.time.format.TestPeriodFormatterBuilder#testFormatAppend_PrinterParser_Printer_null
574,org.joda.time.TestLocalDate_Basics#testWithField_DateTimeFieldType_int_3
575,org.joda.time.TestTimeOfDay_Basics#testToString_DTFormatter
576,org.joda.time.TestInterval_Basics#test_useCase_ContainsOverlapAbutGap_zeroDuration
577,org.joda.time.TestPartial_Properties#testPropertyGetHour
578,org.joda.time.chrono.TestCopticChronology#testCalendar
579,org.joda.time.convert.TestConverterManager#testAddIntervalConverter3
580,org.joda.time.TestInstant_Constructors#testConstructor_invalidObject
581,org.joda.time.field.TestOffsetDateTimeField#test_getMinimumValue_RP_intarray
582,org.joda.time.TestTimeOfDay_Properties#testPropertyWithMinimumValueHour
583,org.joda.time.format.TestDateTimeFormat#testFormatParse_textYear_France
584,org.joda.time.TestMutableDateTime_Basics#testRounding8
585,org.joda.time.TestTimeOfDay_Constructors#testConstructor_ObjectStringEx1
586,org.joda.time.TestMutablePeriod_Updates#testSetPeriod_RInterval2
587,org.joda.time.convert.TestStringConverter#testGetDateTime3
588,org.joda.time.TestMutableInterval_Updates#testSetInterval_RI_RI1
589,org.joda.time.TestDateTime_Properties#testPropertySetTextYear
590,org.joda.time.TestMutableDateTime_Properties#testPropertyAddWrapFieldDayOfYear
591,org.joda.time.TestAbstractPartial#testGetField
592,org.joda.time.convert.TestStringConverter#testSetIntoPeriod_Object4
593,org.joda.time.chrono.TestGJChronology#testWithUTC
594,org.joda.time.TestYearMonthDay_Basics#testGetValues
595,org.joda.time.TestWeeks#testFactory_weeksIn_RInterval
596,org.joda.time.TestPartial_Basics#testWithChronologyRetainFields_Chrono
597,org.joda.time.TestDateTimeFieldType#test_monthOfYear
598,org.joda.time.TestLocalDate_Basics#testWithFieldAdded_DurationFieldType_int_4
599,org.joda.time.TestDateTimeZoneCutover#test_DateTime_setHourAcross_Moscow_Spring
600,org.joda.time.convert.TestStringConverter#testSetIntoIntervalEx_Object_Chronology1
601,org.joda.time.TestMutableDateTime_Properties#testPropertySetYear
602,org.joda.time.field.TestPreciseDurationField#test_getMillis_long
603,org.joda.time.convert.TestReadableInstantConverter#testGetChronology_Object_Chronology
604,org.joda.time.TestLocalTime_Properties#testPropertySetMilli
605,org.joda.time.TestLocalDate_Basics#testEqualsHashCode
606,org.joda.time.format.TestDateTimeFormatStyle#testForStyle_shortDateTime
607,org.joda.time.field.TestPreciseDateTimeField#test_getAsText_RP_int_Locale
608,org.joda.time.format.TestISODateTimeFormat#testFormat_ordinalDate
609,org.joda.time.TestLocalDate_Basics#testToDate_summer
610,org.joda.time.TestInstant_Basics#testToMutableDateTime_Chronology
611,org.joda.time.TestYearMonthDay_Properties#testPropertyGetMaxMinValuesYear
612,org.joda.time.chrono.TestJulianChronology#testWithZone
613,org.joda.time.TestMutableDateTime_Sets#testSetWeekOfWeekyear_int2
614,org.joda.time.TestDateMidnight_Basics#testWithField2
615,org.joda.time.TestDateTimeComparator#testHour
616,org.joda.time.TestMonthDay_Constructors#testConstructor_Object
617,org.joda.time.TestParseISO#testSpecOrdinalExpandedYD
618,org.joda.time.convert.TestConverterSet#testAddNullRemoved1
619,org.joda.time.convert.TestConverterManager#testAddPeriodConverter3
620,org.joda.time.format.TestPeriodFormatterBuilder#testFormatPrintZeroRarelyLast
621,org.joda.time.TestPeriod_Constructors#testConstructor_long2
622,org.joda.time.TestDateTime_Properties#testPropertySetDayOfMonth
623,org.joda.time.TestLocalDate_Basics#testToDateTime_RI
624,org.joda.time.TestTimeOfDay_Constructors#testConstructor_ObjectStringEx4
625,org.joda.time.field.TestPreciseDurationDateTimeField#test_getLeapAmount_long
626,org.joda.time.format.TestDateTimeFormatter#testParseLocalDateTime_simple
627,org.joda.time.field.TestBaseDateTimeField#test_roundHalfCeiling_long
628,org.joda.time.TestTimeOfDay_Basics#testEqualsHashCode
629,org.joda.time.TestDateTimeFieldType#test_minuteOfHour
630,org.joda.time.TestDateTimeZoneCutover#test_DateTime_roundCeiling_minuteOfHour_NewYork_Autumn_postCutover
631,org.joda.time.TestLocalDateTime_Properties#testPropertySetTextSecond
632,org.joda.time.format.TestDateTimeFormat#testParse_textMonthJanLong_UK
633,org.joda.time.TestMonthDay_Constructors#testConstructor_nullChronology
634,org.joda.time.TestWeeks#testIsGreaterThan
635,org.joda.time.TestHours#testGetFieldType
636,org.joda.time.TestMutableInterval_Updates#testSetDurationAfterStart_RI1
637,org.joda.time.TestLocalTime_Properties#testPropertySetSecond
638,org.joda.time.TestWeeks#testFactory_standardWeeksIn_RPeriod
639,org.joda.time.TestMutableDateTime_Properties#testPropertyGetMillisOfDay
640,org.joda.time.TestYearMonthDay_Constructors#testConstructor_Object_nullChronology
641,org.joda.time.TestTimeOfDay_Properties#testPropertyGetSecond
642,org.joda.time.TestDateMidnight_Constructors#testConstructor_long1_DateTimeZone
643,org.joda.time.TestLocalDateTime_Constructors#testConstructor_Object_ChronologyMoscowBadDateTime
644,org.joda.time.format.TestISODateTimeFormat#testFormat_dateTimeNoMillis
645,org.joda.time.TestDateTime_Constructors#testConstructor_long_nullChronology
646,org.joda.time.format.TestISODateTimeFormat#testFormat_yearMonth
647,org.joda.time.TestMutablePeriod_Updates#testAddMillis
648,org.joda.time.TestYearMonthDay_Basics#testToInterval
649,org.joda.time.TestYearMonthDay_Basics#testToDateTime_TOD_Zone
650,org.joda.time.field.TestPreciseDateTimeField#test_set_long_int
651,org.joda.time.TestMutableDateTime_Properties#testPropertyRoundCeilingHourOfDay
652,org.joda.time.field.TestBaseDateTimeField#test_getAsShortText_long
653,org.joda.time.TestPartial_Properties#testPropertyAddWrapFieldMinute
654,org.joda.time.TestMutableDateTime_Adds#testAdd_long1
655,org.joda.time.TestLocalDateTime_Basics#testPlus_RP
656,org.joda.time.convert.TestReadableIntervalConverter#testToString
657,org.joda.time.TestLocalDateTime_Constructors#testConstructor_int_int_int_int_int
658,org.joda.time.TestInstant_Constructors#testConstructor_long2
659,org.joda.time.TestMutableDateTime_Properties#testPropertyAddLongDayOfWeek
660,org.joda.time.TestMutableDateTime_Properties#testPropertyAddDayOfMonth
661,org.joda.time.TestMutablePeriod_Constructors#testConstructor_long_long_PeriodType3
662,org.joda.time.TestInstant_Basics#testIsEqual_RI
663,org.joda.time.TestDateMidnight_Basics#testCompareTo
664,org.joda.time.TestLocalDate_Properties#testPropertySetCopyTextDay
665,org.joda.time.TestLocalDateTime_Properties#testPropertyGetMilli
666,org.joda.time.TestMutableInterval_Constructors#testConstructor_Object6
667,org.joda.time.TestMutablePeriod_Updates#testSetPeriod_long2
668,org.joda.time.TestLocalTime_Constructors#testConstructor_ObjectStringEx1
669,org.joda.time.TestYearMonth_Constructors#testFactory_FromCalendarFields
670,org.joda.time.TestMutableInterval_Constructors#testConstructor_RP_RI2
671,org.joda.time.TestDateTimeComparator#testMillis
672,org.joda.time.TestSerialization#testSerializedYearMonthDay
673,org.joda.time.TestMutableInterval_Constructors#testConstructor_RI_RI3
674,org.joda.time.TestInterval_Basics#testEqualsHashCode
675,org.joda.time.format.TestDateTimeFormat#testFormat_weekyear
676,org.joda.time.TestPeriod_Constructors#testConstructor_RP_RP6
677,org.joda.time.TestPeriod_Basics#testSerialization
678,org.joda.time.TestLocalDateTime_Properties#testPropertyWithMaximumValueHour
679,org.joda.time.TestHours#testToStandardSeconds
680,org.joda.time.chrono.TestGregorianChronology#testFactory
681,org.joda.time.format.TestPeriodFormatterBuilder#testFormatPrefixPlural3
682,org.joda.time.TestMonthDay_Basics#testGetValue
683,org.joda.time.TestSeconds#testDividedBy_int
684,org.joda.time.TestMonthDay_Constructors#testConstructor_ObjectString3
685,org.joda.time.format.TestPeriodFormatterBuilder#testFormatPrintZeroAlways
686,org.joda.time.convert.TestConverterManager#testAddIntervalConverter2
687,org.joda.time.TestMutablePeriod_Constructors#testConstructor_RI_RI5
688,org.joda.time.TestMutableInterval_Updates#testSetInterval_RInterval2
689,org.joda.time.TestLocalTime_Basics#testIsSupported_DurationFieldType
690,org.joda.time.convert.TestNullConverter#testSetInto_Object_Chronology1
691,org.joda.time.TestPeriod_Basics#testToStandardHours
692,org.joda.time.TestMutableInterval_Constructors#testConstructor_RD_RI5
693,org.joda.time.TestMutableDateTime_Basics#testToMutableDateTimeISO
694,org.joda.time.TestLocalDateTime_Properties#testPropertyCompareToYear
695,org.joda.time.format.TestISODateTimeFormatParsing#test_hourMinuteSecondMillis
696,org.joda.time.TestHours#testFactory_parseHours_String
697,org.joda.time.TestLocalDate_Basics#testToDate_springDST
698,org.joda.time.TestDateTimeZoneCutover#test_DateTime_roundCeiling_secondOfMinute_NewYork_Autumn_preCutover
699,org.joda.time.TestPeriod_Constructors#testConstants
700,org.joda.time.TestMonthDay_Basics#testToDateTime_nullRI
701,org.joda.time.TestMutableDateTime_Constructors#testConstructor_nullDateTimeZone
702,org.joda.time.field.TestBaseDateTimeField#test_getAsText_long_Locale
703,org.joda.time.TestLocalTime_Basics#testWithField_DateTimeFieldType_int_4
704,org.joda.time.TestPeriod_Basics#testToStandardHours_months
705,org.joda.time.TestLocalDateTime_Constructors#testConstructor_ObjectLocalTime
706,org.joda.time.TestInterval_Constructors#testConstructor_Object_Chronology1
707,org.joda.time.TestTimeOfDay_Basics#testToDateTime_nullRI
708,org.joda.time.TestDateMidnight_Basics#testWithDurationAdded_long_int
709,org.joda.time.field.TestPreciseDurationDateTimeField#test_set_RP_int_intarray_String_Locale
710,org.joda.time.tz.TestUTCProvider#testGetZone_String
711,org.joda.time.field.TestMillisDurationField#test_getName
712,org.joda.time.TestMutableDateTime_Basics#testCopy
713,org.joda.time.format.TestDateTimeFormat#testFormatParse_textYear_UK
714,org.joda.time.TestInterval_Basics#testWithDurationAfterStart2
715,org.joda.time.format.TestPeriodFormatParsing#testParseStandard1
716,org.joda.time.convert.TestNullConverter#testGetPeriodType_Object
717,org.joda.time.TestMutableInterval_Updates#testSetDurationAfterStart_RI3
718,org.joda.time.TestMutableInterval_Updates#testSePeriodAfterStart_RI2
719,org.joda.time.TestLocalDateTime_Properties#testPropertyHashCode
720,org.joda.time.tz.TestBuilder#testForwardTransitions
721,org.joda.time.TestLocalDate_Basics#testToDateTime_wrongChronoLocalTime_Zone
722,org.joda.time.TestMonthDay_Basics#testPlusMonths_int_wrap
723,org.joda.time.TestTimeOfDay_Basics#testPlusHours_int
724,org.joda.time.format.TestPeriodFormatterBuilder#testFormatPrintZeroRarelyFirstHours
725,org.joda.time.TestHours#testPlus_Hours
726,org.joda.time.TestDateTimeZone#testToTimeZone
727,org.joda.time.format.TestISODateTimeFormat#testFormat_ordinalDateTime
728,org.joda.time.TestInterval_Basics#testWithDurationBeforeEnd2
729,org.joda.time.TestMonthDay_Basics#testWithChronologyRetainFields_sameChrono
730,org.joda.time.TestDateMidnight_Constructors#testConstructor_long1
731,org.joda.time.TestYearMonthDay_Properties#testPropertyEqualsHashCodeLenient
732,org.joda.time.TestMutableDateTime_Properties#testPropertyAddYear
733,org.joda.time.format.TestDateTimeFormatter#testParseInto_simple
734,org.joda.time.TestMonths#testGetPeriodType
735,org.joda.time.format.TestPeriodFormatterBuilder#testFormatMonths
736,org.joda.time.TestAbstractPartial#testGetValues
737,org.joda.time.TestSeconds#testToStandardWeeks
738,org.joda.time.chrono.TestBuddhistChronology#testDateFields
739,org.joda.time.format.TestISOPeriodFormatParsing#testParseStandard8
740,org.joda.time.TestMutablePeriod_Updates#testAddHours
741,org.joda.time.TestDateMidnight_Properties#testPropertyAddMonthOfYear
742,org.joda.time.TestTimeOfDay_Properties#testPropertySetHour
743,org.joda.time.TestLocalDateTime_Properties#testPropertyAddToCopyHour
744,org.joda.time.TestMutablePeriod_Constructors#testConstructor_Object_PeriodType1
745,org.joda.time.TestMutableDateTime_Basics#testSerialization
746,org.joda.time.TestMonthDay_Constructors#testConstructor_Object_nullChronology
747,org.joda.time.format.TestDateTimeFormat#testFormat_zoneLongText
748,org.joda.time.TestTimeOfDay_Properties#testPropertyAddMilli
749,org.joda.time.field.TestPreciseDateTimeField#test_getMaximumTextLength_Locale
750,org.joda.time.TestYearMonth_Basics#testWithFieldAdded
751,org.joda.time.convert.TestStringConverter#testGetDateTime4
752,org.joda.time.TestMutableDateTime_Properties#testPropertyAddMonthOfYear
753,org.joda.time.TestDuration_Basics#testToDuration1
754,org.joda.time.TestPeriod_Basics#testWithFields2
755,org.joda.time.TestMutablePeriod_Constructors#testConstructor_RI_RI1
756,org.joda.time.TestTimeOfDay_Constructors#testConstructor_ObjectStringEx3
757,org.joda.time.chrono.TestCopticChronology#testToString
758,org.joda.time.TestYearMonthDay_Constructors#testConstructor_nullObject
759,org.joda.time.field.TestUnsupportedDateTimeField#testAlwaysFalseReturnTypes
760,org.joda.time.TestDateTimeZoneCutover#test_DateTime_plusHour_NewYork_Autumn
761,org.joda.time.TestDateTime_Constructors#testConstructor_ObjectString7
762,org.joda.time.TestYearMonthDay_Properties#testPropertyCompareToMonth
763,org.joda.time.TestMutablePeriod_Constructors#testConstructor_Object3
764,org.joda.time.TestMinutes#testFactory_standardMinutesIn_RPeriod
765,org.joda.time.TestInterval_Basics#testGetDuration2
766,org.joda.time.chrono.TestEthiopicChronology#testWithZone
767,org.joda.time.TestMinutes#testDividedBy_int
768,org.joda.time.TestMutablePeriod_Updates#testMergePeriod_RP1
769,org.joda.time.format.TestPeriodFormatterBuilder#testFormatMillis
770,org.joda.time.TestYearMonthDay_Properties#testPropertyAddYear
771,org.joda.time.TestLocalDateTime_Basics#testIsSupported_DateTimeFieldType
772,org.joda.time.field.TestBaseDateTimeField#test_getAsShortText_long_Locale
773,org.joda.time.format.TestDateTimeFormat#testFormat_yearOfEra
774,org.joda.time.TestDateMidnight_Basics#testToInstant
775,org.joda.time.TestPeriod_Constructors#testConstructor_RP_RP2
776,org.joda.time.TestYearMonthDay_Basics#testIsBefore_YMD
777,org.joda.time.convert.TestConverterManager#testGetPartialConverterBadMultipleMatches
778,org.joda.time.TestMutableDateTime_Adds#testAddDays_int1
779,org.joda.time.TestTimeOfDay_Properties#testPropertyAddNoWrapHour
780,org.joda.time.TestYears#testConstants
781,org.joda.time.TestDateTime_Properties#testTest
782,org.joda.time.TestDateMidnight_Properties#testPropertyRoundFloorMonthOfYear
783,org.joda.time.TestInterval_Constructors#testConstructor_long_long_Chronology
784,org.joda.time.TestLocalDate_Properties#testPropertySetCopyYear
785,org.joda.time.TestMutableDateTime_Basics#testIsEqual
786,org.joda.time.TestMinutes#testIsLessThan
787,org.joda.time.TestPartial_Basics#testWithout3
788,org.joda.time.TestInterval_Basics#testWithPeriodBeforeEnd3
789,org.joda.time.TestMutableDateTime_Constructors#testConstructor_int_int_int_int_int_int_int_DateTimeZone
790,org.joda.time.field.TestMillisDurationField#test_getValue_long_long
791,org.joda.time.TestMutableInterval_Updates#testSeDurationBeforeEnd_long2
792,org.joda.time.TestMonthDay_Basics#testPlusMonths_int
793,org.joda.time.TestDateTimeComparator#testBasicComps4
794,org.joda.time.TestDuration_Basics#testToPeriodTo_PeriodType
795,org.joda.time.TestLocalDate_Basics#testGetFieldTypes
796,org.joda.time.TestSeconds#testFactory_secondsBetween_RPartial
797,org.joda.time.field.TestFieldUtils#testSafeAddInt
798,org.joda.time.TestMutablePeriod_Basics#testGetPeriodType
799,org.joda.time.TestLocalDate_Basics#testGetters
800,org.joda.time.TestPartial_Basics#testWith3b
801,org.joda.time.chrono.TestCopticChronology#testSampleDate
802,org.joda.time.TestPeriod_Basics#testWithField3
803,org.joda.time.format.TestDateTimeFormat#testFormat_fractionOfSecond
804,org.joda.time.TestLocalDate_Constructors#testConstructor
805,org.joda.time.TestMutableDateTime_Sets#testSetMonthOfYear_int1
806,org.joda.time.TestPeriod_Constructors#testConstructor_long_long_PeriodType_Chronology1
807,org.joda.time.field.TestPreciseDurationDateTimeField#test_toString
808,org.joda.time.TestLocalDateTime_Constructors#testConstructor_Object_DateTimeZone
809,org.joda.time.TestDateTimeZoneCutover#test_DateTime_newValid_Turk
810,org.joda.time.TestTimeOfDay_Constructors#testConstructor_int_int_int
811,org.joda.time.TestDateTime_Properties#testPropertyGetHourOfDay
812,org.joda.time.TestPartial_Basics#testWithFieldAdded2
813,org.joda.time.TestPeriodType#testForFields2
814,org.joda.time.field.TestPreciseDurationDateTimeField#test_addWrapField_long_int
815,org.joda.time.TestMutableDateTime_Basics#testIsBefore
816,org.joda.time.TestLocalDate_Basics#testWithFieldAdded_DurationFieldType_int_1
817,org.joda.time.TestPeriodType#testMaskMinutes
818,org.joda.time.format.TestDateTimeFormatStyle#testForStyle_mediumTime
819,org.joda.time.TestMutableDateTime_Adds#testAdd_DurationFieldType_int1
820,org.joda.time.format.TestPeriodFormatterBuilder#testFormatAppend_PrinterParserThenClear
821,org.joda.time.TestMutablePeriod_Constructors#testConstructor_8int__PeriodType2
822,org.joda.time.TestMutableDateTime_Sets#testSetDateTime_int_int_int_int_int_int_int1
823,org.joda.time.field.TestBaseDateTimeField#test_remainder_long
824,org.joda.time.TestInterval_Constructors#testConstructor_long_long_Zone
825,org.joda.time.TestInstant_Basics#testPlus_RD
826,org.joda.time.TestDateTime_Properties#testPropertySetDayOfWeek
827,org.joda.time.TestInterval_Constructors#testConstructor_RP_RI2
828,org.joda.time.TestPeriod_Constructors#testConstructor_Object_PeriodType1
829,org.joda.time.TestLocalDateTime_Basics#testWithField_DateTimeFieldType_int_2
830,org.joda.time.TestPartial_Basics#testWith4
831,org.joda.time.TestYearMonth_Constructors#testConstructor_long1_Chronology
832,org.joda.time.TestYearMonth_Constructors#testConstructor_ObjectString3
833,org.joda.time.TestDays#testSerialization
834,org.joda.time.field.TestBaseDateTimeField#test_getMaximumShortTextLength_Locale
835,org.joda.time.TestDateTimeUtils#testIsContiguous_RP_GJChronology
836,org.joda.time.format.TestISODateTimeFormatParsing#test_basicTTimeNoMillis
837,org.joda.time.TestMutablePeriod_Updates#testAdd_RP2
838,org.joda.time.TestLocalDateTime_Basics#testToDate_autumnDST
839,org.joda.time.TestYearMonth_Constructors#testConstructor_long_nullChronology
840,org.joda.time.TestYearMonthDay_Constructors#testConstructor_Object
841,org.joda.time.TestMutableDateTime_Sets#testSetMilliOfSecond_int1
842,org.joda.time.TestLocalTime_Properties#testPropertySetMinute
843,org.joda.time.TestMutablePeriod_Constructors#testConstructor_long_PeriodType_Chronology2
844,org.joda.time.TestLocalDateTime_Properties#testPropertyAddWrapFieldToCopyHour
845,org.joda.time.TestMutablePeriod_Constructors#testConstructor_RI_RI_PeriodType4
846,org.joda.time.chrono.TestJulianChronology#testToString
847,org.joda.time.field.TestPreciseDurationField#test_getMillis_int_long
848,org.joda.time.format.TestPeriodFormatterBuilder#testFormatPrefixSimple3
849,org.joda.time.TestSeconds#testFactory_parseSeconds_String
850,org.joda.time.format.TestISODateTimeFormatParsing#test_dateTimeParser
851,org.joda.time.TestYearMonth_Constructors#testConstructor_nullObject_Chronology
852,org.joda.time.TestYearMonthDay_Basics#testToDateTimeAtCurrentTime_nullZone
853,org.joda.time.TestDateMidnight_Properties#testPropertyGetWeekOfWeekyear
854,org.joda.time.TestDateTime_Basics#testWithField1
855,org.joda.time.format.TestISODateTimeFormatParsing#test_weekDateTime
856,org.joda.time.field.TestPreciseDateTimeField#test_roundHalfEven_long
857,org.joda.time.convert.TestNullConverter#testSupportedType
858,org.joda.time.TestDateTimeFieldType#test_yearOfEra
859,org.joda.time.TestDateTime_Properties#testPropertyGetMinuteOfHour
860,org.joda.time.TestLocalDateTime_Basics#testWithFieldAdded_DurationFieldType_int_1
861,org.joda.time.TestDays#testMinus_Days
862,org.joda.time.convert.TestReadablePartialConverter#testGetChronology_Object_Zone
863,org.joda.time.TestInterval_Constructors#testConstructor_RI_RP5
864,org.joda.time.TestMutableDateTime_Sets#testSetSecondOfMinute_int2
865,org.joda.time.format.TestTextFields#testWeekdayNames
866,org.joda.time.convert.TestConverterManager#testAddPartialConverter2
867,org.joda.time.TestMonthDay_Basics#testPlusMonths_int_same
868,org.joda.time.TestInterval_Basics#testIsBefore_RI_null
869,org.joda.time.TestTimeOfDay_Basics#testPlusMillis_int
870,org.joda.time.TestDateTime_Constructors#testConstructor_ObjectString2
871,org.joda.time.TestDateTime_Basics#testMinusYears_int
872,org.joda.time.TestMutableInterval_Constructors#testConstructor_RI_RI7
873,org.joda.time.TestDateTimeZoneCutover#test_DateTime_minusDay_Turk
874,org.joda.time.TestYearMonthDay_Basics#testToDateTime_nullRI
875,org.joda.time.TestInstant_Constructors#testConstructor
876,org.joda.time.TestMutableDateTime_Adds#testAddWeekyears_int1
877,org.joda.time.TestMutableInterval_Basics#testIsBefore_long
878,org.joda.time.TestMutablePeriod_Basics#testToMutablePeriod
879,org.joda.time.TestPartial_Basics#testWithFieldAdded5
880,org.joda.time.TestLocalDate_Properties#testPropertyAddToCopyYear
881,org.joda.time.field.TestMillisDurationField#test_getValue_long
882,org.joda.time.TestDateMidnight_Constructors#testConstructor_invalidObject
883,org.joda.time.chrono.TestBuddhistChronology#testDurationFields
884,org.joda.time.TestLocalDate_Constructors#testConstructor_Object_nullDateTimeZone
885,org.joda.time.TestDurationFieldType#test_other
886,org.joda.time.field.TestOffsetDateTimeField#test_getLeapDurationField
887,org.joda.time.field.TestScaledDurationField#test_getValueAsLong_long
888,org.joda.time.TestSerialization#testSerializedMutableDateTime
889,org.joda.time.TestTimeOfDay_Basics#testToString
890,org.joda.time.TestLocalDateTime_Basics#testPlusMonths_int
891,org.joda.time.TestLocalDateTime_Properties#testPropertyGetMinute
892,org.joda.time.TestParseISO#testSpecTruncatedYMD
893,org.joda.time.TestPeriod_Constructors#testConstructor_RP_RP2Local
894,org.joda.time.field.TestPreciseDurationDateTimeField#test_roundCeiling_long
895,org.joda.time.format.TestPeriodFormat#test_wordBased_pt_formatTwoFields
896,org.joda.time.TestLocalDateTime_Properties#testPropertyWithMaximumValueDayOfMonth
897,org.joda.time.format.TestPeriodFormatterBuilder#testFormatPrefixSuffix
898,org.joda.time.TestLocalDateTime_Constructors#testConstructor_long1_Chronology
899,org.joda.time.convert.TestLongConverter#testToString
900,org.joda.time.TestPartial_Basics#testGetFormatter1
901,org.joda.time.TestDateTime_Properties#testPropertyAddDayOfMonth
902,org.joda.time.TestDateTime_Properties#testPropertyRemainderHourOfDay
903,org.joda.time.format.TestPeriodFormatterBuilder#testFormatPrintZeroRarelyFirstYears
904,org.joda.time.TestPeriod_Constructors#testConstructor_RD_RI_PeriodType1
905,org.joda.time.TestMonthDay_Basics#testIsEqual_MD
906,org.joda.time.TestDateTimeZone#testCommentParse
907,org.joda.time.TestPartial_Basics#testWithFieldAdded7
908,org.joda.time.field.TestOffsetDateTimeField#test_getMinimumValue_RP
909,org.joda.time.format.TestPeriodFormatterBuilder#testFormatSeparatorIfFieldsAfter
910,org.joda.time.TestLocalDateTime_Properties#testPropertyWithMaxMinValueMilli
911,org.joda.time.TestDuration_Basics#testWithDurationAdded_RD_int4
912,org.joda.time.TestDuration_Basics#testMutableDuration
913,org.joda.time.TestPeriod_Constructors#testConstructor_long_PeriodType_Chronology4
914,org.joda.time.TestHours#testToStandardDays
915,org.joda.time.TestMutablePeriod_Updates#testSetPeriod_RD1
916,org.joda.time.TestMonthDay_Basics#testGet
917,org.joda.time.TestMinutes#testSerialization
918,org.joda.time.TestPartial_Basics#testToDateTime_nullRI
919,org.joda.time.format.TestDateTimeFormat#testFormatParse_textMonthJanShort_UK
920,org.joda.time.TestLocalTime_Constructors#testConstructor_ObjectStringEx2
921,org.joda.time.convert.TestStringConverter#testGetDateTime
922,org.joda.time.chrono.TestIslamicChronology#testSampleDate3
923,org.joda.time.format.TestDateTimeFormat#testFormatParse_textMonthJanShortLowerCase_UK
924,org.joda.time.chrono.TestGJChronology#testFactory
925,org.joda.time.TestInterval_Constructors#testConstructor_RI_RI_zones
926,org.joda.time.TestLocalDate_Basics#testGetValues
927,org.joda.time.TestLocalDate_Constructors#testConstructor_DateTimeZone
928,org.joda.time.TestDateMidnight_Properties#testPropertyToIntervalYear
929,org.joda.time.tz.TestFixedDateTimeZone#testToTimeZone2
930,org.joda.time.TestDuration_Basics#testGetStandardSeconds
931,org.joda.time.TestSerialization#testSerializedDateMidnightProperty
932,org.joda.time.TestLocalDateTime_Basics#testToDateTime_nullRI
933,org.joda.time.TestDateTimeZoneCutover#test_DateTime_roundFloor_minuteOfHour_NewYork_Autumn_preCutover
934,org.joda.time.TestDateTimeZoneCutover#test_DateTime_setHourZero_Turk
935,org.joda.time.TestDateTimeUtils#testOffsetMillisToZero
936,org.joda.time.TestYearMonth_Constructors#testConstructor_ObjectStringEx1
937,org.joda.time.TestLocalDate_Basics#testMinus_RP
938,org.joda.time.TestMutableDateTime_Properties#testPropertySetDayOfWeek
939,org.joda.time.TestMutableDateTime_Sets#testSetChronology_Chronology2
940,org.joda.time.TestLocalTime_Constructors#testConstructor_ObjectString1Tokyo
941,org.joda.time.TestLocalDate_Constructors#testConstructor_long4_DateTimeZone
942,org.joda.time.TestMutablePeriod_Updates#testAdd_long1
943,org.joda.time.TestMutableDateTime_Adds#testAddWeeks_int1
944,org.joda.time.TestParseISO#testSpecWeekComplete
945,org.joda.time.TestLocalDate_Basics#testToInterval_nullZone
946,org.joda.time.TestParseISO#testSpecWeekTruncatedW
947,org.joda.time.chrono.TestEthiopicChronology#testWithUTC
948,org.joda.time.TestPartial_Constructors#testConstructorEx6_TypeArray_intArray
949,org.joda.time.TestMutableDateTime_Sets#testSet_DateTimeFieldType_int3
950,org.joda.time.TestDateMidnight_Properties#testPropertyRemainderMonthOfYear
951,org.joda.time.TestDateTimeFieldType#test_dayOfYear
952,org.joda.time.TestYearMonth_Properties#testPropertyAddYear
953,org.joda.time.TestMutablePeriod_Updates#testAddSeconds
954,org.joda.time.TestYearMonth_Constructors#testConstructor_ObjectString5
955,org.joda.time.TestTimeOfDay_Constructors#testConstructor_ObjectString5
956,org.joda.time.field.TestPreciseDurationField#test_getMillis_long_long
957,org.joda.time.TestDateTimeFieldType#test_secondOfMinute
958,org.joda.time.TestLocalDate_Basics#testToInterval_Zone
959,org.joda.time.TestLocalDateTime_Constructors#testConstructor_ObjectLocalDateTime
960,org.joda.time.TestTimeOfDay_Constructors#testConstructor_todObject
961,org.joda.time.TestYearMonthDay_Constructors#testConstructor_ObjectString2
962,org.joda.time.TestWeeks#testFactory_weeks_int
963,org.joda.time.field.TestPreciseDateTimeField#test_get
964,org.joda.time.TestPartial_Basics#testToString_String_Locale
965,org.joda.time.chrono.TestCopticChronology#testWithZone
966,org.joda.time.convert.TestConverterManager#testRemoveIntervalConverter1
967,org.joda.time.TestDateTimeZoneCutover#test_DateTime_withZoneRetainFields_Turk
968,org.joda.time.TestLocalDateTime_Basics#testToDateTime_Zone
969,org.joda.time.TestMutableDateTime_Properties#testPropertyAddWrapFieldDayOfWeek
970,org.joda.time.field.TestUnsupportedDateTimeField#testNullValuesToGetInstanceThrowsException
971,org.joda.time.chrono.TestBuddhistChronology#testKeyYears
972,org.joda.time.TestTimeOfDay_Basics#testSize
973,org.joda.time.TestMonthDay_Basics#testPlusDays_int
974,org.joda.time.TestSerialization#testSerializedDateTimeZone
975,org.joda.time.TestMutableDateTime_Properties#testPropertyRoundFloorHourOfDay
976,org.joda.time.format.TestISODateTimeFormat#testFormat_weekDateTimeNoMillis
977,org.joda.time.format.TestISODateTimeFormat#testFormat_tTime
978,org.joda.time.TestDateTime_Properties#testPropertyToIntervalSecondOfMinute
979,org.joda.time.TestDuration_Constructors#testConstructor_Object2
980,org.joda.time.TestMutableInterval_Updates#testSetInterval_long_long1
981,org.joda.time.TestMutablePeriod_Updates#testSetPeriod_long_long_NoMinutes
982,org.joda.time.TestYearMonthDay_Constructors#testConstructor_nullChronology
983,org.joda.time.convert.TestDateConverter#testSupportedType
984,org.joda.time.TestMutableDateTime_Sets#testSet_DateTimeFieldType_int2
985,org.joda.time.TestPartial_Properties#testPropertyAddMinute
986,org.joda.time.TestYearMonth_Constructors#testConstructor_nullDateTimeZone
987,org.joda.time.convert.TestStringConverter#testGetInstantMillis_Object_Zone
988,org.joda.time.format.TestDateTimeFormatter#testParseDateTime_simple
989,org.joda.time.TestPeriod_Basics#testNormalizedStandard_negative
990,org.joda.time.TestMutablePeriod_Updates#testAdd_RP6
991,org.joda.time.TestMutablePeriod_Updates#testClear
992,org.joda.time.TestPeriodType#testMinutes
993,org.joda.time.format.TestDateTimeFormatStyle#testForStyle_fullDate
994,org.joda.time.TestYearMonthDay_Basics#testGetField
995,org.joda.time.format.TestISODateTimeFormat#testFormat_weekyearWeek
996,org.joda.time.TestLocalTime_Constructors#testConstructor_ObjectString_DateTimeZoneTokyo
997,org.joda.time.TestDateTime_Basics#testMinusHours_int
998,org.joda.time.TestMutablePeriod_Updates#testAdd_RP5
999,org.joda.time.format.TestDateTimeFormat#testFormat_dayOfWeekShortText
1000,org.joda.time.TestInterval_Basics#testIsAfterNow
1001,org.joda.time.TestDays#testIsGreaterThan
1002,org.joda.time.TestDateMidnight_Basics#testMinusDays_int
1003,org.joda.time.field.TestPreciseDurationDateTimeField#test_add_RP_int_intarray_int
1004,org.joda.time.TestLocalDateTime_Constructors#testConstructor_ObjectString2
1005,org.joda.time.TestSerialization#testTest
1006,org.joda.time.TestLocalDate_Constructors#testConstructor_long2_Chronology
1007,org.joda.time.TestInstant_Basics#testMinus_long
1008,org.joda.time.TestLocalDate_Basics#testEqualsHashCodeAPI
1009,org.joda.time.TestLocalDateTime_Properties#testPropertySetCopyDay
1010,org.joda.time.TestLocalTime_Basics#testEqualsHashCode
1011,org.joda.time.TestDateTimeComparator#testStaticGetInstanceLowerUpper
1012,org.joda.time.convert.TestConverterManager#testGetIntervalConverterRemovedNull
1013,org.joda.time.TestLocalDate_Constructors#testConstructor_long1_DateTimeZone
1014,org.joda.time.TestInterval_Constructors#testConstructor_RI_RI5
1015,org.joda.time.format.TestDateTimeFormat#testFormat_dayOfMonth
1016,org.joda.time.TestDateTime_Constructors#testConstructor
1017,org.joda.time.TestMutableInterval_Basics#testToPeriod
1018,org.joda.time.TestPeriod_Basics#testToStandardWeeks_months
1019,org.joda.time.TestParseISO#testSpecExpandedCY
1020,org.joda.time.TestHours#testAddToLocalDate
1021,org.joda.time.format.TestPeriodFormatterBuilder#testFormatWeeks
1022,org.joda.time.TestLocalDate_Basics#testToDateTimeAtMidnight
1023,org.joda.time.TestMutableDateTime_Adds#testTest
1024,org.joda.time.TestPeriodType#testMonths
1025,org.joda.time.field.TestBaseDateTimeField#test_getAsShortText_RP_Locale
1026,org.joda.time.TestLocalTime_Constructors#testConstructor_int_int_int
1027,org.joda.time.TestMutableDateTime_Sets#testSetWeekOfWeekyear_int1
1028,org.joda.time.format.TestISODateTimeFormat_Fields#testForFields_time_HM
1029,org.joda.time.TestDateTime_Basics#testPlusWeeks_int
1030,org.joda.time.chrono.TestJulianChronology#testFactory
1031,org.joda.time.TestYearMonth_Constructors#testConstructor_Chronology
1032,org.joda.time.TestInterval_Basics#testWithPeriodBeforeEnd2
1033,org.joda.time.format.TestPeriodFormat#test_wordBased_pt_FormatOneField
1034,org.joda.time.TestLocalTime_Basics#testIsBefore_LocalTime
1035,org.joda.time.convert.TestReadableInstantConverter#testGetPartialValues
1036,org.joda.time.format.TestDateTimeFormatter#testParseDateTime_zone3
1037,org.joda.time.convert.TestConverterSet#testRemoveNullRemoved2
1038,org.joda.time.TestYearMonth_Properties#testPropertySetMonth
1039,org.joda.time.TestPeriod_Basics#testNormalizedStandard_yearMonth2
1040,org.joda.time.TestDateTimeFieldType#test_era
1041,org.joda.time.TestYearMonth_Constructors#testFactory_FromDateFields
1042,org.joda.time.field.TestBaseDateTimeField#test_roundFloor_long
1043,org.joda.time.TestPeriodType#testMaskWeeks
1044,org.joda.time.format.TestISODateTimeFormat_Fields#testForFields_weekBased_Y
1045,org.joda.time.TestMinutes#testFactory_parseMinutes_String
1046,org.joda.time.field.TestPreciseDurationDateTimeField#test_getMaximumValue_RP
1047,org.joda.time.TestPeriod_Constructors#testConstructor_long_Chronology2
1048,org.joda.time.field.TestPreciseDurationField#test_getMillis_int
1049,org.joda.time.TestDateTime_Basics#testPlusYears_int
1050,org.joda.time.TestDateTime_Constructors#testConstructor_nullChronology
1051,org.joda.time.TestLocalTime_Properties#testPropertyCompareToSecond
1052,org.joda.time.TestDateMidnight_Basics#testToDateTime_DateTimeZone
1053,org.joda.time.format.TestISODateTimeFormat#testFormat_tTimeNoMillis
1054,org.joda.time.convert.TestReadableIntervalConverter#testSetIntoInterval_Object4
1055,org.joda.time.chrono.TestEthiopicChronology#testFactory
1056,org.joda.time.TestDuration_Constructors#testConstructor_Object5
1057,org.joda.time.TestMutablePeriod_Constructors#testConstructor_long_long2
1058,org.joda.time.format.TestPeriodFormatterBuilder#testFormatPrintZeroRarelyFirstMonths
1059,org.joda.time.TestDateMidnight_Basics#testWithZoneRetainFields_DateTimeZone
1060,org.joda.time.TestTimeOfDay_Properties#testPropertySetTextSecond
1061,org.joda.time.format.TestDateTimeFormatter#testParseMutableDateTime_zone
1062,org.joda.time.TestLocalTime_Constructors#testConstructor_nullObject_DateTimeZone
1063,org.joda.time.format.TestPeriodFormatterBuilder#testFormatSecondsWithMillis
1064,org.joda.time.field.TestPreciseDurationField#test_toString
1065,org.joda.time.TestDateTime_Constructors#testConstructor_long_nullDateTimeZone
1066,org.joda.time.TestMutableDateTime_Constructors#testConstructor_nullObject_nullChronology
1067,org.joda.time.format.TestPeriodFormat#test_getDefault_FormatOneField
1068,org.joda.time.TestYearMonthDay_Constructors#testConstructor_int_int_int
1069,org.joda.time.TestPeriod_Constructors#testConstructor_RP_RP3
1070,org.joda.time.TestTimeOfDay_Properties#testPropertySetTextHour
1071,org.joda.time.TestDateTimeZone#testDefaultSecurity
1072,org.joda.time.TestLocalDateTime_Properties#testPropertyCompareToDay
1073,org.joda.time.TestLocalDate_Basics#testIsEqual_LocalDate
1074,org.joda.time.TestDateTimeFieldType#test_year
1075,org.joda.time.TestPeriod_Constructors#testConstructor_RI_RI3
1076,org.joda.time.TestInterval_Basics#testOverlap_RInterval_zoneUTC
1077,org.joda.time.TestDateTime_Constructors#testConstructor_Object_Chronology
1078,org.joda.time.format.TestISODateTimeFormat#testFormat_timeNoMillis_partial
1079,org.joda.time.TestLocalTime_Properties#testPropertyGetMaxMinValuesSecond
1080,org.joda.time.format.TestISODateTimeFormat_Fields#testForFields_calBased_YM
1081,org.joda.time.TestTimeOfDay_Basics#testWithField4
1082,org.joda.time.TestPartial_Properties#testPropertyWithMinimumValueHour
1083,org.joda.time.TestPeriod_Basics#testNormalizedStandard_weekDay1
1084,org.joda.time.TestLocalDate_Basics#testToDateTimeAtCurrentTime_Zone
1085,org.joda.time.TestTimeOfDay_Constructors#testFactoryMillisOfDay_long_nullChronology
1086,org.joda.time.TestPartial_Basics#testWithFieldAddWrapped8
1087,org.joda.time.TestLocalDate_Constructors#testConstructor_nullObject_DateTimeZone
1088,org.joda.time.TestMutableDateTime_Constructors#testConstructor_invalidObject
1089,org.joda.time.TestDateTime_Properties#testPropertyGetMinuteOfDay
1090,org.joda.time.TestMutableInterval_Updates#testSeDurationAfterStart_long2
1091,org.joda.time.TestMutableDateTime_Constructors#testConstructor_long1_Chronology
1092,org.joda.time.TestLocalDate_Basics#testToString_String_Locale
1093,org.joda.time.chrono.TestIslamicChronology#test16BasedLeapYear
1094,org.joda.time.TestMonthDay_Properties#testPropertyCompareToDayOfMonth
1095,org.joda.time.TestDateTime_Properties#testPropertyAddYear
1096,org.joda.time.TestMutableDateTime_Adds#testAdd_RD2
1097,org.joda.time.TestInterval_Constructors#testConstructor_RI_RP2
1098,org.joda.time.TestPeriod_Basics#testIndexOf
1099,org.joda.time.TestDateMidnight_Basics#testMinus_RP
1100,org.joda.time.TestSerialization#testSerializedTimeOfDay
1101,org.joda.time.TestYearMonth_Constructors#testConstructor
1102,org.joda.time.field.TestPreciseDateTimeField#test_add_long_long
1103,org.joda.time.TestMutableDateTime_Adds#testAdd_DurationFieldType_int3
1104,org.joda.time.format.TestDateTimeFormatStyle#testForStyle_stringLengths
1105,org.joda.time.format.TestISOPeriodFormatParsing#testParseStandardFail1
1106,org.joda.time.format.TestISODateTimeFormatParsing#test_basicDateTimeNoMillis
1107,org.joda.time.TestMutablePeriod_Updates#testSetPeriod_long1
1108,org.joda.time.TestPartial_Basics#testWithout4
1109,org.joda.time.TestDateTimeZoneCutover#test_DateTime_setHourBack_NewYork_Spring
1110,org.joda.time.TestDateTimeZone#testGetNameKey
1111,org.joda.time.TestDateTime_Constructors#testConstructor_int_int_int_int_int
1112,org.joda.time.TestDateTime_Basics#testWithers
1113,org.joda.time.TestDateTime_Properties#testPropertyRoundHalfCeilingHourOfDay
1114,org.joda.time.TestPeriod_Constructors#testConstructor_RP_RP_PeriodType5
1115,org.joda.time.TestYears#testIsGreaterThan
1116,org.joda.time.TestMonths#testFactory_monthsBetween_RInstant
1117,org.joda.time.TestDateTime_Properties#testPropertySetYear
1118,org.joda.time.field.TestPreciseDateTimeField#test_getType
1119,org.joda.time.TestDateTime_Properties#testPropertyRoundHalfFloorHourOfDay
1120,org.joda.time.TestDateTime_Constructors#testConstructor_long1_Chronology
1121,org.joda.time.TestDateTime_Properties#testPropertyGetMillisOfDay
1122,org.joda.time.format.TestDateTimeFormat#testFormat_yearOfEraParse
1123,org.joda.time.chrono.TestBuddhistChronology#testToString
1124,org.joda.time.TestMutableDateTime_Constructors#testConstructor_invalidObject_Chronology
1125,org.joda.time.TestMutableInterval_Constructors#testConstructor_long_long1
1126,org.joda.time.TestTimeOfDay_Basics#testWithChronologyRetainFields_Chrono
1127,org.joda.time.TestDuration_Basics#testIsEqual
1128,org.joda.time.TestMonths#testToString
1129,org.joda.time.TestPeriod_Constructors#testConstructor_Object2
1130,org.joda.time.TestInterval_Constructors#testConstructor_RI_RI6
1131,org.joda.time.TestDateTime_Properties#testPropertyCompareToWeekOfWeekyear
1132,org.joda.time.chrono.TestGJChronology#testCutoverAddWeekyears
1133,org.joda.time.chrono.TestISOChronology#testAddMonths
1134,org.joda.time.format.TestDateTimeFormat#testFormat_hourOfHalfday
1135,org.joda.time.TestInterval_Constructors#testConstructor_RP_RI3
1136,org.joda.time.TestYearMonthDay_Constructors#testConstructor_ObjectStringEx3
1137,org.joda.time.chrono.TestIslamicChronology#testSampleDate1
1138,org.joda.time.TestYearMonth_Basics#testWithFieldAdded_nullField_nonZero
1139,org.joda.time.TestPeriod_Constructors#testConstructor_RP_RP1
1140,org.joda.time.TestPartial_Basics#testGet
1141,org.joda.time.TestDateTimeComparator#testNullDT
1142,org.joda.time.TestPeriodType#testTest
1143,org.joda.time.TestDateTime_Constructors#testConstructor_nullObject_nullChronology
1144,org.joda.time.format.TestISOPeriodFormatParsing#testParseStandard7
1145,org.joda.time.field.TestOffsetDateTimeField#test_set_long_int
1146,org.joda.time.TestLocalDate_Basics#testToDate_winter
1147,org.joda.time.field.TestOffsetDateTimeField#test_getMaximumValue_RP_intarray
1148,org.joda.time.TestLocalDateTime_Basics#testCompareTo
1149,org.joda.time.format.TestISODateTimeFormat_Fields#testForFields_calBased_M
1150,org.joda.time.tz.TestBuilder#testReverseTransitions
1151,org.joda.time.TestMutablePeriod_Updates#testAdd_RD3
1152,org.joda.time.field.TestOffsetDateTimeField#test_getMaximumTextLength_Locale
1153,org.joda.time.TestLocalTime_Basics#testMinusHours_int
1154,org.joda.time.TestMutablePeriod_Basics#testSerialization
1155,org.joda.time.tz.TestCompiler#test_Amman_2006
1156,org.joda.time.TestMutablePeriod_Updates#testSetPeriod_RI_RI3
1157,org.joda.time.convert.TestDateConverter#testGetPartialValues
1158,org.joda.time.format.TestISODateTimeFormat_Fields#testForFields_datetime_YH
1159,org.joda.time.TestLocalTime_Properties#testPropertyPlusNoWrapMilli
1160,org.joda.time.format.TestISOPeriodFormatParsing#testParseStandard4
1161,org.joda.time.TestDateMidnight_Properties#testPropertyGetEra
1162,org.joda.time.TestDateMidnight_Properties#testPropertyRoundHalfFloorMonthOfYear
1163,org.joda.time.TestLocalDateTime_Basics#testGetField_int
1164,org.joda.time.field.TestBaseDateTimeField#test_getMaximumValue_long
1165,org.joda.time.TestTimeOfDay_Constructors#testConstructor2_Object_Chronology
1166,org.joda.time.TestYearMonth_Basics#testMinusMonths_int
1167,org.joda.time.TestPartial_Basics#testWith2
1168,org.joda.time.chrono.TestIslamicChronology#testFactory
1169,org.joda.time.TestMutableDateTime_Properties#testPropertyAddWrapFieldMonthOfYear
1170,org.joda.time.TestMonthDay_Basics#testWithers
1171,org.joda.time.TestMutableInterval_Constructors#testConstructor_RI_RI8
1172,org.joda.time.TestPeriod_Basics#testToString_PeriodFormatter
1173,org.joda.time.TestYearMonth_Constructors#testConstructor_ObjectStringEx3
1174,org.joda.time.field.TestPreciseDurationField#test_hashCode
1175,org.joda.time.TestDateMidnight_Basics#testWithDurationAdded_RD_int
1176,org.joda.time.TestLocalDateTime_Properties#testPropertyCompareToSecond
1177,org.joda.time.format.TestPeriodFormatterBuilder#testBug2495455
1178,org.joda.time.field.TestPreciseDateTimeField#test_getMaximumValue_RP_intarray
1179,org.joda.time.TestMutablePeriod_Updates#testAdd_RP4
1180,org.joda.time.format.TestDateTimeFormat#testFormat_dayOfWeek
1181,org.joda.time.TestMutableInterval_Basics#testIsBefore_RI
1182,org.joda.time.TestWeeks#testAddToLocalDate
1183,org.joda.time.format.TestDateTimeFormatStyle#testForStyle_mediumLongDateTime
1184,org.joda.time.field.TestPreciseDateTimeField#test_toString
1185,org.joda.time.TestYearMonthDay_Basics#testToString_String_Locale
1186,org.joda.time.field.TestScaledDurationField#test_constructor
1187,org.joda.time.TestMonthDay_Constructors#testConstructor_ObjectStringEx2
1188,org.joda.time.TestDateTimeZoneCutover#test_DateTime_minusHour_Turk
1189,org.joda.time.format.TestPeriodFormat#test_getDefault_cached
1190,org.joda.time.TestLocalDateTime_Properties#testPropertyAddWrapFieldToCopyMinute
1191,org.joda.time.format.TestPeriodFormatterBuilder#testFormatPrefixSimple2
1192,org.joda.time.TestYearMonth_Basics#testCompareTo
1193,org.joda.time.field.TestBaseDateTimeField#test_getMinimumValue
1194,org.joda.time.tz.TestCompiler#test_Amman_2005
1195,org.joda.time.format.TestPeriodFormatterBuilder#testToFormatterPrinterParser
1196,org.joda.time.TestDateTimeZone#testGetNameNullKey
1197,org.joda.time.field.TestPreciseDurationDateTimeField#test_isLeap_long
1198,org.joda.time.TestDuration_Basics#testWithMillis1
1199,org.joda.time.format.TestISOPeriodFormatParsing#testParseStandard11
1200,org.joda.time.TestLocalTime_Basics#testWithField_DateTimeFieldType_int_2
1201,org.joda.time.field.TestScaledDurationField#test_hashCode
1202,org.joda.time.TestYearMonthDay_Basics#testToString
1203,org.joda.time.TestDateTime_Properties#testPropertyToIntervalYearOfEra
1204,org.joda.time.TestYearMonth_Basics#testWithChronologyRetainFields_nullChrono
1205,org.joda.time.TestDateTimeComparator#testSerialization1
1206,org.joda.time.TestBaseSingleFieldPeriod#testFieldTypeIndexMethods
1207,org.joda.time.field.TestPreciseDurationDateTimeField#test_set_long_int
1208,org.joda.time.TestPartial_Basics#testWithout2
1209,org.joda.time.convert.TestConverterManager#testAddInstantConverter1
1210,org.joda.time.TestMutableDateTime_Constructors#testConstructor_int_int_int_int_int_int_int_nullDateTimeZone
1211,org.joda.time.TestDateMidnight_Properties#testPropertyGetYear
1212,org.joda.time.TestYearMonth_Properties#testPropertySetTextMonth
1213,org.joda.time.field.TestOffsetDateTimeField#test_set_RP_int_intarray_int
1214,org.joda.time.TestMutablePeriod_Updates#testSetMillis
1215,org.joda.time.format.TestDateTimeFormatter#testParseDateTime_offsetParsed
1216,org.joda.time.TestDateTime_Properties#testPropertyRoundHalfEvenHourOfDay
1217,org.joda.time.TestLocalTime_Constructors#testConstructor_int_int
1218,org.joda.time.convert.TestNullConverter#testSingleton
1219,org.joda.time.format.TestDateTimeFormat#testFormat_year
1220,org.joda.time.TestDateTimeUtils#testOffsetMillis
1221,org.joda.time.format.TestPeriodFormat#test_wordBased_nl_formatStandard
1222,org.joda.time.TestHours#testToString
1223,org.joda.time.TestTimeOfDay_Basics#testGetFields
1224,org.joda.time.chrono.TestIslamicChronology#testHabashAlHasibBasedLeapYear
1225,org.joda.time.TestInterval_Basics#testToString
1226,org.joda.time.TestYearMonthDay_Basics#testWithField4
1227,org.joda.time.TestPeriod_Constructors#testConstructor_long_long_PeriodType_Chronology2
1228,org.joda.time.field.TestScaledDurationField#test_getDifferenceAsLong_long_long
1229,org.joda.time.format.TestPeriodFormatterBuilder#testFormatAppend_PrinterParser_null_Parser
1230,org.joda.time.TestYearMonth_Constructors#testConstructor_nullChronology
1231,org.joda.time.chrono.TestGJChronology#testCutoverAddDays
1232,org.joda.time.TestLocalTime_Basics#testToDateTime_RI
1233,org.joda.time.field.TestUnsupportedDateTimeField#testPublicGetNameMethod
1234,org.joda.time.TestDateTime_Basics#testIsAfter_long
1235,org.joda.time.TestSerialization#testSerializedPeriodType
1236,org.joda.time.format.TestPeriodFormatterBuilder#testFormatAppend_PrinterParser_null_null
1237,org.joda.time.TestMutableDateTime_Properties#testPropertyGetMinuteOfHour
1238,org.joda.time.TestLocalDateTime_Constructors#testConstructor_Object1
1239,org.joda.time.TestDateTime_Constructors#testConstructor_ObjectString3
1240,org.joda.time.TestDateTimeZoneCutover#test_DateTime_roundFloor_minuteOfHour_NewYork_Autumn_postCutover
1241,org.joda.time.TestDuration_Basics#testWithDurationAdded_long_int5
1242,org.joda.time.convert.TestDateConverter#testGetChronology_Object_Zone
1243,org.joda.time.TestLocalDateTime_Constructors#testConstructor_int_int_int_Chronology
1244,org.joda.time.TestMutablePeriod_Constructors#testConstructor_long_PeriodType1
1245,org.joda.time.TestMutableDateTime_Properties#testPropertyRemainderHourOfDay
1246,org.joda.time.TestHours#testIsGreaterThan
1247,org.joda.time.TestYearMonthDay_Basics#testPlusDays_int
1248,org.joda.time.TestMonthDay_Constructors#testFactory_FromDateFields
1249,org.joda.time.TestDateTimeZone#testGetName
1250,org.joda.time.TestLocalTime_Basics#testToDateTimeTodayDefaultZone
1251,org.joda.time.TestYearMonth_Properties#testPropertyCompareToMonth
1252,org.joda.time.field.TestPreciseDateTimeField#test_getRange
1253,org.joda.time.TestPartial_Basics#testPlus_RP
1254,org.joda.time.format.TestISODateTimeFormat_Fields#testForFields_time_Mm
1255,org.joda.time.TestMutableDateTime_Adds#testAdd_RP_int1
1256,org.joda.time.convert.TestNullConverter#testGetChronology_Object_Chronology
1257,org.joda.time.format.TestISOPeriodFormatParsing#testParseStandard1
1258,org.joda.time.TestPartial_Basics#testWith3a
1259,org.joda.time.TestPartial_Constructors#testConstructorEx7_TypeArray_intArray
1260,org.joda.time.TestLocalDate_Constructors#testFactory_FromDateFields
1261,org.joda.time.TestTimeOfDay_Properties#testPropertyAddWrapFieldMilli
1262,org.joda.time.TestDateTimeZone#testGetShortNameNullKey
1263,org.joda.time.TestMutableInterval_Updates#testSetDurationBeforeEnd_long1
1264,org.joda.time.TestTimeOfDay_Properties#testPropertyGetMinute
1265,org.joda.time.TestLocalTime_Constructors#testConstructor_ObjectStringEx3
1266,org.joda.time.TestDuration_Basics#testPlus_RD3
1267,org.joda.time.chrono.TestCopticChronology#testFactory_Zone
1268,org.joda.time.TestLocalDateTime_Properties#testPropertyAddToCopyMinute
1269,org.joda.time.TestDateTimeZoneCutover#test_DateTime_withZoneRetainFields_Gaza
1270,org.joda.time.field.TestScaledDurationField#testSerialization
1271,org.joda.time.TestMutablePeriod_Updates#testSetPeriod_RD3
1272,org.joda.time.TestYearMonthDay_Basics#testWithChronologyRetainFields_invalidInNewChrono
1273,org.joda.time.TestInstant_Basics#testGet_DateTimeFieldType
1274,org.joda.time.TestLocalDateTime_Basics#testMinus_RP
1275,org.joda.time.TestDurationFieldType#test_years
1276,org.joda.time.convert.TestConverterManager#testGetInstantConverterOKMultipleMatches
1277,org.joda.time.convert.TestReadablePeriodConverter#testSupportedType
1278,org.joda.time.TestMutableInterval_Basics#testTest
1279,org.joda.time.TestPeriodType#testYearDayTime
1280,org.joda.time.TestDateMidnight_Basics#testIsBefore
1281,org.joda.time.TestDateTime_Properties#testPropertyToIntervalMillisOfSecond
1282,org.joda.time.TestDateTimeZone#testEqualsHashCode
1283,org.joda.time.TestMonthDay_Properties#testPropertyAddDayOfMonth
1284,org.joda.time.TestDateTimeZoneCutover#test_DateTime_plusDayMidGap_Turk
1285,org.joda.time.TestBasePartial#testSetMethods
1286,org.joda.time.TestMutableInterval_Updates#testSetInterval_RI_RI2
1287,org.joda.time.TestDateTime_Basics#testWithZoneRetainFields_DateTimeZone
1288,org.joda.time.TestYearMonthDay_Properties#testPropertyCompareToDay
1289,org.joda.time.TestDateTime_Constructors#testConstructor_invalidObject
1290,org.joda.time.TestDuration_Basics#testToPeriodFrom_PeriodType
1291,org.joda.time.TestInterval_Constructors#testConstructor_long_long1
1292,org.joda.time.TestLocalDateTime_Properties#testPropertyGetDay
1293,org.joda.time.TestDateMidnight_Properties#testPropertyRoundCeilingMonthOfYear
1294,org.joda.time.TestLocalTime_Constructors#testFactoryMillisOfDay_long
1295,org.joda.time.format.TestPeriodFormat#test_wordBased_nl_cached
1296,org.joda.time.format.TestISODateTimeFormat#testFormat_hourMinuteSecond
1297,org.joda.time.TestYearMonthDay_Properties#testPropertyGetMonth
1298,org.joda.time.TestYearMonth_Properties#testPropertyGetMaxMinValuesMonth
1299,org.joda.time.TestYearMonthDay_Basics#testToDateMidnight_Zone
1300,org.joda.time.TestDateTime_Constructors#testConstructor_DateTimeZone
1301,org.joda.time.TestLocalDateTime_Basics#testSerialization
1302,org.joda.time.tz.TestUTCProvider#testGetAvailableIDs
1303,org.joda.time.format.TestISODateTimeFormat#testFormat_year
1304,org.joda.time.TestTimeOfDay_Properties#testPropertyAddNoWrapMinute
1305,org.joda.time.TestLocalTime_Constructors#testConstructor_Object1_DateTimeZone
1306,org.joda.time.TestLocalTime_Constructors#testConstructor_ObjectString_DateTimeZoneNewYork
1307,org.joda.time.TestInterval_Basics#testContains_RI_zeroDuration
1308,org.joda.time.TestMutableDateTime_Properties#testPropertySetTextDayOfMonth
1309,org.joda.time.TestDateTimeComparator#testYear
1310,org.joda.time.TestInterval_Constructors#testConstructor_RD_RI3
1311,org.joda.time.TestMonthDay_Constructors#testConstructor_long2
1312,org.joda.time.TestDays#testToStandardSeconds
1313,org.joda.time.TestYearMonthDay_Basics#testIsEqual_YMD
1314,org.joda.time.TestInstant_Basics#testIsAfter_long
1315,org.joda.time.TestDateTimeZoneCutover#test_DateTime_roundCeiling_hour_NewYork_Spring_postCutover
1316,org.joda.time.TestDateTime_Properties#testPropertyAddMonthOfYear
1317,org.joda.time.field.TestPreciseDurationDateTimeField#test_set_long_String_Locale
1318,org.joda.time.TestDateMidnight_Basics#testWithField1
1319,org.joda.time.TestDateTimeZone#testGetShortNameProviderName
1320,org.joda.time.TestMonthDay_Properties#testPropertyEqualsHashCodeStrict
1321,org.joda.time.TestLocalTime_Basics#testMinusMinutes_int
1322,org.joda.time.TestInterval_Basics#testGap_RInterval_null
1323,org.joda.time.TestLocalTime_Properties#testPropertySetHour
1324,org.joda.time.TestInstant_Basics#testWithDurationAdded_RD_int
1325,org.joda.time.TestMutableInterval_Basics#testToMutableInterval1
1326,org.joda.time.TestYearMonthDay_Basics#testIsSupported
1327,org.joda.time.TestMutableDateTime_Properties#testPropertySetDayOfYear
1328,org.joda.time.TestPeriod_Basics#testPlusFields
1329,org.joda.time.format.TestDateTimeFormat#testFormat_monthOfYearText
1330,org.joda.time.TestPeriod_Constructors#testConstructor_long3
1331,org.joda.time.convert.TestStringConverter#testSetIntoPeriod_Object1
1332,org.joda.time.TestLocalDateTime_Properties#testPropertyWithMaxMinValueHour
1333,org.joda.time.TestMutableDateTime_Basics#testRounding3
1334,org.joda.time.TestDays#testPlus_Days
1335,org.joda.time.chrono.TestGJChronology#testMaximumValue
1336,org.joda.time.TestPeriod_Constructors#testFactoryFieldDifference4
1337,org.joda.time.TestDateTime_Properties#testPropertyGetMaxMinValuesWeekOfWeekyear
1338,org.joda.time.TestLocalDateTime_Constructors#testConstructor_Chronology
1339,org.joda.time.convert.TestConverterManager#testAddDurationConverter2
1340,org.joda.time.TestDateTimeUtils#testSystemMillis
1341,org.joda.time.TestPeriod_Constructors#testConstructor_long_PeriodType4
1342,org.joda.time.TestSeconds#testFactory_seconds_int
1343,org.joda.time.format.TestISODateTimeFormat_Fields#testForFields_ordinalBased_YD
1344,org.joda.time.TestLocalDateTime_Constructors#testConstructor_nullObject_DateTimeZone
1345,org.joda.time.field.TestScaledDurationField#test_getValue_long_long
1346,org.joda.time.TestInterval_Basics#testWithEndMillis_long3
1347,org.joda.time.TestSeconds#testSerialization
1348,org.joda.time.format.TestISODateTimeFormat#testFormat_dateTime
1349,org.joda.time.TestYearMonth_Constructors#testConstructor_Object
1350,org.joda.time.format.TestPeriodFormatterBuilder#testFormatPrefixPlural1
1351,org.joda.time.convert.TestLongConverter#testSupportedType
1352,org.joda.time.TestLocalDate_Basics#testToDateTimeAtStartOfDay_nullZone
1353,org.joda.time.format.TestPeriodFormatterBuilder#testFormatPrefixPlural2
1354,org.joda.time.TestDateTime_Properties#testPropertyAddWrapFieldDayOfYear
1355,org.joda.time.TestInstant_Constructors#testConstructor_long1
1356,org.joda.time.TestInstant_Constructors#testConstructor_badconverterObject
1357,org.joda.time.chrono.TestGJChronology#testCutoverAddMonths
1358,org.joda.time.format.TestDateTimeFormatter#testPrinterParserMethods
1359,org.joda.time.format.TestPeriodFormatParsing#testParseCustom1
1360,org.joda.time.TestTimeOfDay_Basics#testToDateTimeToday
1361,org.joda.time.TestPeriodType#testSeconds
1362,org.joda.time.TestHours#testFactory_hoursIn_RInterval
1363,org.joda.time.TestDateMidnight_Basics#testWithDurationAdded_RP_int
1364,org.joda.time.chrono.TestCopticChronology#testTimeFields
1365,org.joda.time.TestMutableDateTime_Basics#testRounding4
1366,org.joda.time.TestMutablePeriod_Basics#testGetMethods
1367,org.joda.time.field.TestBaseDateTimeField#test_getDifferenceAsLong_long_long
1368,org.joda.time.TestYearMonthDay_Constructors#testConstructor_long1_Chronology
1369,org.joda.time.TestYearMonthDay_Constructors#testConstructor_ObjectString4
1370,org.joda.time.field.TestPreciseDurationField#test_getUnitMillis
1371,org.joda.time.TestInterval_Constructors#testConstructor_Object6
1372,org.joda.time.TestYearMonth_Basics#testGetField
1373,org.joda.time.TestInterval_Basics#testWithChronology3
1374,org.joda.time.TestLocalDate_Basics#testToLocalDateTime_nullLocalTime
1375,org.joda.time.TestMutableInterval_Constructors#testConstructor_RI_RI9
1376,org.joda.time.TestDateMidnight_Basics#testWithFields_RPartial
1377,org.joda.time.TestMutablePeriod_Updates#testSetPeriod_8ints1
1378,org.joda.time.TestParseISO#testSpecTimeTruncatedS
1379,org.joda.time.TestYearMonth_Constructors#testConstructor_DateTimeZone
1380,org.joda.time.TestLocalDate_Basics#testWithField_DateTimeFieldType_int_1
1381,org.joda.time.TestTimeOfDay_Basics#testIsAfter_TOD
1382,org.joda.time.TestLocalDate_Basics#testToDate_springDST_2Hour40Savings
1383,org.joda.time.TestLocalDateTime_Basics#testToDateTime_RI
1384,org.joda.time.TestMutableInterval_Basics#testContains_RInterval
1385,org.joda.time.TestLocalDate_Constructors#testFactory_FromCalendarFields
1386,org.joda.time.format.TestISODateTimeFormat#testFormat_time
1387,org.joda.time.format.TestPeriodFormat#test_wordBased_nl_parseOneField
1388,org.joda.time.field.TestBaseDateTimeField#test_getAsShortText_int_Locale
1389,org.joda.time.TestYearMonthDay_Properties#testPropertyAddWrapFieldDay
1390,org.joda.time.TestSeconds#testNegated
1391,org.joda.time.TestPeriod_Constructors#testConstructor_RI_RD2
1392,org.joda.time.convert.TestConverterSet#testRemoveBadIndex1
1393,org.joda.time.TestMutablePeriod_Updates#testSetPeriod_RP3
1394,org.joda.time.TestTimeOfDay_Constructors#testConstructor_int_int_int_nullChronology
1395,org.joda.time.TestMutableDateTime_Constructors#testConstructor
1396,org.joda.time.TestTimeOfDay_Properties#testPropertySetTextMinute
1397,org.joda.time.field.TestOffsetDateTimeField#test_set_long_String_Locale
1398,org.joda.time.TestMutableDateTime_Properties#testPropertyAddWrapFieldDayOfMonth
1399,org.joda.time.TestDateTimeZoneCutover#test_DateTime_plusHour_Guatemata_Autumn
1400,org.joda.time.TestDateTimeZoneCutover#test_DateTime_minusHour_Guatemata_Autumn
1401,org.joda.time.TestMutableDateTime_Constructors#testConstructor_nullObject_nullDateTimeZone
1402,org.joda.time.format.TestPeriodFormat#test_wordBased_fr_parseOneField
1403,org.joda.time.TestDateTimeZone#testConstructor
1404,org.joda.time.TestYearMonth_Basics#testToString
1405,org.joda.time.TestDateTime_Constructors#testConstructor_int_int_int_int_int_int_DateTimeZone
1406,org.joda.time.TestParseISO#testSpecTimeTruncatedFractionM
1407,org.joda.time.TestPeriod_Basics#testWithField1
1408,org.joda.time.TestLocalDateTime_Constructors#testConstructor_ObjectStringEx1
1409,org.joda.time.TestPeriod_Constructors#testFactoryMillis
1410,org.joda.time.TestParseISO#testSpecTruncatedYM
1411,org.joda.time.TestInterval_Basics#testAbuts_RInterval_null
1412,org.joda.time.TestSerialization#testSerializedDateTime
1413,org.joda.time.TestDuration_Constructors#testFactory_standardMinutes_long
1414,org.joda.time.convert.TestNullConverter#testGetPartialValues
1415,org.joda.time.format.TestISODateTimeFormat_Fields#testForFields_time_m
1416,org.joda.time.TestPeriodType#testMaskHours
1417,org.joda.time.TestDateTime_Properties#testPropertyToIntervalDayOfMonth
1418,org.joda.time.TestDateTime_Basics#testToDateTime
1419,org.joda.time.TestYearMonthDay_Properties#testPropertyEquals
1420,org.joda.time.TestPartial_Properties#testPropertyAddHour
1421,org.joda.time.format.TestDateTimeFormat#testFormat_weekyearOfEra_twoDigit
1422,org.joda.time.TestHours#testMinus_Hours
1423,org.joda.time.TestDuration_Basics#testToString
1424,org.joda.time.tz.TestBuilder#testID
1425,org.joda.time.TestInterval_Basics#testOverlaps_RInterval
1426,org.joda.time.TestYearMonth_Constructors#testConstructor_long1
1427,org.joda.time.TestDateMidnight_Constructors#testConstructor
1428,org.joda.time.TestMutablePeriod_Constructors#testConstructor_Object_PeriodType4
1429,org.joda.time.TestParseISO#testSpecWeekTruncatedWD
1430,org.joda.time.TestDateTime_Constructors#testConstructor_long2_DateTimeZone
1431,org.joda.time.TestPeriod_Basics#testWith
1432,org.joda.time.TestPeriod_Constructors#testConstructor_RP_RP4
1433,org.joda.time.TestDateTime_Properties#testPropertyLeapMonthOfYear
1434,org.joda.time.TestWeeks#testGetMethods
1435,org.joda.time.TestMinutes#testToStandardHours
1436,org.joda.time.TestDateMidnight_Basics#testWithFieldAdded1
1437,org.joda.time.format.TestISODateTimeFormatParsing#test_localDateOptionalTimeParser
1438,org.joda.time.field.TestMillisDurationField#test_add_long_long
1439,org.joda.time.TestYearMonthDay_Constructors#testConstructor_DateTimeZone
1440,org.joda.time.TestMutableInterval_Basics#testToInterval1
1441,org.joda.time.TestMutableInterval_Basics#testContains_long
1442,org.joda.time.TestMonthDay_Constructors#testConstructor_nullObject
1443,org.joda.time.TestLocalDateTime_Basics#testIsBefore_LocalDateTime
1444,org.joda.time.TestMutablePeriod_Constructors#testConstructor_8int__PeriodType1
1445,org.joda.time.field.TestScaledDurationField#test_add_long_int
1446,org.joda.time.TestDuration_Basics#testMinus_long2
1447,org.joda.time.TestMutableDateTime_Sets#testSet_DateTimeFieldType_int1
1448,org.joda.time.TestYearMonthDay_Basics#testToString_DTFormatter
1449,org.joda.time.TestYearMonth_Basics#testPlusMonths_int
1450,org.joda.time.TestPeriod_Basics#testToStandardSeconds
1451,org.joda.time.TestDurationFieldType#test_days
1452,org.joda.time.TestMutableDateTime_Properties#testPropertySetTextWeekOfWeekyear
1453,org.joda.time.convert.TestStringConverter#testSetIntoIntervalEx_Object_Chronology5
1454,org.joda.time.TestDateTimeZoneCutover#test_DateTime_withDay_Gaza
1455,org.joda.time.TestYearMonthDay_Basics#testIsAfter_YMD
1456,org.joda.time.TestParseISO#testSpecTimeFractionalHMS
1457,org.joda.time.TestDateTime_Constructors#testConstructor_badconverterObject_DateTimeZone
1458,org.joda.time.TestPeriod_Basics#testToStandardSeconds_months
1459,org.joda.time.TestLocalTime_Basics#testWithFieldAdded_DurationFieldType_int_8
1460,org.joda.time.TestInterval_Constructors#testConstructor_RP_RI4
1461,org.joda.time.TestMutableInterval_Updates#testSePeriodBeforeEnd_RI2
1462,org.joda.time.TestMutableInterval_Constructors#testConstructor_Object5
1463,org.joda.time.TestMutableDateTime_Properties#testPropertyGetYearOfCentury
1464,org.joda.time.TestDateTimeZone#testGetID
1465,org.joda.time.TestDuration_Basics#testToPeriod_PeriodType
1466,org.joda.time.format.TestISOPeriodFormat#testFormatAlternateWithWeeks
1467,org.joda.time.TestInterval_Basics#testContains_RInterval_zeroDuration
1468,org.joda.time.TestMutableInterval_Updates#testSetDurationAfterStart_long1
1469,org.joda.time.field.TestPreciseDurationField#test_getValue_long
1470,org.joda.time.format.TestDateTimeFormat#testFormat_zoneAmountID
1471,org.joda.time.TestLocalTime_Basics#testPlusMillis_int
1472,org.joda.time.TestLocalTime_Basics#testGetters
1473,org.joda.time.TestTimeOfDay_Constructors#testFactory_FromDateFields_after1970
1474,org.joda.time.chrono.TestGJChronology#testFactoryUTC
1475,org.joda.time.TestInterval_Basics#testToPeriod_PeriodType1
1476,org.joda.time.TestTimeOfDay_Properties#testPropertySetMilli
1477,org.joda.time.TestDateMidnight_Constructors#testConstructor_nullObject_nullChronology
1478,org.joda.time.TestDateTimeComparator#testListDOW
1479,org.joda.time.TestDateTime_Basics#testWithDate_int_int_int
1480,org.joda.time.TestLocalDate_Constructors#testConstructor_long1
1481,org.joda.time.TestMutableInterval_Constructors#testConstructor_Object_Chronology1
1482,org.joda.time.field.TestPreciseDurationDateTimeField#test_add_long_long
1483,org.joda.time.chrono.TestGJChronology#testFactory_Zone_RI
1484,org.joda.time.TestMonthDay_Properties#testPropertyAddMonthOfYear
1485,org.joda.time.TestDuration_Basics#testToDuration2
1486,org.joda.time.format.TestDateTimeFormatter#testZoneNameNearTransition
1487,org.joda.time.TestMutableDateTime_Properties#testPropertySetTextYear
1488,org.joda.time.TestMutableDateTime_Sets#testSetTime_int_int_int_int1
1489,org.joda.time.TestMutableDateTime_Basics#testRounding2
1490,org.joda.time.field.TestPreciseDurationDateTimeField#test_getDifferenceAsLong_long_long
1491,org.joda.time.TestPartial_Basics#testWithout1
1492,org.joda.time.TestDateTime_Basics#testMinusSeconds_int
1493,org.joda.time.TestIllegalFieldValueException#testVerifyValueBounds
1494,org.joda.time.TestSeconds#testToStandardHours
1495,org.joda.time.TestYearMonthDay_Basics#testWithChronologyRetainFields_sameChrono
1496,org.joda.time.TestMutableDateTime_Sets#testSetZone_DateTimeZone2
1497,org.joda.time.TestMonthDay_Properties#testPropertyEqualsHashCodeLenient
1498,org.joda.time.TestLocalDate_Constructors#testConstructor_long3_DateTimeZone
1499,org.joda.time.TestLocalTime_Properties#testPropertyWithMinimumValueHour
1500,org.joda.time.TestDateMidnight_Constructors#testConstructor_nullObject_DateTimeZone
1501,org.joda.time.field.TestBaseDateTimeField#test_getAsShortText_RP_int_Locale
1502,org.joda.time.TestPeriodType#testIndexOf
1503,org.joda.time.format.TestDateTimeFormat#testFormat_year_twoDigit
1504,org.joda.time.TestMonthDay_Basics#testMinusMonths_int_wrap
1505,org.joda.time.TestDateTime_Properties#testPropertyWithMinimumValueDayOfMonth
1506,org.joda.time.TestDateMidnight_Properties#testPropertyWithMaximumValueDayOfMonth
1507,org.joda.time.TestYearMonth_Basics#testWithField
1508,org.joda.time.TestLocalTime_Constructors#testConstructor_ObjectString_DateTimeZoneLondon
1509,org.joda.time.TestDurationFieldType#test_millis
1510,org.joda.time.TestTimeOfDay_Properties#testPropertyAddWrapFieldHour
1511,org.joda.time.TestLocalTime_Basics#testWithFieldAdded_DurationFieldType_int_5
1512,org.joda.time.TestDateTimeZone#testGetOffsetFixed_RI
1513,org.joda.time.TestMutableInterval_Constructors#testConstructor_long_long_Chronology2
1514,org.joda.time.TestMutableInterval_Updates#testSetDurationBeforeEnd_RI3
1515,org.joda.time.convert.TestLongConverter#testGetChronology_Object_Chronology
1516,org.joda.time.chrono.TestLenientChronology#testNearDstTransition
1517,org.joda.time.TestLocalTime_Constructors#testConstructor_Object_nullChronology
1518,org.joda.time.TestSerialization#testSerializedBuddhistChronology
1519,org.joda.time.TestLocalDate_Basics#testSize
1520,org.joda.time.TestDateTime_Properties#testPropertyWithMaximumValueDayOfMonth
1521,org.joda.time.TestInterval_Basics#testContains_long_zeroDuration
1522,org.joda.time.format.TestDateTimeFormat#testFormat_samples
1523,org.joda.time.TestDateTime_Properties#testPropertyCompareToMonthOfYear
1524,org.joda.time.TestDateTimeZoneCutover#test_DateTime_setHourForward_NewYork_Spring
1525,org.joda.time.field.TestPreciseDurationField#test_getDifference_long_int
1526,org.joda.time.TestPartial_Constructors#testConstructorEx1_TypeArray_intArray
1527,org.joda.time.TestMutablePeriod_Updates#testAdd_8ints1
1528,org.joda.time.TestLocalDateTime_Properties#testPropertyAddToCopySecond
1529,org.joda.time.TestMutableDateTime_Basics#testCompareTo
1530,org.joda.time.TestYearMonthDay_Basics#testGetFieldTypes
1531,org.joda.time.TestLocalDateTime_Basics#testGetFieldTypes
1532,org.joda.time.TestMutablePeriod_Constructors#testConstructor_RI_RI_PeriodType2
1533,org.joda.time.TestPeriodType#testYears
1534,org.joda.time.TestLocalDateTime_Constructors#testConstructor_ObjectString3
1535,org.joda.time.TestDateTime_Properties#testPropertyGetDayOfWeek
1536,org.joda.time.TestLocalDate_Constructors#testConstructor_int_int_int_Chronology
1537,org.joda.time.TestDuration_Basics#testToStandardMinutes_overflow
1538,org.joda.time.field.TestScaledDurationField#test_getUnitMillis
1539,org.joda.time.TestDateTimeConstants#testConstructor
1540,org.joda.time.TestDays#testFactory_daysBetween_RPartial
1541,org.joda.time.TestLocalDateTime_Constructors#testConstructor_ObjectStringEx2
1542,org.joda.time.TestTimeOfDay_Basics#testMinus_RP
1543,org.joda.time.TestDateTime_Basics#testPlus_long
1544,org.joda.time.TestDateTimeUtils#testFixedMillisSecurity
1545,org.joda.time.TestDateTime_Basics#testMinusDays_int
1546,org.joda.time.tz.TestFixedDateTimeZone#testEquals
1547,org.joda.time.format.TestISODateTimeFormat#testFormat_dateHourMinuteSecond
1548,org.joda.time.TestMutableInterval_Basics#testIsBeforeNow
1549,org.joda.time.convert.TestReadableIntervalConverter#testSupportedType
1550,org.joda.time.TestWeeks#testFactory_weeksBetween_RPartial
1551,org.joda.time.TestDateTimeZoneCutover#test_DateTime_roundCeiling_day_NewYork_Spring_preCutover
1552,org.joda.time.TestYearMonthDay_Properties#testPropertyGetMaxMinValuesDay
1553,org.joda.time.TestLocalTime_Properties#testPropertyPlusNoWrapMinute
1554,org.joda.time.TestLocalTime_Basics#testGetFieldTypes
1555,org.joda.time.TestPartial_Basics#testGetFields
1556,org.joda.time.TestMutablePeriod_Constructors#testConstructor_long_Chronology1
1557,org.joda.time.TestDateMidnight_Basics#testWithFieldAdded4
1558,org.joda.time.TestYearMonthDay_Basics#testToDateTimeAtCurrentTime
1559,org.joda.time.TestMonthDay_Basics#testGetValues
1560,org.joda.time.format.TestISODateTimeFormatParsing#test_hourMinuteSecondFraction
1561,org.joda.time.TestMonthDay_Properties#testPropertyCompareToMonthOfYear
1562,org.joda.time.TestMutableDateTime_Constructors#testConstructor_DateTimeZone
1563,org.joda.time.convert.TestConverterManager#testGetDurationConverter
1564,org.joda.time.TestSerialization#testSerializedMutableDateTimeProperty
1565,org.joda.time.TestMonthDay_Properties#testPropertyGetMonthOfYear
1566,org.joda.time.convert.TestReadableIntervalConverter#testSingleton
1567,org.joda.time.TestDateTimeZoneCutover#test_DateTime_minusHour_Moscow_Autumn
1568,org.joda.time.field.TestBaseDateTimeField#test_getLeapDurationField
1569,org.joda.time.TestLocalTime_Constructors#testConstructor_DateTimeZone
1570,org.joda.time.TestMonthDay_Basics#testWithFieldAdded_zero
1571,org.joda.time.TestInterval_Constructors#testConstructor_RP_RI8
1572,org.joda.time.TestPartial_Constructors#testConstructorEx_Type_int_Chrono
1573,org.joda.time.convert.TestStringConverter#testGetInstantMillis_Object_Chronology
1574,org.joda.time.TestDuration_Basics#testWithDurationAdded_RD_int5
1575,org.joda.time.TestLocalDate_Basics#testIsSupported_DurationFieldType
1576,org.joda.time.format.TestTextFields#testMonthNames_monthEnd
1577,org.joda.time.TestMutablePeriod_Updates#testSetMinutes
1578,org.joda.time.TestDuration_Basics#testIsBefore
1579,org.joda.time.TestPartial_Basics#testWithField4
1580,org.joda.time.TestLocalDate_Basics#testCompareTo
1581,org.joda.time.TestPeriod_Basics#testNormalizedStandard_periodType_weekDay1
1582,org.joda.time.TestYearMonth_Basics#testIsSupported
1583,org.joda.time.TestParseISO#testSpecReducedPrecisionCY
1584,org.joda.time.TestBaseSingleFieldPeriod#testValueIndexMethods
1585,org.joda.time.TestYearMonth_Constructors#testConstructor_int_int_nullChronology
1586,org.joda.time.TestDateMidnight_Basics#testToDate
1587,org.joda.time.TestPeriod_Constructors#testConstructor_RD_RI1
1588,org.joda.time.TestWeeks#testToStandardDuration
1589,org.joda.time.TestDateMidnight_Constructors#testConstructor_long_nullChronology
1590,org.joda.time.format.TestISODateTimeFormat_Fields#testForFields_calBased_YMD
1591,org.joda.time.TestTimeOfDay_Basics#testToLocalTime
1592,org.joda.time.TestMutablePeriod_Updates#testAdd_RD2
1593,org.joda.time.TestParseISO#testSpecTruncatedM
1594,org.joda.time.TestDateTime_Properties#testPropertyGetMillisOfSecond
1595,org.joda.time.convert.TestConverterManager#testGetPartialConverterOKMultipleMatches
1596,org.joda.time.TestLocalTime_Properties#testPropertyWithMaxMinValueMilli
1597,org.joda.time.chrono.TestIslamicChronology#testSampleDateWithZone
1598,org.joda.time.TestMutableDateTime_Properties#testPropertyGetEra
1599,org.joda.time.convert.TestConverterSet#testAddNullRemoved2
1600,org.joda.time.TestInterval_Basics#testIsBefore_long
1601,org.joda.time.TestDateTimeFieldType#test_hourOfDay
1602,org.joda.time.TestLocalDate_Basics#testWithers
1603,org.joda.time.TestYearMonth_Properties#testPropertySetTextYear
1604,org.joda.time.TestMonths#testSerialization
1605,org.joda.time.TestMonths#testConstants
1606,org.joda.time.TestYearMonth_Properties#testPropertyAddMonth
1607,org.joda.time.format.TestDateTimeFormatter#testWithGetZone
1608,org.joda.time.TestPeriod_Constructors#testFactoryDays
1609,org.joda.time.TestLocalDate_Constructors#testConstructor_Object_DateTimeZone
1610,org.joda.time.format.TestPeriodFormatter#testParsePeriod_simple
1611,org.joda.time.TestLocalDate_Properties#testPropertyHashCode
1612,org.joda.time.TestMutableDateTime_Constructors#testConstructor_badconverterObject_DateTimeZone
1613,org.joda.time.TestPeriodType#testDays
1614,org.joda.time.TestSeconds#testPlus_Seconds
1615,org.joda.time.format.TestPeriodFormatterBuilder#testFormatLiteral
1616,org.joda.time.TestDateTime_Basics#testToDateTimeISO
1617,org.joda.time.TestDateTimeComparator#testStaticGetTimeOnlyInstance
1618,org.joda.time.TestLocalDate_Basics#testToDateMidnight
1619,org.joda.time.TestYearMonthDay_Basics#testWithers
1620,org.joda.time.TestDateTimeZoneCutover#test_DateTime_withDay_Turk
1621,org.joda.time.format.TestISODateTimeFormat_Fields#testForFields_datetime_DH
1622,org.joda.time.chrono.TestIslamicChronology#testDurationFields
1623,org.joda.time.field.TestPreciseDateTimeField#test_getAsShortText_int_Locale
1624,org.joda.time.TestDateTimeZoneCutover#test_DateTime_setHourZero_Gaza
1625,org.joda.time.TestInterval_Constructors#testConstructor_long_long_nullZone
1626,org.joda.time.TestDateMidnight_Constructors#testConstructor_long2_DateTimeZone
1627,org.joda.time.TestInterval_Basics#testWithEndMillis_long1
1628,org.joda.time.TestDateTimeZoneCutover#test_DateTime_plusHour_Moscow_Autumn
1629,org.joda.time.field.TestPreciseDateTimeField#test_set_long_String
1630,org.joda.time.TestLocalDateTime_Properties#testPropertyGetMaxMinValuesDay
1631,org.joda.time.TestDurationFieldType#test_seconds
1632,org.joda.time.TestInterval_Basics#testIsBefore_RInterval_null
1633,org.joda.time.TestDateTimeComparator#testListDate
1634,org.joda.time.TestLocalDate_Basics#testToDateTimeAtCurrentTime
1635,org.joda.time.TestMutableInterval_Constructors#testConstructor_Object1
1636,org.joda.time.field.TestPreciseDateTimeField#test_set_RP_int_intarray_int
1637,org.joda.time.TestDateTime_Properties#testPropertyRoundCeilingHourOfDay
1638,org.joda.time.convert.TestConverterManager#testAddInstantConverter3
1639,org.joda.time.TestLocalDate_Basics#testIsAfter_LocalDate
1640,org.joda.time.convert.TestConverterManager#testRemoveInstantConverter1
1641,org.joda.time.TestMutableInterval_Updates#testSetStart_RI3
1642,org.joda.time.TestLocalDate_Constructors#testConstructor_Object_Chronology
1643,org.joda.time.TestMutablePeriod_Constructors#testConstructor_Object4
1644,org.joda.time.TestPeriod_Constructors#testConstructor_RI_RI5
1645,org.joda.time.TestDateTime_Constructors#testConstructor_int_int_int_int_int_int_Chronology
1646,org.joda.time.TestWeeks#testToStandardDays
1647,org.joda.time.format.TestDateTimeFormatter#testWithGetChronology
1648,org.joda.time.convert.TestStringConverter#testSetIntoInterval_Object_Chronology5
1649,org.joda.time.format.TestISODateTimeFormat_Fields#testForFields_time_HSm
1650,org.joda.time.TestInterval_Constructors#testConstructor_Object4
1651,org.joda.time.TestMutableDateTime_Sets#testSetDayOfWeek_int2
1652,org.joda.time.TestDateMidnight_Basics#testTest
1653,org.joda.time.TestSerialization#testSerializedDateTimeProperty
1654,org.joda.time.chrono.TestISOChronology#testFactoryUTC
1655,org.joda.time.format.TestISODateTimeFormat#testFormat_date_partial
1656,org.joda.time.TestTimeOfDay_Constructors#testConstructor_int_int
1657,org.joda.time.TestMonthDay_Basics#testToString_DTFormatter
1658,org.joda.time.convert.TestStringConverter#testSetIntoIntervalEx_Object_Chronology3
1659,org.joda.time.TestTimeOfDay_Basics#testPlusSeconds_int
1660,org.joda.time.TestInterval_Basics#testEqualsHashCodeLenient
1661,org.joda.time.field.TestOffsetDateTimeField#test_convertText
1662,org.joda.time.TestTimeOfDay_Basics#testPlusMinutes_int
1663,org.joda.time.TestBaseSingleFieldPeriod#testGetSetValue
1664,org.joda.time.format.TestISOPeriodFormatParsing#testParseStandard9
1665,org.joda.time.TestMonthDay_Basics#testWithFieldAdded_unknownField
1666,org.joda.time.TestMonthDay_Basics#testGetFields
1667,org.joda.time.TestWeeks#testNegated
1668,org.joda.time.TestInterval_Constructors#testConstructor_RD_RI5
1669,org.joda.time.TestPartial_Basics#testToString3
1670,org.joda.time.TestDateTimeComparator#testDOY
1671,org.joda.time.TestDateTime_Properties#testPropertyGetMonthOfYear
1672,org.joda.time.format.TestPeriodFormatterBuilder#testFormatAppend_PrinterParser_PrinterParser
1673,org.joda.time.format.TestPeriodFormatter#testWithGetParseTypeMethods
1674,org.joda.time.TestMonthDay_Basics#testMinus_RP
1675,org.joda.time.convert.TestConverterManager#testRemoveInstantConverter3
1676,org.joda.time.TestWeeks#testDividedBy_int
1677,org.joda.time.TestInterval_Basics#testOverlap_RInterval_zone
1678,org.joda.time.TestPartial_Basics#testWithFieldAdded6
1679,org.joda.time.TestDateMidnight_Constructors#testConstructor_nullDateTimeZone
1680,org.joda.time.TestDateTime_Constructors#testConstructor_int_int_int_int_int_nullChronology
1681,org.joda.time.TestDateTimeUtils#testGetIntervalChronology_RI_RI
1682,org.joda.time.TestLocalDateTime_Constructors#testConstructor_Object_nullChronology
1683,org.joda.time.convert.TestStringConverter#testSetIntoInterval_Object_Chronology3
1684,org.joda.time.field.TestPreciseDurationDateTimeField#test_getAsText_RP_int_Locale
1685,org.joda.time.TestLocalDateTime_Basics#testGetters
1686,org.joda.time.TestHours#testFactory_standardHoursIn_RPeriod
1687,org.joda.time.convert.TestReadablePartialConverter#testSupportedType
1688,org.joda.time.TestMutablePeriod_Updates#testAdd_long_Chronology3
1689,org.joda.time.convert.TestStringConverter#testSetIntoInterval_Object_Chronology1
1690,org.joda.time.field.TestOffsetDateTimeField#test_get
1691,org.joda.time.TestLocalDateTime_Basics#testPlusMinutes_int
1692,org.joda.time.TestDateTimeComparator#testBasicComps2
1693,org.joda.time.TestLocalDate_Basics#testToDateTime_LocalTime_nullZone
1694,org.joda.time.TestSerialization#testSerializedDateTimeFieldType
1695,org.joda.time.field.TestScaledDurationField#test_getMillis_int
1696,org.joda.time.field.TestPreciseDateTimeField#test_getMaximumValue
1697,org.joda.time.field.TestPreciseDurationDateTimeField#test_roundHalfFloor_long
1698,org.joda.time.convert.TestStringConverter#testSetIntoPeriod_Object8
1699,org.joda.time.TestDateMidnight_Properties#testPropertyToIntervalYearOfCentury
1700,org.joda.time.TestInterval_Basics#testWithStartMillis_long2
1701,org.joda.time.TestMutablePeriod_Updates#testSetPeriod_RI_RI1
1702,org.joda.time.TestLocalDate_Basics#testGet_DateTimeFieldType
1703,org.joda.time.field.TestOffsetDateTimeField#test_getMinimumValue
1704,org.joda.time.TestChronology#testEqualsHashCode_Strict
1705,org.joda.time.TestParseISO#testSpecTimeReducedPrecisionH
1706,org.joda.time.TestDateMidnight_Constructors#testConstructor_nullObject_nullDateTimeZone
1707,org.joda.time.TestLocalDateTime_Basics#testWithDate
1708,org.joda.time.field.TestPreciseDurationDateTimeField#test_remainder_long
1709,org.joda.time.field.TestPreciseDateTimeField#test_getName
1710,org.joda.time.TestDateTimeZoneCutover#test_DateTime_roundCeiling_minuteOfHour_NewYork_Autumn_preCutover
1711,org.joda.time.TestDateTimeZone#testGetShortName
1712,org.joda.time.field.TestPreciseDateTimeField#test_getAsShortText_RP_Locale
1713,org.joda.time.TestDateTimeZoneCutover#test_DateTime_minusDay_Gaza
1714,org.joda.time.TestLocalDateTime_Basics#testGet_DateTimeFieldType
1715,org.joda.time.field.TestMillisDurationField#test_getMillis_long_long
1716,org.joda.time.TestPeriod_Constructors#testConstructor_8int__PeriodType1
1717,org.joda.time.TestMutablePeriod_Updates#testSetPeriod_RP1
1718,org.joda.time.convert.TestReadableIntervalConverter#testGetPeriodType_Object
1719,org.joda.time.TestMutablePeriod_Updates#testSet_Field
1720,org.joda.time.field.TestOffsetDateTimeField#test_set_RP_int_intarray_String_Locale
1721,org.joda.time.TestDateMidnight_Constructors#testConstructor_long_nullDateTimeZone
1722,org.joda.time.field.TestMillisDurationField#test_getDifference_long_int
1723,org.joda.time.field.TestBaseDateTimeField#test_getLeapAmount_long
1724,org.joda.time.TestInterval_Constructors#testConstructor_Object2
1725,org.joda.time.TestInstant_Basics#testWithMillis_long
1726,org.joda.time.TestLocalDate_Constructors#testConstructor_ObjectString1
1727,org.joda.time.format.TestDateTimeFormat#testFormat_zoneAmountColon
1728,org.joda.time.TestTimeOfDay_Properties#testPropertyGetHour
1729,org.joda.time.TestDateTime_Constructors#testConstructor_int_int_int_int_int_DateTimeZone
1730,org.joda.time.TestTimeOfDay_Basics#testWithField2
1731,org.joda.time.TestMutableDateTime_Basics#testToMutableDateTime_DateTimeZone
1732,org.joda.time.TestMutableDateTime_Sets#testSetMinuteOfDay_int1
1733,org.joda.time.TestDuration_Basics#testPlus_RD1
1734,org.joda.time.TestTimeOfDay_Basics#testMinusMinutes_int
1735,org.joda.time.TestTimeOfDay_Basics#testWithField1
1736,org.joda.time.TestDateMidnight_Constructors#testConstructor_badconverterObject
1737,org.joda.time.TestDateTimeUtils#testMillisProvider_null
1738,org.joda.time.format.TestPeriodFormatterBuilder#testFormatPrintZeroRarelyFirstMinutes
1739,org.joda.time.TestLocalTime_Basics#testIsSupported_DateTimeFieldType
1740,org.joda.time.TestYearMonth_Properties#testPropertyGetYear
1741,org.joda.time.TestDateTimeZoneCutover#test_DateTime_roundFloor_hourOfDay_NewYork_Autumn_preCutover
1742,org.joda.time.TestDateTimeZone#testGetAvailableIDs
1743,org.joda.time.TestBaseSingleFieldPeriod#testEqualsHashCode
1744,org.joda.time.format.TestDateTimeFormat#testFormat_dayOfWeekText
1745,org.joda.time.TestYearMonth_Basics#testGetFieldTypes
1746,org.joda.time.field.TestOffsetDateTimeField#test_add_long_int
1747,org.joda.time.TestLocalTime_Constructors#testConstructor_int_int_int_int
1748,org.joda.time.format.TestPeriodFormatterBuilder#testFormatSuffixPlural3
1749,org.joda.time.TestTimeOfDay_Properties#testPropertyGetMaxMinValuesMilli
1750,org.joda.time.chrono.TestIslamicChronology#testDateFields
1751,org.joda.time.TestMutableInterval_Constructors#testTest
1752,org.joda.time.TestMutableInterval_Updates#testSetEndMillis_long2
1753,org.joda.time.TestInterval_Basics#testOverlaps_RInterval_zeroDuration
1754,org.joda.time.format.TestDateTimeFormatStyle#testForStyle_mediumShortDateTime
1755,org.joda.time.TestChronology#testEqualsHashCode_Lenient
1756,org.joda.time.TestMutableInterval_Constructors#testConstructor_RD_RI4
1757,org.joda.time.TestDays#testFactory_daysIn_RInterval
1758,org.joda.time.format.TestDateTimeFormatter#testPrint_simple
1759,org.joda.time.TestDateMidnight_Properties#testPropertyGetDayOfYear
1760,org.joda.time.TestDateMidnight_Basics#testEqualsHashCode
1761,org.joda.time.TestLocalDateTime_Constructors#testConstructor_long2
1762,org.joda.time.format.TestPeriodFormatter#testPrinterParserMethods
1763,org.joda.time.TestLocalTime_Basics#testToDateTimeToday_nullZone
1764,org.joda.time.TestLocalDateTime_Basics#testGetFields
1765,org.joda.time.convert.TestConverterManager#testRemovePartialConverter3
1766,org.joda.time.TestDateTimeComparator#testListYear
1767,org.joda.time.field.TestOffsetDateTimeField#test_isLeap_long
1768,org.joda.time.field.TestMillisDurationField#test_getValueAsLong_long
1769,org.joda.time.TestInterval_Basics#testEqualsHashCodeStrict
1770,org.joda.time.TestDateTimeUtils#testGetZone_Zone
1771,org.joda.time.field.TestOffsetDateTimeField#test_addWrapField_RP_int_intarray_int
1772,org.joda.time.TestMutableDateTime_Properties#testPropertyGetDayOfYear
1773,org.joda.time.format.TestDateTimeFormat#testFormatParse_textEraAD_UK
1774,org.joda.time.TestMutablePeriod_Constructors#testConstructor_long_long_PeriodType_Chronology1
1775,org.joda.time.format.TestDateTimeFormat#testFormat_centuryOfEra
1776,org.joda.time.format.TestPeriodFormat#test_wordBased_es_formatStandard
1777,org.joda.time.TestPeriodType#testStandard
1778,org.joda.time.TestDateTimeZone#testProvider
1779,org.joda.time.TestDateTimeZoneCutover#test_DateTime_roundFloor_minute_NewYork_Spring_preCutover
1780,org.joda.time.TestMonths#testIsLessThan
1781,org.joda.time.format.TestDateTimeFormatStyle#testForStyle_fullTime
1782,org.joda.time.TestDateTimeUtils#testGetChronology_Chronology
1783,org.joda.time.TestYearMonth_Constructors#testConstructor_nullObject_nullChronology
1784,org.joda.time.TestDuration_Basics#testGetMillis
1785,org.joda.time.TestDuration_Basics#testToStandardSeconds_overflow
1786,org.joda.time.field.TestPreciseDurationDateTimeField#test_getLeapDurationField
1787,org.joda.time.TestLocalTime_Basics#testSerialization
1788,org.joda.time.TestTimeOfDay_Basics#testGetFieldTypes
1789,org.joda.time.TestInterval_Constructors#testConstructor_RI_RI4
1790,org.joda.time.format.TestDateTimeFormatterBuilder#test_canBuildFormatter
1791,org.joda.time.TestPartial_Basics#testWithFieldAddWrapped7
1792,org.joda.time.TestYearMonth_Basics#testToInterval_Zone
1793,org.joda.time.format.TestPeriodFormat#test_wordBased_fr_formatStandard
1794,org.joda.time.TestParseISO#testSpecOrdinalTruncatedYD
1795,org.joda.time.TestPeriod_Constructors#testConstructor_long_long_PeriodType2
1796,org.joda.time.field.TestScaledDurationField#test_getScalar
1797,org.joda.time.convert.TestReadableIntervalConverter#testSetIntoInterval_Object2
1798,org.joda.time.TestLocalDate_Basics#testMinusDays_int
1799,org.joda.time.convert.TestDateConverter#testSingleton
1800,org.joda.time.TestLocalDateTime_Basics#testIsEqual_LocalDateTime
1801,org.joda.time.TestLocalTime_Constructors#testConstructor_ObjectString1
1802,org.joda.time.TestPeriod_Constructors#testFactoryHours
1803,org.joda.time.TestLocalDate_Basics#testToDateTimeAtCurrentTime_nullZone
1804,org.joda.time.TestMonthDay_Basics#testWithFieldAdded
1805,org.joda.time.TestLocalDate_Properties#testPropertyCompareToDay
1806,org.joda.time.TestDateMidnight_Properties#testPropertySetTextMonthOfYear
1807,org.joda.time.field.TestPreciseDateTimeField#test_add_long_int
1808,org.joda.time.TestMonths#testFactory_monthsIn_RInterval
1809,org.joda.time.TestMutablePeriod_Constructors#testConstructor_Object1
1810,org.joda.time.TestLocalDate_Properties#testPropertyGetMaxMinValuesYear
1811,org.joda.time.TestDateMidnight_Basics#testToDateTimeISO
1812,org.joda.time.TestLocalTime_Constructors#testFactory_FromDateFields_null
1813,org.joda.time.TestTimeOfDay_Constructors#testFactory_FromCalendarFields
1814,org.joda.time.convert.TestCalendarConverter#testSingleton
1815,org.joda.time.field.TestPreciseDurationDateTimeField#test_roundHalfCeiling_long
1816,org.joda.time.TestParseISO#testSpecReducedPrecisionC
1817,org.joda.time.TestDateTime_Constructors#testConstructor_int_int_int_int_int_int_int_nullChronology
1818,org.joda.time.TestDurationFieldType#test_minutes
1819,org.joda.time.format.TestDateTimeFormatter#testParseInto_zone
1820,org.joda.time.field.TestScaledDurationField#test_getDifference_long_int
1821,org.joda.time.TestDateTimeZoneCutover#test_DateTime_roundFloor_Gaza
1822,org.joda.time.format.TestISODateTimeFormat#testFormat_hourMinuteSecondMillis
1823,org.joda.time.TestMutablePeriod_Constructors#testConstructor_long_PeriodType3
1824,org.joda.time.format.TestISODateTimeFormatParsing#test_basicOrdinalDateTime
1825,org.joda.time.format.TestISODateTimeFormatParsing#test_ordinalDateTime
1826,org.joda.time.TestLocalDateTime_Basics#testMinusYears_int
1827,org.joda.time.format.TestDateTimeFormat#testFormatParse_textMonthApr_Korean
1828,org.joda.time.format.TestDateTimeFormat#testFormat_fractionOfSecondLong
1829,org.joda.time.TestYearMonthDay_Basics#testGet
1830,org.joda.time.TestMutableDateTime_Sets#testSetMilliOfSecond_int2
1831,org.joda.time.TestMinutes#testToStandardSeconds
1832,org.joda.time.TestDateTime_Constructors#testConstructor_long2_Chronology
1833,org.joda.time.format.TestISODateTimeFormat#testFormat_yearMonthDay
1834,org.joda.time.TestLocalDate_Constructors#testConstructor_ObjectStringEx6
1835,org.joda.time.field.TestPreciseDurationDateTimeField#test_getMinimumValue_RP_intarray
1836,org.joda.time.TestDateTime_Constructors#testConstructor_int_int_int_int_int_int_int
1837,org.joda.time.format.TestDateTimeFormatStyle#testForStyle_shortLongDateTime
1838,org.joda.time.TestLocalDate_Basics#testToInterval_Zone_noMidnight
1839,org.joda.time.TestYearMonth_Constructors#testConstructor_ObjectString1
1840,org.joda.time.TestLocalDateTime_Basics#testMinusMinutes_int
1841,org.joda.time.convert.TestReadableInstantConverter#testGetChronology_Object_nullChronology
1842,org.joda.time.TestDuration_Basics#testWithDurationAdded_RD_int6
1843,org.joda.time.format.TestISODateTimeFormat#testFormat_basicTTimeNoMillis
1844,org.joda.time.TestSeconds#testIsGreaterThan
1845,org.joda.time.TestDuration_Basics#testWithDurationAdded_RD_int1
1846,org.joda.time.TestMutablePeriod_Constructors#testConstructor_long1
1847,org.joda.time.TestLocalTime_Properties#testPropertyGetHour
1848,org.joda.time.TestLocalDateTime_Properties#testPropertySetTextMilli
1849,org.joda.time.TestLocalTime_Constructors#testConstructor_Object1
1850,org.joda.time.TestDateTimeZoneCutover#test_GuatemataIsCorrect_Autumn
1851,org.joda.time.chrono.TestEthiopicChronology#testFactoryUTC
1852,org.joda.time.TestLocalDate_Constructors#testConstructor_ObjectString3
1853,org.joda.time.TestMonthDay_Basics#testWithField
1854,org.joda.time.TestTimeOfDay_Constructors#testConstructor_long2_Chronology
1855,org.joda.time.TestMutableDateTime_Properties#testPropertyGetMonthOfYear
1856,org.joda.time.TestDateTimeZone#testGetOffsetFixed
1857,org.joda.time.TestDateTimeZoneCutover#test_DateTime_roundFloor_Turk
1858,org.joda.time.TestMutableDateTime_Basics#testRounding5
1859,org.joda.time.TestLocalDateTime_Properties#testPropertyGetSecond
1860,org.joda.time.TestPartial_Constructors#testConstructor_TypeArray_intArray
1861,org.joda.time.chrono.TestGJChronology#testYearEndAddDays
1862,org.joda.time.TestInterval_Basics#testOverlap_RInterval_null
1863,org.joda.time.TestYearMonth_Properties#testPropertyEquals
1864,org.joda.time.TestDateMidnight_Constructors#testConstructor_DateTimeZone
1865,org.joda.time.TestPeriod_Constructors#testConstructor_RP_RP_PeriodType3
1866,org.joda.time.TestPeriod_Constructors#testConstructor_RP_RP_PeriodType6
1867,org.joda.time.format.TestISODateTimeFormat#testFormat_basicDateTimeNoMillis
1868,org.joda.time.field.TestScaledDurationField#test_equals
1869,org.joda.time.format.TestISODateTimeFormatParsing#test_weekDateTimeNoMillis
1870,org.joda.time.TestYearMonth_Basics#testSerialization
1871,org.joda.time.TestLocalDate_Constructors#testConstructor_long2
1872,org.joda.time.TestMutableDateTime_Basics#testGet_DateTimeField
1873,org.joda.time.convert.TestConverterManager#testRemoveIntervalConverter2
1874,org.joda.time.TestDateTimeUtils#testFixedMillis
1875,org.joda.time.TestYearMonthDay_Constructors#testConstructor_long_nullChronology
1876,org.joda.time.field.TestOffsetDateTimeField#test_addWrapField_long_int
1877,org.joda.time.TestDateTimeFieldType#test_millisOfDay
1878,org.joda.time.TestLocalDateTime_Constructors#testConstructor_nullObject
1879,org.joda.time.format.TestISOPeriodFormatParsing#testParseStandard5
1880,org.joda.time.TestDays#testGetFieldType
1881,org.joda.time.TestInstant_Basics#testIsAfterNow
1882,org.joda.time.TestLocalTime_Properties#testPropertyGetMilli
1883,org.joda.time.TestLocalTime_Properties#testPropertyPlusWrapFieldHour
1884,org.joda.time.TestPeriod_Constructors#testConstructor_RI_RD_PeriodType1
1885,org.joda.time.TestDateTime_Basics#testToDate
1886,org.joda.time.TestYears#testNegated
1887,org.joda.time.TestDurationFieldType#test_weeks
1888,org.joda.time.TestDateTimeZone#testTimeZoneConversion
1889,org.joda.time.format.TestISODateTimeFormat#testSubclassableConstructor
1890,org.joda.time.TestMutableInterval_Constructors#testConstructor_RP_RI7
1891,org.joda.time.TestDurationFieldType#test_months
1892,org.joda.time.TestDateMidnight_Constructors#testConstructor_nullChronology
1893,org.joda.time.TestMutableInterval_Updates#testSetStart_RI1
1894,org.joda.time.format.TestISODateTimeFormat#testFormat_dateHourMinuteSecondMillis
1895,org.joda.time.format.TestISODateTimeFormatParsing#test_basicTime
1896,org.joda.time.convert.TestStringConverter#testSetIntoPeriod_Object6
1897,org.joda.time.TestMutablePeriod_Constructors#testConstructor_long_Chronology3
1898,org.joda.time.TestYearMonth_Properties#testPropertyAddWrapFieldMonth
1899,org.joda.time.field.TestOffsetDateTimeField#test_getMaximumValue_long
1900,org.joda.time.TestDateTimeComparator#testWOW
1901,org.joda.time.chrono.TestGJChronology#testDateFields
1902,org.joda.time.TestDateTime_Basics#testMinusMonths_int
1903,org.joda.time.TestInstant_Basics#testToInstant
1904,org.joda.time.TestPartial_Basics#testWithChronologyRetainFields_nullChrono
1905,org.joda.time.TestMutablePeriod_Updates#testSetPeriod_RI_RI2
1906,org.joda.time.field.TestBaseDateTimeField#test_set_RP_int_intarray_int
1907,org.joda.time.TestSeconds#testGetFieldType
1908,org.joda.time.TestYearMonthDay_Basics#testToString_String
1909,org.joda.time.TestMutableDateTime_Sets#testSetMilliOfDay_int2
1910,org.joda.time.TestPeriod_Constructors#testFactoryFieldDifference2
1911,org.joda.time.TestDateTimeComparator#testBasicComps1
1912,org.joda.time.TestInstant_Basics#testToMutableDateTime_DateTimeZone
1913,org.joda.time.TestMutableDateTime_Sets#testSetDayOfYear_int2
1914,org.joda.time.TestTimeOfDay_Basics#testWithFieldAdded6
1915,org.joda.time.TestPeriod_Constructors#testConstructor_8int__PeriodType3
1916,org.joda.time.TestDuration_Basics#testPlus_RD2
1917,org.joda.time.format.TestISODateTimeFormat#testFormat_basicDate
1918,org.joda.time.TestDateTime_Properties#testPropertyGetMaxMinValuesDayOfMonth
1919,org.joda.time.TestDateMidnight_Constructors#testConstructor_int_int_int_Chronology
1920,org.joda.time.TestInterval_Basics#testWithPeriodAfterStart1
1921,org.joda.time.TestLocalDate_Constructors#testConstructor_ObjectLocalDate
1922,org.joda.time.format.TestISOPeriodFormat#testSubclassableConstructor
1923,org.joda.time.TestDuration_Basics#testWithDurationAdded_long_int2
1924,org.joda.time.TestMutablePeriod_Constructors#testConstructor_4int1
1925,org.joda.time.TestTimeOfDay_Basics#testIsEqual_TOD
1926,org.joda.time.format.TestTextFields#testMonthNames_monthStart
1927,org.joda.time.TestMutablePeriod_Updates#testSetPeriod_8ints2
1928,org.joda.time.TestDuration_Basics#testToStandardMinutes
1929,org.joda.time.TestMonthDay_Constructors#testConstructor_int_int_Chronology
1930,org.joda.time.TestMutableInterval_Constructors#testConstructor_RI_RD4
1931,org.joda.time.TestDateTime_Constructors#testConstructor_ObjectString4
1932,org.joda.time.TestDateTimeZone#testGetOffset_RI
1933,org.joda.time.field.TestPreciseDateTimeField#test_convertText
1934,org.joda.time.TestLocalTime_Constructors#testConstructor_long2
1935,org.joda.time.chrono.TestISOChronology#testMinYear
1936,org.joda.time.TestLocalDate_Constructors#testConstructor_Chronology
1937,org.joda.time.field.TestPreciseDurationDateTimeField#test_getMaximumValue
1938,org.joda.time.TestPeriodType#testForFields6
1939,org.joda.time.TestYearMonthDay_Constructors#testConstructor
1940,org.joda.time.chrono.TestISOChronology#testTimeFields
1941,org.joda.time.TestPeriodType#testMillis
1942,org.joda.time.field.TestPreciseDateTimeField#test_getAsShortText_long
1943,org.joda.time.TestDuration_Constructors#testConstructor_long_long1
1944,org.joda.time.TestYearMonth_Properties#testPropertyGetMaxMinValuesYear
1945,org.joda.time.TestMutableDateTime_Sets#testSetZoneRetainFields_DateTimeZone4
1946,org.joda.time.TestTimeOfDay_Constructors#testConstructor_DateTimeZone
1947,org.joda.time.format.TestISODateTimeFormat_Fields#testForFields_null
1948,org.joda.time.TestInterval_Constructors#testConstructor_RP_RI5
1949,org.joda.time.field.TestMillisDurationField#test_isPrecise
1950,org.joda.time.format.TestISODateTimeFormat#testFormat_ordinalDateTimeNoMillis
1951,org.joda.time.format.TestISODateTimeFormatParsing#test_basicWeekDate
1952,org.joda.time.TestPeriod_Constructors#testConstructor_Object3
1953,org.joda.time.TestDays#testAddToLocalDate
1954,org.joda.time.TestMutablePeriod_Constructors#testConstructor_long_long_Chronology2
1955,org.joda.time.convert.TestStringConverter#testSetIntoPeriod_Object7
1956,org.joda.time.TestDateTimeZoneCutover#test_MockGazaIsCorrect
1957,org.joda.time.TestDateTimeComparator#testBasicComps3
1958,org.joda.time.TestTimeOfDay_Basics#testGetValues
1959,org.joda.time.field.TestPreciseDateTimeField#test_roundHalfCeiling_long
1960,org.joda.time.TestDateMidnight_Basics#testToString_DTFormatter
1961,org.joda.time.format.TestISODateTimeFormat_Fields#testForFields_time_MSm
1962,org.joda.time.convert.TestStringConverter#testGetDateTime2
1963,org.joda.time.field.TestMillisDurationField#test_getMillis_int_long
1964,org.joda.time.TestDateTimeFieldType#test_weekyearOfCentury
1965,org.joda.time.TestMutableInterval_Constructors#testConstructor_RP_RI4
1966,org.joda.time.TestMutableInterval_Updates#testSetStart_RI2
1967,org.joda.time.field.TestOffsetDateTimeField#test_add_RP_int_intarray_int
1968,org.joda.time.field.TestMillisDurationField#test_getValueAsLong_long_long
1969,org.joda.time.TestLocalDate_Basics#testToLocalDateTime_wrongChronologyLocalTime
1970,org.joda.time.TestMutableDateTime_Sets#testSetMillis_RI2
1971,org.joda.time.TestDateTimeZoneCutover#test_DateTime_roundFloor_hour_NewYork_Spring_preCutover
1972,org.joda.time.TestLocalTime_Basics#testToString_String
1973,org.joda.time.TestDateTime_Basics#testIsEqual_RI
1974,org.joda.time.TestDateTimeZoneCutover#test_NewYorkIsCorrect_Autumn
1975,org.joda.time.TestLocalDateTime_Basics#testWithers
1976,org.joda.time.TestLocalTime_Constructors#testConstructor_Chronology
1977,org.joda.time.TestDateTime_Properties#testPropertyGetEra
1978,org.joda.time.format.TestPeriodFormatterBuilder#testFormatSuffixSimple4
1979,org.joda.time.field.TestBaseDateTimeField#test_roundHalfEven_long
1980,org.joda.time.field.TestBaseDateTimeField#test_isSupported
1981,org.joda.time.field.TestOffsetDateTimeField#test_roundCeiling_long
1982,org.joda.time.format.TestISODateTimeFormatParsing#test_basicWeekDateTimeNoMillis
1983,org.joda.time.TestDateMidnight_Properties#testPropertyRoundHalfCeilingMonthOfYear
1984,org.joda.time.TestInstant_Basics#testIsBefore_RI
1985,org.joda.time.convert.TestConverterManager#testRemovePeriodConverter3
1986,org.joda.time.TestDateTimeFieldType#test_weekyear
1987,org.joda.time.TestPeriod_Constructors#testConstructor_RI_RI1
1988,org.joda.time.TestMutableInterval_Basics#testToPeriod_PeriodType2
1989,org.joda.time.TestYears#testPlus_Years
1990,org.joda.time.format.TestISODateTimeFormat_Fields#testForFields_time_HS
1991,org.joda.time.TestLocalDateTime_Constructors#testConstructor_ObjectStringEx5
1992,org.joda.time.TestPartial_Basics#testWithFieldAddWrapped6
1993,org.joda.time.TestDateTime_Basics#testPlusMinutes_int
1994,org.joda.time.format.TestPeriodFormatterBuilder#testFormatAppend_PrinterParser_Printer_null_null_Parser
1995,org.joda.time.TestLocalDate_Properties#testPropertyEqualsHashCodeLenient
1996,org.joda.time.convert.TestStringConverter#testGetDurationMillis_Object2
1997,org.joda.time.convert.TestStringConverter#testGetPartialValues
1998,org.joda.time.TestDateTime_Basics#testToCalendar_Locale
1999,org.joda.time.TestMutableDateTime_Properties#testPropertyGetDayOfWeek
2000,org.joda.time.TestInstant_Basics#testToDateTimeISO
2001,org.joda.time.TestWeeks#testIsLessThan
2002,org.joda.time.format.TestDateTimeFormatStyle#testForStyle_invalidStrings
2003,org.joda.time.TestLocalDateTime_Properties#testPropertySetMilli
2004,org.joda.time.TestMonthDay_Basics#testSize
2005,org.joda.time.TestLocalDate_Basics#testPlusMonths_int
2006,org.joda.time.format.TestISODateTimeFormatParsing#test_hourMinute
2007,org.joda.time.convert.TestReadableDurationConverter#testGetDurationMillis_Object
2008,org.joda.time.TestMutableDateTime_Properties#testPropertyGetCenturyOfEra
2009,org.joda.time.TestDateTime_Basics#testPlusMonths_int
2010,org.joda.time.field.TestPreciseDurationDateTimeField#test_getAsShortText_RP_Locale
2011,org.joda.time.TestYearMonth_Properties#testPropertyEqualsHashCodeStrict
2012,org.joda.time.TestLocalDate_Basics#testProperty
2013,org.joda.time.TestTimeOfDay_Constructors#testFactoryMillisOfDay_long1_Chronology
2014,org.joda.time.TestDateMidnight_Constructors#testConstructor_int_int_int_nullChronology
2015,org.joda.time.TestMonthDay_Constructors#testConstructor_ObjectStringEx1
2016,org.joda.time.TestDurationFieldType#test_centuries
2017,org.joda.time.chrono.TestIslamicChronology#testToString
2018,org.joda.time.TestLocalDate_Basics#testToString_DTFormatter
2019,org.joda.time.TestPeriod_Basics#testGetPeriodType
2020,org.joda.time.TestYearMonth_Basics#testGet
2021,org.joda.time.convert.TestLongConverter#testSingleton
2022,org.joda.time.TestMutablePeriod_Constructors#testConstructor_long_PeriodType4
2023,org.joda.time.TestMutableInterval_Basics#testSerialization
2024,org.joda.time.TestLocalDate_Basics#testWithFieldAdded_DurationFieldType_int_3
2025,org.joda.time.TestPartial_Constructors#testConstructorEx_Partial
2026,org.joda.time.TestDateTimeZoneCutover#test_DateTime_setHourAcross_NewYork_Spring
2027,org.joda.time.TestTimeOfDay_Properties#testPropertyCompareToMilli
2028,org.joda.time.TestDateTimeZoneCutover#test_DateTime_JustAfterLastEverOverlap
2029,org.joda.time.format.TestDateTimeFormat#testFormatParse_textEraAD_France
2030,org.joda.time.convert.TestReadableIntervalConverter#testSetIntoPeriod_Object1
2031,org.joda.time.TestInterval_Basics#testGetDuration1
2032,org.joda.time.TestInterval_Basics#testWithStartInstant_RI3
2033,org.joda.time.TestDuration_Basics#testToStandardHours_overflow
2034,org.joda.time.TestYearMonthDay_Basics#testSerialization
2035,org.joda.time.TestYearMonthDay_Properties#testPropertySetDay
2036,org.joda.time.TestLocalDate_Basics#testPlusWeeks_int
2037,org.joda.time.TestDateTimeComparator#testClass
2038,org.joda.time.field.TestUnsupportedDateTimeField#testToString
2039,org.joda.time.TestHours#testGetMethods
2040,org.joda.time.TestInstant_Basics#testPlus_long
2041,org.joda.time.TestPartial_Basics#testWithField3
2042,org.joda.time.TestDateTime_Basics#testIsSupported_DateTimeFieldType
2043,org.joda.time.TestTimeOfDay_Constructors#testConstructor_nullDateTimeZone
2044,org.joda.time.TestDateTime_Properties#testPropertySetDayOfYear
2045,org.joda.time.TestAbstractPartial#testGetFieldType
2046,org.joda.time.format.TestISODateTimeFormatParsing#test_timeParser
2047,org.joda.time.TestMutableDateTime_Basics#testToString_String
2048,org.joda.time.field.TestMillisDurationField#testSerialization
2049,org.joda.time.TestPeriod_Constructors#testConstructor_Object1
2050,org.joda.time.TestYearMonthDay_Basics#testWithFieldAdded3
2051,org.joda.time.TestWeeks#testToString
2052,org.joda.time.format.TestISODateTimeFormat_Fields#testForFields_weekBased_YW
2053,org.joda.time.format.TestDateTimeFormat#testFormat_dayOfYearText
2054,org.joda.time.format.TestDateTimeFormatter#testParseInto_zone2
2055,org.joda.time.TestPeriod_Constructors#testFactoryMinutes
2056,org.joda.time.TestMutableDateTime_Sets#testSetZoneRetainFields_DateTimeZone1
2057,org.joda.time.TestDateTimeComparator#testListTime
2058,org.joda.time.TestLocalTime_Properties#testPropertyPlusWrapFieldMinute
2059,org.joda.time.TestLocalDateTime_Properties#testPropertySetCopyTextYear
2060,org.joda.time.convert.TestStringConverter#testSetIntoPeriod_Object5
2061,org.joda.time.chrono.TestBuddhistChronology#testWithZone
2062,org.joda.time.chrono.TestGregorianChronology#testTimeFields
2063,org.joda.time.chrono.TestIslamicChronology#testFactoryUTC
2064,org.joda.time.TestPartial_Basics#testIsAfter_TOD
2065,org.joda.time.TestPartial_Basics#testToString4
2066,org.joda.time.TestDateTimeZoneCutover#test_DateTime_roundCeiling_Gaza
2067,org.joda.time.TestPeriod_Basics#testMinusFields
2068,org.joda.time.TestMutableInterval_Updates#testSeDurationAfterStart_RI2
2069,org.joda.time.TestPeriodType#testTime
2070,org.joda.time.TestMutablePeriod_Updates#testSetPeriod_RP5
2071,org.joda.time.TestMutableDateTime_Properties#testPropertyRoundHalfFloorHourOfDay
2072,org.joda.time.chrono.TestGJChronology#testTimeOfDayAdd
2073,org.joda.time.format.TestISODateTimeFormatParsing#test_dateTimeNoMillis
2074,org.joda.time.TestYearMonthDay_Basics#testToDateTimeAtCurrentTime_Zone
2075,org.joda.time.TestLocalDate_Basics#testWithFieldAdded_DurationFieldType_int_5
2076,org.joda.time.TestDateTime_Basics#testToDateTime_DateTimeZone
2077,org.joda.time.field.TestBaseDateTimeField#test_set_long_String_Locale
2078,org.joda.time.TestMonthDay_Basics#testMinusMonths_int_same
2079,org.joda.time.TestDateTimeZoneCutover#test_DateTime_newValid_Gaza
2080,org.joda.time.TestTimeOfDay_Basics#testSerialization
2081,org.joda.time.TestPeriod_Basics#testToStandardDuration_months
2082,org.joda.time.TestMutableDateTime_Constructors#testConstructor_nullObject_Chronology
2083,org.joda.time.format.TestISODateTimeFormatParsing#test_time
2084,org.joda.time.TestTimeOfDay_Properties#testPropertyAddNoWrapMilli
2085,org.joda.time.TestLocalDateTime_Properties#testPropertySetCopyMonth
2086,org.joda.time.TestLocalDate_Constructors#testConstructor_nullChronology
2087,org.joda.time.TestPeriod_Basics#testToDurationFrom
2088,org.joda.time.TestMutablePeriod_Constructors#testConstructor_Object_PeriodType2
2089,org.joda.time.TestInterval_Basics#testIsAfter_long
2090,org.joda.time.field.TestMillisDurationField#test_add_long_int
2091,org.joda.time.chrono.TestBuddhistChronology#testWithUTC
2092,org.joda.time.TestYearMonth_Constructors#testConstructor_long2_Chronology
2093,org.joda.time.format.TestISODateTimeFormat#testFormat_basicTimeNoMillis
2094,org.joda.time.convert.TestConverterManager#testGetInstantConverters
2095,org.joda.time.TestMutableDateTime_Basics#testToDateTime_Chronology
2096,org.joda.time.TestPartial_Properties#testPropertyGetMaxMinValuesMinute
2097,org.joda.time.TestMutableDateTime_Sets#testSetMinuteOfHour_int1
2098,org.joda.time.TestMutablePeriod_Updates#testAdd_long_Chronology1
2099,org.joda.time.field.TestBaseDateTimeField#test_roundHalfFloor_long
2100,org.joda.time.TestDateTime_Basics#testToMutableDateTime
2101,org.joda.time.tz.TestFixedDateTimeZone#testHashCode
2102,org.joda.time.field.TestPreciseDurationField#test_getType
2103,org.joda.time.TestMinutes#testAddToLocalDate
2104,org.joda.time.convert.TestReadablePartialConverter#testGetPartialValues
2105,org.joda.time.TestDateTime_Basics#testProperty
2106,org.joda.time.TestMutablePeriod_Constructors#testConstructor_long_Chronology2
2107,org.joda.time.TestInterval_Constructors#testConstructor_Object1
2108,org.joda.time.TestLocalTime_Constructors#testConstructor_ObjectStringEx6
2109,org.joda.time.field.TestPreciseDurationField#test_equals
2110,org.joda.time.TestInterval_Constructors#testConstructor_RI_RD1
2111,org.joda.time.TestMinutes#testConstants
2112,org.joda.time.TestSerialization#testSerializedCopticChronology
2113,org.joda.time.TestLocalDate_Basics#testEqualsHashCodeLenient
2114,org.joda.time.TestLocalTime_Properties#testPropertyGetMaxMinValuesMilli
2115,org.joda.time.TestMutablePeriod_Updates#testAdd_RP1
2116,org.joda.time.TestPartial_Constructors#testConstructor_Type_int
2117,org.joda.time.TestMutableInterval_Constructors#testConstructor_RP_RI8
2118,org.joda.time.chrono.TestISOChronology#testToString
2119,org.joda.time.TestLocalTime_Basics#testIsEqual_LocalTime
2120,org.joda.time.format.TestPeriodFormatterBuilder#testFormatSeconds
2121,org.joda.time.TestLocalDateTime_Properties#testPropertyWithMaxMinValueMinute
2122,org.joda.time.TestInstant_Basics#testIsAfter_RI
2123,org.joda.time.TestInstant_Constructors#testConstructor_Object
2124,org.joda.time.TestDateTime_Constructors#testConstructor_int_int_int_int_int_int_int_Chronology
2125,org.joda.time.format.TestISODateTimeFormat_Fields#testForFields_time_HMm
2126,org.joda.time.TestMutableDateTime_Constructors#testConstructor_long2
2127,org.joda.time.chrono.TestJulianChronology#testWithUTC
2128,org.joda.time.TestLocalTime_Constructors#testConstructor_ObjectStringEx5
2129,org.joda.time.format.TestPeriodFormat#test_wordBased_de_formatTwoFields
2130,org.joda.time.TestDuration_Basics#testWithDurationAdded_long_int4
2131,org.joda.time.TestPartial_Constructors#testConstructorEx1_Type_int
2132,org.joda.time.TestWeeks#testGetPeriodType
2133,org.joda.time.TestLocalDate_Constructors#testConstructor_ObjectStringEx4
2134,org.joda.time.TestDateMidnight_Basics#testPlusMonths_int
2135,org.joda.time.TestTimeOfDay_Properties#testPropertyCompareToHour
2136,org.joda.time.TestLocalDateTime_Basics#testEqualsHashCode
2137,org.joda.time.TestPeriod_Constructors#testConstructor_RI_RI_PeriodType3
2138,org.joda.time.TestDateTimeZoneCutover#test_DateTime_roundFloor_day_NewYork_Autumn_preCutover
2139,org.joda.time.TestMutableInterval_Constructors#testConstructor_RI_RI2
2140,org.joda.time.TestInterval_Basics#testToInterval1
2141,org.joda.time.TestDateTime_Basics#testWithFieldAdded2
2142,org.joda.time.TestMutableDateTime_Sets#testSetTime_RI1
2143,org.joda.time.TestParseISO#testSpecWeekExpandedYWD
2144,org.joda.time.TestMonthDay_Properties#testPropertyEquals
2145,org.joda.time.format.TestPeriodFormatter#testWithGetLocaleMethods
2146,org.joda.time.field.TestScaledDurationField#test_isSupported
2147,org.joda.time.TestPeriod_Basics#testToStandardWeeks
2148,org.joda.time.TestHours#testIsLessThan
2149,org.joda.time.TestBaseSingleFieldPeriod#testFactory_between_RPartial
2150,org.joda.time.TestIllegalFieldValueException#testGJCutover
2151,org.joda.time.TestLocalDateTime_Constructors#testConstructor_nullDateTimeZone
2152,org.joda.time.TestLocalDate_Basics#testToString
2153,org.joda.time.format.TestDateTimeFormatter#testPrint_appendableMethods
2154,org.joda.time.TestDateMidnight_Properties#testPropertySetTextLocaleMonthOfYear
2155,org.joda.time.TestMutableDateTime_Constructors#testConstructor_nullObject
2156,org.joda.time.TestDuration_Basics#testToPeriodFrom
2157,org.joda.time.TestTimeOfDay_Properties#testPropertyAddWrapFieldSecond
2158,org.joda.time.TestTimeOfDay_Constructors#testConstructor_nullObject
2159,org.joda.time.TestTimeOfDay_Properties#testPropertyAddHour
2160,org.joda.time.TestDateMidnight_Properties#testPropertyGetCenturyOfEra
2161,org.joda.time.chrono.TestEthiopicChronology#testTimeFields
2162,org.joda.time.format.TestDateTimeFormatStyle#testForStyle_shortMediumDateTime
2163,org.joda.time.TestLocalTime_Basics#testToString
2164,org.joda.time.TestPeriod_Constructors#testFactoryFieldDifference1
2165,org.joda.time.TestDuration_Basics#testToStandardDays_overflow
2166,org.joda.time.field.TestPreciseDurationDateTimeField#test_getMinimumValue
2167,org.joda.time.TestInstant_Basics#testToDate
2168,org.joda.time.TestMutableDateTime_Properties#testPropertyGetHourOfDay
2169,org.joda.time.TestTimeOfDay_Constructors#testConstructor_int_int_int_Chronology
2170,org.joda.time.TestPeriodType#testEquals
2171,org.joda.time.TestMutableDateTime_Adds#testAddMillis_int1
2172,org.joda.time.field.TestPreciseDateTimeField#test_getLeapAmount_long
2173,org.joda.time.TestLocalTime_Basics#testWithFieldAdded_DurationFieldType_int_3
2174,org.joda.time.TestTimeOfDay_Properties#testPropertyCompareToSecond
2175,org.joda.time.TestYearMonth_Basics#testPlus_RP
2176,org.joda.time.TestMutablePeriod_Constructors#testConstructor_RI_RI_PeriodType5
2177,org.joda.time.TestDateTimeZoneCutover#test_DateTime_setHourForward_Moscow_Spring
2178,org.joda.time.convert.TestDateConverter#testGetChronology_Object_Chronology
2179,org.joda.time.TestLocalTime_Properties#testPropertyGetMinute
2180,org.joda.time.TestLocalTime_Constructors#testFactory_FromDateFields_before1970
2181,org.joda.time.TestTimeOfDay_Basics#testCompareTo
2182,org.joda.time.TestLocalTime_Basics#testMinus_RP
2183,org.joda.time.format.TestPeriodFormatterBuilder#testFormatSuffixPlural2
2184,org.joda.time.TestMutableDateTime_Sets#testSetMonthOfYear_int2
2185,org.joda.time.format.TestISODateTimeFormatParsing#test_timeElementParser
2186,org.joda.time.TestMutableInterval_Updates#testSetDurationBeforeEnd_RI1
2187,org.joda.time.TestMutablePeriod_Constructors#testConstructor_long_PeriodType_Chronology4
2188,org.joda.time.TestLocalDateTime_Constructors#testConstructor_long1_DateTimeZone
2189,org.joda.time.TestDateTime_Basics#testIsAfter_RI
2190,org.joda.time.TestInstant_Basics#testGetMethods
2191,org.joda.time.chrono.TestISOChronology#testDurationFields
2192,org.joda.time.TestDateTimeFieldType#test_clockhourOfHalfday
2193,org.joda.time.TestMutableDateTime_Constructors#testConstructor_Object_nullChronology
2194,org.joda.time.TestYearMonthDay_Constructors#testConstructor_Chronology
2195,org.joda.time.chrono.TestLenientChronology#test_setMonthOfYear
2196,org.joda.time.TestMutableDateTime_Basics#testGet_DateTimeFieldType
2197,org.joda.time.TestDateTimeZoneCutover#test_DateTime_plusDay_Turk
2198,org.joda.time.format.TestPeriodFormat#test_getDefault_formatStandard
2199,org.joda.time.TestPeriod_Basics#testPlus
2200,org.joda.time.TestLocalDateTime_Basics#testGetValues
2201,org.joda.time.field.TestPreciseDateTimeField#test_addWrapField_RP_int_intarray_int
2202,org.joda.time.TestInterval_Basics#testIsAfter_RInterval_null
2203,org.joda.time.TestLocalDate_Properties#testPropertyGetDay
2204,org.joda.time.TestMutableDateTime_Constructors#testConstructor_long_nullChronology
2205,org.joda.time.TestMonths#testIsGreaterThan
2206,org.joda.time.TestLocalTime_Constructors#testConstructor_int_int_int_int_Chronology
2207,org.joda.time.TestPartial_Basics#testCompareTo
2208,org.joda.time.TestYearMonth_Constructors#testConstructor_int_int_Chronology
2209,org.joda.time.format.TestPeriodFormatterBuilder#testFormatSuffixSimple1
2210,org.joda.time.TestMutableDateTime_Sets#testSetMillis_long1
2211,org.joda.time.field.TestBaseDateTimeField#test_add_long_long
2212,org.joda.time.TestPeriod_Constructors#testConstructor_RI_RI_PeriodType4
2213,org.joda.time.TestYearMonthDay_Basics#testGetValue
2214,org.joda.time.field.TestBaseDateTimeField#test_getMaximumValue_RP_intarray
2215,org.joda.time.TestDateTimeComparator#testListBasic
2216,org.joda.time.TestDateMidnight_Basics#testToInterval
2217,org.joda.time.TestTimeOfDay_Basics#testGetField
2218,org.joda.time.format.TestISOPeriodFormat#testFormatStandard
2219,org.joda.time.TestPartial_Basics#testWith1
2220,org.joda.time.TestLocalDate_Constructors#testConstructor_ObjectStringEx7
2221,org.joda.time.TestLocalDate_Properties#testPropertySetCopyTextYear
2222,org.joda.time.TestTimeOfDay_Basics#testWithFieldAdded8
2223,org.joda.time.TestYearMonthDay_Basics#testWithChronologyRetainFields_Chrono
2224,org.joda.time.TestDays#testGetPeriodType
2225,org.joda.time.TestMinutes#testFactory_minutesIn_RInterval
2226,org.joda.time.TestLocalDateTime_Constructors#testConstructor_Object_ChronologyMoscow
2227,org.joda.time.TestDateTimeUtils#testOffsetMillisSecurity
2228,org.joda.time.TestLocalTime_Basics#testPlusMinutes_int
2229,org.joda.time.TestDuration_Constructors#testConstructor_RI_RI1
2230,org.joda.time.TestDateTimeComparator#testStaticGetInstanceLower
2231,org.joda.time.field.TestOffsetDateTimeField#test_roundHalfCeiling_long
2232,org.joda.time.TestDuration_Constructors#testConstructor_long1
2233,org.joda.time.TestPeriod_Constructors#testConstructor_long_Chronology1
2234,org.joda.time.convert.TestConverterManager#testGetPartialConverters
2235,org.joda.time.TestMonthDay_Constructors#testConstructor
2236,org.joda.time.TestMonthDay_Constructors#testConstructor_nullObject_Chronology
2237,org.joda.time.TestMutablePeriod_Updates#testSetPeriod_long_long_NoWeeks
2238,org.joda.time.format.TestISODateTimeFormat#testFormat_weekyearWeekDay
2239,org.joda.time.TestLocalDateTime_Properties#testPropertyGetMaxMinValuesMilli
2240,org.joda.time.TestYearMonthDay_Properties#testPropertyAddDay
2241,org.joda.time.format.TestPeriodFormatterBuilder#testFormatPrintZeroRarelyFirstWeeks
2242,org.joda.time.TestDateTime_Basics#testWithTime_int_int_int
2243,org.joda.time.TestSeconds#testAddToLocalDate
2244,org.joda.time.TestPartial_Properties#testPropertySetMinute
2245,org.joda.time.format.TestDateTimeFormat#testFormatParse_zoneId_colon_parseZ
2246,org.joda.time.TestYearMonthDay_Basics#testToInterval_nullZone
2247,org.joda.time.TestMonthDay_Constructors#testConstructor_int_int
2248,org.joda.time.TestLocalTime_Basics#testToString_DTFormatter
2249,org.joda.time.TestLocalTime_Properties#testPropertyWithMaxMinValueMinute
2250,org.joda.time.field.TestOffsetDateTimeField#test_toString
2251,org.joda.time.TestYearMonth_Basics#testGetValues
2252,org.joda.time.convert.TestConverterManager#testGetPartialConverterRemovedNull
2253,org.joda.time.format.TestISODateTimeFormat#testFormat_hourMinute
2254,org.joda.time.TestMutableDateTime_Basics#testIsAfter
2255,org.joda.time.TestDateTimeUtils#testMillisProviderSecurity
2256,org.joda.time.TestDateTimeZoneCutover#test_DateTime_roundFloor_day_NewYork_Autumn_postCutover
2257,org.joda.time.TestLocalDate_Basics#testToDateTimeAtStartOfDay_Zone_avoidDST
2258,org.joda.time.TestDateTimeZoneCutover#test_DateTime_new_Gaza
2259,org.joda.time.tz.TestBuilder#testSerialization
2260,org.joda.time.field.TestScaledDurationField#test_getValue_long
2261,org.joda.time.chrono.TestJulianChronology#testEquality
2262,org.joda.time.TestMinutes#testToStandardWeeks
2263,org.joda.time.TestParseISO#testSpecWeekTruncatedD
2264,org.joda.time.field.TestOffsetDateTimeField#test_getOffset
2265,org.joda.time.TestDateTimeComparator#testStaticGetInstance
2266,org.joda.time.TestYearMonth_Constructors#testConstructor_Object_Chronology
2267,org.joda.time.TestLocalDate_Constructors#testConstructor_Object_nullChronology
2268,org.joda.time.TestParseISO#testSpecTimeTruncatedM
2269,org.joda.time.TestDateTime_Properties#testPropertyCompareToYear2
2270,org.joda.time.chrono.TestEthiopicChronology#testDurationFields
2271,org.joda.time.TestLocalTime_Properties#testPropertyPlusSecond
2272,org.joda.time.TestDateTime_Basics#testIsBefore_long
2273,org.joda.time.TestDateTimeComparator#testListSecond
2274,org.joda.time.TestDays#testToStandardWeeks
2275,org.joda.time.TestDateMidnight_Basics#testPlus_long
2276,org.joda.time.TestDateTime_Basics#testSerialization
2277,org.joda.time.TestLocalDateTime_Properties#testPropertySetTextHour
2278,org.joda.time.field.TestPreciseDurationDateTimeField#test_getAsText_long_Locale
2279,org.joda.time.convert.TestStringConverter#testToString
2280,org.joda.time.TestYearMonth_Properties#testPropertyHashCode
2281,org.joda.time.TestDateTime_Properties#testPropertyAddWrapFieldWeekOfWeekyear
2282,org.joda.time.chrono.TestBuddhistChronology#testCalendar
2283,org.joda.time.TestMutableDateTime_Adds#testAddMonths_int1
2284,org.joda.time.TestLocalTime_Constructors#testConstructor_long1_Chronology
2285,org.joda.time.field.TestPreciseDurationDateTimeField#test_getAsShortText_RP_int_Locale
2286,org.joda.time.field.TestPreciseDateTimeField#test_getLeapDurationField
2287,org.joda.time.TestInterval_Constructors#testConstructor_RI_RI_instant
2288,org.joda.time.TestLocalDateTime_Basics#testToDateTime_nullZone
2289,org.joda.time.convert.TestReadableIntervalConverter#testSetIntoInterval_Object3
2290,org.joda.time.TestMonthDay_Properties#testPropertyHashCode
2291,org.joda.time.TestMutableDateTime_Basics#testRounding6
2292,org.joda.time.TestYearMonthDay_Constructors#testConstructor_nullObject_nullChronology
2293,org.joda.time.format.TestPeriodFormat#test_getDefault_parseOneField
2294,org.joda.time.TestDateMidnight_Constructors#testConstructor_int_int_int_DateTimeZone
2295,org.joda.time.TestPeriod_Constructors#testConstructor_long_PeriodType_Chronology1
2296,org.joda.time.TestMutableInterval_Updates#testSetEndMillis_long1
2297,org.joda.time.chrono.TestGJChronology#testWithZone
2298,org.joda.time.TestDateTimeZoneCutover#test_NewYorkIsCorrect_Spring
2299,org.joda.time.TestDateMidnight_Properties#testPropertyEqualsHashCodeStrict
2300,org.joda.time.TestDateTime_Basics#testMinus_RP
2301,org.joda.time.format.TestDateTimeFormatStyle#testForStyle_shortDate
2302,org.joda.time.field.TestPreciseDurationField#test_getValue_long_long
2303,org.joda.time.chrono.TestGregorianChronology#testDateFields
2304,org.joda.time.TestLocalDate_Basics#testGetFields
2305,org.joda.time.format.TestDateTimeFormatStyle#testForStyle_longDateTime
2306,org.joda.time.convert.TestReadableDurationConverter#testSupportedType
2307,org.joda.time.TestDuration_Basics#testToIntervalTo
2308,org.joda.time.TestDuration_Basics#testEqualsHashCode
2309,org.joda.time.field.TestOffsetDateTimeField#test_getAsText_long_Locale
2310,org.joda.time.format.TestISODateTimeFormatParsing#test_ordinalDate
2311,org.joda.time.field.TestMillisDurationField#test_isSupported
2312,org.joda.time.TestMutableInterval_Constructors#testConstructor_Object4
2313,org.joda.time.TestDateMidnight_Properties#testPropertyEqualsHashCodeLenient
2314,org.joda.time.TestYearMonthDay_Properties#testPropertyGetYear
2315,org.joda.time.convert.TestReadableIntervalConverter#testSetIntoPeriod_Object2
2316,org.joda.time.TestTimeOfDay_Basics#testWithFieldAdded4
2317,org.joda.time.field.TestBaseDateTimeField#test_set_long_int
2318,org.joda.time.field.TestPreciseDurationDateTimeField#test_getAsText_long
2319,org.joda.time.TestDateTime_Constructors#testConstructor_badconverterObject
2320,org.joda.time.TestTimeOfDay_Basics#testToDateTimeToday_nullZone
2321,org.joda.time.TestDuration_Basics#testSerialization
2322,org.joda.time.TestMinutes#testFactory_minutesBetween_RPartial
2323,org.joda.time.TestLocalDate_Properties#testPropertyAddWrapFieldToCopyYear
2324,org.joda.time.TestLocalDate_Constructors#testConstructor_ObjectStringEx1
2325,org.joda.time.TestMutableDateTime_Basics#testRounding7
2326,org.joda.time.TestDuration_Constructors#testConstructor_Object3
2327,org.joda.time.TestWeeks#testToStandardHours
2328,org.joda.time.TestDateTimeZone#testPatchedNameKeysSydneyHistoric
2329,org.joda.time.TestInterval_Basics#testToPeriod_PeriodType2
2330,org.joda.time.TestMinutes#testMultipliedBy_int
2331,org.joda.time.TestDateTime_Properties#testPropertyCompareToDayOfWeek
2332,org.joda.time.TestLocalTime_Properties#testPropertyPlusWrapFieldMilli
2333,org.joda.time.format.TestISODateTimeFormat#testFormat_basicDateTime
2334,org.joda.time.TestDateMidnight_Constructors#testConstructor_invalidObject_DateTimeZone
2335,org.joda.time.TestLocalTime_Constructors#testConstructor_nullObject_Chronology
2336,org.joda.time.format.TestDateTimeFormat#testFormatParse_textMonthAtEnd_France
2337,org.joda.time.TestPeriod_Constructors#testConstructor_RD_RI_PeriodType2
2338,org.joda.time.TestYearMonthDay_Basics#testWithField2
2339,org.joda.time.TestLocalTime_Basics#testMinusMillis_int
2340,org.joda.time.TestPeriod_Basics#testPeriodStatics
2341,org.joda.time.chrono.TestBuddhistChronology#testEquality
2342,org.joda.time.TestDuration_Constructors#testConstructor_RI_RI3
2343,org.joda.time.format.TestISODateTimeFormat#testFormat_timeNoMillis
2344,org.joda.time.TestLocalDate_Constructors#testConstructor_long_nullDateTimeZone
2345,org.joda.time.TestPeriod_Basics#testToStandardMinutes_years
2346,org.joda.time.TestDays#testMultipliedBy_int
2347,org.joda.time.TestDateTime_Properties#testPropertySetTextDayOfYear
2348,org.joda.time.chrono.TestGJChronology#testFactory_Zone_RI_int
2349,org.joda.time.TestPeriodType#testForFields5
2350,org.joda.time.field.TestOffsetDateTimeField#test_roundHalfFloor_long
2351,org.joda.time.format.TestDateTimeFormatter#testPrint_chrono
2352,org.joda.time.TestMutableDateTime_Sets#testSetWeekyear_int1
2353,org.joda.time.field.TestOffsetDateTimeField#test_getAsText_int_Locale
2354,org.joda.time.chrono.TestLenientChronology#test_strictChrononolgy_Chicago
2355,org.joda.time.TestInterval_Constructors#testConstructor_RI_RP8
2356,org.joda.time.TestLocalTime_Properties#testPropertyPlusWrapFieldSecond
2357,org.joda.time.TestDateTimeZoneCutover#test_DateTime_roundCeiling_Turk
2358,org.joda.time.TestMonthDay_Basics#testWithField_same
2359,org.joda.time.TestTimeOfDay_Basics#testToDateTimeToday_Zone
2360,org.joda.time.TestLocalDateTime_Properties#testPropertyAddWrapFieldToCopyMonth
2361,org.joda.time.convert.TestConverterManager#testRemoveDurationConverter3
2362,org.joda.time.TestYearMonthDay_Basics#testToDateTime_RI
2363,org.joda.time.TestLocalDate_Properties#testPropertyGetMonth
2364,org.joda.time.TestBaseSingleFieldPeriod#testToMutablePeriod
2365,org.joda.time.field.TestPreciseDateTimeField#test_add_RP_int_intarray_int
2366,org.joda.time.TestLocalTime_Constructors#testConstructor_Object2
2367,org.joda.time.format.TestPeriodFormat#test_wordBased_de_FormatOneField
2368,org.joda.time.chrono.TestCopticChronology#testEpoch
2369,org.joda.time.TestDateTimeComparator#testListDOY
2370,org.joda.time.TestLocalDateTime_Properties#testPropertySetSecond
2371,org.joda.time.TestPeriodType#testDayTime
2372,org.joda.time.TestYearMonthDay_Basics#testToDateTimeAtMidnight_Zone
2373,org.joda.time.TestDateMidnight_Basics#testPlusYears_int
2374,org.joda.time.TestIllegalFieldValueException#testSetText
2375,org.joda.time.format.TestISOPeriodFormatParsing#testParseStandard2
2376,org.joda.time.TestIllegalFieldValueException#testSkipDateTimeField
2377,org.joda.time.field.TestPreciseDateTimeField#test_isLeap_long
2378,org.joda.time.TestMutableDateTime_Sets#testSetDate_int_int_int1
2379,org.joda.time.TestDateMidnight_Constructors#testConstructor_int_int_int_nullDateTimeZone
2380,org.joda.time.convert.TestDateConverter#testToString
2381,org.joda.time.TestYearMonth_Constructors#testConstructor_ObjectString2
2382,org.joda.time.TestDuration_Basics#testTest
2383,org.joda.time.TestDays#testFactory_daysBetween_RInstant
2384,org.joda.time.TestLocalTime_Constructors#testFactory_FromDateFields_after1970
2385,org.joda.time.TestLocalTime_Basics#testWithField_DateTimeFieldType_int_3
2386,org.joda.time.TestDateTime_Basics#testMinus_RD
2387,org.joda.time.TestTimeOfDay_Constructors#testConstructor_long1
2388,org.joda.time.format.TestDateTimeFormat#testFormatParse_textHalfdayAM_UK
2389,org.joda.time.TestYearMonth_Basics#testIsEqual_YM
2390,org.joda.time.TestLocalDateTime_Constructors#testConstructor_int_int_int_int_int_int_int
2391,org.joda.time.TestSeconds#testFactory_secondsIn_RInterval
2392,org.joda.time.convert.TestNullConverter#testGetDurationMillis_Object
2393,org.joda.time.TestLocalDate_Basics#testToDateTimeAtMidnight_nullZone
2394,org.joda.time.TestLocalTime_Properties#testPropertyWithMaximumValueHour
2395,org.joda.time.TestTimeOfDay_Constructors#testFactory_FromDateFields_null
2396,org.joda.time.format.TestDateTimeFormat#testFormat_hourOfDay
2397,org.joda.time.TestMutableDateTime_Basics#testToMutableDateTime
2398,org.joda.time.TestMutableInterval_Basics#testIsBefore_RInterval
2399,org.joda.time.format.TestISODateTimeFormat_Fields#testForFields_time_H
2400,org.joda.time.field.TestPreciseDurationDateTimeField#test_getMaximumValue_long
2401,org.joda.time.TestDateTimeZoneCutover#test_DateTime_plusHour_Gaza
2402,org.joda.time.TestInterval_Constructors#testConstructor_RI_RI3
2403,org.joda.time.TestLocalDateTime_Properties#testPropertyAddToCopyDay
2404,org.joda.time.convert.TestNullConverter#testToString
2405,org.joda.time.TestLocalDateTime_Properties#testPropertyGetMaxMinValuesHour
2406,org.joda.time.field.TestPreciseDurationDateTimeField#test_set_long_String
2407,org.joda.time.convert.TestConverterManager#testRemoveDurationConverter2
2408,org.joda.time.TestDateTimeComparator#testBasicComps5
2409,org.joda.time.TestMutableDateTime_Properties#testPropertyGetYear
2410,org.joda.time.TestLocalDate_Constructors#testConstructor_int_int_int_nullChronology
2411,org.joda.time.TestYears#testFactory_yearsIn_RInterval
2412,org.joda.time.TestLocalDateTime_Properties#testPropertyAddWrapFieldToCopySecond
2413,org.joda.time.TestSeconds#testToStandardMinutes
2414,org.joda.time.convert.TestReadableDurationConverter#testToString
2415,org.joda.time.format.TestDateTimeFormatter#testParseMutableDateTime_simple
2416,org.joda.time.TestDateTimeZoneCutover#test_LocalDate_new_Turk
2417,org.joda.time.TestYearMonthDay_Basics#testToDateMidnight_nullZone
2418,org.joda.time.TestMutableDateTime_Sets#testSetDateTime_int_int_int_int_int_int_int2
2419,org.joda.time.format.TestDateTimeFormatterBuilder#test_canBuildPrinter
2420,org.joda.time.TestDateTime_Properties#testPropertyCompareToDayOfMonth
2421,org.joda.time.format.TestISODateTimeFormatParsing#test_localDateParser
2422,org.joda.time.TestMonthDay_Basics#testToString
2423,org.joda.time.TestMonthDay_Basics#testToString_String_Locale
2424,org.joda.time.TestDateMidnight_Basics#testPlus_RP
2425,org.joda.time.TestPeriod_Basics#testToString_nullPeriodFormatter
2426,org.joda.time.TestTimeOfDay_Constructors#testConstructor_long2
2427,org.joda.time.TestDateTime_Basics#testToLocalTime
2428,org.joda.time.TestDuration_Basics#testCompareTo
2429,org.joda.time.format.TestDateTimeFormatter#testParseInto_chrono
2430,org.joda.time.TestPeriod_Basics#testNormalizedStandard_periodType_yearMonth3
2431,org.joda.time.TestPeriod_Basics#testNormalizedStandard_yearMonthDay
2432,org.joda.time.TestTimeOfDay_Constructors#testConstructor_int_int_nullChronology
2433,org.joda.time.TestMutableInterval_Constructors#testConstructor_RI_RP4
2434,org.joda.time.format.TestDateTimeFormat#testFormat_weekOfWeekyear
2435,org.joda.time.TestMutableDateTime_Properties#testPropertyToIntervalSecondOfMinute
2436,org.joda.time.TestPeriod_Constructors#testConstructor_long_long2
2437,org.joda.time.TestLocalDateTime_Constructors#testConstructor_long1
2438,org.joda.time.TestDateTimeZone#testForID_String
2439,org.joda.time.field.TestMillisDurationField#test_getMillis_int
2440,org.joda.time.TestLocalDateTime_Properties#testPropertyCompareToMonth
2441,org.joda.time.TestInterval_Constructors#testConstructor_RI_RP1
2442,org.joda.time.format.TestPeriodFormatterBuilder#testFormatMinDigits
2443,org.joda.time.TestLocalDateTime_Properties#testPropertyGetMaxMinValuesYear
2444,org.joda.time.convert.TestCalendarConverter#testGetChronology_Object_Chronology
2445,org.joda.time.TestLocalDate_Basics#testToDateTime_nullRI
2446,org.joda.time.format.TestDateTimeFormat#testFormatParse_zoneId_noColon_parseZ
2447,org.joda.time.TestDateTimeZone#testIsLocalDateTimeGap_Berlin
2448,org.joda.time.TestMutablePeriod_Constructors#testConstructor_long_PeriodType_Chronology3
2449,org.joda.time.format.TestDateTimeFormat#testFormat_yearOfEra_twoDigit
2450,org.joda.time.TestLocalTime_Basics#testWithers
2451,org.joda.time.TestPartial_Constructors#testConstructor_Chrono
2452,org.joda.time.TestDuration_Constructors#testConstructor_RI_RI4
2453,org.joda.time.format.TestDateTimeFormatStyle#testForStyle_longTime
2454,org.joda.time.chrono.TestGregorianChronology#testWithUTC
2455,org.joda.time.TestDateTime_Properties#testPropertySetMonthOfYear
2456,org.joda.time.TestMutableInterval_Updates#testSetInterval_long_long2
2457,org.joda.time.chrono.TestGregorianChronology#testFactory_Zone_int
2458,org.joda.time.TestYearMonth_Properties#testPropertyCompareToYear
2459,org.joda.time.TestTimeOfDay_Basics#testIsSupported
2460,org.joda.time.TestMutableDateTime_Sets#testSetDayOfYear_int1
2461,org.joda.time.field.TestScaledDurationField#test_toString
2462,org.joda.time.field.TestPreciseDurationField#test_isSupported
2463,org.joda.time.TestMutableInterval_Updates#testSetEnd_RI3
2464,org.joda.time.TestDateTimeZoneCutover#test_LocalDate_toDateMidnight_Gaza
2465,org.joda.time.TestDateMidnight_Basics#testToString_String
2466,org.joda.time.TestTimeOfDay_Basics#testMinusHours_int
2467,org.joda.time.field.TestOffsetDateTimeField#test_getMaximumValue_RP
2468,org.joda.time.TestMutableDateTime_Basics#testToString
2469,org.joda.time.TestDateTime_Constructors#testConstructor_Object_nullChronology
2470,org.joda.time.TestLocalDate_Basics#testToDateTime_LocalTime
2471,org.joda.time.TestLocalDateTime_Basics#testWithFieldAdded_DurationFieldType_int_3
2472,org.joda.time.convert.TestDateConverter#testGetInstantMillis_Object_Chronology
2473,org.joda.time.field.TestOffsetDateTimeField#test_getDifference_long_long
2474,org.joda.time.TestIllegalFieldValueException#testReadablePartialValidate
2475,org.joda.time.TestParseISO#testSpecExpandedCYM
2476,org.joda.time.format.TestDateTimeFormatterBuilder#test_append_Formatter
2477,org.joda.time.TestDateTime_Basics#testToString
2478,org.joda.time.TestDateTimeComparator#testListYOYY
2479,org.joda.time.TestDateTime_Basics#testToMutableDateTime_DateTimeZone
2480,org.joda.time.TestMutableDateTime_Properties#testPropertyAddDayOfYear
2481,org.joda.time.TestParseISO#testSpecTimeTruncatedFractionMS
2482,org.joda.time.TestDuration_Basics#testToStandardDays
2483,org.joda.time.TestDateTimeUtils#testMillisProvider
2484,org.joda.time.format.TestPeriodFormat#testSubclassableConstructor
2485,org.joda.time.format.TestPeriodFormat#test_wordBased_fr_cached
2486,org.joda.time.TestLocalDateTime_Properties#testPropertyCompareToHour
2487,org.joda.time.TestYearMonthDay_Properties#testPropertyHashCode
2488,org.joda.time.convert.TestConverterManager#testRemovePartialConverter2
2489,org.joda.time.TestMonthDay_Basics#testWithFieldAdded_nullField_zero
2490,org.joda.time.TestMutableDateTime_Adds#testAdd_DurationFieldType_int2
2491,org.joda.time.TestDateTimeFieldType#test_clockhourOfDay
2492,org.joda.time.TestPartial_Basics#testSerialization
2493,org.joda.time.format.TestPeriodFormat#test_wordBased_es_formatTwoFields
2494,org.joda.time.TestMutableDateTime_Sets#testSetHourOfDay_int1
2495,org.joda.time.convert.TestReadablePartialConverter#testToString
2496,org.joda.time.TestMutableInterval_Basics#testCopy
2497,org.joda.time.format.TestPeriodFormatterBuilder#testFormatPrefixSimple1
2498,org.joda.time.chrono.TestEthiopicChronology#testCalendar
2499,org.joda.time.TestDateTime_Basics#testGetters
2500,org.joda.time.format.TestISODateTimeFormat_Fields#testForFields_time_Sm
2501,org.joda.time.TestYearMonthDay_Constructors#testConstructor_ObjectStringEx1
2502,org.joda.time.format.TestPeriodFormat#test_wordBased_de_parseTwoFields
2503,org.joda.time.TestLocalTime_Basics#testGetValues
2504,org.joda.time.TestPartial_Basics#testProperty
2505,org.joda.time.TestLocalDate_Basics#testWithFieldAdded_DurationFieldType_int_2
2506,org.joda.time.TestYearMonth_Properties#testPropertyAddWrapFieldYear
2507,org.joda.time.convert.TestStringConverter#testGetPeriodType_Object
2508,org.joda.time.TestDateTime_Properties#testPropertySetTextDayOfMonth
2509,org.joda.time.TestYearMonthDay_Constructors#testConstructor_ObjectStringEx2
2510,org.joda.time.TestMinutes#testPlus_int
2511,org.joda.time.TestLocalDateTime_Properties#testPropertyAddToCopyMilli
2512,org.joda.time.TestPartial_Basics#testWithChronologyRetainFields_sameChrono
2513,org.joda.time.TestDateTimeUtils#testGetInstantChronology_RI
2514,org.joda.time.TestYearMonthDay_Basics#testToDateTime_TOD
2515,org.joda.time.TestLocalDateTime_Constructors#testConstructor_nullObject_nullDateTimeZone
2516,org.joda.time.format.TestISOPeriodFormat#testFormatAlternateExtended
2517,org.joda.time.convert.TestReadableInstantConverter#testToString
2518,org.joda.time.TestMutablePeriod_Updates#testMergePeriod_RP2
2519,org.joda.time.TestPartial_Basics#testGetFormatter2
2520,org.joda.time.TestInterval_Constructors#testConstructor_Object5
2521,org.joda.time.format.TestPeriodFormat#test_wordBased_fr_FormatOneField
2522,org.joda.time.TestMutableDateTime_Constructors#testConstructor_nullObject_DateTimeZone
2523,org.joda.time.TestPeriod_Constructors#testConstructor_long_PeriodType_Chronology2
2524,org.joda.time.TestDateTimeZone#testTransitionFixed
2525,org.joda.time.TestYearMonthDay_Basics#testWithChronologyRetainFields_nullChrono
2526,org.joda.time.TestDateTimeFieldType#test_dayOfMonth
2527,org.joda.time.chrono.TestJulianChronology#testDateFields
2528,org.joda.time.TestInterval_Basics#testWithPeriodAfterStart2
2529,org.joda.time.TestTimeOfDay_Constructors#testConstructor_ObjectStringEx2
2530,org.joda.time.TestLocalTime_Constructors#testConstructor_long_nullChronology
2531,org.joda.time.TestLocalDate_Constructors#testConstructor_long1_Chronology
2532,org.joda.time.field.TestPreciseDateTimeField#test_remainder_long
2533,org.joda.time.TestDateTime_Basics#testPlus_RP
2534,org.joda.time.format.TestDateTimeFormat#testFormat_other
2535,org.joda.time.TestYearMonthDay_Properties#testPropertySetTextDay
2536,org.joda.time.TestPartial_Properties#testPropertySetHour
2537,org.joda.time.field.TestOffsetDateTimeField#test_add_long_long
2538,org.joda.time.TestMutableDateTime_Basics#testToDateTime_DateTimeZone
2539,org.joda.time.TestDuration_Basics#testWithDurationAdded_long_int1
2540,org.joda.time.TestLocalTime_Constructors#testConstructor_ObjectString2
2541,org.joda.time.convert.TestStringConverter#testSetIntoInterval_Object_Chronology6
2542,org.joda.time.TestDateTimeZone#testToString
2543,org.joda.time.TestWeeks#testToStandardMinutes
2544,org.joda.time.TestLocalDateTime_Properties#testPropertyAddWrapFieldToCopyDay
2545,org.joda.time.format.TestDateTimeFormatStyle#testForStyle_fullDateTime
2546,org.joda.time.TestMutablePeriod_Constructors#testConstructor_RI_RI3
2547,org.joda.time.TestLocalDateTime_Constructors#testConstructor_long_nullDateTimeZone
2548,org.joda.time.TestMutableInterval_Updates#testSetPeriodBeforeEnd_RI3
2549,org.joda.time.TestYears#testToString
2550,org.joda.time.convert.TestStringConverter#testGetChronology_Object_Chronology
2551,org.joda.time.TestLocalTime_Basics#testIsAfter_LocalTime
2552,org.joda.time.TestMutablePeriod_Constructors#testConstructor_RI_RI_PeriodType3
2553,org.joda.time.convert.TestStringConverter#testSetIntoIntervalEx_Object_Chronology4
2554,org.joda.time.TestInterval_Constructors#testConstructor_Object_Chronology2
2555,org.joda.time.TestMutableDateTime_Basics#testToString_String_String
2556,org.joda.time.TestMutableDateTime_Properties#testPropertySetMonthOfYear
2557,org.joda.time.TestDuration_Constructors#testZERO
2558,org.joda.time.field.TestBaseDateTimeField#test_getMinimumValue_long
2559,org.joda.time.TestPeriod_Basics#testNormalizedStandard_periodType_weekDay2
2560,org.joda.time.field.TestBaseDateTimeField#test_getMinimumValue_RP_intarray
2561,org.joda.time.TestMutablePeriod_Constructors#testConstructor_Object_PeriodType3
2562,org.joda.time.TestMonthDay_Constructors#testConstructor_Object_Chronology
2563,org.joda.time.format.TestPeriodFormatterBuilder#testFormatPrintZeroRarelyFirst
2564,org.joda.time.TestWeeks#testMultipliedBy_int
2565,org.joda.time.TestTimeOfDay_Constructors#testConstructor_nullObject_Chronology
2566,org.joda.time.TestIllegalFieldValueException#testJulianYearZero
2567,org.joda.time.TestMutableInterval_Basics#testEqualsHashCode
2568,org.joda.time.TestMonthDay_Constructors#testConstructor_ObjectStringEx4
2569,org.joda.time.TestLocalTime_Properties#testPropertyGetMaxMinValuesHour
2570,org.joda.time.TestMutableInterval_Basics#testContainsNow
2571,org.joda.time.TestLocalDateTime_Constructors#testConstructor_long2_Chronology
2572,org.joda.time.TestMutableDateTime_Properties#testPropertyToIntervalMonthOfYear
2573,org.joda.time.TestPeriod_Constructors#testConstructor_8int__PeriodType2
2574,org.joda.time.TestLocalDate_Constructors#testConstructor_ObjectLocalDateTime
2575,org.joda.time.TestSeconds#testGetPeriodType
2576,org.joda.time.TestDateTime_Basics#testWithMillis_long
2577,org.joda.time.TestDateTimeUtils#testGetDurationMillis_RI
2578,org.joda.time.TestPartial_Basics#testWithField2
2579,org.joda.time.TestTimeOfDay_Basics#testGetValue
2580,org.joda.time.format.TestPeriodFormatterBuilder#testFormatPrintZeroIfSupported
2581,org.joda.time.TestMutableDateTime_Basics#testToCalendar_Locale
2582,org.joda.time.TestMutablePeriod_Updates#testAdd_RInterval1
2583,org.joda.time.TestMutableDateTime_Sets#testSetDate_long1
2584,org.joda.time.format.TestISODateTimeFormatParsing#test_timeNoMillis
2585,org.joda.time.TestParseISO#testSpecWeekReducedPrecision
2586,org.joda.time.TestDateTimeZoneCutover#test_DateTime_addWrapFieldDay_Gaza
2587,org.joda.time.TestPeriod_Basics#testEqualsHashCode
2588,org.joda.time.TestSerialization#testSerializedUnsupportedDateTimeField
2589,org.joda.time.field.TestPreciseDurationDateTimeField#test_getAsShortText_long
2590,org.joda.time.TestInstant_Basics#testToDateTime
2591,org.joda.time.convert.TestConverterManager#testGetDurationConverterRemovedNull
2592,org.joda.time.TestDateTime_Basics#testGet_DateTimeField
2593,org.joda.time.field.TestPreciseDateTimeField#test_getAsText_long_Locale
2594,org.joda.time.TestYearMonthDay_Basics#testMinusYears_int
2595,org.joda.time.TestDuration_Basics#testToPeriod_Chronology
2596,org.joda.time.TestMutableDateTime_Properties#testPropertyToIntervalHourOfDay
2597,org.joda.time.TestDateTimeZoneCutover#test_DateTime_minusHour_Gaza
2598,org.joda.time.TestPeriod_Constructors#testConstructor_long_long1
2599,org.joda.time.TestMutableDateTime_Constructors#testConstructor_Object_DateTimeZone
2600,org.joda.time.format.TestISOPeriodFormatParsing#testParseStandardFail4
2601,org.joda.time.TestLocalDate_Constructors#testConstructor_long2_DateTimeZone
2602,org.joda.time.TestPeriod_Basics#testMinus
2603,org.joda.time.TestLocalDate_Constructors#testConstructor_ObjectLocalTime
2604,org.joda.time.TestYearMonthDay_Basics#testPlusMonths_int
2605,org.joda.time.TestMutableDateTime_Constructors#testConstructor_invalidObject_DateTimeZone
2606,org.joda.time.TestDateTime_Basics#testIsEqual_long
2607,org.joda.time.TestMutableDateTime_Constructors#testConstructor_long2_DateTimeZone
2608,org.joda.time.TestDateTimeZoneCutover#test_MoscowIsCorrect_Autumn
2609,org.joda.time.TestInterval_Basics#testContains_RInterval_null
2610,org.joda.time.field.TestPreciseDateTimeField#test_getAsText_int_Locale
2611,org.joda.time.format.TestISODateTimeFormat_Fields#testForFields_weekBased_YWD
2612,org.joda.time.TestYearMonthDay_Properties#testPropertySetTextMonth
2613,org.joda.time.TestDateMidnight_Properties#testPropertyGetDayOfWeek
2614,org.joda.time.convert.TestReadablePeriodConverter#testToString
2615,org.joda.time.TestDateTimeUtils#testTest
2616,org.joda.time.TestTimeOfDay_Basics#testWithChronologyRetainFields_sameChrono
2617,org.joda.time.TestDateTimeZoneCutover#test_DateTime_roundCeiling_hour_NewYork_Spring_preCutover
2618,org.joda.time.format.TestPeriodFormat#test_wordBased_es_cached
2619,org.joda.time.format.TestDateTimeFormatter#testParseInto_zone3
2620,org.joda.time.TestInterval_Constructors#testConstructor_long_long2
2621,org.joda.time.TestDateTime_Basics#testWithFieldAdded1
2622,org.joda.time.TestYearMonthDay_Properties#testPropertyWithMinimumValueDayOfMonth
2623,org.joda.time.convert.TestStringConverter#testGetDateTime5
2624,org.joda.time.TestParseISO#testSpecTruncatedD
2625,org.joda.time.TestTimeOfDay_Basics#testProperty
2626,org.joda.time.TestPartial_Basics#testIsBefore_TOD
2627,org.joda.time.TestTimeOfDay_Properties#testPropertyWithMaximumValueHour
2628,org.joda.time.TestDateTime_Constructors#testConstructor_Object_DateTimeZone
2629,org.joda.time.field.TestPreciseDateTimeField#test_getDifference_long_long
2630,org.joda.time.chrono.TestIslamicChronology#testFieldConstructor
2631,org.joda.time.field.TestUnsupportedDateTimeField#testDelegatedMethods
2632,org.joda.time.TestMutableInterval_Basics#testToString
2633,org.joda.time.field.TestPreciseDurationDateTimeField#test_getAsShortText_long_Locale
2634,org.joda.time.TestLocalTime_Properties#testPropertySetTextHour
2635,org.joda.time.TestTimeOfDay_Constructors#testConstructor_int_int_Chronology
2636,org.joda.time.TestDateTimeZoneCutover#test_MutableDateTime_withZoneRetainFields_Gaza
2637,org.joda.time.TestDateTime_Constructors#testConstructor_int_int_int_int_int_int_nullDateTimeZone
2638,org.joda.time.TestParseISO#testSpecTruncatedY
2639,org.joda.time.TestDateTimeZoneCutover#test_getOffsetFromLocal_Gaza
2640,org.joda.time.TestMutablePeriod_Basics#testToPeriod
2641,org.joda.time.TestPeriod_Constructors#testConstructor_long_long_Chronology1
2642,org.joda.time.field.TestPreciseDateTimeField#test_getAsText_long
2643,org.joda.time.field.TestPreciseDurationField#test_getName
2644,org.joda.time.format.TestPeriodFormatter#testPrint_bufferMethods
2645,org.joda.time.TestLocalTime_Properties#testPropertyCompareToHour
2646,org.joda.time.field.TestOffsetDateTimeField#test_getAsText_RP_Locale
2647,org.joda.time.field.TestUnsupportedDateTimeField#testDifferentDurationReturnDifferentObjects
2648,org.joda.time.format.TestDateTimeFormat#testFormatParse_textAdjoiningHelloWorld_UK
2649,org.joda.time.TestTimeOfDay_Basics#testWithFieldAdded5
2650,org.joda.time.TestDateTime_Basics#testToString_DTFormatter
2651,org.joda.time.TestPartial_Basics#testWithFieldAdded1
2652,org.joda.time.chrono.TestGJChronology#testParseEquivalence
2653,org.joda.time.TestTimeOfDay_Properties#testPropertyCompareToMinute
2654,org.joda.time.format.TestDateTimeFormatter#testWithGetLocale
2655,org.joda.time.TestDateTime_Constructors#testConstructor_nullObject_DateTimeZone
2656,org.joda.time.format.TestISODateTimeFormatParsing#test_basicWeekDateTime
2657,org.joda.time.TestMonthDay_Constructors#testConstructor_long1
2658,org.joda.time.TestDateTime_Properties#testPropertySetTextDayOfWeek
2659,org.joda.time.TestSerialization#testSerializedDateTimeZoneUTC
2660,org.joda.time.TestDateTimeZoneCutover#test_getOffsetFromLocal_Guatemata_Autumn
2661,org.joda.time.field.TestPreciseDurationField#testSerialization
2662,org.joda.time.TestMutableInterval_Basics#testContains_RI
2663,org.joda.time.TestTimeOfDay_Constructors#testConstructor_ObjectString3
2664,org.joda.time.format.TestDateTimeFormat#testFormatParse_textMonthJanShortUpperCase_UK
2665,org.joda.time.TestSeconds#testToStandardDuration
2666,org.joda.time.TestPartial_Basics#testWithFieldAddWrapped1
2667,org.joda.time.TestDateTimeZoneCutover#test_DateTime_roundCeiling_hourOfDay_NewYork_Autumn_postCutover
2668,org.joda.time.TestInstant_Basics#testIsBefore_long
2669,org.joda.time.TestMutableDateTime_Constructors#testConstructor_Chronology
2670,org.joda.time.TestTimeOfDay_Basics#testToString_String
2671,org.joda.time.TestLocalDateTime_Properties#testPropertySetCopyTextMonth
2672,org.joda.time.convert.TestCalendarConverter#testSupportedType
2673,org.joda.time.format.TestISODateTimeFormatParsing#test_basicTimeNoMillis
2674,org.joda.time.TestPeriodType#testHashCode
2675,org.joda.time.TestDuration_Constructors#testFactory_millis_long
2676,org.joda.time.format.TestDateTimeFormatter#testParseInto_simple_precedence
2677,org.joda.time.format.TestDateTimeFormatStyle#testForStyle_mediumDate
2678,org.joda.time.convert.TestReadableDurationConverter#testSingleton
2679,org.joda.time.TestInstant_Basics#testGet_DateTimeField
2680,org.joda.time.format.TestDateTimeFormatterBuilder#test_toParser
2681,org.joda.time.TestSeconds#testMinus_Seconds
2682,org.joda.time.TestPeriod_Basics#testToPeriod
2683,org.joda.time.format.TestPeriodFormatterBuilder#testFormatSeparatorComplex
2684,org.joda.time.TestDateMidnight_Properties#testTest
2685,org.joda.time.TestLocalTime_Constructors#testConstructor_ObjectString1NewYork
2686,org.joda.time.TestDateTimeUtils#testGetReadableInterval_ReadableInterval
2687,org.joda.time.TestLocalTime_Constructors#testConstructor_ObjectLocalTime
2688,org.joda.time.convert.TestConverterManager#testGetInstantConverterBadMultipleMatches
2689,org.joda.time.TestTimeOfDay_Constructors#testConstructor_ObjectString2
2690,org.joda.time.format.TestDateTimeFormatStyle#testForStyle_longDate
2691,org.joda.time.TestTimeOfDay_Properties#testPropertyAddSecond
2692,org.joda.time.TestDateMidnight_Constructors#testConstructor_Chronology
2693,org.joda.time.TestDateTime_Properties#testPropertySetTextMonthOfYear
2694,org.joda.time.format.TestPeriodFormatterBuilder#testFormatMillis3Digit
2695,org.joda.time.TestDateMidnight_Constructors#testTest
2696,org.joda.time.TestDateMidnight_Properties#testPropertySetMonthOfYear
2697,org.joda.time.TestPeriodType#testIsSupported
2698,org.joda.time.chrono.TestGregorianChronology#testMaximumValue
2699,org.joda.time.TestYearMonthDay_Basics#testToDateTimeAtMidnight_nullZone
2700,org.joda.time.TestDateTime_Basics#testToLocalDateTime
2701,org.joda.time.TestLocalDate_Basics#testToInterval
2702,org.joda.time.TestYearMonthDay_Basics#testPlusYears_int
2703,org.joda.time.TestInterval_Basics#testGap_RInterval_zoneUTC
2704,org.joda.time.TestMutablePeriod_Constructors#testConstructor_long3
2705,org.joda.time.TestMonthDay_Constructors#testConstructor_ObjectString4
2706,org.joda.time.chrono.TestCopticChronology#testDurationFields
2707,org.joda.time.TestMutablePeriod_Constructors#testConstructor_RI_RD2
2708,org.joda.time.TestLocalTime_Constructors#testConstructor_long_DateTimeZone_2
2709,org.joda.time.TestPeriod_Constructors#testConstructor_RP_RP_PeriodType8
2710,org.joda.time.field.TestScaledDurationField#test_getMillis_long_long
2711,org.joda.time.format.TestDateTimeFormat#testParse_pivotYear_ignored4DigitYear
2712,org.joda.time.TestInterval_Basics#testToMutableInterval1
2713,org.joda.time.TestLocalDateTime_Properties#testPropertyWithMinimumValueDayOfMonth
2714,org.joda.time.TestMonthDay_Basics#testMinusMonths_int_adjust
2715,org.joda.time.chrono.TestLenientChronology#test_setDayOfMonth
2716,org.joda.time.TestInterval_Constructors#testConstructor_RI_RD4
2717,org.joda.time.TestMonthDay_Basics#testMinusDays_int
2718,org.joda.time.TestDateMidnight_Basics#testSerialization
2719,org.joda.time.TestDateTime_Basics#testMinus_long
2720,org.joda.time.format.TestDateTimeFormat#testFormat_second
2721,org.joda.time.TestDateMidnight_Constructors#testConstructor_Object_DateTimeZone
2722,org.joda.time.convert.TestLongConverter#testGetInstantMillis_Object_Chronology
2723,org.joda.time.TestPeriod_Basics#testNormalizedStandard_periodType_yearMonthDay
2724,org.joda.time.TestYearMonth_Constructors#testConstructor_long2
2725,org.joda.time.TestDuration_Basics#testPlus_long2
2726,org.joda.time.TestLocalDateTime_Properties#testPropertySetTextMinute
2727,org.joda.time.format.TestISODateTimeFormat#testFormat_weekDateTime
2728,org.joda.time.TestParseISO#testSpecCompleteDate
2729,org.joda.time.TestMutableDateTime_Sets#testSetHourOfDay_int2
2730,org.joda.time.format.TestISOPeriodFormatParsing#testParseStandard6
2731,org.joda.time.TestMutableDateTime_Sets#testSetMilliOfDay_int1
2732,org.joda.time.format.TestPeriodFormat#test_wordBased_de_cached
2733,org.joda.time.TestDuration_Basics#testWithMillis2
2734,org.joda.time.field.TestPreciseDateTimeField#test_getMinimumValue_long
2735,org.joda.time.TestDuration_Basics#testMinus_RD3
2736,org.joda.time.TestYearMonthDay_Constructors#testConstructor_long1
2737,org.joda.time.TestLocalTime_Properties#testPropertyWithMaxMinValueSecond
2738,org.joda.time.TestSeconds#testToStandardDays
2739,org.joda.time.TestInterval_Basics#testWithChronology1
2740,org.joda.time.TestWeeks#testToStandardSeconds
2741,org.joda.time.TestYears#testGetPeriodType
2742,org.joda.time.TestHours#testToStandardDuration
2743,org.joda.time.TestLocalTime_Properties#testPropertyGetSecond
2744,org.joda.time.format.TestISODateTimeFormat#testFormat_weekDate
2745,org.joda.time.TestMutableInterval_Basics#testGetDuration1
2746,org.joda.time.format.TestDateTimeFormat#testFormat_halfdayOfDay
2747,org.joda.time.TestMonthDay_Constructors#testConstructor_nullDateTimeZone
2748,org.joda.time.TestDateTimeZoneCutover#test_DateTime_withHourZero_Turk
2749,org.joda.time.TestYearMonthDay_Constructors#testConstructor_long2
2750,org.joda.time.TestLocalTime_Properties#testPropertySetTextMinute
2751,org.joda.time.TestMonthDay_Constructors#testConstructor_ObjectString5
2752,org.joda.time.TestMutableDateTime_Sets#testSetYear_int1
2753,org.joda.time.TestMonthDay_Constructors#testConstructor_ObjectStringEx3
2754,org.joda.time.TestPeriod_Constructors#testConstructor_RP_RP_PeriodType2Local
2755,org.joda.time.TestInterval_Constructors#testConstructor_RD_RI2
2756,org.joda.time.TestMonthDay_Basics#testWithField_nullField
2757,org.joda.time.TestDateTimeZoneCutover#test_DateTime_parse_Turk
2758,org.joda.time.TestDateMidnight_Basics#testToGregorianCalendar
2759,org.joda.time.TestLocalDateTime_Basics#testToDate_winter
2760,org.joda.time.TestDateMidnight_Properties#testPropertyGetDayOfMonth
2761,org.joda.time.tz.TestFixedDateTimeZone#testToTimeZone1
2762,org.joda.time.TestYears#testGetMethods
2763,org.joda.time.TestMonths#testAddToLocalDate
2764,org.joda.time.TestDateTime_Properties#testPropertyGetWeekyear
2765,org.joda.time.field.TestScaledDurationField#test_compareTo
2766,org.joda.time.TestDateMidnight_Basics#testMinus_long
2767,org.joda.time.TestMutablePeriod_Updates#testAdd_8ints2
2768,org.joda.time.TestLocalTime_Properties#testPropertyGetMaxMinValuesMinute
2769,org.joda.time.TestDateMidnight_Basics#testPlusWeeks_int
2770,org.joda.time.convert.TestLongConverter#testGetPartialValues
2771,org.joda.time.TestMutableInterval_Constructors#testConstructor_RD_RI1
2772,org.joda.time.TestPartial_Constructors#testConstructorEx2_Type_int_Chrono
2773,org.joda.time.TestParseISO#testSpecTimeFractionalHM
2774,org.joda.time.TestDateTime_Basics#testToMutableDateTimeISO
2775,org.joda.time.TestDateTime_Constructors#testConstructor_int_int_int_int_int_nullDateTimeZone
2776,org.joda.time.field.TestBaseDateTimeField#test_set_RP_int_intarray_String_Locale
2777,org.joda.time.TestPeriod_Constructors#testConstructor_RI_RI_PeriodType1
2778,org.joda.time.TestMutableInterval_Updates#testSeDurationBeforeEnd_RI2
2779,org.joda.time.TestYearMonthDay_Constructors#testConstructor_int_int_int_Chronology
2780,org.joda.time.TestDateMidnight_Properties#testPropertyToIntervalDayOfMonth
2781,org.joda.time.TestMonths#testMinus_Months
2782,org.joda.time.TestLocalTime_Basics#testGetFieldType_int
2783,org.joda.time.format.TestDateTimeFormat#testFormat_clockhourOfHalfday
2784,org.joda.time.TestLocalDateTime_Basics#testMinusMillis_int
2785,org.joda.time.TestMonths#testPlus_int
2786,org.joda.time.TestPartial_Properties#testPropertyGetMaxMinValuesHour
2787,org.joda.time.TestPeriod_Constructors#testConstructor_RP_RP7
2788,org.joda.time.TestMinutes#testPlus_Minutes
2789,org.joda.time.TestYearMonth_Basics#testWithChronologyRetainFields_sameChrono
2790,org.joda.time.TestDateTimeComparator#testInvalidObj
2791,org.joda.time.chrono.TestJulianChronology#testFactory_Zone
2792,org.joda.time.TestInterval_Basics#testContains_RI
2793,org.joda.time.TestDateTime_Basics#testPlusMillis_int
2794,org.joda.time.TestMonthDay_Basics#testPlusDays_same
2795,org.joda.time.TestPeriod_Basics#testWithPeriodType3
2796,org.joda.time.TestDateMidnight_Basics#testGet_DateTimeFieldType
2797,org.joda.time.TestParseISO#testSpecTimeTruncatedFractionS
2798,org.joda.time.TestInterval_Basics#testIsAfter_RI_null
2799,org.joda.time.convert.TestConverterManager#testGetPeriodConverter
2800,org.joda.time.format.TestPeriodFormatterBuilder#testFormatDays
2801,org.joda.time.TestMutableInterval_Updates#testSetPeriodAfterStart_RI3
2802,org.joda.time.TestInterval_Basics#testOverlap_RInterval
2803,org.joda.time.TestMutableInterval_Updates#testSetInterval_RI_RI5
2804,org.joda.time.chrono.TestLenientChronology#test_setHourOfDay
2805,org.joda.time.TestYears#testFactory_yearsBetween_RPartial
2806,org.joda.time.TestLocalTime_Properties#testPropertyPlusNoWrapSecond
2807,org.joda.time.TestMutableDateTime_Constructors#testConstructor_nullChronology
2808,org.joda.time.TestDateMidnight_Basics#testMinus_RD
2809,org.joda.time.TestMutableDateTime_Properties#testPropertyAddWrapFieldWeekOfWeekyear
2810,org.joda.time.TestLocalTime_Basics#testGetValue_int
2811,org.joda.time.TestMutableInterval_Basics#testGetDuration2
2812,org.joda.time.TestYears#testPlus_int
2813,org.joda.time.TestDateTimeZone#testIsFixed
2814,org.joda.time.tz.TestCompiler#testCompile
2815,org.joda.time.chrono.TestISOChronology#testPartialDayOfYearAdd
2816,org.joda.time.TestMutablePeriod_Updates#testAdd_long_Chronology2
2817,org.joda.time.TestDateTime_Properties#testPropertyAddWeekOfWeekyear
2818,org.joda.time.TestInterval_Basics#testTest
2819,org.joda.time.TestLocalDateTime_Constructors#testConstructor_int_int_int_nullChronology
2820,org.joda.time.TestLocalTime_Constructors#testConstructor_nullChronology
2821,org.joda.time.TestChronology#testEqualsHashCode_Zoned
2822,org.joda.time.TestWeeks#testMinus_int
2823,org.joda.time.TestLocalDate_Constructors#testConstructor_ObjectYearMonthDay
2824,org.joda.time.format.TestISODateTimeFormat_Fields#testForFields_calBased_MD
2825,org.joda.time.TestInterval_Basics#testWithPeriodBeforeEnd1
2826,org.joda.time.TestDateTime_Basics#testIsBeforeNow
2827,org.joda.time.TestParseISO#testSpecTruncatedMD
2828,org.joda.time.chrono.TestGregorianChronology#testFactoryUTC
2829,org.joda.time.TestMutablePeriod_Updates#testSetPeriod_RD2
2830,org.joda.time.convert.TestConverterManager#testAddInstantConverter2
2831,org.joda.time.TestInterval_Basics#testWithDurationAfterStart4
2832,org.joda.time.TestInstant_Basics#testCompareTo
2833,org.joda.time.field.TestPreciseDateTimeField#test_set_RP_int_intarray_String_Locale
2834,org.joda.time.TestPartial_Basics#testWithFieldAddWrapped3
2835,org.joda.time.TestPeriod_Constructors#testConstructor_Object_PeriodType3
2836,org.joda.time.TestMutableInterval_Constructors#testConstructor_RI_RD3
2837,org.joda.time.chrono.TestGJChronology#testIllegalDates
2838,org.joda.time.TestDuration_Basics#testWithDurationAdded_RD_int3
2839,org.joda.time.TestDateTime_Constructors#testConstructor_nullObject_Chronology
2840,org.joda.time.TestYearMonth_Basics#testWithField_same
2841,org.joda.time.TestDuration_Basics#testIsAfter
2842,org.joda.time.TestDateMidnight_Constructors#testConstructor_long2_Chronology
2843,org.joda.time.TestSeconds#testFactory_secondsBetween_RInstant
2844,org.joda.time.field.TestPreciseDateTimeField#test_getMaximumValue_RP
2845,org.joda.time.field.TestOffsetDateTimeField#test_getAsShortText_int_Locale
2846,org.joda.time.TestDateTime_Properties#testPropertyAddWrapFieldMonthOfYear
2847,org.joda.time.TestPeriod_Basics#testWithField4
2848,org.joda.time.TestDateTime_Properties#testPropertyCompareToYear
2849,org.joda.time.TestLocalTime_Constructors#testConstructor
2850,org.joda.time.TestLocalDateTime_Constructors#testConstructor_DateTimeZone
2851,org.joda.time.TestLocalTime_Constructors#testConstructor_ObjectString3
2852,org.joda.time.TestLocalDate_Basics#testPlus_RP
2853,org.joda.time.TestYearMonth_Basics#testWithChronologyRetainFields_invalidInNewChrono
2854,org.joda.time.format.TestISOPeriodFormatParsing#testParseStandardFail3
2855,org.joda.time.TestDateTime_Basics#testToDateMidnight
2856,org.joda.time.TestMonthDay_Basics#testMinusDays_same
2857,org.joda.time.TestPeriod_Basics#testNormalizedStandard_weekDay2
2858,org.joda.time.convert.TestStringConverter#testSetIntoIntervalEx_Object_Chronology2
2859,org.joda.time.TestPeriodType#testForFields4
2860,org.joda.time.TestDateMidnight_Basics#testWithers
2861,org.joda.time.TestDateTime_Constructors#testConstructor_ObjectString5
2862,org.joda.time.TestMutableInterval_Basics#testIsAfter_long
2863,org.joda.time.TestLocalTime_Constructors#testFactoryMillisOfDay_long_nullChronology
2864,org.joda.time.TestPeriod_Constructors#testConstructor_RP_RP8
2865,org.joda.time.TestLocalDateTime_Constructors#testConstructor_ObjectStringEx3
2866,org.joda.time.TestMutableDateTime_Properties#testPropertyGetSecondOfDay
2867,org.joda.time.TestMutableDateTime_Constructors#testConstructor_long1_DateTimeZone
2868,org.joda.time.field.TestBaseDateTimeField#test_getMaximumValue_RP
2869,org.joda.time.TestDateTime_Properties#testPropertyAddWrapFieldDayOfMonth
2870,org.joda.time.TestYearMonthDay_Basics#testGetFieldType
2871,org.joda.time.convert.TestCalendarConverter#testGetChronology_Object_nullChronology
2872,org.joda.time.format.TestISODateTimeFormatParsing#test_ordinalDateTimeNoMillis
2873,org.joda.time.field.TestPreciseDurationField#test_getValueAsLong_long_long
2874,org.joda.time.TestInterval_Constructors#testConstructor_RI_RI1
2875,org.joda.time.convert.TestConverterManager#testGetIntervalConverter
2876,org.joda.time.TestYearMonthDay_Properties#testPropertySetMonth
2877,org.joda.time.TestLocalTime_Basics#testSize
2878,org.joda.time.TestYearMonth_Basics#testIsBefore_YM
2879,org.joda.time.TestTimeOfDay_Basics#testToString_String_Locale
2880,org.joda.time.TestMutableInterval_Updates#testSetPeriodAfterStart_RI1
2881,org.joda.time.chrono.TestIslamicChronology#testWithUTC
2882,org.joda.time.field.TestUnsupportedDateTimeField#testUnsupportedMethods
2883,org.joda.time.TestSerialization#testSerializedISOChronology
2884,org.joda.time.TestLocalDate_Properties#testPropertyEquals
2885,org.joda.time.TestMutableDateTime_Adds#testAdd_RP1
2886,org.joda.time.TestInterval_Basics#testWithDurationBeforeEnd1
2887,org.joda.time.convert.TestConverterManager#testGetDurationConverters
2888,org.joda.time.format.TestPeriodFormatterBuilder#testFormatMinutes
2889,org.joda.time.format.TestPeriodFormat#test_wordBased_pt_parseOneField
2890,org.joda.time.TestTimeOfDay_Constructors#testConstructor_int_int_int_int
2891,org.joda.time.TestMutableDateTime_Properties#testPropertyToIntervalMillisOfSecond
2892,org.joda.time.TestDateTime_Properties#testPropertyAddDayOfWeek
2893,org.joda.time.TestDateTime_Properties#testPropertyEqualsHashCodeLenient
2894,org.joda.time.TestLocalDateTime_Basics#testToString_String_Locale
2895,org.joda.time.convert.TestStringConverter#testSingleton
2896,org.joda.time.TestTimeOfDay_Constructors#testConstructor_Object1
2897,org.joda.time.TestYearMonthDay_Properties#testPropertyWithMaximumValueDayOfMonth
2898,org.joda.time.TestTimeOfDay_Constructors#testConstructor_int_int_int_int_nullChronology
2899,org.joda.time.TestPartial_Basics#testWithFieldAdded8
2900,org.joda.time.TestMutableDateTime_Properties#testPropertyGetMillisOfSecond
2901,org.joda.time.convert.TestConverterManager#testAddIntervalConverter1
2902,org.joda.time.TestInterval_Basics#test_useCase_ContainsOverlapAbutGap
2903,org.joda.time.format.TestPeriodFormat#test_wordBased_es_parseOneField
2904,org.joda.time.field.TestOffsetDateTimeField#test_getDifferenceAsLong_long_long
2905,org.joda.time.TestParseISO#testSpecTimeReducedPrecisionHM
2906,org.joda.time.format.TestDateTimeFormatter#testParseMutableDateTime_chrono
2907,org.joda.time.TestYearMonth_Basics#testWithFieldAdded_nullField_zero
2908,org.joda.time.TestTimeOfDay_Constructors#testConstructor_ObjectString4
2909,org.joda.time.TestMutablePeriod_Updates#testAdd_RD1
2910,org.joda.time.TestMutablePeriod_Constructors#testConstructor_Object_Chronology1
2911,org.joda.time.TestLocalDate_Basics#testToString_String
2912,org.joda.time.TestPeriod_Constructors#testConstructor_8int1
2913,org.joda.time.TestPartial_Basics#testGetValue
2914,org.joda.time.TestMutablePeriod_Constructors#testConstructor1
2915,org.joda.time.convert.TestConverterManager#testRemoveIntervalConverter3
2916,org.joda.time.chrono.TestGJChronology#testCutoverAddYears
2917,org.joda.time.TestMonthDay_Properties#testPropertySetDayOfMonth
2918,org.joda.time.TestDateTime_Properties#testPropertyGetDayOfMonth
2919,org.joda.time.field.TestPreciseDurationDateTimeField#test_getAsText_RP_Locale
2920,org.joda.time.TestLocalDate_Constructors#testConstructor_nullObject_Chronology
2921,org.joda.time.TestMutablePeriod_Updates#testMergePeriod_RP4
2922,org.joda.time.convert.TestConverterManager#testGetPeriodConverters
2923,org.joda.time.TestInterval_Basics#testWithDurationAfterStart3
2924,org.joda.time.TestMutableDateTime_Basics#testToDate
2925,org.joda.time.TestLocalTime_Properties#testPropertyRoundHour
2926,org.joda.time.TestMutableInterval_Constructors#testConstructor_Object2
2927,org.joda.time.convert.TestReadableInstantConverter#testGetChronology_Object_Zone
2928,org.joda.time.TestPeriod_Basics#testToStandardDuration
2929,org.joda.time.TestMonthDay_Basics#testMinusMonths_int
2930,org.joda.time.TestYears#testAddToLocalDate
2931,org.joda.time.TestDateTimeZoneCutover#test_DateTime_roundCeiling_minute_NewYork_Spring_postCutover
2932,org.joda.time.TestWeeks#testFactory_parseWeeks_String
2933,org.joda.time.format.TestISODateTimeFormat#testFormat_dateHourMinute
2934,org.joda.time.format.TestISODateTimeFormat#testFormat_weekyear
2935,org.joda.time.format.TestISODateTimeFormatParsing#test_tTimeNoMillis
2936,org.joda.time.convert.TestReadablePeriodConverter#testSingleton
2937,org.joda.time.format.TestTextFields#testMonthNames_monthMiddle
2938,org.joda.time.TestMinutes#testFactory_minutes_int
2939,org.joda.time.format.TestDateTimeFormatter#testWithGetOffsetParsedMethods
2940,org.joda.time.chrono.TestIslamicChronology#testEra
2941,org.joda.time.TestPeriod_Basics#testTest
2942,org.joda.time.TestDateTime_Constructors#testConstructor_invalidObject_DateTimeZone
2943,org.joda.time.TestMutablePeriod_Basics#testEqualsHashCode
2944,org.joda.time.chrono.TestEthiopicChronology#testEra
2945,org.joda.time.chrono.TestIslamicChronology#testTimeFields
2946,org.joda.time.TestLocalTime_Properties#testPropertyCompareToMilli
2947,org.joda.time.TestMutableInterval_Constructors#testConstructor_RI_RI5
2948,org.joda.time.TestLocalDateTime_Constructors#testConstructor_int_int_int_int_int_int
2949,org.joda.time.TestDateTime_Basics#testTest
2950,org.joda.time.TestDays#testToStandardHours
2951,org.joda.time.TestLocalTime_Constructors#testConstructor_long1
2952,org.joda.time.TestDateTime_Properties#testPropertyAddWrapFieldYear
2953,org.joda.time.TestDateTimeComparator#testSecond
2954,org.joda.time.TestLocalDateTime_Basics#testWithField_DateTimeFieldType_int_3
2955,org.joda.time.TestMutablePeriod_Updates#testSetPeriod_RInterval1
2956,org.joda.time.chrono.TestGJChronology#testCutoverAddWeeks
2957,org.joda.time.TestDateTime_Properties#testPropertyAddDayOfYear
2958,org.joda.time.format.TestDateTimeFormatterBuilder#test_appendFixedSignedDecimal
2959,org.joda.time.chrono.TestGJChronology#testToString
2960,org.joda.time.format.TestISODateTimeFormat#testFormat_dateHourMinuteSecondFraction
2961,org.joda.time.TestChronology#testEqualsHashCode_ISO
2962,org.joda.time.chrono.TestISOChronology#testCutoverAddYears
2963,org.joda.time.format.TestISODateTimeFormat_Fields#testForFields_time_S
2964,org.joda.time.TestMutablePeriod_Updates#testAdd_long3
2965,org.joda.time.TestDateTimeZone#testForOffsetHoursMinutes_int_int
2966,org.joda.time.TestPeriod_Constructors#testConstructor_4int1
2967,org.joda.time.TestMonthDay_Basics#testToLocalDate
2968,org.joda.time.TestMutableDateTime_Properties#testPropertyGetWeekOfWeekyear
2969,org.joda.time.TestDateTimeZoneCutover#test_MockTurkIsCorrect
2970,org.joda.time.TestMonthDay_Basics#testIsSupported
2971,org.joda.time.TestLocalDate_Basics#testMinusMonths_int
2972,org.joda.time.TestDateTimeZoneCutover#test_LocalDate_new_Gaza
2973,org.joda.time.chrono.TestBuddhistChronology#testTimeFields
2974,org.joda.time.TestLocalDateTime_Basics#testPlusMillis_int
2975,org.joda.time.TestDateTimeZone#testSerialization1
2976,org.joda.time.TestYearMonthDay_Basics#testToDateTimeAtMidnight
2977,org.joda.time.TestInterval_Constructors#testConstructor_RI_RP3
2978,org.joda.time.TestParseISO#testSpecTimeTruncatedMS
2979,org.joda.time.format.TestDateTimeFormat#testFormat_clockhourOfDay
2980,org.joda.time.TestMutableDateTime_Properties#testPropertyRoundHalfCeilingHourOfDay
2981,org.joda.time.TestMutableDateTime_Adds#testAddYears_int1
2982,org.joda.time.format.TestDateTimeFormat#testFormatParse_textAdjoiningMonthDOW_UK
2983,org.joda.time.TestDurationFieldType#test_eras
2984,org.joda.time.format.TestISODateTimeFormat#testFormat_hour
2985,org.joda.time.TestLocalDate_Basics#testToDateTimeAtStartOfDay
2986,org.joda.time.TestLocalDateTime_Basics#testPlusDays_int
2987,org.joda.time.format.TestISODateTimeFormatParsing#test_basicDateTime
2988,org.joda.time.TestDateTimeZoneCutover#test_DateTime_withHourZero_Gaza
2989,org.joda.time.TestYearMonth_Basics#testIsAfter_YM
2990,org.joda.time.chrono.TestBuddhistChronology#testFactory_Zone
2991,org.joda.time.convert.TestNullConverter#testSetInto_Object
2992,org.joda.time.TestInstant_Basics#testEqualsHashCode
2993,org.joda.time.TestMutablePeriod_Updates#testSetPeriod_long_long_NoHours
2994,org.joda.time.TestDuration_Basics#testToIntervalFrom
2995,org.joda.time.format.TestDateTimeFormat#testFormatParse_textEraBC_France
2996,org.joda.time.format.TestDateTimeFormatter#testParseMutableDateTime_simple_precedence
2997,org.joda.time.TestPeriod_Constructors#testConstructor_Object4
2998,org.joda.time.TestMutableInterval_Constructors#testConstructor_RI_RP5
2999,org.joda.time.TestDateTimeComparator#testListHour
3000,org.joda.time.TestLocalDate_Constructors#testConstructor_nullObject_nullChronology
3001,org.joda.time.TestDateTime_Properties#testPropertyToIntervalYearOfCentury
3002,org.joda.time.TestDateTimeZoneCutover#test_DateTime_roundCeiling_day_NewYork_Spring_postCutover
3003,org.joda.time.TestMutableDateTime_Sets#testSetSecondOfDay_int2
3004,org.joda.time.TestMonths#testMultipliedBy_int
3005,org.joda.time.TestPeriod_Basics#testWithPeriodType4
3006,org.joda.time.TestLocalDateTime_Basics#testWithTime
3007,org.joda.time.TestYearMonth_Basics#testMinus_RP
3008,org.joda.time.TestDays#testFactory_days_int
3009,org.joda.time.field.TestPreciseDurationDateTimeField#test_addWrapField_RP_int_intarray_int
3010,org.joda.time.TestHours#testFactory_hoursBetween_RPartial
3011,org.joda.time.field.TestPreciseDurationDateTimeField#test_roundFloor_long
3012,org.joda.time.convert.TestCalendarConverter#testToString
3013,org.joda.time.TestLocalDateTime_Properties#testPropertyAddWrapFieldToCopyYear
3014,org.joda.time.field.TestPreciseDateTimeField#test_getAsShortText_RP_int_Locale
3015,org.joda.time.TestMutableInterval_Basics#testIsAfter_RInterval
3016,org.joda.time.TestDateTimeFieldType#test_other
3017,org.joda.time.TestLocalDateTime_Basics#testToLocalTime
3018,org.joda.time.chrono.TestEthiopicChronology#testDurationMonth
3019,org.joda.time.TestDays#testToString
3020,org.joda.time.field.TestPreciseDateTimeField#test_roundFloor_long
3021,org.joda.time.TestDateMidnight_Properties#testPropertyAddLongMonthOfYear
3022,org.joda.time.format.TestISODateTimeFormatParsing#test_localTimeParser
3023,org.joda.time.TestLocalDateTime_Basics#testToString_DTFormatter
3024,org.joda.time.TestMonths#testGetMethods
3025,org.joda.time.format.TestPeriodFormatterBuilder#testFormatSuffixSimple3
3026,org.joda.time.TestLocalDate_Properties#testPropertySetCopyDay
3027,org.joda.time.TestPeriod_Constructors#testConstructor_long_long_PeriodType1
3028,org.joda.time.TestMutableDateTime_Sets#testTest
3029,org.joda.time.TestMutableDateTime_Sets#testSetTime_RI2
3030,org.joda.time.TestYearMonthDay_Constructors#testConstructor_ObjectStringEx4
3031,org.joda.time.TestMutableDateTime_Basics#testToDateTimeISO
3032,org.joda.time.field.TestBaseDateTimeField#test_getType
3033,org.joda.time.chrono.TestEthiopicChronology#testSampleDate
3034,org.joda.time.TestDateTime_Properties#testPropertyEqualsHashCodeYear
3035,org.joda.time.field.TestPreciseDurationDateTimeField#test_convertText
3036,org.joda.time.TestMutableInterval_Constructors#testConstructor_RI_RD2
3037,org.joda.time.TestHours#testGetPeriodType
3038,org.joda.time.TestDateTime_Basics#testWithDurationAdded_long_int
3039,org.joda.time.TestMutablePeriod_Basics#testTest
3040,org.joda.time.TestParseISO#testSpecReducedPrecisionCYM
3041,org.joda.time.TestWeeks#testConstants
3042,org.joda.time.TestLocalTime_Properties#testPropertyPlusNoWrapHour
3043,org.joda.time.TestMutablePeriod_Constructors#testConstructor_RI_RI2
3044,org.joda.time.TestLocalDateTime_Basics#testToDateTime
3045,org.joda.time.TestMutableInterval_Updates#testSetStartMillis_long1
3046,org.joda.time.format.TestPeriodFormatterBuilder#testFormatPrintZeroDefault
3047,org.joda.time.TestPeriodType#testYearDay
3048,org.joda.time.TestLocalDate_Properties#testPropertySetCopyMonth
3049,org.joda.time.TestPeriod_Basics#testToStandardDays_months
3050,org.joda.time.TestMutableDateTime_Constructors#testConstructor_int_int_int_int_int_int_int_nullChronology
3051,org.joda.time.convert.TestConverterManager#testRemovePartialConverter1
3052,org.joda.time.TestMutablePeriod_Updates#testSetPeriod_long_long_NoDays
3053,org.joda.time.TestLocalDateTime_Properties#testPropertyWithMaxMinValueSecond
3054,org.joda.time.TestYearMonth_Basics#testGetFields
3055,org.joda.time.TestPartial_Basics#testWithout5
3056,org.joda.time.TestMonthDay_Basics#testIsAfter_MD
3057,org.joda.time.TestInterval_Constructors#testConstructor_long_long3
3058,org.joda.time.TestMutableDateTime_Sets#testSetTime_int_int_int2
3059,org.joda.time.TestMutableDateTime_Sets#testSetZoneRetainFields_DateTimeZone2
3060,org.joda.time.convert.TestReadablePartialConverter#testSingleton
3061,org.joda.time.TestSerialization#testSerializedGregorianChronology
3062,org.joda.time.format.TestPeriodFormatterBuilder#testFormatSuffixPlural1
3063,org.joda.time.TestDuration_Basics#testToStandardHours
3064,org.joda.time.TestMutableInterval_Constructors#testConstructor_Object3
3065,org.joda.time.TestYearMonth_Constructors#testConstructor_nullObject
3066,org.joda.time.TestDateMidnight_Basics#testMinusWeeks_int
3067,org.joda.time.format.TestDateTimeFormatter#testParseDateTime_zone
3068,org.joda.time.TestLocalDateTime_Basics#testToDate_springDST
3069,org.joda.time.TestMonthDay_Properties#testPropertySetTextMonthOfYear
3070,org.joda.time.TestLocalDate_Basics#testMinusYears_int
3071,org.joda.time.format.TestPeriodFormat#test_wordBased_nl_parseTwoFields
3072,org.joda.time.TestLocalTime_Constructors#testConstructor_nullDateTimeZone
3073,org.joda.time.TestInterval_Basics#testWithStartMillis_long1
3074,org.joda.time.TestMonthDay_Constructors#testConstructor_nullObject_nullChronology
3075,org.joda.time.TestMutableDateTime_Adds#testAdd_RP_int2
3076,org.joda.time.TestDateTime_Constructors#testConstructor_int_int_int_int_int_int_int_nullDateTimeZone
3077,org.joda.time.format.TestPeriodFormat#test_wordBased_es_FormatOneField
3078,org.joda.time.chrono.TestJulianChronology#testFactoryUTC
3079,org.joda.time.TestDateTime_Basics#testPlusHours_int
3080,org.joda.time.TestYearMonthDay_Properties#testPropertyAddWrapFieldMonth
3081,org.joda.time.TestPartial_Properties#testPropertyWithMaximumValueHour
3082,org.joda.time.TestPartial_Constructors#testConstructorEx8_TypeArray_intArray
3083,org.joda.time.TestDays#testToStandardMinutes
3084,org.joda.time.TestMutableInterval_Constructors#testConstructor_RI_RD1
3085,org.joda.time.TestMonthDay_Properties#testPropertyAddWrapFieldMonthOfYear
3086,org.joda.time.format.TestISODateTimeFormatParsing#test_basicDate
3087,org.joda.time.format.TestISODateTimeFormat_Fields#testForFields_time_HMS
3088,org.joda.time.TestDateTimeZoneCutover#test_DateTime_minusHour_NewYork_Autumn
3089,org.joda.time.TestInstant_Basics#testToDateTime_Chronology
3090,org.joda.time.convert.TestReadableInstantConverter#testSupportedType
3091,org.joda.time.TestPartial_Match#testIsMatch_Instant
3092,org.joda.time.TestParseISO#testSpecExpandedCYMD
3093,org.joda.time.TestYearMonth_Basics#testToLocalDate
3094,org.joda.time.TestPartial_Properties#testPropertySetTextMinute
3095,org.joda.time.TestSerialization#testSerializedJulianChronology
3096,org.joda.time.TestLocalTime_Constructors#testConstructor_ObjectStringEx4
3097,org.joda.time.TestMutablePeriod_Updates#testMergePeriod_RP3
3098,org.joda.time.TestDateMidnight_Constructors#testConstructor_nullObject_Chronology
3099,org.joda.time.TestDateTimeComparator#testDOM
3100,org.joda.time.TestLocalDateTime_Basics#testPlusYears_int
3101,org.joda.time.TestHours#testMinus_int
3102,org.joda.time.TestDateTime_Properties#testPropertyToIntervalHourOfDay
3103,org.joda.time.TestWeeks#testMinus_Weeks
3104,org.joda.time.TestLocalTime_Constructors#testConstructor_ObjectString4
3105,org.joda.time.field.TestBaseDateTimeField#test_get
3106,org.joda.time.format.TestDateTimeFormat#testFormatParse_textMonthJanShort_France
3107,org.joda.time.convert.TestStringConverter#testSetIntoInterval_Object_Chronology8
3108,org.joda.time.TestPeriod_Basics#testGet
3109,org.joda.time.TestYearMonth_Basics#testToString_DTFormatter
3110,org.joda.time.TestPartial_Properties#testPropertyCompareToMinute
3111,org.joda.time.TestAbstractPartial#testGetPropertyEquals
3112,org.joda.time.TestTimeOfDay_Constructors#testConstructor_long_nullChronology
3113,org.joda.time.TestLocalTime_Constructors#testFactoryMillisOfDay_long_Chronology
3114,org.joda.time.TestDuration_Constructors#testConstructor_Object1
3115,org.joda.time.chrono.TestEthiopicChronology#testDurationYear
3116,org.joda.time.TestLocalDateTime_Constructors#testFactory_FromDateFields
3117,org.joda.time.field.TestOffsetDateTimeField#test_set_long_String
3118,org.joda.time.convert.TestConverterManager#testRemovePeriodConverter2
3119,org.joda.time.format.TestDateTimeFormatter#testWithGetPivotYear
3120,org.joda.time.format.TestISODateTimeFormatParsing#test_basicOrdinalDateTimeNoMillis
3121,org.joda.time.convert.TestNullConverter#testGetChronology_Object_Zone
3122,org.joda.time.TestYearMonthDay_Basics#testMinusMonths_int
3123,org.joda.time.TestTimeOfDay_Constructors#testConstructor_Object2
3124,org.joda.time.TestDuration_Constructors#testConstructor_RI_RI2
3125,org.joda.time.format.TestDateTimeFormatterBuilder#test_canBuildParser
3126,org.joda.time.TestPartial_Properties#testPropertyGetMinute
3127,org.joda.time.TestInterval_Constructors#testConstructor_RI_RP6
3128,org.joda.time.TestInterval_Basics#testGap_RInterval_zone
3129,org.joda.time.TestPartial_Basics#testWith3c
3130,org.joda.time.TestPartial_Basics#testWith3f
3131,org.joda.time.TestDateTimeFieldType#test_millisOfSecond
3132,org.joda.time.TestMutableInterval_Constructors#testConstructor_RI_RP6
3133,org.joda.time.convert.TestNullConverter#testSetInto_Object_Chronology2
3134,org.joda.time.chrono.TestCopticChronology#testDurationMonth
3135,org.joda.time.TestDateTimeZoneCutover#test_getOffsetFromLocal_Moscow_Spring
3136,org.joda.time.chrono.TestISOChronology#testMaximumValue
3137,org.joda.time.TestPeriod_Constructors#testConstructor_RP_RP_PeriodType7
3138,org.joda.time.TestDateTime_Properties#testPropertyAddWrapFieldDayOfWeek
3139,org.joda.time.format.TestDateTimeFormatter#testParseDateTime_chrono
3140,org.joda.time.TestLocalDateTime_Properties#testPropertyGetMaxMinValuesMonth
3141,org.joda.time.TestDateTime_Basics#testWithField2
3142,org.joda.time.field.TestFieldUtils#testSafeAddLong
3143,org.joda.time.TestYearMonthDay_Constructors#testConstructor_nullObject_Chronology
3144,org.joda.time.field.TestOffsetDateTimeField#test_getAsShortText_long_Locale
3145,org.joda.time.chrono.TestGregorianChronology#testEquality
3146,org.joda.time.TestLocalDateTime_Constructors#testFactory_FromCalendarFields
3147,org.joda.time.field.TestPreciseDurationDateTimeField#test_roundHalfEven_long
3148,org.joda.time.TestPeriod_Basics#testNormalizedStandard_periodType_yearMonth1
3149,org.joda.time.format.TestDateTimeFormatter#testPrint_locale
3150,org.joda.time.TestDateMidnight_Properties#testPropertyGetMonthOfYear
3151,org.joda.time.field.TestOffsetDateTimeField#test_getLeapAmount_long
3152,org.joda.time.TestMutableDateTime_Sets#testSetTime_Object3
3153,org.joda.time.TestDateTimeComparator#testDOW
3154,org.joda.time.chrono.TestIslamicChronology#testCalendar
3155,org.joda.time.chrono.TestGregorianChronology#testDurationFields
3156,org.joda.time.TestTimeOfDay_Basics#testToDateTime_RI
3157,org.joda.time.TestDateTime_Basics#testToInstant
3158,org.joda.time.TestMutableDateTime_Sets#testSetZoneRetainFields_DateTimeZone3
3159,org.joda.time.TestChronology#testToString
3160,org.joda.time.TestPeriod_Constructors#testConstructor_RI_RD_PeriodType2
3161,org.joda.time.TestLocalDateTime_Basics#testIsAfter_LocalDateTime
3162,org.joda.time.chrono.TestCopticChronology#testDurationYear
3163,org.joda.time.field.TestBaseDateTimeField#test_getName
3164,org.joda.time.TestBaseSingleFieldPeriod#testToPeriod
3165,org.joda.time.chrono.TestCopticChronology#testWithUTC
3166,org.joda.time.TestInterval_Basics#testWithEndMillis_long2
3167,org.joda.time.format.TestDateTimeFormatStyle#testForStyle_shortTime
3168,org.joda.time.TestInterval_Constructors#testConstructor_long_long_nullChronology
3169,org.joda.time.format.TestPeriodFormatterBuilder#testFormatYears
3170,org.joda.time.TestDateTime_Basics#testToGregorianCalendar
3171,org.joda.time.TestTimeOfDay_Properties#testPropertyAddNoWrapSecond
3172,org.joda.time.TestDateMidnight_Basics#testIsEqual
3173,org.joda.time.format.TestISOPeriodFormatParsing#testParseStandard3
3174,org.joda.time.format.TestPeriodFormat#test_wordBased_de_formatStandard
3175,org.joda.time.TestDuration_Basics#testToPeriodTo
3176,org.joda.time.field.TestBaseDateTimeField#test_add_long_int
3177,org.joda.time.format.TestISODateTimeFormat_Fields#testForFields_weekBased_W
3178,org.joda.time.TestMutableInterval_Basics#testIsAfter_RI
3179,org.joda.time.TestMutableDateTime_Constructors#testConstructor_Object
3180,org.joda.time.chrono.TestEthiopicChronology#testToString
3181,org.joda.time.format.TestISODateTimeFormatParsing#test_dateElementParser
3182,org.joda.time.TestHours#testNegated
3183,org.joda.time.TestMutableInterval_Constructors#testConstructor_RI_RP8
3184,org.joda.time.convert.TestConverterManager#testToString
3185,org.joda.time.format.TestDateTimeFormat#testFormat_era
3186,org.joda.time.TestMinutes#testGetPeriodType
3187,org.joda.time.TestLocalDateTime_Properties#testPropertyWithMinimumValueHour
3188,org.joda.time.TestMutableDateTime_Properties#testPropertyToIntervalYearOfEra
3189,org.joda.time.TestDateMidnight_Basics#testWithMillis_long
3190,org.joda.time.TestInstant_Basics#testToMutableDateTime
3191,org.joda.time.TestDateTime_Properties#testPropertyToIntervalYear
3192,org.joda.time.TestLocalDate_Properties#testPropertyCompareToMonth
3193,org.joda.time.TestDateTimeZoneCutover#test_DateTime_roundCeiling_day_NewYork_Autumn_preCutover
3194,org.joda.time.TestMonthDay_Basics#testToDateTime_RI
3195,org.joda.time.chrono.TestLenientChronology#test_MockTurkIsCorrect
3196,org.joda.time.TestMutablePeriod_Updates#testSetYears
3197,org.joda.time.TestMonthDay_Constructors#testConstructor_ObjectString2
3198,org.joda.time.TestDateTimeFieldType#test_minuteOfDay
3199,org.joda.time.TestDateTimeComparator#testSerialization2
3200,org.joda.time.TestInterval_Basics#testGap_RInterval
3201,org.joda.time.format.TestPeriodFormat#test_getDefault_formatTwoFields
3202,org.joda.time.TestInterval_Basics#testContains_RInterval
3203,org.joda.time.TestMutablePeriod_Updates#testTest
3204,org.joda.time.format.TestDateTimeFormatter#testParseMutableDateTime_zone2
3205,org.joda.time.TestDateMidnight_Constructors#testConstructor_invalidObject_Chronology
3206,org.joda.time.field.TestMillisDurationField#test_toString
3207,org.joda.time.chrono.TestIslamicChronology#test15BasedLeapYear
3208,org.joda.time.TestDateTime_Constructors#testConstructor_invalidObject_Chronology
3209,org.joda.time.TestDuration_Basics#testPlus_long1
3210,org.joda.time.TestPeriod_Constructors#testConstructor_long_long_PeriodType3
3211,org.joda.time.TestDateMidnight_Basics#testToMutableDateTimeISO
3212,org.joda.time.TestLocalDate_Basics#testSerialization
3213,org.joda.time.chrono.TestISOChronology#testFactory
3214,org.joda.time.TestYearMonthDay_Constructors#testConstructor_int_int_int_nullChronology
3215,org.joda.time.TestDateTime_Basics#testMinusWeeks_int
3216,org.joda.time.TestMutableInterval_Constructors#testConstructor_RD_RI2
3217,org.joda.time.TestPartial_Properties#testPropertySetTextHour
3218,org.joda.time.format.TestDateTimeFormat#testFormat_minute
3219,org.joda.time.convert.TestLongConverter#testGetDurationMillis_Object
3220,org.joda.time.TestPeriodType#testYearMonthDay
3221,org.joda.time.TestDateTimeComparator#testEqualsHashCode
3222,org.joda.time.TestInstant_Constructors#testConstructor_nullObject
3223,org.joda.time.TestDateTimeZoneCutover#test_DateTime_roundFloor_day_NewYork_Spring_preCutover
3224,org.joda.time.TestInstant_Basics#testIsBeforeNow
3225,org.joda.time.TestLocalTime_Properties#testPropertyPlusMinute
3226,org.joda.time.TestYearMonthDay_Properties#testPropertyAddMonth
3227,org.joda.time.TestHours#testFactory_hours_int
3228,org.joda.time.TestYearMonthDay_Basics#testWithField1
3229,org.joda.time.TestYearMonthDay_Constructors#testConstructor_ObjectString1
3230,org.joda.time.TestMutableDateTime_Sets#testSetDayOfMonth_int1
3231,org.joda.time.chrono.TestCopticChronology#testFactoryUTC
3232,org.joda.time.TestDateTime_Properties#testPropertyGetDayOfYear
3233,org.joda.time.TestYearMonth_Basics#testWithers
3234,org.joda.time.TestLocalDate_Properties#testPropertyCompareToYear
3235,org.joda.time.field.TestPreciseDurationDateTimeField#test_getDifference_long_long
3236,org.joda.time.TestMutablePeriod_Constructors#testConstructor_long_long_PeriodType2
3237,org.joda.time.TestYearMonth_Basics#testGetFieldType
3238,org.joda.time.TestTimeOfDay_Properties#testPropertySetTextMilli
3239,org.joda.time.format.TestPeriodFormatterBuilder#testFormatHours
3240,org.joda.time.TestYearMonthDay_Basics#testWithField3
3241,org.joda.time.TestInterval_Basics#testWithDurationAfterStart1
3242,org.joda.time.TestTimeOfDay_Constructors#testConstructor_Object_Chronology
3243,org.joda.time.TestLocalDate_Basics#testToDateTimeAtMidnight_Zone
3244,org.joda.time.TestPeriod_Basics#testNormalizedStandard_yearMonthWeekDay
3245,org.joda.time.TestLocalTime_Constructors#testConstructor_nullObject_nullDateTimeZone
3246,org.joda.time.field.TestBaseDateTimeField#test_isLeap_long
3247,org.joda.time.field.TestPreciseDateTimeField#test_addWrapField_long_int
3248,org.joda.time.TestMonths#testMinus_int
3249,org.joda.time.TestInstant_Basics#testToString
3250,org.joda.time.field.TestPreciseDurationDateTimeField#test_constructor
3251,org.joda.time.TestMutableDateTime_Sets#testSetChronology_Chronology1
3252,org.joda.time.field.TestPreciseDurationDateTimeField#test_getType
3253,org.joda.time.TestYearMonthDay_Basics#testCompareTo
3254,org.joda.time.TestPartial_Constructors#testConstructor
3255,org.joda.time.TestHours#testSerialization
3256,org.joda.time.TestInterval_Basics#testOverlaps_RInterval_null
3257,org.joda.time.TestMutableInterval_Basics#testIsAfterNow
3258,org.joda.time.TestMonthDay_Basics#testEqualsHashCode
3259,org.joda.time.TestPartial_Basics#testGetValues
3260,org.joda.time.TestTimeOfDay_Basics#testGetFieldType
3261,org.joda.time.TestSerialization#testSerializedDateMidnight
3262,org.joda.time.TestPartial_Basics#testSize
3263,org.joda.time.format.TestISODateTimeFormatParsing#test_dateOptionalTimeParser
3264,org.joda.time.TestMutableDateTime_Basics#testToString_DTFormatter
3265,org.joda.time.convert.TestConverterManager#testAddPartialConverter4
3266,org.joda.time.convert.TestStringConverter#testGetDateTime1
3267,org.joda.time.field.TestPreciseDurationDateTimeField#test_getMinimumValue_long
3268,org.joda.time.TestPeriod_Basics#testToStandardDays_years
3269,org.joda.time.TestPeriod_Constructors#testConstructor_RP_RP_PeriodType2
3270,org.joda.time.format.TestISODateTimeFormat_Fields#testForFields_time_M
3271,org.joda.time.TestMutablePeriod_Updates#testSetPeriod_long_long_NoYears
3272,org.joda.time.convert.TestConverterManager#testAddPeriodConverter1
3273,org.joda.time.TestPeriod_Basics#testWithPeriodType1
3274,org.joda.time.TestMonthDay_Basics#testIsBefore_MD
3275,org.joda.time.TestMutablePeriod_Updates#testAddYears
3276,org.joda.time.TestPeriodType#testHours
3277,org.joda.time.format.TestISOPeriodFormat#testFormatAlternateExtendedWithWeeks
3278,org.joda.time.chrono.TestEthiopicChronology#testEpoch
3279,org.joda.time.TestLocalDate_Constructors#testConstructor_ObjectStringEx2
3280,org.joda.time.TestYearMonth_Constructors#testConstructor_int_int
3281,org.joda.time.TestDateMidnight_Basics#testGet_DateTimeField
3282,org.joda.time.TestDateTimeUtils#testSystemMillisSecurity
3283,org.joda.time.format.TestISODateTimeFormat_Fields#testForFields_weekBased_WD
3284,org.joda.time.TestMutableDateTime_Basics#testToGregorianCalendar
3285,org.joda.time.TestDateMidnight_Constructors#testConstructor_long1_Chronology
3286,org.joda.time.chrono.TestGJChronology#testPartialGetAsText
3287,org.joda.time.chrono.TestLenientChronology#test_isoChrononolgy_Chicago
3288,org.joda.time.TestDateTimeZoneCutover#test_DateTime_setHourBack_Moscow_Spring
3289,org.joda.time.TestMutablePeriod_Constructors#testConstructor_RI_RD1
3290,org.joda.time.TestPeriod_Basics#testWithField2
3291,org.joda.time.TestDateTimeZoneCutover#test_DateTime_roundFloorNotDST_Turk
3292,org.joda.time.TestMonthDay_Basics#testWithChronologyRetainFields_Chrono
3293,org.joda.time.TestMonthDay_Constructors#testConstructor_ObjectString1
3294,org.joda.time.TestDateTime_Properties#testPropertyGetDifferenceHourOfDay
3295,org.joda.time.TestMutableInterval_Constructors#testConstructor_RD_RI3
3296,org.joda.time.TestDateTime_Properties#testPropertyGetSecondOfDay
3297,org.joda.time.TestPeriod_Constructors#testFactoryFieldDifference5
3298,org.joda.time.chrono.TestEthiopicChronology#testEquality
3299,org.joda.time.TestLocalDateTime_Constructors#testConstructor_long2_DateTimeZone
3300,org.joda.time.TestPeriod_Basics#testWithPeriodType5
3301,org.joda.time.format.TestISODateTimeFormat_Fields#testForFields_ordinalBased_Y
3302,org.joda.time.TestLocalDateTime_Constructors#testConstructor_nullObject_nullChronology
3303,org.joda.time.chrono.TestGJChronology#testFactory_Zone
3304,org.joda.time.format.TestDateTimeFormat#testFormatParse_textMonthApr_France
3305,org.joda.time.field.TestPreciseDurationDateTimeField#test_getAsText_int_Locale
3306,org.joda.time.TestDateMidnight_Basics#testToMutableDateTime
3307,org.joda.time.TestDateTimeZoneCutover#test_DateTime_roundFloor_hourOfDay_NewYork_Autumn_postCutover
3308,org.joda.time.TestYearMonth_Basics#testToDateTime_nullRI
3309,org.joda.time.format.TestDateTimeFormatter#testPrint_bufferMethods
3310,org.joda.time.TestYearMonthDay_Properties#testPropertyGetDay
3311,org.joda.time.TestDateMidnight_Properties#testPropertyAddWrapFieldMonthOfYear
3312,org.joda.time.TestDateTimeUtils#testIsContiguous_RP
3313,org.joda.time.TestYears#testFactory_years_int
3314,org.joda.time.TestTimeOfDay_Basics#testWithFieldAdded1
3315,org.joda.time.TestPeriod_Constructors#testConstructor_Object_PeriodType2
3316,org.joda.time.convert.TestConverterManager#testAddPartialConverter1
3317,org.joda.time.TestYearMonth_Basics#testMinusYears_int
3318,org.joda.time.TestMutablePeriod_Updates#testSetPeriod_8ints3
3319,org.joda.time.format.TestDateTimeFormatter#testParseLocalDate_simple
3320,org.joda.time.TestMutableInterval_Updates#testSetInterval_RInterval3
3321,org.joda.time.TestMutableInterval_Constructors#testConstructor_RI_RD5
3322,org.joda.time.convert.TestConverterManager#testRemovePeriodConverter1
3323,org.joda.time.field.TestPreciseDateTimeField#test_getDifferenceAsLong_long_long
3324,org.joda.time.TestDuration_Basics#testToStandardSeconds
3325,org.joda.time.TestParseISO#testSpecTimeComplete
3326,org.joda.time.format.TestISODateTimeFormat#testFormat_basicWeekDate
3327,org.joda.time.TestMutablePeriod_Constructors#testConstructor_long2
3328,org.joda.time.TestLocalTime_Constructors#testConstructor_long2_Chronology
3329,org.joda.time.TestMutablePeriod_Basics#testCopy
3330,org.joda.time.TestLocalDate_Basics#testToDateTimeAtStartOfDay_avoidDST
3331,org.joda.time.TestMutableInterval_Updates#testSetPeriodBeforeEnd_RI1
3332,org.joda.time.field.TestOffsetDateTimeField#test_getMaximumShortTextLength_Locale
3333,org.joda.time.field.TestPreciseDurationField#test_constructor
3334,org.joda.time.TestYearMonth_Basics#testSize
3335,org.joda.time.TestIllegalFieldValueException#testZoneTransition
3336,org.joda.time.field.TestPreciseDateTimeField#test_getMaximumShortTextLength_Locale
3337,org.joda.time.TestDateTime_Basics#testPlusDays_int
3338,org.joda.time.TestMutableDateTime_Sets#testSetDayOfWeek_int1
3339,org.joda.time.TestPeriod_Constructors#testToPeriod_PeriodType3
3340,org.joda.time.TestDateTimeZone#testForTimeZone_TimeZone
3341,org.joda.time.TestDateTime_Basics#testIsAfterNow
3342,org.joda.time.TestLocalTime_Basics#testWithFieldAdded_DurationFieldType_int_6
3343,org.joda.time.TestInterval_Basics#testIsBefore_RInterval
3344,org.joda.time.TestInstant_Basics#testIsEqualNow
3345,org.joda.time.TestMutableInterval_Constructors#testConstructor_RI_RP7
3346,org.joda.time.TestDateTime_Constructors#testConstructor_nullDateTimeZone
3347,org.joda.time.format.TestDateTimeFormatter#testParseMutableDateTime_offsetParsed
3348,org.joda.time.TestInterval_Constructors#testConstructor_Object3
3349,org.joda.time.TestHours#testDividedBy_int
3350,org.joda.time.chrono.TestGJChronology#testTimeFields
3351,org.joda.time.TestPeriod_Basics#testToStandardMinutes_months
3352,org.joda.time.TestPartial_Basics#testToString2
3353,org.joda.time.TestMutablePeriod_Constructors#testConstructor_long_long_PeriodType_Chronology2
3354,org.joda.time.convert.TestConverterManager#testAddPeriodConverter2
3355,org.joda.time.field.TestBaseDateTimeField#test_getAsText_RP_int_Locale
3356,org.joda.time.TestLocalDate_Basics#testToDateTime_nullLocalTime
3357,org.joda.time.TestMonthDay_Constructors#testConstructor_int_int_nullChronology
3358,org.joda.time.TestDateMidnight_Basics#testProperty
3359,org.joda.time.TestPartial_Constructors#testConstructor_Partial
3360,org.joda.time.TestPeriodType#testMaskDays
3361,org.joda.time.TestMutableInterval_Constructors#testConstructor_long_long3
3362,org.joda.time.format.TestPeriodFormat#test_wordBased_pt_cached
3363,org.joda.time.TestDateTime_Basics#testToMutableDateTime_Chronology
3364,org.joda.time.TestPeriodType#testMaskTwice1
3365,org.joda.time.TestYearMonth_Properties#testPropertyGetMonth
3366,org.joda.time.TestInterval_Basics#testContains_long
3367,org.joda.time.TestMutableDateTime_Properties#testPropertyToIntervalYearOfCentury
3368,org.joda.time.TestInstant_Basics#testSerialization
3369,org.joda.time.convert.TestStringConverter#testGetChronology_Object_Zone
3370,org.joda.time.TestInterval_Constructors#testConstructor_RI_RD5
3371,org.joda.time.chrono.TestGregorianChronology#testFactory_Zone
3372,org.joda.time.format.TestPeriodFormat#test_wordBased_nl_FormatOneField
3373,org.joda.time.TestInterval_Constructors#testConstructor_RI_RD2
3374,org.joda.time.TestInterval_Basics#testWithDurationBeforeEnd4
3375,org.joda.time.TestDateTimeComparator#testListMillis
3376,org.joda.time.TestPeriod_Basics#testNormalizedStandard_periodType_yearMonthWeekDay
3377,org.joda.time.TestLocalDate_Constructors#testConstructor_Object1
3378,org.joda.time.TestLocalDateTime_Constructors#testConstructor_Object_Chronology
3379,org.joda.time.chrono.TestISOChronology#testFactory_Zone
3380,org.joda.time.format.TestISODateTimeFormatParsing#test_basicTTime
3381,org.joda.time.chrono.TestJulianChronology#testTimeFields
3382,org.joda.time.chrono.TestIslamicChronology#testWithZone
3383,org.joda.time.TestTimeOfDay_Basics#testMinusMillis_int
3384,org.joda.time.TestPeriod_Basics#testToStandardMinutes
3385,org.joda.time.TestTimeOfDay_Properties#testPropertySetMinute
3386,org.joda.time.tz.TestCompiler#test_2400_last
3387,org.joda.time.TestMutableDateTime_Properties#testPropertyAddDayOfWeek
3388,org.joda.time.field.TestFieldUtils#testSafeSubtractLong
3389,org.joda.time.TestPeriodType#testMaskSeconds
3390,org.joda.time.TestPeriod_Constructors#testFactorySeconds
3391,org.joda.time.format.TestDateTimeFormat#testFormatParse_textHalfdayAM_France
3392,org.joda.time.TestYears#testDividedBy_int
3393,org.joda.time.TestHours#testConstants
3394,org.joda.time.TestYearMonthDay_Constructors#testConstructor_nullDateTimeZone
3395,org.joda.time.convert.TestConverterManager#testGetInstantConverterRemovedNull
3396,org.joda.time.TestDateTime_Basics#testToTimeOfDay
3397,org.joda.time.format.TestPeriodFormat#test_wordBased_fr_formatTwoFields
3398,org.joda.time.field.TestBaseDateTimeField#test_getDifference_long_long
3399,org.joda.time.field.TestPreciseDateTimeField#test_getMinimumValue_RP
3400,org.joda.time.TestMutableDateTime_Sets#testSetMinuteOfDay_int2
3401,org.joda.time.TestMutablePeriod_Constructors#testConstructor_long_PeriodType_Chronology1
3402,org.joda.time.TestDateMidnight_Properties#testPropertyToIntervalYearOfEra
3403,org.joda.time.TestYearMonth_Basics#testToInterval
3404,org.joda.time.TestMutableDateTime_Properties#testPropertySetDayOfMonth
3405,org.joda.time.TestDateMidnight_Basics#testToMutableDateTime_Chronology
3406,org.joda.time.TestDateTimeZoneCutover#test_DateTime_roundCeiling_day_NewYork_Autumn_postCutover
3407,org.joda.time.field.TestPreciseDurationDateTimeField#test_getName
3408,org.joda.time.TestPeriodType#testMaskTwice2
3409,org.joda.time.TestYearMonth_Constructors#testConstructor_ObjectStringEx4
3410,org.joda.time.TestPartial_Basics#testWithFieldAddWrapped4
3411,org.joda.time.field.TestOffsetDateTimeField#test_getMaximumValue
3412,org.joda.time.TestInstant_Basics#testToMutableDateTimeISO
3413,org.joda.time.TestDateTime_Basics#testToString_String_Locale
3414,org.joda.time.TestLocalDateTime_Basics#testPlusWeeks_int
3415,org.joda.time.field.TestOffsetDateTimeField#test_roundHalfEven_long
3416,org.joda.time.TestYearMonthDay_Basics#testWithFieldAdded1
3417,org.joda.time.TestInterval_Basics#testIsAfter_RI
3418,org.joda.time.TestDateTimeZoneCutover#test_LocalDate_toDateMidnight_Turk
3419,org.joda.time.TestDateMidnight_Basics#testWithFieldAdded2
3420,org.joda.time.TestMutableInterval_Basics#testToPeriod_PeriodType1
3421,org.joda.time.TestYearMonthDay_Properties#testPropertyCompareToYear
3422,org.joda.time.TestPeriod_Constructors#testConstructor_long1
3423,org.joda.time.TestInterval_Constructors#testConstructor_RP_RI6
3424,org.joda.time.TestMonthDay_Constructors#testConstructor_long2_Chronology
3425,org.joda.time.TestSeconds#testFactory_standardSecondsIn_RPeriod
3426,org.joda.time.TestDateMidnight_Basics#testToString_String_String
3427,org.joda.time.TestLocalTime_Properties#testPropertyPlusHour
3428,org.joda.time.TestMonthDay_Properties#testPropertySetTextDayOfMonth
3429,org.joda.time.TestDuration_Basics#testMinus_RD1
3430,org.joda.time.TestDateTime_Basics#testWithDurationAdded_RP_int
3431,org.joda.time.TestMutableInterval_Constructors#testConstructor_RI_RP1
3432,org.joda.time.TestDateTimeComparator#testMonth
3433,org.joda.time.TestTimeOfDay_Properties#testPropertyGetMilli
3434,org.joda.time.TestMutableDateTime_Basics#testTest
3435,org.joda.time.TestMutableDateTime_Properties#testPropertyToIntervalMinuteOfHour
3436,org.joda.time.TestLocalTime_Constructors#testConstructor_nullObject
3437,org.joda.time.format.TestPeriodFormatterBuilder#testFormatSeparatorSimple
3438,org.joda.time.TestDateTime_Properties#testPropertyToIntervalMonthOfYear
3439,org.joda.time.TestDateMidnight_Basics#testToDateTime
3440,org.joda.time.TestDateTime_Properties#testPropertyEqualsHashCodeStrict
3441,org.joda.time.field.TestPreciseDateTimeField#test_isSupported
3442,org.joda.time.TestPartial_Constructors#testConstructorEx9_TypeArray_intArray
3443,org.joda.time.TestLocalTime_Basics#testToString_String_Locale
3444,org.joda.time.TestDateTime_Basics#testToDateTime_Chronology
3445,org.joda.time.TestDateTime_Basics#testWithZone_DateTimeZone
3446,org.joda.time.TestDateTimeZone#testIsLocalDateTimeGap_NewYork
3447,org.joda.time.TestMutablePeriod_Updates#testSetDays
3448,org.joda.time.TestLocalDateTime_Constructors#testConstructor_ObjectStringEx4
3449,org.joda.time.TestMutableInterval_Constructors#testConstructor_RI_RP2
3450,org.joda.time.format.TestISODateTimeFormat#testFormat_basicTime
3451,org.joda.time.chrono.TestIslamicChronology#testSampleDate2
3452,org.joda.time.TestLocalTime_Properties#testPropertyPlusMilli
3453,org.joda.time.TestDateTime_Constructors#testConstructor_ObjectString1
3454,org.joda.time.TestInterval_Basics#testIsAfter_RInterval
3455,org.joda.time.TestPartial_Basics#testMinus_RP
3456,org.joda.time.field.TestOffsetDateTimeField#test_getType
3457,org.joda.time.TestDateTime_Basics#testMinusMillis_int
3458,org.joda.time.TestSeconds#testMinus_int
3459,org.joda.time.TestMutablePeriod_Updates#testAddWeeks
3460,org.joda.time.field.TestMillisDurationField#test_getDifferenceAsLong_long_long
3461,org.joda.time.TestMutableDateTime_Properties#testPropertyToIntervalDayOfMonth
3462,org.joda.time.TestDateTimeComparator#testWOYY
3463,org.joda.time.TestMutableInterval_Constructors#testConstructor_RP_RI1
3464,org.joda.time.TestDateTimeFieldType#test_hourOfHalfday
3465,org.joda.time.chrono.TestLenientChronology#test_lenientChrononolgy_Turk
3466,org.joda.time.TestLocalDateTime_Basics#testGetValue_int
3467,org.joda.time.TestInterval_Constructors#testConstructor_RD_RI1
3468,org.joda.time.TestDateMidnight_Properties#testPropertyGetDifferenceMonthOfYear
3469,org.joda.time.TestPartial_Basics#testGetFieldTypes
3470,org.joda.time.field.TestOffsetDateTimeField#test_isSupported
3471,org.joda.time.field.TestPreciseDurationDateTimeField#test_isLenient
3472,org.joda.time.TestMonthDay_Basics#testPlus_RP
3473,org.joda.time.TestLocalTime_Basics#testGetFields
3474,org.joda.time.TestDateTimeZone#testNameProvider
3475,org.joda.time.TestLocalTime_Basics#testPlus_RP
3476,org.joda.time.convert.TestStringConverter#testSetIntoPeriod_Object2
3477,org.joda.time.format.TestPeriodFormatterBuilder#testFormatAppendFormatter
3478,org.joda.time.chrono.TestBuddhistChronology#testFactoryUTC
3479,org.joda.time.TestMinutes#testMinus_int
3480,org.joda.time.format.TestISODateTimeFormat#testFormat_basicWeekDateTimeNoMillis
3481,org.joda.time.TestLocalDateTime_Properties#testPropertyGetHour
3482,org.joda.time.TestSeconds#testConstants
3483,org.joda.time.TestDuration_Basics#testToPeriod
3484,org.joda.time.TestYearMonth_Basics#testWithFieldAdded_unknownField
3485,org.joda.time.field.TestMillisDurationField#test_compareTo
3486,org.joda.time.TestDateTime_Constructors#testTest
3487,org.joda.time.TestTimeOfDay_Constructors#testConstructor_long1_Chronology
3488,org.joda.time.format.TestISODateTimeFormat#testFormat_basicOrdinalDateTime
3489,org.joda.time.TestHours#testToStandardMinutes
3490,org.joda.time.TestMonths#testDividedBy_int
3491,org.joda.time.TestDateMidnight_Basics#testGetters
3492,org.joda.time.TestMutableDateTime_Adds#testAdd_RD_int1
3493,org.joda.time.field.TestUnsupportedDateTimeField#testMethodsThatShouldAlwaysReturnNull
3494,org.joda.time.TestParseISO#testSpecOrdinalTruncatedD
3495,org.joda.time.TestLocalDateTime_Properties#testPropertyAddToCopyYear
3496,org.joda.time.TestMutablePeriod_Updates#testAdd_RInterval2
3497,org.joda.time.format.TestPeriodFormatterBuilder#testFormatPrintZeroRarelyFirstDays
3498,org.joda.time.TestMutablePeriod_Updates#testAdd_RInterval3
3499,org.joda.time.format.TestISODateTimeFormat_Fields#testForFields_calBased_YMD_duplicates
3500,org.joda.time.TestLocalDateTime_Basics#testPlusSeconds_int
3501,org.joda.time.TestPartial_Constructors#testConstructor_TypeArray_intArray_Chrono
3502,org.joda.time.field.TestBaseDateTimeField#test_add_RP_int_intarray_int
3503,org.joda.time.TestMutablePeriod_Updates#testAdd_Field
3504,org.joda.time.TestInstant_Basics#testMinus_RD
3505,org.joda.time.format.TestDateTimeFormat#testFormatParse_textMonthJanLongLowerCase_UK
3506,org.joda.time.TestDateMidnight_Properties#testPropertyGetWeekyear
3507,org.joda.time.convert.TestStringConverter#testGetInstantMillis_Object
3508,org.joda.time.format.TestISODateTimeFormat_Fields#testForFields_time_Hm
3509,org.joda.time.TestPeriod_Constructors#testConstructor_long_Chronology3
3510,org.joda.time.TestLocalDateTime_Constructors#testConstructor
3511,org.joda.time.chrono.TestBuddhistChronology#testEpoch
3512,org.joda.time.convert.TestReadableDurationConverter#testSetInto_Object
3513,org.joda.time.TestLocalDateTime_Basics#testIsSupported_DurationFieldType
3514,org.joda.time.field.TestPreciseDateTimeField#test_roundCeiling_long
3515,org.joda.time.TestDateTimeZoneCutover#test_DateTime_parse_Gaza
3516,org.joda.time.field.TestOffsetDateTimeField#test_getAsShortText_RP_int_Locale
3517,org.joda.time.TestMutableDateTime_Basics#testToDateTime
3518,org.joda.time.TestMonthDay_Properties#testPropertyGetMaxMinValuesMonthOfYear
3519,org.joda.time.TestMonthDay_Basics#testSerialization
3520,org.joda.time.format.TestDateTimeFormatterBuilder#test_appendFixedDecimal
3521,org.joda.time.TestDateTime_Basics#testToYearMonthDay
3522,org.joda.time.format.TestISODateTimeFormat_Fields#testForFields_ordinalBased_D
3523,org.joda.time.format.TestISODateTimeFormat_Fields#testForFields_calBased_D
3524,org.joda.time.field.TestPreciseDurationDateTimeField#test_add_long_int
3525,org.joda.time.TestDateTimeZone#testProviderSecurity
3526,org.joda.time.TestMutableDateTime_Properties#testPropertyRoundHalfEvenHourOfDay
3527,org.joda.time.TestDateTimeZone#testPatchedNameKeysGazaHistoric
3528,org.joda.time.TestInstant_Basics#testIsEqual_long
3529,org.joda.time.TestDateTime_Constructors#testConstructor_Object_nullDateTimeZone
3530,org.joda.time.TestDays#testNegated
3531,org.joda.time.TestMutableInterval_Updates#testTest
3532,org.joda.time.TestDateTimeComparator#testMinute
3533,org.joda.time.field.TestBaseDateTimeField#test_getMaximumTextLength_Locale
3534,org.joda.time.TestPartial_Basics#testWith3d
3535,org.joda.time.TestMutablePeriod_Basics#testToDurationFrom
3536,org.joda.time.TestLocalDateTime_Basics#testMinusDays_int
3537,org.joda.time.TestPartial_Constructors#testConstructorEx2_Type_int
3538,org.joda.time.TestLocalDate_Basics#testWithField_DateTimeFieldType_int_4
3539,org.joda.time.TestLocalDate_Basics#testToDateMidnight_nullZone
3540,org.joda.time.TestLocalDate_Basics#testIsBefore_LocalDate
3541,org.joda.time.TestDateTime_Properties#testPropertyCompareToDayOfYear
3542,org.joda.time.TestDateTime_Properties#testPropertyLeapYear
3543,org.joda.time.TestTimeOfDay_Constructors#testConstantMidnight
3544,org.joda.time.TestMutableDateTime_Adds#testAddHours_int1
3545,org.joda.time.TestDurationFieldType#test_halfdays
3546,org.joda.time.tz.TestBuilder#testFixed
3547,org.joda.time.field.TestScaledDurationField#test_getMillis_int_long
3548,org.joda.time.format.TestDateTimeFormat#testSubclassableConstructor
3549,org.joda.time.TestLocalDate_Basics#testIsSupported_DateTimeFieldType
3550,org.joda.time.field.TestPreciseDurationField#test_getDifferenceAsLong_long_long
3551,org.joda.time.field.TestBaseDateTimeField#test_addWrapField_RP_int_intarray_int
3552,org.joda.time.TestPartial_Basics#testGetField
3553,org.joda.time.TestDateTime_Properties#testPropertyGetYearOfCentury
3554,org.joda.time.TestMutableDateTime_Basics#testRounding1
3555,org.joda.time.convert.TestConverterManager#testGetPartialConverter
3556,org.joda.time.field.TestPreciseDateTimeField#test_set_long_String_Locale
3557,org.joda.time.TestLocalDate_Basics#testWithField_DateTimeFieldType_int_2
3558,org.joda.time.TestLocalDateTime_Basics#testToDate_summer
3559,org.joda.time.TestPartial_Properties#testPropertyAddWrapFieldHour
3560,org.joda.time.TestLocalDateTime_Basics#testMinusHours_int
3561,org.joda.time.format.TestISOPeriodFormat#testFormatAlternate
3562,org.joda.time.field.TestPreciseDurationDateTimeField#test_isSupported
3563,org.joda.time.TestDateTime_Basics#testWithDurationAdded_RD_int
3564,org.joda.time.TestPeriod_Constructors#testConstructor_RI_RI2
3565,org.joda.time.TestPartial_Constructors#testConstructorEx3_TypeArray_intArray
3566,org.joda.time.TestLocalDate_Properties#testPropertyGetYear
3567,org.joda.time.convert.TestConverterManager#testAddPartialConverter3
3568,org.joda.time.TestDateTime_Properties#testPropertySetWeekOfWeekyear
3569,org.joda.time.TestDays#testFactory_standardDaysIn_RPeriod
3570,org.joda.time.TestLocalDate_Basics#testGetValue_int
3571,org.joda.time.TestDateMidnight_Constructors#testConstructor_long2
3572,org.joda.time.TestMutableDateTime_Basics#testProperty
3573,org.joda.time.TestInterval_Basics#testWithEndInstant_RI1
3574,org.joda.time.TestMonthDay_Properties#testPropertyGetMaxMinValuesDayOfMonth
3575,org.joda.time.TestMutableInterval_Constructors#testConstructor_RI_RI4
3576,org.joda.time.chrono.TestISOChronology#testDateFields
3577,org.joda.time.format.TestDateTimeFormatter#testParseDateTime_simple_precedence
3578,org.joda.time.TestLocalTime_Constructors#testConstructor_int_int_int_int_nullChronology
3579,org.joda.time.chrono.TestGregorianChronology#testToString
3580,org.joda.time.TestWeeks#testPlus_int
3581,org.joda.time.TestMinutes#testGetFieldType
3582,org.joda.time.TestYearMonthDay_Constructors#testFactory_FromCalendarFields
3583,org.joda.time.TestMinutes#testIsGreaterThan
3584,org.joda.time.TestMutableDateTime_Properties#testPropertyGetSecondOfMinute
3585,org.joda.time.TestLocalDateTime_Basics#testMinusMonths_int
3586,org.joda.time.field.TestScaledDurationField#test_getType
3587,org.joda.time.TestLocalDateTime_Basics#testWithFieldAdded_DurationFieldType_int_4
3588,org.joda.time.field.TestPreciseDateTimeField#test_getMinimumValue
3589,org.joda.time.TestDateTimeZoneCutover#test_DateTime_roundFloor_hour_NewYork_Spring_postCutover
3590,org.joda.time.TestDateTimeZone#testGetNameProviderName
3591,org.joda.time.TestPeriod_Constructors#testFactoryYears
3592,org.joda.time.TestMutablePeriod_Constructors#testConstructor_RI_RD_PeriodType1
3593,org.joda.time.TestMutablePeriod_Updates#testAdd_RP3
3594,org.joda.time.TestDateTime_Basics#testWithFieldAdded3
3595,org.joda.time.TestMutablePeriod_Constructors#testConstructor_long_PeriodType2
3596,org.joda.time.chrono.TestGregorianChronology#testWithZone
3597,org.joda.time.TestYearMonthDay_Basics#testWithFieldAdded5
3598,org.joda.time.TestDateTime_Constructors#testConstructor_Chronology
3599,org.joda.time.TestMutablePeriod_Constructors#testConstructor_PeriodType2
3600,org.joda.time.TestInterval_Constructors#testConstructor_RP_RI1
3601,org.joda.time.TestDateTimeUtils#testGetInstantMillis_RI
3602,org.joda.time.TestLocalDateTime_Constructors#testConstructor_long_nullChronology
3603,org.joda.time.chrono.TestLenientChronology#test_setYear
3604,org.joda.time.TestLocalTime_Constructors#testConstructor_Object1_Chronology
3605,org.joda.time.field.TestOffsetDateTimeField#test_getAsShortText_long
3606,org.joda.time.TestLocalDate_Basics#testPlusYears_int
3607,org.joda.time.TestDuration_Basics#testWithDurationAdded_long_int3
3608,org.joda.time.TestPeriod_Constructors#testConstructor_RI_RD1
3609,org.joda.time.field.TestPreciseDurationField#test_add_long_long
3610,org.joda.time.TestTimeOfDay_Constructors#testConstructor_nullChronology
3611,org.joda.time.TestYearMonth_Basics#testEqualsHashCode
3612,org.joda.time.TestPeriod_Constructors#testConstructor_RI_RI4
3613,org.joda.time.TestDateMidnight_Basics#testMinusYears_int
3614,org.joda.time.convert.TestReadableIntervalConverter#testSetIntoInterval_Object1
3615,org.joda.time.format.TestDateTimeFormatter#testPrint_writerMethods
3616,org.joda.time.TestYearMonth_Basics#testProperty
3617,org.joda.time.TestLocalTime_Properties#testPropertyCompareToMinute
3618,org.joda.time.TestLocalDate_Constructors#testConstructor_ObjectStringEx5
3619,org.joda.time.field.TestPreciseDurationDateTimeField#test_getMaximumShortTextLength_Locale
3620,org.joda.time.format.TestISODateTimeFormat_Fields#testForFields_time_HMSm
3621,org.joda.time.TestDateTime_Basics#testToString_String
3622,org.joda.time.chrono.TestCopticChronology#testFactory
3623,org.joda.time.TestDays#testPlus_int
3624,org.joda.time.TestPeriod_Constructors#testConstructor_RI_RI_PeriodType5
3625,org.joda.time.TestDays#testConstants
3626,org.joda.time.TestDateTimeFieldType#test_centuryOfEra
3627,org.joda.time.TestLocalDateTime_Constructors#testConstructor_nullObject_Chronology
3628,org.joda.time.format.TestDateTimeFormatter#testPrint_chrono_and_zone
3629,org.joda.time.TestMutableDateTime_Constructors#testConstructor_long2_Chronology
3630,org.joda.time.TestPeriod_Constructors#testConstructor_Object_PeriodType4
3631,org.joda.time.TestDateMidnight_Basics#testToMutableDateTime_DateTimeZone
3632,org.joda.time.format.TestPeriodFormatterBuilder#testFormatSuffixPlural4
3633,org.joda.time.TestMutablePeriod_Constructors#testConstructor_RI_RI_PeriodType1
3634,org.joda.time.TestDateTime_Constructors#testConstructor_nullObject_nullDateTimeZone
3635,org.joda.time.convert.TestReadablePeriodConverter#testGetPeriodType_Object
3636,org.joda.time.TestYearMonthDay_Basics#testGetFields
3637,org.joda.time.TestPeriod_Constructors#testConstructor_long_long_Chronology2
3638,org.joda.time.chrono.TestJulianChronology#testFactory_Zone_int
3639,org.joda.time.TestLocalDateTime_Constructors#testConstructor_ObjectStringEx6
3640,org.joda.time.TestMutableDateTime_Properties#testPropertyToIntervalYear
3641,org.joda.time.TestLocalDate_Basics#testToDate_autumnDST
3642,org.joda.time.TestLocalDate_Constructors#testConstructor_long_nullChronology
3643,org.joda.time.TestYearMonth_Basics#testToInterval_nullZone
3644,org.joda.time.TestDateMidnight_Constructors#testConstructor_Object
3645,org.joda.time.convert.TestStringConverter#testGetDateTime6
3646,org.joda.time.TestLocalDateTime_Properties#testPropertyGetMonth
3647,org.joda.time.TestPartial_Basics#testToString1
3648,org.joda.time.format.TestPeriodFormat#test_wordBased_pt_parseTwoFields
3649,org.joda.time.TestYearMonthDay_Constructors#testConstructor_Object_Chronology
3650,org.joda.time.TestPeriod_Basics#testToStandardHours_years
3651,org.joda.time.TestDateTimeZoneCutover#test_DateTime_plusDay_Gaza
3652,org.joda.time.TestDays#testToStandardDuration
3653,org.joda.time.TestYears#testFactory_yearsBetween_RInstant
3654,org.joda.time.TestTimeOfDay_Properties#testPropertySetSecond
3655,org.joda.time.format.TestPeriodFormatter#testParseInto_simple
3656,org.joda.time.TestDays#testFactory_parseDays_String
3657,org.joda.time.TestLocalTime_Constructors#testFactory_FromCalendarFields_Calendar
3658,org.joda.time.TestMonthDay_Basics#testCompareTo
3659,org.joda.time.field.TestPreciseDateTimeField#test_getAsText_RP_Locale
3660,org.joda.time.TestMutablePeriod_Constructors#testConstructor_Object2
3661,org.joda.time.chrono.TestGJChronology#testSubtractDays
3662,org.joda.time.TestLocalDateTime_Properties#testPropertySetCopyYear
3663,org.joda.time.field.TestPreciseDurationField#test_getValueAsLong_long
3664,org.joda.time.format.TestPeriodFormatter#testParseMutablePeriod_simple
3665,org.joda.time.format.TestDateTimeFormat#testFormat_zoneText
3666,org.joda.time.TestLocalDateTime_Basics#testMinusSeconds_int
3667,org.joda.time.field.TestBaseDateTimeField#test_constructor
3668,org.joda.time.convert.TestConverterSet#testAddNullRemoved3
3669,org.joda.time.TestYears#testFactory_parseYears_String
3670,org.joda.time.format.TestTextFields#testHalfdayNames
3671,org.joda.time.TestMutableInterval_Updates#testSetStartMillis_long2
3672,org.joda.time.TestParseISO#testSpecWeekTruncatedYW
3673,org.joda.time.format.TestISODateTimeFormatParsing#test_dateParser
3674,org.joda.time.TestLocalTime_Basics#testToDateTimeToday_Zone
3675,org.joda.time.format.TestDateTimeFormat#testFormat_monthOfYear
3676,org.joda.time.TestInterval_Basics#testWithStartInstant_RI2
3677,org.joda.time.TestMonthDay_Constructors#testConstructor_Chronology
3678,org.joda.time.TestMonths#testPlus_Months
3679,org.joda.time.TestHours#testFactory_hoursBetween_RInstant
3680,org.joda.time.TestLocalTime_Basics#testMinusSeconds_int
3681,org.joda.time.TestDateTime_Constructors#testConstructor_badconverterObject_Chronology
3682,org.joda.time.TestDateMidnight_Basics#testIsAfter
3683,org.joda.time.TestDateTime_Constructors#testConstructor_int_int_int_int_int_int
3684,org.joda.time.TestDateMidnight_Properties#testPropertyGetYearOfEra
3685,org.joda.time.TestMutablePeriod_Updates#testSetSeconds
3686,org.joda.time.TestDateTimeComparator#testListDOM
3687,org.joda.time.TestPeriod_Constructors#testConstructor_long_PeriodType_Chronology3
3688,org.joda.time.TestPartial_Basics#testWithFieldAddWrapped2
3689,org.joda.time.chrono.TestIslamicChronology#testFactory_Zone
3690,org.joda.time.TestYearMonthDay_Basics#testToDateMidnight
3691,org.joda.time.field.TestPreciseDateTimeField#test_constructor
3692,org.joda.time.TestPeriod_Constructors#testConstructor_RI_RI_PeriodType2
3693,org.joda.time.TestLocalTime_Constructors#testConstructor_Object2_Chronology
3694,org.joda.time.field.TestScaledDurationField#test_getName
3695,org.joda.time.field.TestBaseDateTimeField#test_getAsText_long
3696,org.joda.time.TestYears#testMultipliedBy_int
3697,org.joda.time.TestMutableDateTime_Sets#testSetDate_RI1
3698,org.joda.time.convert.TestConverterSet#testRemoveBadIndex2
3699,org.joda.time.TestPeriod_Basics#testWithFieldAdded2
3700,org.joda.time.TestInstant_Basics#testImmutable
3701,org.joda.time.convert.TestConverterManager#testAddDurationConverter1
3702,org.joda.time.format.TestISODateTimeFormatParsing#test_hourMinuteSecond
3703,org.joda.time.TestDateTimeUtils#testGetPeriodType_PeriodType
3704,org.joda.time.TestPeriod_Constructors#testConstructor_RD_RI2
3705,org.joda.time.TestInterval_Constructors#testConstructor_RI_RI7
3706,org.joda.time.TestPeriod_Constructors#testFactoryFieldDifference3
3707,org.joda.time.TestPeriod_Basics#testToStandardWeeks_years
3708,org.joda.time.TestInterval_Basics#testAbuts_RInterval
3709,org.joda.time.TestLocalDate_Constructors#testConstructor_nullDateTimeZone
3710,org.joda.time.TestMutablePeriod_Updates#testSetPeriod_long_long2
3711,org.joda.time.TestDateTimeZoneCutover#test_getOffsetFromLocal_Turk
3712,org.joda.time.TestMonths#testGetFieldType
3713,org.joda.time.TestLocalTime_Basics#testPlusSeconds_int
3714,org.joda.time.TestLocalDate_Basics#testToLocalDateTime_LocalTime
3715,org.joda.time.chrono.TestGJChronology#testDurationFields
3716,org.joda.time.TestLocalDate_Basics#testToDateTime_nullLocalTime_Zone
3717,org.joda.time.TestMutableDateTime_Sets#testSetMinuteOfHour_int2
3718,org.joda.time.field.TestOffsetDateTimeField#test_roundFloor_long
3719,org.joda.time.format.TestISODateTimeFormat#testFormat_basicOrdinalDate
3720,org.joda.time.TestLocalDateTime_Constructors#testConstructor_ObjectString4
3721,org.joda.time.TestMutableInterval_Constructors#testConstructor_RI_RI1
3722,org.joda.time.TestPeriod_Basics#testToString
3723,org.joda.time.TestDateTimeZoneCutover#test_getOffsetFromLocal_NewYork_Spring
3724,org.joda.time.TestTimeOfDay_Basics#testWithFieldAdded3
3725,org.joda.time.convert.TestCalendarConverter#testGetPartialValues
3726,org.joda.time.TestPeriod_Basics#testWithFieldAdded4
3727,org.joda.time.TestPeriod_Basics#testNormalizedStandard_fullNegative
3728,org.joda.time.TestMutableDateTime_Constructors#testConstructor_long1
3729,org.joda.time.TestLocalDate_Constructors#testConstructor_ObjectString2
3730,org.joda.time.TestHours#testPlus_int
3731,org.joda.time.TestPeriod_Constructors#testConstructor1
3732,org.joda.time.TestSerialization#testSerializedGJChronology
3733,org.joda.time.chrono.TestBuddhistChronology#testFactory
3734,org.joda.time.TestTimeOfDay_Constructors#testConstructor
3735,org.joda.time.TestLocalDateTime_Properties#testPropertySetMinute
3736,org.joda.time.convert.TestConverterSet#testRemoveNullRemoved1
3737,org.joda.time.TestDateTimeComparator#testListWOW
3738,org.joda.time.TestMutablePeriod_Updates#testSetPeriod_RP4
3739,org.joda.time.format.TestDateTimeFormat#testFormatParse_textMonthJanLong_France
3740,org.joda.time.tz.TestCompiler#test_2400_fromDay
3741,org.joda.time.TestDateTime_Properties#testPropertyGetCenturyOfEra
3742,org.joda.time.TestLocalDateTime_Basics#testToLocalDate
3743,org.joda.time.TestDateTimeComparator#testStaticGetDateOnlyInstance
3744,org.joda.time.TestAbstractPartial#testGetFieldTypes
3745,org.joda.time.TestMutableInterval_Basics#testOverlaps_RInterval
3746,org.joda.time.chrono.TestEthiopicChronology#testFactory_Zone
3747,org.joda.time.TestDateTime_Basics#testCompareTo
3748,org.joda.time.TestLocalDateTime_Properties#testPropertySetHour
3749,org.joda.time.TestMutablePeriod_Constructors#testConstructor_RI_RI4
3750,org.joda.time.TestInterval_Basics#testIsBeforeNow
3751,org.joda.time.TestMonthDay_Constructors#testConstructor_long_nullChronology
3752,org.joda.time.TestPartial_Basics#testToString_DTFormatter
3753,org.joda.time.TestMinutes#testGetMethods
3754,org.joda.time.TestSeconds#testPlus_int
3755,org.joda.time.TestDateMidnight_Properties#testPropertyGetYearOfCentury
3756,org.joda.time.TestPeriod_Constructors#testFactoryMonths
3757,org.joda.time.TestInterval_Basics#testWithChronology2
3758,org.joda.time.field.TestPreciseDurationDateTimeField#test_get
3759,org.joda.time.TestDateTime_Properties#testPropertyToIntervalMinuteOfHour
3760,org.joda.time.TestYearMonthDay_Constructors#testConstructor_long2_Chronology
3761,org.joda.time.TestDateTimeZoneCutover#test_DateTime_roundCeiling_secondOfMinute_NewYork_Autumn_postCutover
3762,org.joda.time.chrono.TestCopticChronology#testDateFields
3763,org.joda.time.TestPeriodType#testYearWeekDay
3764,org.joda.time.field.TestMillisDurationField#test_getMillis_long
3765,org.joda.time.format.TestISOPeriodFormatParsing#testParseStandardFail2
3766,org.joda.time.TestDateTimeZoneCutover#test_DateTime_addWrapFieldDay_Turk
3767,org.joda.time.TestPeriod_Constructors#testConstructor_RP_RP_PeriodType4
3768,org.joda.time.TestLocalDate_Basics#testGetField_int
