rank,test
1,org.joda.time.tz.TestCompiler#testCompile
2,org.joda.time.convert.TestStringConverter#testSetIntoInterval_Object_Chronology8
3,org.joda.time.convert.TestStringConverter#testSetIntoInterval_Object_Chronology7
4,org.joda.time.convert.TestStringConverter#testSetIntoInterval_Object_Chronology5
5,org.joda.time.convert.TestStringConverter#testSetIntoInterval_Object_Chronology4
6,org.joda.time.convert.TestStringConverter#testSetIntoInterval_Object_Chronology2
7,org.joda.time.convert.TestStringConverter#testSetIntoInterval_Object_Chronology1
8,org.joda.time.TestYearMonthDay_Constructors#testConstructor_ObjectString4
9,org.joda.time.TestYearMonthDay_Constructors#testConstructor_ObjectString3
10,org.joda.time.TestYearMonthDay_Constructors#testConstructor_ObjectString2
11,org.joda.time.TestDateMidnight_Basics#testToString_String_String
12,org.joda.time.TestDateTime_Basics#testToString_String_Locale
13,org.joda.time.TestYearMonthDay_Constructors#testConstructor_ObjectString1
14,org.joda.time.format.TestDateTimeFormatter#testParseMutableDateTime_simple_precedence
15,org.joda.time.format.TestDateTimeFormatter#testParseInto_simple_precedence
16,org.joda.time.format.TestDateTimeFormatter#testParseDateTime_simple_precedence
17,org.joda.time.TestYearMonthDay_Basics#testToInterval
18,org.joda.time.TestYearMonthDay_Basics#testToInterval_nullZone
19,org.joda.time.TestYearMonthDay_Constructors#testConstructor_ObjectString5
20,org.joda.time.TestLocalDateTime_Constructors#testConstructor_ObjectString3
21,org.joda.time.format.TestPeriodFormatter#testPrinterParserMethods
22,org.joda.time.format.TestDateTimeFormatter#testPrinterParserMethods
23,org.joda.time.TestPartial_Basics#testToDateTime_RI
24,org.joda.time.TestLocalDateTime_Constructors#testConstructor_ObjectString2
25,org.joda.time.TestLocalDateTime_Basics#testToString_String_Locale
26,org.joda.time.TestPartial_Basics#testToDateTime_nullRI
27,org.joda.time.TestLocalDateTime_Constructors#testConstructor_ObjectString4
28,org.joda.time.TestLocalDateTime_Constructors#testConstructor_ObjectString1
29,org.joda.time.TestLocalDateTime_Constructors#testConstructor_Object_DateTimeZoneMoscowBadDateTime
30,org.joda.time.TestLocalDateTime_Constructors#testConstructor_Object_DateTimeZoneMoscow
31,org.joda.time.format.TestDateTimeFormatter#testParseInto_zone3
32,org.joda.time.format.TestDateTimeFormatter#testParseMutableDateTime_zone3
33,org.joda.time.format.TestDateTimeFormatter#testParseDateTime_zone3
34,org.joda.time.TestYearMonthDay_Basics#testToInterval_Zone
35,org.joda.time.TestLocalDateTime_Constructors#testConstructor_Object_ChronologyMoscowBadDateTime
36,org.joda.time.TestLocalDateTime_Constructors#testConstructor_Object_ChronologyMoscow
37,org.joda.time.TestLocalDateTime_Constructors#testConstructor_ObjectLocalDateTime
38,org.joda.time.format.TestDateTimeFormatter#testParseInto_offsetParsed
39,org.joda.time.TestTimeOfDay_Basics#testToDateTime_RI
40,org.joda.time.TestDateTime_Basics#testToString_DTFormatter
41,org.joda.time.format.TestDateTimeFormatter#testPrint_appendableMethods
42,org.joda.time.TestDateMidnight_Basics#testToString_String
43,org.joda.time.TestDateMidnight_Basics#testToString_DTFormatter
44,org.joda.time.format.TestDateTimeFormatter#testParseMutableDateTime_offsetParsed
45,org.joda.time.format.TestDateTimeFormatter#testParseLocalTime_simple
46,org.joda.time.format.TestDateTimeFormatter#testParseDateTime_offsetParsed
47,org.joda.time.TestTimeOfDay_Basics#testToDateTime_nullRI
48,org.joda.time.TestDateTime_Basics#testToString_String
49,org.joda.time.TestLocalTime_Basics#testToDateTime_RI
50,org.joda.time.format.TestDateTimeFormatter#testParseLocalDate_simple
51,org.joda.time.format.TestDateTimeFormatter#testPrint_writerMethods
52,org.joda.time.format.TestDateTimeFormatter#testPrint_bufferMethods
53,org.joda.time.TestDateMidnight_Basics#testToString
54,org.joda.time.format.TestDateTimeFormatter#testPrint_chrono_and_zone
55,org.joda.time.TestYearMonthDay_Constructors#testConstructor_ObjectStringEx4
56,org.joda.time.TestYearMonthDay_Constructors#testConstructor_ObjectStringEx3
57,org.joda.time.TestLocalTime_Basics#testToDateTime_nullRI
58,org.joda.time.TestDateTime_Basics#testToString
59,org.joda.time.format.TestDateTimeFormatter#testParseMutableDateTime_chrono
60,org.joda.time.TestInterval_Constructors#testConstructor_Object1
61,org.joda.time.format.TestDateTimeFormatter#testParseDateTime_chrono
62,org.joda.time.format.TestDateTimeFormatter#testPrint_simple
63,org.joda.time.format.TestDateTimeFormatter#testPrint_chrono
64,org.joda.time.format.TestDateTimeFormatter#testParseInto_chrono
65,org.joda.time.format.TestPeriodFormatter#testParsePeriod_parseType
66,org.joda.time.format.TestDateTimeFormatter#testParseLocalDateTime_simple
67,org.joda.time.TestYearMonthDay_Constructors#testConstructor_Object_nullChronology
68,org.joda.time.TestYearMonthDay_Constructors#testConstructor_Object
69,org.joda.time.TestMutableInterval_Constructors#testConstructor_Object1
70,org.joda.time.TestYearMonthDay_Constructors#testConstructor_nullObject_nullChronology
71,org.joda.time.TestYearMonthDay_Constructors#testConstructor_nullObject
72,org.joda.time.TestTimeOfDay_Basics#testToString_String_Locale
73,org.joda.time.format.TestPeriodFormatter#testParsePeriod_simple
74,org.joda.time.format.TestDateTimeFormatter#testParseInto_zone2
75,org.joda.time.TestYearMonthDay_Constructors#testConstructor_ObjectStringEx2
76,org.joda.time.TestYearMonthDay_Constructors#testConstructor_ObjectStringEx1
77,org.joda.time.TestLocalTime_Constructors#testConstructor_ObjectString2
78,org.joda.time.TestLocalTime_Constructors#testConstructor_ObjectString1Tokyo
79,org.joda.time.TestLocalTime_Constructors#testConstructor_ObjectString1NewYork
80,org.joda.time.TestLocalTime_Constructors#testConstructor_ObjectString1
81,org.joda.time.TestLocalDateTime_Constructors#testConstructor_ObjectStringEx2
82,org.joda.time.format.TestDateTimeFormatter#testPrint_zone
83,org.joda.time.TestYearMonthDay_Constructors#testConstructor_Object_Chronology
84,org.joda.time.format.TestDateTimeFormatter#testParseMutableDateTime_zone2
85,org.joda.time.format.TestDateTimeFormatter#testParseInto_zone
86,org.joda.time.format.TestDateTimeFormatter#testParseDateTime_zone2
87,org.joda.time.TestYearMonthDay_Constructors#testConstructor_nullObject_Chronology
88,org.joda.time.TestTimeOfDay_Basics#testToString_String
89,org.joda.time.TestTimeOfDay_Basics#testToString_DTFormatter
90,org.joda.time.TestLocalTime_Constructors#testConstructor_ObjectString3
91,org.joda.time.TestLocalTime_Constructors#testConstructor_Object2_Chronology
92,org.joda.time.TestLocalDateTime_Constructors#testConstructor_ObjectStringEx6
93,org.joda.time.TestLocalDateTime_Constructors#testConstructor_ObjectStringEx5
94,org.joda.time.TestLocalDateTime_Constructors#testConstructor_ObjectStringEx1
95,org.joda.time.TestLocalDateTime_Basics#testToString_String
96,org.joda.time.TestLocalDateTime_Basics#testToString_DTFormatter
97,org.joda.time.format.TestDateTimeFormatter#testParseMutableDateTime_zone
98,org.joda.time.format.TestDateTimeFormatter#testParseDateTime_zone
99,org.joda.time.TestLocalTime_Constructors#testConstructor_ObjectTimeOfDay
100,org.joda.time.TestLocalDate_Constructors#testConstructor_ObjectString2
101,org.joda.time.format.TestDateTimeFormatter#testParseInto_simple
102,org.joda.time.TestPartial_Basics#testPlus_RP
103,org.joda.time.TestPartial_Basics#testMinus_RP
104,org.joda.time.format.TestDateTimeFormatter#testParseMutableDateTime_simple
105,org.joda.time.format.TestDateTimeFormatter#testParseDateTime_simple
106,org.joda.time.chrono.TestGJChronology#testPartialGetAsText
107,org.joda.time.TestLocalTime_Constructors#testConstructor_ObjectString4
108,org.joda.time.TestLocalDate_Basics#testToInterval
109,org.joda.time.TestYearMonthDay_Basics#testToString_String_Locale
110,org.joda.time.TestLocalTime_Constructors#testConstructor_ObjectString_DateTimeZoneTokyo
111,org.joda.time.TestLocalTime_Constructors#testConstructor_ObjectString_DateTimeZoneNewYork
112,org.joda.time.TestLocalDate_Constructors#testConstructor_ObjectYearMonthDay
113,org.joda.time.TestLocalTime_Constructors#testConstructor_ObjectString_DateTimeZoneLondon
114,org.joda.time.TestLocalTime_Basics#testToString_String_Locale
115,org.joda.time.TestLocalDate_Constructors#testConstructor_ObjectString3
116,org.joda.time.TestLocalDate_Basics#testToInterval_nullZone
117,org.joda.time.TestLocalDateTime_Constructors#testConstructor_Object1
118,org.joda.time.TestLocalDate_Constructors#testConstructor_ObjectString1
119,org.joda.time.TestLocalDateTime_Constructors#testConstructor_nullObject
120,org.joda.time.TestLocalDateTime_Constructors#testConstructor_Object_nullChronology
121,org.joda.time.TestLocalDateTime_Constructors#testConstructor_ObjectStringEx4
122,org.joda.time.TestLocalDateTime_Constructors#testConstructor_ObjectStringEx3
123,org.joda.time.TestLocalDateTime_Basics#testToString
124,org.joda.time.TestLocalDate_Basics#testToString_String_Locale
125,org.joda.time.TestLocalDateTime_Constructors#testConstructor_nullObject_nullChronology
126,org.joda.time.TestLocalDateTime_Constructors#testConstructor_Object_nullDateTimeZone
127,org.joda.time.TestLocalDateTime_Constructors#testConstructor_Object_DateTimeZone
128,org.joda.time.TestLocalDateTime_Constructors#testConstructor_ObjectLocalTime
129,org.joda.time.TestLocalDateTime_Constructors#testConstructor_ObjectLocalDate
130,org.joda.time.convert.TestStringConverter#testGetDateTime
131,org.joda.time.TestTimeOfDay_Basics#testToString
132,org.joda.time.TestLocalTime_Constructors#testConstructor_ObjectLocalTime
133,org.joda.time.TestLocalTime_Constructors#testConstructor_ObjectLocalDateTime
134,org.joda.time.TestLocalTime_Basics#testToString_String
135,org.joda.time.TestLocalTime_Basics#testToString_DTFormatter
136,org.joda.time.TestLocalDate_Constructors#testConstructor_ObjectLocalDateTime
137,org.joda.time.TestLocalDateTime_Constructors#testConstructor_nullObject_nullDateTimeZone
138,org.joda.time.TestLocalDateTime_Constructors#testConstructor_nullObject_DateTimeZone
139,org.joda.time.TestYearMonth_Basics#testToString_String_Locale
140,org.joda.time.TestMonthDay_Basics#testToString_String_Locale
141,org.joda.time.TestLocalTime_Constructors#testConstructor_Object2
142,org.joda.time.TestLocalDate_Constructors#testConstructor_ObjectLocalDate
143,org.joda.time.TestLocalDateTime_Constructors#testConstructor_Object_Chronology
144,org.joda.time.TestLocalDateTime_Constructors#testConstructor_nullObject_Chronology
145,org.joda.time.TestYearMonthDay_Basics#testToDateTimeAtCurrentTime
146,org.joda.time.TestYearMonth_Basics#testToInterval
147,org.joda.time.TestYearMonthDay_Basics#testToDateTimeAtCurrentTime_nullZone
148,org.joda.time.TestYearMonthDay_Basics#testToDateTimeAtCurrentTime_Zone
149,org.joda.time.TestLocalTime_Constructors#testConstructor_ObjectStringEx6
150,org.joda.time.TestLocalTime_Constructors#testConstructor_ObjectStringEx5
151,org.joda.time.TestDateTime_Basics#testTest
152,org.joda.time.TestYearMonth_Basics#testToInterval_nullZone
153,org.joda.time.TestYearMonthDay_Basics#testToDateTime_TOD
154,org.joda.time.TestPartial_Basics#testToString3
155,org.joda.time.TestDateMidnight_Basics#testTest
156,org.joda.time.TestYearMonthDay_Basics#testToString_String
157,org.joda.time.TestYearMonthDay_Basics#testToString_DTFormatter
158,org.joda.time.TestYearMonthDay_Basics#testToDateTime_TOD_nullZone
159,org.joda.time.TestPartial_Basics#testGetFormatter1
160,org.joda.time.TestLocalTime_Constructors#testConstructor_ObjectStringEx4
161,org.joda.time.TestLocalTime_Constructors#testConstructor_ObjectStringEx3
162,org.joda.time.TestLocalTime_Constructors#testConstructor_ObjectStringEx2
163,org.joda.time.TestLocalTime_Constructors#testConstructor_ObjectStringEx1
164,org.joda.time.TestLocalTime_Basics#testToString
165,org.joda.time.TestLocalDate_Basics#testToInterval_Zone
166,org.joda.time.format.TestDateTimeFormatter#testPrint_locale
167,org.joda.time.convert.TestStringConverter#testSetIntoInterval_Object_Chronology3
168,org.joda.time.TestLocalTime_Constructors#testConstructor_ObjectLocalDate
169,org.joda.time.TestDateTime_Basics#testWithers
170,org.joda.time.TestYearMonth_Basics#testToString_String
171,org.joda.time.TestYearMonth_Basics#testToString_DTFormatter
172,org.joda.time.TestYearMonthDay_Basics#testToDateTime_nullTOD
173,org.joda.time.TestPartial_Basics#testToString4
174,org.joda.time.TestMonthDay_Basics#testToString_String
175,org.joda.time.TestMonthDay_Basics#testToString_DTFormatter
176,org.joda.time.TestLocalDate_Basics#testToDateTime_LocalTime
177,org.joda.time.TestDateMidnight_Basics#testToInterval
178,org.joda.time.tz.TestBuilder#testSerialization
179,org.joda.time.chrono.TestGJChronology#testCutoverAddYears
180,org.joda.time.TestPartial_Basics#testGetFormatter3
181,org.joda.time.TestLocalDate_Constructors#testConstructor_ObjectStringEx7
182,org.joda.time.TestLocalDate_Constructors#testConstructor_ObjectStringEx6
183,org.joda.time.TestLocalDate_Constructors#testConstructor_ObjectStringEx3
184,org.joda.time.TestLocalDate_Constructors#testConstructor_ObjectStringEx2
185,org.joda.time.TestLocalDate_Constructors#testConstructor_ObjectStringEx1
186,org.joda.time.TestLocalDate_Basics#testToDateTime_LocalTime_nullZone
187,org.joda.time.TestLocalDate_Basics#testToDateTimeAtCurrentTime
188,org.joda.time.format.TestDateTimeFormatter#testParseMillis_fractionOfSecondLong
189,org.joda.time.TestYearMonthDay_Basics#testToString
190,org.joda.time.TestPartial_Basics#testToString_String_Locale
191,org.joda.time.TestLocalDate_Basics#testToDateTimeAtCurrentTime_nullZone
192,org.joda.time.TestLocalDate_Basics#testToDateTimeAtCurrentTime_Zone
193,org.joda.time.convert.TestStringConverter#testGetDateTime5
194,org.joda.time.TestTimeOfDay_Basics#testToDateTimeToday
195,org.joda.time.TestLocalTime_Constructors#testConstructor_Object1
196,org.joda.time.TestLocalDate_Constructors#testConstructor_ObjectLocalTime
197,org.joda.time.TestLocalDate_Constructors#testConstructor_Object1
198,org.joda.time.TestTimeOfDay_Basics#testToDateTimeToday_nullZone
199,org.joda.time.TestTimeOfDay_Basics#testToDateTimeToday_Zone
200,org.joda.time.TestLocalTime_Constructors#testConstructor_nullObject
201,org.joda.time.TestLocalTime_Constructors#testConstructor_Object_nullChronology
202,org.joda.time.TestLocalDate_Constructors#testConstructor_nullObject
203,org.joda.time.TestLocalDate_Constructors#testConstructor_Object_nullChronology
204,org.joda.time.TestDateMidnight_Basics#testWithers
205,org.joda.time.convert.TestStringConverter#testGetDateTime6
206,org.joda.time.chrono.TestGJChronology#testCutoverAddMonths
207,org.joda.time.chrono.TestGJChronology#testCutoverAddDays
208,org.joda.time.TestYearMonthDay_Basics#testToDateTime_nullRI
209,org.joda.time.TestPartial_Basics#testWithFieldAdded1
210,org.joda.time.TestPartial_Basics#testWithFieldAddWrapped6
211,org.joda.time.TestPartial_Basics#testWithFieldAddWrapped1
212,org.joda.time.TestPartial_Basics#testToString_String
213,org.joda.time.TestPartial_Basics#testToString_DTFormatter
214,org.joda.time.TestLocalTime_Constructors#testConstructor_nullObject_nullChronology
215,org.joda.time.TestLocalTime_Constructors#testConstructor_Object_nullDateTimeZone
216,org.joda.time.TestLocalTime_Constructors#testConstructor_Object1_DateTimeZone
217,org.joda.time.TestLocalDate_Constructors#testConstructor_nullObject_nullChronology
218,org.joda.time.TestLocalDate_Constructors#testConstructor_Object_nullDateTimeZone
219,org.joda.time.TestLocalDate_Constructors#testConstructor_Object_DateTimeZone
220,org.joda.time.TestLocalDate_Basics#testCompareTo
221,org.joda.time.chrono.TestGJChronology#testYearEndAddDays
222,org.joda.time.TestPartial_Basics#testWithChronologyRetainFields_nullChrono
223,org.joda.time.TestMonthDay_Basics#testToDateTime_nullRI
224,org.joda.time.TestLocalTime_Constructors#testConstructor_nullObject_nullDateTimeZone
225,org.joda.time.TestLocalTime_Constructors#testConstructor_nullObject_DateTimeZone
226,org.joda.time.TestLocalTime_Constructors#testConstructor_Object1_Chronology
227,org.joda.time.TestLocalDate_Constructors#testConstructor_nullObject_nullDateTimeZone
228,org.joda.time.TestLocalDate_Constructors#testConstructor_nullObject_DateTimeZone
229,org.joda.time.TestYearMonthDay_Basics#testToDateTime_RI
230,org.joda.time.TestPartial_Basics#testWithFieldAddWrapped8
231,org.joda.time.TestPartial_Basics#testWithFieldAddWrapped7
232,org.joda.time.TestPartial_Basics#testWithChronologyRetainFields_Chrono
233,org.joda.time.TestMonthDay_Basics#testToString
234,org.joda.time.TestLocalTime_Constructors#testConstructor_nullObject_Chronology
235,org.joda.time.TestLocalDate_Constructors#testConstructor_ObjectStringEx5
236,org.joda.time.TestLocalDate_Constructors#testConstructor_ObjectStringEx4
237,org.joda.time.TestYearMonth_Basics#testToString
238,org.joda.time.TestLocalTime_Basics#testToDateTimeTodayDefaultZone
239,org.joda.time.TestLocalDate_Constructors#testConstructor_Object_Chronology
240,org.joda.time.TestLocalDate_Basics#testToString_String
241,org.joda.time.TestLocalDate_Basics#testToString_DTFormatter
242,org.joda.time.TestLocalDateTime_Basics#testCompareTo
243,org.joda.time.TestYearMonth_Basics#testToInterval_Zone
244,org.joda.time.TestPartial_Basics#testWithFieldAdded8
245,org.joda.time.TestPartial_Basics#testWithFieldAdded7
246,org.joda.time.TestPartial_Basics#testWithFieldAdded6
247,org.joda.time.TestPartial_Basics#testWithFieldAdded5
248,org.joda.time.TestPartial_Basics#testWithFieldAddWrapped5
249,org.joda.time.TestPartial_Basics#testWith3c
250,org.joda.time.TestLocalTime_Basics#testToDateTimeToday_nullZone
251,org.joda.time.TestLocalTime_Basics#testToDateTimeToday_Zone
252,org.joda.time.TestLocalDate_Constructors#testConstructor_nullObject_Chronology
253,org.joda.time.TestLocalDate_Basics#testToDateTime_RI
254,org.joda.time.TestLocalDate_Basics#testEqualsHashCodeLenient
255,org.joda.time.TestYearMonth_Basics#testToDateTime_nullRI
256,org.joda.time.TestYearMonthDay_Basics#testToDateTime_TOD_Zone
257,org.joda.time.TestPartial_Basics#testWithField1
258,org.joda.time.TestPartial_Basics#testWith1
259,org.joda.time.TestMonthDay_Basics#testToDateTime_RI
260,org.joda.time.TestLocalDate_Basics#testToDateTime_nullLocalTime
261,org.joda.time.TestPartial_Basics#testWithFieldAdded3
262,org.joda.time.TestPartial_Basics#testWithFieldAdded2
263,org.joda.time.TestPartial_Basics#testWithFieldAddWrapped3
264,org.joda.time.TestPartial_Basics#testWithFieldAddWrapped2
265,org.joda.time.TestPartial_Basics#testWithField3
266,org.joda.time.TestPartial_Basics#testWith3b
267,org.joda.time.TestLocalDateTime_Basics#testToDateTime_nullRI
268,org.joda.time.tz.TestBuilder#testReverseTransitions
269,org.joda.time.format.TestPeriodFormatter#testParseMutablePeriod_simple
270,org.joda.time.TestYearMonth_Basics#testToDateTime_RI
271,org.joda.time.TestPartial_Basics#testWithout4
272,org.joda.time.TestPartial_Basics#testWithout3
273,org.joda.time.TestPartial_Basics#testWith3a
274,org.joda.time.format.TestPeriodFormatter#testParseInto_simple
275,org.joda.time.convert.TestStringConverter#testGetDateTime3
276,org.joda.time.TestPartial_Basics#testWithout2
277,org.joda.time.TestPartial_Basics#testWithout1
278,org.joda.time.TestPartial_Basics#testWithField2
279,org.joda.time.TestPartial_Basics#testWith2
280,org.joda.time.TestLocalDate_Basics#testPlus_RP
281,org.joda.time.TestLocalDate_Basics#testMinus_RP
282,org.joda.time.TestDateTime_Basics#testToDateMidnight
283,org.joda.time.convert.TestStringConverter#testGetDateTime1
284,org.joda.time.TestPartial_Basics#testToString1
285,org.joda.time.TestLocalTime_Basics#testPlus_RP
286,org.joda.time.TestLocalTime_Basics#testMinus_RP
287,org.joda.time.TestLocalDate_Basics#testToDateTime_nullRI
288,org.joda.time.TestLocalDateTime_Basics#testPlus_RP
289,org.joda.time.TestDateMidnight_Basics#testWithFields_RPartial
290,org.joda.time.TestDateMidnight_Basics#testPlus_RP
291,org.joda.time.TestDateMidnight_Basics#testMinus_RP
292,org.joda.time.TestDateMidnight_Basics#testGetters
293,org.joda.time.format.TestPeriodFormatter#testPrint_simple
294,org.joda.time.convert.TestStringConverter#testGetDateTime4
295,org.joda.time.TestYearMonthDay_Basics#testPlus_RP
296,org.joda.time.TestYearMonthDay_Basics#testMinus_RP
297,org.joda.time.TestLocalDateTime_Basics#testMinus_RP
298,org.joda.time.TestDateTime_Basics#testWithFields_RPartial
299,org.joda.time.TestDateTime_Basics#testGetters
300,org.joda.time.TestDateMidnight_Basics#testWithDurationAdded_RP_int
301,org.joda.time.convert.TestStringConverter#testGetInstantMillis_Object
302,org.joda.time.convert.TestStringConverter#testGetDateTime2
303,org.joda.time.TestMonthDay_Basics#testPlus_RP
304,org.joda.time.TestMonthDay_Basics#testMinus_RP
305,org.joda.time.TestMonthDay_Basics#testCompareTo
306,org.joda.time.TestLocalDateTime_Basics#testWithers
307,org.joda.time.tz.TestBuilder#testForwardTransitions
308,org.joda.time.chrono.TestGJChronology#testCutoverAddWeeks
309,org.joda.time.TestYearMonth_Basics#testCompareTo
310,org.joda.time.TestYearMonthDay_Basics#testToDateTime_nullTOD_Zone
311,org.joda.time.TestYearMonthDay_Basics#testToDateMidnight
312,org.joda.time.TestLocalDate_Basics#testToString
313,org.joda.time.TestLocalDate_Basics#testToDateTime_LocalTime_Zone
314,org.joda.time.TestDateTime_Basics#testPlus_RP
315,org.joda.time.TestDateTime_Basics#testMinus_RP
316,org.joda.time.TestYearMonth_Basics#testPlus_RP
317,org.joda.time.TestYearMonth_Basics#testMinus_RP
318,org.joda.time.TestYearMonthDay_Basics#testToDateMidnight_nullZone
319,org.joda.time.TestYearMonthDay_Basics#testCompareTo
320,org.joda.time.TestTimeOfDay_Basics#testPlus_RP
321,org.joda.time.TestTimeOfDay_Basics#testMinus_RP
322,org.joda.time.TestDateTime_Basics#testWithDurationAdded_RP_int
323,org.joda.time.convert.TestStringConverter#testSetIntoInterval_Object_Chronology6
324,org.joda.time.TestLocalDateTime_Basics#testEqualsHashCode
325,org.joda.time.TestLocalDate_Basics#testEqualsHashCode
326,org.joda.time.TestChronology#testToString
327,org.joda.time.format.TestPeriodFormatter#testPrint_writerMethods
328,org.joda.time.format.TestPeriodFormatter#testPrint_bufferMethods
329,org.joda.time.TestYearMonthDay_Basics#testToDateTimeAtMidnight
330,org.joda.time.TestYearMonthDay_Basics#testToDateTimeAtMidnight_nullZone
331,org.joda.time.TestDateTime_Basics#testToTimeOfDay
332,org.joda.time.TestDateMidnight_Basics#testProperty
333,org.joda.time.TestLocalDate_Basics#testToDateTimeAtStartOfDay
334,org.joda.time.TestLocalDate_Basics#testToDateMidnight
335,org.joda.time.TestLocalDateTime_Basics#testToDateTime
336,org.joda.time.TestLocalDateTime_Basics#testProperty
337,org.joda.time.TestDateTime_Basics#testProperty
338,org.joda.time.chrono.TestGJChronology#testCutoverAddWeekyears
339,org.joda.time.TestLocalDate_Basics#testToDateTimeAtStartOfDay_nullZone
340,org.joda.time.TestLocalDate_Basics#testToDateMidnight_nullZone
341,org.joda.time.TestLocalDateTime_Basics#testToDateTime_nullZone
342,org.joda.time.TestPartial_Match#testIsMatch_Instant
343,org.joda.time.TestLocalDate_Basics#testWithers
344,org.joda.time.format.TestDateTimeFormatStyle#testForStyle_shortDateTime
345,org.joda.time.TestInterval_Constructors#testConstructor_Object_Chronology1
346,org.joda.time.TestDateMidnight_Basics#testToYearMonthDay
347,org.joda.time.TestMutableInterval_Constructors#testConstructor_Object_Chronology1
348,org.joda.time.TestLocalTime_Basics#testCompareTo
349,org.joda.time.TestLocalDate_Basics#testToDateTime_nullLocalTime_Zone
350,org.joda.time.TestLocalDate_Basics#testToDateTimeAtMidnight
351,org.joda.time.format.TestDateTimeFormatter#testWithGetOffsetParsedMethods
352,org.joda.time.chrono.TestGJChronology#testParseEquivalence
353,org.joda.time.TestLocalTime_Basics#testEqualsHashCode
354,org.joda.time.TestLocalDate_Basics#testToDateTimeAtMidnight_nullZone
355,org.joda.time.TestLocalDate_Basics#testEqualsHashCodeStrict
356,org.joda.time.TestDateTime_Basics#testToYearMonthDay
357,org.joda.time.TestPartial_Basics#testCompareTo
358,org.joda.time.TestLocalDate_Basics#testProperty
359,org.joda.time.format.TestDateTimeFormatter#testWithGetZone
360,org.joda.time.format.TestDateTimeFormatter#testWithGetPivotYear
361,org.joda.time.format.TestDateTimeFormatter#testWithGetChronology
362,org.joda.time.TestPartial_Basics#testToString5
363,org.joda.time.TestLocalDate_Basics#testToInterval_Zone_noMidnight
364,org.joda.time.TestDateMidnight_Basics#testGet_DateTimeFieldType
365,org.joda.time.format.TestDateTimeFormatter#testWithGetLocale
366,org.joda.time.TestYearMonthDay_Basics#testToDateMidnight_Zone
367,org.joda.time.TestYearMonthDay_Basics#testProperty
368,org.joda.time.TestLocalDateTime_Basics#testToDateTime_RI
369,org.joda.time.TestDateMidnight_Basics#testIsEqual
370,org.joda.time.TestDateMidnight_Basics#testIsBefore
371,org.joda.time.TestDateMidnight_Basics#testIsAfter
372,org.joda.time.convert.TestStringConverter#testGetInstantMillis_Object_Chronology
373,org.joda.time.convert.TestReadablePartialConverter#testGetPartialValues
374,org.joda.time.TestPartial_Basics#testGetFormatter2
375,org.joda.time.TestMonthDay_Basics#testProperty
376,org.joda.time.TestLocalDateTime_Basics#testToDate_winter
377,org.joda.time.TestLocalDateTime_Basics#testToDate_summer
378,org.joda.time.TestDateTime_Basics#testGet_DateTimeFieldType
379,org.joda.time.TestDateMidnight_Basics#testWithFieldAdded1
380,org.joda.time.TestDateMidnight_Basics#testGet_DateTimeField
381,org.joda.time.TestTimeOfDay_Constructors#testConstructor_Object2
382,org.joda.time.TestMonthDay_Basics#testWithFieldAdded
383,org.joda.time.TestDateTime_Basics#testWithFieldAdded1
384,org.joda.time.TestDateMidnight_Basics#testSerialization
385,org.joda.time.TestDateMidnight_Basics#testPlus_RD
386,org.joda.time.TestDateMidnight_Basics#testMinus_RD
387,org.joda.time.format.TestDateTimeFormatter#testZoneShortNameNearTransition
388,org.joda.time.format.TestDateTimeFormatter#testZoneNameNearTransition
389,org.joda.time.TestYearMonthDay_Basics#testWithers
390,org.joda.time.TestYearMonthDay_Basics#testMinusMonths_int
391,org.joda.time.TestMonthDay_Basics#testMinusMonths_int_adjust
392,org.joda.time.TestDateTime_Basics#testToLocalTime
393,org.joda.time.TestDateTime_Basics#testGet_DateTimeField
394,org.joda.time.TestDateMidnight_Basics#testWithDurationAdded_RD_int
395,org.joda.time.TestYearMonthDay_Basics#testToDateTimeAtMidnight_Zone
396,org.joda.time.TestYearMonthDay_Basics#testPlusYears_int
397,org.joda.time.TestYearMonthDay_Basics#testMinusYears_int
398,org.joda.time.TestYearMonthDay_Basics#testMinusDays_int
399,org.joda.time.TestTimeOfDay_Basics#testProperty
400,org.joda.time.TestMonthDay_Basics#testPlusMonths_int_adjust
401,org.joda.time.TestMonthDay_Basics#testMinusMonths_int_wrap
402,org.joda.time.TestDateMidnight_Basics#testWithZoneRetainFields_DateTimeZone
403,org.joda.time.format.TestDateTimeFormat#testFormat_yearOfEraParse
404,org.joda.time.TestYearMonth_Basics#testProperty
405,org.joda.time.TestYearMonthDay_Basics#testWithChronologyRetainFields_nullChrono
406,org.joda.time.TestYearMonthDay_Basics#testPlusMonths_int
407,org.joda.time.TestYearMonthDay_Basics#testPlusDays_int
408,org.joda.time.TestTimeOfDay_Basics#testToLocalTime
409,org.joda.time.TestTimeOfDay_Basics#testMinusSeconds_int
410,org.joda.time.TestTimeOfDay_Basics#testMinusMinutes_int
411,org.joda.time.TestTimeOfDay_Basics#testMinusMillis_int
412,org.joda.time.TestTimeOfDay_Basics#testMinusHours_int
413,org.joda.time.TestMonthDay_Basics#testWithers
414,org.joda.time.TestMonthDay_Basics#testPlusMonths_int_wrap
415,org.joda.time.TestMonthDay_Basics#testEqualsHashCode
416,org.joda.time.TestLocalDate_Basics#testToLocalDateTime_LocalTime
417,org.joda.time.TestLocalDate_Basics#testToDate_winter
418,org.joda.time.TestLocalDate_Basics#testToDate_summer
419,org.joda.time.TestDateTime_Properties#testPropertySetTextDayOfWeek
420,org.joda.time.TestDateTime_Basics#testWithZoneRetainFields_DateTimeZone
421,org.joda.time.TestDateTime_Basics#testWithTime_int_int_int
422,org.joda.time.TestDateMidnight_Basics#testWithField1
423,org.joda.time.TestYearMonthDay_Basics#testWithFieldAdded1
424,org.joda.time.TestTimeOfDay_Basics#testPlusSeconds_int
425,org.joda.time.TestTimeOfDay_Basics#testPlusMinutes_int
426,org.joda.time.TestTimeOfDay_Basics#testPlusMillis_int
427,org.joda.time.TestTimeOfDay_Basics#testPlusHours_int
428,org.joda.time.TestPartial_Basics#testEqualsHashCode
429,org.joda.time.TestMonthDay_Basics#testWithField
430,org.joda.time.TestMonthDay_Basics#testWithChronologyRetainFields_nullChrono
431,org.joda.time.TestMonthDay_Basics#testMinusMonths_int
432,org.joda.time.TestMonthDay_Basics#testMinusDays_int
433,org.joda.time.TestLocalDateTime_Basics#testGetters
434,org.joda.time.TestDateTime_Basics#testWithField1
435,org.joda.time.TestDateMidnight_Basics#testToLocalDate
436,org.joda.time.TestDateMidnight_Basics#testToDateTime_DateTimeZone
437,org.joda.time.TestDateMidnight_Basics#testToDateTime_Chronology
438,org.joda.time.TestYearMonthDay_Basics#testWithField1
439,org.joda.time.TestYearMonthDay_Basics#testToLocalDate
440,org.joda.time.TestTimeOfDay_Basics#testWithers
441,org.joda.time.TestMonthDay_Basics#testPlusMonths_int
442,org.joda.time.TestMonthDay_Basics#testPlusDays_int
443,org.joda.time.TestLocalDateTime_Basics#testToDateTime_Zone
444,org.joda.time.TestDateTime_Basics#testWithDate_int_int_int
445,org.joda.time.TestDateTime_Basics#testToLocalDate
446,org.joda.time.TestDateMidnight_Basics#testToMutableDateTime_DateTimeZone
447,org.joda.time.TestDateMidnight_Basics#testToGregorianCalendar
448,org.joda.time.TestDateMidnight_Basics#testToCalendar_Locale
449,org.joda.time.TestDateMidnight_Basics#testPlus_long
450,org.joda.time.TestDateMidnight_Basics#testMinus_long
451,org.joda.time.convert.TestStringConverter#testGetPartialValues
452,org.joda.time.TestYearMonth_Basics#testMinusYears_int
453,org.joda.time.TestYearMonth_Basics#testMinusMonths_int
454,org.joda.time.TestYearMonthDay_Basics#testWithChronologyRetainFields_Chrono
455,org.joda.time.TestYearMonthDay_Basics#testEqualsHashCode
456,org.joda.time.TestLocalDate_Basics#testToDateTimeAtStartOfDay_Zone
457,org.joda.time.TestLocalDate_Basics#testToDateMidnight_Zone
458,org.joda.time.TestDateTime_Properties#testPropertySetWeekOfWeekyear
459,org.joda.time.TestDateTime_Properties#testPropertyAddWrapFieldWeekOfWeekyear
460,org.joda.time.TestDateTime_Constructors#testConstructor_ObjectString4
461,org.joda.time.TestDateMidnight_Basics#testWithDurationAdded_long_int
462,org.joda.time.TestDateMidnight_Basics#testToMutableDateTime_Chronology
463,org.joda.time.TestDateMidnight_Basics#testEqualsHashCode
464,org.joda.time.convert.TestStringConverter#testGetInstantMillis_Object_Zone
465,org.joda.time.TestYearMonth_Basics#testWithFieldAdded
466,org.joda.time.TestYearMonth_Basics#testToLocalDate
467,org.joda.time.TestYearMonth_Basics#testPlusYears_int
468,org.joda.time.TestYearMonth_Basics#testPlusMonths_int
469,org.joda.time.TestTimeOfDay_Basics#testWithChronologyRetainFields_Chrono
470,org.joda.time.TestTimeOfDay_Basics#testGet
471,org.joda.time.TestTimeOfDay_Basics#testCompareTo
472,org.joda.time.TestMonthDay_Basics#testToLocalDate
473,org.joda.time.TestLocalTime_Basics#testProperty
474,org.joda.time.TestDateTime_Properties#testPropertySetTextMonthOfYear
475,org.joda.time.TestDateTime_Basics#testToLocalDateTime
476,org.joda.time.TestDateMidnight_Basics#testWithMillis_long
477,org.joda.time.TestDateMidnight_Basics#testWithChronology_Chronology
478,org.joda.time.TestYearMonth_Basics#testWithers
479,org.joda.time.TestYearMonth_Basics#testWithField
480,org.joda.time.TestYearMonthDay_Basics#testWithChronologyRetainFields_invalidInNewChrono
481,org.joda.time.TestYearMonthDay_Basics#testSerialization
482,org.joda.time.TestTimeOfDay_Basics#testWithChronologyRetainFields_nullChrono
483,org.joda.time.TestTimeOfDay_Basics#testIsSupported
484,org.joda.time.TestMonthDay_Basics#testWithField_same
485,org.joda.time.TestDateTime_Properties#testPropertySetDayOfYear
486,org.joda.time.TestDateTime_Properties#testPropertyAddWrapFieldDayOfYear
487,org.joda.time.TestDateMidnight_Properties#testPropertyWithMaximumValueDayOfMonth
488,org.joda.time.TestDateMidnight_Basics#testToMutableDateTimeISO
489,org.joda.time.TestDateMidnight_Basics#testToMutableDateTime
490,org.joda.time.TestDateMidnight_Basics#testToDateTimeISO
491,org.joda.time.TestDateMidnight_Basics#testToDateTime
492,org.joda.time.format.TestDateTimeFormatterBuilder#test_appendFixedDecimal
493,org.joda.time.TestYearMonthDay_Basics#testWithField4
494,org.joda.time.TestTimeOfDay_Basics#testWithFieldAdded8
495,org.joda.time.TestTimeOfDay_Basics#testWithFieldAdded7
496,org.joda.time.TestTimeOfDay_Basics#testWithFieldAdded6
497,org.joda.time.TestTimeOfDay_Basics#testWithFieldAdded1
498,org.joda.time.TestTimeOfDay_Basics#testGetFields
499,org.joda.time.TestTimeOfDay_Basics#testGetFieldTypes
500,org.joda.time.TestPartial_Basics#testSerialization
501,org.joda.time.TestMonthDay_Basics#testWithChronologyRetainFields_Chrono
502,org.joda.time.TestLocalDateTime_Basics#testSerialization
503,org.joda.time.TestDateTime_Constructors#testConstructor_ObjectString2
504,org.joda.time.TestDateMidnight_Properties#testPropertyWithMinimumValueDayOfMonth
505,org.joda.time.convert.TestStringConverter#testSetIntoIntervalEx_Object_Chronology5
506,org.joda.time.TestYearMonth_Basics#testWithChronologyRetainFields_nullChrono
507,org.joda.time.TestYearMonth_Basics#testEqualsHashCode
508,org.joda.time.TestYearMonthDay_Basics#testWithFieldAdded5
509,org.joda.time.TestYearMonthDay_Basics#testWithField3
510,org.joda.time.TestTimeOfDay_Basics#testWithField1
511,org.joda.time.TestTimeOfDay_Basics#testSerialization
512,org.joda.time.TestTimeOfDay_Basics#testGetFieldType
513,org.joda.time.TestTimeOfDay_Basics#testGetField
514,org.joda.time.TestPartial_Basics#testWith3d
515,org.joda.time.TestMonthDay_Basics#testWithField_unknownField
516,org.joda.time.TestMonthDay_Basics#testWithFieldAdded_unknownField
517,org.joda.time.TestMonthDay_Basics#testSerialization
518,org.joda.time.TestMonthDay_Basics#testIsEqual_MD
519,org.joda.time.TestMonthDay_Basics#testIsBefore_MD
520,org.joda.time.TestMonthDay_Basics#testIsAfter_MD
521,org.joda.time.TestLocalDate_Basics#testToDateTimeAtMidnight_Zone
522,org.joda.time.TestLocalDate_Basics#testMinusYears_int
523,org.joda.time.TestDateTime_Properties#testPropertySetTextWeekOfWeekyear
524,org.joda.time.TestDateMidnight_Basics#testWithFieldAdded4
525,org.joda.time.TestDateMidnight_Basics#testWithFieldAdded3
526,org.joda.time.TestDateMidnight_Basics#testWithFieldAdded2
527,org.joda.time.TestDateMidnight_Basics#testWithField2
528,org.joda.time.TestDateMidnight_Basics#testCompareTo
529,org.joda.time.TestYearMonthDay_Basics#testIsEqual_YMD
530,org.joda.time.TestYearMonthDay_Basics#testIsBefore_YMD
531,org.joda.time.TestYearMonthDay_Basics#testIsAfter_YMD
532,org.joda.time.TestPartial_Match#testIsMatch_Partial
533,org.joda.time.TestPartial_Basics#testWith3f
534,org.joda.time.TestPartial_Basics#testWith3e
535,org.joda.time.TestLocalDate_Basics#testToDateTimeAtStartOfDay_avoidDST
536,org.joda.time.TestLocalDate_Basics#testSerialization
537,org.joda.time.TestLocalDate_Basics#testPlusYears_int
538,org.joda.time.TestLocalDate_Basics#testGetters
539,org.joda.time.TestDateTime_Properties#testPropertyWithMaximumValueDayOfMonth
540,org.joda.time.TestDateTime_Properties#testPropertySetTextDayOfYear
541,org.joda.time.TestDateTime_Properties#testPropertySetDayOfWeek
542,org.joda.time.TestDateTime_Properties#testPropertyAddWrapFieldYear
543,org.joda.time.TestDateTime_Properties#testPropertyAddWrapFieldDayOfWeek
544,org.joda.time.TestDateTime_Basics#testWithFieldAdded4
545,org.joda.time.TestDateTime_Basics#testWithFieldAdded3
546,org.joda.time.TestDateTime_Basics#testWithFieldAdded2
547,org.joda.time.TestDateTime_Basics#testWithField2
548,org.joda.time.TestDateTimeZoneCutover#test_DateTime_JustAfterLastEverOverlap
549,org.joda.time.TestDateMidnight_Properties#testPropertyRoundHalfEvenMonthOfYear
550,org.joda.time.TestDateMidnight_Basics#testToInstant
551,org.joda.time.TestDateMidnight_Basics#testToDate
552,org.joda.time.TestYearMonth_Basics#testWithField_same
553,org.joda.time.TestYearMonth_Basics#testWithChronologyRetainFields_Chrono
554,org.joda.time.TestYearMonth_Basics#testSerialization
555,org.joda.time.TestYearMonthDay_Basics#testWithFieldAdded4
556,org.joda.time.TestYearMonthDay_Basics#testWithFieldAdded3
557,org.joda.time.TestYearMonthDay_Basics#testWithFieldAdded2
558,org.joda.time.TestYearMonthDay_Basics#testWithField2
559,org.joda.time.TestTimeOfDay_Basics#testEqualsHashCode
560,org.joda.time.TestMonthDay_Basics#testWithField_nullField
561,org.joda.time.TestMonthDay_Basics#testWithFieldAdded_zero
562,org.joda.time.TestMonthDay_Basics#testWithFieldAdded_nullField_zero
563,org.joda.time.TestMonthDay_Basics#testWithFieldAdded_nullField_nonZero
564,org.joda.time.TestMonthDay_Basics#testMinusDays_same
565,org.joda.time.TestLocalDate_Basics#testToDateTimeAtStartOfDay_Zone_avoidDST
566,org.joda.time.TestLocalDate_Basics#testMinusMonths_int
567,org.joda.time.TestLocalDateTime_Basics#testMinusYears_int
568,org.joda.time.TestDateTime_Properties#testPropertyWithMinimumValueDayOfMonth
569,org.joda.time.TestDateMidnight_Properties#testPropertyRoundHalfFloorMonthOfYear
570,org.joda.time.TestDateMidnight_Properties#testPropertyRoundHalfCeilingMonthOfYear
571,org.joda.time.TestDateMidnight_Basics#testMinusYears_int
572,org.joda.time.TestTimeOfDay_Basics#testSize
573,org.joda.time.TestMonthDay_Basics#testPlusDays_same
574,org.joda.time.TestMonthDay_Basics#testMinusMonths_int_same
575,org.joda.time.TestLocalDate_Basics#testPlusMonths_int
576,org.joda.time.TestLocalDate_Basics#testMinusWeeks_int
577,org.joda.time.TestLocalDate_Basics#testMinusDays_int
578,org.joda.time.TestLocalDateTime_Basics#testPlusYears_int
579,org.joda.time.TestDateTime_Properties#testPropertyAddWrapFieldDayOfMonth
580,org.joda.time.TestDateMidnight_Properties#testPropertyRoundCeilingMonthOfYear
581,org.joda.time.TestDateMidnight_Basics#testPlusYears_int
582,org.joda.time.TestYearMonth_Basics#testWithField_unknownField
583,org.joda.time.TestYearMonth_Basics#testWithFieldAdded_unknownField
584,org.joda.time.TestYearMonth_Basics#testWithChronologyRetainFields_invalidInNewChrono
585,org.joda.time.TestYearMonth_Basics#testIsEqual_YM
586,org.joda.time.TestYearMonth_Basics#testIsBefore_YM
587,org.joda.time.TestYearMonth_Basics#testIsAfter_YM
588,org.joda.time.TestYearMonthDay_Basics#testGetFields
589,org.joda.time.TestPartial_Basics#testProperty
590,org.joda.time.TestMonthDay_Basics#testPlusMonths_int_same
591,org.joda.time.TestLocalTime_Basics#testWithers
592,org.joda.time.TestLocalTime_Basics#testMinusSeconds_int
593,org.joda.time.TestLocalTime_Basics#testMinusMinutes_int
594,org.joda.time.TestLocalTime_Basics#testMinusMillis_int
595,org.joda.time.TestLocalTime_Basics#testMinusHours_int
596,org.joda.time.TestLocalDate_Basics#testPlusWeeks_int
597,org.joda.time.TestLocalDate_Basics#testPlusDays_int
598,org.joda.time.TestLocalDate_Basics#testEqualsHashCodeAPI
599,org.joda.time.TestLocalDateTime_Basics#testToLocalTime
600,org.joda.time.TestLocalDateTime_Basics#testMinusMonths_int
601,org.joda.time.TestDateTime_Properties#testPropertySetDayOfMonth
602,org.joda.time.TestDateTime_Properties#testPropertyRoundHalfEvenHourOfDay
603,org.joda.time.TestDateTime_Properties#testPropertyAddYear
604,org.joda.time.TestDateTimeComparator#testNullDT
605,org.joda.time.TestDateMidnight_Basics#testMinusMonths_int
606,org.joda.time.TestYearMonthDay_Basics#testGetField
607,org.joda.time.TestTimeOfDay_Basics#testWithFieldAdded5
608,org.joda.time.TestTimeOfDay_Basics#testWithField3
609,org.joda.time.TestPartial_Basics#testGet
610,org.joda.time.TestLocalTime_Basics#testSerialization
611,org.joda.time.TestLocalTime_Basics#testPlusSeconds_int
612,org.joda.time.TestLocalTime_Basics#testPlusMinutes_int
613,org.joda.time.TestLocalTime_Basics#testPlusMillis_int
614,org.joda.time.TestLocalTime_Basics#testPlusHours_int
615,org.joda.time.TestLocalDateTime_Basics#testPlusMonths_int
616,org.joda.time.TestLocalDateTime_Basics#testMinusWeeks_int
617,org.joda.time.TestLocalDateTime_Basics#testMinusSeconds_int
618,org.joda.time.TestLocalDateTime_Basics#testMinusMinutes_int
619,org.joda.time.TestLocalDateTime_Basics#testMinusMillis_int
620,org.joda.time.TestLocalDateTime_Basics#testMinusHours_int
621,org.joda.time.TestLocalDateTime_Basics#testMinusDays_int
622,org.joda.time.TestDateTime_Properties#testPropertySetMonthOfYear
623,org.joda.time.TestDateTime_Basics#testMinusYears_int
624,org.joda.time.TestDateMidnight_Properties#testPropertyRoundFloorMonthOfYear
625,org.joda.time.TestDateMidnight_Basics#testPlusMonths_int
626,org.joda.time.TestDateMidnight_Basics#testMinusWeeks_int
627,org.joda.time.TestDateMidnight_Basics#testMinusDays_int
628,org.joda.time.format.TestPeriodFormatter#testWithGetParseTypeMethods
629,org.joda.time.format.TestDateTimeFormatterBuilder#test_appendFixedSignedDecimal
630,org.joda.time.TestYearMonth_Basics#testWithField_nullField
631,org.joda.time.TestYearMonth_Basics#testWithFieldAdded_zero
632,org.joda.time.TestYearMonth_Basics#testWithFieldAdded_nullField_zero
633,org.joda.time.TestYearMonth_Basics#testWithFieldAdded_nullField_nonZero
634,org.joda.time.TestYearMonthDay_Constructors#testConstructor_nullDateTimeZone
635,org.joda.time.TestYearMonthDay_Constructors#testConstructor_DateTimeZone
636,org.joda.time.TestYearMonthDay_Basics#testIsSupported
637,org.joda.time.TestTimeOfDay_Basics#testWithField4
638,org.joda.time.TestTimeOfDay_Basics#testIsEqual_TOD
639,org.joda.time.TestTimeOfDay_Basics#testIsBefore_TOD
640,org.joda.time.TestTimeOfDay_Basics#testIsAfter_TOD
641,org.joda.time.TestPartial_Basics#testWithout5
642,org.joda.time.TestPartial_Basics#testIsEqual_TOD
643,org.joda.time.TestPartial_Basics#testIsBefore_TOD
644,org.joda.time.TestPartial_Basics#testIsAfter_TOD
645,org.joda.time.TestMonthDay_Basics#testGetFields
646,org.joda.time.TestLocalDate_Basics#testGet_DateTimeFieldType
647,org.joda.time.TestLocalDateTime_Basics#testToDate_autumnDST
648,org.joda.time.TestLocalDateTime_Basics#testPlusWeeks_int
649,org.joda.time.TestLocalDateTime_Basics#testPlusSeconds_int
650,org.joda.time.TestLocalDateTime_Basics#testPlusMinutes_int
651,org.joda.time.TestLocalDateTime_Basics#testPlusMillis_int
652,org.joda.time.TestLocalDateTime_Basics#testPlusHours_int
653,org.joda.time.TestLocalDateTime_Basics#testPlusDays_int
654,org.joda.time.TestIllegalFieldValueException#testGJCutover
655,org.joda.time.TestDateTime_Properties#testPropertySetTextYear
656,org.joda.time.TestDateTime_Properties#testPropertySetTextDayOfMonth
657,org.joda.time.TestDateTime_Properties#testPropertyRoundHalfFloorHourOfDay
658,org.joda.time.TestDateTime_Properties#testPropertyRoundHalfCeilingHourOfDay
659,org.joda.time.TestDateTime_Properties#testPropertyAddWrapFieldMonthOfYear
660,org.joda.time.TestDateTime_Properties#testPropertyAddLongDayOfWeek
661,org.joda.time.TestDateTime_Basics#testPlusYears_int
662,org.joda.time.TestDateMidnight_Basics#testPlusWeeks_int
663,org.joda.time.TestDateMidnight_Basics#testPlusDays_int
664,org.joda.time.chrono.TestBuddhistChronology#testKeyYears
665,org.joda.time.TestYearMonth_Basics#testGetFields
666,org.joda.time.TestYearMonthDay_Basics#testWithChronologyRetainFields_sameChrono
667,org.joda.time.TestYearMonthDay_Basics#testGetFieldTypes
668,org.joda.time.TestTimeOfDay_Basics#testWithFieldAdded4
669,org.joda.time.TestTimeOfDay_Basics#testWithFieldAdded3
670,org.joda.time.TestTimeOfDay_Basics#testWithFieldAdded2
671,org.joda.time.TestTimeOfDay_Basics#testWithField2
672,org.joda.time.TestPartial_Basics#testWithField4
673,org.joda.time.TestPartial_Basics#testWith4
674,org.joda.time.TestPartial_Basics#testIsSupported
675,org.joda.time.TestParseISO#testSpecWeekExpandedYWD
676,org.joda.time.TestParseISO#testSpecWeekComplete
677,org.joda.time.TestMonthDay_Basics#testGetField
678,org.joda.time.TestLocalDate_Basics#testWithFieldAdded_DurationFieldType_int_1
679,org.joda.time.TestLocalDateTime_Basics#testWithTime
680,org.joda.time.TestLocalDateTime_Basics#testWithDate
681,org.joda.time.TestLocalDateTime_Basics#testToLocalDate
682,org.joda.time.TestLocalDateTime_Basics#testToDate_springDST_2Hour40Savings
683,org.joda.time.TestLocalDateTime_Basics#testToDate_springDST
684,org.joda.time.TestDateTime_Basics#testSerialization
685,org.joda.time.TestDateTime_Basics#testMinusMonths_int
686,org.joda.time.format.TestDateTimeFormat#testFormat_weekyearOfEra_twoDigit
687,org.joda.time.TestYearMonth_Basics#testGetField
688,org.joda.time.TestYearMonthDay_Basics#testGetFieldType
689,org.joda.time.TestYearMonthDay_Basics#testGet
690,org.joda.time.TestTimeOfDay_Basics#testWithChronologyRetainFields_sameChrono
691,org.joda.time.TestTimeOfDay_Basics#testGetValues
692,org.joda.time.TestTimeOfDay_Basics#testGetValue
693,org.joda.time.TestPartial_Basics#testWithFieldAdded4
694,org.joda.time.TestPartial_Basics#testWithFieldAddWrapped4
695,org.joda.time.TestParseISO#testSpecWeekReducedPrecision
696,org.joda.time.TestMonthDay_Basics#testIsSupported
697,org.joda.time.TestLocalTime_Basics#testWithFieldAdded_DurationFieldType_int_8
698,org.joda.time.TestLocalTime_Basics#testWithFieldAdded_DurationFieldType_int_7
699,org.joda.time.TestLocalDateTime_Basics#testWithFieldAdded_DurationFieldType_int_1
700,org.joda.time.TestDateTime_Properties#testPropertySetYear
701,org.joda.time.TestDateTime_Basics#testPlus_RD
702,org.joda.time.TestDateTime_Basics#testPlusMonths_int
703,org.joda.time.TestDateTime_Basics#testMinusWeeks_int
704,org.joda.time.TestDateTime_Basics#testMinusDays_int
705,org.joda.time.format.TestPeriodFormatter#testWithGetLocaleMethods
706,org.joda.time.TestYearMonth_Basics#testIsSupported
707,org.joda.time.TestYearMonth_Basics#testGet
708,org.joda.time.TestPartial_Basics#testWithChronologyRetainFields_sameChrono
709,org.joda.time.TestPartial_Basics#testGetValues
710,org.joda.time.TestPartial_Basics#testGetValue
711,org.joda.time.TestPartial_Basics#testGetFields
712,org.joda.time.TestMonthDay_Basics#testWithChronologyRetainFields_sameChrono
713,org.joda.time.TestMonthDay_Basics#testGetFieldTypes
714,org.joda.time.TestMonthDay_Basics#testGet
715,org.joda.time.TestLocalTime_Basics#testWithField_DateTimeFieldType_int_1
716,org.joda.time.TestLocalTime_Basics#testWithFieldAdded_DurationFieldType_int_6
717,org.joda.time.TestLocalTime_Basics#testWithFieldAdded_DurationFieldType_int_1
718,org.joda.time.TestLocalDate_Basics#testIsEqual_LocalDate
719,org.joda.time.TestLocalDate_Basics#testIsBefore_LocalDate
720,org.joda.time.TestLocalDate_Basics#testIsAfter_LocalDate
721,org.joda.time.TestLocalDateTime_Basics#testIsEqual_LocalDateTime
722,org.joda.time.TestLocalDateTime_Basics#testIsBefore_LocalDateTime
723,org.joda.time.TestLocalDateTime_Basics#testIsAfter_LocalDateTime
724,org.joda.time.TestDateTime_Properties#testPropertyRoundFloorHourOfDay
725,org.joda.time.TestDateTime_Properties#testPropertyRoundCeilingHourOfDay
726,org.joda.time.TestDateTime_Properties#testPropertyAddWeekOfWeekyear
727,org.joda.time.TestDateTime_Properties#testPropertyAddMonthOfYear
728,org.joda.time.TestDateTime_Properties#testPropertyAddDayOfYear
729,org.joda.time.TestDateTime_Properties#testPropertyAddDayOfWeek
730,org.joda.time.TestDateTime_Properties#testPropertyAddDayOfMonth
731,org.joda.time.TestDateTime_Basics#testPlusWeeks_int
732,org.joda.time.TestDateTime_Basics#testPlusDays_int
733,org.joda.time.TestDateTime_Basics#testMinus_RD
734,org.joda.time.TestYearMonth_Basics#testGetFieldTypes
735,org.joda.time.TestPartial_Basics#testGetField
736,org.joda.time.TestMonthDay_Basics#testGetFieldType
737,org.joda.time.TestLocalTime_Basics#testIsEqual_LocalTime
738,org.joda.time.TestLocalTime_Basics#testIsBefore_LocalTime
739,org.joda.time.TestLocalTime_Basics#testIsAfter_LocalTime
740,org.joda.time.TestLocalTime_Basics#testGet_DateTimeFieldType
741,org.joda.time.TestLocalDate_Basics#testWithField_DateTimeFieldType_int_1
742,org.joda.time.TestLocalDate_Basics#testToLocalDateTime_wrongChronologyLocalTime
743,org.joda.time.TestLocalDate_Basics#testToDate_springDST_2Hour40Savings
744,org.joda.time.TestLocalDate_Basics#testToDate_springDST
745,org.joda.time.TestLocalDate_Basics#testToDate_autumnDST
746,org.joda.time.TestLocalDate_Basics#testToDateTime_wrongChronoLocalTime_Zone
747,org.joda.time.TestDateTime_Basics#testWithDurationAdded_RD_int
748,org.joda.time.TestDateTime_Basics#testToDateTime_DateTimeZone
749,org.joda.time.TestDateTime_Basics#testMinusSeconds_int
750,org.joda.time.TestDateTime_Basics#testMinusMinutes_int
751,org.joda.time.TestDateTime_Basics#testMinusMillis_int
752,org.joda.time.TestDateTime_Basics#testMinusHours_int
753,org.joda.time.format.TestDateTimeFormatStyle#testForStyle_shortTime
754,org.joda.time.format.TestDateTimeFormatStyle#testForStyle_shortDate
755,org.joda.time.TestYearMonth_Basics#testWithChronologyRetainFields_sameChrono
756,org.joda.time.TestYearMonth_Basics#testGetFieldType
757,org.joda.time.TestPartial_Basics#testGetFieldTypes
758,org.joda.time.TestPartial_Basics#testGetFieldType
759,org.joda.time.TestLocalDate_Basics#testGetFields
760,org.joda.time.TestLocalDate_Basics#testGetFieldTypes
761,org.joda.time.TestLocalDateTime_Basics#testWithField_DateTimeFieldType_int_1
762,org.joda.time.TestLocalDateTime_Basics#testGet_DateTimeFieldType
763,org.joda.time.TestDateTime_Basics#testWithZone_DateTimeZone
764,org.joda.time.TestDateTime_Basics#testPlusSeconds_int
765,org.joda.time.TestDateTime_Basics#testPlusMinutes_int
766,org.joda.time.TestDateTime_Basics#testPlusMillis_int
767,org.joda.time.TestDateTime_Basics#testPlusHours_int
768,org.joda.time.TestPartial_Basics#testSize
769,org.joda.time.TestLocalDate_Basics#testIsSupported_DateTimeFieldType
770,org.joda.time.TestLocalDate_Basics#testGetValues
771,org.joda.time.TestLocalDateTime_Basics#testIsSupported_DurationFieldType
772,org.joda.time.TestLocalDateTime_Basics#testIsSupported_DateTimeFieldType
773,org.joda.time.TestLocalDateTime_Basics#testGetValues
774,org.joda.time.TestLocalDateTime_Basics#testGetFields
775,org.joda.time.TestLocalDateTime_Basics#testGetFieldTypes
776,org.joda.time.TestDateTime_Basics#testToMutableDateTime_DateTimeZone
777,org.joda.time.TestDateTime_Basics#testToGregorianCalendar
778,org.joda.time.TestDateTime_Basics#testToCalendar_Locale
779,org.joda.time.convert.TestReadableIntervalConverter#testSetIntoInterval_Object2
780,org.joda.time.TestYearMonthDay_Basics#testGetValues
781,org.joda.time.TestYearMonthDay_Basics#testGetValue
782,org.joda.time.TestLocalTime_Basics#testGetValues
783,org.joda.time.TestLocalDate_Basics#testWithField_DateTimeFieldType_int_4
784,org.joda.time.TestLocalDate_Basics#testGetField_int
785,org.joda.time.TestLocalDate_Basics#testGetFieldType_int
786,org.joda.time.TestDateTime_Basics#testToMutableDateTime_Chronology
787,org.joda.time.TestDateTime_Basics#testToDateTime_Chronology
788,org.joda.time.TestDateTime_Basics#testToDateTimeISO
789,org.joda.time.TestDateTime_Basics#testIsEqual_RI
790,org.joda.time.TestDateTime_Basics#testIsBefore_RI
791,org.joda.time.TestDateTime_Basics#testIsAfter_RI
792,org.joda.time.TestDateTime_Basics#testEqualsHashCode
793,org.joda.time.convert.TestReadableIntervalConverter#testSetIntoInterval_Object1
794,org.joda.time.TestYearMonth_Basics#testGetValues
795,org.joda.time.TestYearMonth_Basics#testGetValue
796,org.joda.time.TestYearMonthDay_Basics#testSize
797,org.joda.time.TestMonthDay_Basics#testGetValues
798,org.joda.time.TestMonthDay_Basics#testGetValue
799,org.joda.time.TestLocalTime_Basics#testWithField_DateTimeFieldType_int_4
800,org.joda.time.TestLocalTime_Basics#testGetFields
801,org.joda.time.TestLocalDate_Basics#testGetValue_int
802,org.joda.time.TestLocalDateTime_Basics#testWithField_DateTimeFieldType_int_3
803,org.joda.time.TestLocalDateTime_Basics#testSize
804,org.joda.time.TestLocalDateTime_Basics#testGetValue_int
805,org.joda.time.TestLocalDateTime_Basics#testGetField_int
806,org.joda.time.TestLocalDateTime_Basics#testGetFieldType_int
807,org.joda.time.TestInterval_Basics#testWithChronology1
808,org.joda.time.TestDateTime_Basics#testWithMillis_long
809,org.joda.time.TestDateTime_Basics#testWithChronology_Chronology
810,org.joda.time.TestDateTime_Basics#testPlus_long
811,org.joda.time.TestDateTime_Basics#testMinus_long
812,org.joda.time.TestYearMonth_Basics#testSize
813,org.joda.time.TestMonthDay_Basics#testSize
814,org.joda.time.TestLocalTime_Basics#testWithField_DateTimeFieldType_int_3
815,org.joda.time.TestLocalTime_Basics#testGetters
816,org.joda.time.TestLocalTime_Basics#testGetValue_int
817,org.joda.time.TestLocalDate_Basics#testWithField_DateTimeFieldType_int_3
818,org.joda.time.TestLocalDate_Basics#testWithFieldAdded_DurationFieldType_int_5
819,org.joda.time.TestDateTime_Basics#testWithDurationAdded_long_int
820,org.joda.time.TestDateTime_Basics#testToMutableDateTimeISO
821,org.joda.time.TestDateTime_Basics#testToMutableDateTime
822,org.joda.time.TestDateTime_Basics#testIsSupported_DateTimeFieldType
823,org.joda.time.TestDateTime_Basics#testIsEqualNow
824,org.joda.time.TestDateTime_Basics#testIsBeforeNow
825,org.joda.time.TestDateTime_Basics#testIsAfterNow
826,org.joda.time.TestLocalTime_Basics#testWithFieldAdded_DurationFieldType_int_5
827,org.joda.time.TestLocalTime_Basics#testGetField_int
828,org.joda.time.TestLocalDate_Basics#testSize
829,org.joda.time.chrono.TestBuddhistChronology#testDurationFields
830,org.joda.time.TestYearMonth_Constructors#testConstructor_ObjectString4
831,org.joda.time.TestPartial_Basics#testToString2
832,org.joda.time.TestMonthDay_Constructors#testConstructor_ObjectString4
833,org.joda.time.TestLocalTime_Constructors#testConstructor_nullDateTimeZone
834,org.joda.time.TestLocalTime_Constructors#testConstructor_DateTimeZone
835,org.joda.time.TestLocalTime_Basics#testGetFieldTypes
836,org.joda.time.TestLocalDate_Basics#testWithFieldAdded_DurationFieldType_int_4
837,org.joda.time.TestDateTime_Constructors#testConstructor_ObjectString3
838,org.joda.time.TestDateTime_Basics#testCompareTo
839,org.joda.time.format.TestDateTimeFormat#testFormatParse_textMonthApr_Korean
840,org.joda.time.convert.TestReadablePartialConverter#testGetChronology_Object_Chronology
841,org.joda.time.chrono.TestGJChronology#testSubtractDays
842,org.joda.time.TestParseISO#testSpecOrdinalExpandedYD
843,org.joda.time.TestParseISO#testSpecOrdinalComplete
844,org.joda.time.TestParseISO#testSpecExpandedCYMD
845,org.joda.time.TestParseISO#testSpecCompleteDate
846,org.joda.time.TestLocalTime_Basics#testWithFieldAdded_DurationFieldType_int_4
847,org.joda.time.TestLocalTime_Basics#testIsSupported_DateTimeFieldType
848,org.joda.time.TestLocalDate_Basics#testIsSupported_DurationFieldType
849,org.joda.time.TestDateTime_Basics#testToInstant
850,org.joda.time.TestDateTime_Basics#testToDate
851,org.joda.time.TestDateTime_Basics#testIsEqual_long
852,org.joda.time.TestDateTime_Basics#testIsBefore_long
853,org.joda.time.TestDateTime_Basics#testIsAfter_long
854,org.joda.time.TestYearMonth_Constructors#testConstructor_ObjectString3
855,org.joda.time.TestMonthDay_Constructors#testConstructor_ObjectString3
856,org.joda.time.TestLocalTime_Constructors#testConstructor_long_DateTimeZone_2
857,org.joda.time.TestLocalTime_Basics#testIsSupported_DurationFieldType
858,org.joda.time.TestLocalTime_Basics#testGetFieldType_int
859,org.joda.time.TestLocalDate_Basics#testToLocalDateTime_nullLocalTime
860,org.joda.time.TestLocalDateTime_Basics#testWithFieldAdded_DurationFieldType_int_3
861,org.joda.time.TestLocalDate_Basics#testWithField_DateTimeFieldType_int_2
862,org.joda.time.TestLocalDate_Basics#testWithFieldAdded_DurationFieldType_int_3
863,org.joda.time.TestLocalDate_Basics#testWithFieldAdded_DurationFieldType_int_2
864,org.joda.time.TestLocalDateTime_Constructors#testConstructor_DateTimeZone
865,org.joda.time.TestLocalDateTime_Basics#testWithField_DateTimeFieldType_int_2
866,org.joda.time.TestLocalDateTime_Basics#testWithFieldAdded_DurationFieldType_int_4
867,org.joda.time.TestLocalDateTime_Basics#testWithFieldAdded_DurationFieldType_int_2
868,org.joda.time.TestDateTime_Basics#testToDateTime
869,org.joda.time.format.TestDateTimeFormat#testFormat_year_twoDigit
870,org.joda.time.TestLocalTime_Basics#testWithField_DateTimeFieldType_int_2
871,org.joda.time.TestLocalTime_Basics#testWithFieldAdded_DurationFieldType_int_3
872,org.joda.time.TestLocalTime_Basics#testWithFieldAdded_DurationFieldType_int_2
873,org.joda.time.TestLocalTime_Basics#testSize
874,org.joda.time.format.TestDateTimeFormat#testFormat_yearOfEra_twoDigit
875,org.joda.time.convert.TestReadablePartialConverter#testGetChronology_Object_Zone
876,org.joda.time.TestParseISO#testSpecTimeFractionalHMS
877,org.joda.time.TestDateTimeUtils#testGetIntervalChronology_RI_RI
878,org.joda.time.TestYearMonth_Constructors#testConstructor_ObjectString2
879,org.joda.time.TestParseISO#testSpecTimeFractionalHM
880,org.joda.time.TestParseISO#testSpecTimeFractionalH
881,org.joda.time.TestParseISO#testSpecReducedPrecisionCYM
882,org.joda.time.TestParseISO#testSpecExpandedCYM
883,org.joda.time.TestMonthDay_Constructors#testConstructor_ObjectString2
884,org.joda.time.TestInterval_Constructors#testConstructor_Object5
885,org.joda.time.TestParseISO#testSpecWeekTruncatedYWD
886,org.joda.time.TestParseISO#testSpecWeekTruncatedYW
887,org.joda.time.TestLocalDate_Constructors#testConstructor_nullDateTimeZone
888,org.joda.time.TestLocalDate_Constructors#testConstructor_DateTimeZone
889,org.joda.time.TestDateTime_Constructors#testConstructor_ObjectString1
890,org.joda.time.format.TestISODateTimeFormatParsing#test_dateTimeParser
891,org.joda.time.TestYearMonthDay_Constructors#testConstructor_int_int_int
892,org.joda.time.TestParseISO#testSpecTimeReducedPrecisionHM
893,org.joda.time.TestMutableDateTime_Adds#testAdd_RP1
894,org.joda.time.format.TestISODateTimeFormatParsing#test_dateOptionalTimeParser
895,org.joda.time.TestMutableInterval_Constructors#testConstructor_Object5
896,org.joda.time.TestLocalDate_Constructors#testConstructor_long4_DateTimeZone
897,org.joda.time.TestLocalDate_Constructors#testConstructor_long3_DateTimeZone
898,org.joda.time.TestDateMidnight_Properties#testPropertyGetDayOfWeek
899,org.joda.time.chrono.TestBuddhistChronology#testWithZone
900,org.joda.time.chrono.TestBuddhistChronology#testToString
901,org.joda.time.chrono.TestBuddhistChronology#testTimeFields
902,org.joda.time.chrono.TestBuddhistChronology#testFactory
903,org.joda.time.chrono.TestBuddhistChronology#testDateFields
904,org.joda.time.TestParseISO#testSpecReducedPrecisionCY
905,org.joda.time.TestParseISO#testSpecExpandedCY
906,org.joda.time.TestDateTimeComparator#testWOW
907,org.joda.time.chrono.TestBuddhistChronology#testWithUTC
908,org.joda.time.chrono.TestBuddhistChronology#testFactory_Zone
909,org.joda.time.TestYearMonthDay_Constructors#testConstructor_nullChronology
910,org.joda.time.TestYearMonthDay_Constructors#testConstructor
911,org.joda.time.TestParseISO#testSpecTimeReducedPrecisionH
912,org.joda.time.TestDateTime_Properties#testPropertyGetDayOfWeek
913,org.joda.time.TestDateTimeComparator#testWOYY
914,org.joda.time.TestDateTimeComparator#testListWOW
915,org.joda.time.chrono.TestBuddhistChronology#testEquality
916,org.joda.time.TestYearMonthDay_Constructors#testFactory_FromDateFields
917,org.joda.time.TestYearMonthDay_Constructors#testFactory_FromCalendarFields
918,org.joda.time.TestDateTimeComparator#testListYOYY
919,org.joda.time.TestYearMonthDay_Constructors#testConstructor_long2
920,org.joda.time.TestYearMonthDay_Constructors#testConstructor_long1
921,org.joda.time.TestYearMonthDay_Constructors#testConstructor_int_int_int_nullChronology
922,org.joda.time.TestYearMonthDay_Constructors#testConstructor_int_int_int_Chronology
923,org.joda.time.convert.TestReadableIntervalConverter#testSetIntoInterval_Object3
924,org.joda.time.TestYearMonthDay_Constructors#testConstructor_long_nullChronology
925,org.joda.time.TestYearMonthDay_Constructors#testConstructor_Chronology
926,org.joda.time.TestDateMidnight_Properties#testPropertyGetMonthOfYear
927,org.joda.time.convert.TestReadableIntervalConverter#testSetIntoInterval_Object4
928,org.joda.time.chrono.TestGJChronology#testToString
929,org.joda.time.TestSerialization#testSerializedBuddhistChronology
930,org.joda.time.TestDateTime_Constructors#testConstructor_ObjectString6
931,org.joda.time.format.TestISODateTimeFormatParsing#test_dateElementParser
932,org.joda.time.convert.TestCalendarConverter#testGetChronology_Object_nullChronology
933,org.joda.time.chrono.TestISOChronology#testCutoverAddYears
934,org.joda.time.TestMonthDay_Constructors#testConstructor_ObjectString1
935,org.joda.time.TestDateTime_Properties#testPropertyGetMonthOfYear
936,org.joda.time.TestDateTimeComparator#testSecond
937,org.joda.time.TestDateTimeComparator#testMonth
938,org.joda.time.TestDateTimeComparator#testMinute
939,org.joda.time.TestDateTimeComparator#testListDOY
940,org.joda.time.TestDateTimeComparator#testListDOW
941,org.joda.time.TestDateTimeComparator#testHour
942,org.joda.time.TestDateTimeComparator#testDOY
943,org.joda.time.TestDateTimeComparator#testDOW
944,org.joda.time.TestDateTimeComparator#testDOM
945,org.joda.time.format.TestDateTimeFormat#testFormat_era
946,org.joda.time.convert.TestCalendarConverter#testGetChronology_Object_Zone
947,org.joda.time.TestYearMonthDay_Constructors#testConstructor_long2_Chronology
948,org.joda.time.TestYearMonthDay_Constructors#testConstructor_long1_Chronology
949,org.joda.time.TestParseISO#testSpecTruncatedYMD
950,org.joda.time.TestParseISO#testSpecOrdinalTruncatedYD
951,org.joda.time.TestDateTime_Constructors#testConstructor_ObjectString5
952,org.joda.time.TestDateTimeComparator#testYear
953,org.joda.time.TestDateTimeComparator#testListTime
954,org.joda.time.TestDateTimeComparator#testListSecond
955,org.joda.time.TestDateTimeComparator#testListMonth
956,org.joda.time.TestDateTimeComparator#testListMinute
957,org.joda.time.TestDateTimeComparator#testListHour
958,org.joda.time.TestDateTimeComparator#testListDate
959,org.joda.time.TestDateTimeComparator#testListDOM
960,org.joda.time.format.TestDateTimeFormatStyle#testForStyle_shortMediumDateTime
961,org.joda.time.TestYearMonth_Constructors#testConstructor_ObjectString1
962,org.joda.time.TestDateTimeComparator#testListYear
963,org.joda.time.TestMutableDateTime_Properties#testPropertySetTextDayOfWeek
964,org.joda.time.chrono.TestGJChronology#testMaximumValue
965,org.joda.time.TestDateTime_Constructors#testConstructor_ObjectString7
966,org.joda.time.TestDateTimeComparator#testInvalidObj
967,org.joda.time.TestDateMidnight_Properties#testPropertyGetDayOfMonth
968,org.joda.time.TestParseISO#testSpecTruncatedYM
969,org.joda.time.TestMutableDateTime_Properties#testPropertyAddWrapFieldWeekOfWeekyear
970,org.joda.time.TestLocalTime_Constructors#testConstructor_nullChronology
971,org.joda.time.TestLocalTime_Constructors#testConstructor
972,org.joda.time.TestInterval_Basics#testToPeriod_PeriodType1
973,org.joda.time.TestInterval_Basics#testToPeriod
974,org.joda.time.TestDateTimeUtils#testGetIntervalChronology_RInterval
975,org.joda.time.TestDateTimeComparator#testListBasic
976,org.joda.time.TestMutableDateTime_Properties#testPropertySetTextMonthOfYear
977,org.joda.time.TestMutableDateTime_Basics#testToString_String_String
978,org.joda.time.TestMonthDay_Constructors#testConstructor_ObjectString5
979,org.joda.time.TestDateTimeUtils#testGetInstantChronology_RI
980,org.joda.time.chrono.TestISOChronology#testAddMonths
981,org.joda.time.TestMutableDateTime_Properties#testPropertyAddWrapFieldDayOfYear
982,org.joda.time.TestLocalTime_Constructors#testFactoryMillisOfDay_long
983,org.joda.time.TestLocalTime_Constructors#testConstructor_long2
984,org.joda.time.TestLocalTime_Constructors#testConstructor_long1
985,org.joda.time.TestDateTime_Properties#testPropertyGetDayOfMonth
986,org.joda.time.TestDateMidnight_Properties#testPropertyEqualsHashCodeLenient
987,org.joda.time.TestMutableDateTime_Adds#testAddWeekyears_int1
988,org.joda.time.TestLocalTime_Constructors#testFactoryMillisOfDay_long_nullChronology
989,org.joda.time.TestLocalTime_Constructors#testConstructor_long_nullDateTimeZone
990,org.joda.time.TestLocalTime_Constructors#testConstructor_long_nullChronology
991,org.joda.time.TestLocalTime_Constructors#testConstructor_long_DateTimeZone
992,org.joda.time.TestLocalTime_Constructors#testConstructor_Chronology
993,org.joda.time.TestLocalDateTime_Constructors#testConstructor_nullChronology
994,org.joda.time.TestLocalDateTime_Constructors#testConstructor
995,org.joda.time.TestDateTimeComparator#testBasicComps5
996,org.joda.time.chrono.TestISOChronology#testMinYear
997,org.joda.time.TestYearMonth_Constructors#testConstructor_ObjectString5
998,org.joda.time.TestTimeOfDay_Constructors#testConstructor_todObject
999,org.joda.time.TestParseISO#testSpecTruncatedY
1000,org.joda.time.TestParseISO#testSpecReducedPrecisionC
1001,org.joda.time.TestParseISO#testSpecOrdinalTruncatedD
1002,org.joda.time.TestMutableInterval_Basics#testToPeriod_PeriodType1
1003,org.joda.time.TestMutableInterval_Basics#testToPeriod
1004,org.joda.time.TestMutableDateTime_Sets#testSetWeekyear_int1
1005,org.joda.time.TestMutableDateTime_Properties#testPropertySetTextWeekOfWeekyear
1006,org.joda.time.TestLocalDateTime_Constructors#testConstructor_nullDateTimeZone
1007,org.joda.time.format.TestISODateTimeFormatParsing#test_dateParser
1008,org.joda.time.format.TestDateTimeFormatStyle#testForStyle_mediumDateTime
1009,org.joda.time.convert.TestReadablePartialConverter#testToString
1010,org.joda.time.TestParseISO#testSpecTimeComplete
1011,org.joda.time.TestMutableDateTime_Sets#testSetMillis_RI2
1012,org.joda.time.TestMutableDateTime_Properties#testPropertySetTextDayOfYear
1013,org.joda.time.TestMutableDateTime_Properties#testPropertyAddWrapFieldDayOfWeek
1014,org.joda.time.TestLocalTime_Constructors#testConstructor_int_int_int
1015,org.joda.time.TestLocalTime_Constructors#testConstructor_int_int
1016,org.joda.time.TestLocalDateTime_Constructors#testConstructor_long2
1017,org.joda.time.TestLocalDateTime_Constructors#testConstructor_long1
1018,org.joda.time.convert.TestReadablePartialConverter#testSupportedType
1019,org.joda.time.chrono.TestISOChronology#testMaxYear
1020,org.joda.time.TestMutableDateTime_Properties#testPropertySetWeekOfWeekyear
1021,org.joda.time.TestLocalTime_Constructors#testFactoryMillisOfDay_long_Chronology
1022,org.joda.time.TestLocalTime_Constructors#testConstructor_long2_Chronology
1023,org.joda.time.TestLocalTime_Constructors#testConstructor_long1_Chronology
1024,org.joda.time.TestLocalTime_Constructors#testConstructor_int_int_int_int_Chronology
1025,org.joda.time.TestLocalTime_Constructors#testConstructor_int_int_int_int
1026,org.joda.time.TestLocalDateTime_Constructors#testConstructor_long_nullDateTimeZone
1027,org.joda.time.TestLocalDateTime_Constructors#testConstructor_long_nullChronology
1028,org.joda.time.TestLocalDateTime_Constructors#testConstructor_long2_DateTimeZone
1029,org.joda.time.TestLocalDateTime_Constructors#testConstructor_long1_DateTimeZone
1030,org.joda.time.TestLocalDateTime_Constructors#testConstructor_int_int_int_int_int_int_int
1031,org.joda.time.TestInterval_Basics#testWithPeriodBeforeEnd1
1032,org.joda.time.TestInterval_Basics#testWithPeriodAfterStart1
1033,org.joda.time.TestDateTimeUtils#testTest
1034,org.joda.time.format.TestDateTimeFormatStyle#testForStyle_mediumShortDateTime
1035,org.joda.time.chrono.TestLenientChronology#test_lenientChrononolgy_Chicago
1036,org.joda.time.TestPeriod_Constructors#testConstructor_long_long_PeriodType_Chronology1
1037,org.joda.time.TestPeriod_Constructors#testConstructor_long_long_Chronology1
1038,org.joda.time.TestMutableDateTime_Sets#testSetMillis_RI1
1039,org.joda.time.TestMutableDateTime_Properties#testPropertySetDayOfYear
1040,org.joda.time.TestMutableDateTime_Properties#testPropertyAddWrapFieldDayOfMonth
1041,org.joda.time.TestLocalTime_Constructors#testConstructor_int_int_int_int_nullChronology
1042,org.joda.time.TestLocalDate_Constructors#testConstructor_nullChronology
1043,org.joda.time.TestLocalDate_Constructors#testConstructor
1044,org.joda.time.TestLocalDateTime_Constructors#testConstructor_Chronology
1045,org.joda.time.TestInterval_Basics#testToPeriod_PeriodType2
1046,org.joda.time.TestDateTimeUtils#testGetChronology_Chronology
1047,org.joda.time.TestDateMidnight_Properties#testPropertyGetWeekOfWeekyear
1048,org.joda.time.format.TestISODateTimeFormat#testFormat_weekDateTime
1049,org.joda.time.format.TestDateTimeFormat#testFormatParse_textAdjoiningMonthDOW_UK
1050,org.joda.time.TestMutableDateTime_Properties#testPropertySetDayOfWeek
1051,org.joda.time.TestMutableDateTime_Properties#testPropertyRoundHalfEvenHourOfDay
1052,org.joda.time.TestLocalDateTime_Constructors#testConstructor_int_int_int_Chronology
1053,org.joda.time.TestDateTime_Properties#testPropertyEqualsHashCodeLenient
1054,org.joda.time.TestDateMidnight_Properties#testPropertyGetEra
1055,org.joda.time.TestDateMidnight_Properties#testPropertyGetDayOfYear
1056,org.joda.time.format.TestDateTimeFormat#testFormatParse_textMonthJanShort_UK
1057,org.joda.time.format.TestDateTimeFormat#testFormatParse_textMonthJanShort_France
1058,org.joda.time.format.TestDateTimeFormat#testFormatParse_textMonthApr_France
1059,org.joda.time.convert.TestReadablePartialConverter#testSingleton
1060,org.joda.time.TestMutableDateTime_Sets#testSetWeekOfWeekyear_int2
1061,org.joda.time.TestMutableDateTime_Sets#testSetWeekOfWeekyear_int1
1062,org.joda.time.TestLocalTime_Constructors#testConstantMidnight
1063,org.joda.time.TestLocalDate_Constructors#testConstructor_long2
1064,org.joda.time.TestLocalDate_Constructors#testConstructor_long1
1065,org.joda.time.TestLocalDateTime_Constructors#testConstructor_int_int_int_int_int_int
1066,org.joda.time.TestLocalDateTime_Constructors#testConstructor_int_int_int_int_int
1067,org.joda.time.TestDateTime_Properties#testPropertyGetEra
1068,org.joda.time.TestMutableInterval_Basics#testToPeriod_PeriodType2
1069,org.joda.time.TestMutableDateTime_Sets#testSetDayOfYear_int1
1070,org.joda.time.TestMutableDateTime_Properties#testPropertySetTextYear
1071,org.joda.time.TestMutableDateTime_Properties#testPropertySetTextDayOfMonth
1072,org.joda.time.TestMutableDateTime_Properties#testPropertyRoundHalfFloorHourOfDay
1073,org.joda.time.TestMutableDateTime_Properties#testPropertyRoundHalfCeilingHourOfDay
1074,org.joda.time.TestMutableDateTime_Properties#testPropertyAddWrapFieldYear
1075,org.joda.time.TestMutableDateTime_Properties#testPropertyAddWrapFieldMonthOfYear
1076,org.joda.time.TestMutableDateTime_Properties#testPropertyAddLongDayOfWeek
1077,org.joda.time.TestMutableDateTime_Basics#testRounding5
1078,org.joda.time.TestLocalDate_Constructors#testConstructor_long_nullDateTimeZone
1079,org.joda.time.TestLocalDate_Constructors#testConstructor_long_nullChronology
1080,org.joda.time.TestLocalDate_Constructors#testConstructor_long2_DateTimeZone
1081,org.joda.time.TestLocalDate_Constructors#testConstructor_long1_DateTimeZone
1082,org.joda.time.TestLocalDateTime_Constructors#testConstructor_long2_Chronology
1083,org.joda.time.TestLocalDateTime_Constructors#testConstructor_long1_Chronology
1084,org.joda.time.TestDateTime_Properties#testPropertyGetWeekOfWeekyear
1085,org.joda.time.TestDateMidnight_Properties#testPropertyGetYear
1086,org.joda.time.chrono.TestEthiopicChronology#testSampleDate
1087,org.joda.time.chrono.TestCopticChronology#testSampleDate
1088,org.joda.time.TestMutableDateTime_Sets#testSetDayOfYear_int2
1089,org.joda.time.TestMutableDateTime_Sets#testSetDayOfWeek_int1
1090,org.joda.time.TestLocalDate_Constructors#testConstructor_Chronology
1091,org.joda.time.TestDateTime_Properties#testPropertyGetDayOfYear
1092,org.joda.time.TestMutableDateTime_Sets#testSetDayOfWeek_int2
1093,org.joda.time.TestMutableDateTime_Properties#testPropertySetYear
1094,org.joda.time.TestMutableDateTime_Properties#testPropertySetMonthOfYear
1095,org.joda.time.TestMutableDateTime_Properties#testPropertySetDayOfMonth
1096,org.joda.time.TestMutableDateTime_Basics#testRounding4
1097,org.joda.time.TestMutableDateTime_Basics#testRounding3
1098,org.joda.time.TestLocalDateTime_Constructors#testConstructor_int_int_int_nullChronology
1099,org.joda.time.TestDateTimeZoneCutover#test_DateTime_setHourForward_Moscow_Spring
1100,org.joda.time.TestDateTimeZoneCutover#test_DateTime_setHourBack_Moscow_Spring
1101,org.joda.time.TestDateTimeZoneCutover#test_DateTime_parse_Turk
1102,org.joda.time.TestDateTimeZoneCutover#test_DateTime_parse_Gaza
1103,org.joda.time.TestMutableDateTime_Properties#testPropertyRoundFloorHourOfDay
1104,org.joda.time.TestMutableDateTime_Properties#testPropertyRoundCeilingHourOfDay
1105,org.joda.time.TestMutableDateTime_Properties#testPropertyAddYear
1106,org.joda.time.TestMutableDateTime_Properties#testPropertyAddWeekOfWeekyear
1107,org.joda.time.TestMutableDateTime_Properties#testPropertyAddMonthOfYear
1108,org.joda.time.TestMutableDateTime_Properties#testPropertyAddDayOfYear
1109,org.joda.time.TestMutableDateTime_Properties#testPropertyAddDayOfWeek
1110,org.joda.time.TestMutableDateTime_Properties#testPropertyAddDayOfMonth
1111,org.joda.time.TestLocalTime_Constructors#testFactory_FromDateFields_before1970
1112,org.joda.time.TestLocalTime_Constructors#testFactory_FromDateFields_after1970
1113,org.joda.time.TestLocalTime_Constructors#testFactory_FromCalendarFields_Calendar
1114,org.joda.time.TestDateTime_Properties#testPropertyGetYear
1115,org.joda.time.format.TestISODateTimeFormatParsing#test_weekDate
1116,org.joda.time.TestMutableDateTime_Basics#testRounding1
1117,org.joda.time.TestLocalDate_Constructors#testConstructor_long2_Chronology
1118,org.joda.time.TestLocalDate_Constructors#testConstructor_long1_Chronology
1119,org.joda.time.TestInterval_Basics#testEqualsHashCode
1120,org.joda.time.format.TestDateTimeFormat#testFormatParse_textMonthAtEnd_France
1121,org.joda.time.TestMutablePeriod_Constructors#testConstructor_long_long_PeriodType_Chronology1
1122,org.joda.time.TestMutablePeriod_Constructors#testConstructor_long_long_Chronology1
1123,org.joda.time.TestMutableDateTime_Sets#testSetYear_int1
1124,org.joda.time.TestMutableDateTime_Sets#testSetSecondOfMinute_int1
1125,org.joda.time.TestMutableDateTime_Sets#testSetSecondOfDay_int1
1126,org.joda.time.TestMutableDateTime_Sets#testSetMonthOfYear_int1
1127,org.joda.time.TestMutableDateTime_Sets#testSetMinuteOfHour_int1
1128,org.joda.time.TestMutableDateTime_Sets#testSetMinuteOfDay_int1
1129,org.joda.time.TestMutableDateTime_Sets#testSetMilliOfSecond_int1
1130,org.joda.time.TestMutableDateTime_Sets#testSetMilliOfDay_int1
1131,org.joda.time.TestMutableDateTime_Sets#testSetHourOfDay_int1
1132,org.joda.time.TestMutableDateTime_Sets#testSetDayOfMonth_int2
1133,org.joda.time.TestMutableDateTime_Sets#testSetDayOfMonth_int1
1134,org.joda.time.TestMutableDateTime_Basics#testRounding2
1135,org.joda.time.TestMutableDateTime_Adds#testAddYears_int1
1136,org.joda.time.TestMutableDateTime_Adds#testAddMonths_int1
1137,org.joda.time.TestLocalTime_Constructors#testFactory_FromDateFields_null
1138,org.joda.time.TestDateMidnight_Properties#testPropertyGetWeekyear
1139,org.joda.time.format.TestISODateTimeFormatParsing#test_localDateOptionalTimeParser
1140,org.joda.time.chrono.TestBuddhistChronology#testCalendar
1141,org.joda.time.TestMutableInterval_Basics#testEqualsHashCode
1142,org.joda.time.TestMutableDateTime_Sets#testSetSecondOfMinute_int2
1143,org.joda.time.TestMutableDateTime_Sets#testSetSecondOfDay_int2
1144,org.joda.time.TestMutableDateTime_Sets#testSetMonthOfYear_int2
1145,org.joda.time.TestMutableDateTime_Sets#testSetMinuteOfHour_int2
1146,org.joda.time.TestMutableDateTime_Sets#testSetMinuteOfDay_int2
1147,org.joda.time.TestMutableDateTime_Sets#testSetMilliOfSecond_int2
1148,org.joda.time.TestMutableDateTime_Sets#testSetMilliOfDay_int2
1149,org.joda.time.TestMutableDateTime_Sets#testSetHourOfDay_int2
1150,org.joda.time.TestMutableDateTime_Adds#testAddWeeks_int1
1151,org.joda.time.TestMutableDateTime_Adds#testAddDays_int1
1152,org.joda.time.TestLocalDateTime_Constructors#testFactory_FromDateFields
1153,org.joda.time.TestLocalDateTime_Constructors#testFactory_FromCalendarFields
1154,org.joda.time.TestInterval_Constructors#testConstructor_RI_RI_chronoStart
1155,org.joda.time.format.TestDateTimeFormatStyle#testForStyle_fullDate
1156,org.joda.time.format.TestDateTimeFormat#testFormatParse_textAdjoiningHelloWorld_UK
1157,org.joda.time.TestMutableInterval_Constructors#testConstructor_RI_RI8
1158,org.joda.time.TestMutableDateTime_Basics#testRounding6
1159,org.joda.time.TestMutableDateTime_Adds#testAddSeconds_int1
1160,org.joda.time.TestMutableDateTime_Adds#testAddMinutes_int1
1161,org.joda.time.TestMutableDateTime_Adds#testAddMillis_int1
1162,org.joda.time.TestMutableDateTime_Adds#testAddHours_int1
1163,org.joda.time.TestLocalDate_Constructors#testConstructor_int_int_int
1164,org.joda.time.TestDateMidnight_Properties#testPropertyGetCenturyOfEra
1165,org.joda.time.format.TestISODateTimeFormat#testFormat_weekDateTimeNoMillis
1166,org.joda.time.format.TestDateTimeFormat#testFormatParse_textHalfdayAM_UK
1167,org.joda.time.format.TestDateTimeFormat#testFormatParse_textHalfdayAM_France
1168,org.joda.time.TestInterval_Constructors#testConstructor_RI_RI_chronoEnd
1169,org.joda.time.TestInterval_Basics#testToString
1170,org.joda.time.TestDateTime_Properties#testPropertyGetWeekyear
1171,org.joda.time.TestDateMidnight_Properties#testPropertyGetYearOfCentury
1172,org.joda.time.chrono.TestBuddhistChronology#testEpoch
1173,org.joda.time.TestParseISO#testSpecWeekTruncatedWD
1174,org.joda.time.TestParseISO#testSpecWeekTruncatedW
1175,org.joda.time.TestParseISO#testSpecWeekTruncatedD
1176,org.joda.time.TestParseISO#testSpecTruncatedMD
1177,org.joda.time.TestParseISO#testSpecTruncatedM
1178,org.joda.time.TestParseISO#testSpecTruncatedD
1179,org.joda.time.TestMutableInterval_Constructors#testConstructor_RI_RI9
1180,org.joda.time.TestLocalDate_Constructors#testConstructor_int_int_int_nullChronology
1181,org.joda.time.TestInterval_Basics#testTest
1182,org.joda.time.TestDateMidnight_Properties#testPropertyGetYearOfEra
1183,org.joda.time.format.TestDateTimeFormatStyle#testForStyle_mediumDate
1184,org.joda.time.format.TestDateTimeFormatStyle#testForStyle_longDate
1185,org.joda.time.convert.TestNullConverter#testSetInto_Object_Chronology2
1186,org.joda.time.TestLocalDate_Constructors#testConstructor_int_int_int_Chronology
1187,org.joda.time.TestInterval_Constructors#testConstructor_long_long_Chronology
1188,org.joda.time.TestDateTime_Properties#testPropertyGetCenturyOfEra
1189,org.joda.time.TestDateTimeUtils#testIsContiguous_RP_GJChronology
1190,org.joda.time.format.TestISODateTimeFormat#testFormat_dateTime
1191,org.joda.time.format.TestDateTimeFormatStyle#testForStyle_mediumTime
1192,org.joda.time.TestTimeOfDay_Constructors#testConstructor_ObjectString4
1193,org.joda.time.TestTimeOfDay_Constructors#testConstructor_ObjectString2
1194,org.joda.time.TestMutableInterval_Constructors#testConstructor_long_long_Chronology1
1195,org.joda.time.TestMutableInterval_Basics#testToString
1196,org.joda.time.TestMutableDateTime_Basics#testToString_DTFormatter
1197,org.joda.time.TestDateTime_Properties#testPropertyGetYearOfCentury
1198,org.joda.time.TestDateTimeZoneCutover#test_DateTime_setHourAcross_Moscow_Spring
1199,org.joda.time.TestDateTimeZoneCutover#test_DateTime_roundFloor_secondOfMinute_NewYork_Autumn_postCutover
1200,org.joda.time.TestDateTimeZoneCutover#test_DateTime_roundFloor_day_NewYork_Autumn_postCutover
1201,org.joda.time.TestDateTimeZoneCutover#test_DateTime_roundCeiling_secondOfMinute_NewYork_Autumn_postCutover
1202,org.joda.time.TestDateTimeZoneCutover#test_DateTime_roundCeiling_day_NewYork_Autumn_postCutover
1203,org.joda.time.TestDateTime_Properties#testPropertyGetYearOfEra
1204,org.joda.time.TestDateTimeZoneCutover#test_DateTime_roundFloor_minuteOfHour_NewYork_Autumn_postCutover
1205,org.joda.time.TestDateTimeZoneCutover#test_DateTime_roundFloor_hourOfDay_NewYork_Autumn_postCutover
1206,org.joda.time.TestDateTimeZoneCutover#test_DateTime_roundCeiling_minuteOfHour_NewYork_Autumn_postCutover
1207,org.joda.time.TestDateTimeZoneCutover#test_DateTime_roundCeiling_hourOfDay_NewYork_Autumn_postCutover
1208,org.joda.time.chrono.TestIslamicChronology#testSampleDate1
1209,org.joda.time.chrono.TestBuddhistChronology#testEra
1210,org.joda.time.TestTimeOfDay_Constructors#testConstructor_ObjectString3
1211,org.joda.time.TestTimeOfDay_Constructors#testConstructor_ObjectString1
1212,org.joda.time.TestLocalDate_Constructors#testFactory_FromDateFields
1213,org.joda.time.TestLocalDate_Constructors#testFactory_FromCalendarFields
1214,org.joda.time.TestDateTime_Properties#testPropertyGetSecondOfMinute
1215,org.joda.time.TestDateTime_Properties#testPropertyGetSecondOfDay
1216,org.joda.time.TestDateTime_Properties#testPropertyGetMinuteOfHour
1217,org.joda.time.TestDateTime_Properties#testPropertyGetMinuteOfDay
1218,org.joda.time.TestDateTime_Properties#testPropertyGetMillisOfSecond
1219,org.joda.time.TestDateTime_Properties#testPropertyGetMillisOfDay
1220,org.joda.time.TestDateTime_Properties#testPropertyGetHourOfDay
1221,org.joda.time.TestDateTime_Properties#testPropertyCompareToYear2
1222,org.joda.time.format.TestISODateTimeFormat#testFormat_ordinalDateTime
1223,org.joda.time.format.TestDateTimeFormat#testFormatParse_textEraBC_France
1224,org.joda.time.format.TestDateTimeFormat#testFormatParse_textEraAD_UK
1225,org.joda.time.format.TestDateTimeFormat#testFormatParse_textEraAD_France
1226,org.joda.time.TestDateTimeZoneCutover#test_DateTime_roundFloor_secondOfMinute_NewYork_Autumn_preCutover
1227,org.joda.time.TestDateTimeZoneCutover#test_DateTime_roundFloor_day_NewYork_Autumn_preCutover
1228,org.joda.time.TestDateTimeZoneCutover#test_DateTime_roundCeiling_secondOfMinute_NewYork_Autumn_preCutover
1229,org.joda.time.TestDateTimeZoneCutover#test_DateTime_roundCeiling_day_NewYork_Autumn_preCutover
1230,org.joda.time.chrono.TestBuddhistChronology#testFactoryUTC
1231,org.joda.time.TestMutableDateTime_Basics#testToString_String
1232,org.joda.time.TestDateTimeZoneCutover#test_DateTime_roundFloor_minuteOfHour_NewYork_Autumn_preCutover
1233,org.joda.time.TestDateTimeZoneCutover#test_DateTime_roundFloor_hourOfDay_NewYork_Autumn_preCutover
1234,org.joda.time.TestDateTimeZoneCutover#test_DateTime_roundCeiling_minuteOfHour_NewYork_Autumn_preCutover
1235,org.joda.time.TestDateTimeZoneCutover#test_DateTime_roundCeiling_hourOfDay_NewYork_Autumn_preCutover
1236,org.joda.time.TestDateTimeZoneCutover#test_DateTime_minusHour_Moscow_Autumn
1237,org.joda.time.TestDateMidnight_Properties#testPropertyEqualsHashCodeStrict
1238,org.joda.time.format.TestDateTimeFormat#testFormat_dayOfWeekText
1239,org.joda.time.format.TestDateTimeFormat#testFormat_dayOfWeekShortText
1240,org.joda.time.TestTimeOfDay_Constructors#testConstructor_ObjectString5
1241,org.joda.time.TestTimeOfDay_Constructors#testConstructor2_Object_Chronology
1242,org.joda.time.TestDateTimeZoneCutover#test_DateTime_plusHour_Moscow_Autumn
1243,org.joda.time.TestDateTimeZone#testIsLocalDateTimeGap_Berlin
1244,org.joda.time.TestDateMidnight_Properties#testPropertySetTextMonthOfYear
1245,org.joda.time.TestDateTime_Properties#testPropertyEqualsHashCodeYear
1246,org.joda.time.TestDateTimeZone#testIsLocalDateTimeGap_NewYork
1247,org.joda.time.TestDateMidnight_Properties#testPropertyToIntervalYearOfCentury
1248,org.joda.time.TestDateMidnight_Properties#testPropertySetTextLocaleMonthOfYear
1249,org.joda.time.format.TestDateTimeFormat#testFormat_monthOfYearText
1250,org.joda.time.format.TestDateTimeFormat#testFormat_monthOfYearShortText
1251,org.joda.time.format.TestDateTimeFormat#testFormat_halfdayOfDay
1252,org.joda.time.chrono.TestEthiopicChronology#testSampleDateWithZone
1253,org.joda.time.chrono.TestCopticChronology#testSampleDateWithZone
1254,org.joda.time.TestMutableInterval_Basics#testTest
1255,org.joda.time.TestDateTime_Properties#testTest
1256,org.joda.time.TestDateTimeZoneCutover#test_DateTime_minusHour_NewYork_Autumn
1257,org.joda.time.TestDateMidnight_Properties#testTest
1258,org.joda.time.TestDateMidnight_Properties#testPropertyToIntervalYearOfEra
1259,org.joda.time.format.TestISODateTimeFormat#testFormat_dateHourMinuteSecondFraction
1260,org.joda.time.convert.TestDateConverter#testGetPartialValues
1261,org.joda.time.TestTimeOfDay_Constructors#testConstructor_ObjectString6
1262,org.joda.time.TestParseISO#testSpecTimeTruncatedS
1263,org.joda.time.TestParseISO#testSpecTimeTruncatedMS
1264,org.joda.time.TestParseISO#testSpecTimeTruncatedM
1265,org.joda.time.TestParseISO#testSpecTimeTruncatedFractionS
1266,org.joda.time.TestParseISO#testSpecTimeTruncatedFractionMS
1267,org.joda.time.TestParseISO#testSpecTimeTruncatedFractionM
1268,org.joda.time.TestMutableDateTime_Basics#testToString
1269,org.joda.time.TestDateTime_Properties#testPropertyToIntervalYearOfCentury
1270,org.joda.time.TestDateTimeZoneCutover#test_DateTime_plusHour_NewYork_Autumn
1271,org.joda.time.TestDateMidnight_Properties#testPropertyToIntervalMonthOfYear
1272,org.joda.time.format.TestISODateTimeFormatParsing#test_basicWeekDate
1273,org.joda.time.format.TestISODateTimeFormat#testFormat_dateHourMinuteSecondMillis
1274,org.joda.time.TestInterval_Basics#testWithPeriodBeforeEnd3
1275,org.joda.time.TestInterval_Basics#testWithPeriodAfterStart3
1276,org.joda.time.TestDateTime_Properties#testPropertyToIntervalYearOfEra
1277,org.joda.time.TestDateMidnight_Properties#testPropertyToIntervalYear
1278,org.joda.time.format.TestISODateTimeFormat#testFormat_dateTimeNoMillis
1279,org.joda.time.format.TestISODateTimeFormat#testFormat_basicWeekDateTime
1280,org.joda.time.TestDateTime_Properties#testPropertyToIntervalMonthOfYear
1281,org.joda.time.TestDateTime_Properties#testPropertyEqualsHashCodeStrict
1282,org.joda.time.TestDateTimeZoneCutover#test_getOffsetFromLocal_Moscow_Spring
1283,org.joda.time.TestDateMidnight_Properties#testPropertyToIntervalDayOfMonth
1284,org.joda.time.format.TestDateTimeFormat#testParse_textMonthJanLong_UK
1285,org.joda.time.format.TestDateTimeFormat#testFormat_shortBasicParse
1286,org.joda.time.format.TestDateTimeFormat#testFormatParse_textMonthJanShortUpperCase_UK
1287,org.joda.time.format.TestDateTimeFormat#testFormatParse_textMonthJanShortLowerCase_UK
1288,org.joda.time.format.TestDateTimeFormat#testFormatParse_textMonthJanLong_France
1289,org.joda.time.format.TestDateTimeFormat#testFormatParse_textMonthJanLongUpperCase_UK
1290,org.joda.time.format.TestDateTimeFormat#testFormatParse_textMonthJanLongLowerCase_UK
1291,org.joda.time.TestDateTime_Properties#testPropertyToIntervalYear
1292,org.joda.time.TestDateTime_Properties#testPropertyToIntervalDayOfMonth
1293,org.joda.time.format.TestISODateTimeFormat#testFormat_tTime
1294,org.joda.time.chrono.TestGJChronology#testTimeOfDayAdd
1295,org.joda.time.TestTimeOfDay_Constructors#testConstructor_Object_Chronology
1296,org.joda.time.TestMutablePeriod_Updates#testAdd_RInterval4
1297,org.joda.time.TestDateTime_Properties#testPropertyToIntervalSecondOfMinute
1298,org.joda.time.TestDateTime_Properties#testPropertyToIntervalMinuteOfHour
1299,org.joda.time.TestDateTime_Properties#testPropertyToIntervalMillisOfSecond
1300,org.joda.time.TestDateTime_Properties#testPropertyToIntervalHourOfDay
1301,org.joda.time.format.TestISODateTimeFormat#testFormat_ordinalDateTimeNoMillis
1302,org.joda.time.format.TestDateTimeFormat#testFormat_year
1303,org.joda.time.TestTimeOfDay_Constructors#testConstructor_nullObject_Chronology
1304,org.joda.time.TestMutablePeriod_Updates#testAdd_RInterval2
1305,org.joda.time.TestMonthDay_Constructors#testConstructor_Object_nullChronology
1306,org.joda.time.TestMonthDay_Constructors#testConstructor_Object
1307,org.joda.time.TestDateTime_Properties#testPropertyGetMaxMinValuesWeekOfWeekyear
1308,org.joda.time.TestDateTimeZoneCutover#test_getOffsetFromLocal_NewYork_Autumn
1309,org.joda.time.format.TestISODateTimeFormat#testFormat_weekDate
1310,org.joda.time.format.TestISODateTimeFormat#testFormat_time
1311,org.joda.time.format.TestISODateTimeFormat#testFormat_basicOrdinalDateTime
1312,org.joda.time.format.TestISODateTimeFormat#testFormat_basicDateTime
1313,org.joda.time.format.TestDateTimeFormat#testFormat_weekyear
1314,org.joda.time.format.TestDateTimeFormat#testFormat_weekOfWeekyear
1315,org.joda.time.TestMonthDay_Constructors#testConstructor_nullObject_nullChronology
1316,org.joda.time.TestMonthDay_Constructors#testConstructor_nullObject
1317,org.joda.time.TestDateTime_Properties#testPropertyGetDifferenceHourOfDay
1318,org.joda.time.TestDateMidnight_Properties#testPropertyAddWrapFieldMonthOfYear
1319,org.joda.time.format.TestISODateTimeFormatParsing#test_ordinalDate
1320,org.joda.time.format.TestISODateTimeFormat#testFormat_weekyearWeekDay
1321,org.joda.time.TestMutableDateTime_Properties#testPropertyGetDayOfWeek
1322,org.joda.time.TestDateTime_Properties#testPropertyGetMaxMinValuesDayOfYear
1323,org.joda.time.format.TestISODateTimeFormatParsing#test_localDateParser
1324,org.joda.time.format.TestDateTimeFormat#testFormat_dayOfYearText
1325,org.joda.time.format.TestDateTimeFormat#testFormat_clockhourOfHalfday
1326,org.joda.time.format.TestDateTimeFormat#testFormat_clockhourOfDay
1327,org.joda.time.chrono.TestIslamicChronology#testSampleDateWithZone
1328,org.joda.time.TestYearMonth_Constructors#testConstructor_Object_nullChronology
1329,org.joda.time.TestYearMonth_Constructors#testConstructor_Object
1330,org.joda.time.TestMonthDay_Constructors#testConstructor_Object_Chronology
1331,org.joda.time.TestDateTime_Properties#testPropertyGetMaxMinValuesDayOfMonth
1332,org.joda.time.TestDateMidnight_Properties#testPropertyGetDifferenceMonthOfYear
1333,org.joda.time.TestDateMidnight_Properties#testPropertyAddLongMonthOfYear
1334,org.joda.time.format.TestDateTimeFormat#testFormat_dayOfWeek
1335,org.joda.time.format.TestDateTimeFormat#testFormat_centuryOfEra
1336,org.joda.time.TestYearMonth_Constructors#testConstructor_nullObject_nullChronology
1337,org.joda.time.TestYearMonth_Constructors#testConstructor_nullObject
1338,org.joda.time.TestMonthDay_Constructors#testConstructor_nullObject_Chronology
1339,org.joda.time.TestDateMidnight_Properties#testPropertySetMonthOfYear
1340,org.joda.time.TestDateMidnight_Properties#testPropertyAddMonthOfYear
1341,org.joda.time.format.TestISODateTimeFormat#testFormat_dateHourMinuteSecond
1342,org.joda.time.format.TestDateTimeFormat#testFormat_yearOfEra
1343,org.joda.time.TestDateTimeZoneCutover#test_MoscowIsCorrect_Spring
1344,org.joda.time.TestDateTimeZoneCutover#test_MoscowIsCorrect_Autumn
1345,org.joda.time.TestDateTimeZoneCutover#test_DateTime_setHourForward_NewYork_Spring
1346,org.joda.time.TestDateTimeZoneCutover#test_DateTime_setHourBack_NewYork_Spring
1347,org.joda.time.format.TestISODateTimeFormat#testFormat_basicWeekDateTimeNoMillis
1348,org.joda.time.format.TestDateTimeFormat#testFormat_zoneAmountID
1349,org.joda.time.format.TestDateTimeFormat#testFormat_hourOfHalfday
1350,org.joda.time.TestYearMonth_Constructors#testConstructor_Object_Chronology
1351,org.joda.time.TestPeriod_Constructors#testConstructor_RI_RD1
1352,org.joda.time.TestPeriod_Constructors#testConstructor_RD_RI1
1353,org.joda.time.format.TestISODateTimeFormat#testFormat_dateHourMinute
1354,org.joda.time.format.TestISODateTimeFormat#testFormat_basicTTime
1355,org.joda.time.format.TestDateTimeFormat#testParse_pivotYear
1356,org.joda.time.format.TestDateTimeFormat#testFormat_second
1357,org.joda.time.format.TestDateTimeFormat#testFormat_monthOfYear
1358,org.joda.time.format.TestDateTimeFormat#testFormat_minute
1359,org.joda.time.format.TestDateTimeFormat#testFormat_hourOfDay
1360,org.joda.time.format.TestDateTimeFormat#testFormat_dayOfMonth
1361,org.joda.time.TestYearMonth_Constructors#testConstructor_nullObject_Chronology
1362,org.joda.time.TestPeriod_Constructors#testConstructor_RI_RD_PeriodType1
1363,org.joda.time.TestPeriod_Constructors#testConstructor_RD_RI_PeriodType1
1364,org.joda.time.TestMutableDateTime_Properties#testPropertyGetMonthOfYear
1365,org.joda.time.TestDateTimeUtils#testIsContiguous_RP
1366,org.joda.time.TestAbstractPartial#testGetPropertyEquals
1367,org.joda.time.format.TestISODateTimeFormat#testFormat_hourMinuteSecondFraction
1368,org.joda.time.TestYears#testFactory_yearsIn_RInterval
1369,org.joda.time.TestMonths#testFactory_monthsIn_RInterval
1370,org.joda.time.TestDateTime_Properties#testPropertyLeapYear
1371,org.joda.time.TestDateTime_Properties#testPropertyLeapMonthOfYear
1372,org.joda.time.TestDateTimeZoneCutover#test_NewYorkIsCorrect_Autumn
1373,org.joda.time.TestDateMidnight_Properties#testPropertyRemainderMonthOfYear
1374,org.joda.time.format.TestISODateTimeFormatParsing#test_date
1375,org.joda.time.format.TestISODateTimeFormat#testFormat_tTimeNoMillis
1376,org.joda.time.format.TestISODateTimeFormat#testFormat_hourMinuteSecondMillis
1377,org.joda.time.format.TestISODateTimeFormat#testFormat_dateHour
1378,org.joda.time.TestWeeks#testFactory_weeksIn_RInterval
1379,org.joda.time.TestSeconds#testFactory_secondsIn_RInterval
1380,org.joda.time.TestMutablePeriod_Updates#testSetPeriod_RInterval1
1381,org.joda.time.TestMutablePeriod_Constructors#testConstructor_RI_RD1
1382,org.joda.time.TestMinutes#testFactory_minutesIn_RInterval
1383,org.joda.time.TestHours#testFactory_hoursIn_RInterval
1384,org.joda.time.TestDays#testFactory_daysIn_RInterval
1385,org.joda.time.TestDateTime_Properties#testPropertyCompareToWeekOfWeekyear
1386,org.joda.time.format.TestISODateTimeFormat#testFormat_basicOrdinalDateTimeNoMillis
1387,org.joda.time.format.TestISODateTimeFormat#testFormat_basicDateTimeNoMillis
1388,org.joda.time.format.TestDateTimeFormat#testFormat_zoneAmountColon
1389,org.joda.time.format.TestDateTimeFormat#testFormat_zoneAmount
1390,org.joda.time.TestYearMonth_Constructors#testConstructor_ObjectStringEx4
1391,org.joda.time.TestYearMonth_Constructors#testConstructor_ObjectStringEx3
1392,org.joda.time.TestMonthDay_Constructors#testConstructor_ObjectStringEx4
1393,org.joda.time.TestMonthDay_Constructors#testConstructor_ObjectStringEx3
1394,org.joda.time.format.TestISODateTimeFormat#testFormat_timeNoMillis
1395,org.joda.time.format.TestDateTimeFormat#testFormat_fractionOfSecondLong
1396,org.joda.time.format.TestDateTimeFormat#testFormat_fractionOfSecond
1397,org.joda.time.TestMutablePeriod_Constructors#testConstructor_RI_RD_PeriodType1
1398,org.joda.time.TestDateTime_Properties#testPropertyCompareToMonthOfYear
1399,org.joda.time.TestDateTime_Properties#testPropertyCompareToDayOfYear
1400,org.joda.time.TestDateTime_Constructors#testConstructor_ObjectStringEx2
1401,org.joda.time.TestDateTime_Constructors#testConstructor_ObjectStringEx1
1402,org.joda.time.format.TestISODateTimeFormatParsing#test_basicOrdinalDate
1403,org.joda.time.format.TestISODateTimeFormat#testFormat_weekyearWeek
1404,org.joda.time.chrono.TestIslamicChronology#testSampleDate2
1405,org.joda.time.TestMutableDateTime_Properties#testPropertyGetDayOfMonth
1406,org.joda.time.TestDateTime_Properties#testPropertyCompareToYear
1407,org.joda.time.TestDateTime_Properties#testPropertyCompareToDayOfWeek
1408,org.joda.time.TestDateTime_Properties#testPropertyCompareToDayOfMonth
1409,org.joda.time.format.TestISODateTimeFormat#testFormat_date
1410,org.joda.time.format.TestISODateTimeFormat#testFormat_basicTime
1411,org.joda.time.TestDateTime_Properties#testPropertyRemainderHourOfDay
1412,org.joda.time.TestDateTimeZoneCutover#test_DateTime_setHourZero_Turk
1413,org.joda.time.TestDateTimeZoneCutover#test_DateTime_setHourZero_Gaza
1414,org.joda.time.format.TestISODateTimeFormat#testFormat_yearMonthDay
1415,org.joda.time.TestDateTimeZoneCutover#test_DateTime_setHourAcross_NewYork_Spring
1416,org.joda.time.format.TestISODateTimeFormat#testFormat_basicTTimeNoMillis
1417,org.joda.time.TestYearMonth_Constructors#testConstructor_ObjectStringEx2
1418,org.joda.time.TestYearMonth_Constructors#testConstructor_ObjectStringEx1
1419,org.joda.time.TestMutablePeriod_Updates#testSetPeriod_RI_RI2
1420,org.joda.time.TestMutablePeriod_Updates#testSetPeriod_RI_RI1
1421,org.joda.time.TestMonthDay_Constructors#testConstructor_ObjectStringEx2
1422,org.joda.time.TestMonthDay_Constructors#testConstructor_ObjectStringEx1
1423,org.joda.time.TestBaseSingleFieldPeriod#testFactory_between_RPartial
1424,org.joda.time.format.TestISODateTimeFormat#testFormat_yearMonth
1425,org.joda.time.format.TestISODateTimeFormat#testFormat_ordinalDate
1426,org.joda.time.TestPeriod_Constructors#testConstructor_RI_RI_PeriodType4
1427,org.joda.time.TestPeriod_Constructors#testConstructor_RI_RI_PeriodType3
1428,org.joda.time.TestPeriod_Constructors#testConstructor_RI_RI4
1429,org.joda.time.TestPeriod_Constructors#testConstructor_RI_RI3
1430,org.joda.time.TestDateTimeZoneCutover#test_DateTime_withHourZero_Turk
1431,org.joda.time.TestDateTimeZoneCutover#test_DateTime_withHourZero_Gaza
1432,org.joda.time.TestDateTimeZoneCutover#test_DateTime_addWrapFieldDay_Turk
1433,org.joda.time.TestDateTimeZoneCutover#test_DateTime_addWrapFieldDay_Gaza
1434,org.joda.time.format.TestTextFields#testWeekdayNames
1435,org.joda.time.format.TestISODateTimeFormat#testFormat_hourMinuteSecond
1436,org.joda.time.convert.TestStringConverter#testGetInstantMillisInvalid
1437,org.joda.time.TestYears#testFactory_yearsBetween_RPartial
1438,org.joda.time.TestDateTimeZoneCutover#test_DateTime_roundFloor_day_NewYork_Spring_postCutover
1439,org.joda.time.TestDateTimeZoneCutover#test_DateTime_roundCeiling_day_NewYork_Spring_postCutover
1440,org.joda.time.TestTimeOfDay_Constructors#testConstructor_ObjectStringEx4
1441,org.joda.time.TestTimeOfDay_Constructors#testConstructor_ObjectStringEx3
1442,org.joda.time.TestTimeOfDay_Constructors#testConstructor_ObjectStringEx2
1443,org.joda.time.TestTimeOfDay_Constructors#testConstructor_ObjectStringEx1
1444,org.joda.time.TestPeriod_Constructors#testConstructor_RI_RI_PeriodType1
1445,org.joda.time.TestPeriod_Constructors#testConstructor_RI_RI2
1446,org.joda.time.TestPeriod_Constructors#testConstructor_RI_RI1
1447,org.joda.time.TestMutablePeriod_Updates#testSetPeriod_long_long_NoWeeks
1448,org.joda.time.TestMutablePeriod_Updates#testSetPeriod_long_long_NoSeconds
1449,org.joda.time.TestMutablePeriod_Updates#testSetPeriod_long_long_NoMinutes
1450,org.joda.time.TestMutablePeriod_Updates#testSetPeriod_long_long_NoHours
1451,org.joda.time.TestMutablePeriod_Updates#testSetPeriod_long_long_NoDays
1452,org.joda.time.TestMutablePeriod_Updates#testSetPeriod_long_long2
1453,org.joda.time.TestMutablePeriod_Updates#testSetPeriod_long_long1
1454,org.joda.time.TestMonths#testFactory_monthsBetween_RPartial
1455,org.joda.time.TestDateTimeZoneCutover#test_DateTime_roundFloor_minute_NewYork_Spring_postCutover
1456,org.joda.time.TestDateTimeZoneCutover#test_DateTime_roundFloor_hour_NewYork_Spring_postCutover
1457,org.joda.time.TestDateTimeZoneCutover#test_DateTime_roundFloor_day_NewYork_Spring_preCutover
1458,org.joda.time.TestDateTimeZoneCutover#test_DateTime_roundCeiling_minute_NewYork_Spring_postCutover
1459,org.joda.time.TestDateTimeZoneCutover#test_DateTime_roundCeiling_hour_NewYork_Spring_postCutover
1460,org.joda.time.TestDateTimeZoneCutover#test_DateTime_roundCeiling_day_NewYork_Spring_preCutover
1461,org.joda.time.TestAbstractPartial#testGetFieldTypes
1462,org.joda.time.format.TestISODateTimeFormat#testFormat_hourMinute
1463,org.joda.time.format.TestISODateTimeFormat#testFormat_basicWeekDate
1464,org.joda.time.convert.TestNullConverter#testSetInto_Object_Chronology1
1465,org.joda.time.chrono.TestLenientChronology#test_lenientChrononolgy_Turk
1466,org.joda.time.TestYears#testFactory_yearsBetween_RInstant
1467,org.joda.time.TestWeeks#testFactory_weeksBetween_RPartial
1468,org.joda.time.TestPeriod_Constructors#testConstructor_long_long_PeriodType3
1469,org.joda.time.TestMutablePeriod_Updates#testSetPeriod_long_long_NoMillis
1470,org.joda.time.TestMutablePeriod_Constructors#testConstructor_RI_RI_PeriodType3
1471,org.joda.time.TestMonths#testFactory_monthsBetween_RInstant
1472,org.joda.time.TestDays#testFactory_daysBetween_RPartial
1473,org.joda.time.TestDateTimeZoneCutover#test_DateTime_roundFloor_minute_NewYork_Spring_preCutover
1474,org.joda.time.TestDateTimeZoneCutover#test_DateTime_roundFloor_hour_NewYork_Spring_preCutover
1475,org.joda.time.TestDateTimeZoneCutover#test_DateTime_roundCeiling_minute_NewYork_Spring_preCutover
1476,org.joda.time.TestDateTimeZoneCutover#test_DateTime_roundCeiling_hour_NewYork_Spring_preCutover
1477,org.joda.time.TestAbstractPartial#testGetFieldType
1478,org.joda.time.TestAbstractPartial#testGetField
1479,org.joda.time.TestYearMonthDay_Properties#testPropertyAddDay
1480,org.joda.time.TestWeeks#testFactory_weeksBetween_RInstant
1481,org.joda.time.TestSeconds#testFactory_secondsBetween_RInstant
1482,org.joda.time.TestMutablePeriod_Updates#testSetPeriod_long_long_NoYears
1483,org.joda.time.TestMutablePeriod_Updates#testSetPeriod_long_long_NoMonths
1484,org.joda.time.TestMutablePeriod_Constructors#testConstructor_RI_RI_PeriodType4
1485,org.joda.time.TestMutablePeriod_Constructors#testConstructor_RI_RI4
1486,org.joda.time.TestMutablePeriod_Constructors#testConstructor_RI_RI3
1487,org.joda.time.TestMutableDateTime_Properties#testPropertyGetWeekOfWeekyear
1488,org.joda.time.TestMutableDateTime_Properties#testPropertyGetEra
1489,org.joda.time.TestMinutes#testFactory_minutesBetween_RInstant
1490,org.joda.time.TestHours#testFactory_hoursBetween_RInstant
1491,org.joda.time.TestDuration_Basics#testToPeriodTo_PeriodType
1492,org.joda.time.TestDuration_Basics#testToPeriodFrom_PeriodType
1493,org.joda.time.TestDays#testFactory_daysBetween_RInstant
1494,org.joda.time.TestDateTimeZoneCutover#test_DateTime_minusHour_Guatemata_Autumn
1495,org.joda.time.convert.TestReadableIntervalConverter#testSetIntoPeriod_Object2
1496,org.joda.time.TestYearMonthDay_Properties#testPropertyAddMonth
1497,org.joda.time.TestTimeOfDay_Constructors#testConstructor_Object_nullChronology
1498,org.joda.time.TestTimeOfDay_Constructors#testConstructor_Object1
1499,org.joda.time.TestPeriod_Constructors#testConstructor_long_long_PeriodType_Chronology2
1500,org.joda.time.TestPeriod_Constructors#testConstructor_long_long_PeriodType1
1501,org.joda.time.TestPeriod_Constructors#testConstructor_long_long_Chronology2
1502,org.joda.time.TestPeriod_Constructors#testConstructor_long_long2
1503,org.joda.time.TestPeriod_Constructors#testConstructor_long_long1
1504,org.joda.time.TestMutablePeriod_Constructors#testConstructor_RI_RI_PeriodType1
1505,org.joda.time.TestMutablePeriod_Constructors#testConstructor_RI_RI2
1506,org.joda.time.TestMutablePeriod_Constructors#testConstructor_RI_RI1
1507,org.joda.time.TestMutableDateTime_Properties#testPropertyGetDayOfYear
1508,org.joda.time.TestDateTimeZoneCutover#test_DateTime_plusHour_Guatemata_Autumn
1509,org.joda.time.format.TestISODateTimeFormatParsing#test_basicDate
1510,org.joda.time.TestYearMonthDay_Properties#testPropertyGetMonth
1511,org.joda.time.TestTimeOfDay_Constructors#testConstructor_nullObject_nullChronology
1512,org.joda.time.TestTimeOfDay_Constructors#testConstructor_nullObject
1513,org.joda.time.TestPeriod_Constructors#testToPeriod_PeriodType3
1514,org.joda.time.TestMutablePeriod_Constructors#testConstructor_long_long_PeriodType3
1515,org.joda.time.TestMutableDateTime_Properties#testPropertyGetYear
1516,org.joda.time.TestLocalDate_Properties#testPropertyEqualsHashCodeLenient
1517,org.joda.time.TestIllegalFieldValueException#testZoneTransition
1518,org.joda.time.TestDuration_Basics#testToPeriodTo
1519,org.joda.time.TestDuration_Basics#testToPeriodFrom
1520,org.joda.time.TestPeriod_Constructors#testConstructor_RI_RI_PeriodType2
1521,org.joda.time.TestMutablePeriod_Constructors#testConstructor_long_long_PeriodType_Chronology2
1522,org.joda.time.TestMutablePeriod_Constructors#testConstructor_long_long_PeriodType1
1523,org.joda.time.TestMutablePeriod_Constructors#testConstructor_long_long_Chronology2
1524,org.joda.time.TestMutablePeriod_Constructors#testConstructor_long_long2
1525,org.joda.time.TestMutablePeriod_Constructors#testConstructor_long_long1
1526,org.joda.time.TestDuration_Constructors#testConstructor_Object5
1527,org.joda.time.TestDateTimeZoneCutover#test_DateTime_withDay_Turk
1528,org.joda.time.TestDateTimeZoneCutover#test_DateTime_withDay_Gaza
1529,org.joda.time.format.TestTextFields#testHalfdayNames
1530,org.joda.time.format.TestISOPeriodFormatParsing#testParseStandard2
1531,org.joda.time.format.TestISOPeriodFormatParsing#testParseStandard1
1532,org.joda.time.TestSeconds#testFactory_parseSeconds_String
1533,org.joda.time.TestWeeks#testFactory_parseWeeks_String
1534,org.joda.time.TestMonthDay_Properties#testPropertyAddDayOfMonth
1535,org.joda.time.TestMinutes#testFactory_parseMinutes_String
1536,org.joda.time.TestHours#testFactory_parseHours_String
1537,org.joda.time.TestDays#testFactory_parseDays_String
1538,org.joda.time.TestDateTimeZoneCutover#test_DateTime_roundFloor_Turk
1539,org.joda.time.TestDateTimeZoneCutover#test_DateTime_roundFloor_Gaza
1540,org.joda.time.TestDateTimeZoneCutover#test_DateTime_roundFloorNotDST_Turk
1541,org.joda.time.TestDateTimeZoneCutover#test_DateTime_roundCeiling_Turk
1542,org.joda.time.TestDateTimeZoneCutover#test_DateTime_roundCeiling_Gaza
1543,org.joda.time.format.TestTextFields#testMonthNames_monthEnd
1544,org.joda.time.format.TestISOPeriodFormatParsing#testParseStandard4
1545,org.joda.time.format.TestISODateTimeFormatParsing#test_weekDateTime
1546,org.joda.time.format.TestISODateTimeFormat#testFormat_basicTimeNoMillis
1547,org.joda.time.chrono.TestGJChronology#testFactory_Zone_RI
1548,org.joda.time.TestYears#testFactory_parseYears_String
1549,org.joda.time.TestPeriod_Constructors#testConstructor_long_long_PeriodType2
1550,org.joda.time.TestMonths#testFactory_parseMonths_String
1551,org.joda.time.TestInterval_Constructors#testConstructor_RI_RI2
1552,org.joda.time.TestDateTimeZoneCutover#test_getOffsetFromLocal_NewYork_Spring
1553,org.joda.time.TestDateTimeZoneCutover#test_DateTime_minusDay_Turk
1554,org.joda.time.TestDateTimeZoneCutover#test_DateTime_minusDay_Gaza
1555,org.joda.time.format.TestISOPeriodFormatParsing#testParseStandard5
1556,org.joda.time.format.TestISOPeriodFormatParsing#testParseStandard3
1557,org.joda.time.format.TestISODateTimeFormat#testFormat_basicOrdinalDate
1558,org.joda.time.format.TestISODateTimeFormat#testFormat_basicDate
1559,org.joda.time.chrono.TestIslamicChronology#testSampleDate3
1560,org.joda.time.chrono.TestGregorianChronology#testMaximumValue
1561,org.joda.time.chrono.TestGJChronology#testFactory_Zone_RI_int
1562,org.joda.time.TestMutablePeriod_Constructors#testConstructor_RI_RI_PeriodType2
1563,org.joda.time.TestMutableInterval_Constructors#testConstructor_RI_RI2
1564,org.joda.time.TestMutableDateTime_Properties#testPropertyGetWeekyear
1565,org.joda.time.TestMonthDay_Properties#testPropertyAddMonthOfYear
1566,org.joda.time.TestInterval_Constructors#testConstructor_Object_Chronology2
1567,org.joda.time.TestDateTimeZoneCutover#test_getOffsetFromLocal_Guatemata_Autumn
1568,org.joda.time.TestDateTimeZoneCutover#test_DateTime_plusDay_Turk
1569,org.joda.time.TestDateTimeZoneCutover#test_DateTime_plusDay_Gaza
1570,org.joda.time.TestDateTimeZoneCutover#test_DateTime_plusDayMidGap_Turk
1571,org.joda.time.TestDateTimeZoneCutover#test_DateTime_plusDayMidGap_Gaza
1572,org.joda.time.TestDateTimeZoneCutover#test_DateTime_minusHour_Turk
1573,org.joda.time.TestDateTimeZoneCutover#test_DateTime_minusHour_Gaza
1574,org.joda.time.format.TestPeriodFormatterBuilder#testFormatAppend_PrinterParser_PrinterParser
1575,org.joda.time.format.TestPeriodFormatParsing#testParseCustom1
1576,org.joda.time.format.TestISOPeriodFormatParsing#testParseStandard8
1577,org.joda.time.format.TestISOPeriodFormatParsing#testParseStandard7
1578,org.joda.time.format.TestISOPeriodFormatParsing#testParseStandard6
1579,org.joda.time.TestYearMonth_Properties#testPropertyGetMonth
1580,org.joda.time.TestMutableInterval_Constructors#testConstructor_Object_Chronology2
1581,org.joda.time.TestLocalDate_Properties#testPropertyGetMonth
1582,org.joda.time.TestInterval_Constructors#testConstructor_Object3
1583,org.joda.time.TestInterval_Constructors#testConstructor_Object2
1584,org.joda.time.TestDateTimeZoneCutover#test_MutableDateTime_withZoneRetainFields_Gaza
1585,org.joda.time.TestDateTimeZoneCutover#test_MutableDateTime_setZoneRetainFields_Turk
1586,org.joda.time.TestDateTimeZoneCutover#test_DateTime_plusHour_Turk
1587,org.joda.time.TestDateTimeZoneCutover#test_DateTime_plusHour_Gaza
1588,org.joda.time.format.TestTextFields#testMonthNames_monthStart
1589,org.joda.time.format.TestTextFields#testMonthNames_monthMiddle
1590,org.joda.time.convert.TestStringConverter#testSetIntoPeriod_Object6
1591,org.joda.time.convert.TestStringConverter#testSetIntoPeriod_Object5
1592,org.joda.time.convert.TestStringConverter#testSetIntoPeriod_Object4
1593,org.joda.time.convert.TestStringConverter#testSetIntoPeriod_Object3
1594,org.joda.time.convert.TestStringConverter#testSetIntoPeriod_Object2
1595,org.joda.time.convert.TestStringConverter#testSetIntoPeriod_Object1
1596,org.joda.time.TestMutableInterval_Constructors#testConstructor_Object3
1597,org.joda.time.TestMutableInterval_Constructors#testConstructor_Object2
1598,org.joda.time.TestMutableDateTime_Properties#testPropertyGetCenturyOfEra
1599,org.joda.time.TestDateTimeUtils#testGetReadableInterval_ReadableInterval
1600,org.joda.time.format.TestPeriodFormatterBuilder#testBug2495455
1601,org.joda.time.format.TestISOPeriodFormatParsing#testParseStandard9
1602,org.joda.time.convert.TestConverterManager#testGetPartialConverter
1603,org.joda.time.TestSerialization#testSerializedGJChronologyChangedInternals
1604,org.joda.time.TestSerialization#testSerializedGJChronology
1605,org.joda.time.TestMutablePeriod_Constructors#testConstructor_long_long_PeriodType2
1606,org.joda.time.TestMutableDateTime_Properties#testPropertyGetYearOfCentury
1607,org.joda.time.TestInterval_Constructors#testConstructor_RP_RI4
1608,org.joda.time.TestInterval_Constructors#testConstructor_RP_RI1
1609,org.joda.time.TestInterval_Constructors#testConstructor_RI_RP4
1610,org.joda.time.TestInterval_Constructors#testConstructor_RI_RP1
1611,org.joda.time.TestDuration_Constructors#testConstructor_Object4
1612,org.joda.time.TestDateTimeZoneCutover#test_getOffsetFromLocal_Turk
1613,org.joda.time.TestDateTimeZoneCutover#test_getOffsetFromLocal_Gaza
1614,org.joda.time.TestDateTimeZoneCutover#test_DateTime_withZoneRetainFields_Turk
1615,org.joda.time.TestDateTimeZoneCutover#test_DateTime_withZoneRetainFields_Gaza
1616,org.joda.time.format.TestISOPeriodFormatParsing#testParseStandard11
1617,org.joda.time.format.TestISOPeriodFormatParsing#testParseStandard10
1618,org.joda.time.field.TestUnsupportedDateTimeField#testUnsupportedMethods
1619,org.joda.time.TestMutableInterval_Constructors#testConstructor_RP_RI4
1620,org.joda.time.TestMutableInterval_Constructors#testConstructor_RP_RI1
1621,org.joda.time.TestMutableInterval_Constructors#testConstructor_RI_RP4
1622,org.joda.time.TestMutableInterval_Constructors#testConstructor_RI_RP1
1623,org.joda.time.TestMutableDateTime_Properties#testPropertyGetYearOfEra
1624,org.joda.time.TestMutableDateTime_Basics#testGetMethods
1625,org.joda.time.TestYearMonth_Properties#testPropertyAddMonth
1626,org.joda.time.TestMutableDateTime_Properties#testPropertyGetSecondOfMinute
1627,org.joda.time.TestMutableDateTime_Properties#testPropertyGetSecondOfDay
1628,org.joda.time.TestMutableDateTime_Properties#testPropertyGetMinuteOfHour
1629,org.joda.time.TestMutableDateTime_Properties#testPropertyGetMinuteOfDay
1630,org.joda.time.TestMutableDateTime_Properties#testPropertyGetMillisOfSecond
1631,org.joda.time.TestMutableDateTime_Properties#testPropertyGetMillisOfDay
1632,org.joda.time.TestMutableDateTime_Properties#testPropertyGetHourOfDay
1633,org.joda.time.format.TestISODateTimeFormat#testFormat_weekyear
1634,org.joda.time.convert.TestStringConverter#testSetIntoPeriod_Object8
1635,org.joda.time.convert.TestStringConverter#testSetIntoPeriod_Object7
1636,org.joda.time.convert.TestReadableInstantConverter#testGetPartialValues
1637,org.joda.time.TestYearMonthDay_Properties#testPropertyGetDay
1638,org.joda.time.TestInterval_Constructors#testConstructor_RP_RI3
1639,org.joda.time.TestInterval_Constructors#testConstructor_RI_RP3
1640,org.joda.time.TestYearMonthDay_Properties#testPropertyGetYear
1641,org.joda.time.TestTimeOfDay_Constructors#testConstructor_nullDateTimeZone
1642,org.joda.time.TestTimeOfDay_Constructors#testConstructor_DateTimeZone
1643,org.joda.time.TestPeriod_Constructors#testConstructor_RD_RI_PeriodType2
1644,org.joda.time.TestPeriod_Constructors#testConstructor_RD_RI2
1645,org.joda.time.TestPeriod_Constructors#testConstructor_Object_PeriodType1
1646,org.joda.time.TestPeriod_Constructors#testConstructor_Object1
1647,org.joda.time.TestMonthDay_Properties#testPropertyGetDayOfMonth
1648,org.joda.time.TestLocalDate_Properties#testPropertySetCopyTextMonth
1649,org.joda.time.format.TestDateTimeFormat#testFormatParse_zoneId_noColon
1650,org.joda.time.format.TestDateTimeFormat#testFormatParse_zoneId_colon
1651,org.joda.time.chrono.TestLenientChronology#test_strictChrononolgy_Chicago
1652,org.joda.time.TestYearMonthDay_Properties#testPropertySetTextMonth
1653,org.joda.time.TestPeriod_Constructors#testConstructor_RI_RD_PeriodType2
1654,org.joda.time.TestPeriod_Constructors#testConstructor_RI_RD2
1655,org.joda.time.TestPeriod_Basics#testToString
1656,org.joda.time.TestInterval_Constructors#testConstructor_RP_RI7
1657,org.joda.time.TestInterval_Constructors#testConstructor_RI_RP7
1658,org.joda.time.format.TestPeriodFormat#test_getDefault_parseTwoFields
1659,org.joda.time.format.TestISODateTimeFormatParsing#test_weekDateTimeNoMillis
1660,org.joda.time.convert.TestLongConverter#testGetPartialValues
1661,org.joda.time.convert.TestCalendarConverter#testGetPartialValues
1662,org.joda.time.TestMutablePeriod_Updates#testSetPeriod_long_long3
1663,org.joda.time.TestMutablePeriod_Updates#testSetPeriod_RI_RI3
1664,org.joda.time.TestMutableInterval_Constructors#testConstructor_RP_RI7
1665,org.joda.time.TestMutableInterval_Constructors#testConstructor_RI_RP7
1666,org.joda.time.TestMutableDateTime_Properties#testPropertyToIntervalYearOfCentury
1667,org.joda.time.TestLocalDate_Properties#testPropertyGetDay
1668,org.joda.time.TestDateTimeComparator#testBasicComps3
1669,org.joda.time.format.TestPeriodFormat#test_wordBased_pt_parseTwoFields
1670,org.joda.time.format.TestPeriodFormat#test_wordBased_nl_parseTwoFields
1671,org.joda.time.format.TestPeriodFormat#test_wordBased_fr_parseTwoFields
1672,org.joda.time.format.TestPeriodFormat#test_wordBased_es_parseTwoFields
1673,org.joda.time.format.TestPeriodFormat#test_wordBased_de_parseTwoFields
1674,org.joda.time.format.TestISODateTimeFormat#testFormat_year
1675,org.joda.time.format.TestISODateTimeFormat#testFormat_hour
1676,org.joda.time.TestMutablePeriod_Basics#testToString
1677,org.joda.time.TestMutableDateTime_Sets#testSetTime_RI2
1678,org.joda.time.TestMutableDateTime_Properties#testPropertyToIntervalYearOfEra
1679,org.joda.time.TestMonthDay_Properties#testPropertyGetMonthOfYear
1680,org.joda.time.TestDateTimeComparator#testBasicComps4
1681,org.joda.time.chrono.TestGJChronology#testFactory_Zone_long_int
1682,org.joda.time.chrono.TestGJChronology#testDurationFields
1683,org.joda.time.TestYearMonthDay_Properties#testPropertyAddWrapFieldDay
1684,org.joda.time.TestSerialization#testSerializedDateMidnightProperty
1685,org.joda.time.TestMutableDateTime_Properties#testPropertyToIntervalMonthOfYear
1686,org.joda.time.TestMonthDay_Properties#testPropertySetTextMonthOfYear
1687,org.joda.time.TestLocalDate_Properties#testPropertyEquals
1688,org.joda.time.TestDateTimeZoneCutover#test_NewYorkIsCorrect_Spring
1689,org.joda.time.TestDateTimeZoneCutover#test_GuatemataIsCorrect_Autumn
1690,org.joda.time.format.TestPeriodFormat#test_getDefault_parseOneField
1691,org.joda.time.TestYearMonthDay_Properties#testPropertyWithMaximumValueDayOfMonth
1692,org.joda.time.TestPeriod_Constructors#testConstructor_RP_RP_PeriodType1
1693,org.joda.time.TestPeriod_Constructors#testConstructor_RP_RP1
1694,org.joda.time.TestMutablePeriod_Constructors#testConstructor_RI_RD_PeriodType2
1695,org.joda.time.TestMutablePeriod_Constructors#testConstructor_RI_RD2
1696,org.joda.time.TestMutableDateTime_Sets#testSetDate_RI2
1697,org.joda.time.TestMutableDateTime_Properties#testPropertyToIntervalYear
1698,org.joda.time.TestMutableDateTime_Properties#testPropertyToIntervalDayOfMonth
1699,org.joda.time.TestLocalDate_Properties#testPropertyWithMaximumValueDayOfMonth
1700,org.joda.time.TestLocalDate_Properties#testPropertyAddWrapFieldToCopyDay
1701,org.joda.time.TestInterval_Constructors#testConstructor_RP_RI8
1702,org.joda.time.TestInterval_Constructors#testConstructor_RI_RP8
1703,org.joda.time.format.TestPeriodFormat#test_wordBased_pt_parseOneField
1704,org.joda.time.format.TestPeriodFormat#test_wordBased_nl_parseOneField
1705,org.joda.time.format.TestPeriodFormat#test_wordBased_fr_parseOneField
1706,org.joda.time.format.TestPeriodFormat#test_wordBased_es_parseOneField
1707,org.joda.time.format.TestPeriodFormat#test_wordBased_de_parseOneField
1708,org.joda.time.format.TestISODateTimeFormatParsing#test_dateTime
1709,org.joda.time.TestMutablePeriod_Constructors#testConstructor_Object1
1710,org.joda.time.TestMutableInterval_Updates#testSetPeriodBeforeEnd_RI1
1711,org.joda.time.TestMutableInterval_Updates#testSetPeriodAfterStart_RI1
1712,org.joda.time.TestMutableInterval_Constructors#testConstructor_RP_RI8
1713,org.joda.time.TestMutableInterval_Constructors#testConstructor_RI_RP8
1714,org.joda.time.TestMutableDateTime_Sets#testSetDate_RI1
1715,org.joda.time.TestMutableDateTime_Properties#testPropertyToIntervalSecondOfMinute
1716,org.joda.time.TestMutableDateTime_Properties#testPropertyToIntervalMinuteOfHour
1717,org.joda.time.TestMutableDateTime_Properties#testPropertyToIntervalMillisOfSecond
1718,org.joda.time.TestMutableDateTime_Properties#testPropertyToIntervalHourOfDay
1719,org.joda.time.TestLocalDate_Properties#testPropertyWithMinimumValueDayOfMonth
1720,org.joda.time.TestLocalDate_Properties#testPropertyAddToCopyYear
1721,org.joda.time.format.TestPeriodFormatterBuilder#testFormatAppend_PrinterParser_null_Parser
1722,org.joda.time.chrono.TestISOChronology#testMaximumValue
1723,org.joda.time.TestYearMonth_Properties#testPropertyGetYear
1724,org.joda.time.TestYearMonthDay_Properties#testPropertyEquals
1725,org.joda.time.TestYearMonthDay_Properties#testPropertyCompareToYear
1726,org.joda.time.TestYearMonthDay_Properties#testPropertyCompareToMonth
1727,org.joda.time.TestYearMonthDay_Properties#testPropertyCompareToDay
1728,org.joda.time.TestPeriod_Constructors#testConstructor_RP_RP2
1729,org.joda.time.TestMutablePeriod_Constructors#testConstructor_Object_PeriodType1
1730,org.joda.time.TestMutableInterval_Updates#testSePeriodBeforeEnd_RI2
1731,org.joda.time.TestMutableInterval_Updates#testSePeriodAfterStart_RI2
1732,org.joda.time.TestMutableDateTime_Sets#testSetTime_RI1
1733,org.joda.time.TestMutableDateTime_Sets#testSetTime_Object3
1734,org.joda.time.TestMutableDateTime_Adds#testAdd_RP_int1
1735,org.joda.time.TestLocalDate_Properties#testPropertySetCopyDay
1736,org.joda.time.TestPeriod_Constructors#testConstructor_RP_RP_PeriodType2
1737,org.joda.time.TestMonthDay_Properties#testPropertyCompareToMonthOfYear
1738,org.joda.time.TestMonthDay_Properties#testPropertyCompareToDayOfMonth
1739,org.joda.time.TestMonthDay_Properties#testPropertyAddWrapFieldDayOfMonth
1740,org.joda.time.TestMinutes#testFactory_standardMinutesIn_RPeriod
1741,org.joda.time.TestLocalDate_Properties#testPropertySetCopyTextYear
1742,org.joda.time.TestLocalDate_Properties#testPropertySetCopyTextDay
1743,org.joda.time.TestLocalDate_Properties#testPropertyGetYear
1744,org.joda.time.TestLocalDate_Properties#testPropertyAddWrapFieldToCopyYear
1745,org.joda.time.TestHours#testFactory_standardHoursIn_RPeriod
1746,org.joda.time.TestDays#testFactory_standardDaysIn_RPeriod
1747,org.joda.time.TestDateTimeZoneCutover#test_LocalDate_toDateMidnight_Turk
1748,org.joda.time.TestDateTimeZoneCutover#test_LocalDate_toDateMidnight_Gaza
1749,org.joda.time.TestYearMonth_Properties#testPropertySetTextMonth
1750,org.joda.time.TestYearMonthDay_Properties#testPropertySetMonth
1751,org.joda.time.TestYearMonthDay_Properties#testPropertyAddWrapFieldMonth
1752,org.joda.time.TestWeeks#testFactory_standardWeeksIn_RPeriod
1753,org.joda.time.TestSerialization#testSerializedMutableDateTimeProperty
1754,org.joda.time.TestSerialization#testSerializedDateTimeProperty
1755,org.joda.time.TestSeconds#testFactory_standardSecondsIn_RPeriod
1756,org.joda.time.TestMutableDateTime_Sets#testSetDate_int_int_int1
1757,org.joda.time.TestLocalDate_Properties#testPropertySetCopyMonth
1758,org.joda.time.TestLocalDate_Properties#testPropertyAddWrapFieldToCopyMonth
1759,org.joda.time.TestInterval_Basics#testEqualsHashCodeStrict
1760,org.joda.time.TestInterval_Basics#testEqualsHashCodeLenient
1761,org.joda.time.TestDateMidnight_Constructors#testConstructor_Object_nullDateTimeZone
1762,org.joda.time.TestDateMidnight_Constructors#testConstructor_Object_nullChronology
1763,org.joda.time.TestDateMidnight_Constructors#testConstructor_Object
1764,org.joda.time.format.TestDateTimeFormat#testParse_pivotYear_ignored4DigitYear
1765,org.joda.time.TestYearMonth_Constructors#testConstructor_nullDateTimeZone
1766,org.joda.time.TestYearMonth_Constructors#testConstructor_DateTimeZone
1767,org.joda.time.TestYearMonthDay_Properties#testPropertyWithMinimumValueDayOfMonth
1768,org.joda.time.TestYearMonthDay_Properties#testPropertySetTextYear
1769,org.joda.time.TestYearMonthDay_Properties#testPropertySetTextDay
1770,org.joda.time.TestYearMonthDay_Properties#testPropertySetDay
1771,org.joda.time.TestYearMonthDay_Properties#testPropertyAddWrapFieldYear
1772,org.joda.time.TestSerialization#testSerializedTimeOfDay
1773,org.joda.time.TestMonthDay_Constructors#testConstructor_nullDateTimeZone
1774,org.joda.time.TestMonthDay_Constructors#testConstructor_DateTimeZone
1775,org.joda.time.TestDateMidnight_Constructors#testConstructor_nullObject_nullDateTimeZone
1776,org.joda.time.TestDateMidnight_Constructors#testConstructor_nullObject_nullChronology
1777,org.joda.time.TestDateMidnight_Constructors#testConstructor_nullObject
1778,org.joda.time.TestDateMidnight_Constructors#testConstructor_Object_DateTimeZone
1779,org.joda.time.TestDateMidnight_Constructors#testConstructor_Object_Chronology
1780,org.joda.time.TestYearMonth_Properties#testPropertyCompareToYear
1781,org.joda.time.TestYearMonth_Properties#testPropertyCompareToMonth
1782,org.joda.time.TestYearMonthDay_Properties#testPropertyGetMaxMinValuesDay
1783,org.joda.time.TestMutableDateTime_Sets#testSetDate_long1
1784,org.joda.time.TestLocalDate_Properties#testPropertySetCopyYear
1785,org.joda.time.TestDateMidnight_Constructors#testConstructor_nullObject_DateTimeZone
1786,org.joda.time.TestDateMidnight_Constructors#testConstructor_nullObject_Chronology
1787,org.joda.time.format.TestISODateTimeFormatParsing#test_basicWeekDateTime
1788,org.joda.time.TestYearMonthDay_Properties#testPropertyAddYear
1789,org.joda.time.TestMutableDateTime_Sets#testSetTime_long1
1790,org.joda.time.TestMonthDay_Properties#testPropertyEquals
1791,org.joda.time.TestInterval_Constructors#testConstructor_RP_RI2
1792,org.joda.time.TestInterval_Constructors#testConstructor_RI_RP2
1793,org.joda.time.TestDateTimeZoneCutover#test_MockTurkIsCorrect
1794,org.joda.time.TestDateTimeZoneCutover#test_MockGazaIsCorrect
1795,org.joda.time.chrono.TestLenientChronology#test_isoChrononolgy_Chicago
1796,org.joda.time.chrono.TestGJChronology#testWithZone
1797,org.joda.time.chrono.TestGJChronology#testWithUTC
1798,org.joda.time.chrono.TestGJChronology#testTimeFields
1799,org.joda.time.chrono.TestGJChronology#testEquality
1800,org.joda.time.chrono.TestGJChronology#testDateFields
1801,org.joda.time.chrono.TestEthiopicChronology#testCalendar
1802,org.joda.time.chrono.TestCopticChronology#testCalendar
1803,org.joda.time.TestYearMonthDay_Properties#testPropertySetYear
1804,org.joda.time.TestYearMonthDay_Properties#testPropertyEqualsHashCodeLenient
1805,org.joda.time.TestMutableInterval_Constructors#testConstructor_RP_RI2
1806,org.joda.time.TestMutableInterval_Constructors#testConstructor_RI_RP2
1807,org.joda.time.TestMutableDateTime_Sets#testSetTime_int_int_int_int1
1808,org.joda.time.TestMonthDay_Properties#testPropertySetTextDayOfMonth
1809,org.joda.time.TestMonthDay_Properties#testPropertySetDayOfMonth
1810,org.joda.time.TestMonthDay_Properties#testPropertyAddWrapFieldMonthOfYear
1811,org.joda.time.TestLocalDate_Properties#testPropertyCompareToDay
1812,org.joda.time.TestLocalDate_Properties#testPropertyAddToCopyDay
1813,org.joda.time.TestDuration_Basics#testToIntervalTo
1814,org.joda.time.TestDuration_Basics#testToIntervalFrom
1815,org.joda.time.TestDateMidnight_Constructors#testConstructor_int_int_int
1816,org.joda.time.format.TestISODateTimeFormatParsing#test_ordinalDateTime
1817,org.joda.time.chrono.TestGJChronology#testFactory_Zone
1818,org.joda.time.chrono.TestGJChronology#testFactory
1819,org.joda.time.TestMutablePeriod_Updates#testAdd_RInterval1
1820,org.joda.time.TestMutableDateTime_Basics#testProperty
1821,org.joda.time.TestMonthDay_Properties#testPropertyGetMaxMinValuesDayOfMonth
1822,org.joda.time.TestMonthDay_Properties#testPropertyEqualsHashCodeLenient
1823,org.joda.time.TestLocalDate_Properties#testPropertyAddToCopyMonth
1824,org.joda.time.TestDateTimeZone#testPatchedNameKeysLondon
1825,org.joda.time.format.TestDateTimeFormat#testFormatParse_textYear_UK
1826,org.joda.time.format.TestDateTimeFormat#testFormatParse_textYear_France
1827,org.joda.time.TestYearMonthDay_Properties#testPropertyHashCode
1828,org.joda.time.TestLocalDate_Properties#testPropertyCompareToMonth
1829,org.joda.time.TestLocalDateTime_Properties#testPropertyGetMonth
1830,org.joda.time.format.TestISODateTimeFormatParsing#test_dateTimeNoMillis
1831,org.joda.time.TestYearMonth_Properties#testPropertyEqualsHashCodeLenient
1832,org.joda.time.TestYearMonth_Properties#testPropertyEquals
1833,org.joda.time.TestYearMonthDay_Properties#testPropertyEqualsHashCodeStrict
1834,org.joda.time.TestSeconds#testFactory_secondsBetween_RPartial
1835,org.joda.time.TestMutableDateTime_Sets#testSetDateTime_int_int_int_int_int_int_int1
1836,org.joda.time.TestMutableDateTime_Basics#testGet_DateTimeFieldType
1837,org.joda.time.TestMonthDay_Properties#testPropertySetMonthOfYear
1838,org.joda.time.TestMinutes#testFactory_minutesBetween_RPartial
1839,org.joda.time.TestHours#testFactory_hoursBetween_RPartial
1840,org.joda.time.TestDateTimeUtils#testOffsetMillis
1841,org.joda.time.TestDateTimeUtils#testGetInstantMillis_RI
1842,org.joda.time.TestDateTimeUtils#testFixedMillis
1843,org.joda.time.TestDateMidnight_Constructors#testConstructor_int_int_int_DateTimeZone
1844,org.joda.time.TestMutableDateTime_Basics#testGet_DateTimeField
1845,org.joda.time.TestMonthDay_Properties#testPropertyHashCode
1846,org.joda.time.TestLocalDate_Properties#testPropertyHashCode
1847,org.joda.time.TestLocalDate_Properties#testPropertyCompareToYear
1848,org.joda.time.TestLocalDateTime_Properties#testPropertySetCopyTextMonth
1849,org.joda.time.TestBaseSingleFieldPeriod#testFactory_standardPeriodIn_RPeriod
1850,org.joda.time.chrono.TestLenientChronology#test_setMonthOfYear
1851,org.joda.time.TestYearMonth_Properties#testPropertySetTextYear
1852,org.joda.time.TestYearMonth_Properties#testPropertySetMonth
1853,org.joda.time.TestYearMonth_Properties#testPropertyAddWrapFieldYear
1854,org.joda.time.TestYearMonth_Properties#testPropertyAddWrapFieldMonth
1855,org.joda.time.TestYearMonthDay_Properties#testPropertyGetMaxMinValuesYear
1856,org.joda.time.TestYearMonthDay_Properties#testPropertyGetMaxMinValuesMonth
1857,org.joda.time.TestSerialization#testSerializedYearMonthDay
1858,org.joda.time.TestMonthDay_Properties#testPropertyEqualsHashCodeStrict
1859,org.joda.time.TestLocalDate_Properties#testPropertyEqualsHashCodeStrict
1860,org.joda.time.TestInterval_Constructors#testConstructor_RI_RD1
1861,org.joda.time.TestInterval_Constructors#testConstructor_RD_RI1
1862,org.joda.time.TestDateTimeUtils#testGetPeriodType_PeriodType
1863,org.joda.time.TestDateTimeUtils#testGetDurationMillis_RI
1864,org.joda.time.TestDateMidnight_Constructors#testConstructor_int_int_int_nullDateTimeZone
1865,org.joda.time.TestDateMidnight_Constructors#testConstructor_int_int_int_Chronology
1866,org.joda.time.format.TestISODateTimeFormatParsing#test_basicDateTime
1867,org.joda.time.chrono.TestLenientChronology#test_setYear
1868,org.joda.time.chrono.TestLenientChronology#test_setHourOfDay
1869,org.joda.time.chrono.TestLenientChronology#test_setDayOfMonth
1870,org.joda.time.TestYearMonth_Properties#testPropertyEqualsHashCodeStrict
1871,org.joda.time.TestSerialization#testSerializedDateMidnight
1872,org.joda.time.TestMutableInterval_Constructors#testConstructor_RI_RD1
1873,org.joda.time.TestMutableInterval_Constructors#testConstructor_RD_RI1
1874,org.joda.time.TestMutableDateTime_Basics#testRounding8
1875,org.joda.time.TestLocalDate_Properties#testPropertyGetMaxMinValuesDay
1876,org.joda.time.TestInterval_Constructors#testConstructor_RI_RI_zones
1877,org.joda.time.TestInterval_Constructors#testConstructor_RI_RI5
1878,org.joda.time.TestInterval_Constructors#testConstructor_RI_RI4
1879,org.joda.time.TestDateTimeUtils#testMillisProvider
1880,org.joda.time.TestDateMidnight_Constructors#testConstructor_int_int_int_nullChronology
1881,org.joda.time.format.TestISOPeriodFormat#testFormatStandard
1882,org.joda.time.format.TestISODateTimeFormatParsing#test_timeElementParser
1883,org.joda.time.field.TestUnsupportedDateTimeField#testDelegatedMethods
1884,org.joda.time.chrono.TestLenientChronology#testNearDstTransition
1885,org.joda.time.TestYearMonth_Properties#testPropertyAddYear
1886,org.joda.time.TestMutableInterval_Constructors#testConstructor_RI_RI5
1887,org.joda.time.TestMutableInterval_Constructors#testConstructor_RI_RI4
1888,org.joda.time.TestMutableDateTime_Basics#testEqualsHashCode
1889,org.joda.time.TestMonthDay_Properties#testPropertyGetMaxMinValuesMonthOfYear
1890,org.joda.time.TestInterval_Constructors#testConstructor_RI_RI1
1891,org.joda.time.format.TestISODateTimeFormatParsing#test_localTimeParser
1892,org.joda.time.format.TestISODateTimeFormatParsing#test_basicWeekDateTimeNoMillis
1893,org.joda.time.format.TestISODateTimeFormat#testFormat_time_partial
1894,org.joda.time.field.TestOffsetDateTimeField#test_set_RP_int_intarray_String_Locale
1895,org.joda.time.chrono.TestEthiopicChronology#testDurationYear
1896,org.joda.time.chrono.TestCopticChronology#testDurationYear
1897,org.joda.time.TestYearMonth_Properties#testPropertySetYear
1898,org.joda.time.TestMutableInterval_Constructors#testConstructor_RI_RI1
1899,org.joda.time.TestMutableDateTime_Properties#testPropertyRemainderHourOfDay
1900,org.joda.time.TestInterval_Constructors#testConstructor_long_long_nullZone
1901,org.joda.time.TestInterval_Constructors#testConstructor_long_long_nullChronology
1902,org.joda.time.TestInterval_Constructors#testConstructor_long_long_Zone
1903,org.joda.time.TestInterval_Constructors#testConstructor_long_long2
1904,org.joda.time.TestInterval_Constructors#testConstructor_long_long1
1905,org.joda.time.TestInterval_Constructors#testConstructor_RI_RI6
1906,org.joda.time.TestDateTimeZoneCutover#test_DateTime_new_Turk
1907,org.joda.time.TestDateTimeZoneCutover#test_DateTime_new_Gaza
1908,org.joda.time.TestDateTimeUtils#testSystemMillis
1909,org.joda.time.chrono.TestIslamicChronology#testCalendar
1910,org.joda.time.TestYearMonth_Properties#testPropertyHashCode
1911,org.joda.time.TestMutableInterval_Constructors#testConstructor_long_long_Chronology2
1912,org.joda.time.TestMutableInterval_Constructors#testConstructor_long_long2
1913,org.joda.time.TestMutableInterval_Constructors#testConstructor_long_long1
1914,org.joda.time.TestMutableInterval_Constructors#testConstructor_RI_RI6
1915,org.joda.time.TestMutableDateTime_Constructors#testConstructor_int_int_int_int_int_int_int
1916,org.joda.time.TestLocalDateTime_Properties#testPropertyWithMaximumValueDayOfMonth
1917,org.joda.time.TestLocalDateTime_Properties#testPropertyWithMaxMinValueSecond
1918,org.joda.time.TestLocalDateTime_Properties#testPropertyWithMaxMinValueMinute
1919,org.joda.time.TestLocalDateTime_Properties#testPropertyWithMaxMinValueMilli
1920,org.joda.time.TestLocalDateTime_Properties#testPropertyWithMaxMinValueHour
1921,org.joda.time.TestLocalDateTime_Properties#testPropertyAddWrapFieldToCopyDay
1922,org.joda.time.TestInterval_Constructors#testConstructor_RI_RI7
1923,org.joda.time.TestDuration_Constructors#testConstructor_RI_RI3
1924,org.joda.time.TestDuration_Constructors#testConstructor_RI_RI2
1925,org.joda.time.TestDateTime_Constructors#testConstructor_int_int_int_int_int_int_int
1926,org.joda.time.TestDateTimeUtils#testMillisProvider_null
1927,org.joda.time.TestDateTimeUtils#testGetZone_Zone
1928,org.joda.time.TestDateTimeUtils#testClass
1929,org.joda.time.tz.TestBuilder#testID
1930,org.joda.time.format.TestISOPeriodFormat#testFormatAlternateExtendedWithWeeks
1931,org.joda.time.field.TestPreciseDurationDateTimeField#test_set_RP_int_intarray_String_Locale
1932,org.joda.time.field.TestPreciseDateTimeField#test_set_RP_int_intarray_String_Locale
1933,org.joda.time.field.TestOffsetDateTimeField#test_set_RP_int_intarray_int
1934,org.joda.time.field.TestOffsetDateTimeField#test_addWrapField_RP_int_intarray_int
1935,org.joda.time.field.TestBaseDateTimeField#test_set_RP_int_intarray_String_Locale
1936,org.joda.time.TestPeriod_Basics#testPlus
1937,org.joda.time.TestPeriod_Basics#testMinus
1938,org.joda.time.TestMutableInterval_Constructors#testConstructor_RI_RI7
1939,org.joda.time.TestLocalDateTime_Properties#testPropertyWithMinimumValueDayOfMonth
1940,org.joda.time.TestLocalDateTime_Properties#testPropertyGetDay
1941,org.joda.time.TestLocalDateTime_Properties#testPropertyAddToCopyYear
1942,org.joda.time.TestInstant_Basics#testGet_DateTimeField
1943,org.joda.time.TestDuration_Constructors#testConstructor_RI_RI1
1944,org.joda.time.TestDateTimeUtils#testSystemMillisSecurity
1945,org.joda.time.TestDateTimeUtils#testOffsetMillisToZero
1946,org.joda.time.TestDateTimeUtils#testOffsetMillisSecurity
1947,org.joda.time.TestDateTimeUtils#testMillisProviderSecurity
1948,org.joda.time.TestDateTimeUtils#testFixedMillisSecurity
1949,org.joda.time.format.TestISODateTimeFormat_Fields#testForFields_weekBased_YWD
1950,org.joda.time.format.TestISODateTimeFormatParsing#test_ordinalDateTimeNoMillis
1951,org.joda.time.format.TestISODateTimeFormatParsing#test_basicOrdinalDateTime
1952,org.joda.time.TestPeriod_Basics#testWithPeriodType2
1953,org.joda.time.TestLocalDateTime_Properties#testPropertySetCopyDay
1954,org.joda.time.TestLocalDateTime_Properties#testPropertyRoundHour
1955,org.joda.time.TestDuration_Constructors#testConstructor_long_long1
1956,org.joda.time.TestDateMidnight_Constructors#testConstructor
1957,org.joda.time.format.TestISOPeriodFormat#testFormatAlternateWithWeeks
1958,org.joda.time.field.TestPreciseDurationDateTimeField#test_set_RP_int_intarray_int
1959,org.joda.time.field.TestPreciseDurationDateTimeField#test_addWrapField_RP_int_intarray_int
1960,org.joda.time.field.TestPreciseDateTimeField#test_set_RP_int_intarray_int
1961,org.joda.time.field.TestPreciseDateTimeField#test_addWrapField_RP_int_intarray_int
1962,org.joda.time.field.TestOffsetDateTimeField#test_add_RP_int_intarray_int
1963,org.joda.time.field.TestBaseDateTimeField#test_set_RP_int_intarray_int
1964,org.joda.time.field.TestBaseDateTimeField#test_addWrapField_RP_int_intarray_int
1965,org.joda.time.chrono.TestEthiopicChronology#testDurationMonth
1966,org.joda.time.chrono.TestCopticChronology#testDurationMonth
1967,org.joda.time.TestYearMonth_Properties#testPropertyGetMaxMinValuesYear
1968,org.joda.time.TestYearMonth_Properties#testPropertyGetMaxMinValuesMonth
1969,org.joda.time.TestPeriod_Constructors#testFactoryFieldDifference1
1970,org.joda.time.TestMutablePeriod_Constructors#testConstructor_Object_Chronology1
1971,org.joda.time.TestMutableDateTime_Constructors#testConstructor_int_int_int_int_int_int_int_DateTimeZone
1972,org.joda.time.TestLocalDate_Properties#testPropertyGetMaxMinValuesMonth
1973,org.joda.time.TestLocalDateTime_Properties#testPropertyWithMinimumValueHour
1974,org.joda.time.TestLocalDateTime_Properties#testPropertyWithMaximumValueHour
1975,org.joda.time.TestLocalDateTime_Properties#testPropertySetCopyTextYear
1976,org.joda.time.TestLocalDateTime_Properties#testPropertySetCopyTextDay
1977,org.joda.time.TestLocalDateTime_Properties#testPropertyEquals
1978,org.joda.time.TestLocalDateTime_Properties#testPropertyAddWrapFieldToCopyYear
1979,org.joda.time.TestInterval_Constructors#testConstructor_long_long3
1980,org.joda.time.TestInterval_Basics#testOverlap_RInterval_zone
1981,org.joda.time.TestDateTime_Constructors#testConstructor_int_int_int_int_int_int_int_DateTimeZone
1982,org.joda.time.TestDateTime_Constructors#testConstructor_int_int_int_int_int_int
1983,org.joda.time.TestDateTime_Constructors#testConstructor_int_int_int_int_int
1984,org.joda.time.format.TestISODateTimeFormatParsing#test_timeParser
1985,org.joda.time.field.TestBaseDateTimeField#test_add_RP_int_intarray_int
1986,org.joda.time.TestMutableInterval_Constructors#testConstructor_long_long3
1987,org.joda.time.TestMutableDateTime_Sets#testSetZoneRetainFields_DateTimeZone1
1988,org.joda.time.TestMutableDateTime_Adds#testAdd_DurationFieldType_int1
1989,org.joda.time.TestLocalDateTime_Properties#testPropertySetCopyMonth
1990,org.joda.time.TestLocalDateTime_Properties#testPropertyAddWrapFieldToCopyMonth
1991,org.joda.time.TestInterval_Basics#testWithDurationBeforeEnd1
1992,org.joda.time.TestInterval_Basics#testWithDurationAfterStart1
1993,org.joda.time.TestInterval_Basics#testOverlap_RInterval_zoneUTC
1994,org.joda.time.TestInterval_Basics#testGap_RInterval_zone
1995,org.joda.time.format.TestDateTimeFormat#testFormat_year_long
1996,org.joda.time.field.TestPreciseDurationDateTimeField#test_add_RP_int_intarray_int
1997,org.joda.time.field.TestPreciseDateTimeField#test_add_RP_int_intarray_int
1998,org.joda.time.field.TestOffsetDateTimeField#test_getMinimumValue_RP_intarray
1999,org.joda.time.field.TestOffsetDateTimeField#test_getMinimumValue_RP
2000,org.joda.time.field.TestOffsetDateTimeField#test_getMaximumValue_RP_intarray
2001,org.joda.time.field.TestOffsetDateTimeField#test_getMaximumValue_RP
2002,org.joda.time.chrono.TestLenientChronology#test_MockTurkIsCorrect
2003,org.joda.time.TestMutablePeriod_Basics#testToPeriod
2004,org.joda.time.TestMutableDateTime_Constructors#testConstructor_int_int_int_int_int_int_int_nullDateTimeZone
2005,org.joda.time.TestMutableDateTime_Constructors#testConstructor_int_int_int_int_int_int_int_Chronology
2006,org.joda.time.TestLocalDate_Properties#testPropertyGetMaxMinValuesYear
2007,org.joda.time.TestLocalDateTime_Properties#testPropertySetTextSecond
2008,org.joda.time.TestLocalDateTime_Properties#testPropertySetTextMinute
2009,org.joda.time.TestLocalDateTime_Properties#testPropertySetTextMilli
2010,org.joda.time.TestLocalDateTime_Properties#testPropertySetTextHour
2011,org.joda.time.TestLocalDateTime_Properties#testPropertySetSecond
2012,org.joda.time.TestLocalDateTime_Properties#testPropertySetMinute
2013,org.joda.time.TestLocalDateTime_Properties#testPropertySetMilli
2014,org.joda.time.TestLocalDateTime_Properties#testPropertySetHour
2015,org.joda.time.TestInterval_Constructors#testConstructor_RI_RD4
2016,org.joda.time.TestInterval_Constructors#testConstructor_RD_RI4
2017,org.joda.time.TestInterval_Basics#testGetMillis
2018,org.joda.time.TestInterval_Basics#testGap_RInterval_zoneUTC
2019,org.joda.time.TestDateTime_Constructors#testConstructor_int_int_int_int_int_nullDateTimeZone
2020,org.joda.time.TestDateTime_Constructors#testConstructor_int_int_int_int_int_int_nullDateTimeZone
2021,org.joda.time.TestDateTime_Constructors#testConstructor_int_int_int_int_int_int_int_nullDateTimeZone
2022,org.joda.time.TestDateTime_Constructors#testConstructor_int_int_int_int_int_int_int_Chronology
2023,org.joda.time.format.TestISOPeriodFormat#testFormatAlternateExtended
2024,org.joda.time.format.TestISODateTimeFormatParsing#test_basicDateTimeNoMillis
2025,org.joda.time.TestPeriod_Basics#testToString_nullPeriodFormatter
2026,org.joda.time.TestMutableInterval_Constructors#testConstructor_RI_RD4
2027,org.joda.time.TestMutableInterval_Constructors#testConstructor_RD_RI4
2028,org.joda.time.TestMutableInterval_Basics#testSerialization
2029,org.joda.time.TestMutableDateTime_Sets#testSetZoneRetainFields_DateTimeZone3
2030,org.joda.time.TestMutableDateTime_Constructors#testConstructor_int_int_int_int_int_int_int_nullChronology
2031,org.joda.time.TestLocalDateTime_Properties#testPropertySetCopyYear
2032,org.joda.time.TestInterval_Basics#testWithDurationBeforeEnd3
2033,org.joda.time.TestInterval_Basics#testWithDurationAfterStart3
2034,org.joda.time.TestInterval_Basics#testSerialization
2035,org.joda.time.TestDuration_Basics#testToPeriod_PeriodType
2036,org.joda.time.TestDuration_Basics#testToPeriod
2037,org.joda.time.TestDateTime_Constructors#testConstructor_int_int_int_int_int_nullChronology
2038,org.joda.time.TestDateTime_Constructors#testConstructor_int_int_int_int_int_int_nullChronology
2039,org.joda.time.TestDateTime_Constructors#testConstructor_int_int_int_int_int_int_int_nullChronology
2040,org.joda.time.TestDateTime_Constructors#testConstructor_int_int_int_int_int_int_DateTimeZone
2041,org.joda.time.TestDateTime_Constructors#testConstructor_int_int_int_int_int_DateTimeZone
2042,org.joda.time.field.TestPreciseDurationDateTimeField#test_getMinimumValue_RP_intarray
2043,org.joda.time.field.TestPreciseDurationDateTimeField#test_getMinimumValue_RP
2044,org.joda.time.field.TestPreciseDurationDateTimeField#test_getMaximumValue_RP_intarray
2045,org.joda.time.field.TestPreciseDurationDateTimeField#test_getMaximumValue_RP
2046,org.joda.time.field.TestPreciseDateTimeField#test_getMinimumValue_RP_intarray
2047,org.joda.time.field.TestPreciseDateTimeField#test_getMinimumValue_RP
2048,org.joda.time.field.TestPreciseDateTimeField#test_getMaximumValue_RP_intarray
2049,org.joda.time.field.TestPreciseDateTimeField#test_getMaximumValue_RP
2050,org.joda.time.field.TestBaseDateTimeField#test_getMinimumValue_RP_intarray
2051,org.joda.time.field.TestBaseDateTimeField#test_getMinimumValue_RP
2052,org.joda.time.field.TestBaseDateTimeField#test_getMaximumValue_RP_intarray
2053,org.joda.time.field.TestBaseDateTimeField#test_getMaximumValue_RP
2054,org.joda.time.TestPeriod_Basics#testToMutablePeriod
2055,org.joda.time.TestMutableInterval_Basics#testGetMillis
2056,org.joda.time.TestMutableDateTime_Sets#testSet_DateTimeFieldType_int1
2057,org.joda.time.TestLocalDateTime_Properties#testPropertyGetYear
2058,org.joda.time.TestLocalDateTime_Properties#testPropertyAddWrapFieldToCopySecond
2059,org.joda.time.TestLocalDateTime_Properties#testPropertyAddWrapFieldToCopyMinute
2060,org.joda.time.TestLocalDateTime_Properties#testPropertyAddWrapFieldToCopyMilli
2061,org.joda.time.TestLocalDateTime_Properties#testPropertyAddWrapFieldToCopyHour
2062,org.joda.time.TestBaseSingleFieldPeriod#testFactory_between_RInstant
2063,org.joda.time.format.TestISOPeriodFormat#testFormatAlternate
2064,org.joda.time.convert.TestReadableDurationConverter#testSetInto_Object
2065,org.joda.time.TestPeriod_Basics#testToString_PeriodFormatter
2066,org.joda.time.TestMutablePeriod_Basics#testToMutablePeriod
2067,org.joda.time.TestMutableDateTime_Basics#testRounding7
2068,org.joda.time.TestLocalDateTime_Properties#testPropertyGetSecond
2069,org.joda.time.TestLocalDateTime_Properties#testPropertyGetMinute
2070,org.joda.time.TestLocalDateTime_Properties#testPropertyGetMilli
2071,org.joda.time.TestLocalDateTime_Properties#testPropertyGetHour
2072,org.joda.time.TestLocalDateTime_Properties#testPropertyAddToCopySecond
2073,org.joda.time.TestLocalDateTime_Properties#testPropertyAddToCopyMinute
2074,org.joda.time.TestLocalDateTime_Properties#testPropertyAddToCopyMilli
2075,org.joda.time.TestLocalDateTime_Properties#testPropertyAddToCopyHour
2076,org.joda.time.TestLocalDateTime_Properties#testPropertyAddToCopyDay
2077,org.joda.time.TestInterval_Basics#testWithPeriodBeforeEnd2
2078,org.joda.time.TestInterval_Basics#testWithPeriodAfterStart2
2079,org.joda.time.TestInterval_Basics#testWithDurationBeforeEnd4
2080,org.joda.time.TestInterval_Basics#testWithDurationAfterStart4
2081,org.joda.time.TestDateTime_Constructors#testConstructor_int_int_int_int_int_int_Chronology
2082,org.joda.time.TestDateTime_Constructors#testConstructor_int_int_int_int_int_Chronology
2083,org.joda.time.TestDateMidnight_Constructors#testConstructor_nullDateTimeZone
2084,org.joda.time.TestDateMidnight_Constructors#testConstructor_nullChronology
2085,org.joda.time.format.TestISODateTimeFormat_Fields#testForFields_weekBased_YW
2086,org.joda.time.format.TestISODateTimeFormat#testFormat_date_partial
2087,org.joda.time.TestPeriod_Basics#testToStandardSeconds
2088,org.joda.time.TestPeriod_Basics#testToStandardMinutes
2089,org.joda.time.TestPeriod_Basics#testToStandardHours
2090,org.joda.time.TestPeriod_Basics#testToStandardDays
2091,org.joda.time.TestMutableDateTime_Sets#testSet_DateTimeFieldType_int3
2092,org.joda.time.TestMutableDateTime_Sets#testSetTime_int_int_int2
2093,org.joda.time.TestLocalDateTime_Properties#testPropertyAddToCopyMonth
2094,org.joda.time.TestInterval_Basics#testWithStartInstant_RI3
2095,org.joda.time.TestInterval_Basics#testWithStartInstant_RI1
2096,org.joda.time.TestInterval_Basics#testWithEndInstant_RI3
2097,org.joda.time.TestInterval_Basics#testWithEndInstant_RI1
2098,org.joda.time.TestInterval_Basics#testWithDurationBeforeEnd2
2099,org.joda.time.TestInterval_Basics#testWithDurationAfterStart2
2100,org.joda.time.TestInterval_Basics#testOverlap_RInterval_null
2101,org.joda.time.TestDateMidnight_Constructors#testConstructor_DateTimeZone
2102,org.joda.time.TestDateMidnight_Constructors#testConstructor_Chronology
2103,org.joda.time.format.TestISODateTimeFormat_Fields#testForFields_datetime_YMDH
2104,org.joda.time.convert.TestReadableIntervalConverter#testSetIntoPeriod_Object1
2105,org.joda.time.chrono.TestEthiopicChronology#testDurationFields
2106,org.joda.time.chrono.TestCopticChronology#testDurationFields
2107,org.joda.time.TestPeriod_Constructors#testConstructor_RP_RP2Local
2108,org.joda.time.TestPeriod_Basics#testToStandardWeeks
2109,org.joda.time.TestInterval_Basics#testGap_RInterval_null
2110,org.joda.time.TestDateMidnight_Constructors#testConstructor_long_nullDateTimeZone
2111,org.joda.time.TestDateMidnight_Constructors#testConstructor_long2
2112,org.joda.time.TestDateMidnight_Constructors#testConstructor_long1
2113,org.joda.time.format.TestISOPeriodFormatParsing#testParseStandardFail1
2114,org.joda.time.format.TestISODateTimeFormatParsing#test_basicOrdinalDateTimeNoMillis
2115,org.joda.time.TestPeriod_Constructors#testConstructor_RP_RP_PeriodType2Local
2116,org.joda.time.TestInterval_Basics#test_useCase_ContainsOverlapAbutGap_zeroDuration
2117,org.joda.time.TestInterval_Basics#test_useCase_ContainsOverlapAbutGap_bothZeroDuration
2118,org.joda.time.TestInterval_Basics#test_useCase_ContainsOverlapAbutGap
2119,org.joda.time.TestInterval_Basics#testWithStartInstant_RI2
2120,org.joda.time.TestInterval_Basics#testWithEndInstant_RI2
2121,org.joda.time.TestInterval_Basics#testOverlap_RInterval
2122,org.joda.time.TestInterval_Basics#testGetDuration1
2123,org.joda.time.TestDateMidnight_Constructors#testConstructor_long_nullChronology
2124,org.joda.time.TestDateMidnight_Constructors#testConstructor_long2_DateTimeZone
2125,org.joda.time.TestDateMidnight_Constructors#testConstructor_long1_DateTimeZone
2126,org.joda.time.format.TestPeriodFormat#test_getDefault_formatTwoFields
2127,org.joda.time.format.TestISODateTimeFormat_Fields#testForFields_calBased_YMD_unmodifiable
2128,org.joda.time.format.TestISODateTimeFormat_Fields#testForFields_calBased_YMD_duplicates
2129,org.joda.time.format.TestISODateTimeFormat_Fields#testForFields_calBased_YMD
2130,org.joda.time.format.TestDateTimeFormat#testFormatParse_zoneId_noColon_parseZ
2131,org.joda.time.format.TestDateTimeFormat#testFormatParse_zoneId_colon_parseZ
2132,org.joda.time.TestPeriod_Basics#testToStandardSeconds_years
2133,org.joda.time.TestPeriod_Basics#testToStandardSeconds_months
2134,org.joda.time.TestPeriod_Basics#testToStandardMinutes_years
2135,org.joda.time.TestPeriod_Basics#testToStandardMinutes_months
2136,org.joda.time.TestPeriod_Basics#testToStandardHours_years
2137,org.joda.time.TestPeriod_Basics#testToStandardHours_months
2138,org.joda.time.TestPeriod_Basics#testToStandardDays_years
2139,org.joda.time.TestPeriod_Basics#testToStandardDays_months
2140,org.joda.time.TestInterval_Basics#testToMutableInterval1
2141,org.joda.time.TestInterval_Basics#testGetDuration2
2142,org.joda.time.TestInterval_Basics#testGap_RInterval
2143,org.joda.time.TestDateMidnight_Constructors#testConstructor_long2_Chronology
2144,org.joda.time.TestDateMidnight_Constructors#testConstructor_long1_Chronology
2145,org.joda.time.format.TestPeriodFormat#test_wordBased_pt_formatTwoFields
2146,org.joda.time.format.TestPeriodFormat#test_wordBased_nl_formatTwoFields
2147,org.joda.time.format.TestPeriodFormat#test_wordBased_fr_formatTwoFields
2148,org.joda.time.format.TestPeriodFormat#test_wordBased_es_formatTwoFields
2149,org.joda.time.format.TestPeriodFormat#test_wordBased_de_formatTwoFields
2150,org.joda.time.format.TestISODateTimeFormat_Fields#testForFields_weekBased_YD
2151,org.joda.time.format.TestISODateTimeFormat#testFormat_timeNoMillis_partial
2152,org.joda.time.TestPeriod_Basics#testToStandardWeeks_years
2153,org.joda.time.TestPeriod_Basics#testToStandardWeeks_months
2154,org.joda.time.TestMutableInterval_Basics#testIsBefore_RInterval
2155,org.joda.time.TestMutableInterval_Basics#testGetDuration1
2156,org.joda.time.TestMutableInterval_Basics#testContains_RInterval
2157,org.joda.time.TestMutableInterval_Basics#testContains_RI
2158,org.joda.time.TestLocalDateTime_Properties#testPropertyCompareToDay
2159,org.joda.time.TestInterval_Basics#testWithStartMillis_long1
2160,org.joda.time.TestInterval_Basics#testWithEndMillis_long1
2161,org.joda.time.TestInterval_Basics#testWithChronology2
2162,org.joda.time.TestInterval_Basics#testContains_RInterval_zeroDuration
2163,org.joda.time.TestInterval_Basics#testContains_RInterval_null
2164,org.joda.time.TestInterval_Basics#testContains_RI_null
2165,org.joda.time.format.TestPeriodFormat#test_getDefault_formatStandard
2166,org.joda.time.field.TestUnsupportedDateTimeField#testPublicGetNameMethod
2167,org.joda.time.field.TestUnsupportedDateTimeField#testMethodsThatShouldAlwaysReturnNull
2168,org.joda.time.field.TestUnsupportedDateTimeField#testAlwaysFalseReturnTypes
2169,org.joda.time.convert.TestDateConverter#testGetChronology_Object_Chronology
2170,org.joda.time.TestMutableInterval_Basics#testIsBefore_RI
2171,org.joda.time.TestMutableInterval_Basics#testIsAfter_RI
2172,org.joda.time.TestMutableInterval_Basics#testGetDuration2
2173,org.joda.time.TestInterval_Basics#testIsBefore_RInterval_null
2174,org.joda.time.TestInterval_Basics#testIsBefore_RI_null
2175,org.joda.time.TestInterval_Basics#testIsAfter_RI_null
2176,org.joda.time.TestInterval_Basics#testContains_RI_zeroDuration
2177,org.joda.time.TestInterval_Basics#testContains_RI
2178,org.joda.time.TestInterval_Basics#testContainsNow
2179,org.joda.time.TestDateTimeZone#testCommentParse
2180,org.joda.time.format.TestPeriodFormat#test_wordBased_pt_formatStandard
2181,org.joda.time.format.TestPeriodFormat#test_wordBased_nl_formatStandard
2182,org.joda.time.format.TestPeriodFormat#test_wordBased_fr_formatStandard
2183,org.joda.time.format.TestPeriodFormat#test_wordBased_es_formatStandard
2184,org.joda.time.format.TestPeriodFormat#test_wordBased_de_formatStandard
2185,org.joda.time.format.TestPeriodFormat#test_getDefault_FormatOneField
2186,org.joda.time.format.TestISODateTimeFormat_Fields#testForFields_ordinalBased_YD
2187,org.joda.time.field.TestUnsupportedDateTimeField#testToString
2188,org.joda.time.field.TestUnsupportedDateTimeField#testDifferentDurationReturnDifferentObjects
2189,org.joda.time.convert.TestDateConverter#testGetChronology_Object_Zone
2190,org.joda.time.TestMutableInterval_Basics#testOverlaps_RInterval
2191,org.joda.time.TestMutableInterval_Basics#testIsAfter_RInterval
2192,org.joda.time.TestLocalDateTime_Properties#testPropertyCompareToMonth
2193,org.joda.time.TestInterval_Basics#testWithStartMillis_long2
2194,org.joda.time.TestInterval_Basics#testWithEndMillis_long2
2195,org.joda.time.TestInterval_Basics#testOverlaps_RInterval_null
2196,org.joda.time.TestInterval_Basics#testIsBefore_RI
2197,org.joda.time.TestInterval_Basics#testIsBeforeNow
2198,org.joda.time.TestInterval_Basics#testIsAfter_RI
2199,org.joda.time.TestInterval_Basics#testIsAfterNow
2200,org.joda.time.TestInterval_Basics#testAbuts_RInterval_null
2201,org.joda.time.format.TestPeriodFormat#test_wordBased_pt_FormatOneField
2202,org.joda.time.format.TestPeriodFormat#test_wordBased_nl_FormatOneField
2203,org.joda.time.format.TestPeriodFormat#test_wordBased_fr_FormatOneField
2204,org.joda.time.format.TestPeriodFormat#test_wordBased_es_FormatOneField
2205,org.joda.time.format.TestPeriodFormat#test_wordBased_de_FormatOneField
2206,org.joda.time.field.TestUnsupportedDateTimeField#testNullValuesToGetInstanceThrowsException
2207,org.joda.time.convert.TestDateConverter#testToString
2208,org.joda.time.chrono.TestIslamicChronology#testDurationFields
2209,org.joda.time.chrono.TestEthiopicChronology#testToString
2210,org.joda.time.chrono.TestCopticChronology#testToString
2211,org.joda.time.TestMutableInterval_Basics#testContainsNow
2212,org.joda.time.TestLocalDateTime_Properties#testPropertyHashCode
2213,org.joda.time.TestInterval_Basics#testIsBefore_RInterval
2214,org.joda.time.TestInterval_Basics#testIsAfter_RInterval_null
2215,org.joda.time.TestDateTimeComparator#testBasicComps2
2216,org.joda.time.TestDateTimeComparator#testBasicComps1
2217,org.joda.time.format.TestPeriodFormatterBuilder#testFormatSeparatorComplex
2218,org.joda.time.format.TestISODateTimeFormat_Fields#testForFields_calBased_YD
2219,org.joda.time.convert.TestDateConverter#testSupportedType
2220,org.joda.time.convert.TestDateConverter#testGetInstantMillis_Object_Chronology
2221,org.joda.time.chrono.TestGJChronology#testIllegalDates
2222,org.joda.time.chrono.TestEthiopicChronology#testWithZone
2223,org.joda.time.chrono.TestEthiopicChronology#testTimeFields
2224,org.joda.time.chrono.TestEthiopicChronology#testDateFields
2225,org.joda.time.chrono.TestCopticChronology#testWithZone
2226,org.joda.time.chrono.TestCopticChronology#testTimeFields
2227,org.joda.time.chrono.TestCopticChronology#testDateFields
2228,org.joda.time.TestPeriod_Constructors#testConstructor_Object_PeriodType4
2229,org.joda.time.TestPeriod_Constructors#testConstructor_Object_PeriodType3
2230,org.joda.time.TestPeriod_Constructors#testConstructor_Object3
2231,org.joda.time.TestPeriod_Basics#testWithPeriodType5
2232,org.joda.time.TestMutablePeriod_Updates#testAdd_RInterval3
2233,org.joda.time.TestMutableInterval_Basics#testIsBeforeNow
2234,org.joda.time.TestMutableInterval_Basics#testIsAfterNow
2235,org.joda.time.TestLocalDateTime_Properties#testPropertyCompareToYear
2236,org.joda.time.TestInterval_Basics#testWithStartMillis_long3
2237,org.joda.time.TestInterval_Basics#testWithEndMillis_long3
2238,org.joda.time.TestInterval_Basics#testWithChronology3
2239,org.joda.time.TestInterval_Basics#testOverlaps_RInterval_zeroDuration
2240,org.joda.time.TestInterval_Basics#testOverlaps_RInterval
2241,org.joda.time.TestInterval_Basics#testIsAfter_RInterval
2242,org.joda.time.TestInterval_Basics#testContains_long_zeroDuration
2243,org.joda.time.TestInterval_Basics#testContains_long
2244,org.joda.time.TestInterval_Basics#testContains_RInterval
2245,org.joda.time.TestInterval_Basics#testAbuts_RInterval
2246,org.joda.time.TestBaseSingleFieldPeriod#testEqualsHashCode
2247,org.joda.time.chrono.TestEthiopicChronology#testFactory
2248,org.joda.time.chrono.TestCopticChronology#testFactory
2249,org.joda.time.TestTimeOfDay_Constructors#testConstructor_Chronology
2250,org.joda.time.TestPeriod_Constructors#testConstructor_Object4
2251,org.joda.time.TestLocalDateTime_Properties#testPropertyGetMaxMinValuesDay
2252,org.joda.time.TestInterval_Basics#testToInterval1
2253,org.joda.time.TestInterval_Basics#testIsBefore_long
2254,org.joda.time.TestInterval_Basics#testIsAfter_long
2255,org.joda.time.format.TestISOPeriodFormatParsing#testParseStandardFail4
2256,org.joda.time.format.TestISOPeriodFormatParsing#testParseStandardFail3
2257,org.joda.time.format.TestISOPeriodFormatParsing#testParseStandardFail2
2258,org.joda.time.format.TestISODateTimeFormatParsing#test_tTime
2259,org.joda.time.chrono.TestEthiopicChronology#testWithUTC
2260,org.joda.time.chrono.TestEthiopicChronology#testFactory_Zone
2261,org.joda.time.chrono.TestEthiopicChronology#testEquality
2262,org.joda.time.chrono.TestCopticChronology#testWithUTC
2263,org.joda.time.chrono.TestCopticChronology#testFactory_Zone
2264,org.joda.time.chrono.TestCopticChronology#testEquality
2265,org.joda.time.TestMutablePeriod_Constructors#testConstructor_Object_PeriodType4
2266,org.joda.time.TestMutablePeriod_Constructors#testConstructor_Object_PeriodType3
2267,org.joda.time.TestMutablePeriod_Constructors#testConstructor_Object3
2268,org.joda.time.TestMutableInterval_Basics#testContains_long
2269,org.joda.time.TestDuration_Basics#testToPeriod_PeriodType_Chronology
2270,org.joda.time.TestDuration_Basics#testToPeriod_Chronology
2271,org.joda.time.format.TestISODateTimeFormat_Fields#testForFields_weekBased_WD
2272,org.joda.time.format.TestISODateTimeFormat_Fields#testForFields_calBased_YM
2273,org.joda.time.convert.TestDateConverter#testSingleton
2274,org.joda.time.TestMutablePeriod_Updates#testAdd_RP2
2275,org.joda.time.TestMutablePeriod_Updates#testAdd_RD2
2276,org.joda.time.TestMutablePeriod_Constructors#testConstructor_Object4
2277,org.joda.time.TestMutableInterval_Basics#testIsBefore_long
2278,org.joda.time.TestMutableInterval_Basics#testIsAfter_long
2279,org.joda.time.TestDateTimeZoneCutover#test_LocalDate_new_Turk
2280,org.joda.time.TestDateTimeZoneCutover#test_LocalDate_new_Gaza
2281,org.joda.time.format.TestISODateTimeFormatParsing#test_time
2282,org.joda.time.convert.TestReadablePeriodConverter#testGetPeriodType_Object
2283,org.joda.time.TestTimeOfDay_Constructors#testConstructor_long2_Chronology
2284,org.joda.time.TestTimeOfDay_Constructors#testConstructor_long1_Chronology
2285,org.joda.time.TestMutablePeriod_Updates#testAdd_RD1
2286,org.joda.time.TestMutableInterval_Constructors#testConstructor_RP_RI3
2287,org.joda.time.TestMutableInterval_Constructors#testConstructor_RI_RP3
2288,org.joda.time.format.TestPeriodFormatterBuilder#testFormatSeparatorSimple
2289,org.joda.time.format.TestPeriodFormatterBuilder#testFormatSeparatorIfFieldsBefore
2290,org.joda.time.format.TestPeriodFormatterBuilder#testFormatSeparatorIfFieldsAfter
2291,org.joda.time.format.TestPeriodFormatterBuilder#testFormatPrintZeroRarelyLast
2292,org.joda.time.format.TestPeriodFormatterBuilder#testFormatPrintZeroRarelyFirst
2293,org.joda.time.format.TestPeriodFormatterBuilder#testFormatPrefixSuffix
2294,org.joda.time.format.TestISODateTimeFormat_Fields#testForFields_datetime_YH
2295,org.joda.time.format.TestISODateTimeFormat_Fields#testForFields_calBased_MD
2296,org.joda.time.convert.TestNullConverter#testGetPartialValues
2297,org.joda.time.chrono.TestIslamicChronology#testToString
2298,org.joda.time.TestMutablePeriod_Updates#testAdd_long3
2299,org.joda.time.TestLocalDateTime_Properties#testPropertyCompareToSecond
2300,org.joda.time.TestLocalDateTime_Properties#testPropertyCompareToMinute
2301,org.joda.time.TestLocalDateTime_Properties#testPropertyCompareToMilli
2302,org.joda.time.TestLocalDateTime_Properties#testPropertyCompareToHour
2303,org.joda.time.format.TestPeriodFormatterBuilder#testFormatPrintZeroNever
2304,org.joda.time.format.TestPeriodFormatterBuilder#testFormatPrintZeroIfSupported
2305,org.joda.time.format.TestPeriodFormatterBuilder#testFormatPrintZeroDefault
2306,org.joda.time.format.TestPeriodFormatterBuilder#testFormatAppend_PrinterParser_Printer_null
2307,org.joda.time.chrono.TestIslamicChronology#testWithZone
2308,org.joda.time.chrono.TestIslamicChronology#testTimeFields
2309,org.joda.time.chrono.TestIslamicChronology#testDateFields
2310,org.joda.time.TestMutablePeriod_Updates#testSetPeriod_RD2
2311,org.joda.time.TestMutablePeriod_Updates#testSetPeriod_RD1
2312,org.joda.time.format.TestPeriodFormatterBuilder#testFormatSuffixSimple2
2313,org.joda.time.format.TestPeriodFormatterBuilder#testFormatSuffixSimple1
2314,org.joda.time.format.TestPeriodFormatterBuilder#testFormatSuffixPlural2
2315,org.joda.time.format.TestPeriodFormatterBuilder#testFormatSuffixPlural1
2316,org.joda.time.format.TestPeriodFormatterBuilder#testFormatAppendFormatter
2317,org.joda.time.chrono.TestIslamicChronology#testFactory
2318,org.joda.time.TestMutablePeriod_Updates#testAdd_long_Chronology3
2319,org.joda.time.TestMutableDateTime_Constructors#testTest
2320,org.joda.time.TestLocalDateTime_Properties#testPropertyGetMaxMinValuesMonth
2321,org.joda.time.TestDateTime_Constructors#testTest
2322,org.joda.time.format.TestPeriodFormatterBuilder#testFormatPrintZeroAlways
2323,org.joda.time.format.TestISODateTimeFormat_Fields#testForFields_datetime_DM
2324,org.joda.time.format.TestISODateTimeFormat_Fields#testForFields_datetime_DH
2325,org.joda.time.chrono.TestIslamicChronology#testWithUTC
2326,org.joda.time.chrono.TestIslamicChronology#testFactory_Zone
2327,org.joda.time.chrono.TestIslamicChronology#testEquality
2328,org.joda.time.chrono.TestGJChronology#testFactoryUTC
2329,org.joda.time.TestSerialization#testTest
2330,org.joda.time.TestPeriod_Basics#testTest
2331,org.joda.time.TestPeriodType#testTest
2332,org.joda.time.TestMutablePeriod_Updates#testTest
2333,org.joda.time.TestMutablePeriod_Updates#testAdd_long_Chronology2
2334,org.joda.time.TestMutablePeriod_Updates#testAdd_long_Chronology1
2335,org.joda.time.TestMutablePeriod_Updates#testAdd_long2
2336,org.joda.time.TestMutablePeriod_Updates#testAdd_long1
2337,org.joda.time.TestMutablePeriod_Basics#testTest
2338,org.joda.time.TestMutableInterval_Updates#testTest
2339,org.joda.time.TestMutableInterval_Constructors#testTest
2340,org.joda.time.TestMutableDateTime_Sets#testTest
2341,org.joda.time.TestMutableDateTime_Properties#testTest
2342,org.joda.time.TestMutableDateTime_Basics#testTest
2343,org.joda.time.TestMutableDateTime_Adds#testTest
2344,org.joda.time.TestLocalDateTime_Properties#testPropertyGetMaxMinValuesSecond
2345,org.joda.time.TestLocalDateTime_Properties#testPropertyGetMaxMinValuesMinute
2346,org.joda.time.TestLocalDateTime_Properties#testPropertyGetMaxMinValuesMilli
2347,org.joda.time.TestLocalDateTime_Properties#testPropertyGetMaxMinValuesHour
2348,org.joda.time.TestInstant_Basics#testToString
2349,org.joda.time.TestInstant_Basics#testTest
2350,org.joda.time.TestDuration_Basics#testTest
2351,org.joda.time.TestDateMidnight_Constructors#testTest
2352,org.joda.time.TestChronology#testTest
2353,org.joda.time.format.TestISODateTimeFormatParsing#test_basicTTime
2354,org.joda.time.convert.TestReadablePeriodConverter#testSetInto_Object
2355,org.joda.time.chrono.TestEthiopicChronology#testEpoch
2356,org.joda.time.chrono.TestCopticChronology#testEpoch
2357,org.joda.time.TestPeriod_Basics#testWithPeriodType3
2358,org.joda.time.TestMutablePeriod_Updates#testAdd_RP1
2359,org.joda.time.TestLocalDateTime_Properties#testPropertyGetMaxMinValuesYear
2360,org.joda.time.format.TestPeriodFormatterBuilder#testFormatPrefixSimple2
2361,org.joda.time.format.TestPeriodFormatterBuilder#testFormatPrefixSimple1
2362,org.joda.time.format.TestPeriodFormatterBuilder#testFormatPrefixPlural2
2363,org.joda.time.format.TestPeriodFormatterBuilder#testFormatPrefixPlural1
2364,org.joda.time.TestPeriod_Basics#testToDurationTo
2365,org.joda.time.TestPeriod_Basics#testToDurationFrom
2366,org.joda.time.TestMutablePeriod_Updates#testAdd_8ints2
2367,org.joda.time.format.TestISODateTimeFormat_Fields#testForFields_time_HMSm
2368,org.joda.time.TestMutablePeriod_Updates#testAdd_8ints1
2369,org.joda.time.TestDateTimeZone#testPatchedNameKeysSydneyHistoric
2370,org.joda.time.TestDateTimeZone#testPatchedNameKeysSydney
2371,org.joda.time.TestDateTimeZone#testPatchedNameKeysGazaHistoric
2372,org.joda.time.TestDateMidnight_Constructors#testConstructor_badconverterObject_DateTimeZone
2373,org.joda.time.TestDateMidnight_Constructors#testConstructor_badconverterObject_Chronology
2374,org.joda.time.format.TestISODateTimeFormat_Fields#testForFields_time_MSm
2375,org.joda.time.format.TestISODateTimeFormat_Fields#testForFields_time_HSm
2376,org.joda.time.format.TestISODateTimeFormat_Fields#testForFields_time_HMm
2377,org.joda.time.format.TestISODateTimeFormat_Fields#testForFields_time_HMS
2378,org.joda.time.format.TestISODateTimeFormatParsing#test_tTimeNoMillis
2379,org.joda.time.format.TestISODateTimeFormatParsing#test_hourMinuteSecondFraction
2380,org.joda.time.TestTimeOfDay_Properties#testPropertyCompareToSecond
2381,org.joda.time.TestTimeOfDay_Properties#testPropertyCompareToMinute
2382,org.joda.time.TestTimeOfDay_Properties#testPropertyCompareToMilli
2383,org.joda.time.TestTimeOfDay_Properties#testPropertyCompareToHour
2384,org.joda.time.TestTimeOfDay_Constructors#testFactoryMillisOfDay_long1_Chronology
2385,org.joda.time.TestPeriod_Basics#testMinusFields
2386,org.joda.time.TestMutablePeriod_Updates#testSetPeriod_long1
2387,org.joda.time.TestMutablePeriod_Updates#testAdd_RP3
2388,org.joda.time.TestMutablePeriod_Basics#testToDurationFrom
2389,org.joda.time.format.TestISODateTimeFormat_Fields#testForFields_weekBased_D
2390,org.joda.time.format.TestISODateTimeFormat_Fields#testForFields_time_Sm
2391,org.joda.time.format.TestISODateTimeFormat_Fields#testForFields_time_Mm
2392,org.joda.time.format.TestISODateTimeFormat_Fields#testForFields_time_MS
2393,org.joda.time.format.TestISODateTimeFormat_Fields#testForFields_time_Hm
2394,org.joda.time.format.TestISODateTimeFormat_Fields#testForFields_time_HS
2395,org.joda.time.format.TestISODateTimeFormat_Fields#testForFields_time_HM
2396,org.joda.time.format.TestISODateTimeFormat_Fields#testForFields_ordinalBased_D
2397,org.joda.time.format.TestISODateTimeFormat_Fields#testForFields_calBased_M
2398,org.joda.time.format.TestISODateTimeFormat_Fields#testForFields_calBased_D
2399,org.joda.time.format.TestISODateTimeFormatParsing#test_hourMinuteSecondMillis
2400,org.joda.time.TestPeriod_Basics#testNormalizedStandard_periodType_yearMonthWeekDay
2401,org.joda.time.TestPeriod_Basics#testNormalizedStandard_periodType_yearMonthDay
2402,org.joda.time.TestMutablePeriod_Updates#testMergePeriod_RP2
2403,org.joda.time.format.TestPeriodFormatterBuilder#testFormatSecondsWithOptionalMillis
2404,org.joda.time.format.TestPeriodFormatterBuilder#testFormatSecondsWithMillis
2405,org.joda.time.format.TestISODateTimeFormat_Fields#testForFields_weekBased_W
2406,org.joda.time.format.TestISODateTimeFormatParsing#test_timeNoMillis
2407,org.joda.time.TestPeriod_Constructors#testConstructor_Object_PeriodType2
2408,org.joda.time.TestPeriod_Constructors#testConstructor_Object2
2409,org.joda.time.TestPeriod_Basics#testNormalizedStandard_yearMonthWeekDay
2410,org.joda.time.TestPeriod_Basics#testNormalizedStandard_yearMonthDay
2411,org.joda.time.TestMutablePeriod_Updates#testSetPeriod_RP2
2412,org.joda.time.TestMutablePeriod_Updates#testMergePeriod_RP3
2413,org.joda.time.TestLocalTime_Properties#testPropertyCompareToSecond
2414,org.joda.time.TestLocalTime_Properties#testPropertyCompareToMinute
2415,org.joda.time.TestLocalTime_Properties#testPropertyCompareToMilli
2416,org.joda.time.TestLocalTime_Properties#testPropertyCompareToHour
2417,org.joda.time.TestDateMidnight_Constructors#testConstructor_badconverterObject
2418,org.joda.time.format.TestPeriodFormatterBuilder#testFormatYears
2419,org.joda.time.format.TestPeriodFormatterBuilder#testFormatWeeks
2420,org.joda.time.format.TestPeriodFormatterBuilder#testFormatSeconds
2421,org.joda.time.format.TestPeriodFormatterBuilder#testFormatMonths
2422,org.joda.time.format.TestPeriodFormatterBuilder#testFormatMinutes
2423,org.joda.time.format.TestPeriodFormatterBuilder#testFormatMinDigits
2424,org.joda.time.format.TestPeriodFormatterBuilder#testFormatMillis
2425,org.joda.time.format.TestPeriodFormatterBuilder#testFormatHours
2426,org.joda.time.format.TestPeriodFormatterBuilder#testFormatDays
2427,org.joda.time.format.TestISODateTimeFormat_Fields#testForFields_time_m
2428,org.joda.time.format.TestISODateTimeFormat_Fields#testForFields_time_S
2429,org.joda.time.format.TestISODateTimeFormat_Fields#testForFields_time_M
2430,org.joda.time.TestTimeOfDay_Constructors#testConstructor_int_int_int_Chronology
2431,org.joda.time.TestTimeOfDay_Constructors#testConstructor_int_int_Chronology
2432,org.joda.time.TestPeriod_Constructors#testConstructor_long_PeriodType4
2433,org.joda.time.TestMutablePeriod_Updates#testSetPeriod_long2
2434,org.joda.time.TestMutablePeriod_Updates#testSetPeriod_RP3
2435,org.joda.time.format.TestPeriodFormatterBuilder#testFormatPrintZeroRarelyFirstYears
2436,org.joda.time.format.TestPeriodFormatterBuilder#testFormatPrintZeroRarelyFirstWeeks
2437,org.joda.time.format.TestPeriodFormatterBuilder#testFormatPrintZeroRarelyFirstSeconds
2438,org.joda.time.format.TestPeriodFormatterBuilder#testFormatPrintZeroRarelyFirstMonths
2439,org.joda.time.format.TestPeriodFormatterBuilder#testFormatPrintZeroRarelyFirstMinutes
2440,org.joda.time.format.TestPeriodFormatterBuilder#testFormatPrintZeroRarelyFirstHours
2441,org.joda.time.format.TestPeriodFormatterBuilder#testFormatPrintZeroRarelyFirstDays
2442,org.joda.time.format.TestPeriodFormatterBuilder#testFormatMillis3Digit
2443,org.joda.time.format.TestISODateTimeFormatParsing#test_basicTime
2444,org.joda.time.TestTimeOfDay_Constructors#testConstructor_int_int_int_int_Chronology
2445,org.joda.time.TestPeriod_Constructors#testFactoryFieldDifference4
2446,org.joda.time.TestPeriod_Constructors#testConstructor_long_PeriodType_Chronology4
2447,org.joda.time.TestPeriod_Constructors#testConstructor_long_PeriodType_Chronology3
2448,org.joda.time.TestPeriod_Constructors#testConstructor_long_PeriodType3
2449,org.joda.time.TestPeriod_Constructors#testConstructor_long_PeriodType1
2450,org.joda.time.TestPeriod_Constructors#testConstructor_long_Chronology3
2451,org.joda.time.TestPeriod_Constructors#testConstructor_long_Chronology1
2452,org.joda.time.TestPeriod_Constructors#testConstructor_long3
2453,org.joda.time.TestPeriod_Constructors#testConstructor_long2
2454,org.joda.time.TestPeriod_Constructors#testConstructor_long1
2455,org.joda.time.TestPeriod_Constructors#testConstructor_long_PeriodType_Chronology1
2456,org.joda.time.TestMutablePeriod_Constructors#testConstructor_long_PeriodType4
2457,org.joda.time.format.TestISODateTimeFormatParsing#test_basicTTimeNoMillis
2458,org.joda.time.TestMutablePeriod_Updates#testSetPeriod_8ints2
2459,org.joda.time.TestMutablePeriod_Constructors#testConstructor_long_PeriodType_Chronology4
2460,org.joda.time.TestMutablePeriod_Constructors#testConstructor_long_PeriodType_Chronology3
2461,org.joda.time.TestMutablePeriod_Constructors#testConstructor_long_PeriodType3
2462,org.joda.time.TestMutablePeriod_Constructors#testConstructor_long_PeriodType1
2463,org.joda.time.TestMutablePeriod_Constructors#testConstructor_long_Chronology3
2464,org.joda.time.TestMutablePeriod_Constructors#testConstructor_long_Chronology1
2465,org.joda.time.TestMutablePeriod_Constructors#testConstructor_long3
2466,org.joda.time.TestMutablePeriod_Constructors#testConstructor_long2
2467,org.joda.time.TestMutablePeriod_Constructors#testConstructor_long1
2468,org.joda.time.chrono.TestIslamicChronology#testFieldConstructor
2469,org.joda.time.chrono.TestEthiopicChronology#testEra
2470,org.joda.time.chrono.TestCopticChronology#testEra
2471,org.joda.time.TestPeriod_Basics#testNormalizedStandard_periodType_yearMonth3
2472,org.joda.time.TestMutablePeriod_Updates#testSetPeriod_8ints3
2473,org.joda.time.TestMutableInterval_Basics#testToInterval1
2474,org.joda.time.TestMutableInterval_Basics#testCopy
2475,org.joda.time.format.TestISODateTimeFormat_Fields#testForFields_weekBased_Y
2476,org.joda.time.TestSerialization#testSerializedCopticChronology
2477,org.joda.time.TestPeriod_Basics#testPlusFields
2478,org.joda.time.TestMutablePeriod_Constructors#testConstructor_long_PeriodType_Chronology1
2479,org.joda.time.TestMutablePeriod_Constructors#testConstructor_Object2
2480,org.joda.time.TestMutableInterval_Basics#testToMutableInterval1
2481,org.joda.time.TestMutableInterval_Basics#testClone
2482,org.joda.time.format.TestISODateTimeFormat_Fields#testForFields_ordinalBased_Y
2483,org.joda.time.format.TestISODateTimeFormat_Fields#testForFields_calBased_Y
2484,org.joda.time.convert.TestNullConverter#testSetInto_Object
2485,org.joda.time.convert.TestConverterManager#testGetPeriodConverter
2486,org.joda.time.chrono.TestIslamicChronology#testEpoch
2487,org.joda.time.TestYears#testAddToLocalDate
2488,org.joda.time.TestPeriod_Constructors#testConstructor_long_PeriodType2
2489,org.joda.time.TestPeriod_Basics#testWithPeriodType4
2490,org.joda.time.TestPeriod_Basics#testWith
2491,org.joda.time.TestPeriod_Basics#testNormalizedStandard_weekDay1
2492,org.joda.time.TestPeriod_Basics#testNormalizedStandard_periodType_weekDay3
2493,org.joda.time.TestPeriod_Basics#testNormalizedStandard_negative
2494,org.joda.time.TestPeriod_Basics#testNormalizedStandard_fullNegative
2495,org.joda.time.TestMutablePeriod_Constructors#testConstructor_Object_PeriodType2
2496,org.joda.time.TestMutableDateTime_Constructors#testConstructor_badconverterObject_DateTimeZone
2497,org.joda.time.TestMutableDateTime_Constructors#testConstructor_badconverterObject_Chronology
2498,org.joda.time.TestDateTime_Constructors#testConstructor_badconverterObject_DateTimeZone
2499,org.joda.time.TestDateTime_Constructors#testConstructor_badconverterObject_Chronology
2500,org.joda.time.format.TestISODateTimeFormatParsing#test_hourMinuteSecond
2501,org.joda.time.TestTimeOfDay_Properties#testPropertyGetSecond
2502,org.joda.time.TestTimeOfDay_Properties#testPropertyGetMinute
2503,org.joda.time.TestTimeOfDay_Properties#testPropertyGetMilli
2504,org.joda.time.TestTimeOfDay_Properties#testPropertyGetHour
2505,org.joda.time.TestPeriod_Basics#testNormalizedStandard_periodType_weekDay1
2506,org.joda.time.format.TestPeriodFormatterBuilder#testFormatAppend_PrinterParserThenClear
2507,org.joda.time.chrono.TestEthiopicChronology#testFactoryUTC
2508,org.joda.time.chrono.TestCopticChronology#testFactoryUTC
2509,org.joda.time.TestPeriod_Constructors#testConstructor_RP_RP_PeriodType6
2510,org.joda.time.TestPeriod_Constructors#testConstructor_RP_RP6
2511,org.joda.time.TestPeriod_Basics#testEqualsHashCode
2512,org.joda.time.TestMutablePeriod_Basics#testEqualsHashCode
2513,org.joda.time.TestMonthDay_Constructors#testConstructor_nullChronology
2514,org.joda.time.TestMonthDay_Constructors#testConstructor
2515,org.joda.time.format.TestPeriodFormatterBuilder#testFormatLiteral
2516,org.joda.time.format.TestPeriodFormatterBuilder#testFormatAppend_PrinterParser_Printer_null_null_Parser
2517,org.joda.time.format.TestISODateTimeFormatParsing#test_hourMinute
2518,org.joda.time.format.TestDateTimeFormat#testFormat_samples
2519,org.joda.time.TestTimeOfDay_Constructors#testConstructor_nullChronology
2520,org.joda.time.TestTimeOfDay_Constructors#testConstructor
2521,org.joda.time.TestPeriod_Constructors#testFactoryFieldDifference3
2522,org.joda.time.TestPeriod_Basics#testNormalizedStandard_yearMonth1
2523,org.joda.time.TestMutablePeriod_Constructors#testConstructor_long_PeriodType2
2524,org.joda.time.TestMutablePeriod_Basics#testCopy
2525,org.joda.time.TestMutableDateTime_Constructors#testConstructor_badconverterObject
2526,org.joda.time.TestDateTime_Constructors#testConstructor_badconverterObject
2527,org.joda.time.TestDateTimeComparator#testListMillis
2528,org.joda.time.convert.TestReadableInstantConverter#testGetChronology_Object_Zone
2529,org.joda.time.TestPeriod_Basics#testWithPeriodType1
2530,org.joda.time.TestPeriod_Basics#testSerialization
2531,org.joda.time.TestPeriod_Basics#testNormalizedStandard_periodType_yearMonth1
2532,org.joda.time.TestMutablePeriod_Basics#testClone
2533,org.joda.time.TestMonthDay_Constructors#testConstructor_long2
2534,org.joda.time.TestMonthDay_Constructors#testConstructor_long1
2535,org.joda.time.TestInterval_Constructors#testConstructor_Object6
2536,org.joda.time.chrono.TestIslamicChronology#testEra
2537,org.joda.time.chrono.TestISOChronology#testPartialDayOfYearAdd
2538,org.joda.time.TestYearMonth_Constructors#testConstructor_nullChronology
2539,org.joda.time.TestYearMonth_Constructors#testConstructor
2540,org.joda.time.TestTimeOfDay_Constructors#testConstructor_long2
2541,org.joda.time.TestTimeOfDay_Constructors#testConstructor_long1
2542,org.joda.time.TestMutableInterval_Constructors#testConstructor_Object6
2543,org.joda.time.TestMonths#testAddToLocalDate
2544,org.joda.time.TestMonthDay_Constructors#testConstructor_long_nullChronology
2545,org.joda.time.TestMonthDay_Constructors#testConstructor_Chronology
2546,org.joda.time.tz.TestCompiler#test_Amman_2006
2547,org.joda.time.tz.TestCompiler#test_Amman_2005
2548,org.joda.time.tz.TestCompiler#test_Amman_2004
2549,org.joda.time.tz.TestCompiler#test_Amman_2003
2550,org.joda.time.format.TestISODateTimeFormat_Fields#testForFields_time_H
2551,org.joda.time.convert.TestReadableInstantConverter#testGetChronology_Object_nullChronology
2552,org.joda.time.convert.TestConverterManager#testGetPartialConverterOKMultipleMatches
2553,org.joda.time.TestTimeOfDay_Constructors#testConstructor_long_nullChronology
2554,org.joda.time.TestPeriod_Basics#testToPeriod
2555,org.joda.time.TestMutablePeriod_Basics#testSerialization
2556,org.joda.time.convert.TestConverterManager#testGetPartialConverterBadMultipleMatches
2557,org.joda.time.convert.TestConverterManager#testGetInstantConverterOKMultipleMatches
2558,org.joda.time.TestYearMonth_Constructors#testConstructor_long2
2559,org.joda.time.TestYearMonth_Constructors#testConstructor_long1
2560,org.joda.time.TestPeriod_Constructors#testFactoryFieldDifference5
2561,org.joda.time.TestPeriod_Constructors#testConstructor_RP_RP_PeriodType7
2562,org.joda.time.TestPeriod_Constructors#testConstructor_RP_RP_PeriodType4
2563,org.joda.time.TestPeriod_Constructors#testConstructor_RP_RP_PeriodType3
2564,org.joda.time.TestPeriod_Constructors#testConstructor_RP_RP7
2565,org.joda.time.TestPeriod_Constructors#testConstructor_RP_RP4
2566,org.joda.time.TestPeriod_Constructors#testConstructor_RP_RP3
2567,org.joda.time.TestPeriod_Basics#testNormalizedStandard_weekDay2
2568,org.joda.time.TestMutablePeriod_Updates#testAdd_RP4
2569,org.joda.time.format.TestPeriodFormatterBuilder#testToFormatterPrinterParser
2570,org.joda.time.convert.TestConverterManager#testGetInstantConverterBadMultipleMatches
2571,org.joda.time.chrono.TestIslamicChronology#testIndianBasedLeapYear
2572,org.joda.time.chrono.TestIslamicChronology#testHabashAlHasibBasedLeapYear
2573,org.joda.time.chrono.TestIslamicChronology#testFactoryUTC
2574,org.joda.time.chrono.TestIslamicChronology#test16BasedLeapYear
2575,org.joda.time.chrono.TestIslamicChronology#test15BasedLeapYear
2576,org.joda.time.TestYearMonth_Constructors#testConstructor_long_nullChronology
2577,org.joda.time.TestYearMonth_Constructors#testConstructor_Chronology
2578,org.joda.time.TestPeriod_Constructors#testFactoryFieldDifference2
2579,org.joda.time.TestPeriod_Constructors#testConstructor_long_PeriodType_Chronology2
2580,org.joda.time.TestPeriod_Constructors#testConstructor_long_Chronology2
2581,org.joda.time.TestPeriod_Constructors#testConstructor_RP_RP_PeriodType8
2582,org.joda.time.TestPeriod_Constructors#testConstructor_RP_RP8
2583,org.joda.time.TestPeriod_Basics#testNormalizedStandard_periodType_weekDay2
2584,org.joda.time.TestMutablePeriod_Updates#testAdd_RP5
2585,org.joda.time.TestMonthDay_Constructors#testConstructor_long2_Chronology
2586,org.joda.time.TestMonthDay_Constructors#testConstructor_long1_Chronology
2587,org.joda.time.format.TestISODateTimeFormatParsing#test_basicTimeNoMillis
2588,org.joda.time.convert.TestStringConverter#testSetIntoIntervalEx_Object_Chronology4
2589,org.joda.time.convert.TestStringConverter#testSetIntoIntervalEx_Object_Chronology3
2590,org.joda.time.convert.TestStringConverter#testSetIntoIntervalEx_Object_Chronology2
2591,org.joda.time.convert.TestStringConverter#testSetIntoIntervalEx_Object_Chronology1
2592,org.joda.time.TestPartial_Constructors#testConstructor_TypeArray_intArray
2593,org.joda.time.TestMutableDateTime_Constructors#testConstructor_Object_nullDateTimeZone
2594,org.joda.time.TestMutableDateTime_Constructors#testConstructor_Object_nullChronology
2595,org.joda.time.TestMutableDateTime_Constructors#testConstructor_Object
2596,org.joda.time.TestDateTime_Constructors#testConstructor_Object_nullDateTimeZone
2597,org.joda.time.TestDateTime_Constructors#testConstructor_Object_nullChronology
2598,org.joda.time.TestDateTime_Constructors#testConstructor_Object
2599,org.joda.time.TestChronology#testEqualsHashCode_Limit
2600,org.joda.time.chrono.TestISOChronology#testTimeOfDayAdd
2601,org.joda.time.TestPartial_Constructors#testConstructor_Partial
2602,org.joda.time.TestMutableDateTime_Constructors#testConstructor_nullObject_nullDateTimeZone
2603,org.joda.time.TestMutableDateTime_Constructors#testConstructor_nullObject_nullChronology
2604,org.joda.time.TestMutableDateTime_Constructors#testConstructor_nullObject
2605,org.joda.time.TestMutableDateTime_Constructors#testConstructor_Object_DateTimeZone
2606,org.joda.time.TestDateTime_Constructors#testConstructor_nullObject_nullDateTimeZone
2607,org.joda.time.TestDateTime_Constructors#testConstructor_nullObject_nullChronology
2608,org.joda.time.TestDateTime_Constructors#testConstructor_nullObject
2609,org.joda.time.TestDateTime_Constructors#testConstructor_Object_DateTimeZone
2610,org.joda.time.convert.TestStringConverter#testGetChronology_Object_Chronology
2611,org.joda.time.TestYearMonth_Constructors#testConstructor_long2_Chronology
2612,org.joda.time.TestYearMonth_Constructors#testConstructor_long1_Chronology
2613,org.joda.time.TestWeeks#testAddToLocalDate
2614,org.joda.time.TestTimeOfDay_Properties#testPropertyWithMinimumValueHour
2615,org.joda.time.TestTimeOfDay_Properties#testPropertyWithMaximumValueHour
2616,org.joda.time.TestTimeOfDay_Properties#testPropertySetTextSecond
2617,org.joda.time.TestTimeOfDay_Properties#testPropertySetTextMinute
2618,org.joda.time.TestTimeOfDay_Properties#testPropertySetTextMilli
2619,org.joda.time.TestTimeOfDay_Properties#testPropertySetTextHour
2620,org.joda.time.TestTimeOfDay_Properties#testPropertySetSecond
2621,org.joda.time.TestTimeOfDay_Properties#testPropertySetMinute
2622,org.joda.time.TestTimeOfDay_Properties#testPropertySetMilli
2623,org.joda.time.TestTimeOfDay_Properties#testPropertySetHour
2624,org.joda.time.TestTimeOfDay_Properties#testPropertyAddWrapFieldSecond
2625,org.joda.time.TestTimeOfDay_Properties#testPropertyAddWrapFieldMinute
2626,org.joda.time.TestTimeOfDay_Properties#testPropertyAddWrapFieldMilli
2627,org.joda.time.TestTimeOfDay_Properties#testPropertyAddWrapFieldHour
2628,org.joda.time.TestPeriod_Basics#testToStandardDuration
2629,org.joda.time.TestMutableDateTime_Sets#testSetZoneRetainFields_DateTimeZone4
2630,org.joda.time.TestMutableDateTime_Constructors#testConstructor_nullObject_DateTimeZone
2631,org.joda.time.TestDays#testAddToLocalDate
2632,org.joda.time.TestDateTime_Constructors#testConstructor_nullObject_DateTimeZone
2633,org.joda.time.convert.TestStringConverter#testGetPeriodType_Object
2634,org.joda.time.convert.TestReadableInstantConverter#testGetInstantMillis_Object_Chronology
2635,org.joda.time.TestPeriod_Basics#testNormalizedStandard_yearMonth2
2636,org.joda.time.TestMonthDay_Constructors#testConstructor_int_int
2637,org.joda.time.convert.TestStringConverter#testGetDurationMillis_Object1
2638,org.joda.time.convert.TestReadableInstantConverter#testGetChronology_Object_Chronology
2639,org.joda.time.TestTimeOfDay_Properties#testPropertyAddSecond
2640,org.joda.time.TestTimeOfDay_Properties#testPropertyAddNoWrapSecond
2641,org.joda.time.TestTimeOfDay_Properties#testPropertyAddNoWrapMinute
2642,org.joda.time.TestTimeOfDay_Properties#testPropertyAddNoWrapMilli
2643,org.joda.time.TestTimeOfDay_Properties#testPropertyAddNoWrapHour
2644,org.joda.time.TestTimeOfDay_Properties#testPropertyAddMinute
2645,org.joda.time.TestTimeOfDay_Properties#testPropertyAddMilli
2646,org.joda.time.TestTimeOfDay_Properties#testPropertyAddHour
2647,org.joda.time.TestTimeOfDay_Constructors#testFactoryMillisOfDay_long1
2648,org.joda.time.TestSeconds#testAddToLocalDate
2649,org.joda.time.TestPeriod_Basics#testPeriodStatics
2650,org.joda.time.TestPeriod_Basics#testNormalizedStandard_periodType_yearMonth2
2651,org.joda.time.TestPartial_Constructors#testConstructor_TypeArray_intArray_Chrono
2652,org.joda.time.TestMinutes#testAddToLocalDate
2653,org.joda.time.TestIllegalFieldValueException#testReadablePartialValidate
2654,org.joda.time.TestHours#testAddToLocalDate
2655,org.joda.time.TestChronology#testEqualsHashCode_Lenient
2656,org.joda.time.format.TestDateTimeFormatterBuilder#test_append_Printer
2657,org.joda.time.format.TestDateTimeFormatterBuilder#test_append_Formatter
2658,org.joda.time.convert.TestStringConverter#testToString
2659,org.joda.time.convert.TestStringConverter#testGetChronology_Object_Zone
2660,org.joda.time.convert.TestReadableIntervalConverter#testGetDurationMillis_Object
2661,org.joda.time.TestTimeOfDay_Constructors#testFactoryMillisOfDay_long_nullChronology
2662,org.joda.time.TestPeriod_Basics#testToStandardDuration_years
2663,org.joda.time.TestPeriod_Basics#testToStandardDuration_months
2664,org.joda.time.TestMutablePeriod_Updates#testSetPeriod_RD3
2665,org.joda.time.convert.TestStringConverter#testSupportedType
2666,org.joda.time.convert.TestStringConverter#testIsReadableInterval_Object_Chronology
2667,org.joda.time.convert.TestStringConverter#testGetDurationMillis_Object2
2668,org.joda.time.convert.TestReadableIntervalConverter#testGetPeriodType_Object
2669,org.joda.time.convert.TestNullConverter#testGetChronology_Object_Chronology
2670,org.joda.time.convert.TestConverterManager#testGetInstantConverter
2671,org.joda.time.TestPeriod_Constructors#testConstructor_8int__PeriodType2
2672,org.joda.time.TestMutablePeriod_Updates#testSetPeriod_RInterval2
2673,org.joda.time.TestMonthDay_Constructors#testFactory_FromDateFields
2674,org.joda.time.TestMonthDay_Constructors#testFactory_FromCalendarFields
2675,org.joda.time.TestInterval_Constructors#testConstructor_Object4
2676,org.joda.time.convert.TestNullConverter#testGetPeriodType_Object
2677,org.joda.time.TestYearMonth_Constructors#testConstructor_int_int
2678,org.joda.time.TestPeriod_Constructors#testConstructor_8int__PeriodType1
2679,org.joda.time.TestPeriod_Constructors#testConstructor_8int1
2680,org.joda.time.TestPeriod_Constructors#testConstructor_4int1
2681,org.joda.time.TestPeriod_Basics#testWithFields1
2682,org.joda.time.TestPeriod_Basics#testPlusFieldsZero
2683,org.joda.time.TestMutableInterval_Constructors#testConstructor_Object4
2684,org.joda.time.TestChronology#testEqualsHashCode_Strict
2685,org.joda.time.convert.TestNullConverter#testGetInstantMillis_Object_Chronology
2686,org.joda.time.convert.TestNullConverter#testGetChronology_Object_Zone
2687,org.joda.time.TestTimeOfDay_Constructors#testConstructor_int_int_int
2688,org.joda.time.TestTimeOfDay_Constructors#testConstructor_int_int
2689,org.joda.time.TestPeriod_Basics#testWithFields3
2690,org.joda.time.TestPeriod_Basics#testWithFieldAdded1
2691,org.joda.time.TestPeriod_Basics#testWithField4
2692,org.joda.time.TestMutablePeriod_Updates#testClear
2693,org.joda.time.TestMutableDateTime_Constructors#testConstructor_Object_Chronology
2694,org.joda.time.TestMonthDay_Constructors#testConstructor_int_int_nullChronology
2695,org.joda.time.TestMonthDay_Constructors#testConstructor_int_int_Chronology
2696,org.joda.time.TestDateTime_Constructors#testConstructor_Object_Chronology
2697,org.joda.time.TestBaseSingleFieldPeriod#testToMutablePeriod
2698,org.joda.time.convert.TestStringConverter#testSingleton
2699,org.joda.time.convert.TestReadableIntervalConverter#testIsReadableInterval_Object_Chronology
2700,org.joda.time.convert.TestNullConverter#testToString
2701,org.joda.time.convert.TestConverterManager#testGetDurationConverter
2702,org.joda.time.TestYearMonth_Constructors#testFactory_FromDateFields
2703,org.joda.time.TestYearMonth_Constructors#testFactory_FromCalendarFields
2704,org.joda.time.TestTimeOfDay_Constructors#testConstructor_int_int_int_int
2705,org.joda.time.TestPeriod_Basics#testWithField1
2706,org.joda.time.TestMutableDateTime_Constructors#testConstructor_nullObject_Chronology
2707,org.joda.time.TestDateTime_Constructors#testConstructor_nullObject_Chronology
2708,org.joda.time.convert.TestReadableDurationConverter#testGetPeriodType_Object
2709,org.joda.time.convert.TestNullConverter#testSupportedType
2710,org.joda.time.convert.TestNullConverter#testIsReadableInterval_Object_Chronology
2711,org.joda.time.convert.TestNullConverter#testGetDurationMillis_Object
2712,org.joda.time.TestPeriod_Constructors#testFactoryYears
2713,org.joda.time.TestPeriod_Constructors#testFactoryWeeks
2714,org.joda.time.TestPeriod_Constructors#testFactorySeconds
2715,org.joda.time.TestPeriod_Constructors#testFactoryMonths
2716,org.joda.time.TestPeriod_Constructors#testFactoryMinutes
2717,org.joda.time.TestPeriod_Constructors#testFactoryMillis
2718,org.joda.time.TestPeriod_Constructors#testFactoryHours
2719,org.joda.time.TestPeriod_Constructors#testFactoryDays
2720,org.joda.time.TestPartial_Constructors#testConstructor_Type_int
2721,org.joda.time.TestMutablePeriod_Constructors#testConstructor_Object_Chronology2
2722,org.joda.time.TestBaseSingleFieldPeriod#testToPeriod
2723,org.joda.time.format.TestPeriodFormatterBuilder#testFormatSuffixSimple4
2724,org.joda.time.format.TestPeriodFormatterBuilder#testFormatSuffixPlural4
2725,org.joda.time.convert.TestLongConverter#testGetChronology_Object_Chronology
2726,org.joda.time.TestTimeOfDay_Properties#testPropertyGetMaxMinValuesSecond
2727,org.joda.time.TestTimeOfDay_Properties#testPropertyGetMaxMinValuesMinute
2728,org.joda.time.TestTimeOfDay_Properties#testPropertyGetMaxMinValuesMilli
2729,org.joda.time.TestTimeOfDay_Properties#testPropertyGetMaxMinValuesHour
2730,org.joda.time.TestTimeOfDay_Constructors#testConstructor_int_int_nullChronology
2731,org.joda.time.TestTimeOfDay_Constructors#testConstructor_int_int_int_nullChronology
2732,org.joda.time.TestSerialization#testSerializedMutableDateTime
2733,org.joda.time.TestSerialization#testSerializedDateTime
2734,org.joda.time.TestPeriod_Constructors#testConstructor_RI_RI_PeriodType5
2735,org.joda.time.TestPeriod_Constructors#testConstructor_RI_RI5
2736,org.joda.time.TestPeriod_Basics#testWithFieldAdded3
2737,org.joda.time.TestPeriod_Basics#testWithField3
2738,org.joda.time.tz.TestCompiler#test_2400_last
2739,org.joda.time.tz.TestCompiler#test_2400_fromDay
2740,org.joda.time.convert.TestReadableDurationConverter#testGetDurationMillis_Object
2741,org.joda.time.TestYearMonth_Constructors#testConstructor_int_int_nullChronology
2742,org.joda.time.TestYearMonth_Constructors#testConstructor_int_int_Chronology
2743,org.joda.time.TestTimeOfDay_Constructors#testConstructor_int_int_int_int_nullChronology
2744,org.joda.time.TestPeriod_Constructors#testConstructor1
2745,org.joda.time.TestPeriod_Basics#testGetMethods
2746,org.joda.time.TestMutableDateTime_Constructors#testConstructor_invalidObject_Chronology
2747,org.joda.time.TestDateTime_Constructors#testConstructor_invalidObject_Chronology
2748,org.joda.time.format.TestPeriodFormatterBuilder#testFormatSuffixSimple3
2749,org.joda.time.format.TestPeriodFormatterBuilder#testFormatSuffixPlural3
2750,org.joda.time.format.TestPeriodFormatterBuilder#testFormatPrefixSimple3
2751,org.joda.time.format.TestPeriodFormatterBuilder#testFormatPrefixPlural3
2752,org.joda.time.format.TestPeriodFormatterBuilder#testFormatAppend_PrinterParser_null_null
2753,org.joda.time.convert.TestNullConverter#testSingleton
2754,org.joda.time.TestTimeOfDay_Constructors#testFactory_FromDateFields_before1970
2755,org.joda.time.TestTimeOfDay_Constructors#testFactory_FromDateFields_after1970
2756,org.joda.time.TestTimeOfDay_Constructors#testFactory_FromCalendarFields
2757,org.joda.time.TestTimeOfDay_Constructors#testConstantMidnight
2758,org.joda.time.TestPeriod_Constructors#testConstants
2759,org.joda.time.TestPeriod_Basics#testWithFields2
2760,org.joda.time.TestMutablePeriod_Constructors#testConstructor_PeriodType2
2761,org.joda.time.TestMutablePeriod_Constructors#testConstructor_PeriodType1
2762,org.joda.time.TestMutablePeriod_Constructors#testConstructor1
2763,org.joda.time.TestMutableDateTime_Basics#testToDateTime_DateTimeZone
2764,org.joda.time.TestMutableDateTime_Basics#testSerialization
2765,org.joda.time.TestInterval_Constructors#testConstructor_RI_RD5
2766,org.joda.time.TestInterval_Constructors#testConstructor_RD_RI5
2767,org.joda.time.TestDateMidnight_Constructors#testConstructor_invalidObject_Chronology
2768,org.joda.time.field.TestOffsetDateTimeField#test_getAsShortText_RP_Locale
2769,org.joda.time.convert.TestLongConverter#testGetChronology_Object_Zone
2770,org.joda.time.convert.TestConverterManager#testGetIntervalConverter
2771,org.joda.time.TestPeriod_Basics#testTypeIndexMethods
2772,org.joda.time.TestPartial_Constructors#testConstructor_Type_int_Chrono
2773,org.joda.time.TestPartial_Constructors#testConstructorEx9_TypeArray_intArray
2774,org.joda.time.TestMutablePeriod_Basics#testGetMethods
2775,org.joda.time.TestMutableInterval_Constructors#testConstructor_RI_RD5
2776,org.joda.time.TestMutableInterval_Constructors#testConstructor_RD_RI5
2777,org.joda.time.format.TestISOPeriodFormat#testSubclassableConstructor
2778,org.joda.time.field.TestOffsetDateTimeField#test_getAsText_RP_Locale
2779,org.joda.time.convert.TestReadablePeriodConverter#testToString
2780,org.joda.time.convert.TestReadableIntervalConverter#testToString
2781,org.joda.time.convert.TestReadableInstantConverter#testToString
2782,org.joda.time.convert.TestReadableDurationConverter#testToString
2783,org.joda.time.convert.TestLongConverter#testToString
2784,org.joda.time.convert.TestCalendarConverter#testToString
2785,org.joda.time.convert.TestCalendarConverter#testGetChronology_Object_Chronology
2786,org.joda.time.TestPeriod_Basics#testWithFieldAdded4
2787,org.joda.time.TestPeriod_Basics#testValueIndexMethods
2788,org.joda.time.TestPeriod_Basics#testIsSupported
2789,org.joda.time.TestPeriod_Basics#testGet
2790,org.joda.time.TestMutableDateTime_Sets#testSetDate_int_int_int2
2791,org.joda.time.TestMutableDateTime_Sets#testSetDateTime_int_int_int_int_int_int_int2
2792,org.joda.time.TestInterval_Constructors#testConstructor_RI_RD3
2793,org.joda.time.TestInterval_Constructors#testConstructor_RD_RI3
2794,org.joda.time.format.TestPeriodFormatParsing#testParseStandard1
2795,org.joda.time.field.TestPreciseDurationDateTimeField#test_getAsShortText_RP_Locale
2796,org.joda.time.field.TestPreciseDateTimeField#test_getAsShortText_RP_Locale
2797,org.joda.time.field.TestBaseDateTimeField#test_getAsShortText_RP_Locale
2798,org.joda.time.convert.TestReadablePeriodConverter#testSupportedType
2799,org.joda.time.convert.TestReadableIntervalConverter#testSupportedType
2800,org.joda.time.convert.TestReadableInstantConverter#testSupportedType
2801,org.joda.time.convert.TestReadableDurationConverter#testSupportedType
2802,org.joda.time.convert.TestLongConverter#testSupportedType
2803,org.joda.time.convert.TestLongConverter#testGetInstantMillis_Object_Chronology
2804,org.joda.time.convert.TestLongConverter#testGetDurationMillis_Object
2805,org.joda.time.convert.TestCalendarConverter#testSupportedType
2806,org.joda.time.convert.TestCalendarConverter#testGetInstantMillis_Object_Chronology
2807,org.joda.time.TestPeriod_Constructors#testConstructor_8int__PeriodType3
2808,org.joda.time.TestMutableInterval_Constructors#testConstructor_RI_RD3
2809,org.joda.time.TestMutableInterval_Constructors#testConstructor_RD_RI3
2810,org.joda.time.TestMutableDateTime_Adds#testAdd_RD1
2811,org.joda.time.TestInstant_Basics#testEqualsHashCode
2812,org.joda.time.field.TestPreciseDurationDateTimeField#test_getAsText_RP_Locale
2813,org.joda.time.field.TestPreciseDateTimeField#test_getAsText_RP_Locale
2814,org.joda.time.field.TestBaseDateTimeField#test_getAsText_RP_Locale
2815,org.joda.time.chrono.TestISOChronology#testDurationFields
2816,org.joda.time.TestPeriod_Basics#testWithFieldAdded2
2817,org.joda.time.TestPeriod_Basics#testWithField2
2818,org.joda.time.TestPeriod_Basics#testIndexOf
2819,org.joda.time.TestMutableDateTime_Adds#testAdd_RD_int1
2820,org.joda.time.TestInterval_Constructors#testConstructor_RP_RI6
2821,org.joda.time.TestInterval_Constructors#testConstructor_RI_RP6
2822,org.joda.time.field.TestOffsetDateTimeField#test_add_long_long
2823,org.joda.time.field.TestOffsetDateTimeField#test_addWrapField_long_int
2824,org.joda.time.TestTimeOfDay_Constructors#testFactory_FromDateFields_null
2825,org.joda.time.TestMutableInterval_Updates#testSetInterval_RI_RI4
2826,org.joda.time.TestMutableInterval_Constructors#testConstructor_RP_RI6
2827,org.joda.time.TestMutableInterval_Constructors#testConstructor_RI_RP6
2828,org.joda.time.TestMutableDateTime_Basics#testIsEqual
2829,org.joda.time.TestMutableDateTime_Basics#testIsBefore
2830,org.joda.time.TestMutableDateTime_Basics#testIsAfter
2831,org.joda.time.TestDateTimeZone#testGetOffset_RI
2832,org.joda.time.field.TestOffsetDateTimeField#test_add_long_int
2833,org.joda.time.convert.TestReadablePeriodConverter#testSingleton
2834,org.joda.time.convert.TestReadableIntervalConverter#testSingleton
2835,org.joda.time.convert.TestReadableInstantConverter#testSingleton
2836,org.joda.time.convert.TestReadableDurationConverter#testSingleton
2837,org.joda.time.convert.TestLongConverter#testSingleton
2838,org.joda.time.convert.TestCalendarConverter#testSingleton
2839,org.joda.time.TestPartial_Constructors#testConstructorEx2_Type_int
2840,org.joda.time.TestMutableInterval_Updates#testSetInterval_RI_RI3
2841,org.joda.time.TestMutableInterval_Updates#testSetDurationBeforeEnd_RI1
2842,org.joda.time.TestMutableInterval_Updates#testSetDurationAfterStart_RI1
2843,org.joda.time.TestMutableDateTime_Sets#testSetZone_DateTimeZone1
2844,org.joda.time.TestMutableDateTime_Basics#testToMutableDateTime_DateTimeZone
2845,org.joda.time.TestMutableDateTime_Basics#testToMutableDateTime_Chronology
2846,org.joda.time.TestMutableDateTime_Basics#testToGregorianCalendar
2847,org.joda.time.TestMutableDateTime_Basics#testToDateTime_Chronology
2848,org.joda.time.TestMutableDateTime_Basics#testToCalendar_Locale
2849,org.joda.time.TestInstant_Basics#testToMutableDateTime_DateTimeZone
2850,org.joda.time.TestInstant_Basics#testToMutableDateTime_Chronology
2851,org.joda.time.TestInstant_Basics#testToDateTime_DateTimeZone
2852,org.joda.time.TestInstant_Basics#testToDateTime_Chronology
2853,org.joda.time.TestDateTimeZone#testGetOffset_long
2854,org.joda.time.TestChronology#testEqualsHashCode_Zoned
2855,org.joda.time.field.TestOffsetDateTimeField#test_set_long_String
2856,org.joda.time.field.TestOffsetDateTimeField#test_getAsShortText_RP_int_Locale
2857,org.joda.time.chrono.TestJulianChronology#testDurationFields
2858,org.joda.time.TestMutableInterval_Updates#testSetInterval_RI_RI1
2859,org.joda.time.TestMutableInterval_Updates#testSeDurationBeforeEnd_RI2
2860,org.joda.time.TestMutableInterval_Updates#testSeDurationAfterStart_RI2
2861,org.joda.time.TestMutableDateTime_Adds#testAdd_long1
2862,org.joda.time.TestDateTimeZoneCutover#test_DateTime_newValid_Turk
2863,org.joda.time.TestDateTimeZoneCutover#test_DateTime_newValid_Gaza
2864,org.joda.time.field.TestOffsetDateTimeField#test_set_long_String_Locale
2865,org.joda.time.field.TestOffsetDateTimeField#test_getAsText_RP_int_Locale
2866,org.joda.time.TestPeriod_Basics#testGetPeriodType
2867,org.joda.time.TestMutableDateTime_Sets#testSetZoneRetainFields_DateTimeZone2
2868,org.joda.time.TestMutableDateTime_Sets#testSetChronology_Chronology1
2869,org.joda.time.TestMutableDateTime_Constructors#testConstructor_nullDateTimeZone
2870,org.joda.time.TestMutableDateTime_Constructors#testConstructor_nullChronology
2871,org.joda.time.TestMutableDateTime_Constructors#testConstructor
2872,org.joda.time.TestInstant_Basics#testToMutableDateTimeISO
2873,org.joda.time.TestInstant_Basics#testToDateTimeISO
2874,org.joda.time.TestDateTime_Constructors#testConstructor_nullDateTimeZone
2875,org.joda.time.TestDateTime_Constructors#testConstructor_nullChronology
2876,org.joda.time.TestDateTime_Constructors#testConstructor
2877,org.joda.time.TestChronology#testEqualsHashCode_ISO
2878,org.joda.time.field.TestPreciseDurationDateTimeField#test_getAsShortText_RP_int_Locale
2879,org.joda.time.field.TestPreciseDateTimeField#test_getAsShortText_RP_int_Locale
2880,org.joda.time.field.TestOffsetDateTimeField#test_roundHalfEven_long
2881,org.joda.time.field.TestBaseDateTimeField#test_getAsShortText_RP_int_Locale
2882,org.joda.time.TestPartial_Constructors#testConstructorEx2_Type_int_Chrono
2883,org.joda.time.TestMutableInterval_Updates#testSetStart_RI1
2884,org.joda.time.TestMutableInterval_Updates#testSetInterval_RI_RI2
2885,org.joda.time.TestMutableInterval_Updates#testSetEnd_RI1
2886,org.joda.time.TestMutableDateTime_Sets#testSetZone_DateTimeZone2
2887,org.joda.time.TestMutableDateTime_Sets#testSetMillis_long1
2888,org.joda.time.TestMutableDateTime_Sets#testSetChronology_Chronology2
2889,org.joda.time.TestMutableDateTime_Constructors#testConstructor_DateTimeZone
2890,org.joda.time.TestMutableDateTime_Basics#testToMutableDateTimeISO
2891,org.joda.time.TestMutableDateTime_Basics#testToDateTimeISO
2892,org.joda.time.TestMutableDateTime_Basics#testToDateTime
2893,org.joda.time.TestMutableDateTime_Basics#testCopy
2894,org.joda.time.TestMutableDateTime_Basics#testCompareTo
2895,org.joda.time.TestInstant_Basics#testToMutableDateTime
2896,org.joda.time.TestInstant_Basics#testToDateTime
2897,org.joda.time.TestDateTime_Constructors#testConstructor_DateTimeZone
2898,org.joda.time.field.TestPreciseDurationDateTimeField#test_getAsText_RP_int_Locale
2899,org.joda.time.field.TestPreciseDateTimeField#test_getAsText_RP_int_Locale
2900,org.joda.time.field.TestOffsetDateTimeField#test_set_long_int
2901,org.joda.time.field.TestOffsetDateTimeField#test_getAsShortText_long
2902,org.joda.time.field.TestBaseDateTimeField#test_getAsText_RP_int_Locale
2903,org.joda.time.TestSerialization#testSerializedJulianChronology
2904,org.joda.time.TestPeriod_Constructors#testConstructor_RP_RP_PeriodType5
2905,org.joda.time.TestPeriod_Constructors#testConstructor_RP_RP5
2906,org.joda.time.TestMutablePeriod_Basics#testGetPeriodType
2907,org.joda.time.TestMutableInterval_Updates#testSetStart_RI3
2908,org.joda.time.TestMutableInterval_Updates#testSetStart_RI2
2909,org.joda.time.TestMutableInterval_Updates#testSetInterval_RI_RI5
2910,org.joda.time.TestMutableInterval_Updates#testSetEnd_RI3
2911,org.joda.time.TestMutableInterval_Updates#testSetEnd_RI2
2912,org.joda.time.TestMutableInterval_Updates#testSetDurationBeforeEnd_RI3
2913,org.joda.time.TestMutableInterval_Updates#testSetDurationAfterStart_RI3
2914,org.joda.time.TestMutableDateTime_Constructors#testConstructor_long_nullDateTimeZone
2915,org.joda.time.TestMutableDateTime_Constructors#testConstructor_long2
2916,org.joda.time.TestMutableDateTime_Constructors#testConstructor_long1
2917,org.joda.time.TestMutableDateTime_Basics#testToMutableDateTime
2918,org.joda.time.TestMutableDateTime_Basics#testClone
2919,org.joda.time.TestInterval_Constructors#testConstructor_RI_RD2
2920,org.joda.time.TestInterval_Constructors#testConstructor_RD_RI2
2921,org.joda.time.TestDateTime_Constructors#testConstructor_long_nullDateTimeZone
2922,org.joda.time.TestDateTime_Constructors#testConstructor_long2
2923,org.joda.time.TestDateTime_Constructors#testConstructor_long1
2924,org.joda.time.TestDateTimeZone#testGetMillisKeepLocal
2925,org.joda.time.field.TestOffsetDateTimeField#test_getDifference_long_long
2926,org.joda.time.field.TestOffsetDateTimeField#test_getAsText_long
2927,org.joda.time.field.TestOffsetDateTimeField#test_getAsShortText_long_Locale
2928,org.joda.time.TestPartial_Constructors#testConstructorEx8_TypeArray_intArray
2929,org.joda.time.TestMutableInterval_Updates#testSetInterval_RInterval1
2930,org.joda.time.TestMutableInterval_Updates#testSetDurationBeforeEnd_long1
2931,org.joda.time.TestMutableInterval_Updates#testSetDurationAfterStart_long1
2932,org.joda.time.TestMutableInterval_Constructors#testConstructor_RI_RD2
2933,org.joda.time.TestMutableInterval_Constructors#testConstructor_RD_RI2
2934,org.joda.time.TestMutableDateTime_Constructors#testConstructor_long_nullChronology
2935,org.joda.time.TestMutableDateTime_Constructors#testConstructor_long2_DateTimeZone
2936,org.joda.time.TestMutableDateTime_Constructors#testConstructor_long1_DateTimeZone
2937,org.joda.time.TestMutableDateTime_Basics#testToInstant
2938,org.joda.time.TestDateTime_Constructors#testConstructor_long_nullChronology
2939,org.joda.time.TestDateTime_Constructors#testConstructor_long2_DateTimeZone
2940,org.joda.time.TestDateTime_Constructors#testConstructor_long1_DateTimeZone
2941,org.joda.time.TestDateTimeZone#testGetNameKey
2942,org.joda.time.field.TestOffsetDateTimeField#test_roundHalfFloor_long
2943,org.joda.time.field.TestOffsetDateTimeField#test_roundHalfCeiling_long
2944,org.joda.time.field.TestOffsetDateTimeField#test_getAsText_long_Locale
2945,org.joda.time.TestPartial_Constructors#testConstructorEx7_TypeArray_intArray
2946,org.joda.time.TestMutableInterval_Updates#testSetPeriodBeforeEnd_RI3
2947,org.joda.time.TestMutableInterval_Updates#testSetPeriodAfterStart_RI3
2948,org.joda.time.TestMutableInterval_Updates#testSeDurationBeforeEnd_long2
2949,org.joda.time.TestMutableInterval_Updates#testSeDurationAfterStart_long2
2950,org.joda.time.TestMutableDateTime_Adds#testAdd_RP2
2951,org.joda.time.TestMutableDateTime_Adds#testAdd_RD2
2952,org.joda.time.TestInterval_Constructors#testConstructor_RP_RI5
2953,org.joda.time.TestInterval_Constructors#testConstructor_RI_RP5
2954,org.joda.time.field.TestOffsetDateTimeField#test_getDifferenceAsLong_long_long
2955,org.joda.time.chrono.TestJulianChronology#testToString
2956,org.joda.time.TestSerialization#testSerializedISOChronology
2957,org.joda.time.TestPartial_Constructors#testConstructor_Chrono
2958,org.joda.time.TestPartial_Constructors#testConstructor2_TypeArray_intArray
2959,org.joda.time.TestPartial_Constructors#testConstructor
2960,org.joda.time.TestMutableInterval_Updates#testSetStartMillis_long1
2961,org.joda.time.TestMutableInterval_Updates#testSetInterval_long_long1
2962,org.joda.time.TestMutableInterval_Updates#testSetEndMillis_long1
2963,org.joda.time.TestMutableInterval_Constructors#testConstructor_RP_RI5
2964,org.joda.time.TestMutableInterval_Constructors#testConstructor_RI_RP5
2965,org.joda.time.TestMutableDateTime_Sets#testSet_DateTimeFieldType_int2
2966,org.joda.time.TestMutableDateTime_Basics#testToDate
2967,org.joda.time.TestMutableDateTime_Adds#testAdd_RP_int2
2968,org.joda.time.TestMutableDateTime_Adds#testAdd_RD_int2
2969,org.joda.time.TestMutableDateTime_Adds#testAdd_DurationFieldType_int3
2970,org.joda.time.TestMutableDateTime_Adds#testAdd_DurationFieldType_int2
2971,org.joda.time.field.TestOffsetDateTimeField#test_get
2972,org.joda.time.chrono.TestJulianChronology#testWithZone
2973,org.joda.time.TestMutableInterval_Updates#testSetStartMillis_long2
2974,org.joda.time.TestMutableInterval_Updates#testSetEndMillis_long2
2975,org.joda.time.TestIllegalFieldValueException#testVerifyValueBounds
2976,org.joda.time.format.TestDateTimeFormat#testFormat_other
2977,org.joda.time.field.TestOffsetDateTimeField#test_roundFloor_long
2978,org.joda.time.field.TestOffsetDateTimeField#test_roundCeiling_long
2979,org.joda.time.field.TestOffsetDateTimeField#test_remainder_long
2980,org.joda.time.field.TestOffsetDateTimeField#test_isLeap_long
2981,org.joda.time.field.TestOffsetDateTimeField#test_getLeapAmount_long
2982,org.joda.time.chrono.TestJulianChronology#testTimeFields
2983,org.joda.time.chrono.TestJulianChronology#testFactory_Zone_int
2984,org.joda.time.chrono.TestJulianChronology#testFactory
2985,org.joda.time.chrono.TestJulianChronology#testDateFields
2986,org.joda.time.TestPartial_Constructors#testConstructorEx6_TypeArray_intArray
2987,org.joda.time.TestMutableInterval_Updates#testSetInterval_long_long2
2988,org.joda.time.TestMutableInterval_Updates#testSetInterval_RInterval2
2989,org.joda.time.TestInterval_Constructors#testConstructor_RI_RI3
2990,org.joda.time.TestDateTimeComparator#testSerialization1
2991,org.joda.time.chrono.TestJulianChronology#testWithUTC
2992,org.joda.time.chrono.TestJulianChronology#testFactory_Zone
2993,org.joda.time.chrono.TestJulianChronology#testEquality
2994,org.joda.time.TestPartial_Properties#testPropertyGetMinute
2995,org.joda.time.TestPartial_Properties#testPropertyGetHour
2996,org.joda.time.TestPartial_Constructors#testConstructorEx5_TypeArray_intArray
2997,org.joda.time.TestPartial_Constructors#testConstructorEx3_TypeArray_intArray
2998,org.joda.time.TestPartial_Constructors#testConstructorEx1_Type_int
2999,org.joda.time.TestPartial_Constructors#testConstructorEx1_TypeArray_intArray
3000,org.joda.time.TestMutableInterval_Constructors#testConstructor_RI_RI3
3001,org.joda.time.TestMutableInterval_Constructors#testConstructor
3002,org.joda.time.TestMutableDateTime_Constructors#testConstructor_Chronology
3003,org.joda.time.TestInstant_Basics#testIsEqual_RI
3004,org.joda.time.TestInstant_Basics#testIsBefore_RI
3005,org.joda.time.TestInstant_Basics#testIsAfter_RI
3006,org.joda.time.TestDateTime_Constructors#testConstructor_Chronology
3007,org.joda.time.TestMutableInterval_Updates#testSetInterval_RInterval3
3008,org.joda.time.tz.TestBuilder#testFixed
3009,org.joda.time.TestDateTimeComparator#testStaticGetInstanceLowerUpper
3010,org.joda.time.TestDateTimeComparator#testStaticGetInstanceLower
3011,org.joda.time.TestDateTimeComparator#testEqualsHashCode
3012,org.joda.time.TestPartial_Constructors#testConstructorEx_Type_int_Chrono
3013,org.joda.time.TestMutableDateTime_Constructors#testConstructor_long2_Chronology
3014,org.joda.time.TestMutableDateTime_Constructors#testConstructor_long1_Chronology
3015,org.joda.time.TestInstant_Basics#testGet_DateTimeFieldType
3016,org.joda.time.TestDateTime_Constructors#testConstructor_long2_Chronology
3017,org.joda.time.TestDateTime_Constructors#testConstructor_long1_Chronology
3018,org.joda.time.TestDateTimeComparator#testStaticGetTimeOnlyInstance
3019,org.joda.time.TestDateTimeComparator#testStaticGetInstance
3020,org.joda.time.TestDateTimeComparator#testStaticGetDateOnlyInstance
3021,org.joda.time.field.TestOffsetDateTimeField#test_constructor1
3022,org.joda.time.chrono.TestISOChronology#testWithZone
3023,org.joda.time.chrono.TestISOChronology#testToString
3024,org.joda.time.chrono.TestISOChronology#testTimeFields
3025,org.joda.time.chrono.TestISOChronology#testDateFields
3026,org.joda.time.chrono.TestGregorianChronology#testDurationFields
3027,org.joda.time.TestInstant_Basics#testCompareTo
3028,org.joda.time.chrono.TestISOChronology#testWithUTC
3029,org.joda.time.chrono.TestISOChronology#testFactory
3030,org.joda.time.chrono.TestISOChronology#testEquality
3031,org.joda.time.TestPartial_Constructors#testConstructorEx_Partial
3032,org.joda.time.TestLocalTime_Properties#testPropertyGetSecond
3033,org.joda.time.TestLocalTime_Properties#testPropertyGetMinute
3034,org.joda.time.TestLocalTime_Properties#testPropertyGetMilli
3035,org.joda.time.TestLocalTime_Properties#testPropertyGetHour
3036,org.joda.time.TestDateTimeComparator#testSerialization2
3037,org.joda.time.field.TestOffsetDateTimeField#test_convertText
3038,org.joda.time.chrono.TestISOChronology#testFactory_Zone
3039,org.joda.time.field.TestOffsetDateTimeField#test_toString
3040,org.joda.time.field.TestOffsetDateTimeField#test_isLenient
3041,org.joda.time.TestSerialization#testSerializedGregorianChronology
3042,org.joda.time.TestDateTimeComparator#testMillis
3043,org.joda.time.TestDateTimeComparator#testClass
3044,org.joda.time.field.TestOffsetDateTimeField#test_getName
3045,org.joda.time.field.TestOffsetDateTimeField#test_getMaximumShortTextLength_Locale
3046,org.joda.time.field.TestOffsetDateTimeField#test_getLeapDurationField
3047,org.joda.time.field.TestOffsetDateTimeField#test_getAsShortText_int_Locale
3048,org.joda.time.field.TestOffsetDateTimeField#test_constructor2
3049,org.joda.time.TestPartial_Properties#testPropertyCompareToMinute
3050,org.joda.time.TestPartial_Properties#testPropertyCompareToHour
3051,org.joda.time.field.TestOffsetDateTimeField#test_getOffset
3052,org.joda.time.field.TestOffsetDateTimeField#test_getMinimumValue_long
3053,org.joda.time.field.TestOffsetDateTimeField#test_getMaximumValue_long
3054,org.joda.time.field.TestOffsetDateTimeField#test_getMaximumTextLength_Locale
3055,org.joda.time.field.TestOffsetDateTimeField#test_getAsText_int_Locale
3056,org.joda.time.TestDurationFieldType#test_eras
3057,org.joda.time.field.TestOffsetDateTimeField#test_isSupported
3058,org.joda.time.field.TestOffsetDateTimeField#test_getType
3059,org.joda.time.field.TestOffsetDateTimeField#test_getMinimumValue
3060,org.joda.time.field.TestOffsetDateTimeField#test_getMaximumValue
3061,org.joda.time.chrono.TestGregorianChronology#testToString
3062,org.joda.time.TestDurationFieldType#test_years
3063,org.joda.time.TestDurationFieldType#test_weekyears
3064,org.joda.time.TestDurationFieldType#test_weeks
3065,org.joda.time.TestDurationFieldType#test_seconds
3066,org.joda.time.TestDurationFieldType#test_months
3067,org.joda.time.TestDurationFieldType#test_minutes
3068,org.joda.time.TestDurationFieldType#test_millis
3069,org.joda.time.TestDurationFieldType#test_hours
3070,org.joda.time.TestDurationFieldType#test_halfdays
3071,org.joda.time.TestDurationFieldType#test_days
3072,org.joda.time.TestDurationFieldType#test_centuries
3073,org.joda.time.TestDateTimeFieldType#test_yearOfEra
3074,org.joda.time.TestDateTimeFieldType#test_yearOfCentury
3075,org.joda.time.TestDateTimeFieldType#test_year
3076,org.joda.time.TestDateTimeFieldType#test_weekyearOfCentury
3077,org.joda.time.TestDateTimeFieldType#test_weekyear
3078,org.joda.time.TestDateTimeFieldType#test_weekOfWeekyear
3079,org.joda.time.TestDateTimeFieldType#test_secondOfMinute
3080,org.joda.time.TestDateTimeFieldType#test_secondOfDay
3081,org.joda.time.TestDateTimeFieldType#test_monthOfYear
3082,org.joda.time.TestDateTimeFieldType#test_minuteOfHour
3083,org.joda.time.TestDateTimeFieldType#test_minuteOfDay
3084,org.joda.time.TestDateTimeFieldType#test_millisOfSecond
3085,org.joda.time.TestDateTimeFieldType#test_millisOfDay
3086,org.joda.time.TestDateTimeFieldType#test_hourOfHalfday
3087,org.joda.time.TestDateTimeFieldType#test_hourOfDay
3088,org.joda.time.TestDateTimeFieldType#test_halfdayOfDay
3089,org.joda.time.TestDateTimeFieldType#test_era
3090,org.joda.time.TestDateTimeFieldType#test_dayOfYear
3091,org.joda.time.TestDateTimeFieldType#test_dayOfWeek
3092,org.joda.time.TestDateTimeFieldType#test_dayOfMonth
3093,org.joda.time.TestDateTimeFieldType#test_clockhourOfHalfday
3094,org.joda.time.TestDateTimeFieldType#test_clockhourOfDay
3095,org.joda.time.TestDateTimeFieldType#test_centuryOfEra
3096,org.joda.time.chrono.TestGregorianChronology#testWithZone
3097,org.joda.time.TestDurationFieldType#test_other
3098,org.joda.time.TestDateTimeFieldType#test_other
3099,org.joda.time.field.TestScaledDurationField#test_equals
3100,org.joda.time.field.TestScaledDurationField#test_compareTo
3101,org.joda.time.field.TestPreciseDurationField#test_equals
3102,org.joda.time.field.TestPreciseDurationField#test_compareTo
3103,org.joda.time.field.TestMillisDurationField#test_compareTo
3104,org.joda.time.chrono.TestGregorianChronology#testTimeFields
3105,org.joda.time.chrono.TestGregorianChronology#testFactory_Zone_int
3106,org.joda.time.chrono.TestGregorianChronology#testFactory
3107,org.joda.time.chrono.TestGregorianChronology#testDateFields
3108,org.joda.time.TestLocalTime_Properties#testPropertyRoundHour
3109,org.joda.time.TestInstant_Constructors#testConstructor_badconverterObject
3110,org.joda.time.field.TestScaledDurationField#test_hashCode
3111,org.joda.time.field.TestPreciseDurationField#test_hashCode
3112,org.joda.time.chrono.TestGregorianChronology#testWithUTC
3113,org.joda.time.chrono.TestGregorianChronology#testFactory_Zone
3114,org.joda.time.chrono.TestGregorianChronology#testEquality
3115,org.joda.time.TestMutablePeriod_Constructors#testConstructor_long_PeriodType_Chronology2
3116,org.joda.time.TestMutablePeriod_Constructors#testConstructor_long_Chronology2
3117,org.joda.time.TestLocalTime_Properties#testPropertyWithMaxMinValueSecond
3118,org.joda.time.TestLocalTime_Properties#testPropertyWithMaxMinValueMinute
3119,org.joda.time.TestLocalTime_Properties#testPropertyWithMaxMinValueMilli
3120,org.joda.time.TestLocalTime_Properties#testPropertyWithMaxMinValueHour
3121,org.joda.time.TestPartial_Properties#testPropertyAddMinute
3122,org.joda.time.TestPartial_Properties#testPropertyWithMinimumValueHour
3123,org.joda.time.TestPartial_Properties#testPropertyWithMaximumValueHour
3124,org.joda.time.TestPartial_Properties#testPropertySetTextMinute
3125,org.joda.time.TestPartial_Properties#testPropertySetTextHour
3126,org.joda.time.TestPartial_Properties#testPropertySetMinute
3127,org.joda.time.TestPartial_Properties#testPropertySetHour
3128,org.joda.time.TestPartial_Properties#testPropertyAddWrapFieldMinute
3129,org.joda.time.TestPartial_Properties#testPropertyAddWrapFieldHour
3130,org.joda.time.TestLocalTime_Properties#testPropertyWithMinimumValueHour
3131,org.joda.time.TestLocalTime_Properties#testPropertyWithMaximumValueHour
3132,org.joda.time.TestPartial_Properties#testPropertyAddHour
3133,org.joda.time.TestLocalTime_Properties#testPropertyPlusSecond
3134,org.joda.time.TestLocalTime_Properties#testPropertyPlusNoWrapSecond
3135,org.joda.time.TestLocalTime_Properties#testPropertyPlusNoWrapMinute
3136,org.joda.time.TestLocalTime_Properties#testPropertyPlusNoWrapMilli
3137,org.joda.time.TestLocalTime_Properties#testPropertyPlusNoWrapHour
3138,org.joda.time.TestLocalTime_Properties#testPropertyPlusMinute
3139,org.joda.time.TestLocalTime_Properties#testPropertyPlusMilli
3140,org.joda.time.TestLocalTime_Properties#testPropertyPlusHour
3141,org.joda.time.TestLocalTime_Properties#testPropertySetTextSecond
3142,org.joda.time.TestLocalTime_Properties#testPropertySetTextMinute
3143,org.joda.time.TestLocalTime_Properties#testPropertySetTextMilli
3144,org.joda.time.TestLocalTime_Properties#testPropertySetTextHour
3145,org.joda.time.TestLocalTime_Properties#testPropertySetSecond
3146,org.joda.time.TestLocalTime_Properties#testPropertySetMinute
3147,org.joda.time.TestLocalTime_Properties#testPropertySetMilli
3148,org.joda.time.TestLocalTime_Properties#testPropertySetHour
3149,org.joda.time.TestLocalTime_Properties#testPropertyPlusWrapFieldSecond
3150,org.joda.time.TestLocalTime_Properties#testPropertyPlusWrapFieldMinute
3151,org.joda.time.TestLocalTime_Properties#testPropertyPlusWrapFieldMilli
3152,org.joda.time.TestLocalTime_Properties#testPropertyPlusWrapFieldHour
3153,org.joda.time.TestInstant_Constructors#testConstructor_Object
3154,org.joda.time.TestInstant_Constructors#testConstructor_nullObject
3155,org.joda.time.TestPartial_Properties#testPropertyGetMaxMinValuesMinute
3156,org.joda.time.TestPartial_Properties#testPropertyGetMaxMinValuesHour
3157,org.joda.time.TestLocalTime_Properties#testPropertyGetMaxMinValuesSecond
3158,org.joda.time.TestLocalTime_Properties#testPropertyGetMaxMinValuesMinute
3159,org.joda.time.TestLocalTime_Properties#testPropertyGetMaxMinValuesMilli
3160,org.joda.time.TestLocalTime_Properties#testPropertyGetMaxMinValuesHour
3161,org.joda.time.TestBasePartial#testSetMethods
3162,org.joda.time.TestInstant_Basics#testPlus_RD
3163,org.joda.time.TestInstant_Basics#testMinus_RD
3164,org.joda.time.TestInstant_Basics#testWithDurationAdded_RD_int
3165,org.joda.time.TestInterval_Constructors#testConstructor_RI_RI_instant
3166,org.joda.time.TestInstant_Basics#testPlus_long
3167,org.joda.time.TestInstant_Basics#testMinus_long
3168,org.joda.time.TestInstant_Basics#testWithDurationAdded_long_int
3169,org.joda.time.TestInstant_Basics#testGetMethods
3170,org.joda.time.TestSerialization#testSerializedInstant
3171,org.joda.time.TestInstant_Constructors#testConstructor
3172,org.joda.time.TestInstant_Constructors#testConstructor_long2
3173,org.joda.time.TestInstant_Constructors#testConstructor_long1
3174,org.joda.time.TestInstant_Basics#testWithMillis_long
3175,org.joda.time.TestInstant_Basics#testSerialization
3176,org.joda.time.TestIllegalFieldValueException#testSetText
3177,org.joda.time.chrono.TestISOChronology#testFactoryUTC
3178,org.joda.time.TestIllegalFieldValueException#testSkipDateTimeField
3179,org.joda.time.TestDurationField#test_subtract
3180,org.joda.time.field.TestPreciseDateTimeField#test_toString
3181,org.joda.time.field.TestPreciseDateTimeField#test_getName
3182,org.joda.time.field.TestPreciseDateTimeField#test_getType
3183,org.joda.time.field.TestPreciseDateTimeField#test_constructor
3184,org.joda.time.TestIllegalFieldValueException#testJulianYearZero
3185,org.joda.time.chrono.TestJulianChronology#testFactoryUTC
3186,org.joda.time.chrono.TestGregorianChronology#testFactoryUTC
3187,org.joda.time.TestDuration_Basics#testToStandardSeconds
3188,org.joda.time.TestDuration_Basics#testToStandardMinutes
3189,org.joda.time.TestDuration_Basics#testToStandardHours
3190,org.joda.time.TestDuration_Basics#testToStandardDays
3191,org.joda.time.TestWeeks#testToStandardSeconds
3192,org.joda.time.TestWeeks#testToStandardMinutes
3193,org.joda.time.TestWeeks#testToStandardHours
3194,org.joda.time.TestWeeks#testToStandardDays
3195,org.joda.time.TestMinutes#testToStandardSeconds
3196,org.joda.time.TestHours#testToStandardSeconds
3197,org.joda.time.TestHours#testToStandardMinutes
3198,org.joda.time.TestDays#testToStandardSeconds
3199,org.joda.time.TestDays#testToStandardMinutes
3200,org.joda.time.TestDays#testToStandardHours
3201,org.joda.time.TestPeriodType#testForFields5
3202,org.joda.time.TestPeriodType#testForFields3
3203,org.joda.time.TestPeriodType#testForFields2
3204,org.joda.time.TestYears#testMinus_Years
3205,org.joda.time.TestWeeks#testToStandardDuration
3206,org.joda.time.TestWeeks#testMinus_Weeks
3207,org.joda.time.TestSeconds#testToStandardWeeks
3208,org.joda.time.TestSeconds#testToStandardMinutes
3209,org.joda.time.TestSeconds#testToStandardHours
3210,org.joda.time.TestSeconds#testToStandardDuration
3211,org.joda.time.TestSeconds#testToStandardDays
3212,org.joda.time.TestSeconds#testMinus_Seconds
3213,org.joda.time.TestMutablePeriod_Updates#testMergePeriod_RP1
3214,org.joda.time.TestMonths#testMinus_Months
3215,org.joda.time.TestMinutes#testToStandardWeeks
3216,org.joda.time.TestMinutes#testToStandardHours
3217,org.joda.time.TestMinutes#testToStandardDuration
3218,org.joda.time.TestMinutes#testToStandardDays
3219,org.joda.time.TestMinutes#testMinus_Minutes
3220,org.joda.time.TestHours#testToStandardWeeks
3221,org.joda.time.TestHours#testToStandardDuration
3222,org.joda.time.TestHours#testToStandardDays
3223,org.joda.time.TestHours#testMinus_Hours
3224,org.joda.time.TestDays#testToStandardWeeks
3225,org.joda.time.TestDays#testToStandardDuration
3226,org.joda.time.TestDays#testMinus_Days
3227,org.joda.time.TestYears#testMinus_int
3228,org.joda.time.TestWeeks#testMinus_int
3229,org.joda.time.TestSeconds#testMinus_int
3230,org.joda.time.TestMonths#testMinus_int
3231,org.joda.time.TestMinutes#testMinus_int
3232,org.joda.time.TestHours#testMinus_int
3233,org.joda.time.TestDays#testMinus_int
3234,org.joda.time.TestYears#testPlus_Years
3235,org.joda.time.TestWeeks#testPlus_Weeks
3236,org.joda.time.TestSeconds#testPlus_Seconds
3237,org.joda.time.TestPeriodType#testForFields4
3238,org.joda.time.TestMutablePeriod_Updates#testMergePeriod_RP4
3239,org.joda.time.TestMonths#testPlus_Months
3240,org.joda.time.TestMinutes#testPlus_Minutes
3241,org.joda.time.TestHours#testPlus_Hours
3242,org.joda.time.TestDays#testPlus_Days
3243,org.joda.time.TestYears#testPlus_int
3244,org.joda.time.TestYears#testNegated
3245,org.joda.time.TestYears#testMultipliedBy_int
3246,org.joda.time.TestWeeks#testPlus_int
3247,org.joda.time.TestWeeks#testNegated
3248,org.joda.time.TestWeeks#testMultipliedBy_int
3249,org.joda.time.TestSeconds#testPlus_int
3250,org.joda.time.TestSeconds#testNegated
3251,org.joda.time.TestSeconds#testMultipliedBy_int
3252,org.joda.time.TestMutablePeriod_Updates#testSetPeriod_RP4
3253,org.joda.time.TestMutablePeriod_Updates#testSetPeriod_RP1
3254,org.joda.time.TestMonths#testPlus_int
3255,org.joda.time.TestMonths#testNegated
3256,org.joda.time.TestMonths#testMultipliedBy_int
3257,org.joda.time.TestMinutes#testPlus_int
3258,org.joda.time.TestMinutes#testNegated
3259,org.joda.time.TestMinutes#testMultipliedBy_int
3260,org.joda.time.TestHours#testPlus_int
3261,org.joda.time.TestHours#testNegated
3262,org.joda.time.TestHours#testMultipliedBy_int
3263,org.joda.time.TestDays#testPlus_int
3264,org.joda.time.TestDays#testNegated
3265,org.joda.time.TestDays#testMultipliedBy_int
3266,org.joda.time.TestYears#testDividedBy_int
3267,org.joda.time.TestWeeks#testDividedBy_int
3268,org.joda.time.TestSeconds#testDividedBy_int
3269,org.joda.time.TestMonths#testDividedBy_int
3270,org.joda.time.TestMinutes#testDividedBy_int
3271,org.joda.time.TestHours#testDividedBy_int
3272,org.joda.time.TestDays#testDividedBy_int
3273,org.joda.time.TestYears#testToString
3274,org.joda.time.TestYears#testSerialization
3275,org.joda.time.TestYears#testIsLessThan
3276,org.joda.time.TestYears#testIsGreaterThan
3277,org.joda.time.TestYears#testGetPeriodType
3278,org.joda.time.TestYears#testGetMethods
3279,org.joda.time.TestYears#testFactory_years_int
3280,org.joda.time.TestWeeks#testToString
3281,org.joda.time.TestWeeks#testSerialization
3282,org.joda.time.TestWeeks#testIsLessThan
3283,org.joda.time.TestWeeks#testIsGreaterThan
3284,org.joda.time.TestWeeks#testGetPeriodType
3285,org.joda.time.TestWeeks#testGetMethods
3286,org.joda.time.TestWeeks#testFactory_weeks_int
3287,org.joda.time.TestSeconds#testToString
3288,org.joda.time.TestSeconds#testSerialization
3289,org.joda.time.TestSeconds#testIsLessThan
3290,org.joda.time.TestSeconds#testIsGreaterThan
3291,org.joda.time.TestSeconds#testGetPeriodType
3292,org.joda.time.TestSeconds#testGetMethods
3293,org.joda.time.TestSeconds#testFactory_seconds_int
3294,org.joda.time.TestMutablePeriod_Updates#testSetPeriod_RP5
3295,org.joda.time.TestMonths#testToString
3296,org.joda.time.TestMonths#testSerialization
3297,org.joda.time.TestMonths#testIsLessThan
3298,org.joda.time.TestMonths#testIsGreaterThan
3299,org.joda.time.TestMonths#testGetPeriodType
3300,org.joda.time.TestMonths#testGetMethods
3301,org.joda.time.TestMonths#testFactory_months_int
3302,org.joda.time.TestMinutes#testToString
3303,org.joda.time.TestMinutes#testSerialization
3304,org.joda.time.TestMinutes#testIsLessThan
3305,org.joda.time.TestMinutes#testIsGreaterThan
3306,org.joda.time.TestMinutes#testGetPeriodType
3307,org.joda.time.TestMinutes#testGetMethods
3308,org.joda.time.TestMinutes#testFactory_minutes_int
3309,org.joda.time.TestHours#testToString
3310,org.joda.time.TestHours#testSerialization
3311,org.joda.time.TestHours#testIsLessThan
3312,org.joda.time.TestHours#testIsGreaterThan
3313,org.joda.time.TestHours#testGetPeriodType
3314,org.joda.time.TestHours#testGetMethods
3315,org.joda.time.TestHours#testFactory_hours_int
3316,org.joda.time.TestDays#testToString
3317,org.joda.time.TestDays#testSerialization
3318,org.joda.time.TestDays#testIsLessThan
3319,org.joda.time.TestDays#testIsGreaterThan
3320,org.joda.time.TestDays#testGetPeriodType
3321,org.joda.time.TestDays#testGetMethods
3322,org.joda.time.TestDays#testFactory_days_int
3323,org.joda.time.TestYears#testGetFieldType
3324,org.joda.time.TestYears#testConstants
3325,org.joda.time.TestWeeks#testGetFieldType
3326,org.joda.time.TestWeeks#testConstants
3327,org.joda.time.TestSeconds#testGetFieldType
3328,org.joda.time.TestSeconds#testConstants
3329,org.joda.time.TestMutablePeriod_Updates#testSetPeriod_8ints4
3330,org.joda.time.TestMutablePeriod_Updates#testSetPeriod_8ints1
3331,org.joda.time.TestMutablePeriod_Updates#testMergePeriod_RP5
3332,org.joda.time.TestMutablePeriod_Updates#testAdd_RP6
3333,org.joda.time.TestMonths#testGetFieldType
3334,org.joda.time.TestMonths#testConstants
3335,org.joda.time.TestMinutes#testGetFieldType
3336,org.joda.time.TestMinutes#testConstants
3337,org.joda.time.TestHours#testGetFieldType
3338,org.joda.time.TestHours#testConstants
3339,org.joda.time.TestDays#testGetFieldType
3340,org.joda.time.TestDays#testConstants
3341,org.joda.time.TestMutablePeriod_Updates#testAdd_RInterval5
3342,org.joda.time.TestMutablePeriod_Updates#testAdd_RD3
3343,org.joda.time.TestMutablePeriod_Constructors#testConstructor_8int__PeriodType2
3344,org.joda.time.TestMutablePeriod_Constructors#testConstructor_8int__PeriodType1
3345,org.joda.time.TestMutablePeriod_Constructors#testConstructor_8int1
3346,org.joda.time.TestMutablePeriod_Constructors#testConstructor_4int1
3347,org.joda.time.TestDateTimeZone#testGetOffsetFixed_RI
3348,org.joda.time.TestMutablePeriod_Updates#testSetYears
3349,org.joda.time.TestMutablePeriod_Updates#testAdd_Field
3350,org.joda.time.TestDateTimeZone#testSerialization2
3351,org.joda.time.TestDateTimeZone#testForOffsetHours_int
3352,org.joda.time.TestDateTimeZone#testEqualsHashCode
3353,org.joda.time.TestDateTimeZone#testGetOffsetFixed
3354,org.joda.time.TestDateTimeZone#testForOffsetHoursMinutes_int_int
3355,org.joda.time.format.TestDateTimeFormat#testFormat_invalid
3356,org.joda.time.TestPeriodType#testForFields1
3357,org.joda.time.TestMutablePeriod_Updates#testAddYears
3358,org.joda.time.TestMutablePeriod_Updates#testAddWeeks
3359,org.joda.time.TestMutablePeriod_Updates#testAddSeconds
3360,org.joda.time.TestMutablePeriod_Updates#testAddMonths
3361,org.joda.time.TestMutablePeriod_Updates#testAddMinutes
3362,org.joda.time.TestMutablePeriod_Updates#testAddMillis
3363,org.joda.time.TestMutablePeriod_Updates#testAddHours
3364,org.joda.time.TestMutablePeriod_Updates#testAddDays
3365,org.joda.time.TestMutablePeriod_Constructors#testConstructor_RI_RI_PeriodType5
3366,org.joda.time.TestMutablePeriod_Constructors#testConstructor_RI_RI5
3367,org.joda.time.TestDuration_Constructors#testConstructor_Object1
3368,org.joda.time.TestDateTimeZone#testForID_String
3369,org.joda.time.TestMutablePeriod_Updates#testSet_Field
3370,org.joda.time.TestMutablePeriod_Updates#testSetWeeks
3371,org.joda.time.TestMutablePeriod_Updates#testSetSeconds
3372,org.joda.time.TestMutablePeriod_Updates#testSetMonths
3373,org.joda.time.TestMutablePeriod_Updates#testSetMinutes
3374,org.joda.time.TestMutablePeriod_Updates#testSetMillis
3375,org.joda.time.TestMutablePeriod_Updates#testSetHours
3376,org.joda.time.TestMutablePeriod_Updates#testSetDays
3377,org.joda.time.TestMutableDateTime_Constructors#testConstructor_invalidObject_DateTimeZone
3378,org.joda.time.TestMutableDateTime_Constructors#testConstructor_invalidObject
3379,org.joda.time.TestDateTime_Constructors#testConstructor_invalidObject_DateTimeZone
3380,org.joda.time.TestDateTime_Constructors#testConstructor_invalidObject
3381,org.joda.time.TestDateTimeZone#testTransitionFixed
3382,org.joda.time.TestDateTimeZone#testTimeZoneConversion
3383,org.joda.time.TestDateTimeZone#testForTimeZone_TimeZone
3384,org.joda.time.TestDateTimeZone#testForOffsetMillis_int
3385,org.joda.time.TestDateMidnight_Constructors#testConstructor_invalidObject_DateTimeZone
3386,org.joda.time.TestDateMidnight_Constructors#testConstructor_invalidObject
3387,org.joda.time.TestSerialization#testSerializedUnsupportedDateTimeField
3388,org.joda.time.TestInstant_Constructors#testConstructor_invalidObject
3389,org.joda.time.TestDuration_Constructors#testConstructor_Object3
3390,org.joda.time.TestDuration_Constructors#testConstructor_Object2
3391,org.joda.time.TestPeriodType#testMaskHoursMinutesSeconds
3392,org.joda.time.TestPeriodType#testMaskTwice1
3393,org.joda.time.TestMutablePeriod_Constructors#testConstructor_8int__PeriodType3
3394,org.joda.time.TestPeriodType#testMaskYears
3395,org.joda.time.TestPeriodType#testMaskWeeks
3396,org.joda.time.TestPeriodType#testMaskSeconds
3397,org.joda.time.TestPeriodType#testMaskMonths
3398,org.joda.time.TestPeriodType#testMaskMinutes
3399,org.joda.time.TestPeriodType#testMaskMillis
3400,org.joda.time.TestPeriodType#testMaskHours
3401,org.joda.time.TestPeriodType#testMaskDays
3402,org.joda.time.TestPeriodType#testYears
3403,org.joda.time.TestPeriodType#testWeeks
3404,org.joda.time.TestPeriodType#testStandard
3405,org.joda.time.TestPeriodType#testSeconds
3406,org.joda.time.TestPeriodType#testMonths
3407,org.joda.time.TestPeriodType#testMinutes
3408,org.joda.time.TestPeriodType#testMillis
3409,org.joda.time.TestPeriodType#testHours
3410,org.joda.time.TestPeriodType#testDays
3411,org.joda.time.TestPeriodType#testYearWeekDayTime
3412,org.joda.time.TestPeriodType#testYearMonthDayTime
3413,org.joda.time.TestSerialization#testSerializedDateTimeFieldType
3414,org.joda.time.TestPeriodType#testYearDayTime
3415,org.joda.time.TestPeriodType#testMaskTwice2
3416,org.joda.time.TestPeriodType#testIsSupported
3417,org.joda.time.TestPeriodType#testIndexOf
3418,org.joda.time.TestPeriodType#testDayTime
3419,org.joda.time.TestPeriodType#testYearWeekDay
3420,org.joda.time.TestPeriodType#testYearMonthDay
3421,org.joda.time.TestPeriodType#testTime
3422,org.joda.time.TestPeriodType#testYearDay
3423,org.joda.time.TestPeriodType#testHashCode
3424,org.joda.time.TestPeriodType#testEquals
3425,org.joda.time.TestSerialization#testSerializedPeriodType
3426,org.joda.time.TestDuration_Basics#testWithDurationAdded_RD_int3
3427,org.joda.time.TestDuration_Basics#testWithDurationAdded_RD_int2
3428,org.joda.time.TestDuration_Basics#testWithDurationAdded_RD_int1
3429,org.joda.time.TestDuration_Basics#testPlus_long1
3430,org.joda.time.TestDuration_Basics#testPlus_RD1
3431,org.joda.time.TestDuration_Basics#testMinus_long1
3432,org.joda.time.TestDuration_Basics#testMinus_RD1
3433,org.joda.time.TestInstant_Basics#testIsEqualNow
3434,org.joda.time.TestInstant_Basics#testIsBeforeNow
3435,org.joda.time.TestInstant_Basics#testIsAfterNow
3436,org.joda.time.TestDuration_Basics#testWithDurationAdded_long_int3
3437,org.joda.time.TestDuration_Basics#testWithDurationAdded_long_int2
3438,org.joda.time.TestDuration_Basics#testWithDurationAdded_long_int1
3439,org.joda.time.TestDuration_Basics#testToString
3440,org.joda.time.TestDuration_Basics#testToStandardSeconds_overflow
3441,org.joda.time.TestDuration_Basics#testToStandardMinutes_overflow
3442,org.joda.time.TestDuration_Basics#testToStandardHours_overflow
3443,org.joda.time.TestDuration_Basics#testToStandardDays_overflow
3444,org.joda.time.TestDuration_Constructors#testFactory_standardSeconds_long
3445,org.joda.time.TestDuration_Constructors#testFactory_standardMinutes_long
3446,org.joda.time.TestDuration_Constructors#testFactory_standardHours_long
3447,org.joda.time.TestDuration_Constructors#testFactory_standardDays_long
3448,org.joda.time.TestDuration_Constructors#testConstructor_RI_RI4
3449,org.joda.time.TestDuration_Basics#testWithDurationAdded_RD_int4
3450,org.joda.time.TestDuration_Basics#testToDuration2
3451,org.joda.time.TestDuration_Basics#testPlus_RD2
3452,org.joda.time.TestDuration_Basics#testMinus_RD2
3453,org.joda.time.TestDuration_Basics#testIsEqual
3454,org.joda.time.TestDuration_Basics#testIsBefore
3455,org.joda.time.TestDuration_Basics#testIsAfter
3456,org.joda.time.TestDuration_Basics#testEqualsHashCode
3457,org.joda.time.TestSerialization#testSerializedDateTimeZoneUTC
3458,org.joda.time.TestSerialization#testSerializedDateTimeZone
3459,org.joda.time.TestDuration_Constructors#testFactory_millis_long
3460,org.joda.time.TestDuration_Basics#testWithMillis2
3461,org.joda.time.TestDuration_Basics#testWithMillis1
3462,org.joda.time.TestDuration_Basics#testSerialization
3463,org.joda.time.TestDuration_Basics#testPlus_long2
3464,org.joda.time.TestDuration_Basics#testMinus_long2
3465,org.joda.time.TestDuration_Basics#testGetStandardSeconds
3466,org.joda.time.TestDuration_Basics#testCompareTo
3467,org.joda.time.TestDateTimeZone#testNameProvider
3468,org.joda.time.TestPeriodType#testForFields6
3469,org.joda.time.TestInstant_Basics#testToDate
3470,org.joda.time.TestInstant_Basics#testIsEqual_long
3471,org.joda.time.TestInstant_Basics#testIsBefore_long
3472,org.joda.time.TestInstant_Basics#testIsAfter_long
3473,org.joda.time.TestDuration_Constructors#testZERO
3474,org.joda.time.TestDuration_Constructors#testConstructor_long1
3475,org.joda.time.TestDuration_Basics#testWithDurationAdded_long_int5
3476,org.joda.time.TestDuration_Basics#testWithDurationAdded_long_int4
3477,org.joda.time.TestDuration_Basics#testWithDurationAdded_RD_int6
3478,org.joda.time.TestDuration_Basics#testWithDurationAdded_RD_int5
3479,org.joda.time.TestDuration_Basics#testToDuration1
3480,org.joda.time.TestDuration_Basics#testPlus_RD3
3481,org.joda.time.TestDuration_Basics#testMutableDuration
3482,org.joda.time.TestDuration_Basics#testMinus_RD3
3483,org.joda.time.TestDuration_Basics#testGetMillis
3484,org.joda.time.TestBaseSingleFieldPeriod#testGet
3485,org.joda.time.format.TestDateTimeFormatStyle#testForStyle_invalidStrings
3486,org.joda.time.TestInstant_Basics#testToInstant
3487,org.joda.time.TestBaseSingleFieldPeriod#testIsSupported
3488,org.joda.time.format.TestDateTimeFormatStyle#testForStyle_stringLengths
3489,org.joda.time.TestAbstractPartial#testGetValues
3490,org.joda.time.format.TestISODateTimeFormat#testSubclassableConstructor
3491,org.joda.time.format.TestDateTimeFormat#testSubclassableConstructor
3492,org.joda.time.TestDateTimeZone#testProvider
3493,org.joda.time.TestAbstractPartial#testGetValue
3494,org.joda.time.format.TestDateTimeFormatStyle#testForStyle_shortLongDateTime
3495,org.joda.time.format.TestDateTimeFormatStyle#testForStyle_shortFullDateTime
3496,org.joda.time.format.TestDateTimeFormatStyle#testForStyle_mediumLongDateTime
3497,org.joda.time.format.TestDateTimeFormatStyle#testForStyle_mediumFullDateTime
3498,org.joda.time.format.TestDateTimeFormatStyle#testForStyle_longTime
3499,org.joda.time.format.TestDateTimeFormatStyle#testForStyle_longDateTime
3500,org.joda.time.format.TestDateTimeFormatStyle#testForStyle_fullTime
3501,org.joda.time.format.TestDateTimeFormatStyle#testForStyle_fullDateTime
3502,org.joda.time.format.TestDateTimeFormat#testFormat_zoneText
3503,org.joda.time.format.TestDateTimeFormat#testFormat_zoneLongText
3504,org.joda.time.TestInstant_Basics#testImmutable
3505,org.joda.time.TestDateTimeZone#testSerialization1
3506,org.joda.time.TestDateTimeZone#testIsFixed
3507,org.joda.time.TestDateTimeZone#testGetShortNameProviderName
3508,org.joda.time.TestDateTimeZone#testGetNameProviderName
3509,org.joda.time.TestBaseSingleFieldPeriod#testFieldTypeIndexMethods
3510,org.joda.time.tz.TestFixedDateTimeZone#testToTimeZone2
3511,org.joda.time.tz.TestFixedDateTimeZone#testToTimeZone1
3512,org.joda.time.tz.TestFixedDateTimeZone#testHashCode
3513,org.joda.time.TestDateTimeZone#testToTimeZone
3514,org.joda.time.TestDateTimeZone#testToString
3515,org.joda.time.TestDateTimeZone#testGetShortNameNullKey
3516,org.joda.time.TestDateTimeZone#testGetNameNullKey
3517,org.joda.time.TestDateTimeZone#testGetAvailableIDs
3518,org.joda.time.tz.TestFixedDateTimeZone#testEquals
3519,org.joda.time.TestDateTimeZone#testProviderSecurity
3520,org.joda.time.TestDateTimeZone#testNameProviderSecurity
3521,org.joda.time.TestDateTimeZone#testGetShortName
3522,org.joda.time.TestDateTimeZone#testGetName
3523,org.joda.time.TestDateTimeZone#testGetID
3524,org.joda.time.TestDateTimeZone#testDefaultSecurity
3525,org.joda.time.TestDateTimeZone#testDefault
3526,org.joda.time.TestDateTimeZone#testConstructor
3527,org.joda.time.TestBaseSingleFieldPeriod#testValueIndexMethods
3528,org.joda.time.TestBaseSingleFieldPeriod#testGetSetValue
3529,org.joda.time.TestBaseSingleFieldPeriod#testCompareTo
3530,org.joda.time.format.TestPeriodFormat#test_getDefault_cached
3531,org.joda.time.convert.TestConverterManager#testGetPartialConverterRemovedNull
3532,org.joda.time.convert.TestConverterManager#testAddPartialConverter1
3533,org.joda.time.format.TestPeriodFormat#test_wordBased_pt_cached
3534,org.joda.time.format.TestPeriodFormat#test_wordBased_nl_cached
3535,org.joda.time.format.TestPeriodFormat#test_wordBased_fr_cached
3536,org.joda.time.format.TestPeriodFormat#test_wordBased_es_cached
3537,org.joda.time.format.TestPeriodFormat#test_wordBased_de_cached
3538,org.joda.time.convert.TestConverterManager#testGetInstantConverterRemovedNull
3539,org.joda.time.convert.TestConverterManager#testAddInstantConverter1
3540,org.joda.time.field.TestPreciseDateTimeField#test_set_long_String
3541,org.joda.time.convert.TestConverterManager#testGetPeriodConverterRemovedNull
3542,org.joda.time.convert.TestConverterManager#testGetDurationConverterRemovedNull
3543,org.joda.time.convert.TestConverterManager#testAddPeriodConverter1
3544,org.joda.time.convert.TestConverterManager#testAddPartialConverter2
3545,org.joda.time.convert.TestConverterManager#testAddDurationConverter1
3546,org.joda.time.field.TestPreciseDurationDateTimeField#test_addWrapField_long_int
3547,org.joda.time.field.TestPreciseDateTimeField#test_set_long_String_Locale
3548,org.joda.time.convert.TestConverterManager#testAddInstantConverter2
3549,org.joda.time.field.TestPreciseDurationDateTimeField#test_set_long_String
3550,org.joda.time.field.TestPreciseDateTimeField#test_addWrapField_long_int
3551,org.joda.time.convert.TestConverterManager#testRemovePartialConverter1
3552,org.joda.time.convert.TestConverterManager#testGetIntervalConverterRemovedNull
3553,org.joda.time.convert.TestConverterManager#testAddPeriodConverter2
3554,org.joda.time.convert.TestConverterManager#testAddIntervalConverter1
3555,org.joda.time.convert.TestConverterManager#testAddDurationConverter2
3556,org.joda.time.field.TestPreciseDurationDateTimeField#test_set_long_String_Locale
3557,org.joda.time.field.TestPreciseDateTimeField#test_set_long_int
3558,org.joda.time.field.TestPreciseDateTimeField#test_getAsShortText_long
3559,org.joda.time.field.TestPreciseDateTimeField#test_convertText
3560,org.joda.time.convert.TestConverterManager#testRemoveInstantConverter1
3561,org.joda.time.field.TestPreciseDateTimeField#test_roundHalfEven_long
3562,org.joda.time.field.TestPreciseDateTimeField#test_getDifference_long_long
3563,org.joda.time.field.TestPreciseDateTimeField#test_getAsText_long
3564,org.joda.time.field.TestPreciseDateTimeField#test_getAsShortText_long_Locale
3565,org.joda.time.convert.TestConverterManager#testRemovePeriodConverter1
3566,org.joda.time.convert.TestConverterManager#testRemoveDurationConverter1
3567,org.joda.time.convert.TestConverterManager#testAddIntervalConverter2
3568,org.joda.time.field.TestPreciseDurationDateTimeField#test_set_long_int
3569,org.joda.time.field.TestPreciseDurationDateTimeField#test_convertText
3570,org.joda.time.field.TestPreciseDateTimeField#test_roundHalfFloor_long
3571,org.joda.time.field.TestPreciseDateTimeField#test_roundHalfCeiling_long
3572,org.joda.time.field.TestPreciseDateTimeField#test_getMaximumShortTextLength_Locale
3573,org.joda.time.field.TestPreciseDateTimeField#test_getAsText_long_Locale
3574,org.joda.time.field.TestPreciseDurationDateTimeField#test_getDifference_long_long
3575,org.joda.time.field.TestPreciseDurationDateTimeField#test_getAsShortText_long
3576,org.joda.time.field.TestPreciseDateTimeField#test_getMinimumValue_long
3577,org.joda.time.field.TestPreciseDateTimeField#test_getMaximumValue_long
3578,org.joda.time.field.TestPreciseDateTimeField#test_getMaximumTextLength_Locale
3579,org.joda.time.field.TestPreciseDateTimeField#test_getDifferenceAsLong_long_long
3580,org.joda.time.field.TestPreciseDateTimeField#test_getAsShortText_int_Locale
3581,org.joda.time.field.TestPreciseDateTimeField#test_add_long_long
3582,org.joda.time.field.TestPreciseDateTimeField#test_add_long_int
3583,org.joda.time.convert.TestConverterManager#testRemoveIntervalConverter1
3584,org.joda.time.field.TestPreciseDurationDateTimeField#test_toString
3585,org.joda.time.field.TestPreciseDurationDateTimeField#test_roundHalfFloor_long
3586,org.joda.time.field.TestPreciseDurationDateTimeField#test_roundHalfEven_long
3587,org.joda.time.field.TestPreciseDurationDateTimeField#test_roundHalfCeiling_long
3588,org.joda.time.field.TestPreciseDurationDateTimeField#test_getAsText_long
3589,org.joda.time.field.TestPreciseDurationDateTimeField#test_getAsShortText_long_Locale
3590,org.joda.time.field.TestPreciseDateTimeField#test_roundFloor_long
3591,org.joda.time.field.TestPreciseDateTimeField#test_roundCeiling_long
3592,org.joda.time.field.TestPreciseDateTimeField#test_remainder_long
3593,org.joda.time.field.TestPreciseDateTimeField#test_isSupported
3594,org.joda.time.field.TestPreciseDateTimeField#test_isLeap_long
3595,org.joda.time.field.TestPreciseDateTimeField#test_getRange
3596,org.joda.time.field.TestPreciseDateTimeField#test_getMinimumValue
3597,org.joda.time.field.TestPreciseDateTimeField#test_getMaximumValue
3598,org.joda.time.field.TestPreciseDateTimeField#test_getLeapDurationField
3599,org.joda.time.field.TestPreciseDateTimeField#test_getLeapAmount_long
3600,org.joda.time.field.TestPreciseDateTimeField#test_getAsText_int_Locale
3601,org.joda.time.field.TestPreciseDateTimeField#test_get
3602,org.joda.time.field.TestPreciseDurationDateTimeField#test_getName
3603,org.joda.time.field.TestPreciseDurationDateTimeField#test_getMinimumValue_long
3604,org.joda.time.field.TestPreciseDurationDateTimeField#test_getMaximumShortTextLength_Locale
3605,org.joda.time.field.TestPreciseDurationDateTimeField#test_getDifferenceAsLong_long_long
3606,org.joda.time.field.TestPreciseDurationDateTimeField#test_getAsText_long_Locale
3607,org.joda.time.field.TestPreciseDurationDateTimeField#test_getAsShortText_int_Locale
3608,org.joda.time.field.TestPreciseDurationDateTimeField#test_constructor
3609,org.joda.time.field.TestPreciseDurationDateTimeField#test_add_long_long
3610,org.joda.time.field.TestPreciseDurationDateTimeField#test_add_long_int
3611,org.joda.time.field.TestBaseDateTimeField#test_roundHalfFloor_long
3612,org.joda.time.field.TestBaseDateTimeField#test_roundHalfEven_long
3613,org.joda.time.field.TestBaseDateTimeField#test_roundHalfCeiling_long
3614,org.joda.time.field.TestBaseDateTimeField#test_getDifference_long_long
3615,org.joda.time.field.TestBaseDateTimeField#test_convertText
3616,org.joda.time.field.TestBaseDateTimeField#test_addWrapField_long_int
3617,org.joda.time.field.TestPreciseDurationDateTimeField#test_roundFloor_long
3618,org.joda.time.field.TestPreciseDurationDateTimeField#test_roundCeiling_long
3619,org.joda.time.field.TestPreciseDurationDateTimeField#test_remainder_long
3620,org.joda.time.field.TestPreciseDurationDateTimeField#test_isSupported
3621,org.joda.time.field.TestPreciseDurationDateTimeField#test_isLenient
3622,org.joda.time.field.TestPreciseDurationDateTimeField#test_isLeap_long
3623,org.joda.time.field.TestPreciseDurationDateTimeField#test_getType
3624,org.joda.time.field.TestPreciseDurationDateTimeField#test_getMinimumValue
3625,org.joda.time.field.TestPreciseDurationDateTimeField#test_getMaximumValue_long
3626,org.joda.time.field.TestPreciseDurationDateTimeField#test_getMaximumTextLength_Locale
3627,org.joda.time.field.TestPreciseDurationDateTimeField#test_getLeapDurationField
3628,org.joda.time.field.TestPreciseDurationDateTimeField#test_getLeapAmount_long
3629,org.joda.time.field.TestPreciseDurationDateTimeField#test_getAsText_int_Locale
3630,org.joda.time.field.TestBaseDateTimeField#test_roundCeiling_long
3631,org.joda.time.field.TestBaseDateTimeField#test_getAsShortText_long
3632,org.joda.time.convert.TestConverterManager#testAddPartialConverter3
3633,org.joda.time.field.TestPreciseDurationDateTimeField#test_getMaximumValue
3634,org.joda.time.field.TestPreciseDurationDateTimeField#test_get
3635,org.joda.time.field.TestBaseDateTimeField#test_toString
3636,org.joda.time.field.TestBaseDateTimeField#test_set_long_String
3637,org.joda.time.field.TestBaseDateTimeField#test_getDifferenceAsLong_long_long
3638,org.joda.time.field.TestBaseDateTimeField#test_getAsText_long
3639,org.joda.time.field.TestBaseDateTimeField#test_getAsShortText_long_Locale
3640,org.joda.time.field.TestBaseDateTimeField#test_add_long_long
3641,org.joda.time.field.TestBaseDateTimeField#test_add_long_int
3642,org.joda.time.convert.TestConverterManager#testAddInstantConverter3
3643,org.joda.time.field.TestBaseDateTimeField#test_set_long_String_Locale
3644,org.joda.time.field.TestBaseDateTimeField#test_getName
3645,org.joda.time.field.TestBaseDateTimeField#test_getMaximumShortTextLength_Locale
3646,org.joda.time.field.TestBaseDateTimeField#test_getAsText_long_Locale
3647,org.joda.time.field.TestBaseDateTimeField#test_getAsShortText_int_Locale
3648,org.joda.time.field.TestBaseDateTimeField#test_remainder_long
3649,org.joda.time.field.TestBaseDateTimeField#test_isSupported
3650,org.joda.time.field.TestBaseDateTimeField#test_isLeap_long
3651,org.joda.time.field.TestBaseDateTimeField#test_getType
3652,org.joda.time.field.TestBaseDateTimeField#test_getMinimumValue_long
3653,org.joda.time.field.TestBaseDateTimeField#test_getMaximumValue_long
3654,org.joda.time.field.TestBaseDateTimeField#test_getMaximumTextLength_Locale
3655,org.joda.time.field.TestBaseDateTimeField#test_getLeapDurationField
3656,org.joda.time.field.TestBaseDateTimeField#test_getLeapAmount_long
3657,org.joda.time.field.TestBaseDateTimeField#test_getAsText_int_Locale
3658,org.joda.time.field.TestBaseDateTimeField#test_constructor
3659,org.joda.time.convert.TestConverterManager#testRemovePeriodConverter2
3660,org.joda.time.convert.TestConverterManager#testRemovePartialConverter2
3661,org.joda.time.convert.TestConverterManager#testRemoveIntervalConverter2
3662,org.joda.time.convert.TestConverterManager#testRemoveInstantConverter2
3663,org.joda.time.convert.TestConverterManager#testRemoveDurationConverter2
3664,org.joda.time.field.TestBaseDateTimeField#test_set_long_int
3665,org.joda.time.field.TestBaseDateTimeField#test_roundFloor_long
3666,org.joda.time.field.TestBaseDateTimeField#test_getMinimumValue
3667,org.joda.time.field.TestBaseDateTimeField#test_getMaximumValue
3668,org.joda.time.field.TestBaseDateTimeField#test_get
3669,org.joda.time.convert.TestConverterManager#testRemovePeriodConverter3
3670,org.joda.time.convert.TestConverterManager#testRemovePartialConverter3
3671,org.joda.time.convert.TestConverterManager#testRemoveIntervalConverter3
3672,org.joda.time.convert.TestConverterManager#testRemoveInstantConverter3
3673,org.joda.time.convert.TestConverterManager#testRemoveDurationConverter3
3674,org.joda.time.convert.TestConverterManager#testAddPeriodConverter3
3675,org.joda.time.convert.TestConverterManager#testAddPartialConverter4
3676,org.joda.time.convert.TestConverterManager#testAddIntervalConverter3
3677,org.joda.time.convert.TestConverterManager#testAddInstantConverter4
3678,org.joda.time.convert.TestConverterManager#testAddDurationConverter3
3679,org.joda.time.tz.TestUTCProvider#testGetZone_String
3680,org.joda.time.TestIllegalFieldValueException#testOtherConstructors
3681,org.joda.time.convert.TestConverterManager#testGetPeriodConverters
3682,org.joda.time.convert.TestConverterManager#testGetPartialConverters
3683,org.joda.time.convert.TestConverterManager#testGetIntervalConverters
3684,org.joda.time.convert.TestConverterManager#testGetInstantConverters
3685,org.joda.time.convert.TestConverterManager#testGetDurationConverters
3686,org.joda.time.convert.TestConverterManager#testToString
3687,org.joda.time.field.TestScaledDurationField#test_getDifference_long_int
3688,org.joda.time.field.TestScaledDurationField#test_add_long_long
3689,org.joda.time.field.TestScaledDurationField#testSerialization
3690,org.joda.time.format.TestDateTimeFormatterBuilder#test_toFormatter
3691,org.joda.time.format.TestDateTimeFormatterBuilder#test_canBuildFormatter
3692,org.joda.time.field.TestScaledDurationField#test_getValue_long_long
3693,org.joda.time.field.TestScaledDurationField#test_getValue_long
3694,org.joda.time.field.TestScaledDurationField#test_getMillis_long_long
3695,org.joda.time.field.TestScaledDurationField#test_getMillis_long
3696,org.joda.time.field.TestScaledDurationField#test_getDifferenceAsLong_long_long
3697,org.joda.time.field.TestScaledDurationField#test_add_long_int
3698,org.joda.time.field.TestScaledDurationField#test_toString
3699,org.joda.time.field.TestScaledDurationField#test_getValueAsLong_long_long
3700,org.joda.time.field.TestScaledDurationField#test_getValueAsLong_long
3701,org.joda.time.field.TestScaledDurationField#test_getUnitMillis
3702,org.joda.time.field.TestScaledDurationField#test_getMillis_int_long
3703,org.joda.time.field.TestScaledDurationField#test_getMillis_int
3704,org.joda.time.field.TestScaledDurationField#test_isPrecise
3705,org.joda.time.field.TestScaledDurationField#test_getName
3706,org.joda.time.format.TestDateTimeFormatterBuilder#test_toPrinter
3707,org.joda.time.format.TestDateTimeFormatterBuilder#test_toParser
3708,org.joda.time.format.TestDateTimeFormatterBuilder#test_canBuildPrinter
3709,org.joda.time.format.TestDateTimeFormatterBuilder#test_canBuildParser
3710,org.joda.time.field.TestScaledDurationField#test_isSupported
3711,org.joda.time.field.TestScaledDurationField#test_getType
3712,org.joda.time.field.TestScaledDurationField#test_getScalar
3713,org.joda.time.field.TestPreciseDurationField#test_getValue_long
3714,org.joda.time.field.TestPreciseDurationField#test_getDifference_long_int
3715,org.joda.time.field.TestScaledDurationField#test_constructor
3716,org.joda.time.field.TestPreciseDurationField#test_toString
3717,org.joda.time.field.TestPreciseDurationField#test_getValue_long_long
3718,org.joda.time.field.TestPreciseDurationField#test_getMillis_long
3719,org.joda.time.field.TestPreciseDurationField#test_add_long_long
3720,org.joda.time.field.TestPreciseDurationField#testSerialization
3721,org.joda.time.field.TestPreciseDurationField#test_getValueAsLong_long
3722,org.joda.time.field.TestPreciseDurationField#test_getName
3723,org.joda.time.field.TestPreciseDurationField#test_getMillis_long_long
3724,org.joda.time.field.TestPreciseDurationField#test_getMillis_int
3725,org.joda.time.field.TestPreciseDurationField#test_getDifferenceAsLong_long_long
3726,org.joda.time.field.TestPreciseDurationField#test_add_long_int
3727,org.joda.time.field.TestPreciseDurationField#test_isSupported
3728,org.joda.time.field.TestPreciseDurationField#test_isPrecise
3729,org.joda.time.field.TestPreciseDurationField#test_getValueAsLong_long_long
3730,org.joda.time.field.TestPreciseDurationField#test_getUnitMillis
3731,org.joda.time.field.TestPreciseDurationField#test_getType
3732,org.joda.time.field.TestPreciseDurationField#test_getMillis_int_long
3733,org.joda.time.field.TestPreciseDurationField#test_constructor
3734,org.joda.time.field.TestMillisDurationField#test_getType
3735,org.joda.time.convert.TestConverterSet#testBigHashtable
3736,org.joda.time.field.TestMillisDurationField#test_getDifference_long_int
3737,org.joda.time.field.TestMillisDurationField#test_getValue_long_long
3738,org.joda.time.field.TestMillisDurationField#test_getValue_long
3739,org.joda.time.field.TestMillisDurationField#test_getDifferenceAsLong_long_long
3740,org.joda.time.field.TestMillisDurationField#test_add_long_long
3741,org.joda.time.field.TestMillisDurationField#test_add_long_int
3742,org.joda.time.convert.TestConverterSet#testRemoveNullRemoved1
3743,org.joda.time.field.TestMillisDurationField#test_toString
3744,org.joda.time.field.TestMillisDurationField#test_isSupported
3745,org.joda.time.field.TestMillisDurationField#test_isPrecise
3746,org.joda.time.field.TestMillisDurationField#test_getValueAsLong_long_long
3747,org.joda.time.field.TestMillisDurationField#test_getValueAsLong_long
3748,org.joda.time.field.TestMillisDurationField#test_getUnitMillis
3749,org.joda.time.field.TestMillisDurationField#test_getName
3750,org.joda.time.field.TestMillisDurationField#test_getMillis_long_long
3751,org.joda.time.field.TestMillisDurationField#test_getMillis_long
3752,org.joda.time.field.TestMillisDurationField#test_getMillis_int_long
3753,org.joda.time.field.TestMillisDurationField#test_getMillis_int
3754,org.joda.time.field.TestMillisDurationField#testSerialization
3755,org.joda.time.convert.TestConverterSet#testRemoveBadIndex2
3756,org.joda.time.convert.TestConverterSet#testRemoveBadIndex1
3757,org.joda.time.convert.TestConverterSet#testAddNullRemoved3
3758,org.joda.time.convert.TestConverterSet#testAddNullRemoved1
3759,org.joda.time.tz.TestUTCProvider#testGetAvailableIDs
3760,org.joda.time.convert.TestConverterSet#testRemoveNullRemoved2
3761,org.joda.time.convert.TestConverterSet#testAddNullRemoved2
3762,org.joda.time.format.TestPeriodFormat#testSubclassableConstructor
3763,org.joda.time.format.TestISODateTimeFormat_Fields#testForFields_null
3764,org.joda.time.format.TestISODateTimeFormat_Fields#testForFields_empty
3765,org.joda.time.field.TestFieldUtils#testSafeSubtractLong
3766,org.joda.time.field.TestFieldUtils#testSafeAddLong
3767,org.joda.time.field.TestFieldUtils#testSafeAddInt
3768,org.joda.time.TestDateTimeConstants#testConstructor
