rank,test
1,org.apache.commons.lang.EntitiesTest#testEscapeNamedEntity
2,org.apache.commons.lang.exception.NestableErrorTestCase#testPrintPartialStackTrace
3,org.apache.commons.lang.text.StrBuilderTest#testLastIndexOf_char_int
4,org.apache.commons.lang.StringUtilsTest#testCenter_StringIntChar
5,org.apache.commons.lang.StringUtilsSubstringTest#testMid_String
6,org.apache.commons.lang.builder.ToStringStyleTest#testSetContentStart
7,org.apache.commons.lang.mutable.MutableIntTest#testPrimitiveValues
8,org.apache.commons.lang.NotImplementedExceptionTest#testIndexOfThrowable_Index
9,org.apache.commons.lang.ArrayUtilsTest#testIndexOfShortWithStartIndex
10,org.apache.commons.lang.ArrayUtilsAddTest#testAddObjectArrayInt
11,org.apache.commons.lang.builder.MultiLineToStringStyleTest#testLongArray
12,org.apache.commons.lang.mutable.MutableShortTest#testAddValuePrimitive
13,org.apache.commons.lang.mutable.MutableIntTest#testSubtractValuePrimitive
14,org.apache.commons.lang.exception.ExceptionUtilsTestCase#testGetThrowables_Throwable_withCause
15,org.apache.commons.lang.oldenum.EnumTest#testNestedBroken
16,org.apache.commons.lang.text.StrBuilderTest#testClear
17,org.apache.commons.lang.StringUtilsSubstringTest#testSubstring_StringIntInt
18,org.apache.commons.lang.ClassUtilsTest#test_convertClassesToClassNames_List
19,org.apache.commons.lang.time.DateUtilsTest#testTruncate
20,org.apache.commons.lang.ArrayUtilsTest#testCloneDouble
21,org.apache.commons.lang.ArrayUtilsTest#testContainsChar
22,org.apache.commons.lang.oldenum.EnumTest#testExtended2Map
23,org.apache.commons.lang.math.DoubleRangeTest#testOverlapsRange
24,org.apache.commons.lang.StringUtilsEqualsIndexOfTest#testContainsNone_Chararray
25,org.apache.commons.lang.ArrayUtilsTest#testGetLength
26,org.apache.commons.lang.StringUtilsSubstringTest#testSubstringBetween_StringStringString
27,org.apache.commons.lang.ArrayUtilsTest#testLastIndexOfWithStartIndex
28,org.apache.commons.lang.CharSetTest#testStatics
29,org.apache.commons.lang.ClassUtilsTest#testGetClassClassNotFound
30,org.apache.commons.lang.ArrayUtilsTest#testHashCode
31,org.apache.commons.lang.exception.NestableRuntimeExceptionTestCase#testGetCause
32,org.apache.commons.lang.math.FloatRangeTest#testConstructor2a
33,org.apache.commons.lang.builder.ToStringBuilderTest#testDouble
34,org.apache.commons.lang.text.StrBuilderAppendInsertTest#testAppendFixedWidthPadRight
35,org.apache.commons.lang.builder.NoFieldNamesToStringStyleTest#testObject
36,org.apache.commons.lang.builder.HashCodeBuilderTest#testBooleanArrayAsObject
37,org.apache.commons.lang.EntitiesTest#testArrayIntMap
38,org.apache.commons.lang.ArrayUtilsTest#testContainsDouble
39,org.apache.commons.lang.builder.EqualsBuilderTest#testShortArray
40,org.apache.commons.lang.ValidateTest#testNoNullElementsArray2
41,org.apache.commons.lang.CharUtilsTest#testToCharacterObject_char
42,org.apache.commons.lang.exception.ExceptionUtilsTestCase#testGetThrowableList_Throwable_null
43,org.apache.commons.lang.text.StrTokenizerTest#testBasic4
44,org.apache.commons.lang.text.StrTokenizerTest#testBasic1
45,org.apache.commons.lang.math.DoubleRangeTest#testConstructor1a
46,org.apache.commons.lang.ObjectUtilsTest#testConstructor
47,org.apache.commons.lang.NumberRangeTest#testConstructor
48,org.apache.commons.lang.ArrayUtilsAddTest#testAddObjectArrayToObjectArray
49,org.apache.commons.lang.ArrayUtilsAddTest#testAddObjectArrayDouble
50,org.apache.commons.lang.ClassUtilsTest#testConstructor
51,org.apache.commons.lang.NumberUtilsTest#testMinimumInt
52,org.apache.commons.lang.builder.ToStringStyleTest#testSetSizeStartText
53,org.apache.commons.lang.enums.EnumTest#testNestedReferenced
54,org.apache.commons.lang.builder.SimpleToStringStyleTest#testBlank
55,org.apache.commons.lang.ClassUtilsTest#test_convertClassNamesToClasses_List
56,org.apache.commons.lang.math.RandomUtilsTest#testJvmRandomNextInt
57,org.apache.commons.lang.SerializationUtilsTest#testDeserializeStream
58,org.apache.commons.lang.math.FractionTest#testAbs
59,org.apache.commons.lang.enums.EnumUtilsTest#testGetValue
60,org.apache.commons.lang.builder.HashCodeBuilderTest#testShort
61,org.apache.commons.lang.ValidateTest#testIsTrue2
62,org.apache.commons.lang.mutable.MutableFloatTest#testToFloat
63,org.apache.commons.lang.exception.NestableRuntimeExceptionTestCase#testIndexOfThrowable
64,org.apache.commons.lang.ArrayUtilsTest#testReverseChar
65,org.apache.commons.lang.enums.EnumUtilsTest#testListEx
66,org.apache.commons.lang.mutable.MutableLongTest#testCompareTo
67,org.apache.commons.lang.builder.HashCodeBuilderAndEqualsBuilderTest#testIntegerWithTransients
68,org.apache.commons.lang.text.StrTokenizerTest#testConstructor_String_char
69,org.apache.commons.lang.builder.ShortPrefixToStringStyleTest#testLong
70,org.apache.commons.lang.builder.EqualsBuilderTest#testBooleanArrayHiddenByObject
71,org.apache.commons.lang.text.CompositeFormatTest#testUsage
72,org.apache.commons.lang.builder.EqualsBuilderTest#testInt
73,org.apache.commons.lang.builder.ReflectionToStringBuilderExcludeTest#test_toStringExcludeNullCollection
74,org.apache.commons.lang.BitFieldTest#testSetShortValue
75,org.apache.commons.lang.exception.ExceptionUtilsTestCase#testRemoveCommonFrames_ListList
76,org.apache.commons.lang.exception.NestableRuntimeExceptionTestCase#testGetThrowables
77,org.apache.commons.lang.time.DateUtilsTest#testIsSameInstant_Cal
78,org.apache.commons.lang.BooleanUtilsTest#test_toBooleanObject_int_int_int
79,org.apache.commons.lang.oldenum.EnumTest#testBroken3
80,org.apache.commons.lang.StringUtilsTest#testLeftPad_StringIntChar
81,org.apache.commons.lang.builder.ToStringBuilderTest#testReflectionFloatArray
82,org.apache.commons.lang.math.FloatRangeTest#testToString
83,org.apache.commons.lang.mutable.MutableDoubleTest#testDecrement
84,org.apache.commons.lang.builder.MultiLineToStringStyleTest#testLong
85,org.apache.commons.lang.BooleanUtilsTest#test_toBoolean_Boolean
86,org.apache.commons.lang.StringEscapeUtilsTest#testEscapeHtml
87,org.apache.commons.lang.mutable.MutableDoubleTest#testAddValueObject
88,org.apache.commons.lang.math.NumberUtilsTest#testCreateDouble
89,org.apache.commons.lang.text.StrMatcherTest#testNoneMatcher
90,org.apache.commons.lang.builder.EqualsBuilderTest#testIntArray
91,org.apache.commons.lang.builder.ToStringStyleTest#testSetSizeEndText
92,org.apache.commons.lang.SystemUtilsTest#testJavaVersionAtLeastInt
93,org.apache.commons.lang.builder.CompareToBuilderTest#testDoubleArray
94,org.apache.commons.lang.StringUtilsTest#testDefault_String
95,org.apache.commons.lang.text.StrTokenizerTest#testTSV
96,org.apache.commons.lang.StringUtilsTest#testSplitPreserveAllTokens_String
97,org.apache.commons.lang.builder.CompareToBuilderTest#testReflectionCompareEx2
98,org.apache.commons.lang.math.DoubleRangeTest#testToString
99,org.apache.commons.lang.math.DoubleRangeTest#testHashCode
100,org.apache.commons.lang.CharRangeTest#testConstructorAccessors_CharCharBoolean_ReversedNegated
101,org.apache.commons.lang.math.FractionTest#testToProperString
102,org.apache.commons.lang.oldenum.ValuedEnumTest#testValue
103,org.apache.commons.lang.IllegalClassExceptionTest#testGetMessage_stringArg_validInput
104,org.apache.commons.lang.text.StrTokenizerTest#testTSVEmpty
105,org.apache.commons.lang.exception.NestableRuntimeExceptionTestCase#testGetMessageI
106,org.apache.commons.lang.oldenum.ValuedEnumTest#testCompareTo
107,org.apache.commons.lang.oldenum.ValuedEnumTest#testName
108,org.apache.commons.lang.exception.NestableExceptionTestCase#testIndexOfThrowableI
109,org.apache.commons.lang.mutable.MutableFloatTest#testEquals
110,org.apache.commons.lang.SerializationUtilsTest#testDeserializeStreamClassNotFound
111,org.apache.commons.lang.StringEscapeUtilsTest#testConstructor
112,org.apache.commons.lang.StringUtilsTest#testJoin_ArrayString
113,org.apache.commons.lang.enums.EnumTest#testList
114,org.apache.commons.lang.math.NumberUtilsTest#testCreateLong
115,org.apache.commons.lang.mutable.MutableByteTest#testEquals
116,org.apache.commons.lang.CharSetUtilsTest#testSqueeze_StringStringarray
117,org.apache.commons.lang.math.NumberUtilsTest#testMaximumInt
118,org.apache.commons.lang.math.FractionTest#testReduce
119,org.apache.commons.lang.time.DateFormatUtilsTest#testDateTimeISO
120,org.apache.commons.lang.SystemUtilsTest#testJavaVersion
121,org.apache.commons.lang.ArrayUtilsTest#testIndexOfChar
122,org.apache.commons.lang.ClassUtilsTest#test_getPackageName_String
123,org.apache.commons.lang.StringUtilsEqualsIndexOfTest#testLastIndexOf_StringInt
124,org.apache.commons.lang.text.StrTokenizerTest#testCSVSimpleNeedsTrim
125,org.apache.commons.lang.text.StrBuilderAppendInsertTest#testAppend_CharArray_int_int
126,org.apache.commons.lang.ArrayUtilsTest#testClone
127,org.apache.commons.lang.builder.ToStringStyleTest#testSetNullText
128,org.apache.commons.lang.mutable.MutableByteTest#testIncrement
129,org.apache.commons.lang.ValidateTest#testNotEmptyCollection1
130,org.apache.commons.lang.ArrayUtilsTest#testLastIndexOfDoubleWithStartIndex
131,org.apache.commons.lang.math.FractionTest#testFactory_String
132,org.apache.commons.lang.oldenum.EnumUtilsTest#testIteratorEx
133,org.apache.commons.lang.BitFieldTest#testGetValue
134,org.apache.commons.lang.EntitiesTest#testUnescapeUnknownEntity
135,org.apache.commons.lang.math.NumberUtilsTest#testMinimumByte
136,org.apache.commons.lang.time.FastDateFormatTest#test_getInstance
137,org.apache.commons.lang.builder.HashCodeBuilderTest#testConstructorEx2
138,org.apache.commons.lang.IntHashMapTest#testRemove
139,org.apache.commons.lang.enums.EnumTest#testExtended3List
140,org.apache.commons.lang.ArrayUtilsTest#testContainsFloat
141,org.apache.commons.lang.ValidateTest#testAllElementsOfType
142,org.apache.commons.lang.oldenum.EnumUtilsTest#testMap
143,org.apache.commons.lang.builder.EqualsBuilderTest#testLongArray
144,org.apache.commons.lang.oldenum.EnumTest#testExtended3List
145,org.apache.commons.lang.ArrayUtilsTest#testIndexOfDoubleWithStartIndexTolerance
146,org.apache.commons.lang.builder.EqualsBuilderTest#testCharArray
147,org.apache.commons.lang.EntitiesTest#testTreeIntMap
148,org.apache.commons.lang.enums.EnumTest#testNestedLinked
149,org.apache.commons.lang.builder.SimpleToStringStyleTest#testObject
150,org.apache.commons.lang.math.NumberRangeTest#testContainsNumber
151,org.apache.commons.lang.enums.EnumTest#testName
152,org.apache.commons.lang.oldenum.EnumTest#testNested
153,org.apache.commons.lang.math.NumberRangeTest#testConstructor1Exceptions
154,org.apache.commons.lang.CharEncodingTest#testConstructor
155,org.apache.commons.lang.text.VariableFormatterTest#testReplaceSystemProperties
156,org.apache.commons.lang.text.StrBuilderAppendInsertTest#testAppend_Object
157,org.apache.commons.lang.StringUtilsTest#testReplace_StringStringString
158,org.apache.commons.lang.text.StrBuilderTest#testDeleteCharAt
159,org.apache.commons.lang.text.StrTokenizerTest#testBasicIgnoreTrimmed2
160,org.apache.commons.lang.math.FractionTest#testNegate
161,org.apache.commons.lang.builder.CompareToBuilderTest#testObjectArrayHiddenByObject
162,org.apache.commons.lang.time.FastDateFormatTest#test_getInstance_String_Locale
163,org.apache.commons.lang.CharRangeTest#testConstructorAccessors_Char
164,org.apache.commons.lang.math.LongRangeTest#testContainsLong
165,org.apache.commons.lang.StringUtilsSubstringTest#testSubstringBeforeLast_StringString
166,org.apache.commons.lang.text.StrTokenizerTest#testBasicDelim2
167,org.apache.commons.lang.builder.CompareToBuilderTest#testReflectionHierarchyCompareTransients
168,org.apache.commons.lang.WordUtilsTest#testWrap_StringIntStringBoolean
169,org.apache.commons.lang.text.StrBuilderTest#testCapacityAndLength
170,org.apache.commons.lang.exception.NestableRuntimeExceptionTestCase#testIndexOfThrowableI
171,org.apache.commons.lang.builder.CompareToBuilderTest#testFloatArray
172,org.apache.commons.lang.text.StrBuilderAppendInsertTest#testAppend_PrimitiveNumber
173,org.apache.commons.lang.SerializationUtilsTest#testDeserializeBytes
174,org.apache.commons.lang.IncompleteArgumentExceptionTest#test1arg_nullInput
175,org.apache.commons.lang.ValidateTest#testNoNullElementsArray1
176,org.apache.commons.lang.text.StrBuilderTest#testToCharArray
177,org.apache.commons.lang.mutable.MutableDoubleTest#testAddValuePrimitive
178,org.apache.commons.lang.CharRangeTest#testConstructorAccessors_CharChar_Normal
179,org.apache.commons.lang.oldenum.EnumTest#testIterator
180,org.apache.commons.lang.enums.EnumTest#testExtended2Get
181,org.apache.commons.lang.builder.ToStringBuilderTest#testReflectionHierarchy
182,org.apache.commons.lang.oldenum.EnumTest#testEqualsToWrongInstance
183,org.apache.commons.lang.BooleanUtilsTest#test_toBoolean_String_String_String
184,org.apache.commons.lang.ArrayUtilsTest#testSameLengthByte
185,org.apache.commons.lang.CharSetTest#testHashCode
186,org.apache.commons.lang.math.DoubleRangeTest#testContainsRange
187,org.apache.commons.lang.ArrayUtilsRemoveTest#testRemoveElementFloatArray
188,org.apache.commons.lang.time.DateUtilsTest#testWeekIterator
189,org.apache.commons.lang.oldenum.EnumTest#testOperationMap
190,org.apache.commons.lang.exception.ExceptionUtilsTestCase#testIndexOf_ThrowableClass
191,org.apache.commons.lang.StringUtilsTest#testOverlayString_StringStringIntInt
192,org.apache.commons.lang.ArrayUtilsRemoveTest#testRemoveDoubleArray
193,org.apache.commons.lang.UnhandledExceptionTest#testConstructor_throwable_nullInput
194,org.apache.commons.lang.enums.EnumEqualsTest#testEquals
195,org.apache.commons.lang.builder.HashCodeBuilderTest#testDoubleArray
196,org.apache.commons.lang.text.StrBuilderTest#testDeleteFirst_StrMatcher
197,org.apache.commons.lang.builder.ToStringStyleTest#testSetArraySeparator
198,org.apache.commons.lang.builder.ToStringBuilderTest#testBoolean
199,org.apache.commons.lang.exception.NestableDelegateTestCase#testNestableDelegateGetMessages
200,org.apache.commons.lang.text.StrBuilderAppendInsertTest#testAppendWithSeparatorsWithNullText
201,org.apache.commons.lang.ArrayUtilsRemoveTest#testRemoveByteArray
202,org.apache.commons.lang.BooleanUtilsTest#test_toInteger_boolean
203,org.apache.commons.lang.math.NumberUtilsTest#testToIntString
204,org.apache.commons.lang.IllegalClassExceptionTest#testConstructor_classObjectArgs_allNullInput
205,org.apache.commons.lang.oldenum.EnumTest#testBroken5Operation
206,org.apache.commons.lang.SystemUtilsTest#testConstructor
207,org.apache.commons.lang.builder.StandardToStringStyleTest#testObject
208,org.apache.commons.lang.enums.EnumUtilsTest#testList
209,org.apache.commons.lang.time.DateFormatUtilsTest#testFormat
210,org.apache.commons.lang.text.StrBuilderTest#testEquals
211,org.apache.commons.lang.mutable.MutableShortTest#testSubtractValuePrimitive
212,org.apache.commons.lang.CharUtilsTest#testIsAsciiControl_char
213,org.apache.commons.lang.StringUtilsTest#testDefault_StringString
214,org.apache.commons.lang.oldenum.EnumTest#testExtended2Get
215,org.apache.commons.lang.enums.ValuedEnumTest#testCompareTo
216,org.apache.commons.lang.NumberUtilsTest#testCreateDouble
217,org.apache.commons.lang.StringUtilsTest#testSplitByWholeString_StringStringBooleanInt
218,org.apache.commons.lang.enums.EnumUtilsTest#testConstructor
219,org.apache.commons.lang.math.NumberRangeTest#testToString
220,org.apache.commons.lang.BooleanUtilsTest#testXor_object_nullInput
221,org.apache.commons.lang.ValidateTest#testIsTrue5
222,org.apache.commons.lang.StringUtilsTest#testSplitPreserveAllTokens_StringChar
223,org.apache.commons.lang.IncompleteArgumentExceptionTest#test2arg_allNullInput
224,org.apache.commons.lang.ValidateTest#testNotEmptyString1
225,org.apache.commons.lang.CharUtilsTest#testToString_Character
226,org.apache.commons.lang.exception.NestableRuntimeExceptionTestCase#testSpecificPrintStackTrace
227,org.apache.commons.lang.math.LongRangeTest#testContainsDouble
228,org.apache.commons.lang.ArrayUtilsTest#testSubarrayFloat
229,org.apache.commons.lang.oldenum.EnumTest#testOperationCalculation
230,org.apache.commons.lang.math.RandomUtilsTest#testNextLong
231,org.apache.commons.lang.StringUtilsIsTest#testIsAlphanumericSpace
232,org.apache.commons.lang.BooleanUtilsTest#testXor_object_nullElementInput
233,org.apache.commons.lang.EntitiesPerformanceTest#testEscapeBinary
234,org.apache.commons.lang.oldenum.EnumTest#testExtended1Map
235,org.apache.commons.lang.StringUtilsTrimEmptyTest#testIsEmpty
236,org.apache.commons.lang.StringUtilsIsTest#testIsNumericSpace
237,org.apache.commons.lang.mutable.MutableFloatTest#testDecrement
238,org.apache.commons.lang.ArrayUtilsTest#testSameLengthShort
239,org.apache.commons.lang.builder.HashCodeBuilderTest#testSuper
240,org.apache.commons.lang.exception.NestableErrorTestCase#testGetThrowableCount
241,org.apache.commons.lang.text.VariableFormatterTest#testReplaceObject
242,org.apache.commons.lang.BooleanUtilsTest#test_toStringTrueFalse_Boolean
243,org.apache.commons.lang.text.StrTokenizerTest#testReset_charArray
244,org.apache.commons.lang.ObjectUtilsTest#testIsNull
245,org.apache.commons.lang.CharUtilsTest#testToUnicodeEscaped_Character
246,org.apache.commons.lang.CharSetUtilsTest#testConstructor
247,org.apache.commons.lang.IntHashMapTest#testConstructor
248,org.apache.commons.lang.NotImplementedExceptionTest#testConstructor_String2
249,org.apache.commons.lang.math.FloatRangeTest#testContainsInteger
250,org.apache.commons.lang.NumberRangeTest#testIncludesRangeNull
251,org.apache.commons.lang.ArrayUtilsTest#testToPrimitive_float
252,org.apache.commons.lang.builder.ToStringBuilderTest#testByte
253,org.apache.commons.lang.ArrayUtilsTest#testLastIndexOfDoubleTolerance
254,org.apache.commons.lang.text.StrBuilderTest#testSubstringIntInt
255,org.apache.commons.lang.math.RangeTest#testHashCode
256,org.apache.commons.lang.StringUtilsTest#testConcatenate_Objectarray
257,org.apache.commons.lang.oldenum.EnumTest#testHashCode
258,org.apache.commons.lang.NumberUtilsTest#testIsNumberInvalidInput
259,org.apache.commons.lang.text.StrBuilderAppendInsertTest#testAppendPadding
260,org.apache.commons.lang.exception.NestableExceptionTestCase#testGetMessages
261,org.apache.commons.lang.math.DoubleRangeTest#testContainsFloat
262,org.apache.commons.lang.EntitiesPerformanceTest#testUnescapeTree
263,org.apache.commons.lang.StringUtilsTest#testReverseDelimitedString_StringString
264,org.apache.commons.lang.builder.HashCodeBuilderTest#testFloatArray
265,org.apache.commons.lang.text.VariableFormatterTest#testNonDefaultTokens
266,org.apache.commons.lang.builder.ToStringBuilderTest#testReflectionArrayAndObjectCycle
267,org.apache.commons.lang.StringUtilsTest#testRemoveStart
268,org.apache.commons.lang.ArrayUtilsTest#testIndexOfIntWithStartIndex
269,org.apache.commons.lang.StringUtilsTest#testRemove_String
270,org.apache.commons.lang.mutable.MutableFloatTest#testSubtractValuePrimitive
271,org.apache.commons.lang.LocaleUtilsTest#testToLocale_2Part
272,org.apache.commons.lang.StringUtilsEqualsIndexOfTest#testContainsString
273,org.apache.commons.lang.math.NumberUtilsTest#testMinDouble
274,org.apache.commons.lang.math.NumberUtilsTest#testCreateBigInteger
275,org.apache.commons.lang.StringUtilsEqualsIndexOfTest#testLastIndexOfAny_StringStringarray
276,org.apache.commons.lang.math.NumberUtilsTest#testToIntStringI
277,org.apache.commons.lang.text.StrBuilderTest#testContains_StrMatcher
278,org.apache.commons.lang.text.StrBuilderAppendInsertTest#testAppend_StringBuffer
279,org.apache.commons.lang.exception.ExceptionUtilsTestCase#test_getMessage_Throwable
280,org.apache.commons.lang.StringUtilsTest#testSplitByWholeString_StringStringBoolean
281,org.apache.commons.lang.ArrayUtilsTest#testCloneBoolean
282,org.apache.commons.lang.ValidateTest#testNotEmptyMap2
283,org.apache.commons.lang.ArrayUtilsRemoveTest#testRemoveCharArray
284,org.apache.commons.lang.mutable.MutableLongTest#testGetSet
285,org.apache.commons.lang.math.FractionTest#testEquals
286,org.apache.commons.lang.ArrayUtilsTest#testSameLengthFloat
287,org.apache.commons.lang.SerializationUtilsTest#testSerializeStream
288,org.apache.commons.lang.builder.CompareToBuilderTest#testObjectEx2
289,org.apache.commons.lang.builder.EqualsBuilderTest#testFloatArrayHiddenByObject
290,org.apache.commons.lang.WordUtilsTest#testConstructor
291,org.apache.commons.lang.math.FloatRangeTest#testGetMinimum
292,org.apache.commons.lang.ValidateTest#testNoNullElementsCollection1
293,org.apache.commons.lang.math.NumberUtilsTest#testMinInt
294,org.apache.commons.lang.text.StrBuilderTest#testReplaceFirst_StrMatcher_String
295,org.apache.commons.lang.text.StrBuilderTest#testLastIndexOf_StrMatcher
296,org.apache.commons.lang.builder.ToStringBuilderTest#testIntArray
297,org.apache.commons.lang.oldenum.EnumTest#testExtended3Map
298,org.apache.commons.lang.ArrayUtilsTest#testToPrimitive_boolean_boolean
299,org.apache.commons.lang.text.StrTokenizerTest#test4
300,org.apache.commons.lang.text.StrBuilderTest#testGetSetNullText
301,org.apache.commons.lang.math.FractionTest#testFactory_String_improper
302,org.apache.commons.lang.text.StrMatcherTest#testCharMatcher_char
303,org.apache.commons.lang.math.LongRangeTest#testContainsFloat
304,org.apache.commons.lang.BooleanUtilsTest#testXor_object_emptyInput
305,org.apache.commons.lang.exception.ExceptionUtilsTestCase#testIsNestedThrowable_Throwable
306,org.apache.commons.lang.builder.CompareToBuilderTest#testObjectComparatorNull
307,org.apache.commons.lang.StringUtilsTest#testJoin_IteratorString
308,org.apache.commons.lang.CharRangeTest#testConstructorAccessors_CharCharBoolean_NormalNegated
309,org.apache.commons.lang.NullArgumentExceptionTest#testConstructor_nullInput
310,org.apache.commons.lang.builder.CompareToBuilderTest#testShortArray
311,org.apache.commons.lang.text.StrBuilderTest#testReplace_int_int_String
312,org.apache.commons.lang.ValidateTest#testNotEmptyString2
313,org.apache.commons.lang.ArrayUtilsTest#testIndexOfWithStartIndex
314,org.apache.commons.lang.exception.ExceptionUtilsTestCase#test_getRootCauseMessage_Throwable
315,org.apache.commons.lang.builder.ToStringBuilderTest#testInnerClassReflection
316,org.apache.commons.lang.BooleanUtilsTest#test_toStringYesNo_boolean
317,org.apache.commons.lang.CharUtilsTest#testIsAsciiAlphaUpper_char
318,org.apache.commons.lang.mutable.MutableShortTest#testToString
319,org.apache.commons.lang.text.StrBuilderTest#testReplace_StrMatcher_String_int_int_int_VaryCount
320,org.apache.commons.lang.StringUtilsTrimEmptyTest#testStripToNull_String
321,org.apache.commons.lang.ArrayUtilsTest#testIndexOfCharWithStartIndex
322,org.apache.commons.lang.text.StrBuilderTest#testLength
323,org.apache.commons.lang.BooleanUtilsTest#test_toBoolean_int
324,org.apache.commons.lang.text.StrBuilderTest#testGetSetNewLineText
325,org.apache.commons.lang.text.VariableFormatterTest#testCyclicReplacement
326,org.apache.commons.lang.oldenum.EnumTest#testBroken1Operation
327,org.apache.commons.lang.text.StrTokenizerTest#test6
328,org.apache.commons.lang.text.StrTokenizerTest#test2
329,org.apache.commons.lang.CharRangeTest#testConstructorAccessors_CharBoolean_Negated
330,org.apache.commons.lang.enums.ValuedEnumTest#testGetValue
331,org.apache.commons.lang.ArrayUtilsTest#testToObject_boolean
332,org.apache.commons.lang.text.StrBuilderTest#testReplace_StrMatcher_String_int_int_int_VaryMatcher
333,org.apache.commons.lang.exception.ExceptionUtilsTestCase#testGetThrowables_Throwable_null
334,org.apache.commons.lang.StringUtilsSubstringTest#testCountMatches_String
335,org.apache.commons.lang.NotImplementedExceptionTest#testConstructor_Class2
336,org.apache.commons.lang.exception.ExceptionUtilsTestCase#testGetThrowableList_Throwable_withoutCause
337,org.apache.commons.lang.math.NumberUtilsTest#testToFloatStringF
338,org.apache.commons.lang.text.StrTokenizerTest#testBasicQuoted2
339,org.apache.commons.lang.math.LongRangeTest#testGetMaximum
340,org.apache.commons.lang.text.StrTokenizerTest#testConstructor_charArray_char
341,org.apache.commons.lang.ArrayUtilsTest#testIsEquals
342,org.apache.commons.lang.builder.ToStringBuilderTest#testCharArrayArray
343,org.apache.commons.lang.time.DateUtilsTest#testAddMonths
344,org.apache.commons.lang.text.StrMatcherTest#testSpaceMatcher
345,org.apache.commons.lang.text.VariableFormatterTest#testReplaceEmptyKeys
346,org.apache.commons.lang.NotImplementedExceptionTest#testConstructor_StringThrowable1
347,org.apache.commons.lang.builder.StandardToStringStyleTest#testLongArray
348,org.apache.commons.lang.EntitiesTest#testUnescapeMiscellaneous
349,org.apache.commons.lang.CharSetTest#testGetInstance
350,org.apache.commons.lang.StringEscapeUtilsTest#testEscapeSql
351,org.apache.commons.lang.builder.EqualsBuilderTest#testMultiLongArray
352,org.apache.commons.lang.IllegalClassExceptionTest#testGetMessage_classObjectArgs_nullInput
353,org.apache.commons.lang.ObjectUtilsTest#testEquals
354,org.apache.commons.lang.CharRangeTest#testSerialization
355,org.apache.commons.lang.ArrayUtilsAddTest#testAddObjectArrayChar
356,org.apache.commons.lang.builder.ToStringBuilderTest#testReflectionyteArray
357,org.apache.commons.lang.CharSetTest#testConstructor_String_comboNegated
358,org.apache.commons.lang.math.NumberUtilsTest#testMinFloat
359,org.apache.commons.lang.BitFieldTest#testIsSet
360,org.apache.commons.lang.LocaleUtilsTest#testAvailableLocaleSet
361,org.apache.commons.lang.builder.EqualsBuilderTest#testAccessors
362,org.apache.commons.lang.BitFieldTest#testClear
363,org.apache.commons.lang.builder.NoFieldNamesToStringStyleTest#testBlank
364,org.apache.commons.lang.math.NumberUtilsTest#testMaximumLong
365,org.apache.commons.lang.EntitiesTest#testBinaryIntMap
366,org.apache.commons.lang.mutable.MutableBooleanTest#testCompareTo
367,org.apache.commons.lang.enums.EnumTest#testEqualsToWrongInstance
368,org.apache.commons.lang.math.NumberUtilsTest#testMinimumLong
369,org.apache.commons.lang.ValidateTest#testIsTrue1
370,org.apache.commons.lang.builder.ToStringBuilderTest#testReflectionBoolean
371,org.apache.commons.lang.StringUtilsTrimEmptyTest#testTrimToEmpty
372,org.apache.commons.lang.StringUtilsTest#testJoin_IteratorChar
373,org.apache.commons.lang.StringUtilsTest#testRepeat_StringInt
374,org.apache.commons.lang.mutable.MutableDoubleTest#testCompareTo
375,org.apache.commons.lang.CharUtilsTest#testIsAscii_char
376,org.apache.commons.lang.builder.EqualsBuilderTest#testMultiIntArray
377,org.apache.commons.lang.UnhandledExceptionTest#testGetCauseAndGetMessage
378,org.apache.commons.lang.math.LongRangeTest#testHashCode
379,org.apache.commons.lang.StringUtilsTest#testJoin_Objectarray
380,org.apache.commons.lang.builder.ShortPrefixToStringStyleTest#testLongArrayArray
381,org.apache.commons.lang.builder.ToStringBuilderTest#testReflectionNull
382,org.apache.commons.lang.exception.NestableErrorTestCase#testPrintStackTrace
383,org.apache.commons.lang.CharRangeTest#testConstructorAccessors_CharCharBoolean_Same
384,org.apache.commons.lang.math.NumberUtilsTest#testMaxDouble
385,org.apache.commons.lang.math.FloatRangeTest#testOverlapsRange
386,org.apache.commons.lang.math.FloatRangeTest#testConstructor1a
387,org.apache.commons.lang.math.NumberUtilsTest#testStringToDoubleStringD
388,org.apache.commons.lang.builder.HashCodeBuilderTest#testObjectArray
389,org.apache.commons.lang.builder.EqualsBuilderTest#testDoubleArrayHiddenByObject
390,org.apache.commons.lang.mutable.MutableBooleanTest#testEquals
391,org.apache.commons.lang.CharRangeTest#testContainsNullArg
392,org.apache.commons.lang.EntitiesPerformanceTest#testLookupTree
393,org.apache.commons.lang.builder.EqualsBuilderTest#testLong
394,org.apache.commons.lang.oldenum.EnumUtilsTest#testGetValueEx
395,org.apache.commons.lang.BitFieldTest#testSetShort
396,org.apache.commons.lang.math.NumberRangeTest#testEquals
397,org.apache.commons.lang.mutable.MutableLongTest#testToString
398,org.apache.commons.lang.CharUtilsTest#testIsAsciiAlpha_char
399,org.apache.commons.lang.ArrayUtilsTest#testCloneShort
400,org.apache.commons.lang.builder.CompareToBuilderTest#testMixedArray
401,org.apache.commons.lang.time.DateUtilsTest#testTruncateLang59
402,org.apache.commons.lang.text.StrTokenizerTest#testBasicQuoted6
403,org.apache.commons.lang.exception.NestableDelegateTestCase#testNestableDelegateGetThrowables
404,org.apache.commons.lang.builder.CompareToBuilderTest#testReflectionCompareEx1
405,org.apache.commons.lang.text.StrTokenizerTest#testBasicEmpty2
406,org.apache.commons.lang.StringUtilsTrimEmptyTest#testStrip_StringString
407,org.apache.commons.lang.math.FractionTest#testReducedFactory_int_int
408,org.apache.commons.lang.builder.ToStringBuilderTest#testBlank
409,org.apache.commons.lang.exception.NestableExceptionTestCase#testSpecificPrintStackTrace
410,org.apache.commons.lang.builder.SimpleToStringStyleTest#testObjectArray
411,org.apache.commons.lang.exception.NestableRuntimeExceptionTestCase#testPrintStackTrace
412,org.apache.commons.lang.CharSetUtilsTest#testTranslate
413,org.apache.commons.lang.text.StrMatcherTest#testStringMatcher_String
414,org.apache.commons.lang.EntitiesTest#testHashIntMap
415,org.apache.commons.lang.ArrayUtilsTest#testContainsLong
416,org.apache.commons.lang.math.IntRangeTest#testConstructor1b
417,org.apache.commons.lang.text.StrMatcherTest#testQuoteMatcher
418,org.apache.commons.lang.text.StrMatcherTest#testSplitMatcher
419,org.apache.commons.lang.math.NumberRangeTest#testConstructor1
420,org.apache.commons.lang.math.LongRangeTest#testContainsNumber
421,org.apache.commons.lang.builder.CompareToBuilderTest#testCharArrayHiddenByObject
422,org.apache.commons.lang.CharUtilsTest#testToIntValue_char_int
423,org.apache.commons.lang.ArrayUtilsRemoveTest#testRemoveElementObjectArray
424,org.apache.commons.lang.text.StrTokenizerTest#testChaining
425,org.apache.commons.lang.enums.ValuedEnumTest#testList
426,org.apache.commons.lang.NumberRangeTest#testIncludesRange
427,org.apache.commons.lang.builder.CompareToBuilderTest#testFloat
428,org.apache.commons.lang.ArrayUtilsTest#testToObject_float
429,org.apache.commons.lang.StringUtilsTrimEmptyTest#testStripEnd_StringString
430,org.apache.commons.lang.ArrayUtilsRemoveTest#testRemoveFloatArray
431,org.apache.commons.lang.builder.ToStringBuilderTest#testBooleanArray
432,org.apache.commons.lang.builder.MultiLineToStringStyleTest#testObjectArray
433,org.apache.commons.lang.exception.NestableErrorTestCase#testGetMessage
434,org.apache.commons.lang.builder.NoFieldNamesToStringStyleTest#testLongArrayArray
435,org.apache.commons.lang.EntitiesPerformanceTest#testBuildTree
436,org.apache.commons.lang.mutable.MutableLongTest#testPrimitiveValues
437,org.apache.commons.lang.BooleanUtilsTest#test_toIntegerObject_Boolean_Integer_Integer_Integer
438,org.apache.commons.lang.text.StrBuilderTest#testChaining
439,org.apache.commons.lang.text.StrBuilderTest#testHashCode
440,org.apache.commons.lang.exception.NestableErrorTestCase#testGetThrowableI
441,org.apache.commons.lang.BitFieldTest#testGetShortRawValue
442,org.apache.commons.lang.builder.ToStringBuilderTest#testShort
443,org.apache.commons.lang.math.IntRangeTest#testContainsFloat
444,org.apache.commons.lang.CharRangeTest#testConstructorAccessors_CharCharBoolean_Reversed
445,org.apache.commons.lang.builder.CompareToBuilderTest#testLongArrayHiddenByObject
446,org.apache.commons.lang.builder.DefaultToStringStyleTest#testLongArray
447,org.apache.commons.lang.CharRangeTest#testConstructorAccessors_CharChar_Same
448,org.apache.commons.lang.NumberRangeTest#testToStringWithNegatives
449,org.apache.commons.lang.text.StrBuilderTest#testEndsWith
450,org.apache.commons.lang.builder.HashCodeBuilderTest#testReflectionHashCodeEx1
451,org.apache.commons.lang.exception.ExceptionUtilsTestCase#testGetThrowableList_Throwable_recursiveCause
452,org.apache.commons.lang.EntitiesPerformanceTest#testEscapeTree
453,org.apache.commons.lang.StringUtilsTrimEmptyTest#testStripToEmpty_String
454,org.apache.commons.lang.math.NumberUtilsTest#testMinimumShort
455,org.apache.commons.lang.IllegalClassExceptionTest#testGetMessage_classArgs_normalInput
456,org.apache.commons.lang.text.StrBuilderAppendInsertTest#testAppend_CharArray
457,org.apache.commons.lang.StringUtilsTest#testDifferenceAt_StringString
458,org.apache.commons.lang.builder.DefaultToStringStyleTest#testObjectArray
459,org.apache.commons.lang.StringUtilsTrimEmptyTest#testClean
460,org.apache.commons.lang.mutable.MutableLongTest#testIncrement
461,org.apache.commons.lang.RandomStringUtilsTest#testExceptions
462,org.apache.commons.lang.StringUtilsTest#testCaseFunctions
463,org.apache.commons.lang.math.IntRangeTest#testContainsInteger
464,org.apache.commons.lang.ArrayUtilsTest#testToPrimitive_byte
465,org.apache.commons.lang.mutable.MutableLongTest#testSubtractValueObject
466,org.apache.commons.lang.IncompleteArgumentExceptionTest#test2arg_nullArray
467,org.apache.commons.lang.builder.NoFieldNamesToStringStyleTest#testObjectArray
468,org.apache.commons.lang.NumberRangeTest#testEqualsWithSameReference
469,org.apache.commons.lang.oldenum.EnumTest#testGet
470,org.apache.commons.lang.text.StrBuilderTest#testSubstringInt
471,org.apache.commons.lang.mutable.MutableByteTest#testPrimitiveValues
472,org.apache.commons.lang.CharSetUtilsTest#testDelete_StringStringarray
473,org.apache.commons.lang.math.RandomUtilsTest#testNextFloat
474,org.apache.commons.lang.math.DoubleRangeTest#testContainsInteger
475,org.apache.commons.lang.time.DurationFormatUtilsTest#testLexx
476,org.apache.commons.lang.builder.HashCodeBuilderTest#testLong
477,org.apache.commons.lang.time.DateUtilsTest#testAddWeeks
478,org.apache.commons.lang.ArrayUtilsTest#testToString
479,org.apache.commons.lang.exception.ExceptionUtilsTestCase#testGetCause_ThrowableArray
480,org.apache.commons.lang.text.StrBuilderTest#testToCharArrayIntInt
481,org.apache.commons.lang.ArrayUtilsAddTest#testAddObjectArrayBoolean
482,org.apache.commons.lang.time.DateFormatUtilsTest#testSMTP
483,org.apache.commons.lang.CharUtilsTest#testToIntValue_Character_int
484,org.apache.commons.lang.mutable.MutableShortTest#testPrimitiveValues
485,org.apache.commons.lang.builder.ToStringBuilderTest#testReflectionObjectCycle
486,org.apache.commons.lang.builder.ToStringBuilderTest#testAppendToString
487,org.apache.commons.lang.ArrayUtilsRemoveTest#testRemoveBooleanArray
488,org.apache.commons.lang.text.VariableFormatterTest#testReplaceNoEscape
489,org.apache.commons.lang.oldenum.EnumTest#testExtendedToString
490,org.apache.commons.lang.NumberUtilsTest#testCreateLong
491,org.apache.commons.lang.SystemUtilsTest#testJavaVersionAtLeastFloat
492,org.apache.commons.lang.ArrayUtilsTest#testSameLengthChar
493,org.apache.commons.lang.ValidateTest#testNotNull2
494,org.apache.commons.lang.builder.ToStringStyleTest#testSetArrayEnd
495,org.apache.commons.lang.StringUtilsSubstringTest#testSubstringAfterLast_StringString
496,org.apache.commons.lang.mutable.MutableLongTest#testHashCode
497,org.apache.commons.lang.ArrayUtilsTest#testLastIndexOfByteWithStartIndex
498,org.apache.commons.lang.math.NumberUtilsTest#testCreateFloat
499,org.apache.commons.lang.enums.EnumTest#testToString
500,org.apache.commons.lang.StringEscapeUtilsTest#testUnescapeHexCharsHtml
501,org.apache.commons.lang.builder.ToStringBuilderTest#testReflectionIntArray
502,org.apache.commons.lang.text.StrBuilderTest#testReverse
503,org.apache.commons.lang.StringUtilsIsTest#testIsAlphaspace
504,org.apache.commons.lang.text.StrBuilderTest#testReplaceFirst_String_String
505,org.apache.commons.lang.NumberRangeTest#testToString
506,org.apache.commons.lang.BooleanUtilsTest#test_toString_Boolean_String_String_String
507,org.apache.commons.lang.oldenum.ValuedEnumTest#testGetValue
508,org.apache.commons.lang.WordUtilsTest#testInitials_String_charArray
509,org.apache.commons.lang.text.VariableFormatterTest#testInitialize
510,org.apache.commons.lang.builder.CompareToBuilderTest#testObject
511,org.apache.commons.lang.IllegalClassExceptionTest#testConstructor_classObjectArgs_nullExpected
512,org.apache.commons.lang.CharSetUtilsTest#testTranslateNullPointerException
513,org.apache.commons.lang.mutable.MutableShortTest#testGetSet
514,org.apache.commons.lang.LocaleUtilsTest#testIsAvailableLocale
515,org.apache.commons.lang.BooleanUtilsTest#test_negate_Boolean
516,org.apache.commons.lang.text.StrBuilderTest#testAsWriter
517,org.apache.commons.lang.math.NumberUtilsTest#testCompareDouble
518,org.apache.commons.lang.builder.ToStringBuilderTest#testSimpleReflectionStatics
519,org.apache.commons.lang.builder.ReflectionToStringBuilderExcludeTest#test_toStringExclude
520,org.apache.commons.lang.StringUtilsTest#testReplaceChars_StringCharChar
521,org.apache.commons.lang.builder.EqualsBuilderTest#testUnrelatedClasses
522,org.apache.commons.lang.NumberUtilsTest#testStringToIntStringI
523,org.apache.commons.lang.builder.CompareToBuilderTest#testBoolean
524,org.apache.commons.lang.exception.NestableExceptionTestCase#testGetCause
525,org.apache.commons.lang.builder.ToStringBuilderTest#testSetDefaultEx
526,org.apache.commons.lang.enums.EnumTest#testNested
527,org.apache.commons.lang.oldenum.ValuedEnumTest#testToString
528,org.apache.commons.lang.builder.EqualsBuilderTest#testLongArrayHiddenByObject
529,org.apache.commons.lang.NumberUtilsTest#testCreateFloat
530,org.apache.commons.lang.builder.ToStringStyleTest#testSetContentEnd
531,org.apache.commons.lang.oldenum.EnumTest#testOperationList
532,org.apache.commons.lang.SystemUtilsTest#testGetUserHome
533,org.apache.commons.lang.enums.EnumTest#testBroken2Operation
534,org.apache.commons.lang.math.IntRangeTest#testContainsRange
535,org.apache.commons.lang.builder.ShortPrefixToStringStyleTest#testAppendSuper
536,org.apache.commons.lang.NumberRangeTest#testHashCode
537,org.apache.commons.lang.mutable.MutableIntTest#testAddValueObject
538,org.apache.commons.lang.builder.HashCodeBuilderTest#testBooleanArray
539,org.apache.commons.lang.builder.NoFieldNamesToStringStyleTest#testLong
540,org.apache.commons.lang.mutable.MutableObjectTest#testEquals
541,org.apache.commons.lang.builder.HashCodeBuilderTest#testReflectionHashCode
542,org.apache.commons.lang.ClassUtilsTest#testGetPublicMethod
543,org.apache.commons.lang.builder.ToStringBuilderTest#testReflectionFloatArrayArray
544,org.apache.commons.lang.mutable.MutableShortTest#testToShort
545,org.apache.commons.lang.enums.EnumTest#testExtended3Map
546,org.apache.commons.lang.ValidateTest#testNoNullElementsCollection2
547,org.apache.commons.lang.enums.EnumUtilsTest#testGetValueEx
548,org.apache.commons.lang.ArrayUtilsTest#testContainsByte
549,org.apache.commons.lang.builder.ToStringBuilderTest#testInheritedReflectionStatics
550,org.apache.commons.lang.BooleanUtilsTest#test_isFalse_Boolean
551,org.apache.commons.lang.text.StrTokenizerTest#testBasicQuoted7
552,org.apache.commons.lang.time.DateFormatUtilsTest#testConstructor
553,org.apache.commons.lang.mutable.MutableObjectTest#testConstructors
554,org.apache.commons.lang.math.NumberUtilsTest#testStringToIntStringI
555,org.apache.commons.lang.StringUtilsEqualsIndexOfTest#testLastIndexOf_String
556,org.apache.commons.lang.enums.ValuedEnumTest#testValue
557,org.apache.commons.lang.builder.ToStringBuilderTest#testFloatArrayArray
558,org.apache.commons.lang.NumberRangeTest#testIncludesNumberNull
559,org.apache.commons.lang.ArrayUtilsTest#testLastIndexOfBooleanWithStartIndex
560,org.apache.commons.lang.builder.HashCodeBuilderTest#testIntArrayAsObject
561,org.apache.commons.lang.text.StrBuilderTest#testIndexOf_char
562,org.apache.commons.lang.StringUtilsIsTest#testIsNumeric
563,org.apache.commons.lang.StringUtilsTest#testJoin_ArrayChar
564,org.apache.commons.lang.math.NumberUtilsTest#testMaximumDouble
565,org.apache.commons.lang.math.NumberRangeTest#testContainsInteger
566,org.apache.commons.lang.text.StrBuilderTest#testReplaceFirst_char_char
567,org.apache.commons.lang.mutable.MutableObjectTest#testHashCode
568,org.apache.commons.lang.ObjectUtilsTest#testHashCode
569,org.apache.commons.lang.builder.EqualsBuilderTest#testIntArrayHiddenByObject
570,org.apache.commons.lang.EntitiesPerformanceTest#testLookupLookup
571,org.apache.commons.lang.builder.ToStringBuilderTest#testConstructorEx3
572,org.apache.commons.lang.exception.NestableDelegateTestCase#testNestableDelegateGetMessage
573,org.apache.commons.lang.StringUtilsSubstringTest#testSubstring_StringInt
574,org.apache.commons.lang.EntitiesPerformanceTest#testEscapeArray
575,org.apache.commons.lang.ValidateTest#testNotEmptyMap1
576,org.apache.commons.lang.mutable.MutableFloatTest#testNanInfinite
577,org.apache.commons.lang.oldenum.EnumTest#testSerialization
578,org.apache.commons.lang.IllegalClassExceptionTest#testGetMessage_stringArg_nullInput
579,org.apache.commons.lang.text.StrTokenizerTest#testBasicIgnoreTrimmed1
580,org.apache.commons.lang.ArrayUtilsTest#testCloneChar
581,org.apache.commons.lang.NotImplementedExceptionTest#testIndexOfThrowable
582,org.apache.commons.lang.ArrayUtilsTest#testToPrimitive_intNull
583,org.apache.commons.lang.builder.HashCodeBuilderTest#testConstructorEx1
584,org.apache.commons.lang.NumberUtilsTest#testCreateBigInteger
585,org.apache.commons.lang.math.IntRangeTest#testGetMinimum
586,org.apache.commons.lang.CharRangeTest#testHashCode
587,org.apache.commons.lang.oldenum.EnumTest#testList
588,org.apache.commons.lang.ClassUtilsTest#test_isAssignable_Widening
589,org.apache.commons.lang.math.RangeTest#testToString
590,org.apache.commons.lang.RandomStringUtilsTest#testLang100
591,org.apache.commons.lang.math.FloatRangeTest#testHashCode
592,org.apache.commons.lang.builder.MultiLineToStringStyleTest#testLongArrayArray
593,org.apache.commons.lang.math.NumberRangeTest#testConstructor2Exceptions
594,org.apache.commons.lang.mutable.MutableIntTest#testEquals
595,org.apache.commons.lang.exception.ExceptionUtilsTestCase#testGetThrowables_Throwable_selfCause
596,org.apache.commons.lang.math.NumberUtilsTest#testCreateBigDecimal
597,org.apache.commons.lang.oldenum.EnumUtilsTest#testGetEx
598,org.apache.commons.lang.mutable.MutableDoubleTest#testPrimitiveValues
599,org.apache.commons.lang.text.StrTokenizerTest#testBasicQuotedTrimmed1
600,org.apache.commons.lang.ArrayUtilsTest#testContainsInt
601,org.apache.commons.lang.exception.ExceptionUtilsTestCase#testIndexOf_ThrowableClassInt
602,org.apache.commons.lang.SerializationUtilsTest#testSerializeBytesNull
603,org.apache.commons.lang.exception.ExceptionUtilsTestCase#testGetThrowables_Throwable_jdkNoCause
604,org.apache.commons.lang.CharUtilsTest#testIsAsciiNumeric_char
605,org.apache.commons.lang.mutable.MutableObjectTest#testToString
606,org.apache.commons.lang.math.DoubleRangeTest#testConstructor2b
607,org.apache.commons.lang.WordUtilsTest#testUncapitalizeWithDelimiters_String
608,org.apache.commons.lang.math.LongRangeTest#testConstructor1a
609,org.apache.commons.lang.mutable.MutableShortTest#testIncrement
610,org.apache.commons.lang.math.NumberUtilsTest#testMaxFloat
611,org.apache.commons.lang.enums.ValuedEnumTest#testName
612,org.apache.commons.lang.ObjectUtilsTest#testNull
613,org.apache.commons.lang.ArrayUtilsTest#testSubarrayByte
614,org.apache.commons.lang.StringUtilsTest#testSplit_StringChar
615,org.apache.commons.lang.exception.ExceptionUtilsTestCase#testGetThrowableCount_Throwable
616,org.apache.commons.lang.enums.EnumTest#testIterator
617,org.apache.commons.lang.enums.ValuedEnumTest#testIterator
618,org.apache.commons.lang.ArrayUtilsTest#testSubarrayDouble
619,org.apache.commons.lang.builder.EqualsBuilderTest#testByteArrayHiddenByObject
620,org.apache.commons.lang.CharSetTest#testConstructor_String_oddDash
621,org.apache.commons.lang.exception.ExceptionUtilsTestCase#testPrintRootCauseStackTrace_ThrowableWriter
622,org.apache.commons.lang.enums.EnumTest#testSerialization
623,org.apache.commons.lang.text.StrBuilderTest#testReplaceAll_StrMatcher_String
624,org.apache.commons.lang.NullArgumentExceptionTest#testGetMessage_nullConstructorInput
625,org.apache.commons.lang.text.StrBuilderTest#testReplaceAll_String_String
626,org.apache.commons.lang.StringUtilsTest#testChopNewLine
627,org.apache.commons.lang.EntitiesPerformanceTest#testBuildLookup
628,org.apache.commons.lang.text.StrMatcherTest#testTabMatcher
629,org.apache.commons.lang.builder.CompareToBuilderTest#testChar
630,org.apache.commons.lang.ArrayUtilsTest#testIndexOfDouble
631,org.apache.commons.lang.time.FastDateFormatTest#testMilleniumBug
632,org.apache.commons.lang.enums.EnumTest#testExtended1List
633,org.apache.commons.lang.SerializationUtilsTest#testDeserializeStreamBadStream
634,org.apache.commons.lang.mutable.MutableByteTest#testCompareTo
635,org.apache.commons.lang.math.NumberUtilsTest#testMaximumFloat
636,org.apache.commons.lang.BooleanUtilsTest#test_toBooleanObject_boolean
637,org.apache.commons.lang.builder.ToStringBuilderTest#testLongArrayArray
638,org.apache.commons.lang.NotImplementedExceptionTest#testGetThrowable
639,org.apache.commons.lang.StringUtilsTrimEmptyTest#testStrip_String
640,org.apache.commons.lang.EntitiesPerformanceTest#testLookupArray
641,org.apache.commons.lang.oldenum.EnumUtilsTest#testMapEx
642,org.apache.commons.lang.builder.HashCodeBuilderTest#testReflectionHierarchyHashCodeEx1
643,org.apache.commons.lang.math.RandomUtilsTest#testNextFloat2
644,org.apache.commons.lang.enums.EnumTest#testBroken3
645,org.apache.commons.lang.BooleanUtilsTest#test_toBooleanObject_Integer
646,org.apache.commons.lang.CharRangeTest#testContains_Charrange
647,org.apache.commons.lang.mutable.MutableDoubleTest#testSubtractValuePrimitive
648,org.apache.commons.lang.text.VariableFormatterTest#testNullMap
649,org.apache.commons.lang.IntHashMapTest#testContainsKey
650,org.apache.commons.lang.CharUtilsTest#testIsAsciiAlphanumeric_char
651,org.apache.commons.lang.text.StrTokenizerTest#testBasic3
652,org.apache.commons.lang.builder.HashCodeBuilderTest#testLongArrayAsObject
653,org.apache.commons.lang.builder.ToStringBuilderTest#testReflectionhortArrayArray
654,org.apache.commons.lang.ClassUtilsTest#test_isAssignable
655,org.apache.commons.lang.BooleanUtilsTest#test_toString_boolean_String_String_String
656,org.apache.commons.lang.ValidateTest#testNotNull1
657,org.apache.commons.lang.NumberUtilsTest#testPublicNoArgConstructor
658,org.apache.commons.lang.NumberUtilsTest#testCreateNumber
659,org.apache.commons.lang.EntitiesPerformanceTest#testUnescapeHash
660,org.apache.commons.lang.exception.NestableExceptionTestCase#testGetMessageI
661,org.apache.commons.lang.oldenum.EnumTest#testEquals
662,org.apache.commons.lang.BitFieldTest#testSetShortBoolean
663,org.apache.commons.lang.math.FloatRangeTest#testContainsRange
664,org.apache.commons.lang.builder.EqualsBuilderTest#testDoubleArray
665,org.apache.commons.lang.exception.NestableDelegateTestCase#testNestableDelegateGetThrowableCount
666,org.apache.commons.lang.text.StrMatcherTest#testDoubleQuoteMatcher
667,org.apache.commons.lang.StringUtilsTest#testGetLevenshteinDistance_StringString
668,org.apache.commons.lang.EntitiesPerformanceTest#testBuildPrimitive
669,org.apache.commons.lang.math.RandomUtilsTest#testNextDouble
670,org.apache.commons.lang.builder.CompareToBuilderTest#testInt
671,org.apache.commons.lang.time.DateFormatUtilsTest#testFormatUTC
672,org.apache.commons.lang.text.StrTokenizerTest#testBasicIgnoreTrimmed4
673,org.apache.commons.lang.enums.ValuedEnumTest#testEquals
674,org.apache.commons.lang.IllegalClassExceptionTest#testGetMessage_classArgs_nullInput
675,org.apache.commons.lang.math.FractionTest#testGets
676,org.apache.commons.lang.builder.SimpleToStringStyleTest#testLong
677,org.apache.commons.lang.builder.ToStringStyleTest#testSetSummaryObjectEndText
678,org.apache.commons.lang.ArrayUtilsTest#testToPrimitive_double
679,org.apache.commons.lang.ArrayUtilsTest#testIndexOfDoubleTolerance
680,org.apache.commons.lang.ArrayUtilsTest#testToPrimitive_int_int
681,org.apache.commons.lang.EntitiesPerformanceTest#testUnescapeBinary
682,org.apache.commons.lang.NumberRangeTest#testEquals
683,org.apache.commons.lang.mutable.MutableByteTest#testSubtractValuePrimitive
684,org.apache.commons.lang.math.FractionTest#testFactory_int_int_int
685,org.apache.commons.lang.StringUtilsTest#testCenter_StringIntString
686,org.apache.commons.lang.text.StrTokenizerTest#testConstructor_charArray_char_char
687,org.apache.commons.lang.ArrayUtilsTest#testContains
688,org.apache.commons.lang.ObjectUtilsTest#testIdentityToString
689,org.apache.commons.lang.exception.ExceptionUtilsTestCase#testGetThrowableList_Throwable_jdkNoCause
690,org.apache.commons.lang.builder.HashCodeBuilderAndEqualsBuilderTest#testInteger
691,org.apache.commons.lang.mutable.MutableByteTest#testAddValueObject
692,org.apache.commons.lang.text.StrBuilderTest#testToString
693,org.apache.commons.lang.EntitiesPerformanceTest#testBuildBinary
694,org.apache.commons.lang.text.StrBuilderTest#testDeleteIntInt
695,org.apache.commons.lang.ArrayUtilsTest#testReverseLong
696,org.apache.commons.lang.enums.ValuedEnumTest#testSerialization
697,org.apache.commons.lang.StringUtilsTest#testReverseDelimited_StringChar
698,org.apache.commons.lang.StringUtilsEqualsIndexOfTest#testContainsNone_String
699,org.apache.commons.lang.builder.CompareToBuilderTest#testMultiCharArray
700,org.apache.commons.lang.ArrayUtilsTest#testLastIndexOfCharWithStartIndex
701,org.apache.commons.lang.enums.EnumTest#testOperationSerialization
702,org.apache.commons.lang.text.StrBuilderAppendInsertTest#testInsertWithNullText
703,org.apache.commons.lang.StringUtilsTest#testRemove_char
704,org.apache.commons.lang.exception.NestableExceptionTestCase#testSerialization
705,org.apache.commons.lang.mutable.MutableIntTest#testDecrement
706,org.apache.commons.lang.ArrayUtilsTest#testContainsBoolean
707,org.apache.commons.lang.NumberUtilsTest#testCreateInteger
708,org.apache.commons.lang.ArrayUtilsTest#testSubarrayShort
709,org.apache.commons.lang.enums.EnumTest#testExtended3Get
710,org.apache.commons.lang.StringUtilsEqualsIndexOfTest#testIndexOf_StringInt
711,org.apache.commons.lang.ClassUtilsTest#test_getPackageName_Object
712,org.apache.commons.lang.StringUtilsTest#testAbbreviate_StringIntInt
713,org.apache.commons.lang.builder.CompareToBuilderTest#testByteArray
714,org.apache.commons.lang.SerializationUtilsTest#testSerializeStreamNullObj
715,org.apache.commons.lang.builder.ShortPrefixToStringStyleTest#testLongArray
716,org.apache.commons.lang.builder.EqualsBuilderTest#testBooleanArray
717,org.apache.commons.lang.exception.ExceptionUtilsTestCase#testGetThrowableList_Throwable_withCause
718,org.apache.commons.lang.IntHashMapTest#testClear
719,org.apache.commons.lang.oldenum.ValuedEnumTest#testList
720,org.apache.commons.lang.builder.ToStringBuilderTest#testConstructorEx1
721,org.apache.commons.lang.enums.EnumTest#testBroken1
722,org.apache.commons.lang.time.DateUtilsTest#testAddMinutes
723,org.apache.commons.lang.text.VariableFormatterTest#testReplaceNoPrefix
724,org.apache.commons.lang.StringUtilsEqualsIndexOfTest#testIndexOfAnyBut_StringString
725,org.apache.commons.lang.EntitiesPerformanceTest#testEscapeLookup
726,org.apache.commons.lang.text.VariableFormatterTest#testReplaceNoSuffix
727,org.apache.commons.lang.text.StrBuilderTest#testContains_char
728,org.apache.commons.lang.CharUtilsTest#testToChar_Character
729,org.apache.commons.lang.mutable.MutableIntTest#testToString
730,org.apache.commons.lang.math.DoubleRangeTest#testContainsNumber
731,org.apache.commons.lang.oldenum.EnumUtilsTest#testConstructor
732,org.apache.commons.lang.text.StrTokenizerTest#testCloneNotSupportedException
733,org.apache.commons.lang.ArrayUtilsTest#testToPrimitive_long
734,org.apache.commons.lang.exception.NestableExceptionTestCase#testIndexOfThrowable
735,org.apache.commons.lang.time.FastDateFormatTest#test_getInstance_String
736,org.apache.commons.lang.BooleanUtilsTest#test_toStringOnOff_boolean
737,org.apache.commons.lang.CharSetUtilsTest#testKeep_StringString
738,org.apache.commons.lang.StringUtilsTest#testRemoveEnd
739,org.apache.commons.lang.ValidateTest#testIsTrue3
740,org.apache.commons.lang.text.StrBuilderAppendInsertTest#testAppend_String_int_int
741,org.apache.commons.lang.builder.EqualsBuilderTest#testMultiBooleanArray
742,org.apache.commons.lang.builder.HashCodeBuilderTest#testReflectionHashCodeExcludeFields
743,org.apache.commons.lang.time.FastDateFormatTest#testShortDateStyleWithLocales
744,org.apache.commons.lang.ArrayUtilsTest#testToPrimitive_short
745,org.apache.commons.lang.math.IntRangeTest#testHashCode
746,org.apache.commons.lang.oldenum.ValuedEnumTest#testGet
747,org.apache.commons.lang.StringUtilsEqualsIndexOfTest#testContainsOnly_String
748,org.apache.commons.lang.time.DateFormatUtilsTest#testDateISO
749,org.apache.commons.lang.SerializationUtilsTest#testSerializeBytes
750,org.apache.commons.lang.enums.EnumUtilsTest#testMapEx
751,org.apache.commons.lang.NullArgumentExceptionTest#testGetMessage_validConstructorInput
752,org.apache.commons.lang.ClassUtilsTest#test_getAllSuperclasses_Class
753,org.apache.commons.lang.oldenum.EnumTest#testBroken2
754,org.apache.commons.lang.text.StrBuilderTest#testDeleteAll_char
755,org.apache.commons.lang.builder.StandardToStringStyleTest#testObjectArray
756,org.apache.commons.lang.ArrayUtilsTest#testSameType
757,org.apache.commons.lang.math.FractionTest#testFactory_String_double
758,org.apache.commons.lang.SystemUtilsTest#testGetJavaHome
759,org.apache.commons.lang.math.RandomUtilsTest#testNextBoolean
760,org.apache.commons.lang.StringUtilsTest#testSwapCase_String
761,org.apache.commons.lang.StringEscapeUtilsTest#testEscapeXml
762,org.apache.commons.lang.mutable.MutableByteTest#testDecrement
763,org.apache.commons.lang.exception.ExceptionUtilsTestCase#testGetThrowableList_Throwable_nested
764,org.apache.commons.lang.builder.HashCodeBuilderTest#testBooleanMultiArray
765,org.apache.commons.lang.ArrayUtilsTest#testSubarrayLong
766,org.apache.commons.lang.math.NumberRangeTest#testContainsDouble
767,org.apache.commons.lang.text.StrBuilderTest#testDeleteFirst_char
768,org.apache.commons.lang.builder.ToStringBuilderTest#testLongArray
769,org.apache.commons.lang.CharSetTest#testConstructor_String_simple
770,org.apache.commons.lang.builder.ToStringBuilderTest#testReflectionBooleanArray
771,org.apache.commons.lang.NumberRangeTest#testEqualsWithOtherObject
772,org.apache.commons.lang.builder.ShortPrefixToStringStyleTest#testObject
773,org.apache.commons.lang.builder.ToStringBuilderTest#testByteArray
774,org.apache.commons.lang.oldenum.EnumTest#testCompareTo
775,org.apache.commons.lang.ArrayUtilsTest#testIndexOfFloat
776,org.apache.commons.lang.ArrayUtilsTest#testToObject_double
777,org.apache.commons.lang.CharSetTest#testConstructor_String_combo
778,org.apache.commons.lang.exception.ExceptionUtilsTestCase#testGetThrowableList_Throwable_selfCause
779,org.apache.commons.lang.builder.EqualsBuilderTest#testCharArrayHiddenByObject
780,org.apache.commons.lang.oldenum.EnumTest#testOperationGet
781,org.apache.commons.lang.exception.NestableDelegateTestCase#testNestableDelegateGetThrowableN
782,org.apache.commons.lang.builder.ToStringBuilderTest#testConstructorEx2
783,org.apache.commons.lang.text.StrBuilderTest#testMinimizeCapacity
784,org.apache.commons.lang.IncompleteArgumentExceptionTest#test1arg_validInput
785,org.apache.commons.lang.ClassUtilsTest#testGetClassRawPrimitives
786,org.apache.commons.lang.NumberUtilsTest#testCompareDouble
787,org.apache.commons.lang.builder.EqualsBuilderTest#testReflectionHierarchyEquals
788,org.apache.commons.lang.BooleanUtilsTest#test_toStringYesNo_Boolean
789,org.apache.commons.lang.builder.EqualsBuilderTest#testFloatArray
790,org.apache.commons.lang.math.FloatRangeTest#testContainsLong
791,org.apache.commons.lang.BooleanUtilsTest#test_toBooleanObject_String_String_String_String
792,org.apache.commons.lang.text.StrTokenizerTest#testCSVSimple
793,org.apache.commons.lang.builder.ToStringBuilderTest#testReflectionDoubleArrayArray
794,org.apache.commons.lang.text.StrMatcherTest#testTrimMatcher
795,org.apache.commons.lang.ArrayUtilsTest#testToObject_byte
796,org.apache.commons.lang.text.StrBuilderTest#testConstructors
797,org.apache.commons.lang.builder.HashCodeBuilderTest#testFloat
798,org.apache.commons.lang.builder.ToStringBuilderTest#testShortArrayArray
799,org.apache.commons.lang.CharEncodingTest#testMustBeSupportedJava1_3_1
800,org.apache.commons.lang.text.StrBuilderTest#testLastIndexOf_String
801,org.apache.commons.lang.text.StrTokenizerTest#testBasicQuoted5
802,org.apache.commons.lang.ObjectUtilsTest#testToString_Object
803,org.apache.commons.lang.ArrayUtilsTest#testIndexOfInt
804,org.apache.commons.lang.exception.ExceptionUtilsTestCase#testGetThrowables_Throwable_nested
805,org.apache.commons.lang.builder.ToStringBuilderTest#testIntArrayArray
806,org.apache.commons.lang.text.StrTokenizerTest#testBasic5
807,org.apache.commons.lang.NotImplementedExceptionTest#testPrintPartialStackTrace_Writer
808,org.apache.commons.lang.oldenum.EnumTest#testToString
809,org.apache.commons.lang.time.DateUtilsTest#testAddDays
810,org.apache.commons.lang.builder.CompareToBuilderTest#testReflectionCompare
811,org.apache.commons.lang.time.DurationFormatUtilsTest#testFormatDuration
812,org.apache.commons.lang.LocaleUtilsTest#testLocaleLookupList_LocaleLocale
813,org.apache.commons.lang.text.StrBuilderTest#testRightString
814,org.apache.commons.lang.math.NumberUtilsTest#testMinimumDouble
815,org.apache.commons.lang.builder.CompareToBuilderTest#testMultiBooleanArray
816,org.apache.commons.lang.StringUtilsIsTest#testIsAlphanumeric
817,org.apache.commons.lang.oldenum.EnumTest#testExtended1Get
818,org.apache.commons.lang.mutable.MutableFloatTest#testIncrement
819,org.apache.commons.lang.text.StrTokenizerTest#testReset
820,org.apache.commons.lang.ArrayUtilsAddTest#testAddObjectArrayShort
821,org.apache.commons.lang.builder.CompareToBuilderTest#testLongArray
822,org.apache.commons.lang.math.NumberUtilsTest#testMinShort
823,org.apache.commons.lang.WordUtilsTest#testInitials_String
824,org.apache.commons.lang.text.StrTokenizerTest#testIteration
825,org.apache.commons.lang.math.LongRangeTest#testConstructor2b
826,org.apache.commons.lang.builder.ToStringBuilderTest#testSelfInstanceTwoVarsReflectionObjectCycle
827,org.apache.commons.lang.text.VariableFormatterTest#testReplaceWeirdPattens
828,org.apache.commons.lang.enums.EnumTest#testOperationList
829,org.apache.commons.lang.EntitiesTest#testUnescapeNamedEntity
830,org.apache.commons.lang.text.StrTokenizerTest#testGetContent
831,org.apache.commons.lang.oldenum.EnumTest#testNestedReferenced
832,org.apache.commons.lang.builder.HashCodeBuilderTest#testCharArrayAsObject
833,org.apache.commons.lang.builder.ToStringBuilderTest#testObjectArray
834,org.apache.commons.lang.enums.EnumTest#testOperationToString
835,org.apache.commons.lang.builder.ToStringBuilderTest#testReflectionInteger
836,org.apache.commons.lang.CharRangeTest#testEquals_Object
837,org.apache.commons.lang.ArrayUtilsTest#testSameLengthLong
838,org.apache.commons.lang.builder.EqualsBuilderTest#testReflectionEqualsExcludeFields
839,org.apache.commons.lang.text.StrBuilderTest#testLastIndexOf_String_int
840,org.apache.commons.lang.StringUtilsEqualsIndexOfTest#testIndexOf_String
841,org.apache.commons.lang.ArrayUtilsTest#testReverseDouble
842,org.apache.commons.lang.ArrayUtilsTest#testLastIndexOfShort
843,org.apache.commons.lang.builder.ToStringBuilderTest#testReflectionLongArray
844,org.apache.commons.lang.NotImplementedExceptionTest#testGetMessage_Indexed
845,org.apache.commons.lang.StringUtilsEqualsIndexOfTest#testLastIndexOf_char
846,org.apache.commons.lang.text.StrTokenizerTest#testCSVEmpty
847,org.apache.commons.lang.math.NumberRangeTest#testOverlapsRange
848,org.apache.commons.lang.oldenum.EnumTest#testOperationSerialization
849,org.apache.commons.lang.CharRangeTest#testContains_Char
850,org.apache.commons.lang.EntitiesTest#testHtml40Nbsp
851,org.apache.commons.lang.text.StrTokenizerTest#testConstructor_String_char_char
852,org.apache.commons.lang.builder.CompareToBuilderTest#testReflectionHierarchyCompare
853,org.apache.commons.lang.text.StrBuilderTest#testAsReader
854,org.apache.commons.lang.mutable.MutableDoubleTest#testSubtractValueObject
855,org.apache.commons.lang.math.FloatRangeTest#testContainsNumber
856,org.apache.commons.lang.ArrayUtilsAddTest#testAddObjectAtIndex
857,org.apache.commons.lang.CharSetTest#testConstructor_String_oddNegate
858,org.apache.commons.lang.SerializationUtilsTest#testSerializeStreamUnserializable
859,org.apache.commons.lang.EntitiesTest#testEntitiesXmlObject
860,org.apache.commons.lang.builder.ToStringStyleTest#testSetFieldSeparator
861,org.apache.commons.lang.ArrayUtilsRemoveTest#testRemoveShortArray
862,org.apache.commons.lang.text.StrTokenizerTest#test8
863,org.apache.commons.lang.CharEncodingTest#testNotSupported
864,org.apache.commons.lang.builder.StandardToStringStyleTest#testLongArrayArray
865,org.apache.commons.lang.StringUtilsTest#testDeleteWhitespace_String
866,org.apache.commons.lang.text.StrBuilderTest#testStartsWith
867,org.apache.commons.lang.StringUtilsIsTest#testIsWhitespace
868,org.apache.commons.lang.mutable.MutableShortTest#testEquals
869,org.apache.commons.lang.math.LongRangeTest#testConstructor1b
870,org.apache.commons.lang.CharUtilsTest#testToIntValue_char
871,org.apache.commons.lang.NumberUtilsTest#testIsDigits
872,org.apache.commons.lang.oldenum.EnumTest#testBroken3Operation
873,org.apache.commons.lang.ArrayUtilsTest#testReverseInt
874,org.apache.commons.lang.builder.ToStringBuilderTest#testChar
875,org.apache.commons.lang.text.StrTokenizerTest#test7
876,org.apache.commons.lang.StringUtilsTrimEmptyTest#testIsBlank
877,org.apache.commons.lang.text.StrBuilderTest#testSetLength
878,org.apache.commons.lang.builder.ToStringBuilderTest#testReflectionBooleanArrayArray
879,org.apache.commons.lang.math.FractionTest#testFactory_double
880,org.apache.commons.lang.StringUtilsTest#testReverse_String
881,org.apache.commons.lang.enums.EnumTest#testBroken1Operation
882,org.apache.commons.lang.builder.DefaultToStringStyleTest#testLongArrayArray
883,org.apache.commons.lang.builder.CompareToBuilderTest#testMultiIntArray
884,org.apache.commons.lang.ArrayUtilsTest#testToObject_short
885,org.apache.commons.lang.builder.CompareToBuilderTest#testReflectionHierarchyCompareExcludeFields
886,org.apache.commons.lang.enums.EnumTest#testOperationMap
887,org.apache.commons.lang.math.FloatRangeTest#testConstructor1b
888,org.apache.commons.lang.builder.HashCodeBuilderTest#testDoubleArrayAsObject
889,org.apache.commons.lang.LocaleUtilsTest#testAvailableLocaleList
890,org.apache.commons.lang.BooleanUtilsTest#test_isTrue_Boolean
891,org.apache.commons.lang.CharUtilsTest#testToChar_String_char
892,org.apache.commons.lang.time.DurationFormatUtilsTest#testConstructor
893,org.apache.commons.lang.text.StrTokenizerTest#testBasicEmpty1
894,org.apache.commons.lang.mutable.MutableDoubleTest#testIncrement
895,org.apache.commons.lang.math.IntRangeTest#testEquals
896,org.apache.commons.lang.BooleanUtilsTest#testXor_object_validInput_3items
897,org.apache.commons.lang.builder.ToStringStyleTest#testSetSummaryObjectStartText
898,org.apache.commons.lang.mutable.MutableByteTest#testToString
899,org.apache.commons.lang.builder.ReflectionToStringBuilderExcludeTest#test_toStringExcludeArray
900,org.apache.commons.lang.CharRangeTest#testConstructorAccessors_CharCharBoolean_SameNegated
901,org.apache.commons.lang.builder.EqualsBuilderTest#testByte
902,org.apache.commons.lang.mutable.MutableDoubleTest#testGetSet
903,org.apache.commons.lang.StringUtilsEqualsIndexOfTest#testIndexOfAny_StringString
904,org.apache.commons.lang.StringUtilsTest#testSplit_StringString_StringStringInt
905,org.apache.commons.lang.NumberRangeTest#testOverlap
906,org.apache.commons.lang.BitFieldTest#testGetRawValue
907,org.apache.commons.lang.text.StrBuilderTest#testGetChars
908,org.apache.commons.lang.text.StrMatcherTest#testCharSetMatcher_String
909,org.apache.commons.lang.exception.NestableErrorTestCase#testIndexOfThrowable
910,org.apache.commons.lang.IllegalClassExceptionTest#testConstructor_classObjectArgs_nullActual
911,org.apache.commons.lang.NumberRangeTest#testConstructorNullParameters
912,org.apache.commons.lang.builder.HashCodeBuilderTest#testByteArray
913,org.apache.commons.lang.builder.NoFieldNamesToStringStyleTest#testLongArray
914,org.apache.commons.lang.builder.CompareToBuilderTest#testDoubleArrayHiddenByObject
915,org.apache.commons.lang.math.RangeTest#testEqualsObject
916,org.apache.commons.lang.SerializationUtilsTest#testSerializeStreamObjNull
917,org.apache.commons.lang.text.StrTokenizerTest#testBasic2
918,org.apache.commons.lang.RandomStringUtilsTest#testRandomStringUtils
919,org.apache.commons.lang.builder.MultiLineToStringStyleTest#testBlank
920,org.apache.commons.lang.ArrayUtilsRemoveTest#testRemoveElementBooleanArray
921,org.apache.commons.lang.mutable.MutableLongTest#testEquals
922,org.apache.commons.lang.mutable.MutableIntTest#testToInteger
923,org.apache.commons.lang.StringEscapeUtilsTest#testEscapeJava
924,org.apache.commons.lang.builder.MultiLineToStringStyleTest#testAppendSuper
925,org.apache.commons.lang.StringUtilsTest#testReplaceChars_StringStringString
926,org.apache.commons.lang.mutable.MutableLongTest#testToLong
927,org.apache.commons.lang.math.NumberUtilsTest#testMinimumFloat
928,org.apache.commons.lang.ArrayUtilsTest#testContainsShort
929,org.apache.commons.lang.builder.HashCodeBuilderTest#testInt
930,org.apache.commons.lang.mutable.MutableIntTest#testCompareTo
931,org.apache.commons.lang.builder.ToStringBuilderTest#testReflectionArrayArrayCycle
932,org.apache.commons.lang.mutable.MutableByteTest#testHashCode
933,org.apache.commons.lang.builder.CompareToBuilderTest#testByte
934,org.apache.commons.lang.CharRangeTest#testConstructorAccessors_CharChar_Reversed
935,org.apache.commons.lang.text.StrBuilderTest#testSize
936,org.apache.commons.lang.builder.HashCodeBuilderTest#testShortArrayAsObject
937,org.apache.commons.lang.mutable.MutableBooleanTest#testGetSet
938,org.apache.commons.lang.text.StrTokenizerTest#test5
939,org.apache.commons.lang.mutable.MutableByteTest#testSubtractValueObject
940,org.apache.commons.lang.enums.EnumTest#testCompareTo
941,org.apache.commons.lang.ArrayUtilsTest#testContainsDoubleTolerance
942,org.apache.commons.lang.StringUtilsTest#testReplaceOnce_StringStringString
943,org.apache.commons.lang.ArrayUtilsTest#testLastIndexOfChar
944,org.apache.commons.lang.NumberUtilsTest#testMaximumLong
945,org.apache.commons.lang.exception.ExceptionUtilsTestCase#testSetCause
946,org.apache.commons.lang.text.StrBuilderAppendInsertTest#testAppendWithNullText
947,org.apache.commons.lang.ArrayUtilsTest#testConstructor
948,org.apache.commons.lang.SystemUtilsTest#testGetJavaIoTmpDir
949,org.apache.commons.lang.oldenum.EnumUtilsTest#testGet
950,org.apache.commons.lang.BooleanUtilsTest#test_toIntegerObject_boolean
951,org.apache.commons.lang.ArrayUtilsTest#testLastIndexOfFloatWithStartIndex
952,org.apache.commons.lang.builder.CompareToBuilderTest#testFloatArrayHiddenByObject
953,org.apache.commons.lang.mutable.MutableIntTest#testSubtractValueObject
954,org.apache.commons.lang.oldenum.ValuedEnumTest#testMap
955,org.apache.commons.lang.builder.ToStringBuilderTest#testReflectionIntArrayArray
956,org.apache.commons.lang.NotImplementedExceptionTest#testConstructor_
957,org.apache.commons.lang.time.DurationFormatUtilsTest#testFormatPeriodISO
958,org.apache.commons.lang.builder.HashCodeBuilderAndEqualsBuilderTest#testFixture
959,org.apache.commons.lang.math.RandomUtilsTest#testNextLong2
960,org.apache.commons.lang.math.NumberUtilsTest#testCreateNumber
961,org.apache.commons.lang.ArrayUtilsTest#testIndexOfShort
962,org.apache.commons.lang.CharUtilsTest#testToChar_String
963,org.apache.commons.lang.text.VariableFormatterTest#testReplaceNothing
964,org.apache.commons.lang.IllegalClassExceptionTest#testConstructor_classArgs_nullActual
965,org.apache.commons.lang.StringUtilsEqualsIndexOfTest#testIndexOfAnyBut_StringChararray
966,org.apache.commons.lang.ClassUtilsTest#test_getAllInterfaces_Class
967,org.apache.commons.lang.BooleanUtilsTest#test_toBoolean_int_int_int
968,org.apache.commons.lang.text.StrBuilderTest#testIndexOf_char_int
969,org.apache.commons.lang.time.DateUtilsTest#testRound
970,org.apache.commons.lang.ArrayUtilsTest#testLastIndexOfByte
971,org.apache.commons.lang.mutable.MutableBooleanTest#testConstructors
972,org.apache.commons.lang.exception.NestableExceptionTestCase#testGetThrowableI
973,org.apache.commons.lang.ArrayUtilsTest#testSameLengthBoolean
974,org.apache.commons.lang.oldenum.ValuedEnumTest#testEquals
975,org.apache.commons.lang.BooleanUtilsTest#testXor_primitive_validInput_2items
976,org.apache.commons.lang.SerializationUtilsTest#testCloneUnserializable
977,org.apache.commons.lang.ArrayUtilsTest#testToObject_long
978,org.apache.commons.lang.ArrayUtilsTest#testToPrimitive_int
979,org.apache.commons.lang.builder.HashCodeBuilderTest#testLongArray
980,org.apache.commons.lang.builder.ToStringBuilderTest#testReflectionArrayCycleLevel2
981,org.apache.commons.lang.BitFieldTest#testIsAllSet
982,org.apache.commons.lang.math.FractionTest#testAdd
983,org.apache.commons.lang.text.StrTokenizerTest#testBasicQuoted1
984,org.apache.commons.lang.math.NumberUtilsTest#testIsDigits
985,org.apache.commons.lang.StringUtilsEqualsIndexOfTest#testContainsChar
986,org.apache.commons.lang.math.NumberRangeTest#testContainsLong
987,org.apache.commons.lang.mutable.MutableFloatTest#testToString
988,org.apache.commons.lang.time.DateUtilsTest#testIsSameLocalTime_Cal
989,org.apache.commons.lang.NumberRangeTest#testConstructorWithMaxLessThanMin
990,org.apache.commons.lang.mutable.MutableFloatTest#testSubtractValueObject
991,org.apache.commons.lang.ValidateTest#testConstructor
992,org.apache.commons.lang.IntHashMapTest#testIsEmpty
993,org.apache.commons.lang.StringUtilsEqualsIndexOfTest#testLastIndexOf_charInt
994,org.apache.commons.lang.math.NumberUtilsTest#testMaxInt
995,org.apache.commons.lang.oldenum.EnumTest#testBroken2Operation
996,org.apache.commons.lang.BooleanUtilsTest#test_toBooleanDefaultIfNull_Boolean_boolean
997,org.apache.commons.lang.ObjectUtilsTest#testToString_ObjectString
998,org.apache.commons.lang.IntHashMapTest#testContains
999,org.apache.commons.lang.StringEscapeUtilsTest#testUnescapeUnknownEntity
1000,org.apache.commons.lang.exception.NestableExceptionTestCase#testPrintPartialStackTrace
1001,org.apache.commons.lang.ValidateTest#testNotEmptyCollection2
1002,org.apache.commons.lang.text.StrBuilderTest#testIsEmpty
1003,org.apache.commons.lang.EntitiesPerformanceTest#testEscapeHash
1004,org.apache.commons.lang.CharSetUtilsTest#testEvaluateSet_Stringarray
1005,org.apache.commons.lang.oldenum.EnumTest#testNestedLinked
1006,org.apache.commons.lang.math.NumberUtilsTest#testCompareFloat
1007,org.apache.commons.lang.LocaleUtilsTest#testLocaleLookupList_Locale
1008,org.apache.commons.lang.BooleanUtilsTest#test_toBooleanObject_Integer_Integer_Integer_Integer
1009,org.apache.commons.lang.text.StrTokenizerTest#testCloneReset
1010,org.apache.commons.lang.ArrayUtilsTest#testCloneFloat
1011,org.apache.commons.lang.SerializationUtilsTest#testDeserializeBytesOfNull
1012,org.apache.commons.lang.enums.EnumTest#testOperationCalculation
1013,org.apache.commons.lang.ArrayUtilsTest#testToPrimitive_boolean
1014,org.apache.commons.lang.ArrayUtilsTest#testLastIndexOfDouble
1015,org.apache.commons.lang.enums.EnumTest#testMap
1016,org.apache.commons.lang.mutable.MutableFloatTest#testHashCode
1017,org.apache.commons.lang.text.StrBuilderTest#testReplace_StrMatcher_String_int_int_int_VaryEndIndex
1018,org.apache.commons.lang.StringUtilsTest#testRightPad_StringInt
1019,org.apache.commons.lang.builder.ToStringBuilderTest#testReflectionCharacter
1020,org.apache.commons.lang.StringUtilsEqualsIndexOfTest#testContainsIgnoreCase_StringString
1021,org.apache.commons.lang.builder.ToStringBuilderTest#testAppendSuper
1022,org.apache.commons.lang.builder.CompareToBuilderTest#testShortArrayHiddenByObject
1023,org.apache.commons.lang.time.StopWatchTest#testStopWatchSplit
1024,org.apache.commons.lang.builder.StandardToStringStyleTest#testAppendSuper
1025,org.apache.commons.lang.math.LongRangeTest#testConstructor2a
1026,org.apache.commons.lang.CharUtilsTest#testToChar_Character_char
1027,org.apache.commons.lang.builder.HashCodeBuilderTest#testReflectionHashCodeEx2
1028,org.apache.commons.lang.SerializationUtilsTest#testClone
1029,org.apache.commons.lang.text.StrBuilderTest#testLeftString
1030,org.apache.commons.lang.ArrayUtilsTest#testIndexOfLongWithStartIndex
1031,org.apache.commons.lang.time.StopWatchTest#testStopWatchSimple
1032,org.apache.commons.lang.StringUtilsIsTest#testIsAsciiPrintable_String
1033,org.apache.commons.lang.builder.CompareToBuilderTest#testBooleanArrayHiddenByObject
1034,org.apache.commons.lang.builder.SimpleToStringStyleTest#testLongArray
1035,org.apache.commons.lang.enums.ValuedEnumTest#testMap
1036,org.apache.commons.lang.NumberRangeTest#testMaxMin
1037,org.apache.commons.lang.text.StrBuilderTest#testIndexOf_StrMatcher_int
1038,org.apache.commons.lang.ArrayUtilsTest#testSameLength
1039,org.apache.commons.lang.exception.ExceptionUtilsTestCase#testGetCause_Throwable
1040,org.apache.commons.lang.EntitiesPerformanceTest#testLookupPrimitive
1041,org.apache.commons.lang.builder.DefaultToStringStyleTest#testBlank
1042,org.apache.commons.lang.exception.ExceptionUtilsTestCase#testIsThrowableNested
1043,org.apache.commons.lang.EntitiesPerformanceTest#testLookupBinary
1044,org.apache.commons.lang.StringUtilsTrimEmptyTest#testStripStart_StringString
1045,org.apache.commons.lang.math.DoubleRangeTest#testEquals
1046,org.apache.commons.lang.ArrayUtilsTest#testLastIndexOfIntWithStartIndex
1047,org.apache.commons.lang.builder.SimpleToStringStyleTest#testAppendSuper
1048,org.apache.commons.lang.mutable.MutableDoubleTest#testNanInfinite
1049,org.apache.commons.lang.builder.ToStringStyleTest#testSetFieldNameValueSeparator
1050,org.apache.commons.lang.BitFieldTest#testSetValue
1051,org.apache.commons.lang.enums.EnumTest#testNestedBroken
1052,org.apache.commons.lang.BooleanUtilsTest#test_toStringTrueFalse_boolean
1053,org.apache.commons.lang.builder.CompareToBuilderTest#testObjectArray
1054,org.apache.commons.lang.NumberRangeTest#testEqualsNull
1055,org.apache.commons.lang.builder.HashCodeBuilderTest#testBoolean
1056,org.apache.commons.lang.CharRangeTest#testConstructorAccessors_CharCharBoolean_Normal
1057,org.apache.commons.lang.BooleanUtilsTest#test_toInteger_boolean_int_int
1058,org.apache.commons.lang.oldenum.EnumTest#testExtended1List
1059,org.apache.commons.lang.builder.ToStringBuilderTest#testReflectionCharArrayArray
1060,org.apache.commons.lang.text.StrTokenizerTest#test1
1061,org.apache.commons.lang.builder.MultiLineToStringStyleTest#testObject
1062,org.apache.commons.lang.CharSetTest#testContains_Char
1063,org.apache.commons.lang.math.IntRangeTest#testToString
1064,org.apache.commons.lang.time.DateUtilsTest#testMonthIterator
1065,org.apache.commons.lang.BooleanUtilsTest#testXor_object_validInput_2items
1066,org.apache.commons.lang.ClassUtilsTest#testPrimitiveToWrapper
1067,org.apache.commons.lang.ClassUtilsTest#test_isAssignable_ClassArray_ClassArray
1068,org.apache.commons.lang.math.DoubleRangeTest#testGetMinimum
1069,org.apache.commons.lang.builder.ToStringStyleTest#testSetArrayStart
1070,org.apache.commons.lang.math.NumberRangeTest#testHashCode
1071,org.apache.commons.lang.CharSetUtilsTest#testSqueeze_StringString
1072,org.apache.commons.lang.time.DateUtilsTest#testAddYears
1073,org.apache.commons.lang.builder.CompareToBuilderTest#testDouble
1074,org.apache.commons.lang.NotImplementedExceptionTest#testConstructor_StringThrowable2
1075,org.apache.commons.lang.oldenum.EnumTest#testMap
1076,org.apache.commons.lang.text.VariableFormatterTest#testRecursiveReplacement
1077,org.apache.commons.lang.SystemUtilsTest#testIS_OS
1078,org.apache.commons.lang.StringUtilsEqualsIndexOfTest#testEqualsIgnoreCase
1079,org.apache.commons.lang.oldenum.EnumTest#testExtended3Get
1080,org.apache.commons.lang.builder.ToStringBuilderTest#testBooleanArrayArray
1081,org.apache.commons.lang.SerializationUtilsTest#testSerializeBytesUnserializable
1082,org.apache.commons.lang.mutable.MutableShortTest#testConstructors
1083,org.apache.commons.lang.ClassUtilsTest#testPrimitivesToWrappers
1084,org.apache.commons.lang.mutable.MutableIntTest#testAddValuePrimitive
1085,org.apache.commons.lang.builder.ToStringBuilderTest#testReflectionByteArrayArray
1086,org.apache.commons.lang.math.NumberUtilsTest#testToLongString
1087,org.apache.commons.lang.builder.CompareToBuilderTest#testByteArrayHiddenByObject
1088,org.apache.commons.lang.ArrayUtilsTest#testToPrimitive_short_short
1089,org.apache.commons.lang.StringEscapeUtilsTest#testStandaloneAmphersand
1090,org.apache.commons.lang.CharSetUtilsTest#testCount_StringString
1091,org.apache.commons.lang.builder.ToStringBuilderTest#testLong
1092,org.apache.commons.lang.text.StrTokenizerTest#testBasicDelim1
1093,org.apache.commons.lang.StringUtilsEqualsIndexOfTest#testIndexOfAny_StringChararray
1094,org.apache.commons.lang.builder.EqualsBuilderTest#testReflectionEquals
1095,org.apache.commons.lang.builder.EqualsBuilderTest#testNpeForNullElement
1096,org.apache.commons.lang.builder.ToStringBuilderTest#testReflectionArrayCycle
1097,org.apache.commons.lang.math.NumberUtilsTest#testConstructor
1098,org.apache.commons.lang.mutable.MutableFloatTest#testAddValueObject
1099,org.apache.commons.lang.ArrayUtilsRemoveTest#testRemoveElementByteArray
1100,org.apache.commons.lang.exception.ExceptionUtilsTestCase#testGetThrowables_Throwable_recursiveCause
1101,org.apache.commons.lang.StringEscapeUtilsTest#testUnescapeHtml
1102,org.apache.commons.lang.ArrayUtilsTest#testLastIndexOfDoubleWithStartIndexTolerance
1103,org.apache.commons.lang.time.FastDateFormatTest#testLowYearPadding
1104,org.apache.commons.lang.oldenum.ValuedEnumTest#testIterator
1105,org.apache.commons.lang.builder.ReflectionToStringBuilderExcludeTest#test_toStringExcludeArrayWithNull
1106,org.apache.commons.lang.text.StrTokenizerTest#testCloneNull
1107,org.apache.commons.lang.math.LongRangeTest#testContainsInteger
1108,org.apache.commons.lang.StringUtilsTest#testAbbreviate_StringInt
1109,org.apache.commons.lang.CharSetUtilsTest#testDelete_StringString
1110,org.apache.commons.lang.exception.ExceptionUtilsTestCase#testCauseMethodNameOps
1111,org.apache.commons.lang.StringUtilsTest#testDifference_StringString
1112,org.apache.commons.lang.oldenum.EnumTest#testBroken4Operation
1113,org.apache.commons.lang.math.NumberRangeTest#testGetMaximum
1114,org.apache.commons.lang.text.StrMatcherTest#testCharSetMatcher_charArray
1115,org.apache.commons.lang.SerializationUtilsTest#testSerializeStreamNullNull
1116,org.apache.commons.lang.exception.NestableExceptionTestCase#testGetThrowables
1117,org.apache.commons.lang.NotImplementedExceptionTest#testConstructor_Throwable1
1118,org.apache.commons.lang.BooleanUtilsTest#testXor_primitive_emptyInput
1119,org.apache.commons.lang.time.StopWatchTest#testStopWatchSimpleGet
1120,org.apache.commons.lang.time.DateUtilsTest#testAddSeconds
1121,org.apache.commons.lang.builder.HashCodeBuilderTest#testIntArray
1122,org.apache.commons.lang.text.StrBuilderAppendInsertTest#testAppendWithSeparators_Array
1123,org.apache.commons.lang.math.FractionTest#testHashCode
1124,org.apache.commons.lang.IllegalClassExceptionTest#testConstructor_classArgs_allNullInput
1125,org.apache.commons.lang.builder.CompareToBuilderTest#testIntArray
1126,org.apache.commons.lang.LocaleUtilsTest#testToLocale_1Part
1127,org.apache.commons.lang.builder.NoFieldNamesToStringStyleTest#testAppendSuper
1128,org.apache.commons.lang.CharRangeTest#testConstructorAccessors_CharBoolean_Normal
1129,org.apache.commons.lang.builder.ToStringBuilderTest#testDoubleArray
1130,org.apache.commons.lang.mutable.MutableShortTest#testDecrement
1131,org.apache.commons.lang.math.LongRangeTest#testOverlapsRange
1132,org.apache.commons.lang.builder.DefaultToStringStyleTest#testLong
1133,org.apache.commons.lang.ClassUtilsTest#testGetClassWithArrayClasses
1134,org.apache.commons.lang.builder.EqualsBuilderTest#testObjectArray
1135,org.apache.commons.lang.mutable.MutableByteTest#testConstructors
1136,org.apache.commons.lang.oldenum.EnumTest#testName
1137,org.apache.commons.lang.ArrayUtilsAddTest#testAddObjectArrayLong
1138,org.apache.commons.lang.BooleanUtilsTest#test_toBoolean_String
1139,org.apache.commons.lang.exception.NestableRuntimeExceptionTestCase#testGetMessages
1140,org.apache.commons.lang.enums.EnumTest#testEquals
1141,org.apache.commons.lang.enums.EnumTest#testExtended2Map
1142,org.apache.commons.lang.SerializationUtilsTest#testDeserializeBytesBadStream
1143,org.apache.commons.lang.EntitiesTest#testPrimitiveIntMap
1144,org.apache.commons.lang.math.IntRangeTest#testContainsNumber
1145,org.apache.commons.lang.NotImplementedExceptionTest#testConstructor_String1
1146,org.apache.commons.lang.CharUtilsTest#testToUnicodeEscaped_char
1147,org.apache.commons.lang.builder.ReflectionToStringBuilderExcludeTest#test_toStringExcludeArrayWithNulls
1148,org.apache.commons.lang.StringUtilsEqualsIndexOfTest#testEquals
1149,org.apache.commons.lang.StringUtilsEqualsIndexOfTest#testContainsOnly_Chararray
1150,org.apache.commons.lang.mutable.MutableByteTest#testToByte
1151,org.apache.commons.lang.text.StrBuilderAppendInsertTest#testAppend_String
1152,org.apache.commons.lang.WordUtilsTest#testCapitalize_String
1153,org.apache.commons.lang.builder.ToStringBuilderTest#testFloat
1154,org.apache.commons.lang.builder.ToStringBuilderTest#testSimpleReflectionObjectCycle
1155,org.apache.commons.lang.math.NumberUtilsTest#testMinLong
1156,org.apache.commons.lang.mutable.MutableLongTest#testAddValueObject
1157,org.apache.commons.lang.IncompleteArgumentExceptionTest#test2arg_validInput
1158,org.apache.commons.lang.SystemUtilsTest#testGetUserDir
1159,org.apache.commons.lang.StringUtilsTest#testConstructor
1160,org.apache.commons.lang.oldenum.ValuedEnumTest#testSerialization
1161,org.apache.commons.lang.ArrayUtilsAddTest#testAddObjectArrayObject
1162,org.apache.commons.lang.BooleanUtilsTest#test_toIntegerObject_Boolean
1163,org.apache.commons.lang.builder.HashCodeBuilderTest#testReflectionHashCodeEx3
1164,org.apache.commons.lang.EntitiesPerformanceTest#testEscapePrimitive
1165,org.apache.commons.lang.SerializationUtilsTest#testSerializeIOException
1166,org.apache.commons.lang.builder.HashCodeBuilderTest#testByte
1167,org.apache.commons.lang.math.NumberUtilsTest#testIsNumber
1168,org.apache.commons.lang.text.VariableFormatterTest#testEscape
1169,org.apache.commons.lang.ArrayUtilsTest#testToPrimitive_char_char
1170,org.apache.commons.lang.text.StrBuilderAppendInsertTest#testAppendWithSeparators_Collection
1171,org.apache.commons.lang.enums.EnumUtilsTest#testGet
1172,org.apache.commons.lang.StringUtilsSubstringTest#testSubstringBefore_StringString
1173,org.apache.commons.lang.math.FractionTest#testToString
1174,org.apache.commons.lang.ArrayUtilsTest#testSubarrayInt
1175,org.apache.commons.lang.builder.CompareToBuilderTest#testMultiByteArray
1176,org.apache.commons.lang.ArrayUtilsTest#testToPrimitive_double_double
1177,org.apache.commons.lang.ArrayUtilsTest#testLastIndexOfLongWithStartIndex
1178,org.apache.commons.lang.math.RandomUtilsTest#testNextInt
1179,org.apache.commons.lang.ArrayUtilsTest#testSubarrChar
1180,org.apache.commons.lang.builder.DefaultToStringStyleTest#testAppendSuper
1181,org.apache.commons.lang.builder.ToStringBuilderTest#testObject
1182,org.apache.commons.lang.ArrayUtilsTest#testSameLengthInt
1183,org.apache.commons.lang.StringEscapeUtilsTest#testEscapeJavaScript
1184,org.apache.commons.lang.text.StrBuilderTest#testGetCharsIntIntCharArrayInt
1185,org.apache.commons.lang.ClassUtilsTest#test_isInnerClass_Class
1186,org.apache.commons.lang.text.StrBuilderAppendInsertTest#testAppendNewLine
1187,org.apache.commons.lang.builder.ToStringBuilderTest#testReflectionStatics
1188,org.apache.commons.lang.EntitiesPerformanceTest#testLookupHash
1189,org.apache.commons.lang.ArrayUtilsTest#testReverseFloat
1190,org.apache.commons.lang.mutable.MutableFloatTest#testPrimitiveValues
1191,org.apache.commons.lang.enums.ValuedEnumTest#testGet
1192,org.apache.commons.lang.builder.HashCodeBuilderTest#testObjectArrayAsObject
1193,org.apache.commons.lang.CharUtilsTest#testToString_char
1194,org.apache.commons.lang.BooleanUtilsTest#test_toBooleanObject_String
1195,org.apache.commons.lang.builder.StandardToStringStyleTest#testLong
1196,org.apache.commons.lang.StringUtilsTest#testDeleteSpace_String
1197,org.apache.commons.lang.StringUtilsTrimEmptyTest#testIsNotBlank
1198,org.apache.commons.lang.mutable.MutableDoubleTest#testToString
1199,org.apache.commons.lang.exception.NestableRuntimeExceptionTestCase#testGetMessage
1200,org.apache.commons.lang.exception.ExceptionUtilsTestCase#testPrintRootCauseStackTrace_Throwable
1201,org.apache.commons.lang.exception.NestableErrorTestCase#testIndexOfThrowableI
1202,org.apache.commons.lang.text.StrBuilderTest#testCapacity
1203,org.apache.commons.lang.mutable.MutableIntTest#testConstructors
1204,org.apache.commons.lang.ArrayUtilsTest#testCloneInt
1205,org.apache.commons.lang.math.IntRangeTest#testOverlapsRange
1206,org.apache.commons.lang.math.NumberUtilsTest#testMaxShort
1207,org.apache.commons.lang.BooleanUtilsTest#test_toStringOnOff_Boolean
1208,org.apache.commons.lang.math.LongRangeTest#testEquals
1209,org.apache.commons.lang.math.IntRangeTest#testContainsDouble
1210,org.apache.commons.lang.ArrayUtilsRemoveTest#testRemoveObjectArray
1211,org.apache.commons.lang.mutable.MutableFloatTest#testAddValuePrimitive
1212,org.apache.commons.lang.StringUtilsEqualsIndexOfTest#testIndexOf_char
1213,org.apache.commons.lang.IntHashMapTest#testContainsValue
1214,org.apache.commons.lang.text.StrBuilderTest#testIndexOf_String
1215,org.apache.commons.lang.text.VariableFormatterTest#testReplaceCharArray
1216,org.apache.commons.lang.builder.CompareToBuilderTest#testShort
1217,org.apache.commons.lang.math.NumberRangeTest#testConstructor2
1218,org.apache.commons.lang.SerializationUtilsTest#testCloneNull
1219,org.apache.commons.lang.StringUtilsTest#testReplace_StringStringStringInt
1220,org.apache.commons.lang.text.VariableFormatterTest#testNonInstanceMethods
1221,org.apache.commons.lang.ArrayUtilsTest#testIsEmptyPrimitives
1222,org.apache.commons.lang.ArrayUtilsTest#testSubarrayBoolean
1223,org.apache.commons.lang.exception.NestableDelegateTestCase#testNestableDelegateGetMessageN
1224,org.apache.commons.lang.StringUtilsTest#testOverlay_StringStringIntInt
1225,org.apache.commons.lang.exception.NestableErrorTestCase#testGetMessages
1226,org.apache.commons.lang.builder.ToStringBuilderTest#testDoubleArrayArray
1227,org.apache.commons.lang.CharEncodingTest#testWorksOnJava1_2_2
1228,org.apache.commons.lang.text.StrBuilderAppendInsertTest#testAppend_StrBuilder_int_int
1229,org.apache.commons.lang.mutable.MutableFloatTest#testCompareTo
1230,org.apache.commons.lang.StringEscapeUtilsTest#testEscapeHtmlVersions
1231,org.apache.commons.lang.NotImplementedExceptionTest#testConstructor_Class1
1232,org.apache.commons.lang.mutable.MutableDoubleTest#testHashCode
1233,org.apache.commons.lang.builder.EqualsBuilderTest#testMultiFloatArray
1234,org.apache.commons.lang.StringUtilsTest#testChomp
1235,org.apache.commons.lang.text.CompositeFormatTest#testCompositeFormat
1236,org.apache.commons.lang.StringUtilsEqualsIndexOfTest#testIndexOfAny_StringStringarray
1237,org.apache.commons.lang.mutable.MutableLongTest#testDecrement
1238,org.apache.commons.lang.builder.EqualsBuilderTest#testRaggedArray
1239,org.apache.commons.lang.StringUtilsSubstringTest#testSubstringBetween_StringString
1240,org.apache.commons.lang.math.NumberRangeTest#testContainsLongBig
1241,org.apache.commons.lang.exception.ExceptionUtilsTestCase#testGetRootCauseStackTrace_Throwable
1242,org.apache.commons.lang.math.FractionTest#testConversions
1243,org.apache.commons.lang.math.FractionTest#testFactory_int_int
1244,org.apache.commons.lang.mutable.MutableLongTest#testConstructors
1245,org.apache.commons.lang.builder.ShortPrefixToStringStyleTest#testObjectArray
1246,org.apache.commons.lang.StringUtilsTest#testSplit_String
1247,org.apache.commons.lang.text.VariableFormatterTest#testReplace
1248,org.apache.commons.lang.math.RandomUtilsTest#testUnimplementedMethods
1249,org.apache.commons.lang.StringUtilsTest#testDeprecatedChompFunctions
1250,org.apache.commons.lang.BooleanUtilsTest#test_toBoolean_Integer_Integer_Integer
1251,org.apache.commons.lang.builder.EqualsBuilderTest#testSuper
1252,org.apache.commons.lang.SerializationUtilsTest#testDeserializeBytesNull
1253,org.apache.commons.lang.ClassUtilsTest#testGetClassInvalidArguments
1254,org.apache.commons.lang.ClassUtilsTest#test_getShortClassName_Object
1255,org.apache.commons.lang.text.StrBuilderAppendInsertTest#testAppend_Primitive
1256,org.apache.commons.lang.exception.ExceptionUtilsTestCase#testGetRootCause_Throwable
1257,org.apache.commons.lang.BooleanUtilsTest#testXor_primitive_nullInput
1258,org.apache.commons.lang.ArrayUtilsTest#testIsEmptyObject
1259,org.apache.commons.lang.CharSetTest#testSerialization
1260,org.apache.commons.lang.EntitiesPerformanceTest#testUnescapeArray
1261,org.apache.commons.lang.time.StopWatchTest#testStopWatchSuspend
1262,org.apache.commons.lang.ArrayUtilsTest#testLastIndexOfBoolean
1263,org.apache.commons.lang.math.NumberUtilsTest#testMinimumInt
1264,org.apache.commons.lang.NotImplementedExceptionTest#testPrintStackTrace_Stream
1265,org.apache.commons.lang.ArrayUtilsTest#testToPrimitive_long_long
1266,org.apache.commons.lang.builder.CompareToBuilderTest#testObjectComparator
1267,org.apache.commons.lang.builder.ToStringBuilderTest#testReflectionLongArrayArray
1268,org.apache.commons.lang.exception.NestableDelegateTestCase#testGetMessageString
1269,org.apache.commons.lang.ArrayUtilsTest#testToPrimitive_byte_byte
1270,org.apache.commons.lang.ClassUtilsTest#testGetClassByNormalNameArrays2D
1271,org.apache.commons.lang.builder.EqualsBuilderTest#testMultiDoubleArray
1272,org.apache.commons.lang.builder.DefaultToStringStyleTest#testObject
1273,org.apache.commons.lang.BooleanUtilsTest#testConstructor
1274,org.apache.commons.lang.builder.CompareToBuilderTest#testMultiFloatArray
1275,org.apache.commons.lang.ArrayUtilsRemoveTest#testRemoveLongArray
1276,org.apache.commons.lang.ArrayUtilsTest#testIndexOfBooleanWithStartIndex
1277,org.apache.commons.lang.text.StrBuilderTest#testIndexOf_StrMatcher
1278,org.apache.commons.lang.builder.EqualsBuilderTest#testMultiByteArray
1279,org.apache.commons.lang.ClassUtilsTest#testWithInterleavingWhitespace
1280,org.apache.commons.lang.ArrayUtilsTest#testToPrimitive_float_float
1281,org.apache.commons.lang.ArrayUtilsTest#testToPrimitive_char
1282,org.apache.commons.lang.StringUtilsSubstringTest#testRight_String
1283,org.apache.commons.lang.text.StrBuilderTest#testCharAt
1284,org.apache.commons.lang.time.FastDateFormatTest#testSimpleDate
1285,org.apache.commons.lang.builder.HashCodeBuilderTest#testChar
1286,org.apache.commons.lang.builder.ToStringBuilderTest#testFloatArray
1287,org.apache.commons.lang.UnhandledExceptionTest#testGetCause
1288,org.apache.commons.lang.NumberUtilsTest#testStringToIntString
1289,org.apache.commons.lang.ArrayUtilsRemoveTest#testRemoveElementIntArray
1290,org.apache.commons.lang.time.DateUtilsTest#testAddMilliseconds
1291,org.apache.commons.lang.math.IntRangeTest#testContainsIntegerBig
1292,org.apache.commons.lang.builder.HashCodeBuilderAndEqualsBuilderTest#testFixtureWithTransients
1293,org.apache.commons.lang.math.NumberUtilsTest#testMaximumShort
1294,org.apache.commons.lang.ArrayUtilsTest#testIndexOfBoolean
1295,org.apache.commons.lang.BooleanUtilsTest#testXor_primitive_validInput_3items
1296,org.apache.commons.lang.math.IntRangeTest#testConstructor2b
1297,org.apache.commons.lang.NumberRangeTest#testOverlapNull
1298,org.apache.commons.lang.ArrayUtilsTest#testToObject_int
1299,org.apache.commons.lang.builder.CompareToBuilderTest#testMultiLongArray
1300,org.apache.commons.lang.builder.HashCodeBuilderTest#testByteArrayAsObject
1301,org.apache.commons.lang.exception.NestableErrorTestCase#testGetMessageI
1302,org.apache.commons.lang.builder.EqualsBuilderTest#testMultiShortArray
1303,org.apache.commons.lang.exception.NestableDelegateTestCase#testIndexOfThrowable
1304,org.apache.commons.lang.StringUtilsEqualsIndexOfTest#testOrdinalIndexOf
1305,org.apache.commons.lang.UnhandledExceptionTest#testConstructor_stringAndThrowable_nullInput
1306,org.apache.commons.lang.math.LongRangeTest#testContainsLongBig
1307,org.apache.commons.lang.WordUtilsTest#testCapitalizeFully_String
1308,org.apache.commons.lang.time.DateUtilsTest#testAddByField
1309,org.apache.commons.lang.StringUtilsTrimEmptyTest#testStripAll
1310,org.apache.commons.lang.time.StopWatchTest#testBadStates
1311,org.apache.commons.lang.CharSetUtilsTest#testKeep_StringStringarray
1312,org.apache.commons.lang.RandomStringUtilsTest#testConstructor
1313,org.apache.commons.lang.builder.ToStringBuilderTest#testGetSetDefault
1314,org.apache.commons.lang.ArrayUtilsTest#testReverseShort
1315,org.apache.commons.lang.builder.CompareToBuilderTest#testIntArrayHiddenByObject
1316,org.apache.commons.lang.ClassUtilsTest#test_getShortClassName_String
1317,org.apache.commons.lang.time.DateUtilsTest#testAddHours
1318,org.apache.commons.lang.text.StrBuilderTest#testSetCharAt
1319,org.apache.commons.lang.NumberUtilsTest#testIsNumber
1320,org.apache.commons.lang.mutable.MutableDoubleTest#testToDouble
1321,org.apache.commons.lang.BooleanUtilsTest#test_toIntegerObject_boolean_Integer_Integer
1322,org.apache.commons.lang.enums.ValuedEnumTest#testToString
1323,org.apache.commons.lang.text.StrBuilderAppendInsertTest#testAppendWithSeparators_Iterator
1324,org.apache.commons.lang.enums.EnumTest#testExtended1Get
1325,org.apache.commons.lang.math.FractionTest#testInvert
1326,org.apache.commons.lang.CharUtilsTest#testToCharacterObject_String
1327,org.apache.commons.lang.ArrayUtilsRemoveTest#testRemoveElementShortArray
1328,org.apache.commons.lang.mutable.MutableShortTest#testCompareTo
1329,org.apache.commons.lang.ArrayUtilsTest#testCloneByte
1330,org.apache.commons.lang.oldenum.EnumTest#testOperationToString
1331,org.apache.commons.lang.text.StrBuilderTest#testReplace_StrMatcher_String_int_int_int_VaryReplace
1332,org.apache.commons.lang.mutable.MutableDoubleTest#testEquals
1333,org.apache.commons.lang.builder.EqualsBuilderTest#testBoolean
1334,org.apache.commons.lang.enums.EnumTest#testHashCode
1335,org.apache.commons.lang.oldenum.EnumTest#testExtendedSerialization
1336,org.apache.commons.lang.ArrayUtilsTest#testLastIndexOf
1337,org.apache.commons.lang.builder.ReflectionToStringBuilderExcludeTest#test_toStringExcludeEmptyArray
1338,org.apache.commons.lang.builder.EqualsBuilderTest#testShort
1339,org.apache.commons.lang.EntitiesTest#testAddEntitiesArray
1340,org.apache.commons.lang.builder.ToStringBuilderTest#testReflectionShortArray
1341,org.apache.commons.lang.SerializationUtilsTest#testDeserializeStreamNull
1342,org.apache.commons.lang.BitFieldTest#testSetBoolean
1343,org.apache.commons.lang.mutable.MutableIntTest#testIncrement
1344,org.apache.commons.lang.math.FloatRangeTest#testConstructor2b
1345,org.apache.commons.lang.builder.EqualsBuilderTest#testDouble
1346,org.apache.commons.lang.builder.StandardToStringStyleTest#testBlank
1347,org.apache.commons.lang.ArrayUtilsTest#testToMap
1348,org.apache.commons.lang.math.RandomUtilsTest#testIllegalArguments
1349,org.apache.commons.lang.exception.NestableExceptionTestCase#testPrintStackTrace
1350,org.apache.commons.lang.text.StrTokenizerTest#testConstructor_String
1351,org.apache.commons.lang.exception.NestableDelegateTestCase#testNestableDelegetePrintStackTrace
1352,org.apache.commons.lang.builder.CompareToBuilderTest#testMultiDoubleArray
1353,org.apache.commons.lang.enums.EnumTest#testGet
1354,org.apache.commons.lang.NumberUtilsTest#testMaximumInt
1355,org.apache.commons.lang.ValidateTest#testNotEmptyArray2
1356,org.apache.commons.lang.math.LongRangeTest#testGetMinimum
1357,org.apache.commons.lang.text.StrBuilderTest#testLastIndexOf_StrMatcher_int
1358,org.apache.commons.lang.time.DurationFormatUtilsTest#testFormatDurationHMS
1359,org.apache.commons.lang.BitFieldTest#testByte
1360,org.apache.commons.lang.ArrayUtilsTest#testIndexOfLong
1361,org.apache.commons.lang.text.StrTokenizerTest#testBasicTrimmed1
1362,org.apache.commons.lang.NotImplementedExceptionTest#testPrintStackTrace
1363,org.apache.commons.lang.text.StrTokenizerTest#test3
1364,org.apache.commons.lang.exception.NestableRuntimeExceptionTestCase#testPrintPartialStackTrace
1365,org.apache.commons.lang.time.DurationFormatUtilsTest#testFormatDurationWords
1366,org.apache.commons.lang.text.StrBuilderTest#testTrim
1367,org.apache.commons.lang.enums.EnumTest#testExtendedToString
1368,org.apache.commons.lang.math.DoubleRangeTest#testContainsDouble
1369,org.apache.commons.lang.WordUtilsTest#testSwapCase_String
1370,org.apache.commons.lang.math.DoubleRangeTest#testContainsLong
1371,org.apache.commons.lang.builder.ShortPrefixToStringStyleTest#testBlank
1372,org.apache.commons.lang.exception.NestableDelegateTestCase#testNestableDelegateConstructor
1373,org.apache.commons.lang.math.DoubleRangeTest#testGetMaximum
1374,org.apache.commons.lang.time.DateUtilsTest#testIsSameInstant_Date
1375,org.apache.commons.lang.builder.ReflectionToStringBuilderExcludeTest#test_toStringExcludeEmptyCollection
1376,org.apache.commons.lang.text.StrMatcherTest#testCommaMatcher
1377,org.apache.commons.lang.math.NumberRangeTest#testContainsFloat
1378,org.apache.commons.lang.text.StrBuilderTest#testMidString
1379,org.apache.commons.lang.math.FloatRangeTest#testGetMaximum
1380,org.apache.commons.lang.exception.NestableErrorTestCase#testGetThrowables
1381,org.apache.commons.lang.math.NumberUtilsTest#testToFloatString
1382,org.apache.commons.lang.ArrayUtilsTest#testLastIndexOfShortWithStartIndex
1383,org.apache.commons.lang.builder.HashCodeBuilderTest#testShortArray
1384,org.apache.commons.lang.text.StrBuilderTest#testToStringBuffer
1385,org.apache.commons.lang.LocaleUtilsTest#testConstructor
1386,org.apache.commons.lang.builder.ToStringBuilderTest#testShortArray
1387,org.apache.commons.lang.enums.EnumTest#testOperationGet
1388,org.apache.commons.lang.builder.ReflectionToStringBuilderExcludeTest#test_toStringExcludeNullArray
1389,org.apache.commons.lang.BooleanUtilsTest#test_toInteger_Boolean_int_int_int
1390,org.apache.commons.lang.math.IntRangeTest#testConstructor1a
1391,org.apache.commons.lang.StringUtilsTest#testRightPad_StringIntString
1392,org.apache.commons.lang.text.StrBuilderAppendInsertTest#testAppend_StringBuffer_int_int
1393,org.apache.commons.lang.math.LongRangeTest#testContainsRange
1394,org.apache.commons.lang.exception.NestableErrorTestCase#testGetCause
1395,org.apache.commons.lang.builder.ToStringBuilderTest#testCharArray
1396,org.apache.commons.lang.time.DurationFormatUtilsTest#testFormatDurationPluralWords
1397,org.apache.commons.lang.ArrayUtilsTest#testLastIndexOfInt
1398,org.apache.commons.lang.mutable.MutableBooleanTest#testHashCode
1399,org.apache.commons.lang.IntHashMapTest#testPut
1400,org.apache.commons.lang.builder.ToStringBuilderTest#testSelfInstanceVarReflectionObjectCycle
1401,org.apache.commons.lang.time.DateUtilsTest#testIsSameDay_Date
1402,org.apache.commons.lang.IncompleteArgumentExceptionTest#test2arg_nullString
1403,org.apache.commons.lang.ArrayUtilsTest#testCloneLong
1404,org.apache.commons.lang.text.StrMatcherTest#testMatcherIndices
1405,org.apache.commons.lang.builder.HashCodeBuilderTest#testDouble
1406,org.apache.commons.lang.text.StrTokenizerTest#testReset_String
1407,org.apache.commons.lang.math.FloatRangeTest#testContainsFloat
1408,org.apache.commons.lang.text.VariableFormatterTest#testReplaceNoMarkers
1409,org.apache.commons.lang.IllegalClassExceptionTest#testGetMessage_classObjectArgs_normalInput
1410,org.apache.commons.lang.enums.EnumTest#testBroken5Operation
1411,org.apache.commons.lang.math.NumberUtilsTest#testStringToDoubleString
1412,org.apache.commons.lang.text.StrMatcherTest#testSingleQuoteMatcher
1413,org.apache.commons.lang.builder.EqualsBuilderTest#testShortArrayHiddenByObject
1414,org.apache.commons.lang.enums.EnumTest#testExtendedSerialization
1415,org.apache.commons.lang.CharEncodingTest#testWorksOnJava1_1_8
1416,org.apache.commons.lang.ClassUtilsTest#testGetClassByNormalNameArrays
1417,org.apache.commons.lang.CharUtilsTest#testIsAsciiAlphaLower_char
1418,org.apache.commons.lang.StringUtilsSubstringTest#testLeft_String
1419,org.apache.commons.lang.WordUtilsTest#testCapitalizeWithDelimiters_String
1420,org.apache.commons.lang.text.StrBuilderTest#testIndexOf_String_int
1421,org.apache.commons.lang.math.NumberRangeTest#testGetMinimum
1422,org.apache.commons.lang.math.FloatRangeTest#testEquals
1423,org.apache.commons.lang.text.StrBuilderAppendInsertTest#testAppendFixedWidthPadRight_int
1424,org.apache.commons.lang.math.FractionTest#testFactory_String_proper
1425,org.apache.commons.lang.exception.ExceptionUtilsTestCase#testSetCauseToNull
1426,org.apache.commons.lang.text.StrBuilderAppendInsertTest#testInsert
1427,org.apache.commons.lang.exception.NestableExceptionTestCase#testGetMessage
1428,org.apache.commons.lang.text.StrTokenizerTest#testConstructor_charArray
1429,org.apache.commons.lang.enums.EnumUtilsTest#testIterator
1430,org.apache.commons.lang.builder.EqualsBuilderTest#testMultiCharArray
1431,org.apache.commons.lang.text.StrBuilderTest#testEqualsIgnoreCase
1432,org.apache.commons.lang.NotImplementedExceptionTest#testPrintStackTrace_Writer
1433,org.apache.commons.lang.math.IntRangeTest#testConstructor2a
1434,org.apache.commons.lang.EntitiesPerformanceTest#testBuildArray
1435,org.apache.commons.lang.mutable.MutableShortTest#testAddValueObject
1436,org.apache.commons.lang.SerializationUtilsTest#testException
1437,org.apache.commons.lang.time.FastDateFormatTest#test_getInstance_String_TimeZone
1438,org.apache.commons.lang.CharSetTest#testConstructor_String_oddCombinations
1439,org.apache.commons.lang.enums.EnumUtilsTest#testIteratorEx
1440,org.apache.commons.lang.CharUtilsTest#testToIntValue_Character
1441,org.apache.commons.lang.NumberUtilsTest#testCreateBigDecimal
1442,org.apache.commons.lang.builder.EqualsBuilderTest#testMixedArray
1443,org.apache.commons.lang.ArrayUtilsRemoveTest#testRemoveIntArray
1444,org.apache.commons.lang.builder.ToStringBuilderTest#testInt
1445,org.apache.commons.lang.ArrayUtilsRemoveTest#testRemoveElementCharArray
1446,org.apache.commons.lang.oldenum.EnumUtilsTest#testList
1447,org.apache.commons.lang.math.NumberUtilsTest#testMaximumByte
1448,org.apache.commons.lang.text.VariableFormatterTest#testNoResolver
1449,org.apache.commons.lang.mutable.MutableBooleanTest#testToString
1450,org.apache.commons.lang.builder.EqualsBuilderTest#testObject
1451,org.apache.commons.lang.mutable.MutableShortTest#testHashCode
1452,org.apache.commons.lang.ArrayUtilsTest#testIndexOfFloatWithStartIndex
1453,org.apache.commons.lang.EntitiesPerformanceTest#testBuildHash
1454,org.apache.commons.lang.builder.ReflectionToStringBuilderExcludeTest#test_toStringExcludeCollectionWithNulls
1455,org.apache.commons.lang.text.StrBuilderTest#testReplaceAll_char_char
1456,org.apache.commons.lang.StringUtilsTest#testDefaultIfEmpty_StringString
1457,org.apache.commons.lang.math.DoubleRangeTest#testConstructor1b
1458,org.apache.commons.lang.builder.SimpleToStringStyleTest#testLongArrayArray
1459,org.apache.commons.lang.CharSetUtilsTest#testCount_StringStringarray
1460,org.apache.commons.lang.mutable.MutableIntTest#testGetSet
1461,org.apache.commons.lang.WordUtilsTest#testWrap_StringInt
1462,org.apache.commons.lang.builder.HashCodeBuilderTest#testCharArray
1463,org.apache.commons.lang.builder.CompareToBuilderTest#testRaggedArray
1464,org.apache.commons.lang.ValidateTest#testIsTrue4
1465,org.apache.commons.lang.mutable.MutableByteTest#testGetSet
1466,org.apache.commons.lang.ObjectUtilsTest#testAppendIdentityToString
1467,org.apache.commons.lang.text.StrBuilderAppendInsertTest#testAppend_StrBuilder
1468,org.apache.commons.lang.math.FractionTest#testPow
1469,org.apache.commons.lang.exception.ExceptionUtilsTestCase#testGetThrowables_Throwable_withoutCause
1470,org.apache.commons.lang.StringUtilsSubstringTest#testGetNestedString_StringStringString
1471,org.apache.commons.lang.builder.EqualsBuilderTest#testObjectArrayHiddenByObject
1472,org.apache.commons.lang.ValidateTest#testNotEmptyArray1
1473,org.apache.commons.lang.enums.EnumTest#testBroken2
1474,org.apache.commons.lang.math.RandomUtilsTest#testNextInt2
1475,org.apache.commons.lang.math.FractionTest#testMultiply
1476,org.apache.commons.lang.exception.ExceptionUtilsTestCase#testPrintRootCauseStackTrace_ThrowableStream
1477,org.apache.commons.lang.math.FractionTest#testCompareTo
1478,org.apache.commons.lang.IllegalClassExceptionTest#testConstructor_classArgs_nullExpected
1479,org.apache.commons.lang.builder.HashCodeBuilderTest#testReflectionHierarchyHashCode
1480,org.apache.commons.lang.exception.NestableRuntimeExceptionTestCase#testGetThrowableCount
1481,org.apache.commons.lang.math.FloatRangeTest#testContainsDouble
1482,org.apache.commons.lang.math.NumberUtilsTest#testCreateInteger
1483,org.apache.commons.lang.StringUtilsSubstringTest#testSubstringAfter_StringString
1484,org.apache.commons.lang.time.DurationFormatUtilsTest#testFormatDurationISO
1485,org.apache.commons.lang.builder.CompareToBuilderTest#testBooleanArray
1486,org.apache.commons.lang.text.StrTokenizerTest#testBasicQuoted4
1487,org.apache.commons.lang.math.NumberUtilsTest#testToLongStringL
1488,org.apache.commons.lang.oldenum.EnumUtilsTest#testListEx
1489,org.apache.commons.lang.IllegalClassExceptionTest#testConstructor_stringArg_nullInput
1490,org.apache.commons.lang.CharSetTest#testEquals_Object
1491,org.apache.commons.lang.mutable.MutableDoubleTest#testConstructors
1492,org.apache.commons.lang.math.IntRangeTest#testContainsLong
1493,org.apache.commons.lang.time.DateFormatUtilsTest#testTimeNoTISO
1494,org.apache.commons.lang.builder.ToStringBuilderTest#testReflectionCharArray
1495,org.apache.commons.lang.CharUtilsTest#testIsAsciiPrintable_char
1496,org.apache.commons.lang.text.StrBuilderTest#testDeleteFirst_String
1497,org.apache.commons.lang.StringUtilsTest#testCenter_StringInt
1498,org.apache.commons.lang.text.StrTokenizerTest#testBasicIgnoreTrimmed3
1499,org.apache.commons.lang.time.DateUtilsTest#testConstructor
1500,org.apache.commons.lang.text.StrTokenizerTest#testBasicQuoted3
1501,org.apache.commons.lang.math.DoubleRangeTest#testConstructor2a
1502,org.apache.commons.lang.text.StrBuilderTest#testEnsureCapacity
1503,org.apache.commons.lang.StringUtilsTest#testChop
1504,org.apache.commons.lang.StringUtilsEqualsIndexOfTest#testIndexOf_charInt
1505,org.apache.commons.lang.BitFieldTest#testClearShort
1506,org.apache.commons.lang.builder.EqualsBuilderTest#testFloat
1507,org.apache.commons.lang.enums.EnumTest#testBroken4Operation
1508,org.apache.commons.lang.ArrayUtilsTest#testToObject_char
1509,org.apache.commons.lang.mutable.MutableByteTest#testAddValuePrimitive
1510,org.apache.commons.lang.text.StrBuilderTest#testContains_String
1511,org.apache.commons.lang.LocaleUtilsTest#testCountriesByLanguage
1512,org.apache.commons.lang.builder.ToStringBuilderTest#testReflectionObjectArray
1513,org.apache.commons.lang.ClassUtilsTest#test_getShortClassName_Class
1514,org.apache.commons.lang.time.DateFormatUtilsTest#testTimeISO
1515,org.apache.commons.lang.NumberUtilsTest#testCompareFloat
1516,org.apache.commons.lang.builder.HashCodeBuilderTest#testObject
1517,org.apache.commons.lang.mutable.MutableFloatTest#testGetSet
1518,org.apache.commons.lang.WordUtilsTest#testUncapitalize_String
1519,org.apache.commons.lang.time.DateUtilsTest#testIteratorEx
1520,org.apache.commons.lang.mutable.MutableLongTest#testAddValuePrimitive
1521,org.apache.commons.lang.StringUtilsTest#testEscapeFunctions_String
1522,org.apache.commons.lang.mutable.MutableShortTest#testSubtractValueObject
1523,org.apache.commons.lang.enums.EnumTest#testExtended2List
1524,org.apache.commons.lang.exception.NestableRuntimeExceptionTestCase#testGetThrowableI
1525,org.apache.commons.lang.text.StrBuilderTest#testDeleteAll_StrMatcher
1526,org.apache.commons.lang.text.StrBuilderAppendInsertTest#testAppendFixedWidthPadLeft_int
1527,org.apache.commons.lang.enums.EnumTest#testBroken3Operation
1528,org.apache.commons.lang.math.FractionTest#testDivide
1529,org.apache.commons.lang.exception.NestableExceptionTestCase#testGetThrowableCount
1530,org.apache.commons.lang.text.StrBuilderAppendInsertTest#testAppendFixedWidthPadLeft
1531,org.apache.commons.lang.math.RandomUtilsTest#testNextBoolean2
1532,org.apache.commons.lang.time.DateUtilsTest#testIsSameDay_Cal
1533,org.apache.commons.lang.math.FractionTest#testSubtract
1534,org.apache.commons.lang.ArrayUtilsAddTest#testAddObjectArrayByte
1535,org.apache.commons.lang.math.NumberUtilsTest#testStringToIntString
1536,org.apache.commons.lang.BooleanUtilsTest#test_toBooleanObject_int
1537,org.apache.commons.lang.ArrayUtilsTest#testSameLengthDouble
1538,org.apache.commons.lang.builder.CompareToBuilderTest#testCharArray
1539,org.apache.commons.lang.StringUtilsTrimEmptyTest#testIsNotEmpty
1540,org.apache.commons.lang.builder.ToStringBuilderTest#testByteArrayArray
1541,org.apache.commons.lang.builder.CompareToBuilderTest#testLong
1542,org.apache.commons.lang.math.RandomUtilsTest#testNextDouble2
1543,org.apache.commons.lang.math.NumberUtilsTest#testMaxLong
1544,org.apache.commons.lang.ArrayUtilsAddTest#testAddObjectArrayFloat
1545,org.apache.commons.lang.StringUtilsTest#testLeftPad_StringInt
1546,org.apache.commons.lang.StringUtilsSubstringTest#testGetNestedString_StringString
1547,org.apache.commons.lang.ArrayUtilsTest#testReverse
1548,org.apache.commons.lang.NumberUtilsTest#testMinimumLong
1549,org.apache.commons.lang.time.DurationFormatUtilsTest#testFormatPeriod
1550,org.apache.commons.lang.mutable.MutableLongTest#testSubtractValuePrimitive
1551,org.apache.commons.lang.math.IntRangeTest#testGetMaximum
1552,org.apache.commons.lang.ClassUtilsTest#test_getPackageName_Class
1553,org.apache.commons.lang.BitFieldTest#testSet
1554,org.apache.commons.lang.ArrayUtilsTest#testReverseBoolean
1555,org.apache.commons.lang.ArrayUtilsTest#testSubarrayObject
1556,org.apache.commons.lang.oldenum.EnumUtilsTest#testGetValue
1557,org.apache.commons.lang.builder.EqualsBuilderTest#testChar
1558,org.apache.commons.lang.exception.ExceptionUtilsTestCase#testIndexOfType_ThrowableClass
1559,org.apache.commons.lang.builder.HashCodeBuilderTest#testFloatArrayAsObject
1560,org.apache.commons.lang.BitFieldTest#testGetShortValue
1561,org.apache.commons.lang.math.FractionTest#testConstants
1562,org.apache.commons.lang.math.NumberRangeTest#testContainsRange
1563,org.apache.commons.lang.enums.EnumUtilsTest#testGetEx
1564,org.apache.commons.lang.enums.EnumUtilsTest#testMap
1565,org.apache.commons.lang.oldenum.EnumTest#testExtended2List
1566,org.apache.commons.lang.oldenum.EnumUtilsTest#testIterator
1567,org.apache.commons.lang.StringUtilsTrimEmptyTest#testTrimToNull
1568,org.apache.commons.lang.StringUtilsTrimEmptyTest#testTrim
1569,org.apache.commons.lang.ArrayUtilsRemoveTest#testRemoveElementDoubleArray
1570,org.apache.commons.lang.ArrayUtilsRemoveTest#testRemoveElementLongArray
1571,org.apache.commons.lang.text.StrBuilderTest#testDeleteAll_String
1572,org.apache.commons.lang.builder.CompareToBuilderTest#testAppendSuper
1573,org.apache.commons.lang.builder.CompareToBuilderTest#testMultiShortArray
1574,org.apache.commons.lang.NotImplementedExceptionTest#testConstructor_Throwable2
1575,org.apache.commons.lang.StringUtilsIsTest#testIsAlpha
1576,org.apache.commons.lang.ArrayUtilsTest#testIndexOfByte
1577,org.apache.commons.lang.SerializationUtilsTest#testConstructor
1578,org.apache.commons.lang.StringEscapeUtilsTest#testUnescapeJava
1579,org.apache.commons.lang.ArrayUtilsTest#testReverseByte
1580,org.apache.commons.lang.enums.EnumTest#testExtended1Map
1581,org.apache.commons.lang.math.LongRangeTest#testToString
1582,org.apache.commons.lang.WordUtilsTest#testCapitalizeFullyWithDelimiters_String
1583,org.apache.commons.lang.oldenum.EnumTest#testBroken1
1584,org.apache.commons.lang.ArrayUtilsTest#testIndexOfDoubleWithStartIndex
1585,org.apache.commons.lang.mutable.MutableFloatTest#testConstructors
1586,org.apache.commons.lang.ArrayUtilsTest#testIndexOf
1587,org.apache.commons.lang.builder.ToStringBuilderTest#testReflectionDoubleArray
1588,org.apache.commons.lang.NumberRangeTest#testIncludesNumber
1589,org.apache.commons.lang.builder.HashCodeBuilderTest#testReflectionHierarchyHashCodeEx2
1590,org.apache.commons.lang.ClassUtilsTest#testGetClassWithArrayClasses2D
1591,org.apache.commons.lang.StringUtilsTest#testSplitPreserveAllTokens_StringString_StringStringInt
1592,org.apache.commons.lang.text.StrBuilderTest#testLastIndexOf_char
1593,org.apache.commons.lang.time.FastDateFormatTest#test_getInstance_String_TimeZone_Locale
1594,org.apache.commons.lang.CharUtilsTest#testConstructor
1595,org.apache.commons.lang.SerializationUtilsTest#testDeserializeStreamOfNull
1596,org.apache.commons.lang.mutable.MutableObjectTest#testGetSet
1597,org.apache.commons.lang.builder.ReflectionToStringBuilderExcludeTest#test_toStringExcludeCollection
1598,org.apache.commons.lang.StringUtilsTest#testLeftPad_StringIntString
1599,org.apache.commons.lang.ArrayUtilsTest#testLastIndexOfFloat
1600,org.apache.commons.lang.text.StrBuilderTest#testReplace_StrMatcher_String_int_int_int_VaryStartIndex
1601,org.apache.commons.lang.mutable.MutableIntTest#testHashCode
1602,org.apache.commons.lang.text.StrTokenizerTest#testBasicTrimmed2
1603,org.apache.commons.lang.builder.ReflectionToStringBuilderExcludeTest#test_toStringExcludeCollectionWithNull
1604,org.apache.commons.lang.ArrayUtilsTest#testLastIndexOfLong
1605,org.apache.commons.lang.exception.ExceptionUtilsTestCase#testIndexOfType_ThrowableClassInt
1606,org.apache.commons.lang.time.DateUtilsTest#testParseDate
1607,org.apache.commons.lang.ArrayUtilsTest#testIndexOfByteWithStartIndex
1608,org.apache.commons.lang.StringUtilsTest#testRightPad_StringIntChar
1609,org.apache.commons.lang.builder.EqualsBuilderTest#testByteArray
