rank,test
1,org.apache.commons.lang.BooleanUtilsTest#testXor_object_validInput_3items
2,org.apache.commons.lang.math.NumberUtilsTest#testMinimumByte
3,org.apache.commons.lang.enums.EnumTest#testExtended2Map
4,org.apache.commons.lang.math.FractionTest#testPow
5,org.apache.commons.lang.ClassUtilsTest#test_getPackageName_String
6,org.apache.commons.lang.BitFieldTest#testSet
7,org.apache.commons.lang.exception.ExceptionUtilsTestCase#testGetThrowableList_Throwable_null
8,org.apache.commons.lang.builder.HashCodeBuilderTest#testLongArray
9,org.apache.commons.lang.EntitiesPerformanceTest#testBuildHash
10,org.apache.commons.lang.NumberRangeTest#testIncludesNumberNull
11,org.apache.commons.lang.oldenum.ValuedEnumTest#testName
12,org.apache.commons.lang.math.FractionTest#testAdd
13,org.apache.commons.lang.ClassUtilsTest#testGetClassByNormalNameArrays2D
14,org.apache.commons.lang.math.NumberUtilsTest#testCreateBigDecimal
15,org.apache.commons.lang.NotImplementedExceptionTest#testIndexOfThrowable
16,org.apache.commons.lang.NullArgumentExceptionTest#testGetMessage_validConstructorInput
17,org.apache.commons.lang.enums.EnumUtilsTest#testGetValueEx
18,org.apache.commons.lang.ArrayUtilsTest#testSubarrChar
19,org.apache.commons.lang.text.StrBuilderTest#testIndexOf_String_int
20,org.apache.commons.lang.text.StrTokenizerTest#testBasicTrimmed1
21,org.apache.commons.lang.text.StrTokenizerTest#testConstructor_charArray_char_char
22,org.apache.commons.lang.ArrayUtilsTest#testClone
23,org.apache.commons.lang.ArrayUtilsTest#testSameLengthByte
24,org.apache.commons.lang.CharUtilsTest#testIsAsciiControl_char
25,org.apache.commons.lang.NumberUtilsTest#testMinimumInt
26,org.apache.commons.lang.exception.ExceptionUtilsTestCase#testGetThrowableList_Throwable_selfCause
27,org.apache.commons.lang.math.FloatRangeTest#testConstructor2b
28,org.apache.commons.lang.exception.ExceptionUtilsTestCase#testRemoveCommonFrames_ListList
29,org.apache.commons.lang.math.NumberUtilsTest#testMaxLong
30,org.apache.commons.lang.CharSetUtilsTest#testTranslate
31,org.apache.commons.lang.ArrayUtilsTest#testSameLengthLong
32,org.apache.commons.lang.StringUtilsEqualsIndexOfTest#testIndexOfAny_StringChararray
33,org.apache.commons.lang.builder.SimpleToStringStyleTest#testLongArrayArray
34,org.apache.commons.lang.exception.ExceptionUtilsTestCase#testIndexOfType_ThrowableClassInt
35,org.apache.commons.lang.builder.EqualsBuilderTest#testDoubleArrayHiddenByObject
36,org.apache.commons.lang.text.StrBuilderTest#testAsReader
37,org.apache.commons.lang.exception.NestableErrorTestCase#testGetThrowableCount
38,org.apache.commons.lang.exception.ExceptionUtilsTestCase#testGetCause_ThrowableArray
39,org.apache.commons.lang.builder.EqualsBuilderTest#testMultiDoubleArray
40,org.apache.commons.lang.NumberUtilsTest#testCreateBigInteger
41,org.apache.commons.lang.oldenum.ValuedEnumTest#testSerialization
42,org.apache.commons.lang.text.StrTokenizerTest#test1
43,org.apache.commons.lang.builder.EqualsBuilderTest#testUnrelatedClasses
44,org.apache.commons.lang.StringEscapeUtilsTest#testUnescapeUnknownEntity
45,org.apache.commons.lang.text.StrMatcherTest#testMatcherIndices
46,org.apache.commons.lang.ArrayUtilsAddTest#testAddObjectArrayShort
47,org.apache.commons.lang.builder.NoFieldNamesToStringStyleTest#testLongArray
48,org.apache.commons.lang.text.StrBuilderTest#testSetCharAt
49,org.apache.commons.lang.math.NumberUtilsTest#testMaximumInt
50,org.apache.commons.lang.ArrayUtilsTest#testIndexOfByte
51,org.apache.commons.lang.math.NumberUtilsTest#testMinimumShort
52,org.apache.commons.lang.EntitiesPerformanceTest#testEscapePrimitive
53,org.apache.commons.lang.text.StrTokenizerTest#testCloneNull
54,org.apache.commons.lang.StringUtilsEqualsIndexOfTest#testIndexOfAny_StringString
55,org.apache.commons.lang.StringUtilsEqualsIndexOfTest#testContainsString
56,org.apache.commons.lang.ArrayUtilsTest#testSubarrayBoolean
57,org.apache.commons.lang.text.StrBuilderAppendInsertTest#testAppend_StrBuilder
58,org.apache.commons.lang.EntitiesPerformanceTest#testLookupBinary
59,org.apache.commons.lang.ArrayUtilsRemoveTest#testRemoveIntArray
60,org.apache.commons.lang.StringUtilsTest#testAbbreviate_StringInt
61,org.apache.commons.lang.IllegalClassExceptionTest#testGetMessage_classArgs_normalInput
62,org.apache.commons.lang.math.LongRangeTest#testContainsNumber
63,org.apache.commons.lang.builder.DefaultToStringStyleTest#testBlank
64,org.apache.commons.lang.BooleanUtilsTest#test_toBoolean_String
65,org.apache.commons.lang.math.DoubleRangeTest#testHashCode
66,org.apache.commons.lang.oldenum.EnumTest#testNestedLinked
67,org.apache.commons.lang.ArrayUtilsTest#testLastIndexOfChar
68,org.apache.commons.lang.exception.ExceptionUtilsTestCase#testGetThrowables_Throwable_nested
69,org.apache.commons.lang.exception.ExceptionUtilsTestCase#testGetThrowables_Throwable_withoutCause
70,org.apache.commons.lang.ArrayUtilsTest#testLastIndexOfLong
71,org.apache.commons.lang.enums.EnumTest#testExtended2Get
72,org.apache.commons.lang.builder.ToStringStyleTest#testSetSummaryObjectEndText
73,org.apache.commons.lang.time.FastDateFormatTest#test_getInstance_String_Locale
74,org.apache.commons.lang.text.StrTokenizerTest#testReset
75,org.apache.commons.lang.exception.NestableExceptionTestCase#testGetThrowables
76,org.apache.commons.lang.exception.ExceptionUtilsTestCase#testGetThrowableList_Throwable_nested
77,org.apache.commons.lang.text.StrTokenizerTest#testBasicIgnoreTrimmed3
78,org.apache.commons.lang.enums.EnumTest#testNestedReferenced
79,org.apache.commons.lang.builder.CompareToBuilderTest#testDoubleArray
80,org.apache.commons.lang.time.StopWatchTest#testStopWatchSuspend
81,org.apache.commons.lang.BooleanUtilsTest#test_toBooleanObject_String
82,org.apache.commons.lang.math.FloatRangeTest#testOverlapsRange
83,org.apache.commons.lang.ArrayUtilsTest#testToPrimitive_long
84,org.apache.commons.lang.builder.EqualsBuilderTest#testMultiBooleanArray
85,org.apache.commons.lang.text.StrBuilderTest#testCharAt
86,org.apache.commons.lang.text.StrBuilderTest#testReplace_StrMatcher_String_int_int_int_VaryCount
87,org.apache.commons.lang.EntitiesTest#testUnescapeMiscellaneous
88,org.apache.commons.lang.LocaleUtilsTest#testIsAvailableLocale
89,org.apache.commons.lang.math.NumberUtilsTest#testCompareFloat
90,org.apache.commons.lang.builder.ToStringBuilderTest#testInheritedReflectionStatics
91,org.apache.commons.lang.mutable.MutableShortTest#testSubtractValueObject
92,org.apache.commons.lang.NullArgumentExceptionTest#testGetMessage_nullConstructorInput
93,org.apache.commons.lang.CharSetTest#testStatics
94,org.apache.commons.lang.CharUtilsTest#testIsAsciiAlphaLower_char
95,org.apache.commons.lang.ValidateTest#testIsTrue3
96,org.apache.commons.lang.math.DoubleRangeTest#testGetMinimum
97,org.apache.commons.lang.enums.EnumTest#testExtended1List
98,org.apache.commons.lang.builder.CompareToBuilderTest#testCharArray
99,org.apache.commons.lang.mutable.MutableFloatTest#testCompareTo
100,org.apache.commons.lang.math.NumberUtilsTest#testMaximumLong
101,org.apache.commons.lang.NumberRangeTest#testConstructor
102,org.apache.commons.lang.builder.CompareToBuilderTest#testLongArrayHiddenByObject
103,org.apache.commons.lang.exception.NestableRuntimeExceptionTestCase#testGetMessage
104,org.apache.commons.lang.CharUtilsTest#testToChar_String_char
105,org.apache.commons.lang.StringUtilsTrimEmptyTest#testIsNotEmpty
106,org.apache.commons.lang.builder.MultiLineToStringStyleTest#testObjectArray
107,org.apache.commons.lang.text.StrTokenizerTest#testBasicDelim1
108,org.apache.commons.lang.BitFieldTest#testClearShort
109,org.apache.commons.lang.builder.ShortPrefixToStringStyleTest#testLongArray
110,org.apache.commons.lang.StringUtilsEqualsIndexOfTest#testIndexOf_charInt
111,org.apache.commons.lang.time.FastDateFormatTest#testLowYearPadding
112,org.apache.commons.lang.oldenum.EnumUtilsTest#testListEx
113,org.apache.commons.lang.time.DateUtilsTest#testAddWeeks
114,org.apache.commons.lang.mutable.MutableIntTest#testToString
115,org.apache.commons.lang.exception.NestableDelegateTestCase#testNestableDelegateGetThrowables
116,org.apache.commons.lang.builder.ToStringBuilderTest#testIntArray
117,org.apache.commons.lang.enums.EnumTest#testIterator
118,org.apache.commons.lang.text.StrBuilderTest#testLastIndexOf_String_int
119,org.apache.commons.lang.text.StrTokenizerTest#testIteration
120,org.apache.commons.lang.mutable.MutableDoubleTest#testToDouble
121,org.apache.commons.lang.EntitiesTest#testEntitiesXmlObject
122,org.apache.commons.lang.StringUtilsTest#testConcatenate_Objectarray
123,org.apache.commons.lang.builder.ToStringBuilderTest#testReflectionByteArrayArray
124,org.apache.commons.lang.NumberUtilsTest#testCreateNumber
125,org.apache.commons.lang.builder.CompareToBuilderTest#testMultiLongArray
126,org.apache.commons.lang.time.DateFormatUtilsTest#testSMTP
127,org.apache.commons.lang.BooleanUtilsTest#test_isTrue_Boolean
128,org.apache.commons.lang.text.VariableFormatterTest#testInitialize
129,org.apache.commons.lang.mutable.MutableByteTest#testCompareTo
130,org.apache.commons.lang.math.NumberUtilsTest#testCreateDouble
131,org.apache.commons.lang.builder.EqualsBuilderTest#testFloatArrayHiddenByObject
132,org.apache.commons.lang.StringEscapeUtilsTest#testEscapeHtmlVersions
133,org.apache.commons.lang.math.LongRangeTest#testConstructor1a
134,org.apache.commons.lang.StringUtilsTest#testReplaceOnce_StringStringString
135,org.apache.commons.lang.math.FloatRangeTest#testConstructor2a
136,org.apache.commons.lang.math.NumberUtilsTest#testStringToIntStringI
137,org.apache.commons.lang.CharUtilsTest#testToCharacterObject_String
138,org.apache.commons.lang.SerializationUtilsTest#testSerializeStreamObjNull
139,org.apache.commons.lang.oldenum.EnumTest#testExtended2Map
140,org.apache.commons.lang.ValidateTest#testNotEmptyCollection1
141,org.apache.commons.lang.builder.StandardToStringStyleTest#testObject
142,org.apache.commons.lang.StringUtilsTrimEmptyTest#testStrip_StringString
143,org.apache.commons.lang.math.NumberUtilsTest#testMaxFloat
144,org.apache.commons.lang.text.StrBuilderTest#testToCharArrayIntInt
145,org.apache.commons.lang.enums.EnumUtilsTest#testMap
146,org.apache.commons.lang.time.FastDateFormatTest#test_getInstance
147,org.apache.commons.lang.WordUtilsTest#testWrap_StringInt
148,org.apache.commons.lang.BooleanUtilsTest#test_toBoolean_String_String_String
149,org.apache.commons.lang.math.NumberRangeTest#testContainsLong
150,org.apache.commons.lang.math.NumberRangeTest#testOverlapsRange
151,org.apache.commons.lang.text.StrBuilderAppendInsertTest#testAppendWithSeparators_Iterator
152,org.apache.commons.lang.LocaleUtilsTest#testLocaleLookupList_LocaleLocale
153,org.apache.commons.lang.EntitiesTest#testUnescapeUnknownEntity
154,org.apache.commons.lang.EntitiesPerformanceTest#testBuildPrimitive
155,org.apache.commons.lang.text.StrTokenizerTest#testBasic3
156,org.apache.commons.lang.math.NumberUtilsTest#testCreateFloat
157,org.apache.commons.lang.mutable.MutableIntTest#testEquals
158,org.apache.commons.lang.IllegalClassExceptionTest#testConstructor_stringArg_nullInput
159,org.apache.commons.lang.builder.ToStringBuilderTest#testShortArrayArray
160,org.apache.commons.lang.ArrayUtilsTest#testToObject_boolean
161,org.apache.commons.lang.text.StrBuilderTest#testCapacityAndLength
162,org.apache.commons.lang.builder.EqualsBuilderTest#testBooleanArray
163,org.apache.commons.lang.text.StrBuilderTest#testEquals
164,org.apache.commons.lang.ArrayUtilsTest#testLastIndexOfDoubleWithStartIndexTolerance
165,org.apache.commons.lang.builder.CompareToBuilderTest#testReflectionCompareEx1
166,org.apache.commons.lang.builder.ToStringBuilderTest#testGetSetDefault
167,org.apache.commons.lang.EntitiesPerformanceTest#testLookupPrimitive
168,org.apache.commons.lang.math.NumberRangeTest#testContainsFloat
169,org.apache.commons.lang.math.FractionTest#testReducedFactory_int_int
170,org.apache.commons.lang.enums.EnumTest#testExtended2List
171,org.apache.commons.lang.text.StrTokenizerTest#testBasicQuoted5
172,org.apache.commons.lang.EntitiesPerformanceTest#testUnescapeTree
173,org.apache.commons.lang.builder.EqualsBuilderTest#testFloatArray
174,org.apache.commons.lang.enums.ValuedEnumTest#testSerialization
175,org.apache.commons.lang.time.DateUtilsTest#testTruncateLang59
176,org.apache.commons.lang.math.NumberUtilsTest#testMinInt
177,org.apache.commons.lang.text.StrBuilderTest#testGetCharsIntIntCharArrayInt
178,org.apache.commons.lang.CharEncodingTest#testWorksOnJava1_1_8
179,org.apache.commons.lang.time.DurationFormatUtilsTest#testFormatPeriodISO
180,org.apache.commons.lang.text.StrBuilderTest#testDeleteAll_char
181,org.apache.commons.lang.WordUtilsTest#testCapitalizeFullyWithDelimiters_String
182,org.apache.commons.lang.text.StrBuilderAppendInsertTest#testAppendFixedWidthPadRight
183,org.apache.commons.lang.StringUtilsTest#testRemoveStart
184,org.apache.commons.lang.builder.ToStringBuilderTest#testDouble
185,org.apache.commons.lang.builder.CompareToBuilderTest#testIntArrayHiddenByObject
186,org.apache.commons.lang.NumberRangeTest#testToString
187,org.apache.commons.lang.builder.CompareToBuilderTest#testBoolean
188,org.apache.commons.lang.SystemUtilsTest#testGetJavaHome
189,org.apache.commons.lang.ClassUtilsTest#testConstructor
190,org.apache.commons.lang.exception.NestableErrorTestCase#testGetMessage
191,org.apache.commons.lang.StringUtilsTrimEmptyTest#testIsBlank
192,org.apache.commons.lang.text.StrTokenizerTest#testBasicIgnoreTrimmed2
193,org.apache.commons.lang.StringUtilsTest#testRightPad_StringIntString
194,org.apache.commons.lang.ValidateTest#testIsTrue1
195,org.apache.commons.lang.builder.HashCodeBuilderTest#testBooleanMultiArray
196,org.apache.commons.lang.builder.ToStringBuilderTest#testReflectionInteger
197,org.apache.commons.lang.CharSetTest#testContains_Char
198,org.apache.commons.lang.builder.CompareToBuilderTest#testCharArrayHiddenByObject
199,org.apache.commons.lang.math.NumberRangeTest#testToString
200,org.apache.commons.lang.ArrayUtilsTest#testLastIndexOfLongWithStartIndex
201,org.apache.commons.lang.math.FloatRangeTest#testGetMinimum
202,org.apache.commons.lang.ArrayUtilsTest#testToPrimitive_short_short
203,org.apache.commons.lang.builder.CompareToBuilderTest#testShortArrayHiddenByObject
204,org.apache.commons.lang.EntitiesPerformanceTest#testEscapeBinary
205,org.apache.commons.lang.EntitiesPerformanceTest#testLookupTree
206,org.apache.commons.lang.StringUtilsTest#testEscapeFunctions_String
207,org.apache.commons.lang.exception.NestableExceptionTestCase#testGetMessage
208,org.apache.commons.lang.exception.ExceptionUtilsTestCase#testGetThrowables_Throwable_withCause
209,org.apache.commons.lang.BooleanUtilsTest#testXor_primitive_emptyInput
210,org.apache.commons.lang.CharSetUtilsTest#testDelete_StringString
211,org.apache.commons.lang.time.DateUtilsTest#testAddDays
212,org.apache.commons.lang.math.FloatRangeTest#testEquals
213,org.apache.commons.lang.enums.EnumTest#testNestedBroken
214,org.apache.commons.lang.builder.CompareToBuilderTest#testObject
215,org.apache.commons.lang.exception.ExceptionUtilsTestCase#testIndexOf_ThrowableClassInt
216,org.apache.commons.lang.StringUtilsEqualsIndexOfTest#testContainsIgnoreCase_StringString
217,org.apache.commons.lang.BooleanUtilsTest#test_toBooleanObject_String_String_String_String
218,org.apache.commons.lang.BooleanUtilsTest#test_toBooleanObject_int
219,org.apache.commons.lang.builder.DefaultToStringStyleTest#testAppendSuper
220,org.apache.commons.lang.math.NumberUtilsTest#testIsNumber
221,org.apache.commons.lang.IllegalClassExceptionTest#testGetMessage_classArgs_nullInput
222,org.apache.commons.lang.text.CompositeFormatTest#testUsage
223,org.apache.commons.lang.oldenum.EnumTest#testSerialization
224,org.apache.commons.lang.CharRangeTest#testHashCode
225,org.apache.commons.lang.math.LongRangeTest#testContainsInteger
226,org.apache.commons.lang.mutable.MutableDoubleTest#testGetSet
227,org.apache.commons.lang.text.CompositeFormatTest#testCompositeFormat
228,org.apache.commons.lang.text.StrTokenizerTest#testBasic1
229,org.apache.commons.lang.NumberUtilsTest#testStringToIntString
230,org.apache.commons.lang.StringUtilsTest#testOverlay_StringStringIntInt
231,org.apache.commons.lang.builder.ToStringBuilderTest#testByteArrayArray
232,org.apache.commons.lang.builder.ToStringBuilderTest#testReflectionArrayCycleLevel2
233,org.apache.commons.lang.IncompleteArgumentExceptionTest#test2arg_nullArray
234,org.apache.commons.lang.builder.ToStringStyleTest#testSetContentEnd
235,org.apache.commons.lang.mutable.MutableDoubleTest#testPrimitiveValues
236,org.apache.commons.lang.SystemUtilsTest#testConstructor
237,org.apache.commons.lang.NullArgumentExceptionTest#testConstructor_nullInput
238,org.apache.commons.lang.enums.EnumTest#testBroken2Operation
239,org.apache.commons.lang.time.DurationFormatUtilsTest#testFormatDurationPluralWords
240,org.apache.commons.lang.builder.EqualsBuilderTest#testMultiByteArray
241,org.apache.commons.lang.builder.HashCodeBuilderTest#testBooleanArray
242,org.apache.commons.lang.ArrayUtilsAddTest#testAddObjectArrayInt
243,org.apache.commons.lang.ArrayUtilsTest#testContainsBoolean
244,org.apache.commons.lang.builder.CompareToBuilderTest#testFloat
245,org.apache.commons.lang.enums.ValuedEnumTest#testName
246,org.apache.commons.lang.StringUtilsTest#testReplaceChars_StringCharChar
247,org.apache.commons.lang.CharRangeTest#testConstructorAccessors_CharBoolean_Negated
248,org.apache.commons.lang.time.DateUtilsTest#testParseDate
249,org.apache.commons.lang.oldenum.EnumUtilsTest#testList
250,org.apache.commons.lang.BitFieldTest#testIsSet
251,org.apache.commons.lang.StringUtilsIsTest#testIsAlphanumericSpace
252,org.apache.commons.lang.CharSetUtilsTest#testKeep_StringString
253,org.apache.commons.lang.CharRangeTest#testConstructorAccessors_CharCharBoolean_SameNegated
254,org.apache.commons.lang.builder.ToStringBuilderTest#testSelfInstanceTwoVarsReflectionObjectCycle
255,org.apache.commons.lang.ClassUtilsTest#test_isAssignable
256,org.apache.commons.lang.builder.ToStringStyleTest#testSetArrayStart
257,org.apache.commons.lang.text.VariableFormatterTest#testReplaceObject
258,org.apache.commons.lang.text.StrTokenizerTest#testCSVEmpty
259,org.apache.commons.lang.ArrayUtilsAddTest#testAddObjectArrayBoolean
260,org.apache.commons.lang.ObjectUtilsTest#testEquals
261,org.apache.commons.lang.text.StrTokenizerTest#testBasicQuoted2
262,org.apache.commons.lang.mutable.MutableLongTest#testToLong
263,org.apache.commons.lang.builder.ToStringBuilderTest#testShortArray
264,org.apache.commons.lang.CharUtilsTest#testToChar_Character_char
265,org.apache.commons.lang.exception.NestableErrorTestCase#testGetMessageI
266,org.apache.commons.lang.CharSetUtilsTest#testKeep_StringStringarray
267,org.apache.commons.lang.ArrayUtilsTest#testLastIndexOf
268,org.apache.commons.lang.exception.NestableExceptionTestCase#testSpecificPrintStackTrace
269,org.apache.commons.lang.StringUtilsTest#testJoin_ArrayString
270,org.apache.commons.lang.text.StrBuilderTest#testReplace_StrMatcher_String_int_int_int_VaryStartIndex
271,org.apache.commons.lang.enums.EnumTest#testName
272,org.apache.commons.lang.StringUtilsSubstringTest#testSubstringBetween_StringString
273,org.apache.commons.lang.builder.NoFieldNamesToStringStyleTest#testAppendSuper
274,org.apache.commons.lang.ObjectUtilsTest#testConstructor
275,org.apache.commons.lang.math.FractionTest#testFactory_String_double
276,org.apache.commons.lang.builder.ShortPrefixToStringStyleTest#testObject
277,org.apache.commons.lang.text.StrBuilderTest#testClear
278,org.apache.commons.lang.math.NumberRangeTest#testConstructor2Exceptions
279,org.apache.commons.lang.builder.EqualsBuilderTest#testByteArrayHiddenByObject
280,org.apache.commons.lang.builder.EqualsBuilderTest#testMultiShortArray
281,org.apache.commons.lang.builder.DefaultToStringStyleTest#testObjectArray
282,org.apache.commons.lang.ArrayUtilsTest#testLastIndexOfIntWithStartIndex
283,org.apache.commons.lang.CharSetUtilsTest#testDelete_StringStringarray
284,org.apache.commons.lang.StringUtilsSubstringTest#testSubstringBetween_StringStringString
285,org.apache.commons.lang.builder.StandardToStringStyleTest#testAppendSuper
286,org.apache.commons.lang.NumberRangeTest#testIncludesRange
287,org.apache.commons.lang.text.VariableFormatterTest#testCyclicReplacement
288,org.apache.commons.lang.UnhandledExceptionTest#testGetCause
289,org.apache.commons.lang.ValidateTest#testNotNull1
290,org.apache.commons.lang.CharUtilsTest#testToIntValue_char
291,org.apache.commons.lang.mutable.MutableIntTest#testDecrement
292,org.apache.commons.lang.NumberRangeTest#testConstructorNullParameters
293,org.apache.commons.lang.math.RandomUtilsTest#testNextBoolean2
294,org.apache.commons.lang.mutable.MutableShortTest#testConstructors
295,org.apache.commons.lang.text.StrBuilderTest#testToStringBuffer
296,org.apache.commons.lang.SerializationUtilsTest#testCloneNull
297,org.apache.commons.lang.mutable.MutableByteTest#testIncrement
298,org.apache.commons.lang.exception.ExceptionUtilsTestCase#testGetRootCause_Throwable
299,org.apache.commons.lang.ArrayUtilsAddTest#testAddObjectArrayByte
300,org.apache.commons.lang.math.RandomUtilsTest#testNextDouble2
301,org.apache.commons.lang.CharUtilsTest#testIsAsciiAlphaUpper_char
302,org.apache.commons.lang.ArrayUtilsTest#testReverseByte
303,org.apache.commons.lang.BooleanUtilsTest#testXor_object_nullInput
304,org.apache.commons.lang.text.StrBuilderTest#testLastIndexOf_StrMatcher_int
305,org.apache.commons.lang.text.VariableFormatterTest#testReplaceWeirdPattens
306,org.apache.commons.lang.math.DoubleRangeTest#testToString
307,org.apache.commons.lang.math.RandomUtilsTest#testNextLong2
308,org.apache.commons.lang.ArrayUtilsTest#testIndexOfIntWithStartIndex
309,org.apache.commons.lang.oldenum.ValuedEnumTest#testValue
310,org.apache.commons.lang.mutable.MutableFloatTest#testConstructors
311,org.apache.commons.lang.math.NumberUtilsTest#testMaximumShort
312,org.apache.commons.lang.math.IntRangeTest#testContainsInteger
313,org.apache.commons.lang.StringUtilsTrimEmptyTest#testStripAll
314,org.apache.commons.lang.text.StrBuilderAppendInsertTest#testAppendFixedWidthPadRight_int
315,org.apache.commons.lang.math.FloatRangeTest#testHashCode
316,org.apache.commons.lang.builder.CompareToBuilderTest#testReflectionCompareEx2
317,org.apache.commons.lang.StringUtilsEqualsIndexOfTest#testLastIndexOf_charInt
318,org.apache.commons.lang.mutable.MutableDoubleTest#testSubtractValuePrimitive
319,org.apache.commons.lang.ArrayUtilsTest#testCloneLong
320,org.apache.commons.lang.ArrayUtilsTest#testLastIndexOfBooleanWithStartIndex
321,org.apache.commons.lang.text.StrBuilderTest#testIndexOf_char_int
322,org.apache.commons.lang.mutable.MutableShortTest#testDecrement
323,org.apache.commons.lang.builder.SimpleToStringStyleTest#testObjectArray
324,org.apache.commons.lang.mutable.MutableObjectTest#testEquals
325,org.apache.commons.lang.exception.NestableExceptionTestCase#testGetThrowableCount
326,org.apache.commons.lang.mutable.MutableFloatTest#testHashCode
327,org.apache.commons.lang.builder.ToStringBuilderTest#testReflectionBooleanArrayArray
328,org.apache.commons.lang.CharRangeTest#testSerialization
329,org.apache.commons.lang.builder.MultiLineToStringStyleTest#testLong
330,org.apache.commons.lang.builder.CompareToBuilderTest#testByteArrayHiddenByObject
331,org.apache.commons.lang.text.StrTokenizerTest#testChaining
332,org.apache.commons.lang.math.FractionTest#testToProperString
333,org.apache.commons.lang.text.StrTokenizerTest#testBasicIgnoreTrimmed4
334,org.apache.commons.lang.oldenum.EnumTest#testBroken1Operation
335,org.apache.commons.lang.ArrayUtilsAddTest#testAddObjectArrayObject
336,org.apache.commons.lang.exception.NestableErrorTestCase#testGetMessages
337,org.apache.commons.lang.enums.EnumUtilsTest#testGetEx
338,org.apache.commons.lang.oldenum.EnumTest#testCompareTo
339,org.apache.commons.lang.builder.HashCodeBuilderTest#testLong
340,org.apache.commons.lang.ArrayUtilsTest#testCloneBoolean
341,org.apache.commons.lang.StringUtilsIsTest#testIsAlpha
342,org.apache.commons.lang.builder.EqualsBuilderTest#testAccessors
343,org.apache.commons.lang.ArrayUtilsTest#testIndexOfCharWithStartIndex
344,org.apache.commons.lang.builder.CompareToBuilderTest#testLong
345,org.apache.commons.lang.CharSetUtilsTest#testEvaluateSet_Stringarray
346,org.apache.commons.lang.oldenum.EnumTest#testOperationList
347,org.apache.commons.lang.enums.EnumTest#testOperationMap
348,org.apache.commons.lang.math.DoubleRangeTest#testEquals
349,org.apache.commons.lang.builder.HashCodeBuilderTest#testShortArray
350,org.apache.commons.lang.math.RandomUtilsTest#testNextFloat
351,org.apache.commons.lang.CharSetTest#testConstructor_String_combo
352,org.apache.commons.lang.ArrayUtilsTest#testIndexOfFloat
353,org.apache.commons.lang.math.NumberRangeTest#testConstructor1Exceptions
354,org.apache.commons.lang.time.DurationFormatUtilsTest#testFormatDurationISO
355,org.apache.commons.lang.NumberRangeTest#testEqualsNull
356,org.apache.commons.lang.builder.ToStringStyleTest#testSetNullText
357,org.apache.commons.lang.EntitiesPerformanceTest#testBuildArray
358,org.apache.commons.lang.text.StrBuilderTest#testReplace_StrMatcher_String_int_int_int_VaryMatcher
359,org.apache.commons.lang.IllegalClassExceptionTest#testGetMessage_classObjectArgs_nullInput
360,org.apache.commons.lang.text.StrBuilderTest#testDeleteFirst_char
361,org.apache.commons.lang.exception.NestableDelegateTestCase#testNestableDelegetePrintStackTrace
362,org.apache.commons.lang.builder.CompareToBuilderTest#testMultiFloatArray
363,org.apache.commons.lang.builder.HashCodeBuilderTest#testObjectArray
364,org.apache.commons.lang.WordUtilsTest#testCapitalize_String
365,org.apache.commons.lang.CharSetUtilsTest#testCount_StringStringarray
366,org.apache.commons.lang.time.DateUtilsTest#testTruncate
367,org.apache.commons.lang.StringUtilsTrimEmptyTest#testTrimToEmpty
368,org.apache.commons.lang.builder.EqualsBuilderTest#testShortArrayHiddenByObject
369,org.apache.commons.lang.math.FractionTest#testDivide
370,org.apache.commons.lang.builder.NoFieldNamesToStringStyleTest#testObjectArray
371,org.apache.commons.lang.builder.ReflectionToStringBuilderExcludeTest#test_toStringExclude
372,org.apache.commons.lang.CharUtilsTest#testToIntValue_Character_int
373,org.apache.commons.lang.oldenum.EnumTest#testOperationToString
374,org.apache.commons.lang.ArrayUtilsTest#testLastIndexOfWithStartIndex
375,org.apache.commons.lang.BooleanUtilsTest#test_toStringTrueFalse_Boolean
376,org.apache.commons.lang.text.StrBuilderTest#testDeleteFirst_StrMatcher
377,org.apache.commons.lang.enums.EnumTest#testExtended3Map
378,org.apache.commons.lang.NumberUtilsTest#testCreateDouble
379,org.apache.commons.lang.math.NumberUtilsTest#testMinShort
380,org.apache.commons.lang.builder.CompareToBuilderTest#testChar
381,org.apache.commons.lang.builder.ToStringBuilderTest#testReflectionObjectCycle
382,org.apache.commons.lang.text.StrTokenizerTest#test7
383,org.apache.commons.lang.time.DateUtilsTest#testAddMonths
384,org.apache.commons.lang.ClassUtilsTest#test_getPackageName_Class
385,org.apache.commons.lang.StringUtilsSubstringTest#testLeft_String
386,org.apache.commons.lang.CharSetTest#testConstructor_String_oddNegate
387,org.apache.commons.lang.StringUtilsTest#testReplaceChars_StringStringString
388,org.apache.commons.lang.mutable.MutableBooleanTest#testToString
389,org.apache.commons.lang.oldenum.EnumTest#testBroken2
390,org.apache.commons.lang.text.StrTokenizerTest#testBasic5
391,org.apache.commons.lang.builder.ToStringBuilderTest#testFloatArray
392,org.apache.commons.lang.exception.ExceptionUtilsTestCase#testGetThrowableList_Throwable_jdkNoCause
393,org.apache.commons.lang.SerializationUtilsTest#testDeserializeStreamClassNotFound
394,org.apache.commons.lang.SerializationUtilsTest#testSerializeBytesUnserializable
395,org.apache.commons.lang.ArrayUtilsTest#testIndexOfDoubleWithStartIndexTolerance
396,org.apache.commons.lang.ClassUtilsTest#test_isAssignable_ClassArray_ClassArray
397,org.apache.commons.lang.NumberUtilsTest#testCreateBigDecimal
398,org.apache.commons.lang.text.StrBuilderTest#testLastIndexOf_char_int
399,org.apache.commons.lang.CharRangeTest#testConstructorAccessors_CharCharBoolean_NormalNegated
400,org.apache.commons.lang.ArrayUtilsTest#testIndexOfInt
401,org.apache.commons.lang.text.StrBuilderTest#testChaining
402,org.apache.commons.lang.exception.ExceptionUtilsTestCase#testIndexOf_ThrowableClass
403,org.apache.commons.lang.ObjectUtilsTest#testAppendIdentityToString
404,org.apache.commons.lang.oldenum.EnumTest#testOperationGet
405,org.apache.commons.lang.builder.ReflectionToStringBuilderExcludeTest#test_toStringExcludeCollectionWithNulls
406,org.apache.commons.lang.ValidateTest#testNotEmptyArray2
407,org.apache.commons.lang.ClassUtilsTest#test_isInnerClass_Class
408,org.apache.commons.lang.ArrayUtilsRemoveTest#testRemoveCharArray
409,org.apache.commons.lang.math.RandomUtilsTest#testJvmRandomNextInt
410,org.apache.commons.lang.ArrayUtilsTest#testLastIndexOfShortWithStartIndex
411,org.apache.commons.lang.builder.CompareToBuilderTest#testShort
412,org.apache.commons.lang.StringUtilsTrimEmptyTest#testClean
413,org.apache.commons.lang.NumberUtilsTest#testIsNumber
414,org.apache.commons.lang.text.StrBuilderTest#testIndexOf_StrMatcher_int
415,org.apache.commons.lang.enums.EnumTest#testToString
416,org.apache.commons.lang.ArrayUtilsTest#testIndexOfWithStartIndex
417,org.apache.commons.lang.time.DateUtilsTest#testAddByField
418,org.apache.commons.lang.EntitiesTest#testAddEntitiesArray
419,org.apache.commons.lang.builder.CompareToBuilderTest#testShortArray
420,org.apache.commons.lang.IllegalClassExceptionTest#testConstructor_classObjectArgs_allNullInput
421,org.apache.commons.lang.text.StrMatcherTest#testSpaceMatcher
422,org.apache.commons.lang.builder.ToStringBuilderTest#testFloatArrayArray
423,org.apache.commons.lang.exception.ExceptionUtilsTestCase#testIndexOfType_ThrowableClass
424,org.apache.commons.lang.StringUtilsSubstringTest#testSubstring_StringIntInt
425,org.apache.commons.lang.builder.ToStringBuilderTest#testReflectionCharArrayArray
426,org.apache.commons.lang.ArrayUtilsTest#testToObject_float
427,org.apache.commons.lang.builder.ToStringBuilderTest#testReflectionLongArrayArray
428,org.apache.commons.lang.BooleanUtilsTest#test_isFalse_Boolean
429,org.apache.commons.lang.mutable.MutableLongTest#testToString
430,org.apache.commons.lang.builder.HashCodeBuilderTest#testFloatArrayAsObject
431,org.apache.commons.lang.ArrayUtilsRemoveTest#testRemoveElementFloatArray
432,org.apache.commons.lang.ArrayUtilsTest#testContainsLong
433,org.apache.commons.lang.enums.ValuedEnumTest#testList
434,org.apache.commons.lang.StringUtilsTest#testLeftPad_StringIntString
435,org.apache.commons.lang.text.StrBuilderTest#testContains_StrMatcher
436,org.apache.commons.lang.ArrayUtilsTest#testSameLengthChar
437,org.apache.commons.lang.mutable.MutableObjectTest#testConstructors
438,org.apache.commons.lang.math.RandomUtilsTest#testUnimplementedMethods
439,org.apache.commons.lang.math.IntRangeTest#testContainsIntegerBig
440,org.apache.commons.lang.text.StrBuilderAppendInsertTest#testAppend_StringBuffer
441,org.apache.commons.lang.ArrayUtilsTest#testReverse
442,org.apache.commons.lang.text.StrBuilderTest#testLength
443,org.apache.commons.lang.enums.EnumTest#testExtended1Get
444,org.apache.commons.lang.CharSetTest#testGetInstance
445,org.apache.commons.lang.text.StrBuilderTest#testLastIndexOf_StrMatcher
446,org.apache.commons.lang.math.LongRangeTest#testGetMinimum
447,org.apache.commons.lang.NotImplementedExceptionTest#testIndexOfThrowable_Index
448,org.apache.commons.lang.BooleanUtilsTest#test_toBoolean_Boolean
449,org.apache.commons.lang.ArrayUtilsTest#testToPrimitive_float
450,org.apache.commons.lang.CharUtilsTest#testConstructor
451,org.apache.commons.lang.CharUtilsTest#testIsAsciiNumeric_char
452,org.apache.commons.lang.math.NumberUtilsTest#testToFloatStringF
453,org.apache.commons.lang.ArrayUtilsTest#testReverseLong
454,org.apache.commons.lang.ArrayUtilsTest#testReverseDouble
455,org.apache.commons.lang.builder.ToStringBuilderTest#testReflectionHierarchy
456,org.apache.commons.lang.builder.HashCodeBuilderTest#testLongArrayAsObject
457,org.apache.commons.lang.mutable.MutableShortTest#testPrimitiveValues
458,org.apache.commons.lang.builder.ToStringBuilderTest#testReflectionFloatArray
459,org.apache.commons.lang.BitFieldTest#testSetShort
460,org.apache.commons.lang.UnhandledExceptionTest#testConstructor_throwable_nullInput
461,org.apache.commons.lang.StringUtilsEqualsIndexOfTest#testIndexOfAny_StringStringarray
462,org.apache.commons.lang.oldenum.EnumTest#testMap
463,org.apache.commons.lang.text.StrTokenizerTest#testReset_String
464,org.apache.commons.lang.builder.ToStringBuilderTest#testReflectionDoubleArray
465,org.apache.commons.lang.StringUtilsSubstringTest#testSubstring_StringInt
466,org.apache.commons.lang.BooleanUtilsTest#test_toInteger_boolean
467,org.apache.commons.lang.text.StrBuilderAppendInsertTest#testAppendWithSeparators_Collection
468,org.apache.commons.lang.oldenum.EnumTest#testExtended2List
469,org.apache.commons.lang.ArrayUtilsRemoveTest#testRemoveElementBooleanArray
470,org.apache.commons.lang.mutable.MutableByteTest#testToString
471,org.apache.commons.lang.ArrayUtilsTest#testIsEmptyObject
472,org.apache.commons.lang.time.DurationFormatUtilsTest#testLexx
473,org.apache.commons.lang.mutable.MutableShortTest#testIncrement
474,org.apache.commons.lang.text.StrTokenizerTest#testBasicEmpty2
475,org.apache.commons.lang.text.StrBuilderTest#testIsEmpty
476,org.apache.commons.lang.builder.ShortPrefixToStringStyleTest#testLongArrayArray
477,org.apache.commons.lang.oldenum.EnumTest#testToString
478,org.apache.commons.lang.mutable.MutableLongTest#testConstructors
479,org.apache.commons.lang.ArrayUtilsTest#testSameLengthDouble
480,org.apache.commons.lang.ArrayUtilsRemoveTest#testRemoveShortArray
481,org.apache.commons.lang.StringUtilsSubstringTest#testSubstringBefore_StringString
482,org.apache.commons.lang.builder.StandardToStringStyleTest#testObjectArray
483,org.apache.commons.lang.exception.NestableExceptionTestCase#testGetThrowableI
484,org.apache.commons.lang.text.StrBuilderAppendInsertTest#testAppendNewLine
485,org.apache.commons.lang.mutable.MutableObjectTest#testHashCode
486,org.apache.commons.lang.text.StrTokenizerTest#testCSVSimpleNeedsTrim
487,org.apache.commons.lang.text.StrBuilderTest#testSetLength
488,org.apache.commons.lang.ArrayUtilsAddTest#testAddObjectArrayChar
489,org.apache.commons.lang.math.FractionTest#testFactory_int_int
490,org.apache.commons.lang.WordUtilsTest#testUncapitalizeWithDelimiters_String
491,org.apache.commons.lang.StringEscapeUtilsTest#testConstructor
492,org.apache.commons.lang.RandomStringUtilsTest#testExceptions
493,org.apache.commons.lang.math.NumberRangeTest#testContainsInteger
494,org.apache.commons.lang.builder.EqualsBuilderTest#testMultiFloatArray
495,org.apache.commons.lang.StringUtilsTest#testJoin_Objectarray
496,org.apache.commons.lang.builder.MultiLineToStringStyleTest#testAppendSuper
497,org.apache.commons.lang.EntitiesPerformanceTest#testEscapeArray
498,org.apache.commons.lang.math.NumberUtilsTest#testMaxShort
499,org.apache.commons.lang.mutable.MutableByteTest#testHashCode
500,org.apache.commons.lang.text.StrMatcherTest#testCharSetMatcher_charArray
501,org.apache.commons.lang.ArrayUtilsTest#testToPrimitive_double_double
502,org.apache.commons.lang.UnhandledExceptionTest#testConstructor_stringAndThrowable_nullInput
503,org.apache.commons.lang.NotImplementedExceptionTest#testPrintStackTrace_Stream
504,org.apache.commons.lang.ArrayUtilsTest#testCloneChar
505,org.apache.commons.lang.exception.NestableDelegateTestCase#testIndexOfThrowable
506,org.apache.commons.lang.builder.ToStringBuilderTest#testReflectionFloatArrayArray
507,org.apache.commons.lang.EntitiesPerformanceTest#testEscapeHash
508,org.apache.commons.lang.text.StrTokenizerTest#testBasicDelim2
509,org.apache.commons.lang.mutable.MutableDoubleTest#testEquals
510,org.apache.commons.lang.ArrayUtilsRemoveTest#testRemoveElementLongArray
511,org.apache.commons.lang.builder.EqualsBuilderTest#testNpeForNullElement
512,org.apache.commons.lang.ArrayUtilsTest#testToPrimitive_short
513,org.apache.commons.lang.BooleanUtilsTest#test_toStringOnOff_boolean
514,org.apache.commons.lang.SerializationUtilsTest#testSerializeIOException
515,org.apache.commons.lang.builder.EqualsBuilderTest#testInt
516,org.apache.commons.lang.text.StrBuilderTest#testIndexOf_String
517,org.apache.commons.lang.ArrayUtilsTest#testCloneDouble
518,org.apache.commons.lang.math.LongRangeTest#testToString
519,org.apache.commons.lang.math.LongRangeTest#testGetMaximum
520,org.apache.commons.lang.ArrayUtilsTest#testToObject_byte
521,org.apache.commons.lang.ArrayUtilsTest#testToObject_long
522,org.apache.commons.lang.builder.HashCodeBuilderTest#testReflectionHierarchyHashCodeEx1
523,org.apache.commons.lang.ArrayUtilsAddTest#testAddObjectArrayLong
524,org.apache.commons.lang.exception.NestableRuntimeExceptionTestCase#testPrintStackTrace
525,org.apache.commons.lang.text.StrBuilderTest#testSubstringIntInt
526,org.apache.commons.lang.text.StrBuilderTest#testStartsWith
527,org.apache.commons.lang.enums.EnumTest#testExtended1Map
528,org.apache.commons.lang.builder.EqualsBuilderTest#testChar
529,org.apache.commons.lang.exception.ExceptionUtilsTestCase#testGetRootCauseStackTrace_Throwable
530,org.apache.commons.lang.NotImplementedExceptionTest#testConstructor_StringThrowable2
531,org.apache.commons.lang.NumberUtilsTest#testCreateInteger
532,org.apache.commons.lang.exception.ExceptionUtilsTestCase#testGetThrowables_Throwable_null
533,org.apache.commons.lang.ArrayUtilsTest#testContainsByte
534,org.apache.commons.lang.builder.ToStringBuilderTest#testReflectionBooleanArray
535,org.apache.commons.lang.ArrayUtilsTest#testIndexOf
536,org.apache.commons.lang.ValidateTest#testNotEmptyMap1
537,org.apache.commons.lang.text.StrBuilderAppendInsertTest#testAppendWithNullText
538,org.apache.commons.lang.builder.HashCodeBuilderTest#testCharArray
539,org.apache.commons.lang.math.IntRangeTest#testContainsRange
540,org.apache.commons.lang.math.FloatRangeTest#testContainsDouble
541,org.apache.commons.lang.ArrayUtilsTest#testSubarrayByte
542,org.apache.commons.lang.text.VariableFormatterTest#testReplaceNoMarkers
543,org.apache.commons.lang.ArrayUtilsTest#testIndexOfBoolean
544,org.apache.commons.lang.text.StrTokenizerTest#testBasicQuotedTrimmed1
545,org.apache.commons.lang.SerializationUtilsTest#testException
546,org.apache.commons.lang.oldenum.EnumUtilsTest#testIteratorEx
547,org.apache.commons.lang.builder.ShortPrefixToStringStyleTest#testLong
548,org.apache.commons.lang.builder.CompareToBuilderTest#testDouble
549,org.apache.commons.lang.SerializationUtilsTest#testDeserializeStreamBadStream
550,org.apache.commons.lang.builder.ToStringBuilderTest#testChar
551,org.apache.commons.lang.exception.NestableRuntimeExceptionTestCase#testSpecificPrintStackTrace
552,org.apache.commons.lang.math.FractionTest#testCompareTo
553,org.apache.commons.lang.enums.EnumTest#testExtendedToString
554,org.apache.commons.lang.oldenum.EnumUtilsTest#testGetValue
555,org.apache.commons.lang.builder.HashCodeBuilderTest#testBooleanArrayAsObject
556,org.apache.commons.lang.ObjectUtilsTest#testToString_ObjectString
557,org.apache.commons.lang.StringUtilsTest#testJoin_IteratorChar
558,org.apache.commons.lang.exception.ExceptionUtilsTestCase#testPrintRootCauseStackTrace_Throwable
559,org.apache.commons.lang.math.IntRangeTest#testContainsFloat
560,org.apache.commons.lang.builder.EqualsBuilderTest#testObjectArray
561,org.apache.commons.lang.ValidateTest#testNotEmptyArray1
562,org.apache.commons.lang.StringUtilsSubstringTest#testGetNestedString_StringString
563,org.apache.commons.lang.mutable.MutableFloatTest#testSubtractValuePrimitive
564,org.apache.commons.lang.builder.CompareToBuilderTest#testMultiShortArray
565,org.apache.commons.lang.StringUtilsTest#testDeprecatedChompFunctions
566,org.apache.commons.lang.StringUtilsTest#testCaseFunctions
567,org.apache.commons.lang.oldenum.EnumTest#testBroken3Operation
568,org.apache.commons.lang.math.NumberUtilsTest#testMinLong
569,org.apache.commons.lang.mutable.MutableShortTest#testToShort
570,org.apache.commons.lang.CharSetUtilsTest#testConstructor
571,org.apache.commons.lang.BitFieldTest#testSetBoolean
572,org.apache.commons.lang.StringUtilsTest#testDefault_StringString
573,org.apache.commons.lang.enums.EnumUtilsTest#testIterator
574,org.apache.commons.lang.time.DateUtilsTest#testIsSameLocalTime_Cal
575,org.apache.commons.lang.builder.CompareToBuilderTest#testByte
576,org.apache.commons.lang.text.StrBuilderTest#testAsWriter
577,org.apache.commons.lang.StringUtilsTest#testSplit_String
578,org.apache.commons.lang.text.VariableFormatterTest#testEscape
579,org.apache.commons.lang.oldenum.EnumTest#testList
580,org.apache.commons.lang.mutable.MutableByteTest#testSubtractValueObject
581,org.apache.commons.lang.ArrayUtilsTest#testLastIndexOfDouble
582,org.apache.commons.lang.mutable.MutableShortTest#testGetSet
583,org.apache.commons.lang.enums.ValuedEnumTest#testGetValue
584,org.apache.commons.lang.builder.DefaultToStringStyleTest#testLongArrayArray
585,org.apache.commons.lang.text.StrBuilderAppendInsertTest#testAppend_String_int_int
586,org.apache.commons.lang.builder.ReflectionToStringBuilderExcludeTest#test_toStringExcludeCollection
587,org.apache.commons.lang.builder.MultiLineToStringStyleTest#testBlank
588,org.apache.commons.lang.ArrayUtilsTest#testSubarrayDouble
589,org.apache.commons.lang.enums.ValuedEnumTest#testValue
590,org.apache.commons.lang.StringEscapeUtilsTest#testEscapeJavaScript
591,org.apache.commons.lang.SerializationUtilsTest#testSerializeStreamNullNull
592,org.apache.commons.lang.mutable.MutableDoubleTest#testAddValueObject
593,org.apache.commons.lang.ObjectUtilsTest#testHashCode
594,org.apache.commons.lang.text.VariableFormatterTest#testNonInstanceMethods
595,org.apache.commons.lang.mutable.MutableByteTest#testPrimitiveValues
596,org.apache.commons.lang.StringEscapeUtilsTest#testEscapeJava
597,org.apache.commons.lang.math.NumberUtilsTest#testToLongString
598,org.apache.commons.lang.builder.CompareToBuilderTest#testMultiIntArray
599,org.apache.commons.lang.oldenum.EnumTest#testExtended3Get
600,org.apache.commons.lang.BitFieldTest#testClear
601,org.apache.commons.lang.exception.NestableRuntimeExceptionTestCase#testIndexOfThrowable
602,org.apache.commons.lang.WordUtilsTest#testConstructor
603,org.apache.commons.lang.mutable.MutableFloatTest#testAddValuePrimitive
604,org.apache.commons.lang.StringUtilsTest#testSplit_StringString_StringStringInt
605,org.apache.commons.lang.ArrayUtilsTest#testToPrimitive_boolean_boolean
606,org.apache.commons.lang.builder.ToStringBuilderTest#testBooleanArray
607,org.apache.commons.lang.SerializationUtilsTest#testSerializeStreamUnserializable
608,org.apache.commons.lang.mutable.MutableByteTest#testAddValueObject
609,org.apache.commons.lang.enums.EnumTest#testEquals
610,org.apache.commons.lang.text.StrTokenizerTest#test3
611,org.apache.commons.lang.builder.EqualsBuilderTest#testDouble
612,org.apache.commons.lang.StringUtilsTest#testGetLevenshteinDistance_StringString
613,org.apache.commons.lang.builder.EqualsBuilderTest#testShort
614,org.apache.commons.lang.mutable.MutableIntTest#testConstructors
615,org.apache.commons.lang.ArrayUtilsTest#testLastIndexOfFloatWithStartIndex
616,org.apache.commons.lang.EntitiesTest#testEscapeNamedEntity
617,org.apache.commons.lang.builder.HashCodeBuilderAndEqualsBuilderTest#testFixture
618,org.apache.commons.lang.ArrayUtilsTest#testIsEmptyPrimitives
619,org.apache.commons.lang.ValidateTest#testNoNullElementsCollection1
620,org.apache.commons.lang.exception.ExceptionUtilsTestCase#testGetThrowables_Throwable_selfCause
621,org.apache.commons.lang.IllegalClassExceptionTest#testConstructor_classObjectArgs_nullExpected
622,org.apache.commons.lang.IntHashMapTest#testRemove
623,org.apache.commons.lang.text.StrTokenizerTest#test6
624,org.apache.commons.lang.ArrayUtilsRemoveTest#testRemoveElementShortArray
625,org.apache.commons.lang.UnhandledExceptionTest#testGetCauseAndGetMessage
626,org.apache.commons.lang.ArrayUtilsTest#testLastIndexOfInt
627,org.apache.commons.lang.CharSetTest#testConstructor_String_simple
628,org.apache.commons.lang.ArrayUtilsTest#testIndexOfShort
629,org.apache.commons.lang.ArrayUtilsTest#testToObject_int
630,org.apache.commons.lang.oldenum.EnumUtilsTest#testGetEx
631,org.apache.commons.lang.ArrayUtilsTest#testSubarrayInt
632,org.apache.commons.lang.text.StrTokenizerTest#test5
633,org.apache.commons.lang.text.StrBuilderTest#testReplaceFirst_String_String
634,org.apache.commons.lang.StringUtilsTest#testReverse_String
635,org.apache.commons.lang.math.LongRangeTest#testOverlapsRange
636,org.apache.commons.lang.CharRangeTest#testConstructorAccessors_CharCharBoolean_Reversed
637,org.apache.commons.lang.oldenum.EnumTest#testOperationSerialization
638,org.apache.commons.lang.text.StrBuilderTest#testDeleteFirst_String
639,org.apache.commons.lang.IllegalClassExceptionTest#testConstructor_classArgs_nullActual
640,org.apache.commons.lang.NumberUtilsTest#testIsNumberInvalidInput
641,org.apache.commons.lang.builder.EqualsBuilderTest#testMultiIntArray
642,org.apache.commons.lang.mutable.MutableIntTest#testToInteger
643,org.apache.commons.lang.StringUtilsEqualsIndexOfTest#testLastIndexOf_char
644,org.apache.commons.lang.exception.ExceptionUtilsTestCase#testGetThrowableCount_Throwable
645,org.apache.commons.lang.ArrayUtilsTest#testSameLengthBoolean
646,org.apache.commons.lang.NotImplementedExceptionTest#testPrintPartialStackTrace_Writer
647,org.apache.commons.lang.ClassUtilsTest#testGetClassClassNotFound
648,org.apache.commons.lang.enums.ValuedEnumTest#testIterator
649,org.apache.commons.lang.builder.CompareToBuilderTest#testMultiDoubleArray
650,org.apache.commons.lang.NumberRangeTest#testToStringWithNegatives
651,org.apache.commons.lang.NotImplementedExceptionTest#testConstructor_StringThrowable1
652,org.apache.commons.lang.builder.CompareToBuilderTest#testFloatArrayHiddenByObject
653,org.apache.commons.lang.math.FractionTest#testReduce
654,org.apache.commons.lang.exception.NestableExceptionTestCase#testGetMessageI
655,org.apache.commons.lang.mutable.MutableFloatTest#testIncrement
656,org.apache.commons.lang.ClassUtilsTest#test_getAllSuperclasses_Class
657,org.apache.commons.lang.builder.CompareToBuilderTest#testBooleanArrayHiddenByObject
658,org.apache.commons.lang.text.StrBuilderTest#testSubstringInt
659,org.apache.commons.lang.time.DateUtilsTest#testAddMinutes
660,org.apache.commons.lang.NotImplementedExceptionTest#testConstructor_Class2
661,org.apache.commons.lang.mutable.MutableLongTest#testPrimitiveValues
662,org.apache.commons.lang.ArrayUtilsAddTest#testAddObjectAtIndex
663,org.apache.commons.lang.StringUtilsTest#testSplitByWholeString_StringStringBooleanInt
664,org.apache.commons.lang.exception.NestableErrorTestCase#testGetThrowableI
665,org.apache.commons.lang.math.FloatRangeTest#testContainsNumber
666,org.apache.commons.lang.exception.ExceptionUtilsTestCase#testIsNestedThrowable_Throwable
667,org.apache.commons.lang.StringUtilsTrimEmptyTest#testStrip_String
668,org.apache.commons.lang.NumberUtilsTest#testCompareFloat
669,org.apache.commons.lang.math.NumberUtilsTest#testToFloatString
670,org.apache.commons.lang.math.DoubleRangeTest#testConstructor2b
671,org.apache.commons.lang.builder.CompareToBuilderTest#testObjectArray
672,org.apache.commons.lang.builder.EqualsBuilderTest#testIntArray
673,org.apache.commons.lang.ArrayUtilsRemoveTest#testRemoveFloatArray
674,org.apache.commons.lang.text.StrMatcherTest#testCommaMatcher
675,org.apache.commons.lang.math.LongRangeTest#testEquals
676,org.apache.commons.lang.ArrayUtilsTest#testToPrimitive_byte
677,org.apache.commons.lang.text.VariableFormatterTest#testReplaceSystemProperties
678,org.apache.commons.lang.builder.ToStringBuilderTest#testReflectionDoubleArrayArray
679,org.apache.commons.lang.enums.ValuedEnumTest#testToString
680,org.apache.commons.lang.math.NumberUtilsTest#testStringToIntString
681,org.apache.commons.lang.ArrayUtilsTest#testReverseFloat
682,org.apache.commons.lang.NumberUtilsTest#testStringToIntStringI
683,org.apache.commons.lang.math.NumberUtilsTest#testCreateNumber
684,org.apache.commons.lang.ValidateTest#testIsTrue2
685,org.apache.commons.lang.CharRangeTest#testEquals_Object
686,org.apache.commons.lang.NumberRangeTest#testHashCode
687,org.apache.commons.lang.StringUtilsSubstringTest#testSubstringAfterLast_StringString
688,org.apache.commons.lang.exception.ExceptionUtilsTestCase#testSetCause
689,org.apache.commons.lang.text.StrBuilderAppendInsertTest#testAppendFixedWidthPadLeft
690,org.apache.commons.lang.SerializationUtilsTest#testDeserializeStreamNull
691,org.apache.commons.lang.CharSetUtilsTest#testSqueeze_StringStringarray
692,org.apache.commons.lang.StringUtilsTrimEmptyTest#testIsNotBlank
693,org.apache.commons.lang.builder.HashCodeBuilderTest#testInt
694,org.apache.commons.lang.mutable.MutableLongTest#testSubtractValueObject
695,org.apache.commons.lang.builder.EqualsBuilderTest#testFloat
696,org.apache.commons.lang.builder.ToStringBuilderTest#testReflectionNull
697,org.apache.commons.lang.mutable.MutableShortTest#testSubtractValuePrimitive
698,org.apache.commons.lang.ArrayUtilsTest#testIndexOfFloatWithStartIndex
699,org.apache.commons.lang.text.StrMatcherTest#testNoneMatcher
700,org.apache.commons.lang.text.StrTokenizerTest#testConstructor_charArray
701,org.apache.commons.lang.EntitiesPerformanceTest#testEscapeLookup
702,org.apache.commons.lang.builder.EqualsBuilderTest#testReflectionHierarchyEquals
703,org.apache.commons.lang.CharUtilsTest#testIsAsciiAlpha_char
704,org.apache.commons.lang.EntitiesTest#testHtml40Nbsp
705,org.apache.commons.lang.time.StopWatchTest#testStopWatchSplit
706,org.apache.commons.lang.math.FloatRangeTest#testGetMaximum
707,org.apache.commons.lang.ArrayUtilsTest#testIndexOfLong
708,org.apache.commons.lang.text.StrBuilderAppendInsertTest#testAppend_Primitive
709,org.apache.commons.lang.text.StrMatcherTest#testStringMatcher_String
710,org.apache.commons.lang.StringEscapeUtilsTest#testUnescapeHtml
711,org.apache.commons.lang.text.StrTokenizerTest#testTSVEmpty
712,org.apache.commons.lang.text.StrBuilderTest#testDeleteCharAt
713,org.apache.commons.lang.text.StrBuilderTest#testReplaceFirst_StrMatcher_String
714,org.apache.commons.lang.exception.NestableRuntimeExceptionTestCase#testPrintPartialStackTrace
715,org.apache.commons.lang.StringUtilsEqualsIndexOfTest#testContainsNone_Chararray
716,org.apache.commons.lang.ClassUtilsTest#testGetPublicMethod
717,org.apache.commons.lang.text.StrTokenizerTest#testCloneNotSupportedException
718,org.apache.commons.lang.IntHashMapTest#testContains
719,org.apache.commons.lang.ClassUtilsTest#test_convertClassesToClassNames_List
720,org.apache.commons.lang.math.DoubleRangeTest#testContainsFloat
721,org.apache.commons.lang.BooleanUtilsTest#test_toIntegerObject_boolean_Integer_Integer
722,org.apache.commons.lang.builder.CompareToBuilderTest#testMultiCharArray
723,org.apache.commons.lang.NotImplementedExceptionTest#testGetThrowable
724,org.apache.commons.lang.BooleanUtilsTest#test_toStringTrueFalse_boolean
725,org.apache.commons.lang.enums.EnumTest#testSerialization
726,org.apache.commons.lang.text.StrBuilderTest#testCapacity
727,org.apache.commons.lang.IntHashMapTest#testContainsValue
728,org.apache.commons.lang.text.StrBuilderTest#testHashCode
729,org.apache.commons.lang.time.DateUtilsTest#testAddMilliseconds
730,org.apache.commons.lang.builder.HashCodeBuilderTest#testDoubleArray
731,org.apache.commons.lang.builder.ReflectionToStringBuilderExcludeTest#test_toStringExcludeArrayWithNull
732,org.apache.commons.lang.BooleanUtilsTest#testXor_primitive_validInput_3items
733,org.apache.commons.lang.ArrayUtilsTest#testContainsChar
734,org.apache.commons.lang.LocaleUtilsTest#testConstructor
735,org.apache.commons.lang.exception.NestableErrorTestCase#testPrintStackTrace
736,org.apache.commons.lang.mutable.MutableIntTest#testIncrement
737,org.apache.commons.lang.BooleanUtilsTest#test_toStringYesNo_boolean
738,org.apache.commons.lang.IllegalClassExceptionTest#testGetMessage_stringArg_nullInput
739,org.apache.commons.lang.mutable.MutableObjectTest#testToString
740,org.apache.commons.lang.CharSetTest#testConstructor_String_oddCombinations
741,org.apache.commons.lang.ObjectUtilsTest#testNull
742,org.apache.commons.lang.text.VariableFormatterTest#testReplaceNoSuffix
743,org.apache.commons.lang.builder.EqualsBuilderTest#testLongArrayHiddenByObject
744,org.apache.commons.lang.mutable.MutableShortTest#testToString
745,org.apache.commons.lang.CharSetTest#testConstructor_String_comboNegated
746,org.apache.commons.lang.text.StrBuilderTest#testGetSetNullText
747,org.apache.commons.lang.math.NumberUtilsTest#testToLongStringL
748,org.apache.commons.lang.ClassUtilsTest#test_getShortClassName_Class
749,org.apache.commons.lang.exception.NestableDelegateTestCase#testNestableDelegateGetMessage
750,org.apache.commons.lang.text.StrBuilderTest#testReplaceAll_StrMatcher_String
751,org.apache.commons.lang.mutable.MutableShortTest#testEquals
752,org.apache.commons.lang.StringUtilsEqualsIndexOfTest#testIndexOfAnyBut_StringChararray
753,org.apache.commons.lang.builder.ToStringStyleTest#testSetSizeEndText
754,org.apache.commons.lang.SerializationUtilsTest#testSerializeStream
755,org.apache.commons.lang.enums.EnumTest#testHashCode
756,org.apache.commons.lang.ArrayUtilsTest#testToString
757,org.apache.commons.lang.time.DateUtilsTest#testIteratorEx
758,org.apache.commons.lang.ArrayUtilsTest#testToMap
759,org.apache.commons.lang.StringUtilsIsTest#testIsNumeric
760,org.apache.commons.lang.builder.ToStringBuilderTest#testAppendToString
761,org.apache.commons.lang.StringUtilsTest#testDifference_StringString
762,org.apache.commons.lang.exception.NestableRuntimeExceptionTestCase#testGetThrowables
763,org.apache.commons.lang.ArrayUtilsRemoveTest#testRemoveElementByteArray
764,org.apache.commons.lang.text.VariableFormatterTest#testReplaceNoPrefix
765,org.apache.commons.lang.builder.ToStringBuilderTest#testFloat
766,org.apache.commons.lang.builder.CompareToBuilderTest#testObjectArrayHiddenByObject
767,org.apache.commons.lang.builder.ToStringBuilderTest#testReflectionArrayArrayCycle
768,org.apache.commons.lang.ArrayUtilsTest#testToPrimitive_intNull
769,org.apache.commons.lang.BooleanUtilsTest#test_toIntegerObject_Boolean
770,org.apache.commons.lang.ValidateTest#testNoNullElementsArray2
771,org.apache.commons.lang.time.DateFormatUtilsTest#testTimeISO
772,org.apache.commons.lang.CharEncodingTest#testNotSupported
773,org.apache.commons.lang.mutable.MutableDoubleTest#testToString
774,org.apache.commons.lang.NumberRangeTest#testOverlapNull
775,org.apache.commons.lang.CharRangeTest#testConstructorAccessors_CharCharBoolean_ReversedNegated
776,org.apache.commons.lang.StringUtilsEqualsIndexOfTest#testIndexOf_String
777,org.apache.commons.lang.oldenum.EnumTest#testExtended3List
778,org.apache.commons.lang.builder.MultiLineToStringStyleTest#testObject
779,org.apache.commons.lang.BitFieldTest#testGetRawValue
780,org.apache.commons.lang.math.FractionTest#testFactory_String
781,org.apache.commons.lang.text.VariableFormatterTest#testReplaceNothing
782,org.apache.commons.lang.math.NumberUtilsTest#testMinimumLong
783,org.apache.commons.lang.StringUtilsEqualsIndexOfTest#testEquals
784,org.apache.commons.lang.BooleanUtilsTest#testXor_object_emptyInput
785,org.apache.commons.lang.ArrayUtilsTest#testIndexOfDouble
786,org.apache.commons.lang.BooleanUtilsTest#test_toStringYesNo_Boolean
787,org.apache.commons.lang.CharUtilsTest#testToUnicodeEscaped_char
788,org.apache.commons.lang.time.DateUtilsTest#testMonthIterator
789,org.apache.commons.lang.ArrayUtilsTest#testToPrimitive_float_float
790,org.apache.commons.lang.builder.ToStringBuilderTest#testDoubleArrayArray
791,org.apache.commons.lang.builder.ToStringBuilderTest#testAppendSuper
792,org.apache.commons.lang.StringUtilsTest#testRemove_String
793,org.apache.commons.lang.SystemUtilsTest#testJavaVersion
794,org.apache.commons.lang.BooleanUtilsTest#test_toBooleanObject_boolean
795,org.apache.commons.lang.math.LongRangeTest#testContainsFloat
796,org.apache.commons.lang.BitFieldTest#testGetValue
797,org.apache.commons.lang.StringUtilsEqualsIndexOfTest#testEqualsIgnoreCase
798,org.apache.commons.lang.time.FastDateFormatTest#testShortDateStyleWithLocales
799,org.apache.commons.lang.math.RandomUtilsTest#testNextDouble
800,org.apache.commons.lang.BooleanUtilsTest#test_toStringOnOff_Boolean
801,org.apache.commons.lang.text.StrTokenizerTest#test2
802,org.apache.commons.lang.math.LongRangeTest#testConstructor2b
803,org.apache.commons.lang.ArrayUtilsTest#testContainsShort
804,org.apache.commons.lang.time.DateFormatUtilsTest#testTimeNoTISO
805,org.apache.commons.lang.math.NumberUtilsTest#testMinFloat
806,org.apache.commons.lang.StringUtilsSubstringTest#testGetNestedString_StringStringString
807,org.apache.commons.lang.builder.HashCodeBuilderTest#testByteArray
808,org.apache.commons.lang.mutable.MutableLongTest#testGetSet
809,org.apache.commons.lang.time.DateFormatUtilsTest#testFormat
810,org.apache.commons.lang.math.LongRangeTest#testContainsLong
811,org.apache.commons.lang.text.StrBuilderTest#testRightString
812,org.apache.commons.lang.oldenum.ValuedEnumTest#testEquals
813,org.apache.commons.lang.enums.EnumTest#testOperationCalculation
814,org.apache.commons.lang.math.NumberUtilsTest#testCompareDouble
815,org.apache.commons.lang.StringUtilsTest#testReplace_StringStringString
816,org.apache.commons.lang.math.DoubleRangeTest#testContainsInteger
817,org.apache.commons.lang.text.StrBuilderTest#testReplace_StrMatcher_String_int_int_int_VaryReplace
818,org.apache.commons.lang.ArrayUtilsTest#testContainsInt
819,org.apache.commons.lang.ArrayUtilsTest#testContainsDouble
820,org.apache.commons.lang.builder.EqualsBuilderTest#testLongArray
821,org.apache.commons.lang.StringUtilsEqualsIndexOfTest#testIndexOf_char
822,org.apache.commons.lang.CharUtilsTest#testToChar_Character
823,org.apache.commons.lang.StringUtilsTest#testLeftPad_StringInt
824,org.apache.commons.lang.text.StrBuilderAppendInsertTest#testAppend_CharArray_int_int
825,org.apache.commons.lang.SerializationUtilsTest#testClone
826,org.apache.commons.lang.BooleanUtilsTest#test_toBoolean_int_int_int
827,org.apache.commons.lang.NotImplementedExceptionTest#testGetMessage_Indexed
828,org.apache.commons.lang.exception.NestableExceptionTestCase#testSerialization
829,org.apache.commons.lang.math.FractionTest#testNegate
830,org.apache.commons.lang.builder.ShortPrefixToStringStyleTest#testBlank
831,org.apache.commons.lang.mutable.MutableByteTest#testAddValuePrimitive
832,org.apache.commons.lang.ArrayUtilsTest#testIndexOfBooleanWithStartIndex
833,org.apache.commons.lang.ValidateTest#testIsTrue4
834,org.apache.commons.lang.time.DateUtilsTest#testIsSameDay_Cal
835,org.apache.commons.lang.exception.ExceptionUtilsTestCase#test_getMessage_Throwable
836,org.apache.commons.lang.ValidateTest#testNoNullElementsArray1
837,org.apache.commons.lang.builder.ToStringBuilderTest#testByte
838,org.apache.commons.lang.oldenum.EnumTest#testExtended1Map
839,org.apache.commons.lang.math.NumberUtilsTest#testIsDigits
840,org.apache.commons.lang.mutable.MutableBooleanTest#testConstructors
841,org.apache.commons.lang.builder.HashCodeBuilderTest#testFloatArray
842,org.apache.commons.lang.mutable.MutableBooleanTest#testEquals
843,org.apache.commons.lang.oldenum.EnumTest#testGet
844,org.apache.commons.lang.math.IntRangeTest#testConstructor2b
845,org.apache.commons.lang.text.StrBuilderTest#testLastIndexOf_String
846,org.apache.commons.lang.mutable.MutableByteTest#testToByte
847,org.apache.commons.lang.text.StrBuilderTest#testConstructors
848,org.apache.commons.lang.builder.EqualsBuilderTest#testLong
849,org.apache.commons.lang.mutable.MutableLongTest#testAddValuePrimitive
850,org.apache.commons.lang.text.StrTokenizerTest#testBasicQuoted4
851,org.apache.commons.lang.builder.HashCodeBuilderTest#testFloat
852,org.apache.commons.lang.exception.NestableRuntimeExceptionTestCase#testGetThrowableI
853,org.apache.commons.lang.StringUtilsTest#testJoin_ArrayChar
854,org.apache.commons.lang.ArrayUtilsRemoveTest#testRemoveBooleanArray
855,org.apache.commons.lang.ArrayUtilsTest#testSameLengthInt
856,org.apache.commons.lang.oldenum.ValuedEnumTest#testMap
857,org.apache.commons.lang.ValidateTest#testNoNullElementsCollection2
858,org.apache.commons.lang.SerializationUtilsTest#testSerializeStreamNullObj
859,org.apache.commons.lang.math.FloatRangeTest#testContainsFloat
860,org.apache.commons.lang.math.DoubleRangeTest#testContainsNumber
861,org.apache.commons.lang.builder.ToStringStyleTest#testSetSizeStartText
862,org.apache.commons.lang.time.DateUtilsTest#testAddYears
863,org.apache.commons.lang.CharRangeTest#testContains_Char
864,org.apache.commons.lang.ArrayUtilsRemoveTest#testRemoveElementDoubleArray
865,org.apache.commons.lang.enums.EnumTest#testOperationSerialization
866,org.apache.commons.lang.StringUtilsTrimEmptyTest#testTrimToNull
867,org.apache.commons.lang.math.RandomUtilsTest#testIllegalArguments
868,org.apache.commons.lang.ClassUtilsTest#test_getAllInterfaces_Class
869,org.apache.commons.lang.WordUtilsTest#testInitials_String
870,org.apache.commons.lang.mutable.MutableDoubleTest#testConstructors
871,org.apache.commons.lang.BooleanUtilsTest#test_toBoolean_int
872,org.apache.commons.lang.builder.HashCodeBuilderTest#testShort
873,org.apache.commons.lang.EntitiesPerformanceTest#testBuildTree
874,org.apache.commons.lang.builder.DefaultToStringStyleTest#testObject
875,org.apache.commons.lang.text.StrBuilderTest#testReplace_int_int_String
876,org.apache.commons.lang.BitFieldTest#testByte
877,org.apache.commons.lang.StringEscapeUtilsTest#testUnescapeJava
878,org.apache.commons.lang.builder.ToStringBuilderTest#testConstructorEx1
879,org.apache.commons.lang.ValidateTest#testNotEmptyCollection2
880,org.apache.commons.lang.exception.NestableErrorTestCase#testGetThrowables
881,org.apache.commons.lang.builder.ToStringBuilderTest#testReflectionArrayAndObjectCycle
882,org.apache.commons.lang.RandomStringUtilsTest#testLang100
883,org.apache.commons.lang.text.VariableFormatterTest#testNullMap
884,org.apache.commons.lang.builder.CompareToBuilderTest#testReflectionHierarchyCompare
885,org.apache.commons.lang.StringUtilsSubstringTest#testCountMatches_String
886,org.apache.commons.lang.ArrayUtilsTest#testSameLength
887,org.apache.commons.lang.builder.SimpleToStringStyleTest#testLongArray
888,org.apache.commons.lang.StringUtilsEqualsIndexOfTest#testLastIndexOfAny_StringStringarray
889,org.apache.commons.lang.time.FastDateFormatTest#test_getInstance_String_TimeZone
890,org.apache.commons.lang.BooleanUtilsTest#testXor_primitive_nullInput
891,org.apache.commons.lang.mutable.MutableBooleanTest#testCompareTo
892,org.apache.commons.lang.time.StopWatchTest#testStopWatchSimpleGet
893,org.apache.commons.lang.math.DoubleRangeTest#testContainsDouble
894,org.apache.commons.lang.ArrayUtilsTest#testIndexOfByteWithStartIndex
895,org.apache.commons.lang.math.NumberRangeTest#testContainsDouble
896,org.apache.commons.lang.math.FractionTest#testToString
897,org.apache.commons.lang.text.StrBuilderAppendInsertTest#testAppend_PrimitiveNumber
898,org.apache.commons.lang.exception.ExceptionUtilsTestCase#testGetThrowableList_Throwable_recursiveCause
899,org.apache.commons.lang.BitFieldTest#testSetValue
900,org.apache.commons.lang.builder.EqualsBuilderTest#testIntArrayHiddenByObject
901,org.apache.commons.lang.ArrayUtilsTest#testToPrimitive_int
902,org.apache.commons.lang.enums.ValuedEnumTest#testEquals
903,org.apache.commons.lang.builder.ToStringBuilderTest#testSimpleReflectionObjectCycle
904,org.apache.commons.lang.exception.ExceptionUtilsTestCase#testSetCauseToNull
905,org.apache.commons.lang.StringUtilsTest#testSplitByWholeString_StringStringBoolean
906,org.apache.commons.lang.enums.EnumTest#testBroken5Operation
907,org.apache.commons.lang.builder.ToStringStyleTest#testSetContentStart
908,org.apache.commons.lang.StringUtilsTest#testSwapCase_String
909,org.apache.commons.lang.builder.ToStringBuilderTest#testReflectionStatics
910,org.apache.commons.lang.math.FractionTest#testSubtract
911,org.apache.commons.lang.text.StrBuilderTest#testMidString
912,org.apache.commons.lang.text.StrTokenizerTest#testConstructor_String_char
913,org.apache.commons.lang.time.DateUtilsTest#testAddHours
914,org.apache.commons.lang.text.StrBuilderTest#testEnsureCapacity
915,org.apache.commons.lang.time.DateUtilsTest#testIsSameInstant_Cal
916,org.apache.commons.lang.time.FastDateFormatTest#test_getInstance_String
917,org.apache.commons.lang.RandomStringUtilsTest#testConstructor
918,org.apache.commons.lang.exception.ExceptionUtilsTestCase#testGetCause_Throwable
919,org.apache.commons.lang.NumberUtilsTest#testPublicNoArgConstructor
920,org.apache.commons.lang.math.IntRangeTest#testContainsDouble
921,org.apache.commons.lang.ArrayUtilsTest#testCloneInt
922,org.apache.commons.lang.NumberRangeTest#testEquals
923,org.apache.commons.lang.StringUtilsTest#testRightPad_StringIntChar
924,org.apache.commons.lang.time.DurationFormatUtilsTest#testFormatDuration
925,org.apache.commons.lang.NumberUtilsTest#testMinimumLong
926,org.apache.commons.lang.time.FastDateFormatTest#testSimpleDate
927,org.apache.commons.lang.EntitiesTest#testBinaryIntMap
928,org.apache.commons.lang.time.DurationFormatUtilsTest#testFormatPeriod
929,org.apache.commons.lang.builder.StandardToStringStyleTest#testLongArrayArray
930,org.apache.commons.lang.builder.CompareToBuilderTest#testFloatArray
931,org.apache.commons.lang.text.StrTokenizerTest#testReset_charArray
932,org.apache.commons.lang.BooleanUtilsTest#test_toInteger_boolean_int_int
933,org.apache.commons.lang.math.LongRangeTest#testContainsLongBig
934,org.apache.commons.lang.NumberRangeTest#testIncludesNumber
935,org.apache.commons.lang.enums.ValuedEnumTest#testGet
936,org.apache.commons.lang.enums.EnumTest#testNestedLinked
937,org.apache.commons.lang.math.NumberUtilsTest#testToIntStringI
938,org.apache.commons.lang.mutable.MutableShortTest#testAddValuePrimitive
939,org.apache.commons.lang.ArrayUtilsTest#testSameType
940,org.apache.commons.lang.math.NumberRangeTest#testConstructor2
941,org.apache.commons.lang.builder.EqualsBuilderTest#testObjectArrayHiddenByObject
942,org.apache.commons.lang.time.DateFormatUtilsTest#testFormatUTC
943,org.apache.commons.lang.builder.SimpleToStringStyleTest#testLong
944,org.apache.commons.lang.builder.EqualsBuilderTest#testShortArray
945,org.apache.commons.lang.BooleanUtilsTest#test_toString_boolean_String_String_String
946,org.apache.commons.lang.math.FloatRangeTest#testConstructor1b
947,org.apache.commons.lang.SerializationUtilsTest#testSerializeBytesNull
948,org.apache.commons.lang.enums.EnumTest#testCompareTo
949,org.apache.commons.lang.text.StrTokenizerTest#testBasicTrimmed2
950,org.apache.commons.lang.builder.ToStringBuilderTest#testShort
951,org.apache.commons.lang.oldenum.EnumTest#testExtended1Get
952,org.apache.commons.lang.IncompleteArgumentExceptionTest#test2arg_allNullInput
953,org.apache.commons.lang.StringUtilsTrimEmptyTest#testStripStart_StringString
954,org.apache.commons.lang.builder.CompareToBuilderTest#testMultiByteArray
955,org.apache.commons.lang.StringUtilsTest#testSplit_StringChar
956,org.apache.commons.lang.builder.EqualsBuilderTest#testDoubleArray
957,org.apache.commons.lang.BooleanUtilsTest#test_toBoolean_Integer_Integer_Integer
958,org.apache.commons.lang.builder.HashCodeBuilderTest#testReflectionHierarchyHashCode
959,org.apache.commons.lang.StringUtilsTest#testDefault_String
960,org.apache.commons.lang.oldenum.EnumTest#testOperationMap
961,org.apache.commons.lang.text.VariableFormatterTest#testRecursiveReplacement
962,org.apache.commons.lang.CharRangeTest#testConstructorAccessors_CharChar_Same
963,org.apache.commons.lang.math.NumberRangeTest#testContainsLongBig
964,org.apache.commons.lang.builder.ToStringBuilderTest#testConstructorEx2
965,org.apache.commons.lang.ArrayUtilsTest#testIndexOfDoubleTolerance
966,org.apache.commons.lang.builder.ToStringStyleTest#testSetArrayEnd
967,org.apache.commons.lang.ArrayUtilsAddTest#testAddObjectArrayDouble
968,org.apache.commons.lang.math.NumberUtilsTest#testToIntString
969,org.apache.commons.lang.time.DurationFormatUtilsTest#testFormatDurationHMS
970,org.apache.commons.lang.ClassUtilsTest#testGetClassWithArrayClasses2D
971,org.apache.commons.lang.text.StrTokenizerTest#testCloneReset
972,org.apache.commons.lang.StringUtilsSubstringTest#testSubstringAfter_StringString
973,org.apache.commons.lang.builder.HashCodeBuilderTest#testReflectionHierarchyHashCodeEx2
974,org.apache.commons.lang.StringUtilsTrimEmptyTest#testIsEmpty
975,org.apache.commons.lang.time.StopWatchTest#testBadStates
976,org.apache.commons.lang.math.NumberRangeTest#testContainsNumber
977,org.apache.commons.lang.exception.NestableErrorTestCase#testIndexOfThrowableI
978,org.apache.commons.lang.mutable.MutableFloatTest#testToFloat
979,org.apache.commons.lang.WordUtilsTest#testCapitalizeWithDelimiters_String
980,org.apache.commons.lang.text.StrBuilderTest#testMinimizeCapacity
981,org.apache.commons.lang.mutable.MutableShortTest#testCompareTo
982,org.apache.commons.lang.WordUtilsTest#testCapitalizeFully_String
983,org.apache.commons.lang.builder.NoFieldNamesToStringStyleTest#testLongArrayArray
984,org.apache.commons.lang.ArrayUtilsTest#testSameLengthShort
985,org.apache.commons.lang.enums.ValuedEnumTest#testMap
986,org.apache.commons.lang.EntitiesTest#testUnescapeNamedEntity
987,org.apache.commons.lang.math.NumberRangeTest#testConstructor1
988,org.apache.commons.lang.exception.NestableExceptionTestCase#testIndexOfThrowableI
989,org.apache.commons.lang.ClassUtilsTest#testPrimitivesToWrappers
990,org.apache.commons.lang.IncompleteArgumentExceptionTest#test1arg_validInput
991,org.apache.commons.lang.EntitiesPerformanceTest#testLookupLookup
992,org.apache.commons.lang.oldenum.EnumTest#testNestedReferenced
993,org.apache.commons.lang.StringUtilsTest#testChomp
994,org.apache.commons.lang.enums.EnumTest#testOperationGet
995,org.apache.commons.lang.exception.ExceptionUtilsTestCase#testGetThrowables_Throwable_recursiveCause
996,org.apache.commons.lang.SystemUtilsTest#testJavaVersionAtLeastFloat
997,org.apache.commons.lang.EntitiesPerformanceTest#testLookupHash
998,org.apache.commons.lang.BooleanUtilsTest#test_toString_Boolean_String_String_String
999,org.apache.commons.lang.EntitiesPerformanceTest#testUnescapeHash
1000,org.apache.commons.lang.builder.NoFieldNamesToStringStyleTest#testLong
1001,org.apache.commons.lang.exception.NestableErrorTestCase#testPrintPartialStackTrace
1002,org.apache.commons.lang.math.NumberUtilsTest#testConstructor
1003,org.apache.commons.lang.builder.MultiLineToStringStyleTest#testLongArray
1004,org.apache.commons.lang.BooleanUtilsTest#test_toBooleanDefaultIfNull_Boolean_boolean
1005,org.apache.commons.lang.builder.MultiLineToStringStyleTest#testLongArrayArray
1006,org.apache.commons.lang.math.IntRangeTest#testContainsNumber
1007,org.apache.commons.lang.SerializationUtilsTest#testDeserializeStream
1008,org.apache.commons.lang.NotImplementedExceptionTest#testConstructor_Class1
1009,org.apache.commons.lang.builder.CompareToBuilderTest#testObjectComparatorNull
1010,org.apache.commons.lang.math.FloatRangeTest#testContainsLong
1011,org.apache.commons.lang.ValidateTest#testNotNull2
1012,org.apache.commons.lang.StringUtilsSubstringTest#testRight_String
1013,org.apache.commons.lang.ArrayUtilsTest#testLastIndexOfByte
1014,org.apache.commons.lang.CharUtilsTest#testIsAsciiAlphanumeric_char
1015,org.apache.commons.lang.ArrayUtilsRemoveTest#testRemoveByteArray
1016,org.apache.commons.lang.NumberUtilsTest#testMaximumLong
1017,org.apache.commons.lang.StringUtilsEqualsIndexOfTest#testLastIndexOf_StringInt
1018,org.apache.commons.lang.builder.ToStringBuilderTest#testReflectionhortArrayArray
1019,org.apache.commons.lang.text.StrBuilderAppendInsertTest#testAppend_String
1020,org.apache.commons.lang.math.FractionTest#testConstants
1021,org.apache.commons.lang.mutable.MutableFloatTest#testNanInfinite
1022,org.apache.commons.lang.builder.SimpleToStringStyleTest#testAppendSuper
1023,org.apache.commons.lang.math.NumberRangeTest#testContainsRange
1024,org.apache.commons.lang.ArrayUtilsTest#testToPrimitive_boolean
1025,org.apache.commons.lang.ArrayUtilsTest#testToObject_char
1026,org.apache.commons.lang.StringUtilsTrimEmptyTest#testStripToEmpty_String
1027,org.apache.commons.lang.ClassUtilsTest#test_isAssignable_Widening
1028,org.apache.commons.lang.StringUtilsTest#testCenter_StringIntChar
1029,org.apache.commons.lang.math.LongRangeTest#testConstructor2a
1030,org.apache.commons.lang.builder.SimpleToStringStyleTest#testObject
1031,org.apache.commons.lang.ArrayUtilsTest#testToPrimitive_char_char
1032,org.apache.commons.lang.WordUtilsTest#testSwapCase_String
1033,org.apache.commons.lang.CharSetTest#testConstructor_String_oddDash
1034,org.apache.commons.lang.StringUtilsEqualsIndexOfTest#testContainsNone_String
1035,org.apache.commons.lang.IntHashMapTest#testIsEmpty
1036,org.apache.commons.lang.ArrayUtilsTest#testToPrimitive_char
1037,org.apache.commons.lang.builder.NoFieldNamesToStringStyleTest#testObject
1038,org.apache.commons.lang.CharEncodingTest#testConstructor
1039,org.apache.commons.lang.ArrayUtilsTest#testContainsDoubleTolerance
1040,org.apache.commons.lang.builder.ToStringBuilderTest#testCharArray
1041,org.apache.commons.lang.exception.ExceptionUtilsTestCase#test_getRootCauseMessage_Throwable
1042,org.apache.commons.lang.builder.StandardToStringStyleTest#testLong
1043,org.apache.commons.lang.ClassUtilsTest#testWithInterleavingWhitespace
1044,org.apache.commons.lang.StringUtilsTest#testRightPad_StringInt
1045,org.apache.commons.lang.text.StrBuilderTest#testDeleteAll_String
1046,org.apache.commons.lang.builder.CompareToBuilderTest#testDoubleArrayHiddenByObject
1047,org.apache.commons.lang.NotImplementedExceptionTest#testConstructor_Throwable2
1048,org.apache.commons.lang.SystemUtilsTest#testIS_OS
1049,org.apache.commons.lang.StringUtilsTest#testConstructor
1050,org.apache.commons.lang.builder.ToStringBuilderTest#testReflectionArrayCycle
1051,org.apache.commons.lang.exception.NestableDelegateTestCase#testGetMessageString
1052,org.apache.commons.lang.builder.ToStringBuilderTest#testIntArrayArray
1053,org.apache.commons.lang.mutable.MutableDoubleTest#testSubtractValueObject
1054,org.apache.commons.lang.enums.EnumUtilsTest#testGetValue
1055,org.apache.commons.lang.ClassUtilsTest#testGetClassInvalidArguments
1056,org.apache.commons.lang.math.DoubleRangeTest#testGetMaximum
1057,org.apache.commons.lang.ArrayUtilsTest#testToPrimitive_byte_byte
1058,org.apache.commons.lang.CharEncodingTest#testMustBeSupportedJava1_3_1
1059,org.apache.commons.lang.mutable.MutableObjectTest#testGetSet
1060,org.apache.commons.lang.builder.HashCodeBuilderAndEqualsBuilderTest#testIntegerWithTransients
1061,org.apache.commons.lang.exception.NestableErrorTestCase#testGetCause
1062,org.apache.commons.lang.StringUtilsTest#testCenter_StringInt
1063,org.apache.commons.lang.SerializationUtilsTest#testCloneUnserializable
1064,org.apache.commons.lang.enums.EnumTest#testExtended3List
1065,org.apache.commons.lang.ClassUtilsTest#testGetClassByNormalNameArrays
1066,org.apache.commons.lang.ArrayUtilsTest#testCloneByte
1067,org.apache.commons.lang.StringUtilsEqualsIndexOfTest#testContainsOnly_Chararray
1068,org.apache.commons.lang.SystemUtilsTest#testGetUserDir
1069,org.apache.commons.lang.text.StrBuilderTest#testReverse
1070,org.apache.commons.lang.enums.EnumUtilsTest#testGet
1071,org.apache.commons.lang.time.FastDateFormatTest#test_getInstance_String_TimeZone_Locale
1072,org.apache.commons.lang.math.IntRangeTest#testGetMinimum
1073,org.apache.commons.lang.IntHashMapTest#testConstructor
1074,org.apache.commons.lang.exception.ExceptionUtilsTestCase#testPrintRootCauseStackTrace_ThrowableStream
1075,org.apache.commons.lang.RandomStringUtilsTest#testRandomStringUtils
1076,org.apache.commons.lang.text.StrTokenizerTest#testBasic2
1077,org.apache.commons.lang.exception.ExceptionUtilsTestCase#testGetThrowableList_Throwable_withCause
1078,org.apache.commons.lang.time.DateFormatUtilsTest#testConstructor
1079,org.apache.commons.lang.text.StrTokenizerTest#testBasicQuoted1
1080,org.apache.commons.lang.StringUtilsIsTest#testIsAlphanumeric
1081,org.apache.commons.lang.mutable.MutableByteTest#testEquals
1082,org.apache.commons.lang.oldenum.EnumTest#testBroken5Operation
1083,org.apache.commons.lang.math.FloatRangeTest#testContainsInteger
1084,org.apache.commons.lang.math.NumberUtilsTest#testMaxInt
1085,org.apache.commons.lang.NumberUtilsTest#testCreateFloat
1086,org.apache.commons.lang.oldenum.EnumTest#testEquals
1087,org.apache.commons.lang.text.StrBuilderAppendInsertTest#testInsertWithNullText
1088,org.apache.commons.lang.text.VariableFormatterTest#testReplaceEmptyKeys
1089,org.apache.commons.lang.math.FractionTest#testFactory_double
1090,org.apache.commons.lang.CharSetUtilsTest#testCount_StringString
1091,org.apache.commons.lang.oldenum.EnumTest#testNestedBroken
1092,org.apache.commons.lang.EntitiesTest#testTreeIntMap
1093,org.apache.commons.lang.ArrayUtilsTest#testContainsFloat
1094,org.apache.commons.lang.ArrayUtilsTest#testLastIndexOfCharWithStartIndex
1095,org.apache.commons.lang.text.StrTokenizerTest#testGetContent
1096,org.apache.commons.lang.enums.EnumTest#testBroken2
1097,org.apache.commons.lang.LocaleUtilsTest#testAvailableLocaleSet
1098,org.apache.commons.lang.text.StrBuilderAppendInsertTest#testAppendPadding
1099,org.apache.commons.lang.oldenum.ValuedEnumTest#testCompareTo
1100,org.apache.commons.lang.IllegalClassExceptionTest#testGetMessage_classObjectArgs_normalInput
1101,org.apache.commons.lang.enums.EnumTest#testMap
1102,org.apache.commons.lang.CharRangeTest#testContains_Charrange
1103,org.apache.commons.lang.CharRangeTest#testConstructorAccessors_CharCharBoolean_Same
1104,org.apache.commons.lang.builder.ShortPrefixToStringStyleTest#testAppendSuper
1105,org.apache.commons.lang.builder.ToStringBuilderTest#testCharArrayArray
1106,org.apache.commons.lang.builder.HashCodeBuilderTest#testReflectionHashCodeEx2
1107,org.apache.commons.lang.builder.EqualsBuilderTest#testReflectionEquals
1108,org.apache.commons.lang.NotImplementedExceptionTest#testConstructor_Throwable1
1109,org.apache.commons.lang.time.DateUtilsTest#testConstructor
1110,org.apache.commons.lang.IncompleteArgumentExceptionTest#test1arg_nullInput
1111,org.apache.commons.lang.mutable.MutableFloatTest#testAddValueObject
1112,org.apache.commons.lang.NumberUtilsTest#testMaximumInt
1113,org.apache.commons.lang.mutable.MutableLongTest#testEquals
1114,org.apache.commons.lang.text.StrBuilderAppendInsertTest#testAppend_StringBuffer_int_int
1115,org.apache.commons.lang.StringUtilsTest#testAbbreviate_StringIntInt
1116,org.apache.commons.lang.builder.ToStringStyleTest#testSetArraySeparator
1117,org.apache.commons.lang.builder.EqualsBuilderTest#testReflectionEqualsExcludeFields
1118,org.apache.commons.lang.CharRangeTest#testConstructorAccessors_CharCharBoolean_Normal
1119,org.apache.commons.lang.LocaleUtilsTest#testLocaleLookupList_Locale
1120,org.apache.commons.lang.text.StrBuilderTest#testEqualsIgnoreCase
1121,org.apache.commons.lang.builder.HashCodeBuilderTest#testByte
1122,org.apache.commons.lang.EntitiesTest#testArrayIntMap
1123,org.apache.commons.lang.ArrayUtilsTest#testReverseShort
1124,org.apache.commons.lang.builder.ToStringBuilderTest#testReflectionCharArray
1125,org.apache.commons.lang.builder.HashCodeBuilderTest#testObject
1126,org.apache.commons.lang.EntitiesPerformanceTest#testUnescapeBinary
1127,org.apache.commons.lang.text.StrBuilderTest#testGetChars
1128,org.apache.commons.lang.ArrayUtilsTest#testIndexOfShortWithStartIndex
1129,org.apache.commons.lang.StringUtilsTest#testLeftPad_StringIntChar
1130,org.apache.commons.lang.StringUtilsTest#testRemove_char
1131,org.apache.commons.lang.mutable.MutableByteTest#testGetSet
1132,org.apache.commons.lang.SerializationUtilsTest#testDeserializeBytesOfNull
1133,org.apache.commons.lang.builder.HashCodeBuilderTest#testSuper
1134,org.apache.commons.lang.builder.ReflectionToStringBuilderExcludeTest#test_toStringExcludeCollectionWithNull
1135,org.apache.commons.lang.math.IntRangeTest#testEquals
1136,org.apache.commons.lang.enums.EnumTest#testBroken3
1137,org.apache.commons.lang.BooleanUtilsTest#testXor_object_nullElementInput
1138,org.apache.commons.lang.ArrayUtilsTest#testLastIndexOfFloat
1139,org.apache.commons.lang.math.FractionTest#testEquals
1140,org.apache.commons.lang.mutable.MutableIntTest#testGetSet
1141,org.apache.commons.lang.builder.HashCodeBuilderTest#testObjectArrayAsObject
1142,org.apache.commons.lang.NotImplementedExceptionTest#testPrintStackTrace
1143,org.apache.commons.lang.oldenum.EnumUtilsTest#testMapEx
1144,org.apache.commons.lang.ArrayUtilsRemoveTest#testRemoveObjectArray
1145,org.apache.commons.lang.math.IntRangeTest#testConstructor1a
1146,org.apache.commons.lang.text.StrTokenizerTest#testBasicQuoted7
1147,org.apache.commons.lang.CharUtilsTest#testToIntValue_Character
1148,org.apache.commons.lang.math.RandomUtilsTest#testNextFloat2
1149,org.apache.commons.lang.math.RangeTest#testToString
1150,org.apache.commons.lang.NotImplementedExceptionTest#testPrintStackTrace_Writer
1151,org.apache.commons.lang.SerializationUtilsTest#testDeserializeBytesBadStream
1152,org.apache.commons.lang.enums.EnumTest#testExtendedSerialization
1153,org.apache.commons.lang.ArrayUtilsTest#testToPrimitive_double
1154,org.apache.commons.lang.builder.ToStringStyleTest#testSetSummaryObjectStartText
1155,org.apache.commons.lang.ValidateTest#testNotEmptyString2
1156,org.apache.commons.lang.builder.ShortPrefixToStringStyleTest#testObjectArray
1157,org.apache.commons.lang.text.StrMatcherTest#testCharSetMatcher_String
1158,org.apache.commons.lang.builder.ToStringBuilderTest#testSimpleReflectionStatics
1159,org.apache.commons.lang.SerializationUtilsTest#testDeserializeBytes
1160,org.apache.commons.lang.builder.ToStringBuilderTest#testObject
1161,org.apache.commons.lang.text.VariableFormatterTest#testNoResolver
1162,org.apache.commons.lang.time.DateUtilsTest#testRound
1163,org.apache.commons.lang.math.NumberRangeTest#testEquals
1164,org.apache.commons.lang.LocaleUtilsTest#testToLocale_1Part
1165,org.apache.commons.lang.ArrayUtilsTest#testContains
1166,org.apache.commons.lang.ValidateTest#testNotEmptyMap2
1167,org.apache.commons.lang.StringUtilsIsTest#testIsAsciiPrintable_String
1168,org.apache.commons.lang.builder.EqualsBuilderTest#testByte
1169,org.apache.commons.lang.builder.EqualsBuilderTest#testBooleanArrayHiddenByObject
1170,org.apache.commons.lang.StringUtilsIsTest#testIsAlphaspace
1171,org.apache.commons.lang.CharRangeTest#testConstructorAccessors_CharChar_Reversed
1172,org.apache.commons.lang.StringUtilsTest#testReverseDelimitedString_StringString
1173,org.apache.commons.lang.mutable.MutableLongTest#testCompareTo
1174,org.apache.commons.lang.oldenum.EnumTest#testHashCode
1175,org.apache.commons.lang.StringUtilsTest#testReverseDelimited_StringChar
1176,org.apache.commons.lang.IllegalClassExceptionTest#testConstructor_classArgs_nullExpected
1177,org.apache.commons.lang.builder.HashCodeBuilderTest#testConstructorEx1
1178,org.apache.commons.lang.NumberRangeTest#testEqualsWithOtherObject
1179,org.apache.commons.lang.math.NumberUtilsTest#testMaximumByte
1180,org.apache.commons.lang.StringUtilsTest#testChop
1181,org.apache.commons.lang.math.RandomUtilsTest#testNextBoolean
1182,org.apache.commons.lang.math.FractionTest#testMultiply
1183,org.apache.commons.lang.enums.EnumTest#testOperationToString
1184,org.apache.commons.lang.math.NumberUtilsTest#testMaxDouble
1185,org.apache.commons.lang.mutable.MutableDoubleTest#testDecrement
1186,org.apache.commons.lang.math.RandomUtilsTest#testNextLong
1187,org.apache.commons.lang.StringEscapeUtilsTest#testEscapeHtml
1188,org.apache.commons.lang.oldenum.EnumTest#testNested
1189,org.apache.commons.lang.ArrayUtilsTest#testIsEquals
1190,org.apache.commons.lang.builder.ToStringBuilderTest#testReflectionIntArrayArray
1191,org.apache.commons.lang.IllegalClassExceptionTest#testGetMessage_stringArg_validInput
1192,org.apache.commons.lang.text.StrBuilderTest#testReplace_StrMatcher_String_int_int_int_VaryEndIndex
1193,org.apache.commons.lang.IllegalClassExceptionTest#testConstructor_classObjectArgs_nullActual
1194,org.apache.commons.lang.exception.NestableExceptionTestCase#testGetMessages
1195,org.apache.commons.lang.ValidateTest#testIsTrue5
1196,org.apache.commons.lang.time.DateUtilsTest#testWeekIterator
1197,org.apache.commons.lang.StringUtilsTest#testSplitPreserveAllTokens_StringString_StringStringInt
1198,org.apache.commons.lang.BitFieldTest#testGetShortValue
1199,org.apache.commons.lang.math.FractionTest#testConversions
1200,org.apache.commons.lang.builder.CompareToBuilderTest#testReflectionHierarchyCompareExcludeFields
1201,org.apache.commons.lang.builder.HashCodeBuilderTest#testBoolean
1202,org.apache.commons.lang.enums.EnumTest#testExtended3Get
1203,org.apache.commons.lang.StringUtilsTest#testSplitPreserveAllTokens_String
1204,org.apache.commons.lang.time.DateUtilsTest#testIsSameDay_Date
1205,org.apache.commons.lang.text.StrBuilderTest#testLastIndexOf_char
1206,org.apache.commons.lang.builder.CompareToBuilderTest#testRaggedArray
1207,org.apache.commons.lang.oldenum.EnumTest#testExtended1List
1208,org.apache.commons.lang.StringUtilsTest#testDefaultIfEmpty_StringString
1209,org.apache.commons.lang.CharUtilsTest#testToCharacterObject_char
1210,org.apache.commons.lang.text.StrBuilderTest#testReplaceAll_char_char
1211,org.apache.commons.lang.math.FractionTest#testInvert
1212,org.apache.commons.lang.ArrayUtilsAddTest#testAddObjectArrayToObjectArray
1213,org.apache.commons.lang.IncompleteArgumentExceptionTest#test2arg_validInput
1214,org.apache.commons.lang.CharRangeTest#testConstructorAccessors_CharBoolean_Normal
1215,org.apache.commons.lang.math.FractionTest#testFactory_String_improper
1216,org.apache.commons.lang.StringEscapeUtilsTest#testUnescapeHexCharsHtml
1217,org.apache.commons.lang.text.StrBuilderTest#testTrim
1218,org.apache.commons.lang.math.RangeTest#testEqualsObject
1219,org.apache.commons.lang.builder.CompareToBuilderTest#testBooleanArray
1220,org.apache.commons.lang.LocaleUtilsTest#testToLocale_2Part
1221,org.apache.commons.lang.mutable.MutableIntTest#testCompareTo
1222,org.apache.commons.lang.ArrayUtilsTest#testLastIndexOfShort
1223,org.apache.commons.lang.ArrayUtilsTest#testSubarrayObject
1224,org.apache.commons.lang.oldenum.EnumUtilsTest#testGetValueEx
1225,org.apache.commons.lang.NumberRangeTest#testConstructorWithMaxLessThanMin
1226,org.apache.commons.lang.math.FractionTest#testHashCode
1227,org.apache.commons.lang.text.StrBuilderTest#testIndexOf_StrMatcher
1228,org.apache.commons.lang.StringUtilsTest#testOverlayString_StringStringIntInt
1229,org.apache.commons.lang.builder.CompareToBuilderTest#testAppendSuper
1230,org.apache.commons.lang.math.IntRangeTest#testConstructor1b
1231,org.apache.commons.lang.builder.HashCodeBuilderTest#testDoubleArrayAsObject
1232,org.apache.commons.lang.builder.EqualsBuilderTest#testCharArray
1233,org.apache.commons.lang.CharSetTest#testHashCode
1234,org.apache.commons.lang.CharUtilsTest#testToString_Character
1235,org.apache.commons.lang.SerializationUtilsTest#testDeserializeBytesNull
1236,org.apache.commons.lang.StringUtilsTest#testDeleteWhitespace_String
1237,org.apache.commons.lang.exception.ExceptionUtilsTestCase#testIsThrowableNested
1238,org.apache.commons.lang.exception.NestableExceptionTestCase#testPrintPartialStackTrace
1239,org.apache.commons.lang.StringUtilsEqualsIndexOfTest#testContainsChar
1240,org.apache.commons.lang.ObjectUtilsTest#testIdentityToString
1241,org.apache.commons.lang.exception.ExceptionUtilsTestCase#testCauseMethodNameOps
1242,org.apache.commons.lang.builder.ToStringBuilderTest#testReflectionShortArray
1243,org.apache.commons.lang.CharSetUtilsTest#testTranslateNullPointerException
1244,org.apache.commons.lang.enums.EnumTest#testNested
1245,org.apache.commons.lang.mutable.MutableDoubleTest#testHashCode
1246,org.apache.commons.lang.StringUtilsEqualsIndexOfTest#testOrdinalIndexOf
1247,org.apache.commons.lang.BooleanUtilsTest#test_toIntegerObject_Boolean_Integer_Integer_Integer
1248,org.apache.commons.lang.exception.NestableRuntimeExceptionTestCase#testGetThrowableCount
1249,org.apache.commons.lang.exception.NestableExceptionTestCase#testIndexOfThrowable
1250,org.apache.commons.lang.BooleanUtilsTest#testConstructor
1251,org.apache.commons.lang.builder.CompareToBuilderTest#testIntArray
1252,org.apache.commons.lang.mutable.MutableByteTest#testSubtractValuePrimitive
1253,org.apache.commons.lang.CharUtilsTest#testToString_char
1254,org.apache.commons.lang.math.LongRangeTest#testConstructor1b
1255,org.apache.commons.lang.text.StrBuilderTest#testContains_char
1256,org.apache.commons.lang.builder.EqualsBuilderTest#testMultiCharArray
1257,org.apache.commons.lang.builder.EqualsBuilderTest#testObject
1258,org.apache.commons.lang.builder.ToStringBuilderTest#testInt
1259,org.apache.commons.lang.math.IntRangeTest#testContainsLong
1260,org.apache.commons.lang.time.DurationFormatUtilsTest#testConstructor
1261,org.apache.commons.lang.StringUtilsTest#testCenter_StringIntString
1262,org.apache.commons.lang.ValidateTest#testConstructor
1263,org.apache.commons.lang.builder.ToStringBuilderTest#testBlank
1264,org.apache.commons.lang.oldenum.EnumTest#testOperationCalculation
1265,org.apache.commons.lang.builder.HashCodeBuilderTest#testByteArrayAsObject
1266,org.apache.commons.lang.builder.ToStringBuilderTest#testBoolean
1267,org.apache.commons.lang.IntHashMapTest#testClear
1268,org.apache.commons.lang.builder.ToStringStyleTest#testSetFieldNameValueSeparator
1269,org.apache.commons.lang.ArrayUtilsTest#testSubarrayLong
1270,org.apache.commons.lang.ArrayUtilsTest#testIndexOfDoubleWithStartIndex
1271,org.apache.commons.lang.StringUtilsEqualsIndexOfTest#testLastIndexOf_String
1272,org.apache.commons.lang.math.NumberUtilsTest#testStringToDoubleStringD
1273,org.apache.commons.lang.ArrayUtilsRemoveTest#testRemoveElementObjectArray
1274,org.apache.commons.lang.StringUtilsSubstringTest#testMid_String
1275,org.apache.commons.lang.ClassUtilsTest#test_getShortClassName_String
1276,org.apache.commons.lang.ValidateTest#testAllElementsOfType
1277,org.apache.commons.lang.WordUtilsTest#testInitials_String_charArray
1278,org.apache.commons.lang.mutable.MutableDoubleTest#testNanInfinite
1279,org.apache.commons.lang.math.RangeTest#testHashCode
1280,org.apache.commons.lang.builder.ReflectionToStringBuilderExcludeTest#test_toStringExcludeEmptyArray
1281,org.apache.commons.lang.exception.NestableRuntimeExceptionTestCase#testGetCause
1282,org.apache.commons.lang.builder.ToStringBuilderTest#testLongArray
1283,org.apache.commons.lang.NotImplementedExceptionTest#testConstructor_
1284,org.apache.commons.lang.text.StrBuilderAppendInsertTest#testAppend_CharArray
1285,org.apache.commons.lang.builder.CompareToBuilderTest#testReflectionCompare
1286,org.apache.commons.lang.CharSetUtilsTest#testSqueeze_StringString
1287,org.apache.commons.lang.math.NumberRangeTest#testGetMinimum
1288,org.apache.commons.lang.exception.ExceptionUtilsTestCase#testPrintRootCauseStackTrace_ThrowableWriter
1289,org.apache.commons.lang.math.NumberUtilsTest#testCreateInteger
1290,org.apache.commons.lang.math.NumberUtilsTest#testStringToDoubleString
1291,org.apache.commons.lang.time.DateFormatUtilsTest#testDateISO
1292,org.apache.commons.lang.exception.ExceptionUtilsTestCase#testGetThrowables_Throwable_jdkNoCause
1293,org.apache.commons.lang.exception.NestableDelegateTestCase#testNestableDelegateGetMessages
1294,org.apache.commons.lang.builder.CompareToBuilderTest#testByteArray
1295,org.apache.commons.lang.math.NumberUtilsTest#testCreateBigInteger
1296,org.apache.commons.lang.StringUtilsTest#testReplace_StringStringStringInt
1297,org.apache.commons.lang.builder.DefaultToStringStyleTest#testLong
1298,org.apache.commons.lang.BooleanUtilsTest#test_toBooleanObject_Integer
1299,org.apache.commons.lang.enums.EnumUtilsTest#testMapEx
1300,org.apache.commons.lang.enums.EnumUtilsTest#testConstructor
1301,org.apache.commons.lang.ArrayUtilsRemoveTest#testRemoveLongArray
1302,org.apache.commons.lang.SystemUtilsTest#testGetJavaIoTmpDir
1303,org.apache.commons.lang.mutable.MutableDoubleTest#testAddValuePrimitive
1304,org.apache.commons.lang.ArrayUtilsAddTest#testAddObjectArrayFloat
1305,org.apache.commons.lang.oldenum.ValuedEnumTest#testIterator
1306,org.apache.commons.lang.CharEncodingTest#testWorksOnJava1_2_2
1307,org.apache.commons.lang.text.StrBuilderAppendInsertTest#testAppendWithSeparatorsWithNullText
1308,org.apache.commons.lang.builder.HashCodeBuilderTest#testCharArrayAsObject
1309,org.apache.commons.lang.BooleanUtilsTest#test_toInteger_Boolean_int_int_int
1310,org.apache.commons.lang.builder.HashCodeBuilderTest#testIntArray
1311,org.apache.commons.lang.ClassUtilsTest#testGetClassWithArrayClasses
1312,org.apache.commons.lang.NumberRangeTest#testEqualsWithSameReference
1313,org.apache.commons.lang.ArrayUtilsTest#testGetLength
1314,org.apache.commons.lang.oldenum.EnumTest#testName
1315,org.apache.commons.lang.EntitiesPerformanceTest#testUnescapeArray
1316,org.apache.commons.lang.math.NumberUtilsTest#testMaximumFloat
1317,org.apache.commons.lang.NotImplementedExceptionTest#testConstructor_String2
1318,org.apache.commons.lang.builder.ToStringBuilderTest#testBooleanArrayArray
1319,org.apache.commons.lang.math.NumberUtilsTest#testMinimumDouble
1320,org.apache.commons.lang.BitFieldTest#testGetShortRawValue
1321,org.apache.commons.lang.SerializationUtilsTest#testDeserializeStreamOfNull
1322,org.apache.commons.lang.mutable.MutableFloatTest#testGetSet
1323,org.apache.commons.lang.math.LongRangeTest#testHashCode
1324,org.apache.commons.lang.CharRangeTest#testConstructorAccessors_CharChar_Normal
1325,org.apache.commons.lang.builder.CompareToBuilderTest#testLongArray
1326,org.apache.commons.lang.math.NumberUtilsTest#testMinimumInt
1327,org.apache.commons.lang.mutable.MutableFloatTest#testDecrement
1328,org.apache.commons.lang.text.StrMatcherTest#testTrimMatcher
1329,org.apache.commons.lang.text.StrMatcherTest#testQuoteMatcher
1330,org.apache.commons.lang.math.IntRangeTest#testToString
1331,org.apache.commons.lang.ArrayUtilsTest#testCloneShort
1332,org.apache.commons.lang.CharUtilsTest#testToChar_String
1333,org.apache.commons.lang.text.VariableFormatterTest#testReplaceCharArray
1334,org.apache.commons.lang.enums.ValuedEnumTest#testCompareTo
1335,org.apache.commons.lang.builder.ToStringBuilderTest#testDoubleArray
1336,org.apache.commons.lang.ArrayUtilsTest#testCloneFloat
1337,org.apache.commons.lang.builder.ToStringBuilderTest#testReflectionyteArray
1338,org.apache.commons.lang.oldenum.EnumUtilsTest#testMap
1339,org.apache.commons.lang.NumberRangeTest#testIncludesRangeNull
1340,org.apache.commons.lang.math.DoubleRangeTest#testContainsRange
1341,org.apache.commons.lang.BitFieldTest#testIsAllSet
1342,org.apache.commons.lang.ClassUtilsTest#testPrimitiveToWrapper
1343,org.apache.commons.lang.mutable.MutableDoubleTest#testCompareTo
1344,org.apache.commons.lang.text.StrTokenizerTest#testTSV
1345,org.apache.commons.lang.builder.EqualsBuilderTest#testByteArray
1346,org.apache.commons.lang.enums.EnumTest#testGet
1347,org.apache.commons.lang.text.StrBuilderTest#testToCharArray
1348,org.apache.commons.lang.BooleanUtilsTest#testXor_object_validInput_2items
1349,org.apache.commons.lang.oldenum.EnumTest#testBroken3
1350,org.apache.commons.lang.builder.ToStringBuilderTest#testInnerClassReflection
1351,org.apache.commons.lang.mutable.MutableDoubleTest#testIncrement
1352,org.apache.commons.lang.builder.ToStringBuilderTest#testReflectionBoolean
1353,org.apache.commons.lang.LocaleUtilsTest#testAvailableLocaleList
1354,org.apache.commons.lang.ArrayUtilsRemoveTest#testRemoveElementCharArray
1355,org.apache.commons.lang.StringUtilsTest#testDeleteSpace_String
1356,org.apache.commons.lang.builder.ToStringBuilderTest#testByteArray
1357,org.apache.commons.lang.ArrayUtilsTest#testLastIndexOfByteWithStartIndex
1358,org.apache.commons.lang.SerializationUtilsTest#testSerializeBytes
1359,org.apache.commons.lang.math.IntRangeTest#testHashCode
1360,org.apache.commons.lang.math.FractionTest#testGets
1361,org.apache.commons.lang.ValidateTest#testNotEmptyString1
1362,org.apache.commons.lang.exception.NestableExceptionTestCase#testPrintStackTrace
1363,org.apache.commons.lang.math.RandomUtilsTest#testNextInt2
1364,org.apache.commons.lang.mutable.MutableByteTest#testDecrement
1365,org.apache.commons.lang.oldenum.EnumTest#testExtendedToString
1366,org.apache.commons.lang.ArrayUtilsRemoveTest#testRemoveDoubleArray
1367,org.apache.commons.lang.math.IntRangeTest#testGetMaximum
1368,org.apache.commons.lang.mutable.MutableShortTest#testAddValueObject
1369,org.apache.commons.lang.exception.NestableDelegateTestCase#testNestableDelegateGetMessageN
1370,org.apache.commons.lang.builder.EqualsBuilderTest#testBoolean
1371,org.apache.commons.lang.builder.HashCodeBuilderAndEqualsBuilderTest#testInteger
1372,org.apache.commons.lang.math.NumberUtilsTest#testMaximumDouble
1373,org.apache.commons.lang.builder.ToStringBuilderTest#testReflectionLongArray
1374,org.apache.commons.lang.CharRangeTest#testContainsNullArg
1375,org.apache.commons.lang.ArrayUtilsTest#testSameLengthFloat
1376,org.apache.commons.lang.builder.ReflectionToStringBuilderExcludeTest#test_toStringExcludeNullCollection
1377,org.apache.commons.lang.text.StrTokenizerTest#testBasicIgnoreTrimmed1
1378,org.apache.commons.lang.oldenum.EnumTest#testExtended3Map
1379,org.apache.commons.lang.text.StrBuilderTest#testToString
1380,org.apache.commons.lang.text.StrTokenizerTest#testConstructor_String
1381,org.apache.commons.lang.builder.EqualsBuilderTest#testMixedArray
1382,org.apache.commons.lang.oldenum.EnumTest#testBroken4Operation
1383,org.apache.commons.lang.builder.HashCodeBuilderTest#testConstructorEx2
1384,org.apache.commons.lang.EntitiesPerformanceTest#testLookupArray
1385,org.apache.commons.lang.text.StrTokenizerTest#testCSVSimple
1386,org.apache.commons.lang.ArrayUtilsTest#testLastIndexOfDoubleWithStartIndex
1387,org.apache.commons.lang.ObjectUtilsTest#testToString_Object
1388,org.apache.commons.lang.mutable.MutableBooleanTest#testGetSet
1389,org.apache.commons.lang.StringUtilsSubstringTest#testSubstringBeforeLast_StringString
1390,org.apache.commons.lang.CharRangeTest#testConstructorAccessors_Char
1391,org.apache.commons.lang.mutable.MutableFloatTest#testEquals
1392,org.apache.commons.lang.oldenum.EnumTest#testEqualsToWrongInstance
1393,org.apache.commons.lang.mutable.MutableLongTest#testIncrement
1394,org.apache.commons.lang.CharSetTest#testSerialization
1395,org.apache.commons.lang.builder.CompareToBuilderTest#testMultiBooleanArray
1396,org.apache.commons.lang.oldenum.EnumUtilsTest#testIterator
1397,org.apache.commons.lang.text.StrTokenizerTest#testConstructor_String_char_char
1398,org.apache.commons.lang.StringUtilsTest#testRepeat_StringInt
1399,org.apache.commons.lang.CharUtilsTest#testToIntValue_char_int
1400,org.apache.commons.lang.StringUtilsTest#testChopNewLine
1401,org.apache.commons.lang.enums.EnumTest#testBroken1Operation
1402,org.apache.commons.lang.EntitiesPerformanceTest#testBuildBinary
1403,org.apache.commons.lang.math.DoubleRangeTest#testConstructor1a
1404,org.apache.commons.lang.ClassUtilsTest#test_convertClassNamesToClasses_List
1405,org.apache.commons.lang.math.FractionTest#testFactory_int_int_int
1406,org.apache.commons.lang.mutable.MutableLongTest#testDecrement
1407,org.apache.commons.lang.StringUtilsEqualsIndexOfTest#testContainsOnly_String
1408,org.apache.commons.lang.text.StrBuilderTest#testGetSetNewLineText
1409,org.apache.commons.lang.text.VariableFormatterTest#testReplace
1410,org.apache.commons.lang.math.NumberUtilsTest#testMinimumFloat
1411,org.apache.commons.lang.text.StrBuilderTest#testReplaceAll_String_String
1412,org.apache.commons.lang.math.IntRangeTest#testConstructor2a
1413,org.apache.commons.lang.builder.ReflectionToStringBuilderExcludeTest#test_toStringExcludeArray
1414,org.apache.commons.lang.math.FloatRangeTest#testContainsRange
1415,org.apache.commons.lang.builder.ToStringStyleTest#testSetFieldSeparator
1416,org.apache.commons.lang.enums.EnumUtilsTest#testListEx
1417,org.apache.commons.lang.ArrayUtilsTest#testToPrimitive_int_int
1418,org.apache.commons.lang.exception.NestableRuntimeExceptionTestCase#testIndexOfThrowableI
1419,org.apache.commons.lang.SerializationUtilsTest#testConstructor
1420,org.apache.commons.lang.enums.EnumUtilsTest#testList
1421,org.apache.commons.lang.StringUtilsIsTest#testIsWhitespace
1422,org.apache.commons.lang.math.NumberRangeTest#testGetMaximum
1423,org.apache.commons.lang.math.DoubleRangeTest#testConstructor2a
1424,org.apache.commons.lang.enums.EnumTest#testBroken3Operation
1425,org.apache.commons.lang.builder.EqualsBuilderTest#testSuper
1426,org.apache.commons.lang.CharUtilsTest#testToUnicodeEscaped_Character
1427,org.apache.commons.lang.math.FloatRangeTest#testToString
1428,org.apache.commons.lang.StringUtilsTest#testSplitPreserveAllTokens_StringChar
1429,org.apache.commons.lang.math.LongRangeTest#testContainsRange
1430,org.apache.commons.lang.mutable.MutableFloatTest#testPrimitiveValues
1431,org.apache.commons.lang.text.StrBuilderTest#testContains_String
1432,org.apache.commons.lang.mutable.MutableFloatTest#testSubtractValueObject
1433,org.apache.commons.lang.SystemUtilsTest#testJavaVersionAtLeastInt
1434,org.apache.commons.lang.StringUtilsIsTest#testIsNumericSpace
1435,org.apache.commons.lang.exception.NestableDelegateTestCase#testNestableDelegateConstructor
1436,org.apache.commons.lang.mutable.MutableIntTest#testAddValueObject
1437,org.apache.commons.lang.ArrayUtilsTest#testReverseBoolean
1438,org.apache.commons.lang.builder.HashCodeBuilderTest#testShortArrayAsObject
1439,org.apache.commons.lang.IllegalClassExceptionTest#testConstructor_classArgs_allNullInput
1440,org.apache.commons.lang.enums.EnumTest#testBroken4Operation
1441,org.apache.commons.lang.builder.ToStringBuilderTest#testSetDefaultEx
1442,org.apache.commons.lang.builder.HashCodeBuilderTest#testReflectionHashCodeExcludeFields
1443,org.apache.commons.lang.enums.EnumTest#testBroken1
1444,org.apache.commons.lang.builder.EqualsBuilderTest#testMultiLongArray
1445,org.apache.commons.lang.oldenum.ValuedEnumTest#testGetValue
1446,org.apache.commons.lang.mutable.MutableIntTest#testPrimitiveValues
1447,org.apache.commons.lang.builder.CompareToBuilderTest#testInt
1448,org.apache.commons.lang.text.StrBuilderTest#testDeleteIntInt
1449,org.apache.commons.lang.math.NumberUtilsTest#testMinDouble
1450,org.apache.commons.lang.builder.CompareToBuilderTest#testReflectionHierarchyCompareTransients
1451,org.apache.commons.lang.builder.EqualsBuilderTest#testRaggedArray
1452,org.apache.commons.lang.builder.HashCodeBuilderTest#testReflectionHashCodeEx1
1453,org.apache.commons.lang.builder.HashCodeBuilderTest#testChar
1454,org.apache.commons.lang.StringUtilsTrimEmptyTest#testTrim
1455,org.apache.commons.lang.math.DoubleRangeTest#testOverlapsRange
1456,org.apache.commons.lang.ArrayUtilsTest#testSubarrayShort
1457,org.apache.commons.lang.time.DateUtilsTest#testIsSameInstant_Date
1458,org.apache.commons.lang.text.StrBuilderAppendInsertTest#testAppend_Object
1459,org.apache.commons.lang.NumberUtilsTest#testIsDigits
1460,org.apache.commons.lang.text.StrMatcherTest#testSplitMatcher
1461,org.apache.commons.lang.BitFieldTest#testSetShortValue
1462,org.apache.commons.lang.builder.StandardToStringStyleTest#testLongArray
1463,org.apache.commons.lang.builder.ToStringBuilderTest#testLongArrayArray
1464,org.apache.commons.lang.time.DurationFormatUtilsTest#testFormatDurationWords
1465,org.apache.commons.lang.text.StrBuilderAppendInsertTest#testAppendFixedWidthPadLeft_int
1466,org.apache.commons.lang.mutable.MutableShortTest#testHashCode
1467,org.apache.commons.lang.EntitiesPerformanceTest#testEscapeTree
1468,org.apache.commons.lang.oldenum.EnumUtilsTest#testGet
1469,org.apache.commons.lang.builder.ToStringBuilderTest#testObjectArray
1470,org.apache.commons.lang.text.StrTokenizerTest#test4
1471,org.apache.commons.lang.ArrayUtilsRemoveTest#testRemoveElementIntArray
1472,org.apache.commons.lang.text.StrTokenizerTest#testBasicQuoted3
1473,org.apache.commons.lang.ClassUtilsTest#testGetClassRawPrimitives
1474,org.apache.commons.lang.StringUtilsTrimEmptyTest#testStripEnd_StringString
1475,org.apache.commons.lang.builder.CompareToBuilderTest#testMixedArray
1476,org.apache.commons.lang.BooleanUtilsTest#test_toBooleanObject_int_int_int
1477,org.apache.commons.lang.builder.HashCodeBuilderAndEqualsBuilderTest#testFixtureWithTransients
1478,org.apache.commons.lang.math.FloatRangeTest#testConstructor1a
1479,org.apache.commons.lang.text.StrBuilderTest#testReplaceFirst_char_char
1480,org.apache.commons.lang.time.DateUtilsTest#testAddSeconds
1481,org.apache.commons.lang.builder.ToStringBuilderTest#testConstructorEx3
1482,org.apache.commons.lang.math.DoubleRangeTest#testConstructor1b
1483,org.apache.commons.lang.text.StrTokenizerTest#testBasicQuoted6
1484,org.apache.commons.lang.WordUtilsTest#testWrap_StringIntStringBoolean
1485,org.apache.commons.lang.oldenum.ValuedEnumTest#testList
1486,org.apache.commons.lang.builder.HashCodeBuilderTest#testDouble
1487,org.apache.commons.lang.builder.HashCodeBuilderTest#testIntArrayAsObject
1488,org.apache.commons.lang.BitFieldTest#testSetShortBoolean
1489,org.apache.commons.lang.mutable.MutableFloatTest#testToString
1490,org.apache.commons.lang.oldenum.EnumTest#testBroken2Operation
1491,org.apache.commons.lang.text.StrMatcherTest#testTabMatcher
1492,org.apache.commons.lang.enums.EnumUtilsTest#testIteratorEx
1493,org.apache.commons.lang.enums.EnumEqualsTest#testEquals
1494,org.apache.commons.lang.builder.ReflectionToStringBuilderExcludeTest#test_toStringExcludeEmptyCollection
1495,org.apache.commons.lang.StringEscapeUtilsTest#testEscapeXml
1496,org.apache.commons.lang.builder.ToStringBuilderTest#testReflectionObjectArray
1497,org.apache.commons.lang.builder.SimpleToStringStyleTest#testBlank
1498,org.apache.commons.lang.builder.CompareToBuilderTest#testObjectComparator
1499,org.apache.commons.lang.exception.NestableRuntimeExceptionTestCase#testGetMessages
1500,org.apache.commons.lang.math.FractionTest#testAbs
1501,org.apache.commons.lang.mutable.MutableByteTest#testConstructors
1502,org.apache.commons.lang.text.StrBuilderTest#testLeftString
1503,org.apache.commons.lang.mutable.MutableIntTest#testAddValuePrimitive
1504,org.apache.commons.lang.ArrayUtilsTest#testReverseInt
1505,org.apache.commons.lang.text.StrBuilderAppendInsertTest#testAppendWithSeparators_Array
1506,org.apache.commons.lang.time.FastDateFormatTest#testMilleniumBug
1507,org.apache.commons.lang.ArrayUtilsTest#testToObject_double
1508,org.apache.commons.lang.text.StrTokenizerTest#test8
1509,org.apache.commons.lang.ObjectUtilsTest#testIsNull
1510,org.apache.commons.lang.CharUtilsTest#testIsAsciiPrintable_char
1511,org.apache.commons.lang.text.StrTokenizerTest#testConstructor_charArray_char
1512,org.apache.commons.lang.IntHashMapTest#testPut
1513,org.apache.commons.lang.EntitiesTest#testHashIntMap
1514,org.apache.commons.lang.SystemUtilsTest#testGetUserHome
1515,org.apache.commons.lang.time.StopWatchTest#testStopWatchSimple
1516,org.apache.commons.lang.ArrayUtilsTest#testIndexOfLongWithStartIndex
1517,org.apache.commons.lang.exception.NestableDelegateTestCase#testNestableDelegateGetThrowableCount
1518,org.apache.commons.lang.exception.NestableRuntimeExceptionTestCase#testGetMessageI
1519,org.apache.commons.lang.builder.HashCodeBuilderTest#testReflectionHashCode
1520,org.apache.commons.lang.time.DateFormatUtilsTest#testDateTimeISO
1521,org.apache.commons.lang.enums.EnumTest#testList
1522,org.apache.commons.lang.IntHashMapTest#testContainsKey
1523,org.apache.commons.lang.NumberUtilsTest#testCompareDouble
1524,org.apache.commons.lang.WordUtilsTest#testUncapitalize_String
1525,org.apache.commons.lang.ArrayUtilsTest#testLastIndexOfBoolean
1526,org.apache.commons.lang.StringUtilsTest#testDifferenceAt_StringString
1527,org.apache.commons.lang.text.StrBuilderAppendInsertTest#testAppend_StrBuilder_int_int
1528,org.apache.commons.lang.mutable.MutableBooleanTest#testHashCode
1529,org.apache.commons.lang.builder.ToStringBuilderTest#testReflectionIntArray
1530,org.apache.commons.lang.StringEscapeUtilsTest#testEscapeSql
1531,org.apache.commons.lang.text.StrMatcherTest#testDoubleQuoteMatcher
1532,org.apache.commons.lang.text.StrMatcherTest#testSingleQuoteMatcher
1533,org.apache.commons.lang.builder.ToStringBuilderTest#testSelfInstanceVarReflectionObjectCycle
1534,org.apache.commons.lang.math.LongRangeTest#testContainsDouble
1535,org.apache.commons.lang.math.RandomUtilsTest#testNextInt
1536,org.apache.commons.lang.enums.EnumTest#testOperationList
1537,org.apache.commons.lang.exception.NestableErrorTestCase#testIndexOfThrowable
1538,org.apache.commons.lang.text.StrTokenizerTest#testBasicEmpty1
1539,org.apache.commons.lang.ArrayUtilsTest#testReverseChar
1540,org.apache.commons.lang.text.StrMatcherTest#testCharMatcher_char
1541,org.apache.commons.lang.BooleanUtilsTest#test_toBooleanObject_Integer_Integer_Integer_Integer
1542,org.apache.commons.lang.ArrayUtilsTest#testToObject_short
1543,org.apache.commons.lang.math.NumberUtilsTest#testCreateLong
1544,org.apache.commons.lang.ArrayUtilsTest#testSubarrayFloat
1545,org.apache.commons.lang.StringUtilsEqualsIndexOfTest#testIndexOf_StringInt
1546,org.apache.commons.lang.math.IntRangeTest#testOverlapsRange
1547,org.apache.commons.lang.BooleanUtilsTest#test_negate_Boolean
1548,org.apache.commons.lang.builder.EqualsBuilderTest#testCharArrayHiddenByObject
1549,org.apache.commons.lang.enums.EnumTest#testEqualsToWrongInstance
1550,org.apache.commons.lang.NumberRangeTest#testMaxMin
1551,org.apache.commons.lang.builder.DefaultToStringStyleTest#testLongArray
1552,org.apache.commons.lang.builder.NoFieldNamesToStringStyleTest#testBlank
1553,org.apache.commons.lang.NumberUtilsTest#testCreateLong
1554,org.apache.commons.lang.mutable.MutableLongTest#testSubtractValuePrimitive
1555,org.apache.commons.lang.math.NumberRangeTest#testHashCode
1556,org.apache.commons.lang.text.StrBuilderTest#testIndexOf_char
1557,org.apache.commons.lang.oldenum.EnumTest#testExtendedSerialization
1558,org.apache.commons.lang.exception.NestableDelegateTestCase#testNestableDelegateGetThrowableN
1559,org.apache.commons.lang.oldenum.ValuedEnumTest#testGet
1560,org.apache.commons.lang.math.DoubleRangeTest#testContainsLong
1561,org.apache.commons.lang.oldenum.ValuedEnumTest#testToString
1562,org.apache.commons.lang.builder.StandardToStringStyleTest#testBlank
1563,org.apache.commons.lang.text.VariableFormatterTest#testReplaceNoEscape
1564,org.apache.commons.lang.EntitiesTest#testPrimitiveIntMap
1565,org.apache.commons.lang.ArrayUtilsTest#testConstructor
1566,org.apache.commons.lang.oldenum.EnumTest#testExtended2Get
1567,org.apache.commons.lang.text.StrTokenizerTest#testBasic4
1568,org.apache.commons.lang.mutable.MutableIntTest#testHashCode
1569,org.apache.commons.lang.BooleanUtilsTest#test_toIntegerObject_boolean
1570,org.apache.commons.lang.EntitiesPerformanceTest#testBuildLookup
1571,org.apache.commons.lang.oldenum.EnumTest#testBroken1
1572,org.apache.commons.lang.exception.ExceptionUtilsTestCase#testGetThrowableList_Throwable_withoutCause
1573,org.apache.commons.lang.ClassUtilsTest#test_getPackageName_Object
1574,org.apache.commons.lang.LocaleUtilsTest#testCountriesByLanguage
1575,org.apache.commons.lang.builder.HashCodeBuilderTest#testReflectionHashCodeEx3
1576,org.apache.commons.lang.builder.ReflectionToStringBuilderExcludeTest#test_toStringExcludeNullArray
1577,org.apache.commons.lang.mutable.MutableLongTest#testAddValueObject
1578,org.apache.commons.lang.mutable.MutableLongTest#testHashCode
1579,org.apache.commons.lang.mutable.MutableIntTest#testSubtractValueObject
1580,org.apache.commons.lang.math.FractionTest#testFactory_String_proper
1581,org.apache.commons.lang.CharUtilsTest#testIsAscii_char
1582,org.apache.commons.lang.builder.ToStringBuilderTest#testReflectionCharacter
1583,org.apache.commons.lang.oldenum.EnumTest#testIterator
1584,org.apache.commons.lang.BooleanUtilsTest#testXor_primitive_validInput_2items
1585,org.apache.commons.lang.StringUtilsTest#testRemoveEnd
1586,org.apache.commons.lang.text.StrBuilderTest#testEndsWith
1587,org.apache.commons.lang.exception.NestableExceptionTestCase#testGetCause
1588,org.apache.commons.lang.StringUtilsTrimEmptyTest#testStripToNull_String
1589,org.apache.commons.lang.ArrayUtilsTest#testHashCode
1590,org.apache.commons.lang.ArrayUtilsTest#testIndexOfChar
1591,org.apache.commons.lang.builder.CompareToBuilderTest#testObjectEx2
1592,org.apache.commons.lang.CharSetTest#testEquals_Object
1593,org.apache.commons.lang.StringEscapeUtilsTest#testStandaloneAmphersand
1594,org.apache.commons.lang.mutable.MutableIntTest#testSubtractValuePrimitive
1595,org.apache.commons.lang.text.StrBuilderAppendInsertTest#testInsert
1596,org.apache.commons.lang.NumberRangeTest#testOverlap
1597,org.apache.commons.lang.oldenum.EnumUtilsTest#testConstructor
1598,org.apache.commons.lang.ClassUtilsTest#test_getShortClassName_Object
1599,org.apache.commons.lang.builder.ReflectionToStringBuilderExcludeTest#test_toStringExcludeArrayWithNulls
1600,org.apache.commons.lang.text.StrBuilderTest#testDeleteAll_StrMatcher
1601,org.apache.commons.lang.text.StrBuilderTest#testSize
1602,org.apache.commons.lang.ArrayUtilsTest#testToPrimitive_long_long
1603,org.apache.commons.lang.text.VariableFormatterTest#testNonDefaultTokens
1604,org.apache.commons.lang.StringUtilsEqualsIndexOfTest#testIndexOfAnyBut_StringString
1605,org.apache.commons.lang.StringUtilsTest#testJoin_IteratorString
1606,org.apache.commons.lang.IncompleteArgumentExceptionTest#test2arg_nullString
1607,org.apache.commons.lang.ArrayUtilsTest#testLastIndexOfDoubleTolerance
1608,org.apache.commons.lang.builder.ToStringBuilderTest#testLong
1609,org.apache.commons.lang.NotImplementedExceptionTest#testConstructor_String1
