rank,test
1,org.apache.commons.lang.exception.NestableErrorTestCase#testIndexOfThrowableI
2,org.apache.commons.lang.CharRangeTest#testConstructorAccessors_CharCharBoolean_SameNegated
3,org.apache.commons.lang.StringUtilsTest#testRightPad_StringIntChar
4,org.apache.commons.lang.time.DateUtilsTest#testParseDate
5,org.apache.commons.lang.text.StrBuilderAppendInsertTest#testAppend_StringBuffer
6,org.apache.commons.lang.math.NumberUtilsTest#testCreateDouble
7,org.apache.commons.lang.text.StrBuilderTest#testReplaceFirst_char_char
8,org.apache.commons.lang.ArrayUtilsRemoveTest#testRemoveObjectArray
9,org.apache.commons.lang.ArrayUtilsTest#testLastIndexOfBooleanWithStartIndex
10,org.apache.commons.lang.enums.ValuedEnumTest#testCompareTo
11,org.apache.commons.lang.time.DurationFormatUtilsTest#testFormatDurationWords
12,org.apache.commons.lang.ValidateTest#testConstructor
13,org.apache.commons.lang.builder.HashCodeBuilderAndEqualsBuilderTest#testInteger
14,org.apache.commons.lang.builder.ToStringBuilderTest#testDouble
15,org.apache.commons.lang.builder.EqualsBuilderTest#testAccessors
16,org.apache.commons.lang.builder.HashCodeBuilderTest#testReflectionHashCodeEx1
17,org.apache.commons.lang.text.StrBuilderTest#testIndexOf_char_int
18,org.apache.commons.lang.time.DateFormatUtilsTest#testTimeISO
19,org.apache.commons.lang.mutable.MutableLongTest#testGetSet
20,org.apache.commons.lang.text.StrBuilderTest#testChaining
21,org.apache.commons.lang.LocaleUtilsTest#testIsAvailableLocale
22,org.apache.commons.lang.builder.ShortPrefixToStringStyleTest#testLongArray
23,org.apache.commons.lang.mutable.MutableDoubleTest#testNanInfinite
24,org.apache.commons.lang.text.StrMatcherTest#testCharMatcher_char
25,org.apache.commons.lang.builder.ToStringStyleTest#testSetNullText
26,org.apache.commons.lang.ClassUtilsTest#test_getPackageName_Object
27,org.apache.commons.lang.CharRangeTest#testEquals_Object
28,org.apache.commons.lang.math.FractionTest#testReducedFactory_int_int
29,org.apache.commons.lang.builder.HashCodeBuilderTest#testLong
30,org.apache.commons.lang.BooleanUtilsTest#test_toBooleanDefaultIfNull_Boolean_boolean
31,org.apache.commons.lang.text.StrTokenizerTest#testTSV
32,org.apache.commons.lang.math.FractionTest#testGets
33,org.apache.commons.lang.math.IntRangeTest#testContainsIntegerBig
34,org.apache.commons.lang.SerializationUtilsTest#testSerializeStreamNullNull
35,org.apache.commons.lang.StringUtilsEqualsIndexOfTest#testContainsOnly_String
36,org.apache.commons.lang.builder.ToStringStyleTest#testSetFieldSeparator
37,org.apache.commons.lang.text.StrTokenizerTest#testCloneNotSupportedException
38,org.apache.commons.lang.math.LongRangeTest#testConstructor2a
39,org.apache.commons.lang.ArrayUtilsTest#testReverseFloat
40,org.apache.commons.lang.exception.NestableExceptionTestCase#testGetMessages
41,org.apache.commons.lang.text.StrMatcherTest#testSpaceMatcher
42,org.apache.commons.lang.math.NumberRangeTest#testConstructor1
43,org.apache.commons.lang.IllegalClassExceptionTest#testConstructor_classArgs_allNullInput
44,org.apache.commons.lang.builder.MultiLineToStringStyleTest#testBlank
45,org.apache.commons.lang.ObjectUtilsTest#testIsNull
46,org.apache.commons.lang.IncompleteArgumentExceptionTest#test1arg_nullInput
47,org.apache.commons.lang.oldenum.EnumTest#testCompareTo
48,org.apache.commons.lang.builder.ToStringBuilderTest#testReflectionNull
49,org.apache.commons.lang.LocaleUtilsTest#testToLocale_2Part
50,org.apache.commons.lang.builder.CompareToBuilderTest#testReflectionHierarchyCompareExcludeFields
51,org.apache.commons.lang.math.NumberUtilsTest#testToFloatStringF
52,org.apache.commons.lang.text.StrTokenizerTest#testIteration
53,org.apache.commons.lang.IntHashMapTest#testContainsKey
54,org.apache.commons.lang.oldenum.ValuedEnumTest#testMap
55,org.apache.commons.lang.SerializationUtilsTest#testDeserializeBytes
56,org.apache.commons.lang.ArrayUtilsTest#testToPrimitive_double_double
57,org.apache.commons.lang.builder.EqualsBuilderTest#testLong
58,org.apache.commons.lang.StringUtilsSubstringTest#testSubstringAfter_StringString
59,org.apache.commons.lang.LocaleUtilsTest#testToLocale_1Part
60,org.apache.commons.lang.exception.NestableExceptionTestCase#testPrintPartialStackTrace
61,org.apache.commons.lang.ArrayUtilsTest#testContainsByte
62,org.apache.commons.lang.mutable.MutableByteTest#testToByte
63,org.apache.commons.lang.oldenum.EnumTest#testExtended3Map
64,org.apache.commons.lang.time.DateFormatUtilsTest#testConstructor
65,org.apache.commons.lang.ArrayUtilsTest#testCloneDouble
66,org.apache.commons.lang.StringUtilsTrimEmptyTest#testIsBlank
67,org.apache.commons.lang.math.LongRangeTest#testHashCode
68,org.apache.commons.lang.IllegalClassExceptionTest#testGetMessage_classObjectArgs_normalInput
69,org.apache.commons.lang.ObjectUtilsTest#testHashCode
70,org.apache.commons.lang.NotImplementedExceptionTest#testConstructor_StringThrowable1
71,org.apache.commons.lang.math.NumberUtilsTest#testMaxFloat
72,org.apache.commons.lang.ArrayUtilsTest#testToPrimitive_boolean
73,org.apache.commons.lang.math.FractionTest#testCompareTo
74,org.apache.commons.lang.builder.HashCodeBuilderTest#testConstructorEx2
75,org.apache.commons.lang.math.FloatRangeTest#testHashCode
76,org.apache.commons.lang.ArrayUtilsAddTest#testAddObjectAtIndex
77,org.apache.commons.lang.CharUtilsTest#testIsAscii_char
78,org.apache.commons.lang.ArrayUtilsTest#testIndexOfIntWithStartIndex
79,org.apache.commons.lang.CharRangeTest#testConstructorAccessors_CharChar_Normal
80,org.apache.commons.lang.time.FastDateFormatTest#testMilleniumBug
81,org.apache.commons.lang.mutable.MutableLongTest#testSubtractValuePrimitive
82,org.apache.commons.lang.oldenum.EnumTest#testSerialization
83,org.apache.commons.lang.exception.ExceptionUtilsTestCase#test_getMessage_Throwable
84,org.apache.commons.lang.builder.StandardToStringStyleTest#testLongArrayArray
85,org.apache.commons.lang.ValidateTest#testIsTrue5
86,org.apache.commons.lang.builder.EqualsBuilderTest#testBoolean
87,org.apache.commons.lang.builder.EqualsBuilderTest#testMultiShortArray
88,org.apache.commons.lang.builder.ToStringBuilderTest#testInheritedReflectionStatics
89,org.apache.commons.lang.enums.EnumTest#testBroken1Operation
90,org.apache.commons.lang.ArrayUtilsRemoveTest#testRemoveDoubleArray
91,org.apache.commons.lang.text.StrTokenizerTest#testBasicQuoted4
92,org.apache.commons.lang.math.NumberRangeTest#testGetMinimum
93,org.apache.commons.lang.EntitiesTest#testArrayIntMap
94,org.apache.commons.lang.enums.EnumTest#testIterator
95,org.apache.commons.lang.oldenum.EnumTest#testBroken2Operation
96,org.apache.commons.lang.mutable.MutableIntTest#testGetSet
97,org.apache.commons.lang.ArrayUtilsRemoveTest#testRemoveElementDoubleArray
98,org.apache.commons.lang.builder.ToStringBuilderTest#testBlank
99,org.apache.commons.lang.text.StrTokenizerTest#testBasicQuotedTrimmed1
100,org.apache.commons.lang.text.StrBuilderTest#testIndexOf_String_int
101,org.apache.commons.lang.StringUtilsTest#testDeprecatedChompFunctions
102,org.apache.commons.lang.builder.ToStringBuilderTest#testConstructorEx3
103,org.apache.commons.lang.NumberRangeTest#testConstructor
104,org.apache.commons.lang.StringEscapeUtilsTest#testUnescapeUnknownEntity
105,org.apache.commons.lang.builder.ToStringBuilderTest#testDoubleArray
106,org.apache.commons.lang.enums.EnumTest#testName
107,org.apache.commons.lang.text.StrMatcherTest#testCharSetMatcher_String
108,org.apache.commons.lang.math.NumberUtilsTest#testCreateLong
109,org.apache.commons.lang.StringUtilsIsTest#testIsAlpha
110,org.apache.commons.lang.SystemUtilsTest#testIS_OS
111,org.apache.commons.lang.WordUtilsTest#testUncapitalize_String
112,org.apache.commons.lang.exception.NestableErrorTestCase#testGetMessage
113,org.apache.commons.lang.math.NumberRangeTest#testOverlapsRange
114,org.apache.commons.lang.exception.ExceptionUtilsTestCase#testGetThrowableList_Throwable_withoutCause
115,org.apache.commons.lang.math.NumberUtilsTest#testMaxInt
116,org.apache.commons.lang.ArrayUtilsTest#testIndexOfCharWithStartIndex
117,org.apache.commons.lang.exception.ExceptionUtilsTestCase#testGetThrowables_Throwable_withoutCause
118,org.apache.commons.lang.oldenum.EnumTest#testList
119,org.apache.commons.lang.BitFieldTest#testIsSet
120,org.apache.commons.lang.text.StrBuilderTest#testDeleteAll_char
121,org.apache.commons.lang.ClassUtilsTest#testGetClassWithArrayClasses2D
122,org.apache.commons.lang.mutable.MutableDoubleTest#testPrimitiveValues
123,org.apache.commons.lang.ArrayUtilsTest#testLastIndexOfLong
124,org.apache.commons.lang.ArrayUtilsTest#testConstructor
125,org.apache.commons.lang.ArrayUtilsTest#testContainsDouble
126,org.apache.commons.lang.EntitiesPerformanceTest#testEscapeHash
127,org.apache.commons.lang.StringUtilsTest#testSplit_StringString_StringStringInt
128,org.apache.commons.lang.builder.ToStringBuilderTest#testLongArrayArray
129,org.apache.commons.lang.WordUtilsTest#testUncapitalizeWithDelimiters_String
130,org.apache.commons.lang.CharRangeTest#testHashCode
131,org.apache.commons.lang.NumberRangeTest#testOverlapNull
132,org.apache.commons.lang.EntitiesPerformanceTest#testBuildHash
133,org.apache.commons.lang.ObjectUtilsTest#testIdentityToString
134,org.apache.commons.lang.ArrayUtilsTest#testToPrimitive_int_int
135,org.apache.commons.lang.NumberRangeTest#testEqualsWithSameReference
136,org.apache.commons.lang.oldenum.EnumTest#testBroken1
137,org.apache.commons.lang.StringUtilsTest#testReplaceChars_StringCharChar
138,org.apache.commons.lang.SerializationUtilsTest#testSerializeIOException
139,org.apache.commons.lang.math.DoubleRangeTest#testEquals
140,org.apache.commons.lang.enums.EnumTest#testOperationSerialization
141,org.apache.commons.lang.builder.HashCodeBuilderTest#testDoubleArray
142,org.apache.commons.lang.IntHashMapTest#testContainsValue
143,org.apache.commons.lang.BooleanUtilsTest#test_toIntegerObject_boolean_Integer_Integer
144,org.apache.commons.lang.text.StrBuilderTest#testGetCharsIntIntCharArrayInt
145,org.apache.commons.lang.math.IntRangeTest#testOverlapsRange
146,org.apache.commons.lang.builder.ToStringBuilderTest#testCharArrayArray
147,org.apache.commons.lang.text.StrBuilderTest#testReplace_StrMatcher_String_int_int_int_VaryStartIndex
148,org.apache.commons.lang.math.RangeTest#testToString
149,org.apache.commons.lang.math.FractionTest#testEquals
150,org.apache.commons.lang.NotImplementedExceptionTest#testIndexOfThrowable
151,org.apache.commons.lang.ArrayUtilsTest#testLastIndexOfCharWithStartIndex
152,org.apache.commons.lang.StringUtilsSubstringTest#testSubstring_StringIntInt
153,org.apache.commons.lang.BooleanUtilsTest#test_toIntegerObject_Boolean
154,org.apache.commons.lang.math.FractionTest#testFactory_int_int
155,org.apache.commons.lang.ArrayUtilsTest#testContains
156,org.apache.commons.lang.builder.CompareToBuilderTest#testObject
157,org.apache.commons.lang.builder.CompareToBuilderTest#testMultiCharArray
158,org.apache.commons.lang.mutable.MutableObjectTest#testGetSet
159,org.apache.commons.lang.builder.HashCodeBuilderTest#testIntArrayAsObject
160,org.apache.commons.lang.builder.HashCodeBuilderTest#testFloat
161,org.apache.commons.lang.text.StrBuilderTest#testEqualsIgnoreCase
162,org.apache.commons.lang.ArrayUtilsTest#testLastIndexOfChar
163,org.apache.commons.lang.builder.EqualsBuilderTest#testFloat
164,org.apache.commons.lang.ArrayUtilsAddTest#testAddObjectArrayByte
165,org.apache.commons.lang.builder.ToStringBuilderTest#testReflectionLongArrayArray
166,org.apache.commons.lang.builder.EqualsBuilderTest#testReflectionEqualsExcludeFields
167,org.apache.commons.lang.builder.CompareToBuilderTest#testFloatArrayHiddenByObject
168,org.apache.commons.lang.mutable.MutableDoubleTest#testEquals
169,org.apache.commons.lang.math.NumberRangeTest#testHashCode
170,org.apache.commons.lang.text.StrBuilderAppendInsertTest#testAppend_StringBuffer_int_int
171,org.apache.commons.lang.math.RandomUtilsTest#testNextDouble2
172,org.apache.commons.lang.text.StrBuilderTest#testLastIndexOf_StrMatcher
173,org.apache.commons.lang.time.DateUtilsTest#testIsSameDay_Date
174,org.apache.commons.lang.CharRangeTest#testConstructorAccessors_CharCharBoolean_ReversedNegated
175,org.apache.commons.lang.math.RandomUtilsTest#testNextDouble
176,org.apache.commons.lang.builder.ToStringBuilderTest#testReflectionArrayAndObjectCycle
177,org.apache.commons.lang.math.NumberUtilsTest#testMaximumByte
178,org.apache.commons.lang.builder.EqualsBuilderTest#testDouble
179,org.apache.commons.lang.EntitiesPerformanceTest#testBuildPrimitive
180,org.apache.commons.lang.math.LongRangeTest#testEquals
181,org.apache.commons.lang.CharSetTest#testConstructor_String_comboNegated
182,org.apache.commons.lang.mutable.MutableLongTest#testAddValuePrimitive
183,org.apache.commons.lang.math.DoubleRangeTest#testConstructor2b
184,org.apache.commons.lang.builder.ToStringBuilderTest#testReflectionFloatArray
185,org.apache.commons.lang.builder.ReflectionToStringBuilderExcludeTest#test_toStringExcludeArrayWithNull
186,org.apache.commons.lang.BitFieldTest#testSetShortValue
187,org.apache.commons.lang.builder.CompareToBuilderTest#testDoubleArray
188,org.apache.commons.lang.BooleanUtilsTest#test_negate_Boolean
189,org.apache.commons.lang.text.StrBuilderTest#testIndexOf_StrMatcher_int
190,org.apache.commons.lang.StringUtilsTest#testReplace_StringStringString
191,org.apache.commons.lang.IllegalClassExceptionTest#testConstructor_classArgs_nullActual
192,org.apache.commons.lang.CharRangeTest#testConstructorAccessors_CharCharBoolean_Normal
193,org.apache.commons.lang.NumberRangeTest#testIncludesRangeNull
194,org.apache.commons.lang.text.StrTokenizerTest#testChaining
195,org.apache.commons.lang.ArrayUtilsTest#testToPrimitive_char_char
196,org.apache.commons.lang.text.StrMatcherTest#testDoubleQuoteMatcher
197,org.apache.commons.lang.BooleanUtilsTest#testXor_object_nullElementInput
198,org.apache.commons.lang.ArrayUtilsTest#testLastIndexOfByte
199,org.apache.commons.lang.StringUtilsEqualsIndexOfTest#testLastIndexOf_char
200,org.apache.commons.lang.BooleanUtilsTest#test_toStringYesNo_Boolean
201,org.apache.commons.lang.WordUtilsTest#testCapitalizeFully_String
202,org.apache.commons.lang.ValidateTest#testNotEmptyMap2
203,org.apache.commons.lang.text.StrBuilderAppendInsertTest#testAppend_Object
204,org.apache.commons.lang.WordUtilsTest#testWrap_StringInt
205,org.apache.commons.lang.mutable.MutableDoubleTest#testSubtractValueObject
206,org.apache.commons.lang.builder.ToStringBuilderTest#testReflectionHierarchy
207,org.apache.commons.lang.SerializationUtilsTest#testCloneNull
208,org.apache.commons.lang.builder.HashCodeBuilderAndEqualsBuilderTest#testFixtureWithTransients
209,org.apache.commons.lang.exception.NestableErrorTestCase#testGetCause
210,org.apache.commons.lang.text.StrBuilderTest#testEquals
211,org.apache.commons.lang.text.StrBuilderAppendInsertTest#testAppendWithSeparators_Collection
212,org.apache.commons.lang.math.NumberUtilsTest#testMinimumLong
213,org.apache.commons.lang.math.NumberUtilsTest#testMaxShort
214,org.apache.commons.lang.math.FractionTest#testToProperString
215,org.apache.commons.lang.NumberUtilsTest#testMaximumLong
216,org.apache.commons.lang.ArrayUtilsTest#testIndexOfDoubleWithStartIndexTolerance
217,org.apache.commons.lang.StringUtilsIsTest#testIsAsciiPrintable_String
218,org.apache.commons.lang.ArrayUtilsTest#testIndexOfLongWithStartIndex
219,org.apache.commons.lang.StringUtilsSubstringTest#testGetNestedString_StringStringString
220,org.apache.commons.lang.time.DateUtilsTest#testAddWeeks
221,org.apache.commons.lang.math.LongRangeTest#testConstructor2b
222,org.apache.commons.lang.text.StrBuilderTest#testContains_String
223,org.apache.commons.lang.StringUtilsTest#testJoin_IteratorChar
224,org.apache.commons.lang.mutable.MutableFloatTest#testPrimitiveValues
225,org.apache.commons.lang.StringUtilsEqualsIndexOfTest#testContainsIgnoreCase_StringString
226,org.apache.commons.lang.builder.HashCodeBuilderTest#testSuper
227,org.apache.commons.lang.math.NumberUtilsTest#testMinShort
228,org.apache.commons.lang.ArrayUtilsTest#testSameLengthFloat
229,org.apache.commons.lang.text.StrTokenizerTest#test8
230,org.apache.commons.lang.builder.HashCodeBuilderTest#testReflectionHierarchyHashCodeEx1
231,org.apache.commons.lang.ArrayUtilsTest#testCloneFloat
232,org.apache.commons.lang.exception.NestableRuntimeExceptionTestCase#testGetMessageI
233,org.apache.commons.lang.BooleanUtilsTest#testXor_primitive_emptyInput
234,org.apache.commons.lang.exception.NestableExceptionTestCase#testGetCause
235,org.apache.commons.lang.oldenum.EnumTest#testOperationSerialization
236,org.apache.commons.lang.math.RandomUtilsTest#testIllegalArguments
237,org.apache.commons.lang.math.RandomUtilsTest#testNextFloat2
238,org.apache.commons.lang.exception.NestableRuntimeExceptionTestCase#testGetMessage
239,org.apache.commons.lang.oldenum.EnumTest#testHashCode
240,org.apache.commons.lang.time.DurationFormatUtilsTest#testFormatPeriodISO
241,org.apache.commons.lang.exception.NestableExceptionTestCase#testSpecificPrintStackTrace
242,org.apache.commons.lang.ArrayUtilsTest#testReverseInt
243,org.apache.commons.lang.CharUtilsTest#testIsAsciiNumeric_char
244,org.apache.commons.lang.exception.ExceptionUtilsTestCase#test_getRootCauseMessage_Throwable
245,org.apache.commons.lang.StringUtilsTest#testRemoveEnd
246,org.apache.commons.lang.text.StrTokenizerTest#testBasicQuoted6
247,org.apache.commons.lang.StringUtilsTest#testSplitPreserveAllTokens_StringString_StringStringInt
248,org.apache.commons.lang.builder.HashCodeBuilderTest#testBooleanMultiArray
249,org.apache.commons.lang.builder.CompareToBuilderTest#testReflectionCompareEx2
250,org.apache.commons.lang.time.DurationFormatUtilsTest#testFormatPeriod
251,org.apache.commons.lang.enums.EnumUtilsTest#testGetValue
252,org.apache.commons.lang.mutable.MutableShortTest#testSubtractValueObject
253,org.apache.commons.lang.ArrayUtilsTest#testReverseDouble
254,org.apache.commons.lang.enums.EnumTest#testBroken3
255,org.apache.commons.lang.ArrayUtilsTest#testClone
256,org.apache.commons.lang.StringUtilsTest#testGetLevenshteinDistance_StringString
257,org.apache.commons.lang.builder.ToStringBuilderTest#testReflectionFloatArrayArray
258,org.apache.commons.lang.text.VariableFormatterTest#testReplaceObject
259,org.apache.commons.lang.NumberUtilsTest#testCreateFloat
260,org.apache.commons.lang.builder.CompareToBuilderTest#testObjectComparator
261,org.apache.commons.lang.CharSetUtilsTest#testSqueeze_StringStringarray
262,org.apache.commons.lang.math.NumberUtilsTest#testToLongString
263,org.apache.commons.lang.ValidateTest#testNotEmptyArray1
264,org.apache.commons.lang.enums.EnumTest#testExtended2Map
265,org.apache.commons.lang.oldenum.EnumTest#testExtendedToString
266,org.apache.commons.lang.CharSetUtilsTest#testDelete_StringString
267,org.apache.commons.lang.mutable.MutableFloatTest#testHashCode
268,org.apache.commons.lang.builder.ToStringStyleTest#testSetArraySeparator
269,org.apache.commons.lang.time.StopWatchTest#testStopWatchSimple
270,org.apache.commons.lang.StringUtilsSubstringTest#testSubstring_StringInt
271,org.apache.commons.lang.math.IntRangeTest#testConstructor2a
272,org.apache.commons.lang.time.DateUtilsTest#testConstructor
273,org.apache.commons.lang.math.NumberRangeTest#testEquals
274,org.apache.commons.lang.mutable.MutableLongTest#testToString
275,org.apache.commons.lang.text.StrTokenizerTest#testBasicEmpty1
276,org.apache.commons.lang.EntitiesPerformanceTest#testBuildLookup
277,org.apache.commons.lang.text.StrBuilderTest#testLastIndexOf_String
278,org.apache.commons.lang.ValidateTest#testNotNull2
279,org.apache.commons.lang.builder.ToStringBuilderTest#testBooleanArray
280,org.apache.commons.lang.builder.NoFieldNamesToStringStyleTest#testLongArrayArray
281,org.apache.commons.lang.enums.EnumUtilsTest#testGet
282,org.apache.commons.lang.ArrayUtilsTest#testToObject_boolean
283,org.apache.commons.lang.math.NumberUtilsTest#testMaxLong
284,org.apache.commons.lang.StringUtilsTrimEmptyTest#testIsEmpty
285,org.apache.commons.lang.text.StrBuilderTest#testMidString
286,org.apache.commons.lang.text.StrTokenizerTest#testConstructor_charArray_char
287,org.apache.commons.lang.oldenum.ValuedEnumTest#testGet
288,org.apache.commons.lang.text.StrBuilderAppendInsertTest#testInsert
289,org.apache.commons.lang.math.FloatRangeTest#testEquals
290,org.apache.commons.lang.text.StrBuilderTest#testIndexOf_StrMatcher
291,org.apache.commons.lang.ArrayUtilsRemoveTest#testRemoveElementShortArray
292,org.apache.commons.lang.mutable.MutableDoubleTest#testIncrement
293,org.apache.commons.lang.ArrayUtilsRemoveTest#testRemoveElementByteArray
294,org.apache.commons.lang.oldenum.EnumTest#testExtended1List
295,org.apache.commons.lang.ArrayUtilsTest#testCloneInt
296,org.apache.commons.lang.builder.ReflectionToStringBuilderExcludeTest#test_toStringExclude
297,org.apache.commons.lang.mutable.MutableByteTest#testDecrement
298,org.apache.commons.lang.enums.EnumTest#testToString
299,org.apache.commons.lang.EntitiesPerformanceTest#testUnescapeArray
300,org.apache.commons.lang.text.VariableFormatterTest#testReplaceNoMarkers
301,org.apache.commons.lang.builder.CompareToBuilderTest#testReflectionHierarchyCompare
302,org.apache.commons.lang.builder.CompareToBuilderTest#testChar
303,org.apache.commons.lang.builder.ToStringStyleTest#testSetSummaryObjectStartText
304,org.apache.commons.lang.StringUtilsTrimEmptyTest#testStripToNull_String
305,org.apache.commons.lang.NumberUtilsTest#testCreateLong
306,org.apache.commons.lang.math.NumberUtilsTest#testStringToIntString
307,org.apache.commons.lang.time.DateUtilsTest#testIsSameInstant_Cal
308,org.apache.commons.lang.builder.ToStringBuilderTest#testObjectArray
309,org.apache.commons.lang.math.NumberRangeTest#testContainsLongBig
310,org.apache.commons.lang.oldenum.EnumTest#testOperationList
311,org.apache.commons.lang.enums.EnumTest#testExtended2List
312,org.apache.commons.lang.mutable.MutableShortTest#testAddValueObject
313,org.apache.commons.lang.builder.ToStringBuilderTest#testReflectionhortArrayArray
314,org.apache.commons.lang.text.StrBuilderTest#testReplace_StrMatcher_String_int_int_int_VaryCount
315,org.apache.commons.lang.NotImplementedExceptionTest#testConstructor_StringThrowable2
316,org.apache.commons.lang.CharRangeTest#testConstructorAccessors_CharCharBoolean_Same
317,org.apache.commons.lang.builder.SimpleToStringStyleTest#testLongArrayArray
318,org.apache.commons.lang.SerializationUtilsTest#testSerializeStreamUnserializable
319,org.apache.commons.lang.StringUtilsEqualsIndexOfTest#testContainsChar
320,org.apache.commons.lang.time.FastDateFormatTest#testLowYearPadding
321,org.apache.commons.lang.exception.ExceptionUtilsTestCase#testGetThrowables_Throwable_jdkNoCause
322,org.apache.commons.lang.CharUtilsTest#testToString_char
323,org.apache.commons.lang.text.VariableFormatterTest#testReplaceCharArray
324,org.apache.commons.lang.builder.HashCodeBuilderTest#testShortArray
325,org.apache.commons.lang.StringEscapeUtilsTest#testEscapeJavaScript
326,org.apache.commons.lang.text.StrMatcherTest#testSingleQuoteMatcher
327,org.apache.commons.lang.BooleanUtilsTest#test_toBoolean_Integer_Integer_Integer
328,org.apache.commons.lang.EntitiesTest#testEntitiesXmlObject
329,org.apache.commons.lang.time.DateUtilsTest#testIteratorEx
330,org.apache.commons.lang.exception.ExceptionUtilsTestCase#testGetThrowables_Throwable_withCause
331,org.apache.commons.lang.StringUtilsTest#testSplitByWholeString_StringStringBooleanInt
332,org.apache.commons.lang.text.StrBuilderTest#testToStringBuffer
333,org.apache.commons.lang.ArrayUtilsTest#testToPrimitive_byte_byte
334,org.apache.commons.lang.text.StrBuilderAppendInsertTest#testAppendWithSeparatorsWithNullText
335,org.apache.commons.lang.time.StopWatchTest#testBadStates
336,org.apache.commons.lang.oldenum.EnumTest#testName
337,org.apache.commons.lang.IncompleteArgumentExceptionTest#test2arg_validInput
338,org.apache.commons.lang.math.FractionTest#testAbs
339,org.apache.commons.lang.builder.ShortPrefixToStringStyleTest#testObject
340,org.apache.commons.lang.builder.HashCodeBuilderTest#testChar
341,org.apache.commons.lang.enums.ValuedEnumTest#testValue
342,org.apache.commons.lang.NotImplementedExceptionTest#testConstructor_Throwable2
343,org.apache.commons.lang.NumberRangeTest#testHashCode
344,org.apache.commons.lang.text.StrBuilderTest#testClear
345,org.apache.commons.lang.builder.EqualsBuilderTest#testIntArray
346,org.apache.commons.lang.enums.EnumTest#testOperationCalculation
347,org.apache.commons.lang.math.FloatRangeTest#testContainsRange
348,org.apache.commons.lang.ArrayUtilsTest#testLastIndexOfWithStartIndex
349,org.apache.commons.lang.EntitiesPerformanceTest#testUnescapeTree
350,org.apache.commons.lang.text.StrBuilderTest#testReplaceAll_char_char
351,org.apache.commons.lang.text.StrTokenizerTest#testConstructor_charArray
352,org.apache.commons.lang.text.StrTokenizerTest#testBasicQuoted2
353,org.apache.commons.lang.math.NumberRangeTest#testContainsLong
354,org.apache.commons.lang.ArrayUtilsTest#testLastIndexOfDoubleWithStartIndexTolerance
355,org.apache.commons.lang.text.StrBuilderTest#testSubstringInt
356,org.apache.commons.lang.EntitiesTest#testHtml40Nbsp
357,org.apache.commons.lang.oldenum.EnumTest#testNestedBroken
358,org.apache.commons.lang.CharRangeTest#testConstructorAccessors_CharCharBoolean_Reversed
359,org.apache.commons.lang.StringEscapeUtilsTest#testEscapeHtmlVersions
360,org.apache.commons.lang.oldenum.EnumUtilsTest#testMapEx
361,org.apache.commons.lang.text.StrMatcherTest#testSplitMatcher
362,org.apache.commons.lang.BitFieldTest#testSetValue
363,org.apache.commons.lang.math.DoubleRangeTest#testToString
364,org.apache.commons.lang.IllegalClassExceptionTest#testGetMessage_classObjectArgs_nullInput
365,org.apache.commons.lang.StringUtilsTest#testSplitByWholeString_StringStringBoolean
366,org.apache.commons.lang.math.NumberUtilsTest#testMinInt
367,org.apache.commons.lang.ArrayUtilsTest#testContainsFloat
368,org.apache.commons.lang.builder.NoFieldNamesToStringStyleTest#testObject
369,org.apache.commons.lang.builder.CompareToBuilderTest#testFloatArray
370,org.apache.commons.lang.exception.ExceptionUtilsTestCase#testSetCauseToNull
371,org.apache.commons.lang.math.RandomUtilsTest#testNextInt2
372,org.apache.commons.lang.NumberUtilsTest#testMinimumLong
373,org.apache.commons.lang.StringUtilsEqualsIndexOfTest#testIndexOfAny_StringStringarray
374,org.apache.commons.lang.mutable.MutableIntTest#testHashCode
375,org.apache.commons.lang.time.DurationFormatUtilsTest#testConstructor
376,org.apache.commons.lang.StringUtilsTest#testSplitPreserveAllTokens_String
377,org.apache.commons.lang.StringUtilsTest#testReverse_String
378,org.apache.commons.lang.ClassUtilsTest#test_getAllInterfaces_Class
379,org.apache.commons.lang.oldenum.EnumTest#testBroken4Operation
380,org.apache.commons.lang.text.StrBuilderAppendInsertTest#testAppend_String_int_int
381,org.apache.commons.lang.SerializationUtilsTest#testSerializeStreamObjNull
382,org.apache.commons.lang.builder.EqualsBuilderTest#testShort
383,org.apache.commons.lang.exception.NestableExceptionTestCase#testGetThrowableI
384,org.apache.commons.lang.builder.ToStringBuilderTest#testSelfInstanceTwoVarsReflectionObjectCycle
385,org.apache.commons.lang.math.NumberUtilsTest#testMinLong
386,org.apache.commons.lang.StringUtilsTest#testJoin_Objectarray
387,org.apache.commons.lang.math.LongRangeTest#testOverlapsRange
388,org.apache.commons.lang.ArrayUtilsTest#testToPrimitive_boolean_boolean
389,org.apache.commons.lang.oldenum.EnumTest#testToString
390,org.apache.commons.lang.ValidateTest#testNotEmptyArray2
391,org.apache.commons.lang.builder.ToStringBuilderTest#testReflectionBooleanArray
392,org.apache.commons.lang.math.RandomUtilsTest#testNextLong
393,org.apache.commons.lang.StringUtilsTest#testDeleteWhitespace_String
394,org.apache.commons.lang.StringUtilsIsTest#testIsNumericSpace
395,org.apache.commons.lang.CharUtilsTest#testConstructor
396,org.apache.commons.lang.ArrayUtilsAddTest#testAddObjectArrayInt
397,org.apache.commons.lang.ClassUtilsTest#test_getPackageName_Class
398,org.apache.commons.lang.BooleanUtilsTest#test_toBooleanObject_Integer_Integer_Integer_Integer
399,org.apache.commons.lang.math.FloatRangeTest#testContainsDouble
400,org.apache.commons.lang.builder.CompareToBuilderTest#testObjectComparatorNull
401,org.apache.commons.lang.math.NumberUtilsTest#testIsDigits
402,org.apache.commons.lang.exception.NestableDelegateTestCase#testNestableDelegetePrintStackTrace
403,org.apache.commons.lang.BooleanUtilsTest#test_toBooleanObject_String_String_String_String
404,org.apache.commons.lang.NotImplementedExceptionTest#testConstructor_Class2
405,org.apache.commons.lang.builder.ShortPrefixToStringStyleTest#testBlank
406,org.apache.commons.lang.builder.EqualsBuilderTest#testLongArrayHiddenByObject
407,org.apache.commons.lang.ArrayUtilsTest#testToObject_int
408,org.apache.commons.lang.builder.HashCodeBuilderTest#testFloatArray
409,org.apache.commons.lang.ValidateTest#testNotNull1
410,org.apache.commons.lang.exception.ExceptionUtilsTestCase#testIndexOfType_ThrowableClassInt
411,org.apache.commons.lang.NumberUtilsTest#testCreateNumber
412,org.apache.commons.lang.builder.MultiLineToStringStyleTest#testLongArray
413,org.apache.commons.lang.builder.SimpleToStringStyleTest#testLong
414,org.apache.commons.lang.StringEscapeUtilsTest#testConstructor
415,org.apache.commons.lang.exception.NestableExceptionTestCase#testGetThrowables
416,org.apache.commons.lang.oldenum.EnumTest#testNestedLinked
417,org.apache.commons.lang.enums.EnumTest#testNestedLinked
418,org.apache.commons.lang.builder.ToStringStyleTest#testSetContentEnd
419,org.apache.commons.lang.StringUtilsTest#testEscapeFunctions_String
420,org.apache.commons.lang.EntitiesPerformanceTest#testLookupArray
421,org.apache.commons.lang.ArrayUtilsTest#testIsEmptyPrimitives
422,org.apache.commons.lang.text.VariableFormatterTest#testNoResolver
423,org.apache.commons.lang.builder.CompareToBuilderTest#testLong
424,org.apache.commons.lang.ObjectUtilsTest#testNull
425,org.apache.commons.lang.builder.ToStringBuilderTest#testReflectionLongArray
426,org.apache.commons.lang.math.FloatRangeTest#testContainsInteger
427,org.apache.commons.lang.math.NumberUtilsTest#testToFloatString
428,org.apache.commons.lang.ArrayUtilsTest#testSubarrayLong
429,org.apache.commons.lang.StringUtilsTrimEmptyTest#testStripToEmpty_String
430,org.apache.commons.lang.StringUtilsIsTest#testIsAlphanumericSpace
431,org.apache.commons.lang.math.DoubleRangeTest#testContainsNumber
432,org.apache.commons.lang.EntitiesTest#testUnescapeNamedEntity
433,org.apache.commons.lang.ClassUtilsTest#test_getPackageName_String
434,org.apache.commons.lang.time.FastDateFormatTest#test_getInstance_String_TimeZone
435,org.apache.commons.lang.text.StrTokenizerTest#testGetContent
436,org.apache.commons.lang.ArrayUtilsRemoveTest#testRemoveFloatArray
437,org.apache.commons.lang.text.VariableFormatterTest#testReplaceSystemProperties
438,org.apache.commons.lang.builder.EqualsBuilderTest#testMixedArray
439,org.apache.commons.lang.text.StrTokenizerTest#testCloneNull
440,org.apache.commons.lang.text.StrBuilderAppendInsertTest#testInsertWithNullText
441,org.apache.commons.lang.enums.EnumTest#testEqualsToWrongInstance
442,org.apache.commons.lang.WordUtilsTest#testCapitalize_String
443,org.apache.commons.lang.math.RangeTest#testHashCode
444,org.apache.commons.lang.NotImplementedExceptionTest#testPrintStackTrace_Stream
445,org.apache.commons.lang.time.DurationFormatUtilsTest#testFormatDurationISO
446,org.apache.commons.lang.enums.ValuedEnumTest#testGetValue
447,org.apache.commons.lang.math.DoubleRangeTest#testOverlapsRange
448,org.apache.commons.lang.BooleanUtilsTest#testXor_object_nullInput
449,org.apache.commons.lang.builder.CompareToBuilderTest#testReflectionHierarchyCompareTransients
450,org.apache.commons.lang.text.StrTokenizerTest#testCSVSimple
451,org.apache.commons.lang.ArrayUtilsTest#testIsEmptyObject
452,org.apache.commons.lang.ArrayUtilsTest#testCloneChar
453,org.apache.commons.lang.ClassUtilsTest#testGetClassWithArrayClasses
454,org.apache.commons.lang.ArrayUtilsTest#testContainsShort
455,org.apache.commons.lang.ArrayUtilsAddTest#testAddObjectArrayFloat
456,org.apache.commons.lang.builder.ToStringBuilderTest#testBooleanArrayArray
457,org.apache.commons.lang.NumberUtilsTest#testCompareFloat
458,org.apache.commons.lang.CharSetTest#testEquals_Object
459,org.apache.commons.lang.builder.HashCodeBuilderTest#testBooleanArray
460,org.apache.commons.lang.enums.EnumUtilsTest#testListEx
461,org.apache.commons.lang.time.DateFormatUtilsTest#testSMTP
462,org.apache.commons.lang.ArrayUtilsTest#testSameLength
463,org.apache.commons.lang.builder.HashCodeBuilderTest#testBooleanArrayAsObject
464,org.apache.commons.lang.ArrayUtilsTest#testReverse
465,org.apache.commons.lang.builder.DefaultToStringStyleTest#testLongArray
466,org.apache.commons.lang.RandomStringUtilsTest#testExceptions
467,org.apache.commons.lang.builder.HashCodeBuilderTest#testReflectionHashCodeExcludeFields
468,org.apache.commons.lang.ArrayUtilsTest#testToMap
469,org.apache.commons.lang.EntitiesPerformanceTest#testLookupLookup
470,org.apache.commons.lang.oldenum.EnumUtilsTest#testIteratorEx
471,org.apache.commons.lang.math.NumberUtilsTest#testMinimumByte
472,org.apache.commons.lang.oldenum.EnumTest#testOperationToString
473,org.apache.commons.lang.text.StrMatcherTest#testNoneMatcher
474,org.apache.commons.lang.CharEncodingTest#testConstructor
475,org.apache.commons.lang.StringUtilsTrimEmptyTest#testIsNotEmpty
476,org.apache.commons.lang.NullArgumentExceptionTest#testConstructor_nullInput
477,org.apache.commons.lang.math.NumberUtilsTest#testCreateFloat
478,org.apache.commons.lang.builder.EqualsBuilderTest#testMultiFloatArray
479,org.apache.commons.lang.LocaleUtilsTest#testAvailableLocaleList
480,org.apache.commons.lang.text.StrBuilderTest#testSize
481,org.apache.commons.lang.text.StrTokenizerTest#testBasicDelim1
482,org.apache.commons.lang.BitFieldTest#testClearShort
483,org.apache.commons.lang.CharSetTest#testSerialization
484,org.apache.commons.lang.StringUtilsEqualsIndexOfTest#testContainsNone_Chararray
485,org.apache.commons.lang.builder.CompareToBuilderTest#testShort
486,org.apache.commons.lang.enums.ValuedEnumTest#testList
487,org.apache.commons.lang.builder.EqualsBuilderTest#testByteArrayHiddenByObject
488,org.apache.commons.lang.StringUtilsTrimEmptyTest#testStripStart_StringString
489,org.apache.commons.lang.mutable.MutableFloatTest#testToString
490,org.apache.commons.lang.BooleanUtilsTest#test_toBooleanObject_Integer
491,org.apache.commons.lang.mutable.MutableDoubleTest#testDecrement
492,org.apache.commons.lang.builder.ToStringBuilderTest#testReflectionArrayCycleLevel2
493,org.apache.commons.lang.ArrayUtilsTest#testSameLengthDouble
494,org.apache.commons.lang.mutable.MutableDoubleTest#testCompareTo
495,org.apache.commons.lang.ArrayUtilsRemoveTest#testRemoveIntArray
496,org.apache.commons.lang.SerializationUtilsTest#testDeserializeStreamClassNotFound
497,org.apache.commons.lang.builder.CompareToBuilderTest#testDouble
498,org.apache.commons.lang.builder.ToStringStyleTest#testSetSummaryObjectEndText
499,org.apache.commons.lang.StringUtilsTrimEmptyTest#testIsNotBlank
500,org.apache.commons.lang.builder.ToStringBuilderTest#testInnerClassReflection
501,org.apache.commons.lang.StringUtilsTest#testRemove_char
502,org.apache.commons.lang.math.IntRangeTest#testContainsRange
503,org.apache.commons.lang.exception.ExceptionUtilsTestCase#testSetCause
504,org.apache.commons.lang.enums.EnumTest#testOperationToString
505,org.apache.commons.lang.ValidateTest#testNotEmptyMap1
506,org.apache.commons.lang.oldenum.EnumUtilsTest#testGetValueEx
507,org.apache.commons.lang.ClassUtilsTest#test_isInnerClass_Class
508,org.apache.commons.lang.text.StrBuilderTest#testIndexOf_char
509,org.apache.commons.lang.BooleanUtilsTest#test_toBooleanObject_int
510,org.apache.commons.lang.text.VariableFormatterTest#testNullMap
511,org.apache.commons.lang.StringUtilsEqualsIndexOfTest#testEqualsIgnoreCase
512,org.apache.commons.lang.exception.ExceptionUtilsTestCase#testGetRootCause_Throwable
513,org.apache.commons.lang.StringUtilsSubstringTest#testSubstringBefore_StringString
514,org.apache.commons.lang.StringUtilsSubstringTest#testSubstringBetween_StringStringString
515,org.apache.commons.lang.EntitiesPerformanceTest#testLookupHash
516,org.apache.commons.lang.CharUtilsTest#testToUnicodeEscaped_char
517,org.apache.commons.lang.builder.HashCodeBuilderAndEqualsBuilderTest#testIntegerWithTransients
518,org.apache.commons.lang.math.NumberRangeTest#testConstructor2
519,org.apache.commons.lang.text.VariableFormatterTest#testReplaceNoSuffix
520,org.apache.commons.lang.time.DurationFormatUtilsTest#testLexx
521,org.apache.commons.lang.ValidateTest#testIsTrue4
522,org.apache.commons.lang.ArrayUtilsTest#testIndexOfByte
523,org.apache.commons.lang.enums.EnumTest#testNested
524,org.apache.commons.lang.StringUtilsSubstringTest#testRight_String
525,org.apache.commons.lang.StringUtilsTest#testReverseDelimitedString_StringString
526,org.apache.commons.lang.EntitiesPerformanceTest#testLookupTree
527,org.apache.commons.lang.text.StrBuilderTest#testConstructors
528,org.apache.commons.lang.builder.ReflectionToStringBuilderExcludeTest#test_toStringExcludeCollection
529,org.apache.commons.lang.builder.HashCodeBuilderTest#testObjectArrayAsObject
530,org.apache.commons.lang.oldenum.EnumUtilsTest#testGet
531,org.apache.commons.lang.math.NumberRangeTest#testContainsRange
532,org.apache.commons.lang.math.FractionTest#testToString
533,org.apache.commons.lang.mutable.MutableObjectTest#testEquals
534,org.apache.commons.lang.time.DateFormatUtilsTest#testDateISO
535,org.apache.commons.lang.time.DateUtilsTest#testIsSameDay_Cal
536,org.apache.commons.lang.NumberRangeTest#testIncludesRange
537,org.apache.commons.lang.ArrayUtilsTest#testToPrimitive_byte
538,org.apache.commons.lang.EntitiesTest#testUnescapeUnknownEntity
539,org.apache.commons.lang.ArrayUtilsTest#testSameLengthByte
540,org.apache.commons.lang.oldenum.EnumTest#testExtended3List
541,org.apache.commons.lang.EntitiesTest#testBinaryIntMap
542,org.apache.commons.lang.NotImplementedExceptionTest#testGetMessage_Indexed
543,org.apache.commons.lang.CharUtilsTest#testToChar_Character
544,org.apache.commons.lang.math.FractionTest#testFactory_String_proper
545,org.apache.commons.lang.exception.NestableRuntimeExceptionTestCase#testGetMessages
546,org.apache.commons.lang.builder.ToStringBuilderTest#testIntArrayArray
547,org.apache.commons.lang.mutable.MutableIntTest#testSubtractValueObject
548,org.apache.commons.lang.math.LongRangeTest#testContainsDouble
549,org.apache.commons.lang.builder.CompareToBuilderTest#testBooleanArrayHiddenByObject
550,org.apache.commons.lang.StringUtilsSubstringTest#testMid_String
551,org.apache.commons.lang.ValidateTest#testNoNullElementsCollection1
552,org.apache.commons.lang.ClassUtilsTest#testGetClassRawPrimitives
553,org.apache.commons.lang.mutable.MutableByteTest#testEquals
554,org.apache.commons.lang.builder.CompareToBuilderTest#testByteArray
555,org.apache.commons.lang.LocaleUtilsTest#testCountriesByLanguage
556,org.apache.commons.lang.StringUtilsSubstringTest#testSubstringBeforeLast_StringString
557,org.apache.commons.lang.math.DoubleRangeTest#testConstructor2a
558,org.apache.commons.lang.builder.HashCodeBuilderTest#testCharArray
559,org.apache.commons.lang.RandomStringUtilsTest#testLang100
560,org.apache.commons.lang.text.StrBuilderTest#testGetChars
561,org.apache.commons.lang.oldenum.EnumUtilsTest#testGetValue
562,org.apache.commons.lang.exception.ExceptionUtilsTestCase#testPrintRootCauseStackTrace_ThrowableWriter
563,org.apache.commons.lang.enums.EnumTest#testExtended3Map
564,org.apache.commons.lang.oldenum.EnumUtilsTest#testIterator
565,org.apache.commons.lang.ClassUtilsTest#testGetClassByNormalNameArrays2D
566,org.apache.commons.lang.ArrayUtilsTest#testToObject_short
567,org.apache.commons.lang.IntHashMapTest#testContains
568,org.apache.commons.lang.builder.ToStringBuilderTest#testAppendToString
569,org.apache.commons.lang.ValidateTest#testNoNullElementsArray2
570,org.apache.commons.lang.text.StrTokenizerTest#testBasic1
571,org.apache.commons.lang.CharUtilsTest#testIsAsciiControl_char
572,org.apache.commons.lang.text.StrBuilderTest#testDeleteIntInt
573,org.apache.commons.lang.ArrayUtilsTest#testToPrimitive_intNull
574,org.apache.commons.lang.oldenum.EnumTest#testBroken5Operation
575,org.apache.commons.lang.oldenum.EnumTest#testExtended2List
576,org.apache.commons.lang.text.StrTokenizerTest#testBasicIgnoreTrimmed3
577,org.apache.commons.lang.enums.EnumUtilsTest#testGetValueEx
578,org.apache.commons.lang.ArrayUtilsTest#testReverseChar
579,org.apache.commons.lang.enums.EnumTest#testCompareTo
580,org.apache.commons.lang.time.DurationFormatUtilsTest#testFormatDurationHMS
581,org.apache.commons.lang.text.StrTokenizerTest#testBasicEmpty2
582,org.apache.commons.lang.ArrayUtilsTest#testToPrimitive_long
583,org.apache.commons.lang.mutable.MutableBooleanTest#testConstructors
584,org.apache.commons.lang.oldenum.EnumTest#testMap
585,org.apache.commons.lang.enums.EnumTest#testExtended2Get
586,org.apache.commons.lang.text.StrBuilderTest#testMinimizeCapacity
587,org.apache.commons.lang.ClassUtilsTest#testGetClassInvalidArguments
588,org.apache.commons.lang.NumberUtilsTest#testIsNumberInvalidInput
589,org.apache.commons.lang.ArrayUtilsTest#testLastIndexOfInt
590,org.apache.commons.lang.text.StrBuilderTest#testIndexOf_String
591,org.apache.commons.lang.enums.EnumTest#testNestedReferenced
592,org.apache.commons.lang.WordUtilsTest#testConstructor
593,org.apache.commons.lang.text.StrBuilderTest#testReplace_StrMatcher_String_int_int_int_VaryEndIndex
594,org.apache.commons.lang.builder.StandardToStringStyleTest#testObject
595,org.apache.commons.lang.builder.CompareToBuilderTest#testShortArrayHiddenByObject
596,org.apache.commons.lang.math.FloatRangeTest#testConstructor1b
597,org.apache.commons.lang.mutable.MutableShortTest#testGetSet
598,org.apache.commons.lang.builder.NoFieldNamesToStringStyleTest#testLong
599,org.apache.commons.lang.CharEncodingTest#testMustBeSupportedJava1_3_1
600,org.apache.commons.lang.CharSetTest#testConstructor_String_combo
601,org.apache.commons.lang.StringUtilsSubstringTest#testGetNestedString_StringString
602,org.apache.commons.lang.mutable.MutableShortTest#testSubtractValuePrimitive
603,org.apache.commons.lang.oldenum.EnumTest#testExtended3Get
604,org.apache.commons.lang.BooleanUtilsTest#test_toStringTrueFalse_boolean
605,org.apache.commons.lang.time.DateFormatUtilsTest#testDateTimeISO
606,org.apache.commons.lang.StringUtilsTest#testDifferenceAt_StringString
607,org.apache.commons.lang.ArrayUtilsTest#testLastIndexOf
608,org.apache.commons.lang.CharUtilsTest#testToCharacterObject_char
609,org.apache.commons.lang.text.StrBuilderTest#testDeleteFirst_StrMatcher
610,org.apache.commons.lang.ArrayUtilsTest#testToPrimitive_long_long
611,org.apache.commons.lang.UnhandledExceptionTest#testGetCauseAndGetMessage
612,org.apache.commons.lang.builder.CompareToBuilderTest#testByte
613,org.apache.commons.lang.ArrayUtilsTest#testSubarrayByte
614,org.apache.commons.lang.NumberUtilsTest#testCompareDouble
615,org.apache.commons.lang.mutable.MutableObjectTest#testConstructors
616,org.apache.commons.lang.mutable.MutableFloatTest#testToFloat
617,org.apache.commons.lang.math.IntRangeTest#testEquals
618,org.apache.commons.lang.builder.ToStringBuilderTest#testReflectionByteArrayArray
619,org.apache.commons.lang.mutable.MutableLongTest#testIncrement
620,org.apache.commons.lang.NumberUtilsTest#testPublicNoArgConstructor
621,org.apache.commons.lang.builder.ToStringBuilderTest#testFloatArrayArray
622,org.apache.commons.lang.builder.MultiLineToStringStyleTest#testObject
623,org.apache.commons.lang.NumberRangeTest#testOverlap
624,org.apache.commons.lang.StringUtilsTest#testReplace_StringStringStringInt
625,org.apache.commons.lang.ArrayUtilsTest#testReverseShort
626,org.apache.commons.lang.math.RandomUtilsTest#testJvmRandomNextInt
627,org.apache.commons.lang.builder.ToStringBuilderTest#testShortArrayArray
628,org.apache.commons.lang.oldenum.EnumUtilsTest#testConstructor
629,org.apache.commons.lang.text.StrBuilderAppendInsertTest#testAppendWithNullText
630,org.apache.commons.lang.math.LongRangeTest#testContainsRange
631,org.apache.commons.lang.CharUtilsTest#testToChar_Character_char
632,org.apache.commons.lang.NumberUtilsTest#testCreateBigInteger
633,org.apache.commons.lang.builder.HashCodeBuilderTest#testFloatArrayAsObject
634,org.apache.commons.lang.IntHashMapTest#testRemove
635,org.apache.commons.lang.CharSetTest#testContains_Char
636,org.apache.commons.lang.StringUtilsTrimEmptyTest#testStripEnd_StringString
637,org.apache.commons.lang.math.IntRangeTest#testContainsNumber
638,org.apache.commons.lang.ArrayUtilsTest#testSubarrayObject
639,org.apache.commons.lang.builder.CompareToBuilderTest#testByteArrayHiddenByObject
640,org.apache.commons.lang.math.NumberUtilsTest#testMinimumShort
641,org.apache.commons.lang.StringUtilsEqualsIndexOfTest#testIndexOfAnyBut_StringChararray
642,org.apache.commons.lang.CharUtilsTest#testToIntValue_Character_int
643,org.apache.commons.lang.builder.ShortPrefixToStringStyleTest#testAppendSuper
644,org.apache.commons.lang.oldenum.EnumTest#testEqualsToWrongInstance
645,org.apache.commons.lang.builder.HashCodeBuilderTest#testDoubleArrayAsObject
646,org.apache.commons.lang.SerializationUtilsTest#testDeserializeStream
647,org.apache.commons.lang.BooleanUtilsTest#test_toBoolean_String
648,org.apache.commons.lang.exception.NestableDelegateTestCase#testNestableDelegateGetMessage
649,org.apache.commons.lang.time.DateUtilsTest#testAddYears
650,org.apache.commons.lang.builder.ToStringStyleTest#testSetSizeEndText
651,org.apache.commons.lang.ClassUtilsTest#testConstructor
652,org.apache.commons.lang.text.StrTokenizerTest#testConstructor_charArray_char_char
653,org.apache.commons.lang.StringUtilsTrimEmptyTest#testStripAll
654,org.apache.commons.lang.StringEscapeUtilsTest#testEscapeHtml
655,org.apache.commons.lang.enums.EnumUtilsTest#testMapEx
656,org.apache.commons.lang.oldenum.ValuedEnumTest#testToString
657,org.apache.commons.lang.exception.NestableErrorTestCase#testGetMessages
658,org.apache.commons.lang.mutable.MutableLongTest#testEquals
659,org.apache.commons.lang.math.RandomUtilsTest#testNextBoolean2
660,org.apache.commons.lang.builder.SimpleToStringStyleTest#testBlank
661,org.apache.commons.lang.math.NumberUtilsTest#testMaximumDouble
662,org.apache.commons.lang.NumberUtilsTest#testStringToIntString
663,org.apache.commons.lang.StringUtilsEqualsIndexOfTest#testIndexOf_char
664,org.apache.commons.lang.SerializationUtilsTest#testDeserializeStreamNull
665,org.apache.commons.lang.mutable.MutableByteTest#testGetSet
666,org.apache.commons.lang.builder.ToStringStyleTest#testSetSizeStartText
667,org.apache.commons.lang.EntitiesPerformanceTest#testUnescapeHash
668,org.apache.commons.lang.text.StrBuilderTest#testAsWriter
669,org.apache.commons.lang.builder.EqualsBuilderTest#testReflectionHierarchyEquals
670,org.apache.commons.lang.BooleanUtilsTest#test_toStringOnOff_boolean
671,org.apache.commons.lang.UnhandledExceptionTest#testConstructor_stringAndThrowable_nullInput
672,org.apache.commons.lang.StringUtilsTest#testOverlay_StringStringIntInt
673,org.apache.commons.lang.enums.ValuedEnumTest#testToString
674,org.apache.commons.lang.BooleanUtilsTest#testXor_primitive_nullInput
675,org.apache.commons.lang.exception.NestableRuntimeExceptionTestCase#testPrintStackTrace
676,org.apache.commons.lang.SystemUtilsTest#testGetJavaIoTmpDir
677,org.apache.commons.lang.NotImplementedExceptionTest#testConstructor_String1
678,org.apache.commons.lang.time.DateUtilsTest#testRound
679,org.apache.commons.lang.CharSetUtilsTest#testConstructor
680,org.apache.commons.lang.text.StrBuilderTest#testDeleteFirst_char
681,org.apache.commons.lang.StringUtilsEqualsIndexOfTest#testLastIndexOf_String
682,org.apache.commons.lang.CharRangeTest#testConstructorAccessors_CharBoolean_Normal
683,org.apache.commons.lang.oldenum.EnumUtilsTest#testList
684,org.apache.commons.lang.enums.EnumTest#testExtended1Get
685,org.apache.commons.lang.text.StrBuilderTest#testLastIndexOf_char_int
686,org.apache.commons.lang.text.VariableFormatterTest#testCyclicReplacement
687,org.apache.commons.lang.math.LongRangeTest#testConstructor1a
688,org.apache.commons.lang.enums.ValuedEnumTest#testName
689,org.apache.commons.lang.SystemUtilsTest#testConstructor
690,org.apache.commons.lang.ArrayUtilsTest#testContainsInt
691,org.apache.commons.lang.builder.ReflectionToStringBuilderExcludeTest#test_toStringExcludeNullCollection
692,org.apache.commons.lang.enums.EnumUtilsTest#testList
693,org.apache.commons.lang.builder.EqualsBuilderTest#testMultiByteArray
694,org.apache.commons.lang.enums.ValuedEnumTest#testIterator
695,org.apache.commons.lang.StringUtilsTest#testRepeat_StringInt
696,org.apache.commons.lang.mutable.MutableShortTest#testDecrement
697,org.apache.commons.lang.oldenum.EnumUtilsTest#testGetEx
698,org.apache.commons.lang.builder.ToStringBuilderTest#testReflectionBooleanArrayArray
699,org.apache.commons.lang.ArrayUtilsTest#testIndexOfShort
700,org.apache.commons.lang.mutable.MutableByteTest#testConstructors
701,org.apache.commons.lang.BitFieldTest#testSet
702,org.apache.commons.lang.builder.CompareToBuilderTest#testShortArray
703,org.apache.commons.lang.math.RandomUtilsTest#testNextInt
704,org.apache.commons.lang.SerializationUtilsTest#testSerializeBytesNull
705,org.apache.commons.lang.builder.CompareToBuilderTest#testObjectEx2
706,org.apache.commons.lang.mutable.MutableFloatTest#testDecrement
707,org.apache.commons.lang.math.NumberUtilsTest#testCompareDouble
708,org.apache.commons.lang.enums.EnumTest#testExtended1List
709,org.apache.commons.lang.text.StrTokenizerTest#test2
710,org.apache.commons.lang.enums.EnumEqualsTest#testEquals
711,org.apache.commons.lang.builder.ToStringBuilderTest#testBoolean
712,org.apache.commons.lang.WordUtilsTest#testSwapCase_String
713,org.apache.commons.lang.enums.EnumUtilsTest#testMap
714,org.apache.commons.lang.StringUtilsTest#testDefault_StringString
715,org.apache.commons.lang.math.NumberUtilsTest#testMaxDouble
716,org.apache.commons.lang.text.StrBuilderTest#testLeftString
717,org.apache.commons.lang.exception.ExceptionUtilsTestCase#testRemoveCommonFrames_ListList
718,org.apache.commons.lang.builder.StandardToStringStyleTest#testBlank
719,org.apache.commons.lang.CharSetTest#testConstructor_String_oddNegate
720,org.apache.commons.lang.EntitiesTest#testUnescapeMiscellaneous
721,org.apache.commons.lang.ClassUtilsTest#test_convertClassNamesToClasses_List
722,org.apache.commons.lang.EntitiesPerformanceTest#testEscapeBinary
723,org.apache.commons.lang.text.StrTokenizerTest#testBasic4
724,org.apache.commons.lang.ArrayUtilsTest#testSameLengthBoolean
725,org.apache.commons.lang.ArrayUtilsTest#testLastIndexOfFloatWithStartIndex
726,org.apache.commons.lang.mutable.MutableShortTest#testToShort
727,org.apache.commons.lang.IntHashMapTest#testPut
728,org.apache.commons.lang.math.FractionTest#testAdd
729,org.apache.commons.lang.text.StrBuilderTest#testSetCharAt
730,org.apache.commons.lang.mutable.MutableByteTest#testIncrement
731,org.apache.commons.lang.CharEncodingTest#testWorksOnJava1_2_2
732,org.apache.commons.lang.builder.ReflectionToStringBuilderExcludeTest#test_toStringExcludeArray
733,org.apache.commons.lang.ArrayUtilsTest#testSubarrChar
734,org.apache.commons.lang.mutable.MutableByteTest#testAddValuePrimitive
735,org.apache.commons.lang.SerializationUtilsTest#testSerializeBytes
736,org.apache.commons.lang.enums.EnumTest#testExtendedToString
737,org.apache.commons.lang.builder.HashCodeBuilderTest#testDouble
738,org.apache.commons.lang.enums.EnumUtilsTest#testIteratorEx
739,org.apache.commons.lang.text.StrBuilderTest#testGetSetNullText
740,org.apache.commons.lang.ArrayUtilsTest#testToObject_double
741,org.apache.commons.lang.math.LongRangeTest#testContainsFloat
742,org.apache.commons.lang.builder.CompareToBuilderTest#testAppendSuper
743,org.apache.commons.lang.CharRangeTest#testConstructorAccessors_CharChar_Same
744,org.apache.commons.lang.SerializationUtilsTest#testDeserializeStreamBadStream
745,org.apache.commons.lang.oldenum.ValuedEnumTest#testName
746,org.apache.commons.lang.ArrayUtilsTest#testContainsDoubleTolerance
747,org.apache.commons.lang.StringUtilsSubstringTest#testCountMatches_String
748,org.apache.commons.lang.exception.ExceptionUtilsTestCase#testGetCause_ThrowableArray
749,org.apache.commons.lang.mutable.MutableIntTest#testToString
750,org.apache.commons.lang.math.IntRangeTest#testContainsFloat
751,org.apache.commons.lang.IncompleteArgumentExceptionTest#test2arg_allNullInput
752,org.apache.commons.lang.enums.EnumTest#testList
753,org.apache.commons.lang.mutable.MutableShortTest#testEquals
754,org.apache.commons.lang.math.FractionTest#testFactory_String
755,org.apache.commons.lang.builder.ToStringBuilderTest#testReflectionIntArrayArray
756,org.apache.commons.lang.ValidateTest#testNoNullElementsArray1
757,org.apache.commons.lang.text.StrBuilderTest#testDeleteAll_String
758,org.apache.commons.lang.CharSetUtilsTest#testDelete_StringStringarray
759,org.apache.commons.lang.enums.ValuedEnumTest#testEquals
760,org.apache.commons.lang.mutable.MutableByteTest#testSubtractValueObject
761,org.apache.commons.lang.builder.DefaultToStringStyleTest#testObjectArray
762,org.apache.commons.lang.CharUtilsTest#testToUnicodeEscaped_Character
763,org.apache.commons.lang.mutable.MutableFloatTest#testCompareTo
764,org.apache.commons.lang.StringUtilsTest#testRemoveStart
765,org.apache.commons.lang.builder.DefaultToStringStyleTest#testAppendSuper
766,org.apache.commons.lang.builder.EqualsBuilderTest#testDoubleArrayHiddenByObject
767,org.apache.commons.lang.BooleanUtilsTest#test_toInteger_Boolean_int_int_int
768,org.apache.commons.lang.text.StrTokenizerTest#testBasicQuoted7
769,org.apache.commons.lang.builder.ToStringBuilderTest#testReflectionStatics
770,org.apache.commons.lang.time.DateUtilsTest#testIsSameLocalTime_Cal
771,org.apache.commons.lang.builder.EqualsBuilderTest#testMultiIntArray
772,org.apache.commons.lang.mutable.MutableFloatTest#testAddValuePrimitive
773,org.apache.commons.lang.text.StrBuilderTest#testCapacityAndLength
774,org.apache.commons.lang.SerializationUtilsTest#testDeserializeBytesNull
775,org.apache.commons.lang.ArrayUtilsTest#testIndexOfChar
776,org.apache.commons.lang.BitFieldTest#testGetRawValue
777,org.apache.commons.lang.ClassUtilsTest#test_convertClassesToClassNames_List
778,org.apache.commons.lang.mutable.MutableIntTest#testToInteger
779,org.apache.commons.lang.ArrayUtilsTest#testLastIndexOfShort
780,org.apache.commons.lang.StringUtilsTest#testChomp
781,org.apache.commons.lang.oldenum.EnumTest#testExtended1Map
782,org.apache.commons.lang.builder.StandardToStringStyleTest#testObjectArray
783,org.apache.commons.lang.math.RandomUtilsTest#testNextLong2
784,org.apache.commons.lang.builder.EqualsBuilderTest#testCharArray
785,org.apache.commons.lang.StringUtilsIsTest#testIsWhitespace
786,org.apache.commons.lang.mutable.MutableFloatTest#testIncrement
787,org.apache.commons.lang.math.FractionTest#testNegate
788,org.apache.commons.lang.SystemUtilsTest#testJavaVersionAtLeastFloat
789,org.apache.commons.lang.StringUtilsTest#testDefault_String
790,org.apache.commons.lang.text.StrBuilderAppendInsertTest#testAppendFixedWidthPadLeft
791,org.apache.commons.lang.math.NumberRangeTest#testContainsDouble
792,org.apache.commons.lang.builder.CompareToBuilderTest#testCharArray
793,org.apache.commons.lang.LocaleUtilsTest#testLocaleLookupList_Locale
794,org.apache.commons.lang.StringEscapeUtilsTest#testUnescapeHexCharsHtml
795,org.apache.commons.lang.ValidateTest#testIsTrue1
796,org.apache.commons.lang.ArrayUtilsTest#testCloneBoolean
797,org.apache.commons.lang.ArrayUtilsTest#testToString
798,org.apache.commons.lang.EntitiesTest#testHashIntMap
799,org.apache.commons.lang.exception.ExceptionUtilsTestCase#testGetThrowables_Throwable_recursiveCause
800,org.apache.commons.lang.text.StrBuilderTest#testContains_char
801,org.apache.commons.lang.ArrayUtilsRemoveTest#testRemoveElementIntArray
802,org.apache.commons.lang.exception.ExceptionUtilsTestCase#testCauseMethodNameOps
803,org.apache.commons.lang.text.CompositeFormatTest#testCompositeFormat
804,org.apache.commons.lang.CharUtilsTest#testToIntValue_char
805,org.apache.commons.lang.text.StrBuilderTest#testDeleteFirst_String
806,org.apache.commons.lang.math.IntRangeTest#testHashCode
807,org.apache.commons.lang.enums.EnumTest#testBroken4Operation
808,org.apache.commons.lang.CharSetTest#testStatics
809,org.apache.commons.lang.text.StrBuilderAppendInsertTest#testAppend_StrBuilder_int_int
810,org.apache.commons.lang.exception.ExceptionUtilsTestCase#testGetThrowableCount_Throwable
811,org.apache.commons.lang.text.StrTokenizerTest#testBasic2
812,org.apache.commons.lang.ArrayUtilsRemoveTest#testRemoveCharArray
813,org.apache.commons.lang.time.DateUtilsTest#testTruncate
814,org.apache.commons.lang.mutable.MutableFloatTest#testAddValueObject
815,org.apache.commons.lang.oldenum.EnumTest#testBroken1Operation
816,org.apache.commons.lang.IllegalClassExceptionTest#testGetMessage_classArgs_normalInput
817,org.apache.commons.lang.oldenum.EnumTest#testExtendedSerialization
818,org.apache.commons.lang.BitFieldTest#testGetShortRawValue
819,org.apache.commons.lang.builder.MultiLineToStringStyleTest#testAppendSuper
820,org.apache.commons.lang.builder.NoFieldNamesToStringStyleTest#testLongArray
821,org.apache.commons.lang.text.VariableFormatterTest#testReplaceNothing
822,org.apache.commons.lang.builder.HashCodeBuilderTest#testIntArray
823,org.apache.commons.lang.exception.NestableRuntimeExceptionTestCase#testGetThrowables
824,org.apache.commons.lang.SerializationUtilsTest#testClone
825,org.apache.commons.lang.builder.ShortPrefixToStringStyleTest#testLongArrayArray
826,org.apache.commons.lang.builder.ToStringBuilderTest#testShort
827,org.apache.commons.lang.ArrayUtilsTest#testSubarrayShort
828,org.apache.commons.lang.ArrayUtilsTest#testIndexOfByteWithStartIndex
829,org.apache.commons.lang.builder.EqualsBuilderTest#testRaggedArray
830,org.apache.commons.lang.exception.NestableErrorTestCase#testGetThrowableCount
831,org.apache.commons.lang.math.DoubleRangeTest#testContainsDouble
832,org.apache.commons.lang.CharSetUtilsTest#testKeep_StringString
833,org.apache.commons.lang.text.StrBuilderTest#testTrim
834,org.apache.commons.lang.text.StrBuilderTest#testSetLength
835,org.apache.commons.lang.ValidateTest#testIsTrue3
836,org.apache.commons.lang.text.VariableFormatterTest#testReplaceNoEscape
837,org.apache.commons.lang.NumberRangeTest#testConstructorWithMaxLessThanMin
838,org.apache.commons.lang.EntitiesPerformanceTest#testEscapePrimitive
839,org.apache.commons.lang.RandomStringUtilsTest#testConstructor
840,org.apache.commons.lang.text.StrBuilderAppendInsertTest#testAppend_String
841,org.apache.commons.lang.StringEscapeUtilsTest#testEscapeSql
842,org.apache.commons.lang.mutable.MutableShortTest#testIncrement
843,org.apache.commons.lang.text.StrTokenizerTest#testCSVEmpty
844,org.apache.commons.lang.StringUtilsTest#testJoin_ArrayChar
845,org.apache.commons.lang.CharUtilsTest#testToCharacterObject_String
846,org.apache.commons.lang.ClassUtilsTest#test_isAssignable_Widening
847,org.apache.commons.lang.math.DoubleRangeTest#testContainsInteger
848,org.apache.commons.lang.builder.SimpleToStringStyleTest#testLongArray
849,org.apache.commons.lang.exception.ExceptionUtilsTestCase#testGetCause_Throwable
850,org.apache.commons.lang.BooleanUtilsTest#test_toBoolean_String_String_String
851,org.apache.commons.lang.BooleanUtilsTest#test_toIntegerObject_Boolean_Integer_Integer_Integer
852,org.apache.commons.lang.WordUtilsTest#testCapitalizeWithDelimiters_String
853,org.apache.commons.lang.builder.EqualsBuilderTest#testDoubleArray
854,org.apache.commons.lang.text.VariableFormatterTest#testRecursiveReplacement
855,org.apache.commons.lang.mutable.MutableDoubleTest#testHashCode
856,org.apache.commons.lang.text.VariableFormatterTest#testReplaceWeirdPattens
857,org.apache.commons.lang.mutable.MutableFloatTest#testSubtractValueObject
858,org.apache.commons.lang.ArrayUtilsTest#testLastIndexOfDoubleTolerance
859,org.apache.commons.lang.text.StrMatcherTest#testMatcherIndices
860,org.apache.commons.lang.builder.ToStringStyleTest#testSetArrayStart
861,org.apache.commons.lang.mutable.MutableDoubleTest#testAddValuePrimitive
862,org.apache.commons.lang.ArrayUtilsAddTest#testAddObjectArrayLong
863,org.apache.commons.lang.math.DoubleRangeTest#testContainsRange
864,org.apache.commons.lang.math.DoubleRangeTest#testHashCode
865,org.apache.commons.lang.ArrayUtilsTest#testLastIndexOfIntWithStartIndex
866,org.apache.commons.lang.ObjectUtilsTest#testConstructor
867,org.apache.commons.lang.ObjectUtilsTest#testAppendIdentityToString
868,org.apache.commons.lang.text.StrTokenizerTest#testBasic5
869,org.apache.commons.lang.LocaleUtilsTest#testLocaleLookupList_LocaleLocale
870,org.apache.commons.lang.exception.ExceptionUtilsTestCase#testGetThrowableList_Throwable_jdkNoCause
871,org.apache.commons.lang.StringUtilsTest#testLeftPad_StringIntString
872,org.apache.commons.lang.mutable.MutableDoubleTest#testSubtractValuePrimitive
873,org.apache.commons.lang.StringUtilsTest#testOverlayString_StringStringIntInt
874,org.apache.commons.lang.EntitiesTest#testAddEntitiesArray
875,org.apache.commons.lang.math.FractionTest#testPow
876,org.apache.commons.lang.builder.ToStringBuilderTest#testByteArray
877,org.apache.commons.lang.builder.DefaultToStringStyleTest#testLong
878,org.apache.commons.lang.mutable.MutableLongTest#testToLong
879,org.apache.commons.lang.math.FractionTest#testFactory_int_int_int
880,org.apache.commons.lang.builder.ToStringBuilderTest#testSimpleReflectionObjectCycle
881,org.apache.commons.lang.CharRangeTest#testConstructorAccessors_CharCharBoolean_NormalNegated
882,org.apache.commons.lang.oldenum.ValuedEnumTest#testCompareTo
883,org.apache.commons.lang.ArrayUtilsAddTest#testAddObjectArrayBoolean
884,org.apache.commons.lang.text.StrTokenizerTest#testBasicQuoted5
885,org.apache.commons.lang.builder.CompareToBuilderTest#testLongArrayHiddenByObject
886,org.apache.commons.lang.NotImplementedExceptionTest#testPrintStackTrace
887,org.apache.commons.lang.math.LongRangeTest#testGetMinimum
888,org.apache.commons.lang.text.StrBuilderTest#testLength
889,org.apache.commons.lang.builder.ReflectionToStringBuilderExcludeTest#test_toStringExcludeCollectionWithNulls
890,org.apache.commons.lang.builder.EqualsBuilderTest#testFloatArray
891,org.apache.commons.lang.StringUtilsTest#testDefaultIfEmpty_StringString
892,org.apache.commons.lang.WordUtilsTest#testInitials_String_charArray
893,org.apache.commons.lang.mutable.MutableFloatTest#testGetSet
894,org.apache.commons.lang.CharUtilsTest#testIsAsciiAlpha_char
895,org.apache.commons.lang.builder.CompareToBuilderTest#testCharArrayHiddenByObject
896,org.apache.commons.lang.text.StrBuilderTest#testReplaceFirst_String_String
897,org.apache.commons.lang.text.StrBuilderTest#testEnsureCapacity
898,org.apache.commons.lang.builder.ToStringBuilderTest#testReflectionObjectArray
899,org.apache.commons.lang.oldenum.ValuedEnumTest#testSerialization
900,org.apache.commons.lang.exception.ExceptionUtilsTestCase#testGetRootCauseStackTrace_Throwable
901,org.apache.commons.lang.builder.ToStringBuilderTest#testObject
902,org.apache.commons.lang.SystemUtilsTest#testGetUserHome
903,org.apache.commons.lang.StringUtilsTest#testChop
904,org.apache.commons.lang.StringUtilsEqualsIndexOfTest#testIndexOfAny_StringString
905,org.apache.commons.lang.ArrayUtilsTest#testToPrimitive_short
906,org.apache.commons.lang.ClassUtilsTest#testPrimitiveToWrapper
907,org.apache.commons.lang.ClassUtilsTest#testGetClassClassNotFound
908,org.apache.commons.lang.mutable.MutableShortTest#testCompareTo
909,org.apache.commons.lang.StringUtilsTrimEmptyTest#testClean
910,org.apache.commons.lang.math.FractionTest#testInvert
911,org.apache.commons.lang.text.StrBuilderTest#testReplace_StrMatcher_String_int_int_int_VaryReplace
912,org.apache.commons.lang.NumberRangeTest#testToString
913,org.apache.commons.lang.text.StrMatcherTest#testTrimMatcher
914,org.apache.commons.lang.exception.ExceptionUtilsTestCase#testGetThrowableList_Throwable_recursiveCause
915,org.apache.commons.lang.CharEncodingTest#testNotSupported
916,org.apache.commons.lang.exception.NestableDelegateTestCase#testIndexOfThrowable
917,org.apache.commons.lang.text.StrBuilderTest#testReplaceAll_StrMatcher_String
918,org.apache.commons.lang.text.StrMatcherTest#testQuoteMatcher
919,org.apache.commons.lang.time.DateUtilsTest#testAddSeconds
920,org.apache.commons.lang.math.DoubleRangeTest#testConstructor1a
921,org.apache.commons.lang.text.StrTokenizerTest#testBasicIgnoreTrimmed1
922,org.apache.commons.lang.builder.EqualsBuilderTest#testBooleanArrayHiddenByObject
923,org.apache.commons.lang.math.FractionTest#testMultiply
924,org.apache.commons.lang.SerializationUtilsTest#testSerializeStream
925,org.apache.commons.lang.ArrayUtilsTest#testSameLengthShort
926,org.apache.commons.lang.math.LongRangeTest#testContainsNumber
927,org.apache.commons.lang.SerializationUtilsTest#testDeserializeBytesOfNull
928,org.apache.commons.lang.text.StrBuilderAppendInsertTest#testAppendFixedWidthPadRight
929,org.apache.commons.lang.ArrayUtilsTest#testLastIndexOfLongWithStartIndex
930,org.apache.commons.lang.RandomStringUtilsTest#testRandomStringUtils
931,org.apache.commons.lang.text.StrBuilderTest#testEndsWith
932,org.apache.commons.lang.exception.ExceptionUtilsTestCase#testGetThrowableList_Throwable_nested
933,org.apache.commons.lang.CharRangeTest#testConstructorAccessors_CharChar_Reversed
934,org.apache.commons.lang.builder.MultiLineToStringStyleTest#testLongArrayArray
935,org.apache.commons.lang.mutable.MutableFloatTest#testSubtractValuePrimitive
936,org.apache.commons.lang.builder.HashCodeBuilderTest#testObject
937,org.apache.commons.lang.text.VariableFormatterTest#testReplaceNoPrefix
938,org.apache.commons.lang.enums.EnumTest#testBroken3Operation
939,org.apache.commons.lang.exception.NestableRuntimeExceptionTestCase#testPrintPartialStackTrace
940,org.apache.commons.lang.builder.ReflectionToStringBuilderExcludeTest#test_toStringExcludeCollectionWithNull
941,org.apache.commons.lang.NumberRangeTest#testEqualsWithOtherObject
942,org.apache.commons.lang.IllegalClassExceptionTest#testConstructor_classObjectArgs_nullActual
943,org.apache.commons.lang.ArrayUtilsTest#testContainsBoolean
944,org.apache.commons.lang.SystemUtilsTest#testGetUserDir
945,org.apache.commons.lang.exception.ExceptionUtilsTestCase#testPrintRootCauseStackTrace_ThrowableStream
946,org.apache.commons.lang.math.FloatRangeTest#testContainsFloat
947,org.apache.commons.lang.text.StrTokenizerTest#testReset_charArray
948,org.apache.commons.lang.CharRangeTest#testContains_Char
949,org.apache.commons.lang.ArrayUtilsTest#testSameLengthLong
950,org.apache.commons.lang.builder.DefaultToStringStyleTest#testObject
951,org.apache.commons.lang.ValidateTest#testAllElementsOfType
952,org.apache.commons.lang.builder.CompareToBuilderTest#testMixedArray
953,org.apache.commons.lang.math.IntRangeTest#testToString
954,org.apache.commons.lang.ArrayUtilsTest#testIndexOfDouble
955,org.apache.commons.lang.text.StrTokenizerTest#testReset
956,org.apache.commons.lang.BooleanUtilsTest#testXor_primitive_validInput_3items
957,org.apache.commons.lang.BitFieldTest#testSetBoolean
958,org.apache.commons.lang.time.FastDateFormatTest#test_getInstance_String_TimeZone_Locale
959,org.apache.commons.lang.math.NumberUtilsTest#testStringToIntStringI
960,org.apache.commons.lang.oldenum.EnumUtilsTest#testListEx
961,org.apache.commons.lang.math.LongRangeTest#testContainsInteger
962,org.apache.commons.lang.NumberRangeTest#testIncludesNumberNull
963,org.apache.commons.lang.math.DoubleRangeTest#testGetMinimum
964,org.apache.commons.lang.text.StrTokenizerTest#testBasicIgnoreTrimmed2
965,org.apache.commons.lang.ArrayUtilsTest#testSameLengthChar
966,org.apache.commons.lang.time.DurationFormatUtilsTest#testFormatDurationPluralWords
967,org.apache.commons.lang.text.StrBuilderTest#testReplaceAll_String_String
968,org.apache.commons.lang.builder.CompareToBuilderTest#testMultiIntArray
969,org.apache.commons.lang.math.LongRangeTest#testGetMaximum
970,org.apache.commons.lang.mutable.MutableShortTest#testAddValuePrimitive
971,org.apache.commons.lang.math.NumberUtilsTest#testToLongStringL
972,org.apache.commons.lang.text.StrTokenizerTest#testConstructor_String
973,org.apache.commons.lang.math.IntRangeTest#testConstructor2b
974,org.apache.commons.lang.NotImplementedExceptionTest#testConstructor_String2
975,org.apache.commons.lang.ValidateTest#testNoNullElementsCollection2
976,org.apache.commons.lang.mutable.MutableShortTest#testHashCode
977,org.apache.commons.lang.EntitiesPerformanceTest#testEscapeArray
978,org.apache.commons.lang.StringUtilsTest#testReplaceChars_StringStringString
979,org.apache.commons.lang.enums.EnumTest#testExtended3List
980,org.apache.commons.lang.text.VariableFormatterTest#testNonDefaultTokens
981,org.apache.commons.lang.BooleanUtilsTest#test_isTrue_Boolean
982,org.apache.commons.lang.WordUtilsTest#testWrap_StringIntStringBoolean
983,org.apache.commons.lang.exception.NestableErrorTestCase#testIndexOfThrowable
984,org.apache.commons.lang.oldenum.EnumTest#testOperationCalculation
985,org.apache.commons.lang.BitFieldTest#testSetShort
986,org.apache.commons.lang.text.StrBuilderTest#testDeleteAll_StrMatcher
987,org.apache.commons.lang.enums.EnumUtilsTest#testGetEx
988,org.apache.commons.lang.EntitiesTest#testPrimitiveIntMap
989,org.apache.commons.lang.enums.EnumTest#testBroken1
990,org.apache.commons.lang.StringUtilsTest#testConcatenate_Objectarray
991,org.apache.commons.lang.ClassUtilsTest#testPrimitivesToWrappers
992,org.apache.commons.lang.math.DoubleRangeTest#testGetMaximum
993,org.apache.commons.lang.builder.CompareToBuilderTest#testReflectionCompareEx1
994,org.apache.commons.lang.text.StrBuilderAppendInsertTest#testAppend_CharArray
995,org.apache.commons.lang.StringUtilsTest#testDeleteSpace_String
996,org.apache.commons.lang.exception.ExceptionUtilsTestCase#testGetThrowables_Throwable_selfCause
997,org.apache.commons.lang.exception.ExceptionUtilsTestCase#testIsThrowableNested
998,org.apache.commons.lang.builder.ReflectionToStringBuilderExcludeTest#test_toStringExcludeEmptyCollection
999,org.apache.commons.lang.exception.NestableDelegateTestCase#testNestableDelegateGetThrowables
1000,org.apache.commons.lang.mutable.MutableIntTest#testConstructors
1001,org.apache.commons.lang.ArrayUtilsTest#testCloneShort
1002,org.apache.commons.lang.NotImplementedExceptionTest#testConstructor_
1003,org.apache.commons.lang.exception.NestableRuntimeExceptionTestCase#testSpecificPrintStackTrace
1004,org.apache.commons.lang.builder.CompareToBuilderTest#testMultiDoubleArray
1005,org.apache.commons.lang.enums.EnumTest#testExtendedSerialization
1006,org.apache.commons.lang.BitFieldTest#testGetValue
1007,org.apache.commons.lang.ArrayUtilsTest#testReverseBoolean
1008,org.apache.commons.lang.math.NumberRangeTest#testToString
1009,org.apache.commons.lang.math.FloatRangeTest#testOverlapsRange
1010,org.apache.commons.lang.math.LongRangeTest#testConstructor1b
1011,org.apache.commons.lang.exception.ExceptionUtilsTestCase#testPrintRootCauseStackTrace_Throwable
1012,org.apache.commons.lang.IllegalClassExceptionTest#testGetMessage_stringArg_validInput
1013,org.apache.commons.lang.time.DateUtilsTest#testMonthIterator
1014,org.apache.commons.lang.builder.EqualsBuilderTest#testFloatArrayHiddenByObject
1015,org.apache.commons.lang.mutable.MutableBooleanTest#testHashCode
1016,org.apache.commons.lang.exception.NestableExceptionTestCase#testGetMessageI
1017,org.apache.commons.lang.IllegalClassExceptionTest#testConstructor_classObjectArgs_allNullInput
1018,org.apache.commons.lang.text.StrTokenizerTest#testTSVEmpty
1019,org.apache.commons.lang.ArrayUtilsTest#testSameType
1020,org.apache.commons.lang.StringUtilsTest#testRightPad_StringInt
1021,org.apache.commons.lang.oldenum.EnumTest#testIterator
1022,org.apache.commons.lang.IllegalClassExceptionTest#testGetMessage_stringArg_nullInput
1023,org.apache.commons.lang.math.NumberUtilsTest#testToIntStringI
1024,org.apache.commons.lang.exception.ExceptionUtilsTestCase#testIndexOf_ThrowableClass
1025,org.apache.commons.lang.NumberUtilsTest#testCreateDouble
1026,org.apache.commons.lang.text.StrTokenizerTest#test5
1027,org.apache.commons.lang.NotImplementedExceptionTest#testPrintStackTrace_Writer
1028,org.apache.commons.lang.BooleanUtilsTest#test_toString_Boolean_String_String_String
1029,org.apache.commons.lang.builder.CompareToBuilderTest#testBoolean
1030,org.apache.commons.lang.ArrayUtilsTest#testSubarrayInt
1031,org.apache.commons.lang.time.FastDateFormatTest#test_getInstance
1032,org.apache.commons.lang.builder.ToStringBuilderTest#testConstructorEx2
1033,org.apache.commons.lang.SerializationUtilsTest#testDeserializeBytesBadStream
1034,org.apache.commons.lang.enums.EnumTest#testExtended1Map
1035,org.apache.commons.lang.math.IntRangeTest#testConstructor1b
1036,org.apache.commons.lang.NullArgumentExceptionTest#testGetMessage_validConstructorInput
1037,org.apache.commons.lang.time.DateUtilsTest#testAddMinutes
1038,org.apache.commons.lang.text.VariableFormatterTest#testInitialize
1039,org.apache.commons.lang.ArrayUtilsTest#testToObject_float
1040,org.apache.commons.lang.math.NumberUtilsTest#testStringToDoubleString
1041,org.apache.commons.lang.CharUtilsTest#testToChar_String_char
1042,org.apache.commons.lang.StringUtilsTest#testSwapCase_String
1043,org.apache.commons.lang.builder.HashCodeBuilderTest#testLongArray
1044,org.apache.commons.lang.text.StrBuilderTest#testRightString
1045,org.apache.commons.lang.time.DateFormatUtilsTest#testFormat
1046,org.apache.commons.lang.exception.NestableRuntimeExceptionTestCase#testGetCause
1047,org.apache.commons.lang.exception.NestableDelegateTestCase#testNestableDelegateGetThrowableN
1048,org.apache.commons.lang.StringUtilsTest#testCenter_StringInt
1049,org.apache.commons.lang.exception.NestableDelegateTestCase#testGetMessageString
1050,org.apache.commons.lang.CharUtilsTest#testIsAsciiAlphaLower_char
1051,org.apache.commons.lang.CharSetTest#testConstructor_String_simple
1052,org.apache.commons.lang.ValidateTest#testNotEmptyString1
1053,org.apache.commons.lang.math.FloatRangeTest#testGetMinimum
1054,org.apache.commons.lang.builder.EqualsBuilderTest#testCharArrayHiddenByObject
1055,org.apache.commons.lang.builder.ToStringBuilderTest#testReflectionCharArrayArray
1056,org.apache.commons.lang.builder.HashCodeBuilderAndEqualsBuilderTest#testFixture
1057,org.apache.commons.lang.StringEscapeUtilsTest#testEscapeJava
1058,org.apache.commons.lang.builder.CompareToBuilderTest#testMultiLongArray
1059,org.apache.commons.lang.oldenum.EnumTest#testNestedReferenced
1060,org.apache.commons.lang.ValidateTest#testNotEmptyCollection2
1061,org.apache.commons.lang.text.StrBuilderAppendInsertTest#testAppendPadding
1062,org.apache.commons.lang.ClassUtilsTest#test_getShortClassName_Object
1063,org.apache.commons.lang.ArrayUtilsTest#testCloneLong
1064,org.apache.commons.lang.math.NumberUtilsTest#testMinDouble
1065,org.apache.commons.lang.math.NumberUtilsTest#testMaximumLong
1066,org.apache.commons.lang.mutable.MutableIntTest#testAddValuePrimitive
1067,org.apache.commons.lang.BooleanUtilsTest#test_toBooleanObject_int_int_int
1068,org.apache.commons.lang.exception.NestableErrorTestCase#testPrintPartialStackTrace
1069,org.apache.commons.lang.text.StrBuilderTest#testSubstringIntInt
1070,org.apache.commons.lang.time.DateUtilsTest#testIsSameInstant_Date
1071,org.apache.commons.lang.BooleanUtilsTest#test_toString_boolean_String_String_String
1072,org.apache.commons.lang.builder.MultiLineToStringStyleTest#testLong
1073,org.apache.commons.lang.StringUtilsTest#testSplit_StringChar
1074,org.apache.commons.lang.IllegalClassExceptionTest#testGetMessage_classArgs_nullInput
1075,org.apache.commons.lang.StringUtilsEqualsIndexOfTest#testIndexOfAnyBut_StringString
1076,org.apache.commons.lang.IntHashMapTest#testClear
1077,org.apache.commons.lang.IllegalClassExceptionTest#testConstructor_stringArg_nullInput
1078,org.apache.commons.lang.builder.EqualsBuilderTest#testReflectionEquals
1079,org.apache.commons.lang.IntHashMapTest#testIsEmpty
1080,org.apache.commons.lang.math.FractionTest#testFactory_String_improper
1081,org.apache.commons.lang.builder.ShortPrefixToStringStyleTest#testLong
1082,org.apache.commons.lang.enums.EnumUtilsTest#testConstructor
1083,org.apache.commons.lang.StringUtilsTest#testJoin_IteratorString
1084,org.apache.commons.lang.mutable.MutableDoubleTest#testConstructors
1085,org.apache.commons.lang.exception.ExceptionUtilsTestCase#testIsNestedThrowable_Throwable
1086,org.apache.commons.lang.NotImplementedExceptionTest#testGetThrowable
1087,org.apache.commons.lang.StringUtilsTest#testChopNewLine
1088,org.apache.commons.lang.enums.EnumTest#testOperationList
1089,org.apache.commons.lang.builder.ToStringBuilderTest#testReflectionArrayCycle
1090,org.apache.commons.lang.StringUtilsTest#testAbbreviate_StringInt
1091,org.apache.commons.lang.builder.HashCodeBuilderTest#testReflectionHierarchyHashCode
1092,org.apache.commons.lang.StringUtilsIsTest#testIsNumeric
1093,org.apache.commons.lang.oldenum.ValuedEnumTest#testIterator
1094,org.apache.commons.lang.oldenum.ValuedEnumTest#testGetValue
1095,org.apache.commons.lang.text.StrBuilderTest#testCharAt
1096,org.apache.commons.lang.mutable.MutableByteTest#testSubtractValuePrimitive
1097,org.apache.commons.lang.builder.EqualsBuilderTest#testByte
1098,org.apache.commons.lang.StringUtilsIsTest#testIsAlphaspace
1099,org.apache.commons.lang.builder.DefaultToStringStyleTest#testBlank
1100,org.apache.commons.lang.mutable.MutableIntTest#testIncrement
1101,org.apache.commons.lang.text.StrBuilderTest#testReplace_StrMatcher_String_int_int_int_VaryMatcher
1102,org.apache.commons.lang.oldenum.EnumUtilsTest#testMap
1103,org.apache.commons.lang.text.StrBuilderAppendInsertTest#testAppend_Primitive
1104,org.apache.commons.lang.builder.ToStringBuilderTest#testDoubleArrayArray
1105,org.apache.commons.lang.StringUtilsSubstringTest#testSubstringAfterLast_StringString
1106,org.apache.commons.lang.exception.NestableRuntimeExceptionTestCase#testGetThrowableCount
1107,org.apache.commons.lang.exception.NestableDelegateTestCase#testNestableDelegateGetMessageN
1108,org.apache.commons.lang.builder.EqualsBuilderTest#testObject
1109,org.apache.commons.lang.exception.NestableExceptionTestCase#testGetThrowableCount
1110,org.apache.commons.lang.enums.EnumTest#testMap
1111,org.apache.commons.lang.BitFieldTest#testIsAllSet
1112,org.apache.commons.lang.ClassUtilsTest#testWithInterleavingWhitespace
1113,org.apache.commons.lang.text.StrBuilderAppendInsertTest#testAppendFixedWidthPadRight_int
1114,org.apache.commons.lang.math.FloatRangeTest#testContainsNumber
1115,org.apache.commons.lang.mutable.MutableLongTest#testSubtractValueObject
1116,org.apache.commons.lang.math.FractionTest#testConversions
1117,org.apache.commons.lang.oldenum.EnumTest#testBroken3
1118,org.apache.commons.lang.builder.ToStringBuilderTest#testReflectionArrayArrayCycle
1119,org.apache.commons.lang.ArrayUtilsTest#testToPrimitive_double
1120,org.apache.commons.lang.math.IntRangeTest#testContainsLong
1121,org.apache.commons.lang.builder.HashCodeBuilderTest#testByte
1122,org.apache.commons.lang.ArrayUtilsTest#testToObject_long
1123,org.apache.commons.lang.builder.EqualsBuilderTest#testMultiLongArray
1124,org.apache.commons.lang.ArrayUtilsTest#testIndexOfDoubleWithStartIndex
1125,org.apache.commons.lang.StringUtilsSubstringTest#testLeft_String
1126,org.apache.commons.lang.BitFieldTest#testGetShortValue
1127,org.apache.commons.lang.StringUtilsTest#testConstructor
1128,org.apache.commons.lang.NotImplementedExceptionTest#testConstructor_Class1
1129,org.apache.commons.lang.enums.EnumTest#testNestedBroken
1130,org.apache.commons.lang.text.CompositeFormatTest#testUsage
1131,org.apache.commons.lang.builder.ToStringBuilderTest#testReflectionBoolean
1132,org.apache.commons.lang.builder.NoFieldNamesToStringStyleTest#testObjectArray
1133,org.apache.commons.lang.text.VariableFormatterTest#testEscape
1134,org.apache.commons.lang.NumberRangeTest#testToStringWithNegatives
1135,org.apache.commons.lang.ObjectUtilsTest#testToString_ObjectString
1136,org.apache.commons.lang.SerializationUtilsTest#testException
1137,org.apache.commons.lang.CharRangeTest#testContains_Charrange
1138,org.apache.commons.lang.builder.ToStringStyleTest#testSetFieldNameValueSeparator
1139,org.apache.commons.lang.ArrayUtilsTest#testContainsLong
1140,org.apache.commons.lang.text.StrTokenizerTest#test1
1141,org.apache.commons.lang.exception.NestableRuntimeExceptionTestCase#testGetThrowableI
1142,org.apache.commons.lang.ObjectUtilsTest#testToString_Object
1143,org.apache.commons.lang.NumberUtilsTest#testMinimumInt
1144,org.apache.commons.lang.CharSetUtilsTest#testSqueeze_StringString
1145,org.apache.commons.lang.ArrayUtilsTest#testToObject_byte
1146,org.apache.commons.lang.time.StopWatchTest#testStopWatchSplit
1147,org.apache.commons.lang.SystemUtilsTest#testJavaVersionAtLeastInt
1148,org.apache.commons.lang.builder.CompareToBuilderTest#testObjectArray
1149,org.apache.commons.lang.builder.NoFieldNamesToStringStyleTest#testBlank
1150,org.apache.commons.lang.time.DateUtilsTest#testAddByField
1151,org.apache.commons.lang.CharRangeTest#testSerialization
1152,org.apache.commons.lang.time.DateFormatUtilsTest#testTimeNoTISO
1153,org.apache.commons.lang.exception.NestableExceptionTestCase#testPrintStackTrace
1154,org.apache.commons.lang.StringEscapeUtilsTest#testEscapeXml
1155,org.apache.commons.lang.text.StrBuilderTest#testAsReader
1156,org.apache.commons.lang.StringUtilsTest#testSplitPreserveAllTokens_StringChar
1157,org.apache.commons.lang.enums.EnumTest#testBroken5Operation
1158,org.apache.commons.lang.StringUtilsTest#testRemove_String
1159,org.apache.commons.lang.ValidateTest#testNotEmptyCollection1
1160,org.apache.commons.lang.enums.EnumTest#testHashCode
1161,org.apache.commons.lang.builder.ToStringBuilderTest#testReflectionObjectCycle
1162,org.apache.commons.lang.math.NumberUtilsTest#testToIntString
1163,org.apache.commons.lang.builder.HashCodeBuilderTest#testByteArrayAsObject
1164,org.apache.commons.lang.exception.NestableRuntimeExceptionTestCase#testIndexOfThrowableI
1165,org.apache.commons.lang.builder.StandardToStringStyleTest#testLong
1166,org.apache.commons.lang.NumberRangeTest#testMaxMin
1167,org.apache.commons.lang.builder.StandardToStringStyleTest#testLongArray
1168,org.apache.commons.lang.CharUtilsTest#testToIntValue_Character
1169,org.apache.commons.lang.exception.ExceptionUtilsTestCase#testGetThrowables_Throwable_nested
1170,org.apache.commons.lang.text.StrTokenizerTest#testCloneReset
1171,org.apache.commons.lang.text.StrTokenizerTest#testBasicQuoted1
1172,org.apache.commons.lang.ArrayUtilsTest#testToPrimitive_float_float
1173,org.apache.commons.lang.mutable.MutableDoubleTest#testToString
1174,org.apache.commons.lang.ArrayUtilsTest#testContainsChar
1175,org.apache.commons.lang.math.IntRangeTest#testGetMinimum
1176,org.apache.commons.lang.math.NumberRangeTest#testContainsNumber
1177,org.apache.commons.lang.text.StrBuilderAppendInsertTest#testAppendNewLine
1178,org.apache.commons.lang.StringUtilsEqualsIndexOfTest#testOrdinalIndexOf
1179,org.apache.commons.lang.mutable.MutableLongTest#testAddValueObject
1180,org.apache.commons.lang.builder.ToStringBuilderTest#testSelfInstanceVarReflectionObjectCycle
1181,org.apache.commons.lang.BooleanUtilsTest#test_toInteger_boolean_int_int
1182,org.apache.commons.lang.mutable.MutableLongTest#testDecrement
1183,org.apache.commons.lang.enums.EnumTest#testOperationMap
1184,org.apache.commons.lang.time.StopWatchTest#testStopWatchSuspend
1185,org.apache.commons.lang.NumberRangeTest#testEquals
1186,org.apache.commons.lang.builder.ToStringBuilderTest#testInt
1187,org.apache.commons.lang.IllegalClassExceptionTest#testConstructor_classArgs_nullExpected
1188,org.apache.commons.lang.builder.EqualsBuilderTest#testInt
1189,org.apache.commons.lang.ArrayUtilsTest#testIndexOfBoolean
1190,org.apache.commons.lang.StringEscapeUtilsTest#testUnescapeHtml
1191,org.apache.commons.lang.BooleanUtilsTest#testConstructor
1192,org.apache.commons.lang.StringUtilsSubstringTest#testSubstringBetween_StringString
1193,org.apache.commons.lang.text.StrBuilderTest#testToCharArrayIntInt
1194,org.apache.commons.lang.StringUtilsTrimEmptyTest#testTrimToNull
1195,org.apache.commons.lang.CharUtilsTest#testIsAsciiAlphanumeric_char
1196,org.apache.commons.lang.CharEncodingTest#testWorksOnJava1_1_8
1197,org.apache.commons.lang.builder.ToStringBuilderTest#testFloatArray
1198,org.apache.commons.lang.math.FractionTest#testReduce
1199,org.apache.commons.lang.CharUtilsTest#testToIntValue_char_int
1200,org.apache.commons.lang.ClassUtilsTest#test_getShortClassName_Class
1201,org.apache.commons.lang.text.StrTokenizerTest#testBasicTrimmed2
1202,org.apache.commons.lang.StringUtilsEqualsIndexOfTest#testContainsOnly_Chararray
1203,org.apache.commons.lang.text.StrBuilderTest#testCapacity
1204,org.apache.commons.lang.StringUtilsEqualsIndexOfTest#testLastIndexOf_StringInt
1205,org.apache.commons.lang.StringUtilsTest#testCaseFunctions
1206,org.apache.commons.lang.builder.ReflectionToStringBuilderExcludeTest#test_toStringExcludeArrayWithNulls
1207,org.apache.commons.lang.time.StopWatchTest#testStopWatchSimpleGet
1208,org.apache.commons.lang.math.NumberUtilsTest#testMinimumInt
1209,org.apache.commons.lang.mutable.MutableIntTest#testPrimitiveValues
1210,org.apache.commons.lang.ArrayUtilsRemoveTest#testRemoveByteArray
1211,org.apache.commons.lang.EntitiesPerformanceTest#testEscapeTree
1212,org.apache.commons.lang.exception.NestableDelegateTestCase#testNestableDelegateGetThrowableCount
1213,org.apache.commons.lang.EntitiesPerformanceTest#testEscapeLookup
1214,org.apache.commons.lang.builder.CompareToBuilderTest#testIntArrayHiddenByObject
1215,org.apache.commons.lang.builder.ToStringBuilderTest#testGetSetDefault
1216,org.apache.commons.lang.math.FloatRangeTest#testConstructor2a
1217,org.apache.commons.lang.builder.HashCodeBuilderTest#testByteArray
1218,org.apache.commons.lang.oldenum.EnumTest#testOperationMap
1219,org.apache.commons.lang.StringUtilsTest#testReverseDelimited_StringChar
1220,org.apache.commons.lang.mutable.MutableFloatTest#testEquals
1221,org.apache.commons.lang.BooleanUtilsTest#test_toInteger_boolean
1222,org.apache.commons.lang.NumberUtilsTest#testStringToIntStringI
1223,org.apache.commons.lang.EntitiesPerformanceTest#testBuildArray
1224,org.apache.commons.lang.IntHashMapTest#testConstructor
1225,org.apache.commons.lang.text.VariableFormatterTest#testReplace
1226,org.apache.commons.lang.time.FastDateFormatTest#test_getInstance_String
1227,org.apache.commons.lang.mutable.MutableShortTest#testToString
1228,org.apache.commons.lang.BooleanUtilsTest#test_toBooleanObject_String
1229,org.apache.commons.lang.mutable.MutableByteTest#testToString
1230,org.apache.commons.lang.builder.CompareToBuilderTest#testObjectArrayHiddenByObject
1231,org.apache.commons.lang.builder.HashCodeBuilderTest#testReflectionHashCodeEx3
1232,org.apache.commons.lang.text.StrBuilderTest#testToCharArray
1233,org.apache.commons.lang.time.FastDateFormatTest#test_getInstance_String_Locale
1234,org.apache.commons.lang.ArrayUtilsTest#testHashCode
1235,org.apache.commons.lang.enums.EnumTest#testOperationGet
1236,org.apache.commons.lang.builder.ToStringBuilderTest#testFloat
1237,org.apache.commons.lang.exception.NestableDelegateTestCase#testNestableDelegateConstructor
1238,org.apache.commons.lang.ClassUtilsTest#test_getShortClassName_String
1239,org.apache.commons.lang.StringUtilsTrimEmptyTest#testStrip_StringString
1240,org.apache.commons.lang.builder.StandardToStringStyleTest#testAppendSuper
1241,org.apache.commons.lang.ArrayUtilsRemoveTest#testRemoveElementBooleanArray
1242,org.apache.commons.lang.StringUtilsEqualsIndexOfTest#testLastIndexOfAny_StringStringarray
1243,org.apache.commons.lang.EntitiesPerformanceTest#testLookupPrimitive
1244,org.apache.commons.lang.math.NumberUtilsTest#testCreateBigDecimal
1245,org.apache.commons.lang.enums.ValuedEnumTest#testGet
1246,org.apache.commons.lang.StringUtilsTest#testRightPad_StringIntString
1247,org.apache.commons.lang.time.DateUtilsTest#testWeekIterator
1248,org.apache.commons.lang.math.RandomUtilsTest#testNextFloat
1249,org.apache.commons.lang.builder.ToStringBuilderTest#testReflectionShortArray
1250,org.apache.commons.lang.StringEscapeUtilsTest#testUnescapeJava
1251,org.apache.commons.lang.BooleanUtilsTest#testXor_object_validInput_3items
1252,org.apache.commons.lang.time.DateUtilsTest#testAddHours
1253,org.apache.commons.lang.StringUtilsIsTest#testIsAlphanumeric
1254,org.apache.commons.lang.exception.NestableRuntimeExceptionTestCase#testIndexOfThrowable
1255,org.apache.commons.lang.SerializationUtilsTest#testDeserializeStreamOfNull
1256,org.apache.commons.lang.math.FractionTest#testDivide
1257,org.apache.commons.lang.text.VariableFormatterTest#testNonInstanceMethods
1258,org.apache.commons.lang.text.StrMatcherTest#testTabMatcher
1259,org.apache.commons.lang.text.StrTokenizerTest#testReset_String
1260,org.apache.commons.lang.SystemUtilsTest#testJavaVersion
1261,org.apache.commons.lang.mutable.MutableBooleanTest#testToString
1262,org.apache.commons.lang.text.StrBuilderAppendInsertTest#testAppendWithSeparators_Iterator
1263,org.apache.commons.lang.ArrayUtilsAddTest#testAddObjectArrayObject
1264,org.apache.commons.lang.builder.EqualsBuilderTest#testSuper
1265,org.apache.commons.lang.StringUtilsEqualsIndexOfTest#testIndexOfAny_StringChararray
1266,org.apache.commons.lang.mutable.MutableByteTest#testHashCode
1267,org.apache.commons.lang.ArrayUtilsRemoveTest#testRemoveElementLongArray
1268,org.apache.commons.lang.mutable.MutableShortTest#testPrimitiveValues
1269,org.apache.commons.lang.StringUtilsTrimEmptyTest#testTrim
1270,org.apache.commons.lang.math.NumberUtilsTest#testCreateNumber
1271,org.apache.commons.lang.ArrayUtilsTest#testSubarrayDouble
1272,org.apache.commons.lang.mutable.MutableObjectTest#testHashCode
1273,org.apache.commons.lang.EntitiesPerformanceTest#testBuildTree
1274,org.apache.commons.lang.text.StrTokenizerTest#test6
1275,org.apache.commons.lang.text.StrTokenizerTest#testBasic3
1276,org.apache.commons.lang.builder.CompareToBuilderTest#testMultiShortArray
1277,org.apache.commons.lang.math.FloatRangeTest#testToString
1278,org.apache.commons.lang.StringUtilsTest#testCenter_StringIntChar
1279,org.apache.commons.lang.builder.MultiLineToStringStyleTest#testObjectArray
1280,org.apache.commons.lang.mutable.MutableObjectTest#testToString
1281,org.apache.commons.lang.CharRangeTest#testConstructorAccessors_CharBoolean_Negated
1282,org.apache.commons.lang.builder.ToStringBuilderTest#testReflectionDoubleArrayArray
1283,org.apache.commons.lang.text.StrBuilderAppendInsertTest#testAppend_PrimitiveNumber
1284,org.apache.commons.lang.LocaleUtilsTest#testAvailableLocaleSet
1285,org.apache.commons.lang.ArrayUtilsRemoveTest#testRemoveElementFloatArray
1286,org.apache.commons.lang.math.FloatRangeTest#testGetMaximum
1287,org.apache.commons.lang.CharSetUtilsTest#testTranslateNullPointerException
1288,org.apache.commons.lang.enums.EnumTest#testSerialization
1289,org.apache.commons.lang.StringUtilsEqualsIndexOfTest#testContainsNone_String
1290,org.apache.commons.lang.builder.HashCodeBuilderTest#testCharArrayAsObject
1291,org.apache.commons.lang.StringUtilsEqualsIndexOfTest#testEquals
1292,org.apache.commons.lang.BooleanUtilsTest#testXor_object_emptyInput
1293,org.apache.commons.lang.oldenum.EnumTest#testExtended1Get
1294,org.apache.commons.lang.time.DateUtilsTest#testAddMilliseconds
1295,org.apache.commons.lang.IncompleteArgumentExceptionTest#test2arg_nullArray
1296,org.apache.commons.lang.BooleanUtilsTest#test_toBooleanObject_boolean
1297,org.apache.commons.lang.ArrayUtilsTest#testLastIndexOfFloat
1298,org.apache.commons.lang.StringUtilsTest#testLeftPad_StringIntChar
1299,org.apache.commons.lang.ArrayUtilsRemoveTest#testRemoveElementObjectArray
1300,org.apache.commons.lang.math.NumberUtilsTest#testConstructor
1301,org.apache.commons.lang.StringUtilsEqualsIndexOfTest#testContainsString
1302,org.apache.commons.lang.builder.CompareToBuilderTest#testLongArray
1303,org.apache.commons.lang.mutable.MutableShortTest#testConstructors
1304,org.apache.commons.lang.NumberUtilsTest#testCreateBigDecimal
1305,org.apache.commons.lang.builder.HashCodeBuilderTest#testShort
1306,org.apache.commons.lang.text.StrTokenizerTest#testBasicIgnoreTrimmed4
1307,org.apache.commons.lang.mutable.MutableLongTest#testConstructors
1308,org.apache.commons.lang.CharSetUtilsTest#testTranslate
1309,org.apache.commons.lang.math.IntRangeTest#testContainsInteger
1310,org.apache.commons.lang.text.StrMatcherTest#testStringMatcher_String
1311,org.apache.commons.lang.enums.EnumTest#testGet
1312,org.apache.commons.lang.exception.NestableErrorTestCase#testGetMessageI
1313,org.apache.commons.lang.text.StrBuilderAppendInsertTest#testAppendFixedWidthPadLeft_int
1314,org.apache.commons.lang.ArrayUtilsTest#testIndexOf
1315,org.apache.commons.lang.mutable.MutableByteTest#testAddValueObject
1316,org.apache.commons.lang.ArrayUtilsTest#testIndexOfBooleanWithStartIndex
1317,org.apache.commons.lang.EntitiesPerformanceTest#testUnescapeBinary
1318,org.apache.commons.lang.BitFieldTest#testByte
1319,org.apache.commons.lang.text.StrTokenizerTest#testBasicQuoted3
1320,org.apache.commons.lang.mutable.MutableBooleanTest#testEquals
1321,org.apache.commons.lang.ArrayUtilsTest#testLastIndexOfShortWithStartIndex
1322,org.apache.commons.lang.StringUtilsTest#testJoin_ArrayString
1323,org.apache.commons.lang.StringUtilsEqualsIndexOfTest#testLastIndexOf_charInt
1324,org.apache.commons.lang.math.NumberRangeTest#testConstructor1Exceptions
1325,org.apache.commons.lang.builder.ToStringBuilderTest#testAppendSuper
1326,org.apache.commons.lang.ArrayUtilsAddTest#testAddObjectArrayDouble
1327,org.apache.commons.lang.oldenum.EnumTest#testNested
1328,org.apache.commons.lang.math.NumberUtilsTest#testStringToDoubleStringD
1329,org.apache.commons.lang.builder.HashCodeBuilderTest#testReflectionHierarchyHashCodeEx2
1330,org.apache.commons.lang.math.NumberRangeTest#testContainsFloat
1331,org.apache.commons.lang.text.StrTokenizerTest#test4
1332,org.apache.commons.lang.text.StrBuilderTest#testDeleteCharAt
1333,org.apache.commons.lang.mutable.MutableIntTest#testAddValueObject
1334,org.apache.commons.lang.oldenum.EnumTest#testExtended2Get
1335,org.apache.commons.lang.builder.NoFieldNamesToStringStyleTest#testAppendSuper
1336,org.apache.commons.lang.CharSetTest#testConstructor_String_oddCombinations
1337,org.apache.commons.lang.text.StrTokenizerTest#testConstructor_String_char_char
1338,org.apache.commons.lang.builder.EqualsBuilderTest#testByteArray
1339,org.apache.commons.lang.text.StrBuilderTest#testLastIndexOf_StrMatcher_int
1340,org.apache.commons.lang.StringUtilsTrimEmptyTest#testTrimToEmpty
1341,org.apache.commons.lang.BitFieldTest#testSetShortBoolean
1342,org.apache.commons.lang.BooleanUtilsTest#test_toBoolean_Boolean
1343,org.apache.commons.lang.NumberUtilsTest#testIsDigits
1344,org.apache.commons.lang.mutable.MutableBooleanTest#testGetSet
1345,org.apache.commons.lang.UnhandledExceptionTest#testGetCause
1346,org.apache.commons.lang.builder.ToStringBuilderTest#testByte
1347,org.apache.commons.lang.NumberUtilsTest#testCreateInteger
1348,org.apache.commons.lang.math.NumberRangeTest#testGetMaximum
1349,org.apache.commons.lang.NumberUtilsTest#testMaximumInt
1350,org.apache.commons.lang.builder.EqualsBuilderTest#testLongArray
1351,org.apache.commons.lang.math.DoubleRangeTest#testContainsFloat
1352,org.apache.commons.lang.text.StrBuilderTest#testReverse
1353,org.apache.commons.lang.BooleanUtilsTest#test_toStringYesNo_boolean
1354,org.apache.commons.lang.text.StrTokenizerTest#test3
1355,org.apache.commons.lang.BooleanUtilsTest#testXor_primitive_validInput_2items
1356,org.apache.commons.lang.ArrayUtilsTest#testIndexOfFloatWithStartIndex
1357,org.apache.commons.lang.ArrayUtilsRemoveTest#testRemoveBooleanArray
1358,org.apache.commons.lang.exception.NestableExceptionTestCase#testSerialization
1359,org.apache.commons.lang.math.DoubleRangeTest#testContainsLong
1360,org.apache.commons.lang.builder.EqualsBuilderTest#testObjectArray
1361,org.apache.commons.lang.SystemUtilsTest#testGetJavaHome
1362,org.apache.commons.lang.builder.DefaultToStringStyleTest#testLongArrayArray
1363,org.apache.commons.lang.math.NumberUtilsTest#testCreateInteger
1364,org.apache.commons.lang.math.LongRangeTest#testContainsLongBig
1365,org.apache.commons.lang.enums.EnumTest#testExtended3Get
1366,org.apache.commons.lang.builder.ToStringBuilderTest#testSimpleReflectionStatics
1367,org.apache.commons.lang.math.FractionTest#testFactory_String_double
1368,org.apache.commons.lang.enums.ValuedEnumTest#testSerialization
1369,org.apache.commons.lang.text.StrTokenizerTest#testBasicTrimmed1
1370,org.apache.commons.lang.mutable.MutableBooleanTest#testCompareTo
1371,org.apache.commons.lang.StringUtilsEqualsIndexOfTest#testIndexOf_StringInt
1372,org.apache.commons.lang.oldenum.EnumTest#testEquals
1373,org.apache.commons.lang.math.FloatRangeTest#testConstructor2b
1374,org.apache.commons.lang.text.StrBuilderTest#testToString
1375,org.apache.commons.lang.builder.ToStringBuilderTest#testChar
1376,org.apache.commons.lang.oldenum.EnumTest#testOperationGet
1377,org.apache.commons.lang.builder.ReflectionToStringBuilderExcludeTest#test_toStringExcludeEmptyArray
1378,org.apache.commons.lang.ArrayUtilsTest#testToObject_char
1379,org.apache.commons.lang.ValidateTest#testIsTrue2
1380,org.apache.commons.lang.enums.EnumUtilsTest#testIterator
1381,org.apache.commons.lang.EntitiesTest#testTreeIntMap
1382,org.apache.commons.lang.oldenum.EnumTest#testBroken3Operation
1383,org.apache.commons.lang.math.NumberUtilsTest#testMaximumInt
1384,org.apache.commons.lang.math.NumberUtilsTest#testMinimumFloat
1385,org.apache.commons.lang.builder.CompareToBuilderTest#testRaggedArray
1386,org.apache.commons.lang.NumberRangeTest#testIncludesNumber
1387,org.apache.commons.lang.NumberRangeTest#testEqualsNull
1388,org.apache.commons.lang.builder.ReflectionToStringBuilderExcludeTest#test_toStringExcludeNullArray
1389,org.apache.commons.lang.CharSetTest#testHashCode
1390,org.apache.commons.lang.exception.ExceptionUtilsTestCase#testIndexOfType_ThrowableClass
1391,org.apache.commons.lang.enums.EnumTest#testBroken2Operation
1392,org.apache.commons.lang.math.NumberUtilsTest#testMinimumDouble
1393,org.apache.commons.lang.CharSetUtilsTest#testCount_StringString
1394,org.apache.commons.lang.ArrayUtilsTest#testReverseByte
1395,org.apache.commons.lang.builder.ToStringStyleTest#testSetContentStart
1396,org.apache.commons.lang.oldenum.EnumTest#testExtended2Map
1397,org.apache.commons.lang.text.StrMatcherTest#testCommaMatcher
1398,org.apache.commons.lang.BooleanUtilsTest#test_toIntegerObject_boolean
1399,org.apache.commons.lang.ArrayUtilsRemoveTest#testRemoveShortArray
1400,org.apache.commons.lang.ArrayUtilsTest#testLastIndexOfBoolean
1401,org.apache.commons.lang.mutable.MutableIntTest#testCompareTo
1402,org.apache.commons.lang.CharUtilsTest#testIsAsciiAlphaUpper_char
1403,org.apache.commons.lang.ClassUtilsTest#testGetClassByNormalNameArrays
1404,org.apache.commons.lang.math.IntRangeTest#testContainsDouble
1405,org.apache.commons.lang.StringUtilsTest#testLeftPad_StringInt
1406,org.apache.commons.lang.ArrayUtilsTest#testSubarrayFloat
1407,org.apache.commons.lang.exception.ExceptionUtilsTestCase#testGetThrowableList_Throwable_withCause
1408,org.apache.commons.lang.math.FractionTest#testFactory_double
1409,org.apache.commons.lang.enums.EnumTest#testEquals
1410,org.apache.commons.lang.time.DurationFormatUtilsTest#testFormatDuration
1411,org.apache.commons.lang.enums.EnumTest#testBroken2
1412,org.apache.commons.lang.math.RangeTest#testEqualsObject
1413,org.apache.commons.lang.builder.CompareToBuilderTest#testFloat
1414,org.apache.commons.lang.ArrayUtilsTest#testIndexOfWithStartIndex
1415,org.apache.commons.lang.math.IntRangeTest#testGetMaximum
1416,org.apache.commons.lang.text.StrBuilderTest#testLastIndexOf_String_int
1417,org.apache.commons.lang.builder.EqualsBuilderTest#testMultiBooleanArray
1418,org.apache.commons.lang.StringUtilsTest#testSplit_String
1419,org.apache.commons.lang.time.FastDateFormatTest#testSimpleDate
1420,org.apache.commons.lang.mutable.MutableLongTest#testPrimitiveValues
1421,org.apache.commons.lang.exception.NestableDelegateTestCase#testNestableDelegateGetMessages
1422,org.apache.commons.lang.IncompleteArgumentExceptionTest#test1arg_validInput
1423,org.apache.commons.lang.builder.ToStringBuilderTest#testReflectionCharArray
1424,org.apache.commons.lang.mutable.MutableLongTest#testHashCode
1425,org.apache.commons.lang.text.StrBuilderAppendInsertTest#testAppendWithSeparators_Array
1426,org.apache.commons.lang.ArrayUtilsTest#testSubarrayBoolean
1427,org.apache.commons.lang.builder.CompareToBuilderTest#testMultiFloatArray
1428,org.apache.commons.lang.exception.NestableExceptionTestCase#testIndexOfThrowable
1429,org.apache.commons.lang.exception.ExceptionUtilsTestCase#testGetThrowableList_Throwable_null
1430,org.apache.commons.lang.time.DateUtilsTest#testAddMonths
1431,org.apache.commons.lang.text.StrBuilderTest#testHashCode
1432,org.apache.commons.lang.math.NumberUtilsTest#testCreateBigInteger
1433,org.apache.commons.lang.builder.EqualsBuilderTest#testShortArrayHiddenByObject
1434,org.apache.commons.lang.builder.EqualsBuilderTest#testUnrelatedClasses
1435,org.apache.commons.lang.NullArgumentExceptionTest#testGetMessage_nullConstructorInput
1436,org.apache.commons.lang.ArrayUtilsRemoveTest#testRemoveLongArray
1437,org.apache.commons.lang.builder.EqualsBuilderTest#testBooleanArray
1438,org.apache.commons.lang.builder.ToStringBuilderTest#testReflectionIntArray
1439,org.apache.commons.lang.builder.CompareToBuilderTest#testDoubleArrayHiddenByObject
1440,org.apache.commons.lang.BooleanUtilsTest#test_toBoolean_int_int_int
1441,org.apache.commons.lang.ArrayUtilsTest#testSameLengthInt
1442,org.apache.commons.lang.math.FractionTest#testHashCode
1443,org.apache.commons.lang.builder.ToStringBuilderTest#testLongArray
1444,org.apache.commons.lang.ArrayUtilsTest#testLastIndexOfDouble
1445,org.apache.commons.lang.LocaleUtilsTest#testConstructor
1446,org.apache.commons.lang.math.NumberUtilsTest#testMaximumFloat
1447,org.apache.commons.lang.builder.HashCodeBuilderTest#testReflectionHashCode
1448,org.apache.commons.lang.math.RandomUtilsTest#testNextBoolean
1449,org.apache.commons.lang.text.StrTokenizerTest#testConstructor_String_char
1450,org.apache.commons.lang.ArrayUtilsTest#testIsEquals
1451,org.apache.commons.lang.EntitiesTest#testEscapeNamedEntity
1452,org.apache.commons.lang.ArrayUtilsTest#testCloneByte
1453,org.apache.commons.lang.CharSetUtilsTest#testCount_StringStringarray
1454,org.apache.commons.lang.builder.EqualsBuilderTest#testShortArray
1455,org.apache.commons.lang.CharSetTest#testConstructor_String_oddDash
1456,org.apache.commons.lang.math.FloatRangeTest#testContainsLong
1457,org.apache.commons.lang.ArrayUtilsTest#testIndexOfFloat
1458,org.apache.commons.lang.builder.EqualsBuilderTest#testMultiCharArray
1459,org.apache.commons.lang.CharUtilsTest#testToString_Character
1460,org.apache.commons.lang.builder.ToStringBuilderTest#testCharArray
1461,org.apache.commons.lang.exception.ExceptionUtilsTestCase#testGetThrowables_Throwable_null
1462,org.apache.commons.lang.builder.SimpleToStringStyleTest#testAppendSuper
1463,org.apache.commons.lang.builder.ShortPrefixToStringStyleTest#testObjectArray
1464,org.apache.commons.lang.ArrayUtilsTest#testIndexOfInt
1465,org.apache.commons.lang.text.StrTokenizerTest#test7
1466,org.apache.commons.lang.text.StrBuilderTest#testReplace_int_int_String
1467,org.apache.commons.lang.ClassUtilsTest#test_isAssignable
1468,org.apache.commons.lang.ArrayUtilsTest#testToPrimitive_short_short
1469,org.apache.commons.lang.NotImplementedExceptionTest#testConstructor_Throwable1
1470,org.apache.commons.lang.time.DateUtilsTest#testTruncateLang59
1471,org.apache.commons.lang.math.FractionTest#testConstants
1472,org.apache.commons.lang.math.NumberUtilsTest#testMaximumShort
1473,org.apache.commons.lang.mutable.MutableDoubleTest#testGetSet
1474,org.apache.commons.lang.exception.ExceptionUtilsTestCase#testIndexOf_ThrowableClassInt
1475,org.apache.commons.lang.SerializationUtilsTest#testCloneUnserializable
1476,org.apache.commons.lang.StringUtilsTest#testDifference_StringString
1477,org.apache.commons.lang.builder.CompareToBuilderTest#testBooleanArray
1478,org.apache.commons.lang.math.NumberRangeTest#testContainsInteger
1479,org.apache.commons.lang.WordUtilsTest#testCapitalizeFullyWithDelimiters_String
1480,org.apache.commons.lang.BitFieldTest#testClear
1481,org.apache.commons.lang.mutable.MutableIntTest#testEquals
1482,org.apache.commons.lang.builder.HashCodeBuilderTest#testInt
1483,org.apache.commons.lang.builder.CompareToBuilderTest#testInt
1484,org.apache.commons.lang.CharUtilsTest#testIsAsciiPrintable_char
1485,org.apache.commons.lang.ValidateTest#testNotEmptyString2
1486,org.apache.commons.lang.StringUtilsTrimEmptyTest#testStrip_String
1487,org.apache.commons.lang.math.FractionTest#testSubtract
1488,org.apache.commons.lang.ArrayUtilsTest#testToPrimitive_int
1489,org.apache.commons.lang.CharSetUtilsTest#testEvaluateSet_Stringarray
1490,org.apache.commons.lang.text.StrMatcherTest#testCharSetMatcher_charArray
1491,org.apache.commons.lang.math.LongRangeTest#testContainsLong
1492,org.apache.commons.lang.ArrayUtilsTest#testToPrimitive_char
1493,org.apache.commons.lang.math.NumberUtilsTest#testIsNumber
1494,org.apache.commons.lang.builder.ToStringBuilderTest#testByteArrayArray
1495,org.apache.commons.lang.BooleanUtilsTest#test_isFalse_Boolean
1496,org.apache.commons.lang.ClassUtilsTest#test_getAllSuperclasses_Class
1497,org.apache.commons.lang.mutable.MutableByteTest#testPrimitiveValues
1498,org.apache.commons.lang.builder.CompareToBuilderTest#testIntArray
1499,org.apache.commons.lang.builder.CompareToBuilderTest#testMultiByteArray
1500,org.apache.commons.lang.mutable.MutableByteTest#testCompareTo
1501,org.apache.commons.lang.StringUtilsEqualsIndexOfTest#testIndexOf_charInt
1502,org.apache.commons.lang.NumberUtilsTest#testIsNumber
1503,org.apache.commons.lang.ArrayUtilsTest#testIndexOfLong
1504,org.apache.commons.lang.math.IntRangeTest#testConstructor1a
1505,org.apache.commons.lang.mutable.MutableLongTest#testCompareTo
1506,org.apache.commons.lang.ArrayUtilsTest#testGetLength
1507,org.apache.commons.lang.UnhandledExceptionTest#testConstructor_throwable_nullInput
1508,org.apache.commons.lang.ArrayUtilsAddTest#testAddObjectArrayChar
1509,org.apache.commons.lang.math.DoubleRangeTest#testConstructor1b
1510,org.apache.commons.lang.IllegalClassExceptionTest#testConstructor_classObjectArgs_nullExpected
1511,org.apache.commons.lang.text.StrBuilderAppendInsertTest#testAppend_StrBuilder
1512,org.apache.commons.lang.ArrayUtilsTest#testLastIndexOfDoubleWithStartIndex
1513,org.apache.commons.lang.text.StrBuilderAppendInsertTest#testAppend_CharArray_int_int
1514,org.apache.commons.lang.IncompleteArgumentExceptionTest#test2arg_nullString
1515,org.apache.commons.lang.StringUtilsEqualsIndexOfTest#testIndexOf_String
1516,org.apache.commons.lang.math.NumberRangeTest#testConstructor2Exceptions
1517,org.apache.commons.lang.StringUtilsTest#testCenter_StringIntString
1518,org.apache.commons.lang.builder.ToStringBuilderTest#testReflectionyteArray
1519,org.apache.commons.lang.builder.EqualsBuilderTest#testIntArrayHiddenByObject
1520,org.apache.commons.lang.oldenum.EnumTest#testGet
1521,org.apache.commons.lang.builder.ToStringStyleTest#testSetArrayEnd
1522,org.apache.commons.lang.BooleanUtilsTest#test_toStringOnOff_Boolean
1523,org.apache.commons.lang.CharUtilsTest#testToChar_String
1524,org.apache.commons.lang.builder.ToStringBuilderTest#testLong
1525,org.apache.commons.lang.builder.ToStringBuilderTest#testReflectionInteger
1526,org.apache.commons.lang.builder.HashCodeBuilderTest#testBoolean
1527,org.apache.commons.lang.math.NumberUtilsTest#testMinFloat
1528,org.apache.commons.lang.exception.NestableExceptionTestCase#testGetMessage
1529,org.apache.commons.lang.ObjectUtilsTest#testEquals
1530,org.apache.commons.lang.exception.NestableExceptionTestCase#testIndexOfThrowableI
1531,org.apache.commons.lang.exception.NestableErrorTestCase#testGetThrowableI
1532,org.apache.commons.lang.ArrayUtilsTest#testIndexOfShortWithStartIndex
1533,org.apache.commons.lang.math.LongRangeTest#testToString
1534,org.apache.commons.lang.mutable.MutableIntTest#testSubtractValuePrimitive
1535,org.apache.commons.lang.exception.ExceptionUtilsTestCase#testGetThrowableList_Throwable_selfCause
1536,org.apache.commons.lang.math.NumberUtilsTest#testCompareFloat
1537,org.apache.commons.lang.oldenum.ValuedEnumTest#testList
1538,org.apache.commons.lang.builder.ToStringBuilderTest#testSetDefaultEx
1539,org.apache.commons.lang.WordUtilsTest#testInitials_String
1540,org.apache.commons.lang.builder.ToStringBuilderTest#testIntArray
1541,org.apache.commons.lang.builder.HashCodeBuilderTest#testObjectArray
1542,org.apache.commons.lang.time.DateUtilsTest#testAddDays
1543,org.apache.commons.lang.builder.ToStringBuilderTest#testReflectionDoubleArray
1544,org.apache.commons.lang.ClassUtilsTest#test_isAssignable_ClassArray_ClassArray
1545,org.apache.commons.lang.text.StrTokenizerTest#testBasicDelim2
1546,org.apache.commons.lang.EntitiesPerformanceTest#testBuildBinary
1547,org.apache.commons.lang.ArrayUtilsTest#testReverseLong
1548,org.apache.commons.lang.builder.EqualsBuilderTest#testObjectArrayHiddenByObject
1549,org.apache.commons.lang.CharSetTest#testGetInstance
1550,org.apache.commons.lang.exception.NestableErrorTestCase#testPrintStackTrace
1551,org.apache.commons.lang.StringUtilsTest#testAbbreviate_StringIntInt
1552,org.apache.commons.lang.oldenum.EnumTest#testBroken2
1553,org.apache.commons.lang.text.VariableFormatterTest#testReplaceEmptyKeys
1554,org.apache.commons.lang.NotImplementedExceptionTest#testIndexOfThrowable_Index
1555,org.apache.commons.lang.mutable.MutableDoubleTest#testToDouble
1556,org.apache.commons.lang.NumberRangeTest#testConstructorNullParameters
1557,org.apache.commons.lang.time.DateFormatUtilsTest#testFormatUTC
1558,org.apache.commons.lang.NotImplementedExceptionTest#testPrintPartialStackTrace_Writer
1559,org.apache.commons.lang.text.StrBuilderTest#testReplaceFirst_StrMatcher_String
1560,org.apache.commons.lang.builder.ToStringBuilderTest#testConstructorEx1
1561,org.apache.commons.lang.ArrayUtilsTest#testToPrimitive_float
1562,org.apache.commons.lang.CharRangeTest#testContainsNullArg
1563,org.apache.commons.lang.EntitiesPerformanceTest#testLookupBinary
1564,org.apache.commons.lang.BooleanUtilsTest#testXor_object_validInput_2items
1565,org.apache.commons.lang.ClassUtilsTest#testGetPublicMethod
1566,org.apache.commons.lang.BooleanUtilsTest#test_toBoolean_int
1567,org.apache.commons.lang.builder.SimpleToStringStyleTest#testObject
1568,org.apache.commons.lang.text.StrBuilderTest#testIsEmpty
1569,org.apache.commons.lang.math.FloatRangeTest#testConstructor1a
1570,org.apache.commons.lang.mutable.MutableIntTest#testDecrement
1571,org.apache.commons.lang.math.RandomUtilsTest#testUnimplementedMethods
1572,org.apache.commons.lang.mutable.MutableDoubleTest#testAddValueObject
1573,org.apache.commons.lang.builder.ToStringBuilderTest#testReflectionCharacter
1574,org.apache.commons.lang.ArrayUtilsTest#testLastIndexOfByteWithStartIndex
1575,org.apache.commons.lang.SerializationUtilsTest#testConstructor
1576,org.apache.commons.lang.ArrayUtilsAddTest#testAddObjectArrayToObjectArray
1577,org.apache.commons.lang.exception.NestableErrorTestCase#testGetThrowables
1578,org.apache.commons.lang.mutable.MutableFloatTest#testNanInfinite
1579,org.apache.commons.lang.ArrayUtilsTest#testIndexOfDoubleTolerance
1580,org.apache.commons.lang.StringEscapeUtilsTest#testStandaloneAmphersand
1581,org.apache.commons.lang.text.StrTokenizerTest#testCSVSimpleNeedsTrim
1582,org.apache.commons.lang.SerializationUtilsTest#testSerializeStreamNullObj
1583,org.apache.commons.lang.builder.EqualsBuilderTest#testNpeForNullElement
1584,org.apache.commons.lang.oldenum.ValuedEnumTest#testValue
1585,org.apache.commons.lang.SerializationUtilsTest#testSerializeBytesUnserializable
1586,org.apache.commons.lang.builder.EqualsBuilderTest#testMultiDoubleArray
1587,org.apache.commons.lang.CharRangeTest#testConstructorAccessors_Char
1588,org.apache.commons.lang.text.StrBuilderTest#testStartsWith
1589,org.apache.commons.lang.builder.HashCodeBuilderTest#testLongArrayAsObject
1590,org.apache.commons.lang.builder.HashCodeBuilderTest#testReflectionHashCodeEx2
1591,org.apache.commons.lang.text.StrBuilderTest#testContains_StrMatcher
1592,org.apache.commons.lang.BooleanUtilsTest#test_toStringTrueFalse_Boolean
1593,org.apache.commons.lang.enums.ValuedEnumTest#testMap
1594,org.apache.commons.lang.oldenum.ValuedEnumTest#testEquals
1595,org.apache.commons.lang.builder.HashCodeBuilderTest#testShortArrayAsObject
1596,org.apache.commons.lang.StringUtilsTest#testReplaceOnce_StringStringString
1597,org.apache.commons.lang.text.StrBuilderTest#testLastIndexOf_char
1598,org.apache.commons.lang.mutable.MutableFloatTest#testConstructors
1599,org.apache.commons.lang.builder.CompareToBuilderTest#testMultiBooleanArray
1600,org.apache.commons.lang.ArrayUtilsAddTest#testAddObjectArrayShort
1601,org.apache.commons.lang.builder.ToStringBuilderTest#testShortArray
1602,org.apache.commons.lang.builder.EqualsBuilderTest#testChar
1603,org.apache.commons.lang.text.StrBuilderTest#testGetSetNewLineText
1604,org.apache.commons.lang.builder.CompareToBuilderTest#testReflectionCompare
1605,org.apache.commons.lang.time.FastDateFormatTest#testShortDateStyleWithLocales
1606,org.apache.commons.lang.ArrayUtilsRemoveTest#testRemoveElementCharArray
1607,org.apache.commons.lang.builder.HashCodeBuilderTest#testConstructorEx1
1608,org.apache.commons.lang.builder.SimpleToStringStyleTest#testObjectArray
1609,org.apache.commons.lang.CharSetUtilsTest#testKeep_StringStringarray
