rank,test
1,org.apache.commons.lang.StringUtilsEqualsIndexOfTest#testEquals
2,org.apache.commons.lang.math.FractionTest#testFactory_int_int
3,org.apache.commons.lang.mutable.MutableLongTest#testSubtractValuePrimitive
4,org.apache.commons.lang.NumberRangeTest#testIncludesRange
5,org.apache.commons.lang.builder.ToStringStyleTest#testSetContentEnd
6,org.apache.commons.lang.SerializationUtilsTest#testClone
7,org.apache.commons.lang.math.LongRangeTest#testHashCode
8,org.apache.commons.lang.math.DoubleRangeTest#testToString
9,org.apache.commons.lang.oldenum.EnumTest#testBroken3Operation
10,org.apache.commons.lang.enums.EnumTest#testExtended2Map
11,org.apache.commons.lang.oldenum.EnumTest#testGet
12,org.apache.commons.lang.mutable.MutableFloatTest#testIncrement
13,org.apache.commons.lang.CharSetUtilsTest#testSqueeze_StringStringarray
14,org.apache.commons.lang.CharSetTest#testStatics
15,org.apache.commons.lang.builder.CompareToBuilderTest#testReflectionCompare
16,org.apache.commons.lang.text.StrBuilderAppendInsertTest#testAppendWithSeparatorsWithNullText
17,org.apache.commons.lang.builder.EqualsBuilderTest#testIntArrayHiddenByObject
18,org.apache.commons.lang.exception.NestableRuntimeExceptionTestCase#testGetThrowableI
19,org.apache.commons.lang.StringUtilsTest#testReverseDelimitedString_StringString
20,org.apache.commons.lang.math.DoubleRangeTest#testEquals
21,org.apache.commons.lang.math.RandomUtilsTest#testNextDouble
22,org.apache.commons.lang.ValidateTest#testNotEmptyMap1
23,org.apache.commons.lang.UnhandledExceptionTest#testGetCause
24,org.apache.commons.lang.ArrayUtilsTest#testToPrimitive_char
25,org.apache.commons.lang.math.NumberUtilsTest#testStringToIntString
26,org.apache.commons.lang.oldenum.EnumTest#testName
27,org.apache.commons.lang.CharSetTest#testContains_Char
28,org.apache.commons.lang.StringUtilsEqualsIndexOfTest#testIndexOf_String
29,org.apache.commons.lang.builder.ToStringBuilderTest#testConstructorEx3
30,org.apache.commons.lang.text.StrBuilderTest#testDeleteAll_char
31,org.apache.commons.lang.NumberUtilsTest#testPublicNoArgConstructor
32,org.apache.commons.lang.ArrayUtilsTest#testCloneBoolean
33,org.apache.commons.lang.text.StrBuilderTest#testLastIndexOf_String_int
34,org.apache.commons.lang.enums.ValuedEnumTest#testEquals
35,org.apache.commons.lang.EntitiesTest#testTreeIntMap
36,org.apache.commons.lang.math.NumberUtilsTest#testMinimumLong
37,org.apache.commons.lang.SerializationUtilsTest#testException
38,org.apache.commons.lang.BooleanUtilsTest#test_toInteger_boolean
39,org.apache.commons.lang.math.LongRangeTest#testConstructor1a
40,org.apache.commons.lang.oldenum.EnumUtilsTest#testMapEx
41,org.apache.commons.lang.ArrayUtilsTest#testLastIndexOfByte
42,org.apache.commons.lang.mutable.MutableBooleanTest#testHashCode
43,org.apache.commons.lang.ArrayUtilsRemoveTest#testRemoveLongArray
44,org.apache.commons.lang.exception.NestableDelegateTestCase#testNestableDelegateGetMessages
45,org.apache.commons.lang.ArrayUtilsTest#testToMap
46,org.apache.commons.lang.StringUtilsTest#testRemove_String
47,org.apache.commons.lang.ArrayUtilsTest#testSameLengthLong
48,org.apache.commons.lang.builder.HashCodeBuilderTest#testLong
49,org.apache.commons.lang.builder.ToStringBuilderTest#testByteArray
50,org.apache.commons.lang.ClassUtilsTest#testGetClassWithArrayClasses2D
51,org.apache.commons.lang.math.DoubleRangeTest#testContainsNumber
52,org.apache.commons.lang.builder.EqualsBuilderTest#testMultiDoubleArray
53,org.apache.commons.lang.ClassUtilsTest#test_isAssignable_Widening
54,org.apache.commons.lang.ArrayUtilsTest#testToPrimitive_short
55,org.apache.commons.lang.SystemUtilsTest#testIS_OS
56,org.apache.commons.lang.StringUtilsTest#testSwapCase_String
57,org.apache.commons.lang.CharUtilsTest#testToString_Character
58,org.apache.commons.lang.BitFieldTest#testIsSet
59,org.apache.commons.lang.text.StrMatcherTest#testCharSetMatcher_String
60,org.apache.commons.lang.time.DateUtilsTest#testConstructor
61,org.apache.commons.lang.math.LongRangeTest#testContainsInteger
62,org.apache.commons.lang.mutable.MutableByteTest#testEquals
63,org.apache.commons.lang.ArrayUtilsTest#testSubarrChar
64,org.apache.commons.lang.time.DateUtilsTest#testAddMonths
65,org.apache.commons.lang.ArrayUtilsRemoveTest#testRemoveIntArray
66,org.apache.commons.lang.SystemUtilsTest#testGetJavaHome
67,org.apache.commons.lang.NumberRangeTest#testEqualsWithSameReference
68,org.apache.commons.lang.mutable.MutableLongTest#testAddValueObject
69,org.apache.commons.lang.ArrayUtilsTest#testContainsByte
70,org.apache.commons.lang.exception.NestableRuntimeExceptionTestCase#testGetThrowables
71,org.apache.commons.lang.builder.HashCodeBuilderTest#testBooleanArray
72,org.apache.commons.lang.builder.EqualsBuilderTest#testLongArrayHiddenByObject
73,org.apache.commons.lang.text.StrBuilderTest#testToCharArray
74,org.apache.commons.lang.mutable.MutableDoubleTest#testIncrement
75,org.apache.commons.lang.builder.CompareToBuilderTest#testMultiIntArray
76,org.apache.commons.lang.mutable.MutableBooleanTest#testToString
77,org.apache.commons.lang.exception.NestableExceptionTestCase#testSpecificPrintStackTrace
78,org.apache.commons.lang.math.RandomUtilsTest#testJvmRandomNextInt
79,org.apache.commons.lang.math.FractionTest#testAdd
80,org.apache.commons.lang.builder.EqualsBuilderTest#testReflectionEqualsExcludeFields
81,org.apache.commons.lang.enums.ValuedEnumTest#testList
82,org.apache.commons.lang.mutable.MutableShortTest#testEquals
83,org.apache.commons.lang.builder.EqualsBuilderTest#testMultiBooleanArray
84,org.apache.commons.lang.ArrayUtilsTest#testSameLengthChar
85,org.apache.commons.lang.builder.SimpleToStringStyleTest#testLongArrayArray
86,org.apache.commons.lang.math.NumberUtilsTest#testToLongString
87,org.apache.commons.lang.ArrayUtilsTest#testToObject_boolean
88,org.apache.commons.lang.oldenum.ValuedEnumTest#testMap
89,org.apache.commons.lang.text.StrBuilderAppendInsertTest#testAppendFixedWidthPadLeft_int
90,org.apache.commons.lang.SerializationUtilsTest#testSerializeBytesNull
91,org.apache.commons.lang.ArrayUtilsTest#testHashCode
92,org.apache.commons.lang.math.NumberRangeTest#testContainsFloat
93,org.apache.commons.lang.text.StrBuilderTest#testLastIndexOf_StrMatcher_int
94,org.apache.commons.lang.StringUtilsTest#testChomp
95,org.apache.commons.lang.builder.EqualsBuilderTest#testCharArrayHiddenByObject
96,org.apache.commons.lang.BooleanUtilsTest#test_toBoolean_Boolean
97,org.apache.commons.lang.enums.EnumTest#testBroken2Operation
98,org.apache.commons.lang.mutable.MutableShortTest#testDecrement
99,org.apache.commons.lang.CharRangeTest#testConstructorAccessors_Char
100,org.apache.commons.lang.builder.HashCodeBuilderAndEqualsBuilderTest#testIntegerWithTransients
101,org.apache.commons.lang.text.VariableFormatterTest#testReplaceNoEscape
102,org.apache.commons.lang.builder.StandardToStringStyleTest#testBlank
103,org.apache.commons.lang.time.DurationFormatUtilsTest#testFormatDurationPluralWords
104,org.apache.commons.lang.ArrayUtilsTest#testIndexOfChar
105,org.apache.commons.lang.ArrayUtilsTest#testIndexOfByte
106,org.apache.commons.lang.BooleanUtilsTest#testXor_object_nullElementInput
107,org.apache.commons.lang.ValidateTest#testNotEmptyCollection2
108,org.apache.commons.lang.ClassUtilsTest#test_convertClassesToClassNames_List
109,org.apache.commons.lang.CharSetTest#testEquals_Object
110,org.apache.commons.lang.text.CompositeFormatTest#testCompositeFormat
111,org.apache.commons.lang.text.StrBuilderTest#testToCharArrayIntInt
112,org.apache.commons.lang.builder.SimpleToStringStyleTest#testAppendSuper
113,org.apache.commons.lang.math.NumberUtilsTest#testToFloatString
114,org.apache.commons.lang.NumberUtilsTest#testMinimumInt
115,org.apache.commons.lang.builder.CompareToBuilderTest#testByteArrayHiddenByObject
116,org.apache.commons.lang.StringUtilsEqualsIndexOfTest#testLastIndexOfAny_StringStringarray
117,org.apache.commons.lang.text.StrBuilderTest#testSubstringIntInt
118,org.apache.commons.lang.LocaleUtilsTest#testLocaleLookupList_LocaleLocale
119,org.apache.commons.lang.text.StrMatcherTest#testDoubleQuoteMatcher
120,org.apache.commons.lang.builder.EqualsBuilderTest#testByteArray
121,org.apache.commons.lang.NumberUtilsTest#testMaximumLong
122,org.apache.commons.lang.ArrayUtilsTest#testLastIndexOfWithStartIndex
123,org.apache.commons.lang.time.FastDateFormatTest#testShortDateStyleWithLocales
124,org.apache.commons.lang.RandomStringUtilsTest#testRandomStringUtils
125,org.apache.commons.lang.builder.ToStringBuilderTest#testReflectionLongArrayArray
126,org.apache.commons.lang.builder.StandardToStringStyleTest#testObject
127,org.apache.commons.lang.builder.HashCodeBuilderTest#testReflectionHashCodeEx1
128,org.apache.commons.lang.text.StrBuilderTest#testDeleteFirst_char
129,org.apache.commons.lang.exception.NestableRuntimeExceptionTestCase#testGetMessageI
130,org.apache.commons.lang.StringEscapeUtilsTest#testConstructor
131,org.apache.commons.lang.mutable.MutableDoubleTest#testGetSet
132,org.apache.commons.lang.EntitiesTest#testUnescapeNamedEntity
133,org.apache.commons.lang.math.NumberUtilsTest#testMinLong
134,org.apache.commons.lang.text.StrBuilderTest#testClear
135,org.apache.commons.lang.builder.CompareToBuilderTest#testObjectArrayHiddenByObject
136,org.apache.commons.lang.CharUtilsTest#testToCharacterObject_char
137,org.apache.commons.lang.time.StopWatchTest#testStopWatchSimpleGet
138,org.apache.commons.lang.text.CompositeFormatTest#testUsage
139,org.apache.commons.lang.ArrayUtilsRemoveTest#testRemoveBooleanArray
140,org.apache.commons.lang.time.FastDateFormatTest#testMilleniumBug
141,org.apache.commons.lang.StringUtilsSubstringTest#testCountMatches_String
142,org.apache.commons.lang.text.StrBuilderTest#testTrim
143,org.apache.commons.lang.mutable.MutableFloatTest#testCompareTo
144,org.apache.commons.lang.builder.EqualsBuilderTest#testInt
145,org.apache.commons.lang.math.RandomUtilsTest#testNextLong
146,org.apache.commons.lang.builder.CompareToBuilderTest#testFloatArray
147,org.apache.commons.lang.text.StrBuilderTest#testDeleteFirst_String
148,org.apache.commons.lang.builder.SimpleToStringStyleTest#testObjectArray
149,org.apache.commons.lang.IncompleteArgumentExceptionTest#test2arg_validInput
150,org.apache.commons.lang.builder.ToStringBuilderTest#testReflectionBooleanArrayArray
151,org.apache.commons.lang.mutable.MutableDoubleTest#testNanInfinite
152,org.apache.commons.lang.math.NumberUtilsTest#testMaxDouble
153,org.apache.commons.lang.CharUtilsTest#testIsAsciiControl_char
154,org.apache.commons.lang.EntitiesTest#testEscapeNamedEntity
155,org.apache.commons.lang.math.LongRangeTest#testGetMaximum
156,org.apache.commons.lang.builder.CompareToBuilderTest#testIntArray
157,org.apache.commons.lang.math.DoubleRangeTest#testContainsDouble
158,org.apache.commons.lang.StringUtilsTest#testRemove_char
159,org.apache.commons.lang.ArrayUtilsTest#testIndexOf
160,org.apache.commons.lang.text.StrBuilderTest#testReplace_StrMatcher_String_int_int_int_VaryCount
161,org.apache.commons.lang.enums.EnumTest#testCompareTo
162,org.apache.commons.lang.StringUtilsTest#testDifferenceAt_StringString
163,org.apache.commons.lang.exception.ExceptionUtilsTestCase#testIsNestedThrowable_Throwable
164,org.apache.commons.lang.builder.EqualsBuilderTest#testShortArray
165,org.apache.commons.lang.mutable.MutableFloatTest#testGetSet
166,org.apache.commons.lang.StringUtilsTest#testCenter_StringIntChar
167,org.apache.commons.lang.text.StrBuilderTest#testAsWriter
168,org.apache.commons.lang.ArrayUtilsTest#testCloneFloat
169,org.apache.commons.lang.time.DateUtilsTest#testWeekIterator
170,org.apache.commons.lang.math.NumberRangeTest#testConstructor1
171,org.apache.commons.lang.CharSetTest#testSerialization
172,org.apache.commons.lang.EntitiesPerformanceTest#testEscapeTree
173,org.apache.commons.lang.builder.HashCodeBuilderTest#testReflectionHashCodeExcludeFields
174,org.apache.commons.lang.text.StrTokenizerTest#testCSVEmpty
175,org.apache.commons.lang.builder.HashCodeBuilderTest#testReflectionHashCodeEx3
176,org.apache.commons.lang.IncompleteArgumentExceptionTest#test1arg_nullInput
177,org.apache.commons.lang.builder.ReflectionToStringBuilderExcludeTest#test_toStringExcludeArrayWithNull
178,org.apache.commons.lang.NotImplementedExceptionTest#testPrintStackTrace_Stream
179,org.apache.commons.lang.BooleanUtilsTest#test_toStringYesNo_boolean
180,org.apache.commons.lang.enums.EnumTest#testOperationMap
181,org.apache.commons.lang.enums.EnumTest#testIterator
182,org.apache.commons.lang.math.RangeTest#testToString
183,org.apache.commons.lang.CharRangeTest#testConstructorAccessors_CharCharBoolean_Normal
184,org.apache.commons.lang.enums.EnumTest#testOperationCalculation
185,org.apache.commons.lang.BooleanUtilsTest#testXor_object_nullInput
186,org.apache.commons.lang.text.StrBuilderTest#testEnsureCapacity
187,org.apache.commons.lang.ClassUtilsTest#testGetClassClassNotFound
188,org.apache.commons.lang.mutable.MutableDoubleTest#testEquals
189,org.apache.commons.lang.ArrayUtilsTest#testIndexOfIntWithStartIndex
190,org.apache.commons.lang.text.StrTokenizerTest#testBasicQuoted3
191,org.apache.commons.lang.text.StrBuilderAppendInsertTest#testAppendWithNullText
192,org.apache.commons.lang.enums.ValuedEnumTest#testCompareTo
193,org.apache.commons.lang.LocaleUtilsTest#testLocaleLookupList_Locale
194,org.apache.commons.lang.text.StrBuilderAppendInsertTest#testInsertWithNullText
195,org.apache.commons.lang.exception.ExceptionUtilsTestCase#testIndexOfType_ThrowableClass
196,org.apache.commons.lang.BooleanUtilsTest#test_toInteger_boolean_int_int
197,org.apache.commons.lang.BooleanUtilsTest#testXor_primitive_emptyInput
198,org.apache.commons.lang.oldenum.EnumUtilsTest#testList
199,org.apache.commons.lang.builder.EqualsBuilderTest#testDouble
200,org.apache.commons.lang.builder.HashCodeBuilderTest#testIntArrayAsObject
201,org.apache.commons.lang.StringUtilsTest#testDifference_StringString
202,org.apache.commons.lang.exception.ExceptionUtilsTestCase#testPrintRootCauseStackTrace_ThrowableStream
203,org.apache.commons.lang.StringUtilsTest#testLeftPad_StringIntChar
204,org.apache.commons.lang.CharSetTest#testConstructor_String_simple
205,org.apache.commons.lang.text.StrBuilderTest#testReplace_StrMatcher_String_int_int_int_VaryStartIndex
206,org.apache.commons.lang.IllegalClassExceptionTest#testGetMessage_classArgs_nullInput
207,org.apache.commons.lang.builder.DefaultToStringStyleTest#testAppendSuper
208,org.apache.commons.lang.builder.ShortPrefixToStringStyleTest#testBlank
209,org.apache.commons.lang.StringUtilsTest#testOverlay_StringStringIntInt
210,org.apache.commons.lang.builder.CompareToBuilderTest#testLongArrayHiddenByObject
211,org.apache.commons.lang.math.NumberRangeTest#testConstructor2Exceptions
212,org.apache.commons.lang.BooleanUtilsTest#test_toBoolean_String
213,org.apache.commons.lang.ObjectUtilsTest#testIsNull
214,org.apache.commons.lang.ArrayUtilsTest#testToObject_long
215,org.apache.commons.lang.builder.NoFieldNamesToStringStyleTest#testBlank
216,org.apache.commons.lang.builder.HashCodeBuilderTest#testObjectArrayAsObject
217,org.apache.commons.lang.oldenum.EnumTest#testOperationList
218,org.apache.commons.lang.IllegalClassExceptionTest#testConstructor_classArgs_nullExpected
219,org.apache.commons.lang.builder.ToStringBuilderTest#testReflectionObjectCycle
220,org.apache.commons.lang.CharSetUtilsTest#testCount_StringString
221,org.apache.commons.lang.math.FractionTest#testToProperString
222,org.apache.commons.lang.ArrayUtilsTest#testIndexOfDouble
223,org.apache.commons.lang.math.FractionTest#testFactory_String_double
224,org.apache.commons.lang.NotImplementedExceptionTest#testGetThrowable
225,org.apache.commons.lang.builder.EqualsBuilderTest#testCharArray
226,org.apache.commons.lang.text.StrTokenizerTest#test4
227,org.apache.commons.lang.builder.ToStringBuilderTest#testObjectArray
228,org.apache.commons.lang.mutable.MutableDoubleTest#testAddValueObject
229,org.apache.commons.lang.enums.EnumTest#testExtendedSerialization
230,org.apache.commons.lang.text.VariableFormatterTest#testReplaceSystemProperties
231,org.apache.commons.lang.StringUtilsSubstringTest#testSubstringBeforeLast_StringString
232,org.apache.commons.lang.math.NumberUtilsTest#testStringToDoubleString
233,org.apache.commons.lang.ArrayUtilsTest#testCloneChar
234,org.apache.commons.lang.WordUtilsTest#testInitials_String
235,org.apache.commons.lang.text.StrBuilderTest#testGetSetNullText
236,org.apache.commons.lang.oldenum.EnumTest#testExtended1Map
237,org.apache.commons.lang.StringUtilsTest#testDeleteWhitespace_String
238,org.apache.commons.lang.text.StrBuilderTest#testContains_String
239,org.apache.commons.lang.mutable.MutableFloatTest#testAddValuePrimitive
240,org.apache.commons.lang.ClassUtilsTest#test_isAssignable
241,org.apache.commons.lang.text.StrTokenizerTest#testTSVEmpty
242,org.apache.commons.lang.exception.ExceptionUtilsTestCase#testGetThrowableList_Throwable_jdkNoCause
243,org.apache.commons.lang.IllegalClassExceptionTest#testConstructor_classObjectArgs_nullActual
244,org.apache.commons.lang.CharSetUtilsTest#testConstructor
245,org.apache.commons.lang.ArrayUtilsRemoveTest#testRemoveElementIntArray
246,org.apache.commons.lang.ClassUtilsTest#test_getShortClassName_Object
247,org.apache.commons.lang.StringUtilsTest#testJoin_IteratorChar
248,org.apache.commons.lang.StringUtilsSubstringTest#testSubstringBetween_StringStringString
249,org.apache.commons.lang.ArrayUtilsTest#testContainsShort
250,org.apache.commons.lang.ArrayUtilsRemoveTest#testRemoveElementDoubleArray
251,org.apache.commons.lang.math.IntRangeTest#testContainsFloat
252,org.apache.commons.lang.builder.SimpleToStringStyleTest#testBlank
253,org.apache.commons.lang.CharRangeTest#testContains_Charrange
254,org.apache.commons.lang.builder.ToStringBuilderTest#testSelfInstanceVarReflectionObjectCycle
255,org.apache.commons.lang.StringUtilsTrimEmptyTest#testStrip_StringString
256,org.apache.commons.lang.ArrayUtilsTest#testCloneDouble
257,org.apache.commons.lang.ArrayUtilsTest#testLastIndexOfIntWithStartIndex
258,org.apache.commons.lang.ArrayUtilsTest#testContainsInt
259,org.apache.commons.lang.math.FractionTest#testGets
260,org.apache.commons.lang.builder.CompareToBuilderTest#testMultiDoubleArray
261,org.apache.commons.lang.CharEncodingTest#testMustBeSupportedJava1_3_1
262,org.apache.commons.lang.exception.ExceptionUtilsTestCase#testRemoveCommonFrames_ListList
263,org.apache.commons.lang.exception.NestableErrorTestCase#testGetThrowables
264,org.apache.commons.lang.exception.NestableExceptionTestCase#testGetMessage
265,org.apache.commons.lang.math.RandomUtilsTest#testNextBoolean
266,org.apache.commons.lang.builder.CompareToBuilderTest#testShortArray
267,org.apache.commons.lang.BitFieldTest#testSetShortValue
268,org.apache.commons.lang.oldenum.EnumTest#testCompareTo
269,org.apache.commons.lang.builder.CompareToBuilderTest#testMultiCharArray
270,org.apache.commons.lang.text.StrMatcherTest#testCharSetMatcher_charArray
271,org.apache.commons.lang.mutable.MutableByteTest#testAddValuePrimitive
272,org.apache.commons.lang.text.StrBuilderTest#testReplace_StrMatcher_String_int_int_int_VaryMatcher
273,org.apache.commons.lang.ClassUtilsTest#test_getPackageName_Object
274,org.apache.commons.lang.ClassUtilsTest#testConstructor
275,org.apache.commons.lang.CharRangeTest#testConstructorAccessors_CharChar_Normal
276,org.apache.commons.lang.StringUtilsTrimEmptyTest#testIsEmpty
277,org.apache.commons.lang.StringUtilsIsTest#testIsAlphanumeric
278,org.apache.commons.lang.builder.HashCodeBuilderTest#testFloat
279,org.apache.commons.lang.enums.EnumTest#testBroken1Operation
280,org.apache.commons.lang.math.LongRangeTest#testContainsDouble
281,org.apache.commons.lang.NotImplementedExceptionTest#testConstructor_String1
282,org.apache.commons.lang.math.IntRangeTest#testContainsRange
283,org.apache.commons.lang.math.LongRangeTest#testContainsNumber
284,org.apache.commons.lang.builder.ToStringStyleTest#testSetContentStart
285,org.apache.commons.lang.builder.ShortPrefixToStringStyleTest#testObjectArray
286,org.apache.commons.lang.enums.ValuedEnumTest#testIterator
287,org.apache.commons.lang.WordUtilsTest#testCapitalizeWithDelimiters_String
288,org.apache.commons.lang.mutable.MutableByteTest#testCompareTo
289,org.apache.commons.lang.builder.EqualsBuilderTest#testMultiLongArray
290,org.apache.commons.lang.mutable.MutableFloatTest#testAddValueObject
291,org.apache.commons.lang.mutable.MutableIntTest#testSubtractValueObject
292,org.apache.commons.lang.time.DateUtilsTest#testAddSeconds
293,org.apache.commons.lang.StringUtilsEqualsIndexOfTest#testIndexOfAnyBut_StringString
294,org.apache.commons.lang.math.IntRangeTest#testContainsDouble
295,org.apache.commons.lang.BitFieldTest#testSetValue
296,org.apache.commons.lang.math.NumberUtilsTest#testMaximumShort
297,org.apache.commons.lang.builder.EqualsBuilderTest#testFloatArrayHiddenByObject
298,org.apache.commons.lang.ArrayUtilsTest#testToPrimitive_short_short
299,org.apache.commons.lang.IllegalClassExceptionTest#testGetMessage_classArgs_normalInput
300,org.apache.commons.lang.math.RandomUtilsTest#testNextLong2
301,org.apache.commons.lang.StringUtilsTrimEmptyTest#testStripEnd_StringString
302,org.apache.commons.lang.StringUtilsTest#testJoin_ArrayChar
303,org.apache.commons.lang.math.IntRangeTest#testContainsIntegerBig
304,org.apache.commons.lang.ClassUtilsTest#testGetClassRawPrimitives
305,org.apache.commons.lang.BooleanUtilsTest#test_toBooleanDefaultIfNull_Boolean_boolean
306,org.apache.commons.lang.EntitiesPerformanceTest#testUnescapeArray
307,org.apache.commons.lang.math.IntRangeTest#testContainsInteger
308,org.apache.commons.lang.builder.EqualsBuilderTest#testBoolean
309,org.apache.commons.lang.mutable.MutableShortTest#testIncrement
310,org.apache.commons.lang.exception.ExceptionUtilsTestCase#testGetThrowableList_Throwable_selfCause
311,org.apache.commons.lang.exception.ExceptionUtilsTestCase#testGetThrowables_Throwable_withCause
312,org.apache.commons.lang.math.RangeTest#testEqualsObject
313,org.apache.commons.lang.builder.CompareToBuilderTest#testReflectionHierarchyCompareExcludeFields
314,org.apache.commons.lang.ArrayUtilsTest#testToPrimitive_double
315,org.apache.commons.lang.BooleanUtilsTest#testXor_primitive_nullInput
316,org.apache.commons.lang.UnhandledExceptionTest#testConstructor_throwable_nullInput
317,org.apache.commons.lang.ArrayUtilsTest#testReverseShort
318,org.apache.commons.lang.enums.EnumUtilsTest#testGet
319,org.apache.commons.lang.builder.ReflectionToStringBuilderExcludeTest#test_toStringExcludeNullArray
320,org.apache.commons.lang.enums.EnumTest#testBroken4Operation
321,org.apache.commons.lang.StringUtilsTrimEmptyTest#testStripStart_StringString
322,org.apache.commons.lang.mutable.MutableDoubleTest#testAddValuePrimitive
323,org.apache.commons.lang.exception.ExceptionUtilsTestCase#testGetThrowableList_Throwable_withCause
324,org.apache.commons.lang.math.LongRangeTest#testOverlapsRange
325,org.apache.commons.lang.math.IntRangeTest#testHashCode
326,org.apache.commons.lang.builder.CompareToBuilderTest#testCharArrayHiddenByObject
327,org.apache.commons.lang.text.StrTokenizerTest#testBasicIgnoreTrimmed3
328,org.apache.commons.lang.builder.ToStringBuilderTest#testFloatArray
329,org.apache.commons.lang.StringUtilsEqualsIndexOfTest#testIndexOfAny_StringString
330,org.apache.commons.lang.builder.CompareToBuilderTest#testMixedArray
331,org.apache.commons.lang.builder.ToStringBuilderTest#testSimpleReflectionObjectCycle
332,org.apache.commons.lang.ArrayUtilsTest#testContainsDouble
333,org.apache.commons.lang.StringUtilsTest#testEscapeFunctions_String
334,org.apache.commons.lang.text.StrTokenizerTest#testBasic2
335,org.apache.commons.lang.builder.NoFieldNamesToStringStyleTest#testAppendSuper
336,org.apache.commons.lang.ArrayUtilsTest#testSubarrayDouble
337,org.apache.commons.lang.builder.HashCodeBuilderTest#testConstructorEx2
338,org.apache.commons.lang.exception.NestableErrorTestCase#testGetMessageI
339,org.apache.commons.lang.text.StrBuilderTest#testReplaceAll_StrMatcher_String
340,org.apache.commons.lang.BooleanUtilsTest#test_isTrue_Boolean
341,org.apache.commons.lang.builder.CompareToBuilderTest#testObjectComparatorNull
342,org.apache.commons.lang.StringUtilsSubstringTest#testSubstringBetween_StringString
343,org.apache.commons.lang.math.NumberRangeTest#testContainsLongBig
344,org.apache.commons.lang.StringUtilsTest#testDeleteSpace_String
345,org.apache.commons.lang.builder.ToStringStyleTest#testSetSummaryObjectStartText
346,org.apache.commons.lang.math.NumberRangeTest#testContainsDouble
347,org.apache.commons.lang.oldenum.ValuedEnumTest#testEquals
348,org.apache.commons.lang.builder.HashCodeBuilderTest#testShortArrayAsObject
349,org.apache.commons.lang.oldenum.EnumTest#testBroken5Operation
350,org.apache.commons.lang.NotImplementedExceptionTest#testPrintStackTrace
351,org.apache.commons.lang.ClassUtilsTest#testGetPublicMethod
352,org.apache.commons.lang.ArrayUtilsTest#testLastIndexOfShort
353,org.apache.commons.lang.SystemUtilsTest#testJavaVersionAtLeastInt
354,org.apache.commons.lang.builder.ReflectionToStringBuilderExcludeTest#test_toStringExcludeEmptyArray
355,org.apache.commons.lang.ValidateTest#testConstructor
356,org.apache.commons.lang.text.StrBuilderTest#testReplaceAll_char_char
357,org.apache.commons.lang.mutable.MutableShortTest#testHashCode
358,org.apache.commons.lang.math.IntRangeTest#testConstructor2b
359,org.apache.commons.lang.exception.ExceptionUtilsTestCase#testGetThrowables_Throwable_withoutCause
360,org.apache.commons.lang.SerializationUtilsTest#testDeserializeStreamNull
361,org.apache.commons.lang.ClassUtilsTest#testGetClassByNormalNameArrays2D
362,org.apache.commons.lang.StringUtilsTrimEmptyTest#testClean
363,org.apache.commons.lang.exception.NestableExceptionTestCase#testGetMessages
364,org.apache.commons.lang.ObjectUtilsTest#testHashCode
365,org.apache.commons.lang.text.StrBuilderTest#testGetSetNewLineText
366,org.apache.commons.lang.enums.ValuedEnumTest#testSerialization
367,org.apache.commons.lang.ValidateTest#testNoNullElementsArray1
368,org.apache.commons.lang.StringUtilsTrimEmptyTest#testStripToNull_String
369,org.apache.commons.lang.text.StrTokenizerTest#testBasicDelim2
370,org.apache.commons.lang.text.StrBuilderTest#testCapacity
371,org.apache.commons.lang.ArrayUtilsTest#testLastIndexOfByteWithStartIndex
372,org.apache.commons.lang.math.NumberUtilsTest#testMaxFloat
373,org.apache.commons.lang.math.FloatRangeTest#testConstructor2b
374,org.apache.commons.lang.text.StrBuilderTest#testLength
375,org.apache.commons.lang.LocaleUtilsTest#testAvailableLocaleSet
376,org.apache.commons.lang.builder.CompareToBuilderTest#testObjectEx2
377,org.apache.commons.lang.exception.NestableExceptionTestCase#testIndexOfThrowableI
378,org.apache.commons.lang.text.StrMatcherTest#testNoneMatcher
379,org.apache.commons.lang.math.NumberRangeTest#testContainsRange
380,org.apache.commons.lang.time.DateUtilsTest#testAddMinutes
381,org.apache.commons.lang.ArrayUtilsTest#testSubarrayBoolean
382,org.apache.commons.lang.math.NumberRangeTest#testGetMinimum
383,org.apache.commons.lang.EntitiesPerformanceTest#testEscapeBinary
384,org.apache.commons.lang.CharRangeTest#testHashCode
385,org.apache.commons.lang.SerializationUtilsTest#testDeserializeStreamBadStream
386,org.apache.commons.lang.BooleanUtilsTest#test_toString_Boolean_String_String_String
387,org.apache.commons.lang.EntitiesTest#testHtml40Nbsp
388,org.apache.commons.lang.exception.ExceptionUtilsTestCase#testIndexOfType_ThrowableClassInt
389,org.apache.commons.lang.time.DateUtilsTest#testMonthIterator
390,org.apache.commons.lang.text.VariableFormatterTest#testInitialize
391,org.apache.commons.lang.builder.ToStringBuilderTest#testByte
392,org.apache.commons.lang.enums.EnumTest#testExtended3Get
393,org.apache.commons.lang.ValidateTest#testIsTrue1
394,org.apache.commons.lang.exception.NestableErrorTestCase#testIndexOfThrowable
395,org.apache.commons.lang.ValidateTest#testIsTrue4
396,org.apache.commons.lang.builder.EqualsBuilderTest#testLong
397,org.apache.commons.lang.math.FractionTest#testInvert
398,org.apache.commons.lang.mutable.MutableIntTest#testSubtractValuePrimitive
399,org.apache.commons.lang.builder.NoFieldNamesToStringStyleTest#testObjectArray
400,org.apache.commons.lang.math.LongRangeTest#testConstructor1b
401,org.apache.commons.lang.BooleanUtilsTest#testXor_object_emptyInput
402,org.apache.commons.lang.EntitiesPerformanceTest#testEscapeLookup
403,org.apache.commons.lang.StringUtilsSubstringTest#testSubstringAfter_StringString
404,org.apache.commons.lang.builder.ReflectionToStringBuilderExcludeTest#test_toStringExcludeCollectionWithNulls
405,org.apache.commons.lang.StringUtilsTrimEmptyTest#testIsNotBlank
406,org.apache.commons.lang.time.FastDateFormatTest#testSimpleDate
407,org.apache.commons.lang.StringUtilsTest#testRightPad_StringIntString
408,org.apache.commons.lang.enums.EnumUtilsTest#testGetValueEx
409,org.apache.commons.lang.text.StrBuilderTest#testLastIndexOf_String
410,org.apache.commons.lang.math.FractionTest#testFactory_String_proper
411,org.apache.commons.lang.enums.EnumTest#testOperationGet
412,org.apache.commons.lang.ObjectUtilsTest#testIdentityToString
413,org.apache.commons.lang.math.LongRangeTest#testGetMinimum
414,org.apache.commons.lang.exception.ExceptionUtilsTestCase#testIndexOf_ThrowableClassInt
415,org.apache.commons.lang.StringUtilsSubstringTest#testSubstringBefore_StringString
416,org.apache.commons.lang.ValidateTest#testNotEmptyArray1
417,org.apache.commons.lang.EntitiesPerformanceTest#testBuildHash
418,org.apache.commons.lang.IntHashMapTest#testContains
419,org.apache.commons.lang.math.IntRangeTest#testConstructor1a
420,org.apache.commons.lang.text.StrMatcherTest#testCommaMatcher
421,org.apache.commons.lang.text.StrTokenizerTest#testReset_charArray
422,org.apache.commons.lang.enums.EnumTest#testBroken1
423,org.apache.commons.lang.math.NumberUtilsTest#testMaximumDouble
424,org.apache.commons.lang.CharUtilsTest#testIsAsciiAlphaLower_char
425,org.apache.commons.lang.text.VariableFormatterTest#testReplaceNoSuffix
426,org.apache.commons.lang.mutable.MutableByteTest#testConstructors
427,org.apache.commons.lang.ArrayUtilsTest#testLastIndexOfBoolean
428,org.apache.commons.lang.text.StrTokenizerTest#testBasicTrimmed2
429,org.apache.commons.lang.builder.DefaultToStringStyleTest#testLong
430,org.apache.commons.lang.mutable.MutableDoubleTest#testConstructors
431,org.apache.commons.lang.math.NumberUtilsTest#testMaxLong
432,org.apache.commons.lang.SystemUtilsTest#testConstructor
433,org.apache.commons.lang.math.NumberUtilsTest#testCreateLong
434,org.apache.commons.lang.ArrayUtilsTest#testToPrimitive_double_double
435,org.apache.commons.lang.exception.NestableExceptionTestCase#testGetThrowableCount
436,org.apache.commons.lang.time.DateUtilsTest#testAddYears
437,org.apache.commons.lang.exception.NestableRuntimeExceptionTestCase#testGetMessages
438,org.apache.commons.lang.oldenum.ValuedEnumTest#testCompareTo
439,org.apache.commons.lang.ArrayUtilsTest#testIsEquals
440,org.apache.commons.lang.math.DoubleRangeTest#testGetMinimum
441,org.apache.commons.lang.exception.NestableRuntimeExceptionTestCase#testIndexOfThrowable
442,org.apache.commons.lang.NumberUtilsTest#testIsNumberInvalidInput
443,org.apache.commons.lang.builder.DefaultToStringStyleTest#testObjectArray
444,org.apache.commons.lang.BooleanUtilsTest#test_toInteger_Boolean_int_int_int
445,org.apache.commons.lang.builder.ToStringBuilderTest#testReflectionDoubleArray
446,org.apache.commons.lang.math.NumberUtilsTest#testIsDigits
447,org.apache.commons.lang.ArrayUtilsRemoveTest#testRemoveByteArray
448,org.apache.commons.lang.builder.StandardToStringStyleTest#testAppendSuper
449,org.apache.commons.lang.ArrayUtilsTest#testReverseLong
450,org.apache.commons.lang.builder.CompareToBuilderTest#testInt
451,org.apache.commons.lang.CharUtilsTest#testIsAsciiPrintable_char
452,org.apache.commons.lang.ClassUtilsTest#test_getAllInterfaces_Class
453,org.apache.commons.lang.NumberRangeTest#testEqualsNull
454,org.apache.commons.lang.enums.EnumUtilsTest#testGetValue
455,org.apache.commons.lang.ObjectUtilsTest#testEquals
456,org.apache.commons.lang.enums.EnumTest#testOperationToString
457,org.apache.commons.lang.builder.HashCodeBuilderTest#testByteArray
458,org.apache.commons.lang.text.VariableFormatterTest#testNoResolver
459,org.apache.commons.lang.ArrayUtilsRemoveTest#testRemoveObjectArray
460,org.apache.commons.lang.builder.ToStringStyleTest#testSetNullText
461,org.apache.commons.lang.CharUtilsTest#testIsAsciiAlphaUpper_char
462,org.apache.commons.lang.math.FloatRangeTest#testContainsRange
463,org.apache.commons.lang.exception.ExceptionUtilsTestCase#testPrintRootCauseStackTrace_ThrowableWriter
464,org.apache.commons.lang.text.StrMatcherTest#testStringMatcher_String
465,org.apache.commons.lang.ArrayUtilsTest#testIndexOfFloatWithStartIndex
466,org.apache.commons.lang.CharSetTest#testConstructor_String_comboNegated
467,org.apache.commons.lang.builder.HashCodeBuilderTest#testObject
468,org.apache.commons.lang.exception.NestableExceptionTestCase#testPrintStackTrace
469,org.apache.commons.lang.NotImplementedExceptionTest#testConstructor_Throwable2
470,org.apache.commons.lang.time.DateUtilsTest#testIsSameLocalTime_Cal
471,org.apache.commons.lang.text.VariableFormatterTest#testReplaceNoPrefix
472,org.apache.commons.lang.BooleanUtilsTest#test_toStringOnOff_boolean
473,org.apache.commons.lang.builder.CompareToBuilderTest#testReflectionHierarchyCompare
474,org.apache.commons.lang.time.DateUtilsTest#testIsSameDay_Date
475,org.apache.commons.lang.oldenum.EnumTest#testMap
476,org.apache.commons.lang.math.NumberUtilsTest#testToFloatStringF
477,org.apache.commons.lang.math.FloatRangeTest#testContainsInteger
478,org.apache.commons.lang.text.StrBuilderTest#testGetCharsIntIntCharArrayInt
479,org.apache.commons.lang.enums.EnumTest#testBroken3
480,org.apache.commons.lang.text.StrBuilderTest#testToStringBuffer
481,org.apache.commons.lang.IncompleteArgumentExceptionTest#test2arg_allNullInput
482,org.apache.commons.lang.BooleanUtilsTest#testXor_object_validInput_3items
483,org.apache.commons.lang.builder.HashCodeBuilderTest#testReflectionHierarchyHashCodeEx2
484,org.apache.commons.lang.NumberUtilsTest#testIsDigits
485,org.apache.commons.lang.math.FractionTest#testDivide
486,org.apache.commons.lang.builder.EqualsBuilderTest#testUnrelatedClasses
487,org.apache.commons.lang.NotImplementedExceptionTest#testConstructor_Class2
488,org.apache.commons.lang.time.DurationFormatUtilsTest#testFormatPeriodISO
489,org.apache.commons.lang.builder.HashCodeBuilderTest#testObjectArray
490,org.apache.commons.lang.builder.EqualsBuilderTest#testDoubleArray
491,org.apache.commons.lang.text.StrBuilderTest#testGetChars
492,org.apache.commons.lang.builder.ToStringStyleTest#testSetFieldSeparator
493,org.apache.commons.lang.math.NumberUtilsTest#testCreateNumber
494,org.apache.commons.lang.StringUtilsTrimEmptyTest#testStrip_String
495,org.apache.commons.lang.oldenum.EnumUtilsTest#testIteratorEx
496,org.apache.commons.lang.SerializationUtilsTest#testDeserializeStream
497,org.apache.commons.lang.math.DoubleRangeTest#testContainsLong
498,org.apache.commons.lang.oldenum.EnumUtilsTest#testGet
499,org.apache.commons.lang.builder.ToStringBuilderTest#testReflectionObjectArray
500,org.apache.commons.lang.builder.CompareToBuilderTest#testRaggedArray
501,org.apache.commons.lang.SerializationUtilsTest#testDeserializeBytesOfNull
502,org.apache.commons.lang.math.NumberUtilsTest#testStringToIntStringI
503,org.apache.commons.lang.IllegalClassExceptionTest#testConstructor_classObjectArgs_allNullInput
504,org.apache.commons.lang.mutable.MutableShortTest#testPrimitiveValues
505,org.apache.commons.lang.exception.NestableExceptionTestCase#testGetMessageI
506,org.apache.commons.lang.ArrayUtilsAddTest#testAddObjectArrayLong
507,org.apache.commons.lang.CharUtilsTest#testToIntValue_char_int
508,org.apache.commons.lang.ArrayUtilsTest#testIndexOfShort
509,org.apache.commons.lang.mutable.MutableByteTest#testSubtractValueObject
510,org.apache.commons.lang.builder.EqualsBuilderTest#testLongArray
511,org.apache.commons.lang.EntitiesPerformanceTest#testEscapeHash
512,org.apache.commons.lang.oldenum.EnumTest#testExtended1Get
513,org.apache.commons.lang.text.VariableFormatterTest#testReplaceWeirdPattens
514,org.apache.commons.lang.ClassUtilsTest#testGetClassByNormalNameArrays
515,org.apache.commons.lang.builder.HashCodeBuilderTest#testShort
516,org.apache.commons.lang.exception.NestableExceptionTestCase#testGetCause
517,org.apache.commons.lang.text.VariableFormatterTest#testReplace
518,org.apache.commons.lang.builder.ToStringBuilderTest#testReflectionByteArrayArray
519,org.apache.commons.lang.ArrayUtilsTest#testToObject_double
520,org.apache.commons.lang.text.StrBuilderTest#testMinimizeCapacity
521,org.apache.commons.lang.ArrayUtilsAddTest#testAddObjectArrayInt
522,org.apache.commons.lang.math.NumberUtilsTest#testMinDouble
523,org.apache.commons.lang.math.FloatRangeTest#testGetMinimum
524,org.apache.commons.lang.oldenum.EnumTest#testExtended3Get
525,org.apache.commons.lang.math.IntRangeTest#testContainsNumber
526,org.apache.commons.lang.oldenum.EnumTest#testHashCode
527,org.apache.commons.lang.ArrayUtilsTest#testIndexOfWithStartIndex
528,org.apache.commons.lang.EntitiesPerformanceTest#testLookupLookup
529,org.apache.commons.lang.exception.NestableRuntimeExceptionTestCase#testGetThrowableCount
530,org.apache.commons.lang.oldenum.ValuedEnumTest#testGetValue
531,org.apache.commons.lang.math.IntRangeTest#testGetMinimum
532,org.apache.commons.lang.StringUtilsTest#testReverse_String
533,org.apache.commons.lang.CharEncodingTest#testWorksOnJava1_1_8
534,org.apache.commons.lang.IncompleteArgumentExceptionTest#test2arg_nullString
535,org.apache.commons.lang.NumberUtilsTest#testCreateBigDecimal
536,org.apache.commons.lang.StringEscapeUtilsTest#testEscapeHtmlVersions
537,org.apache.commons.lang.StringUtilsTest#testChopNewLine
538,org.apache.commons.lang.mutable.MutableIntTest#testToString
539,org.apache.commons.lang.text.StrBuilderTest#testAsReader
540,org.apache.commons.lang.text.StrTokenizerTest#testConstructor_String_char
541,org.apache.commons.lang.text.StrBuilderTest#testDeleteIntInt
542,org.apache.commons.lang.mutable.MutableDoubleTest#testHashCode
543,org.apache.commons.lang.RandomStringUtilsTest#testExceptions
544,org.apache.commons.lang.EntitiesTest#testPrimitiveIntMap
545,org.apache.commons.lang.mutable.MutableObjectTest#testEquals
546,org.apache.commons.lang.NumberRangeTest#testOverlapNull
547,org.apache.commons.lang.StringUtilsEqualsIndexOfTest#testContainsNone_Chararray
548,org.apache.commons.lang.StringUtilsEqualsIndexOfTest#testLastIndexOf_StringInt
549,org.apache.commons.lang.ClassUtilsTest#test_getAllSuperclasses_Class
550,org.apache.commons.lang.mutable.MutableShortTest#testSubtractValuePrimitive
551,org.apache.commons.lang.time.DateUtilsTest#testIsSameInstant_Date
552,org.apache.commons.lang.builder.ToStringBuilderTest#testLongArrayArray
553,org.apache.commons.lang.BitFieldTest#testGetRawValue
554,org.apache.commons.lang.CharUtilsTest#testToUnicodeEscaped_Character
555,org.apache.commons.lang.EntitiesPerformanceTest#testUnescapeHash
556,org.apache.commons.lang.mutable.MutableLongTest#testCompareTo
557,org.apache.commons.lang.LocaleUtilsTest#testToLocale_1Part
558,org.apache.commons.lang.StringUtilsSubstringTest#testMid_String
559,org.apache.commons.lang.IllegalClassExceptionTest#testGetMessage_stringArg_validInput
560,org.apache.commons.lang.ArrayUtilsTest#testReverseByte
561,org.apache.commons.lang.time.FastDateFormatTest#test_getInstance
562,org.apache.commons.lang.mutable.MutableLongTest#testAddValuePrimitive
563,org.apache.commons.lang.math.NumberUtilsTest#testMaxShort
564,org.apache.commons.lang.IllegalClassExceptionTest#testConstructor_stringArg_nullInput
565,org.apache.commons.lang.text.VariableFormatterTest#testRecursiveReplacement
566,org.apache.commons.lang.math.NumberUtilsTest#testToLongStringL
567,org.apache.commons.lang.oldenum.EnumTest#testOperationSerialization
568,org.apache.commons.lang.builder.MultiLineToStringStyleTest#testObject
569,org.apache.commons.lang.exception.ExceptionUtilsTestCase#testGetCause_Throwable
570,org.apache.commons.lang.ClassUtilsTest#test_getShortClassName_Class
571,org.apache.commons.lang.mutable.MutableDoubleTest#testPrimitiveValues
572,org.apache.commons.lang.BooleanUtilsTest#testXor_object_validInput_2items
573,org.apache.commons.lang.StringUtilsTest#testConstructor
574,org.apache.commons.lang.text.StrTokenizerTest#testBasicQuoted4
575,org.apache.commons.lang.exception.NestableRuntimeExceptionTestCase#testPrintStackTrace
576,org.apache.commons.lang.oldenum.EnumTest#testBroken2
577,org.apache.commons.lang.math.NumberRangeTest#testToString
578,org.apache.commons.lang.mutable.MutableLongTest#testHashCode
579,org.apache.commons.lang.mutable.MutableFloatTest#testConstructors
580,org.apache.commons.lang.ValidateTest#testNotEmptyMap2
581,org.apache.commons.lang.StringUtilsTest#testDefault_StringString
582,org.apache.commons.lang.math.NumberUtilsTest#testMaximumFloat
583,org.apache.commons.lang.CharSetUtilsTest#testTranslate
584,org.apache.commons.lang.builder.ToStringBuilderTest#testBooleanArray
585,org.apache.commons.lang.IntHashMapTest#testClear
586,org.apache.commons.lang.enums.EnumTest#testToString
587,org.apache.commons.lang.builder.ToStringBuilderTest#testGetSetDefault
588,org.apache.commons.lang.enums.EnumTest#testBroken5Operation
589,org.apache.commons.lang.mutable.MutableByteTest#testGetSet
590,org.apache.commons.lang.NumberUtilsTest#testIsNumber
591,org.apache.commons.lang.builder.ToStringBuilderTest#testLongArray
592,org.apache.commons.lang.math.LongRangeTest#testConstructor2b
593,org.apache.commons.lang.text.StrTokenizerTest#testBasicTrimmed1
594,org.apache.commons.lang.time.DurationFormatUtilsTest#testLexx
595,org.apache.commons.lang.text.StrTokenizerTest#testBasic4
596,org.apache.commons.lang.EntitiesPerformanceTest#testBuildArray
597,org.apache.commons.lang.SerializationUtilsTest#testSerializeStream
598,org.apache.commons.lang.time.StopWatchTest#testStopWatchSplit
599,org.apache.commons.lang.ClassUtilsTest#test_convertClassNamesToClasses_List
600,org.apache.commons.lang.oldenum.EnumTest#testOperationMap
601,org.apache.commons.lang.ArrayUtilsAddTest#testAddObjectArrayDouble
602,org.apache.commons.lang.exception.NestableDelegateTestCase#testNestableDelegateGetMessage
603,org.apache.commons.lang.CharSetTest#testConstructor_String_oddDash
604,org.apache.commons.lang.ArrayUtilsTest#testLastIndexOfLongWithStartIndex
605,org.apache.commons.lang.builder.ToStringStyleTest#testSetSizeEndText
606,org.apache.commons.lang.StringUtilsSubstringTest#testSubstring_StringInt
607,org.apache.commons.lang.ArrayUtilsTest#testToObject_char
608,org.apache.commons.lang.text.StrBuilderTest#testIndexOf_StrMatcher_int
609,org.apache.commons.lang.builder.HashCodeBuilderTest#testBoolean
610,org.apache.commons.lang.exception.NestableDelegateTestCase#testNestableDelegateGetThrowableN
611,org.apache.commons.lang.ObjectUtilsTest#testNull
612,org.apache.commons.lang.CharUtilsTest#testIsAsciiAlphanumeric_char
613,org.apache.commons.lang.text.StrMatcherTest#testTrimMatcher
614,org.apache.commons.lang.ArrayUtilsAddTest#testAddObjectAtIndex
615,org.apache.commons.lang.mutable.MutableLongTest#testIncrement
616,org.apache.commons.lang.builder.CompareToBuilderTest#testReflectionHierarchyCompareTransients
617,org.apache.commons.lang.mutable.MutableFloatTest#testSubtractValuePrimitive
618,org.apache.commons.lang.text.StrBuilderTest#testRightString
619,org.apache.commons.lang.WordUtilsTest#testWrap_StringInt
620,org.apache.commons.lang.CharUtilsTest#testToCharacterObject_String
621,org.apache.commons.lang.oldenum.ValuedEnumTest#testSerialization
622,org.apache.commons.lang.mutable.MutableBooleanTest#testEquals
623,org.apache.commons.lang.text.StrTokenizerTest#testCSVSimple
624,org.apache.commons.lang.StringUtilsTest#testSplitPreserveAllTokens_StringString_StringStringInt
625,org.apache.commons.lang.StringUtilsTest#testDeprecatedChompFunctions
626,org.apache.commons.lang.text.VariableFormatterTest#testReplaceEmptyKeys
627,org.apache.commons.lang.text.StrBuilderTest#testEquals
628,org.apache.commons.lang.enums.EnumTest#testExtended2Get
629,org.apache.commons.lang.mutable.MutableObjectTest#testConstructors
630,org.apache.commons.lang.ArrayUtilsTest#testLastIndexOfFloat
631,org.apache.commons.lang.StringUtilsTest#testConcatenate_Objectarray
632,org.apache.commons.lang.StringUtilsEqualsIndexOfTest#testContainsChar
633,org.apache.commons.lang.BitFieldTest#testGetShortRawValue
634,org.apache.commons.lang.time.DateFormatUtilsTest#testFormatUTC
635,org.apache.commons.lang.enums.ValuedEnumTest#testToString
636,org.apache.commons.lang.text.StrBuilderTest#testIndexOf_char_int
637,org.apache.commons.lang.builder.StandardToStringStyleTest#testLong
638,org.apache.commons.lang.math.FloatRangeTest#testOverlapsRange
639,org.apache.commons.lang.math.RandomUtilsTest#testNextDouble2
640,org.apache.commons.lang.text.StrBuilderTest#testLeftString
641,org.apache.commons.lang.exception.NestableErrorTestCase#testPrintStackTrace
642,org.apache.commons.lang.StringUtilsTest#testRemoveEnd
643,org.apache.commons.lang.builder.ToStringBuilderTest#testReflectionHierarchy
644,org.apache.commons.lang.EntitiesPerformanceTest#testBuildLookup
645,org.apache.commons.lang.StringUtilsEqualsIndexOfTest#testIndexOfAnyBut_StringChararray
646,org.apache.commons.lang.EntitiesPerformanceTest#testLookupBinary
647,org.apache.commons.lang.WordUtilsTest#testCapitalizeFullyWithDelimiters_String
648,org.apache.commons.lang.enums.ValuedEnumTest#testGetValue
649,org.apache.commons.lang.ArrayUtilsTest#testSameLengthByte
650,org.apache.commons.lang.text.StrBuilderTest#testStartsWith
651,org.apache.commons.lang.math.NumberUtilsTest#testMinimumInt
652,org.apache.commons.lang.builder.EqualsBuilderTest#testByteArrayHiddenByObject
653,org.apache.commons.lang.builder.DefaultToStringStyleTest#testObject
654,org.apache.commons.lang.oldenum.EnumTest#testOperationGet
655,org.apache.commons.lang.CharRangeTest#testEquals_Object
656,org.apache.commons.lang.exception.NestableDelegateTestCase#testGetMessageString
657,org.apache.commons.lang.CharRangeTest#testConstructorAccessors_CharCharBoolean_NormalNegated
658,org.apache.commons.lang.StringUtilsEqualsIndexOfTest#testIndexOfAny_StringChararray
659,org.apache.commons.lang.time.DateFormatUtilsTest#testConstructor
660,org.apache.commons.lang.ArrayUtilsTest#testSubarrayInt
661,org.apache.commons.lang.ArrayUtilsTest#testContainsLong
662,org.apache.commons.lang.CharUtilsTest#testToIntValue_Character
663,org.apache.commons.lang.math.NumberUtilsTest#testMinimumFloat
664,org.apache.commons.lang.StringUtilsEqualsIndexOfTest#testContainsIgnoreCase_StringString
665,org.apache.commons.lang.RandomStringUtilsTest#testLang100
666,org.apache.commons.lang.exception.ExceptionUtilsTestCase#testGetThrowableCount_Throwable
667,org.apache.commons.lang.exception.ExceptionUtilsTestCase#testGetThrowables_Throwable_recursiveCause
668,org.apache.commons.lang.time.DateUtilsTest#testAddMilliseconds
669,org.apache.commons.lang.ArrayUtilsTest#testIndexOfLongWithStartIndex
670,org.apache.commons.lang.text.StrTokenizerTest#testBasicDelim1
671,org.apache.commons.lang.ArrayUtilsTest#testLastIndexOfLong
672,org.apache.commons.lang.builder.ShortPrefixToStringStyleTest#testLongArray
673,org.apache.commons.lang.StringUtilsEqualsIndexOfTest#testContainsString
674,org.apache.commons.lang.builder.ToStringBuilderTest#testReflectionBoolean
675,org.apache.commons.lang.builder.StandardToStringStyleTest#testLongArray
676,org.apache.commons.lang.math.NumberUtilsTest#testCompareFloat
677,org.apache.commons.lang.StringUtilsEqualsIndexOfTest#testIndexOf_charInt
678,org.apache.commons.lang.CharSetUtilsTest#testTranslateNullPointerException
679,org.apache.commons.lang.builder.ToStringBuilderTest#testChar
680,org.apache.commons.lang.mutable.MutableDoubleTest#testDecrement
681,org.apache.commons.lang.CharRangeTest#testSerialization
682,org.apache.commons.lang.NotImplementedExceptionTest#testConstructor_StringThrowable1
683,org.apache.commons.lang.oldenum.EnumTest#testExtended3Map
684,org.apache.commons.lang.ArrayUtilsTest#testGetLength
685,org.apache.commons.lang.math.FractionTest#testMultiply
686,org.apache.commons.lang.text.StrBuilderTest#testDeleteFirst_StrMatcher
687,org.apache.commons.lang.builder.ToStringBuilderTest#testReflectionArrayAndObjectCycle
688,org.apache.commons.lang.ArrayUtilsTest#testLastIndexOfChar
689,org.apache.commons.lang.EntitiesPerformanceTest#testBuildBinary
690,org.apache.commons.lang.ArrayUtilsTest#testClone
691,org.apache.commons.lang.EntitiesPerformanceTest#testLookupPrimitive
692,org.apache.commons.lang.text.StrBuilderAppendInsertTest#testAppendNewLine
693,org.apache.commons.lang.math.NumberRangeTest#testContainsLong
694,org.apache.commons.lang.CharRangeTest#testConstructorAccessors_CharCharBoolean_Same
695,org.apache.commons.lang.builder.EqualsBuilderTest#testReflectionEquals
696,org.apache.commons.lang.LocaleUtilsTest#testCountriesByLanguage
697,org.apache.commons.lang.CharSetUtilsTest#testSqueeze_StringString
698,org.apache.commons.lang.oldenum.EnumUtilsTest#testConstructor
699,org.apache.commons.lang.ArrayUtilsTest#testToObject_float
700,org.apache.commons.lang.oldenum.EnumTest#testBroken4Operation
701,org.apache.commons.lang.enums.EnumTest#testGet
702,org.apache.commons.lang.builder.StandardToStringStyleTest#testLongArrayArray
703,org.apache.commons.lang.ArrayUtilsRemoveTest#testRemoveCharArray
704,org.apache.commons.lang.builder.ToStringBuilderTest#testBooleanArrayArray
705,org.apache.commons.lang.SerializationUtilsTest#testConstructor
706,org.apache.commons.lang.mutable.MutableIntTest#testHashCode
707,org.apache.commons.lang.StringEscapeUtilsTest#testUnescapeHtml
708,org.apache.commons.lang.NumberRangeTest#testIncludesRangeNull
709,org.apache.commons.lang.mutable.MutableFloatTest#testPrimitiveValues
710,org.apache.commons.lang.StringUtilsTrimEmptyTest#testIsBlank
711,org.apache.commons.lang.BooleanUtilsTest#test_toString_boolean_String_String_String
712,org.apache.commons.lang.NumberUtilsTest#testCreateNumber
713,org.apache.commons.lang.StringUtilsTest#testReplace_StringStringStringInt
714,org.apache.commons.lang.CharUtilsTest#testToChar_Character
715,org.apache.commons.lang.SerializationUtilsTest#testDeserializeBytes
716,org.apache.commons.lang.CharSetTest#testHashCode
717,org.apache.commons.lang.time.DurationFormatUtilsTest#testConstructor
718,org.apache.commons.lang.text.StrBuilderAppendInsertTest#testAppend_StrBuilder_int_int
719,org.apache.commons.lang.builder.ToStringBuilderTest#testAppendToString
720,org.apache.commons.lang.math.NumberUtilsTest#testMinShort
721,org.apache.commons.lang.builder.EqualsBuilderTest#testMultiShortArray
722,org.apache.commons.lang.exception.NestableErrorTestCase#testIndexOfThrowableI
723,org.apache.commons.lang.CharSetUtilsTest#testDelete_StringString
724,org.apache.commons.lang.EntitiesPerformanceTest#testLookupArray
725,org.apache.commons.lang.builder.ToStringBuilderTest#testByteArrayArray
726,org.apache.commons.lang.enums.EnumTest#testBroken3Operation
727,org.apache.commons.lang.time.DateFormatUtilsTest#testDateISO
728,org.apache.commons.lang.ArrayUtilsTest#testSameLengthBoolean
729,org.apache.commons.lang.SerializationUtilsTest#testCloneNull
730,org.apache.commons.lang.builder.ToStringBuilderTest#testCharArrayArray
731,org.apache.commons.lang.builder.CompareToBuilderTest#testChar
732,org.apache.commons.lang.builder.CompareToBuilderTest#testCharArray
733,org.apache.commons.lang.builder.CompareToBuilderTest#testByteArray
734,org.apache.commons.lang.oldenum.EnumTest#testExtended2Map
735,org.apache.commons.lang.builder.CompareToBuilderTest#testLong
736,org.apache.commons.lang.math.NumberRangeTest#testGetMaximum
737,org.apache.commons.lang.NumberRangeTest#testToString
738,org.apache.commons.lang.math.FractionTest#testConversions
739,org.apache.commons.lang.builder.HashCodeBuilderTest#testDoubleArrayAsObject
740,org.apache.commons.lang.math.RandomUtilsTest#testNextInt2
741,org.apache.commons.lang.builder.EqualsBuilderTest#testSuper
742,org.apache.commons.lang.builder.SimpleToStringStyleTest#testLongArray
743,org.apache.commons.lang.enums.EnumTest#testList
744,org.apache.commons.lang.ArrayUtilsTest#testSubarrayObject
745,org.apache.commons.lang.oldenum.EnumTest#testOperationCalculation
746,org.apache.commons.lang.SystemUtilsTest#testGetUserDir
747,org.apache.commons.lang.math.DoubleRangeTest#testContainsFloat
748,org.apache.commons.lang.text.StrBuilderTest#testIndexOf_char
749,org.apache.commons.lang.builder.CompareToBuilderTest#testFloatArrayHiddenByObject
750,org.apache.commons.lang.builder.CompareToBuilderTest#testLongArray
751,org.apache.commons.lang.StringUtilsTest#testSplitByWholeString_StringStringBoolean
752,org.apache.commons.lang.builder.CompareToBuilderTest#testAppendSuper
753,org.apache.commons.lang.text.StrBuilderTest#testIndexOf_String
754,org.apache.commons.lang.text.VariableFormatterTest#testReplaceObject
755,org.apache.commons.lang.text.StrTokenizerTest#test6
756,org.apache.commons.lang.ArrayUtilsRemoveTest#testRemoveElementCharArray
757,org.apache.commons.lang.enums.EnumUtilsTest#testMapEx
758,org.apache.commons.lang.oldenum.EnumUtilsTest#testIterator
759,org.apache.commons.lang.CharUtilsTest#testToChar_String_char
760,org.apache.commons.lang.LocaleUtilsTest#testIsAvailableLocale
761,org.apache.commons.lang.WordUtilsTest#testSwapCase_String
762,org.apache.commons.lang.time.DateFormatUtilsTest#testDateTimeISO
763,org.apache.commons.lang.StringEscapeUtilsTest#testEscapeXml
764,org.apache.commons.lang.builder.EqualsBuilderTest#testObjectArrayHiddenByObject
765,org.apache.commons.lang.IncompleteArgumentExceptionTest#test1arg_validInput
766,org.apache.commons.lang.math.NumberUtilsTest#testMinimumByte
767,org.apache.commons.lang.NumberUtilsTest#testCreateBigInteger
768,org.apache.commons.lang.oldenum.EnumTest#testBroken1Operation
769,org.apache.commons.lang.mutable.MutableFloatTest#testSubtractValueObject
770,org.apache.commons.lang.builder.ToStringBuilderTest#testReflectionShortArray
771,org.apache.commons.lang.builder.CompareToBuilderTest#testBoolean
772,org.apache.commons.lang.ArrayUtilsTest#testIsEmptyPrimitives
773,org.apache.commons.lang.oldenum.EnumUtilsTest#testGetEx
774,org.apache.commons.lang.builder.StandardToStringStyleTest#testObjectArray
775,org.apache.commons.lang.text.StrTokenizerTest#test1
776,org.apache.commons.lang.exception.ExceptionUtilsTestCase#testGetCause_ThrowableArray
777,org.apache.commons.lang.NotImplementedExceptionTest#testConstructor_Throwable1
778,org.apache.commons.lang.builder.ToStringBuilderTest#testShort
779,org.apache.commons.lang.builder.ToStringBuilderTest#testSimpleReflectionStatics
780,org.apache.commons.lang.ValidateTest#testNotEmptyArray2
781,org.apache.commons.lang.ArrayUtilsTest#testContainsChar
782,org.apache.commons.lang.StringUtilsSubstringTest#testGetNestedString_StringString
783,org.apache.commons.lang.text.StrTokenizerTest#testIteration
784,org.apache.commons.lang.builder.HashCodeBuilderTest#testSuper
785,org.apache.commons.lang.math.DoubleRangeTest#testConstructor1a
786,org.apache.commons.lang.exception.NestableRuntimeExceptionTestCase#testSpecificPrintStackTrace
787,org.apache.commons.lang.builder.NoFieldNamesToStringStyleTest#testLong
788,org.apache.commons.lang.builder.HashCodeBuilderTest#testReflectionHierarchyHashCodeEx1
789,org.apache.commons.lang.text.StrBuilderTest#testReplace_StrMatcher_String_int_int_int_VaryReplace
790,org.apache.commons.lang.math.DoubleRangeTest#testContainsRange
791,org.apache.commons.lang.math.FractionTest#testNegate
792,org.apache.commons.lang.builder.ToStringStyleTest#testSetArrayStart
793,org.apache.commons.lang.EntitiesPerformanceTest#testUnescapeBinary
794,org.apache.commons.lang.NumberRangeTest#testHashCode
795,org.apache.commons.lang.math.DoubleRangeTest#testConstructor2a
796,org.apache.commons.lang.builder.ShortPrefixToStringStyleTest#testAppendSuper
797,org.apache.commons.lang.ArrayUtilsTest#testToPrimitive_char_char
798,org.apache.commons.lang.math.IntRangeTest#testEquals
799,org.apache.commons.lang.NumberUtilsTest#testCompareDouble
800,org.apache.commons.lang.builder.HashCodeBuilderTest#testFloatArray
801,org.apache.commons.lang.builder.ToStringBuilderTest#testConstructorEx1
802,org.apache.commons.lang.time.DateFormatUtilsTest#testFormat
803,org.apache.commons.lang.BooleanUtilsTest#test_toBoolean_int_int_int
804,org.apache.commons.lang.math.FloatRangeTest#testConstructor1b
805,org.apache.commons.lang.ArrayUtilsTest#testLastIndexOfDoubleWithStartIndex
806,org.apache.commons.lang.ArrayUtilsTest#testToPrimitive_boolean_boolean
807,org.apache.commons.lang.ArrayUtilsTest#testIndexOfBooleanWithStartIndex
808,org.apache.commons.lang.ArrayUtilsRemoveTest#testRemoveElementByteArray
809,org.apache.commons.lang.time.FastDateFormatTest#testLowYearPadding
810,org.apache.commons.lang.mutable.MutableFloatTest#testToFloat
811,org.apache.commons.lang.builder.ToStringBuilderTest#testInheritedReflectionStatics
812,org.apache.commons.lang.EntitiesTest#testUnescapeUnknownEntity
813,org.apache.commons.lang.math.NumberUtilsTest#testMinimumShort
814,org.apache.commons.lang.IntHashMapTest#testContainsKey
815,org.apache.commons.lang.builder.ReflectionToStringBuilderExcludeTest#test_toStringExcludeArray
816,org.apache.commons.lang.BitFieldTest#testSetBoolean
817,org.apache.commons.lang.NumberRangeTest#testConstructorNullParameters
818,org.apache.commons.lang.ArrayUtilsTest#testIndexOfDoubleWithStartIndexTolerance
819,org.apache.commons.lang.NumberUtilsTest#testCreateLong
820,org.apache.commons.lang.time.StopWatchTest#testStopWatchSuspend
821,org.apache.commons.lang.math.FloatRangeTest#testContainsDouble
822,org.apache.commons.lang.math.RandomUtilsTest#testUnimplementedMethods
823,org.apache.commons.lang.text.StrTokenizerTest#testBasic3
824,org.apache.commons.lang.mutable.MutableObjectTest#testGetSet
825,org.apache.commons.lang.builder.CompareToBuilderTest#testShortArrayHiddenByObject
826,org.apache.commons.lang.math.FloatRangeTest#testGetMaximum
827,org.apache.commons.lang.math.DoubleRangeTest#testContainsInteger
828,org.apache.commons.lang.ArrayUtilsAddTest#testAddObjectArrayObject
829,org.apache.commons.lang.time.DateUtilsTest#testAddHours
830,org.apache.commons.lang.text.VariableFormatterTest#testNonDefaultTokens
831,org.apache.commons.lang.StringUtilsEqualsIndexOfTest#testLastIndexOf_String
832,org.apache.commons.lang.builder.EqualsBuilderTest#testMultiIntArray
833,org.apache.commons.lang.StringUtilsTest#testJoin_ArrayString
834,org.apache.commons.lang.exception.NestableExceptionTestCase#testPrintPartialStackTrace
835,org.apache.commons.lang.exception.NestableExceptionTestCase#testGetThrowableI
836,org.apache.commons.lang.StringUtilsSubstringTest#testRight_String
837,org.apache.commons.lang.builder.ToStringBuilderTest#testReflectionDoubleArrayArray
838,org.apache.commons.lang.text.StrMatcherTest#testSpaceMatcher
839,org.apache.commons.lang.mutable.MutableObjectTest#testToString
840,org.apache.commons.lang.math.LongRangeTest#testContainsRange
841,org.apache.commons.lang.mutable.MutableByteTest#testAddValueObject
842,org.apache.commons.lang.WordUtilsTest#testCapitalizeFully_String
843,org.apache.commons.lang.builder.CompareToBuilderTest#testFloat
844,org.apache.commons.lang.CharRangeTest#testConstructorAccessors_CharBoolean_Normal
845,org.apache.commons.lang.BooleanUtilsTest#test_toBooleanObject_Integer_Integer_Integer_Integer
846,org.apache.commons.lang.BitFieldTest#testGetShortValue
847,org.apache.commons.lang.ArrayUtilsAddTest#testAddObjectArrayFloat
848,org.apache.commons.lang.text.StrBuilderTest#testSize
849,org.apache.commons.lang.text.VariableFormatterTest#testNullMap
850,org.apache.commons.lang.builder.ToStringBuilderTest#testReflectionhortArrayArray
851,org.apache.commons.lang.enums.EnumEqualsTest#testEquals
852,org.apache.commons.lang.StringUtilsSubstringTest#testGetNestedString_StringStringString
853,org.apache.commons.lang.NumberRangeTest#testEqualsWithOtherObject
854,org.apache.commons.lang.enums.EnumTest#testNestedLinked
855,org.apache.commons.lang.text.StrBuilderTest#testToString
856,org.apache.commons.lang.builder.EqualsBuilderTest#testChar
857,org.apache.commons.lang.math.FractionTest#testConstants
858,org.apache.commons.lang.ValidateTest#testNoNullElementsCollection2
859,org.apache.commons.lang.exception.NestableErrorTestCase#testGetThrowableCount
860,org.apache.commons.lang.builder.CompareToBuilderTest#testMultiFloatArray
861,org.apache.commons.lang.mutable.MutableShortTest#testToShort
862,org.apache.commons.lang.BooleanUtilsTest#test_toIntegerObject_Boolean_Integer_Integer_Integer
863,org.apache.commons.lang.builder.ToStringBuilderTest#testIntArray
864,org.apache.commons.lang.math.NumberUtilsTest#testMinInt
865,org.apache.commons.lang.ArrayUtilsTest#testSameLength
866,org.apache.commons.lang.builder.ToStringBuilderTest#testBoolean
867,org.apache.commons.lang.builder.EqualsBuilderTest#testBooleanArray
868,org.apache.commons.lang.builder.SimpleToStringStyleTest#testObject
869,org.apache.commons.lang.BitFieldTest#testSet
870,org.apache.commons.lang.text.StrBuilderAppendInsertTest#testAppendWithSeparators_Collection
871,org.apache.commons.lang.math.FractionTest#testFactory_String
872,org.apache.commons.lang.exception.ExceptionUtilsTestCase#testIsThrowableNested
873,org.apache.commons.lang.BooleanUtilsTest#test_toBooleanObject_String
874,org.apache.commons.lang.builder.HashCodeBuilderTest#testBooleanMultiArray
875,org.apache.commons.lang.CharUtilsTest#testToString_char
876,org.apache.commons.lang.builder.HashCodeBuilderTest#testFloatArrayAsObject
877,org.apache.commons.lang.mutable.MutableIntTest#testConstructors
878,org.apache.commons.lang.ArrayUtilsTest#testSubarrayLong
879,org.apache.commons.lang.CharUtilsTest#testIsAsciiAlpha_char
880,org.apache.commons.lang.text.StrTokenizerTest#test7
881,org.apache.commons.lang.text.StrTokenizerTest#testBasic5
882,org.apache.commons.lang.text.VariableFormatterTest#testReplaceCharArray
883,org.apache.commons.lang.text.StrBuilderAppendInsertTest#testAppendFixedWidthPadRight_int
884,org.apache.commons.lang.math.FloatRangeTest#testConstructor2a
885,org.apache.commons.lang.builder.ToStringBuilderTest#testReflectionArrayCycle
886,org.apache.commons.lang.StringUtilsTrimEmptyTest#testStripAll
887,org.apache.commons.lang.StringUtilsTest#testChop
888,org.apache.commons.lang.enums.EnumTest#testEqualsToWrongInstance
889,org.apache.commons.lang.StringUtilsIsTest#testIsAlphanumericSpace
890,org.apache.commons.lang.StringUtilsEqualsIndexOfTest#testContainsNone_String
891,org.apache.commons.lang.StringUtilsTest#testSplit_StringChar
892,org.apache.commons.lang.exception.ExceptionUtilsTestCase#testSetCauseToNull
893,org.apache.commons.lang.enums.EnumUtilsTest#testIteratorEx
894,org.apache.commons.lang.text.StrBuilderAppendInsertTest#testAppendFixedWidthPadLeft
895,org.apache.commons.lang.WordUtilsTest#testUncapitalizeWithDelimiters_String
896,org.apache.commons.lang.builder.DefaultToStringStyleTest#testLongArray
897,org.apache.commons.lang.builder.ToStringBuilderTest#testFloat
898,org.apache.commons.lang.builder.EqualsBuilderTest#testObjectArray
899,org.apache.commons.lang.IntHashMapTest#testContainsValue
900,org.apache.commons.lang.builder.HashCodeBuilderAndEqualsBuilderTest#testFixtureWithTransients
901,org.apache.commons.lang.mutable.MutableIntTest#testToInteger
902,org.apache.commons.lang.math.FloatRangeTest#testContainsLong
903,org.apache.commons.lang.StringUtilsTest#testSplit_String
904,org.apache.commons.lang.math.DoubleRangeTest#testGetMaximum
905,org.apache.commons.lang.StringUtilsIsTest#testIsNumeric
906,org.apache.commons.lang.mutable.MutableFloatTest#testNanInfinite
907,org.apache.commons.lang.math.LongRangeTest#testToString
908,org.apache.commons.lang.StringUtilsIsTest#testIsWhitespace
909,org.apache.commons.lang.IntHashMapTest#testIsEmpty
910,org.apache.commons.lang.mutable.MutableIntTest#testAddValueObject
911,org.apache.commons.lang.StringUtilsEqualsIndexOfTest#testIndexOf_StringInt
912,org.apache.commons.lang.CharSetUtilsTest#testCount_StringStringarray
913,org.apache.commons.lang.EntitiesPerformanceTest#testLookupTree
914,org.apache.commons.lang.builder.EqualsBuilderTest#testByte
915,org.apache.commons.lang.exception.NestableDelegateTestCase#testNestableDelegateGetThrowables
916,org.apache.commons.lang.ArrayUtilsTest#testSubarrayFloat
917,org.apache.commons.lang.UnhandledExceptionTest#testConstructor_stringAndThrowable_nullInput
918,org.apache.commons.lang.text.StrBuilderAppendInsertTest#testAppendWithSeparators_Array
919,org.apache.commons.lang.mutable.MutableByteTest#testHashCode
920,org.apache.commons.lang.CharEncodingTest#testNotSupported
921,org.apache.commons.lang.builder.HashCodeBuilderTest#testCharArray
922,org.apache.commons.lang.exception.NestableDelegateTestCase#testNestableDelegetePrintStackTrace
923,org.apache.commons.lang.mutable.MutableFloatTest#testToString
924,org.apache.commons.lang.SystemUtilsTest#testGetUserHome
925,org.apache.commons.lang.CharUtilsTest#testToChar_Character_char
926,org.apache.commons.lang.enums.EnumTest#testExtended1List
927,org.apache.commons.lang.math.NumberUtilsTest#testMaximumByte
928,org.apache.commons.lang.mutable.MutableShortTest#testToString
929,org.apache.commons.lang.ArrayUtilsRemoveTest#testRemoveElementLongArray
930,org.apache.commons.lang.ArrayUtilsTest#testSameType
931,org.apache.commons.lang.builder.CompareToBuilderTest#testMultiShortArray
932,org.apache.commons.lang.CharRangeTest#testContains_Char
933,org.apache.commons.lang.oldenum.EnumTest#testIterator
934,org.apache.commons.lang.SerializationUtilsTest#testSerializeStreamObjNull
935,org.apache.commons.lang.BitFieldTest#testClearShort
936,org.apache.commons.lang.mutable.MutableDoubleTest#testSubtractValuePrimitive
937,org.apache.commons.lang.text.StrTokenizerTest#testReset
938,org.apache.commons.lang.builder.HashCodeBuilderTest#testBooleanArrayAsObject
939,org.apache.commons.lang.StringUtilsTest#testDefaultIfEmpty_StringString
940,org.apache.commons.lang.math.NumberUtilsTest#testCreateInteger
941,org.apache.commons.lang.NullArgumentExceptionTest#testGetMessage_validConstructorInput
942,org.apache.commons.lang.ArrayUtilsAddTest#testAddObjectArrayToObjectArray
943,org.apache.commons.lang.math.IntRangeTest#testContainsLong
944,org.apache.commons.lang.oldenum.EnumTest#testNestedBroken
945,org.apache.commons.lang.builder.NoFieldNamesToStringStyleTest#testObject
946,org.apache.commons.lang.EntitiesTest#testArrayIntMap
947,org.apache.commons.lang.builder.ToStringBuilderTest#testFloatArrayArray
948,org.apache.commons.lang.oldenum.EnumTest#testOperationToString
949,org.apache.commons.lang.StringUtilsTest#testSplitByWholeString_StringStringBooleanInt
950,org.apache.commons.lang.enums.ValuedEnumTest#testName
951,org.apache.commons.lang.oldenum.EnumUtilsTest#testMap
952,org.apache.commons.lang.ArrayUtilsTest#testConstructor
953,org.apache.commons.lang.oldenum.EnumTest#testNested
954,org.apache.commons.lang.math.DoubleRangeTest#testOverlapsRange
955,org.apache.commons.lang.NumberUtilsTest#testCreateDouble
956,org.apache.commons.lang.BitFieldTest#testIsAllSet
957,org.apache.commons.lang.BooleanUtilsTest#test_toStringTrueFalse_boolean
958,org.apache.commons.lang.math.NumberUtilsTest#testCreateBigInteger
959,org.apache.commons.lang.math.FloatRangeTest#testConstructor1a
960,org.apache.commons.lang.builder.ToStringBuilderTest#testCharArray
961,org.apache.commons.lang.math.IntRangeTest#testConstructor1b
962,org.apache.commons.lang.mutable.MutableByteTest#testPrimitiveValues
963,org.apache.commons.lang.math.IntRangeTest#testGetMaximum
964,org.apache.commons.lang.math.FractionTest#testToString
965,org.apache.commons.lang.NumberUtilsTest#testCompareFloat
966,org.apache.commons.lang.math.FloatRangeTest#testContainsFloat
967,org.apache.commons.lang.ArrayUtilsTest#testToPrimitive_byte
968,org.apache.commons.lang.CharSetTest#testConstructor_String_oddNegate
969,org.apache.commons.lang.builder.MultiLineToStringStyleTest#testObjectArray
970,org.apache.commons.lang.BooleanUtilsTest#testXor_primitive_validInput_3items
971,org.apache.commons.lang.CharSetUtilsTest#testDelete_StringStringarray
972,org.apache.commons.lang.builder.ToStringBuilderTest#testReflectionFloatArrayArray
973,org.apache.commons.lang.BitFieldTest#testGetValue
974,org.apache.commons.lang.mutable.MutableIntTest#testCompareTo
975,org.apache.commons.lang.StringUtilsEqualsIndexOfTest#testContainsOnly_String
976,org.apache.commons.lang.BitFieldTest#testClear
977,org.apache.commons.lang.exception.ExceptionUtilsTestCase#testGetThrowables_Throwable_nested
978,org.apache.commons.lang.time.DateUtilsTest#testIsSameDay_Cal
979,org.apache.commons.lang.text.StrBuilderAppendInsertTest#testAppend_PrimitiveNumber
980,org.apache.commons.lang.text.StrBuilderAppendInsertTest#testInsert
981,org.apache.commons.lang.ArrayUtilsTest#testReverseBoolean
982,org.apache.commons.lang.mutable.MutableShortTest#testGetSet
983,org.apache.commons.lang.EntitiesPerformanceTest#testBuildPrimitive
984,org.apache.commons.lang.math.NumberRangeTest#testOverlapsRange
985,org.apache.commons.lang.StringUtilsTest#testReplace_StringStringString
986,org.apache.commons.lang.exception.NestableErrorTestCase#testGetCause
987,org.apache.commons.lang.ArrayUtilsAddTest#testAddObjectArrayByte
988,org.apache.commons.lang.NotImplementedExceptionTest#testIndexOfThrowable_Index
989,org.apache.commons.lang.StringEscapeUtilsTest#testUnescapeJava
990,org.apache.commons.lang.ArrayUtilsTest#testSubarrayShort
991,org.apache.commons.lang.oldenum.EnumTest#testExtended1List
992,org.apache.commons.lang.exception.ExceptionUtilsTestCase#test_getRootCauseMessage_Throwable
993,org.apache.commons.lang.builder.ToStringStyleTest#testSetArraySeparator
994,org.apache.commons.lang.IllegalClassExceptionTest#testConstructor_classObjectArgs_nullExpected
995,org.apache.commons.lang.StringUtilsIsTest#testIsAlpha
996,org.apache.commons.lang.ArrayUtilsTest#testCloneShort
997,org.apache.commons.lang.exception.NestableRuntimeExceptionTestCase#testGetCause
998,org.apache.commons.lang.builder.EqualsBuilderTest#testIntArray
999,org.apache.commons.lang.ClassUtilsTest#testGetClassInvalidArguments
1000,org.apache.commons.lang.math.NumberUtilsTest#testToIntStringI
1001,org.apache.commons.lang.builder.ToStringBuilderTest#testInnerClassReflection
1002,org.apache.commons.lang.text.StrBuilderTest#testIndexOf_String_int
1003,org.apache.commons.lang.enums.EnumUtilsTest#testListEx
1004,org.apache.commons.lang.mutable.MutableLongTest#testSubtractValueObject
1005,org.apache.commons.lang.math.RandomUtilsTest#testNextFloat2
1006,org.apache.commons.lang.ArrayUtilsTest#testContains
1007,org.apache.commons.lang.StringUtilsEqualsIndexOfTest#testLastIndexOf_charInt
1008,org.apache.commons.lang.IntHashMapTest#testConstructor
1009,org.apache.commons.lang.StringUtilsEqualsIndexOfTest#testContainsOnly_Chararray
1010,org.apache.commons.lang.builder.ReflectionToStringBuilderExcludeTest#test_toStringExcludeCollectionWithNull
1011,org.apache.commons.lang.enums.EnumTest#testSerialization
1012,org.apache.commons.lang.mutable.MutableByteTest#testIncrement
1013,org.apache.commons.lang.ArrayUtilsRemoveTest#testRemoveElementObjectArray
1014,org.apache.commons.lang.ArrayUtilsTest#testContainsBoolean
1015,org.apache.commons.lang.builder.ToStringStyleTest#testSetSummaryObjectEndText
1016,org.apache.commons.lang.StringUtilsIsTest#testIsNumericSpace
1017,org.apache.commons.lang.ArrayUtilsRemoveTest#testRemoveDoubleArray
1018,org.apache.commons.lang.enums.EnumUtilsTest#testMap
1019,org.apache.commons.lang.CharUtilsTest#testIsAscii_char
1020,org.apache.commons.lang.builder.EqualsBuilderTest#testBooleanArrayHiddenByObject
1021,org.apache.commons.lang.builder.CompareToBuilderTest#testBooleanArrayHiddenByObject
1022,org.apache.commons.lang.builder.ToStringBuilderTest#testReflectionFloatArray
1023,org.apache.commons.lang.mutable.MutableByteTest#testDecrement
1024,org.apache.commons.lang.builder.HashCodeBuilderTest#testLongArrayAsObject
1025,org.apache.commons.lang.BitFieldTest#testSetShort
1026,org.apache.commons.lang.exception.NestableExceptionTestCase#testSerialization
1027,org.apache.commons.lang.exception.NestableDelegateTestCase#testNestableDelegateConstructor
1028,org.apache.commons.lang.SerializationUtilsTest#testSerializeBytesUnserializable
1029,org.apache.commons.lang.builder.ToStringBuilderTest#testShortArray
1030,org.apache.commons.lang.builder.EqualsBuilderTest#testDoubleArrayHiddenByObject
1031,org.apache.commons.lang.builder.ToStringBuilderTest#testReflectionStatics
1032,org.apache.commons.lang.CharSetUtilsTest#testKeep_StringString
1033,org.apache.commons.lang.text.StrTokenizerTest#testCloneNull
1034,org.apache.commons.lang.builder.ToStringBuilderTest#testReflectionInteger
1035,org.apache.commons.lang.CharSetTest#testGetInstance
1036,org.apache.commons.lang.builder.HashCodeBuilderTest#testShortArray
1037,org.apache.commons.lang.time.DateUtilsTest#testRound
1038,org.apache.commons.lang.enums.EnumUtilsTest#testList
1039,org.apache.commons.lang.ArrayUtilsTest#testLastIndexOfInt
1040,org.apache.commons.lang.CharUtilsTest#testToChar_String
1041,org.apache.commons.lang.mutable.MutableIntTest#testPrimitiveValues
1042,org.apache.commons.lang.ArrayUtilsRemoveTest#testRemoveFloatArray
1043,org.apache.commons.lang.builder.HashCodeBuilderTest#testCharArrayAsObject
1044,org.apache.commons.lang.math.FractionTest#testHashCode
1045,org.apache.commons.lang.enums.EnumTest#testNestedBroken
1046,org.apache.commons.lang.IntHashMapTest#testRemove
1047,org.apache.commons.lang.text.StrBuilderTest#testIndexOf_StrMatcher
1048,org.apache.commons.lang.EntitiesTest#testBinaryIntMap
1049,org.apache.commons.lang.ArrayUtilsTest#testToObject_byte
1050,org.apache.commons.lang.builder.HashCodeBuilderTest#testLongArray
1051,org.apache.commons.lang.enums.EnumTest#testOperationSerialization
1052,org.apache.commons.lang.builder.EqualsBuilderTest#testFloatArray
1053,org.apache.commons.lang.builder.EqualsBuilderTest#testMixedArray
1054,org.apache.commons.lang.builder.HashCodeBuilderTest#testByteArrayAsObject
1055,org.apache.commons.lang.time.DateFormatUtilsTest#testTimeNoTISO
1056,org.apache.commons.lang.StringUtilsIsTest#testIsAlphaspace
1057,org.apache.commons.lang.text.StrTokenizerTest#testGetContent
1058,org.apache.commons.lang.ArrayUtilsTest#testCloneByte
1059,org.apache.commons.lang.math.RangeTest#testHashCode
1060,org.apache.commons.lang.builder.ToStringBuilderTest#testShortArrayArray
1061,org.apache.commons.lang.math.LongRangeTest#testContainsFloat
1062,org.apache.commons.lang.math.NumberUtilsTest#testCreateDouble
1063,org.apache.commons.lang.CharRangeTest#testConstructorAccessors_CharBoolean_Negated
1064,org.apache.commons.lang.ClassUtilsTest#testPrimitiveToWrapper
1065,org.apache.commons.lang.builder.EqualsBuilderTest#testMultiCharArray
1066,org.apache.commons.lang.builder.HashCodeBuilderTest#testDouble
1067,org.apache.commons.lang.NotImplementedExceptionTest#testConstructor_
1068,org.apache.commons.lang.exception.ExceptionUtilsTestCase#testPrintRootCauseStackTrace_Throwable
1069,org.apache.commons.lang.CharEncodingTest#testWorksOnJava1_2_2
1070,org.apache.commons.lang.enums.EnumTest#testEquals
1071,org.apache.commons.lang.time.StopWatchTest#testBadStates
1072,org.apache.commons.lang.enums.EnumTest#testOperationList
1073,org.apache.commons.lang.text.StrBuilderTest#testLastIndexOf_char
1074,org.apache.commons.lang.CharSetUtilsTest#testKeep_StringStringarray
1075,org.apache.commons.lang.NumberRangeTest#testEquals
1076,org.apache.commons.lang.SerializationUtilsTest#testDeserializeBytesNull
1077,org.apache.commons.lang.math.NumberUtilsTest#testMinFloat
1078,org.apache.commons.lang.ArrayUtilsTest#testToPrimitive_byte_byte
1079,org.apache.commons.lang.oldenum.EnumTest#testExtended3List
1080,org.apache.commons.lang.text.StrTokenizerTest#testCloneReset
1081,org.apache.commons.lang.NotImplementedExceptionTest#testPrintPartialStackTrace_Writer
1082,org.apache.commons.lang.builder.CompareToBuilderTest#testObjectComparator
1083,org.apache.commons.lang.math.NumberRangeTest#testContainsInteger
1084,org.apache.commons.lang.EntitiesTest#testEntitiesXmlObject
1085,org.apache.commons.lang.ArrayUtilsTest#testIndexOfDoubleWithStartIndex
1086,org.apache.commons.lang.ArrayUtilsTest#testIndexOfByteWithStartIndex
1087,org.apache.commons.lang.BooleanUtilsTest#test_isFalse_Boolean
1088,org.apache.commons.lang.exception.NestableExceptionTestCase#testIndexOfThrowable
1089,org.apache.commons.lang.builder.ToStringBuilderTest#testInt
1090,org.apache.commons.lang.ValidateTest#testNotEmptyCollection1
1091,org.apache.commons.lang.builder.ReflectionToStringBuilderExcludeTest#test_toStringExcludeCollection
1092,org.apache.commons.lang.ArrayUtilsTest#testSameLengthFloat
1093,org.apache.commons.lang.oldenum.EnumTest#testToString
1094,org.apache.commons.lang.time.DurationFormatUtilsTest#testFormatDurationWords
1095,org.apache.commons.lang.ClassUtilsTest#testGetClassWithArrayClasses
1096,org.apache.commons.lang.builder.HashCodeBuilderAndEqualsBuilderTest#testInteger
1097,org.apache.commons.lang.builder.CompareToBuilderTest#testByte
1098,org.apache.commons.lang.IncompleteArgumentExceptionTest#test2arg_nullArray
1099,org.apache.commons.lang.math.LongRangeTest#testConstructor2a
1100,org.apache.commons.lang.text.StrTokenizerTest#testConstructor_charArray_char_char
1101,org.apache.commons.lang.oldenum.ValuedEnumTest#testList
1102,org.apache.commons.lang.text.StrBuilderTest#testContains_char
1103,org.apache.commons.lang.oldenum.ValuedEnumTest#testToString
1104,org.apache.commons.lang.BooleanUtilsTest#test_toStringOnOff_Boolean
1105,org.apache.commons.lang.math.FractionTest#testReducedFactory_int_int
1106,org.apache.commons.lang.IllegalClassExceptionTest#testGetMessage_classObjectArgs_normalInput
1107,org.apache.commons.lang.text.StrMatcherTest#testSplitMatcher
1108,org.apache.commons.lang.SerializationUtilsTest#testDeserializeBytesBadStream
1109,org.apache.commons.lang.ArrayUtilsTest#testToObject_int
1110,org.apache.commons.lang.StringEscapeUtilsTest#testUnescapeHexCharsHtml
1111,org.apache.commons.lang.BooleanUtilsTest#testXor_primitive_validInput_2items
1112,org.apache.commons.lang.text.StrTokenizerTest#testConstructor_charArray_char
1113,org.apache.commons.lang.IllegalClassExceptionTest#testGetMessage_classObjectArgs_nullInput
1114,org.apache.commons.lang.exception.ExceptionUtilsTestCase#testGetThrowables_Throwable_jdkNoCause
1115,org.apache.commons.lang.exception.NestableDelegateTestCase#testIndexOfThrowable
1116,org.apache.commons.lang.math.FractionTest#testCompareTo
1117,org.apache.commons.lang.math.NumberUtilsTest#testMaximumInt
1118,org.apache.commons.lang.math.RandomUtilsTest#testNextFloat
1119,org.apache.commons.lang.math.FractionTest#testFactory_String_improper
1120,org.apache.commons.lang.StringUtilsTest#testAbbreviate_StringIntInt
1121,org.apache.commons.lang.ValidateTest#testNotEmptyString2
1122,org.apache.commons.lang.math.RandomUtilsTest#testIllegalArguments
1123,org.apache.commons.lang.builder.HashCodeBuilderTest#testChar
1124,org.apache.commons.lang.text.StrBuilderAppendInsertTest#testAppend_StrBuilder
1125,org.apache.commons.lang.ArrayUtilsRemoveTest#testRemoveElementShortArray
1126,org.apache.commons.lang.ArrayUtilsTest#testToPrimitive_float_float
1127,org.apache.commons.lang.builder.ReflectionToStringBuilderExcludeTest#test_toStringExcludeEmptyCollection
1128,org.apache.commons.lang.RandomStringUtilsTest#testConstructor
1129,org.apache.commons.lang.EntitiesTest#testUnescapeMiscellaneous
1130,org.apache.commons.lang.builder.ToStringBuilderTest#testReflectionArrayCycleLevel2
1131,org.apache.commons.lang.builder.HashCodeBuilderTest#testByte
1132,org.apache.commons.lang.mutable.MutableBooleanTest#testCompareTo
1133,org.apache.commons.lang.builder.ReflectionToStringBuilderExcludeTest#test_toStringExcludeNullCollection
1134,org.apache.commons.lang.BooleanUtilsTest#test_toBooleanObject_Integer
1135,org.apache.commons.lang.text.StrBuilderTest#testCharAt
1136,org.apache.commons.lang.math.LongRangeTest#testEquals
1137,org.apache.commons.lang.LocaleUtilsTest#testToLocale_2Part
1138,org.apache.commons.lang.builder.CompareToBuilderTest#testShort
1139,org.apache.commons.lang.math.IntRangeTest#testConstructor2a
1140,org.apache.commons.lang.exception.ExceptionUtilsTestCase#testGetThrowableList_Throwable_withoutCause
1141,org.apache.commons.lang.ClassUtilsTest#test_getPackageName_String
1142,org.apache.commons.lang.text.StrMatcherTest#testSingleQuoteMatcher
1143,org.apache.commons.lang.ObjectUtilsTest#testToString_ObjectString
1144,org.apache.commons.lang.mutable.MutableShortTest#testCompareTo
1145,org.apache.commons.lang.NotImplementedExceptionTest#testConstructor_String2
1146,org.apache.commons.lang.StringUtilsTest#testJoin_IteratorString
1147,org.apache.commons.lang.WordUtilsTest#testWrap_StringIntStringBoolean
1148,org.apache.commons.lang.builder.ToStringBuilderTest#testConstructorEx2
1149,org.apache.commons.lang.math.DoubleRangeTest#testHashCode
1150,org.apache.commons.lang.ValidateTest#testIsTrue2
1151,org.apache.commons.lang.ArrayUtilsTest#testLastIndexOfCharWithStartIndex
1152,org.apache.commons.lang.text.StrBuilderTest#testReplace_int_int_String
1153,org.apache.commons.lang.text.StrMatcherTest#testMatcherIndices
1154,org.apache.commons.lang.StringUtilsTest#testCenter_StringIntString
1155,org.apache.commons.lang.text.StrBuilderTest#testReplaceFirst_char_char
1156,org.apache.commons.lang.builder.EqualsBuilderTest#testShortArrayHiddenByObject
1157,org.apache.commons.lang.text.StrBuilderAppendInsertTest#testAppend_Object
1158,org.apache.commons.lang.ArrayUtilsAddTest#testAddObjectArrayShort
1159,org.apache.commons.lang.builder.ToStringBuilderTest#testSetDefaultEx
1160,org.apache.commons.lang.text.StrBuilderAppendInsertTest#testAppend_StringBuffer_int_int
1161,org.apache.commons.lang.StringUtilsTrimEmptyTest#testIsNotEmpty
1162,org.apache.commons.lang.time.DateUtilsTest#testAddByField
1163,org.apache.commons.lang.ValidateTest#testAllElementsOfType
1164,org.apache.commons.lang.oldenum.EnumUtilsTest#testGetValue
1165,org.apache.commons.lang.text.StrBuilderTest#testSetLength
1166,org.apache.commons.lang.ArrayUtilsTest#testToPrimitive_int_int
1167,org.apache.commons.lang.builder.ToStringBuilderTest#testBlank
1168,org.apache.commons.lang.text.StrTokenizerTest#testBasicQuoted5
1169,org.apache.commons.lang.ArrayUtilsTest#testLastIndexOf
1170,org.apache.commons.lang.text.StrBuilderAppendInsertTest#testAppend_CharArray_int_int
1171,org.apache.commons.lang.CharSetTest#testConstructor_String_oddCombinations
1172,org.apache.commons.lang.ArrayUtilsTest#testContainsDoubleTolerance
1173,org.apache.commons.lang.NotImplementedExceptionTest#testGetMessage_Indexed
1174,org.apache.commons.lang.ArrayUtilsTest#testContainsFloat
1175,org.apache.commons.lang.enums.ValuedEnumTest#testMap
1176,org.apache.commons.lang.builder.ToStringBuilderTest#testReflectionIntArray
1177,org.apache.commons.lang.BitFieldTest#testSetShortBoolean
1178,org.apache.commons.lang.exception.ExceptionUtilsTestCase#testIndexOf_ThrowableClass
1179,org.apache.commons.lang.StringEscapeUtilsTest#testStandaloneAmphersand
1180,org.apache.commons.lang.NumberRangeTest#testConstructorWithMaxLessThanMin
1181,org.apache.commons.lang.oldenum.EnumTest#testExtended2List
1182,org.apache.commons.lang.ClassUtilsTest#test_isAssignable_ClassArray_ClassArray
1183,org.apache.commons.lang.builder.ToStringBuilderTest#testLong
1184,org.apache.commons.lang.oldenum.EnumTest#testBroken1
1185,org.apache.commons.lang.CharRangeTest#testConstructorAccessors_CharCharBoolean_Reversed
1186,org.apache.commons.lang.mutable.MutableFloatTest#testDecrement
1187,org.apache.commons.lang.NumberRangeTest#testIncludesNumberNull
1188,org.apache.commons.lang.ArrayUtilsTest#testReverseFloat
1189,org.apache.commons.lang.text.StrBuilderTest#testHashCode
1190,org.apache.commons.lang.text.StrTokenizerTest#testBasicIgnoreTrimmed1
1191,org.apache.commons.lang.builder.MultiLineToStringStyleTest#testLong
1192,org.apache.commons.lang.math.FractionTest#testFactory_double
1193,org.apache.commons.lang.LocaleUtilsTest#testConstructor
1194,org.apache.commons.lang.ClassUtilsTest#testWithInterleavingWhitespace
1195,org.apache.commons.lang.CharRangeTest#testConstructorAccessors_CharChar_Same
1196,org.apache.commons.lang.enums.EnumTest#testNested
1197,org.apache.commons.lang.CharEncodingTest#testConstructor
1198,org.apache.commons.lang.oldenum.EnumTest#testEquals
1199,org.apache.commons.lang.ValidateTest#testIsTrue5
1200,org.apache.commons.lang.math.NumberUtilsTest#testIsNumber
1201,org.apache.commons.lang.builder.HashCodeBuilderTest#testIntArray
1202,org.apache.commons.lang.BooleanUtilsTest#test_toStringYesNo_Boolean
1203,org.apache.commons.lang.text.StrBuilderTest#testDeleteAll_StrMatcher
1204,org.apache.commons.lang.builder.ShortPrefixToStringStyleTest#testObject
1205,org.apache.commons.lang.StringUtilsTest#testRepeat_StringInt
1206,org.apache.commons.lang.WordUtilsTest#testCapitalize_String
1207,org.apache.commons.lang.math.FloatRangeTest#testEquals
1208,org.apache.commons.lang.text.StrBuilderAppendInsertTest#testAppendWithSeparators_Iterator
1209,org.apache.commons.lang.mutable.MutableShortTest#testConstructors
1210,org.apache.commons.lang.ArrayUtilsTest#testReverse
1211,org.apache.commons.lang.exception.ExceptionUtilsTestCase#testGetThrowableList_Throwable_recursiveCause
1212,org.apache.commons.lang.enums.EnumTest#testHashCode
1213,org.apache.commons.lang.ClassUtilsTest#test_getPackageName_Class
1214,org.apache.commons.lang.mutable.MutableIntTest#testAddValuePrimitive
1215,org.apache.commons.lang.EntitiesTest#testAddEntitiesArray
1216,org.apache.commons.lang.text.StrBuilderTest#testSubstringInt
1217,org.apache.commons.lang.StringUtilsSubstringTest#testSubstring_StringIntInt
1218,org.apache.commons.lang.builder.ToStringBuilderTest#testReflectionyteArray
1219,org.apache.commons.lang.time.DateUtilsTest#testParseDate
1220,org.apache.commons.lang.WordUtilsTest#testUncapitalize_String
1221,org.apache.commons.lang.oldenum.ValuedEnumTest#testIterator
1222,org.apache.commons.lang.ArrayUtilsTest#testSubarrayByte
1223,org.apache.commons.lang.SerializationUtilsTest#testDeserializeStreamClassNotFound
1224,org.apache.commons.lang.enums.EnumUtilsTest#testConstructor
1225,org.apache.commons.lang.StringUtilsTest#testJoin_Objectarray
1226,org.apache.commons.lang.text.StrTokenizerTest#testBasicQuoted7
1227,org.apache.commons.lang.StringUtilsTest#testReplaceChars_StringStringString
1228,org.apache.commons.lang.text.StrTokenizerTest#testConstructor_String
1229,org.apache.commons.lang.math.NumberUtilsTest#testCreateBigDecimal
1230,org.apache.commons.lang.builder.CompareToBuilderTest#testIntArrayHiddenByObject
1231,org.apache.commons.lang.ArrayUtilsTest#testLastIndexOfBooleanWithStartIndex
1232,org.apache.commons.lang.builder.HashCodeBuilderTest#testReflectionHashCodeEx2
1233,org.apache.commons.lang.SerializationUtilsTest#testCloneUnserializable
1234,org.apache.commons.lang.CharUtilsTest#testToIntValue_char
1235,org.apache.commons.lang.math.NumberRangeTest#testConstructor1Exceptions
1236,org.apache.commons.lang.text.StrTokenizerTest#testBasicIgnoreTrimmed2
1237,org.apache.commons.lang.enums.EnumTest#testExtendedToString
1238,org.apache.commons.lang.EntitiesTest#testHashIntMap
1239,org.apache.commons.lang.math.NumberUtilsTest#testCompareDouble
1240,org.apache.commons.lang.exception.NestableRuntimeExceptionTestCase#testGetMessage
1241,org.apache.commons.lang.StringEscapeUtilsTest#testEscapeHtml
1242,org.apache.commons.lang.math.IntRangeTest#testToString
1243,org.apache.commons.lang.ArrayUtilsRemoveTest#testRemoveElementFloatArray
1244,org.apache.commons.lang.mutable.MutableDoubleTest#testCompareTo
1245,org.apache.commons.lang.SystemUtilsTest#testJavaVersion
1246,org.apache.commons.lang.ArrayUtilsAddTest#testAddObjectArrayChar
1247,org.apache.commons.lang.NumberUtilsTest#testMaximumInt
1248,org.apache.commons.lang.StringUtilsSubstringTest#testLeft_String
1249,org.apache.commons.lang.builder.HashCodeBuilderTest#testReflectionHierarchyHashCode
1250,org.apache.commons.lang.enums.EnumTest#testExtended2List
1251,org.apache.commons.lang.time.DateUtilsTest#testIsSameInstant_Cal
1252,org.apache.commons.lang.StringUtilsIsTest#testIsAsciiPrintable_String
1253,org.apache.commons.lang.exception.ExceptionUtilsTestCase#testGetThrowables_Throwable_null
1254,org.apache.commons.lang.builder.ToStringBuilderTest#testReflectionLongArray
1255,org.apache.commons.lang.builder.ToStringBuilderTest#testDouble
1256,org.apache.commons.lang.SystemUtilsTest#testJavaVersionAtLeastFloat
1257,org.apache.commons.lang.EntitiesPerformanceTest#testLookupHash
1258,org.apache.commons.lang.builder.HashCodeBuilderTest#testReflectionHashCode
1259,org.apache.commons.lang.StringUtilsTest#testReplaceOnce_StringStringString
1260,org.apache.commons.lang.builder.CompareToBuilderTest#testObjectArray
1261,org.apache.commons.lang.ArrayUtilsTest#testLastIndexOfDouble
1262,org.apache.commons.lang.SerializationUtilsTest#testSerializeStreamUnserializable
1263,org.apache.commons.lang.IntHashMapTest#testPut
1264,org.apache.commons.lang.CharRangeTest#testContainsNullArg
1265,org.apache.commons.lang.math.IntRangeTest#testOverlapsRange
1266,org.apache.commons.lang.text.VariableFormatterTest#testReplaceNoMarkers
1267,org.apache.commons.lang.NumberUtilsTest#testStringToIntString
1268,org.apache.commons.lang.text.StrBuilderTest#testChaining
1269,org.apache.commons.lang.exception.NestableErrorTestCase#testGetThrowableI
1270,org.apache.commons.lang.text.StrBuilderAppendInsertTest#testAppend_StringBuffer
1271,org.apache.commons.lang.math.FloatRangeTest#testToString
1272,org.apache.commons.lang.time.StopWatchTest#testStopWatchSimple
1273,org.apache.commons.lang.NotImplementedExceptionTest#testPrintStackTrace_Writer
1274,org.apache.commons.lang.text.StrBuilderTest#testReplaceFirst_String_String
1275,org.apache.commons.lang.time.DateUtilsTest#testIteratorEx
1276,org.apache.commons.lang.math.NumberRangeTest#testEquals
1277,org.apache.commons.lang.text.VariableFormatterTest#testEscape
1278,org.apache.commons.lang.BooleanUtilsTest#test_toBooleanObject_int
1279,org.apache.commons.lang.text.StrBuilderTest#testContains_StrMatcher
1280,org.apache.commons.lang.builder.CompareToBuilderTest#testDoubleArray
1281,org.apache.commons.lang.builder.MultiLineToStringStyleTest#testLongArray
1282,org.apache.commons.lang.builder.ShortPrefixToStringStyleTest#testLongArrayArray
1283,org.apache.commons.lang.ArrayUtilsTest#testIndexOfShortWithStartIndex
1284,org.apache.commons.lang.StringEscapeUtilsTest#testEscapeJava
1285,org.apache.commons.lang.math.NumberUtilsTest#testMaximumLong
1286,org.apache.commons.lang.ArrayUtilsTest#testIndexOfDoubleTolerance
1287,org.apache.commons.lang.exception.NestableDelegateTestCase#testNestableDelegateGetMessageN
1288,org.apache.commons.lang.StringUtilsEqualsIndexOfTest#testLastIndexOf_char
1289,org.apache.commons.lang.builder.EqualsBuilderTest#testMultiFloatArray
1290,org.apache.commons.lang.StringUtilsTest#testAbbreviate_StringInt
1291,org.apache.commons.lang.StringUtilsEqualsIndexOfTest#testIndexOfAny_StringStringarray
1292,org.apache.commons.lang.CharRangeTest#testConstructorAccessors_CharCharBoolean_SameNegated
1293,org.apache.commons.lang.math.DoubleRangeTest#testConstructor2b
1294,org.apache.commons.lang.NotImplementedExceptionTest#testConstructor_StringThrowable2
1295,org.apache.commons.lang.builder.DefaultToStringStyleTest#testBlank
1296,org.apache.commons.lang.StringEscapeUtilsTest#testEscapeJavaScript
1297,org.apache.commons.lang.BooleanUtilsTest#test_toBooleanObject_String_String_String_String
1298,org.apache.commons.lang.builder.ToStringBuilderTest#testReflectionBooleanArray
1299,org.apache.commons.lang.StringUtilsEqualsIndexOfTest#testEqualsIgnoreCase
1300,org.apache.commons.lang.enums.ValuedEnumTest#testValue
1301,org.apache.commons.lang.text.VariableFormatterTest#testCyclicReplacement
1302,org.apache.commons.lang.oldenum.EnumTest#testExtendedSerialization
1303,org.apache.commons.lang.ValidateTest#testNotEmptyString1
1304,org.apache.commons.lang.builder.ShortPrefixToStringStyleTest#testLong
1305,org.apache.commons.lang.time.FastDateFormatTest#test_getInstance_String_TimeZone
1306,org.apache.commons.lang.exception.ExceptionUtilsTestCase#testGetRootCause_Throwable
1307,org.apache.commons.lang.math.NumberRangeTest#testContainsNumber
1308,org.apache.commons.lang.StringUtilsTrimEmptyTest#testTrimToNull
1309,org.apache.commons.lang.ValidateTest#testNotNull2
1310,org.apache.commons.lang.builder.CompareToBuilderTest#testMultiLongArray
1311,org.apache.commons.lang.builder.ToStringBuilderTest#testAppendSuper
1312,org.apache.commons.lang.oldenum.EnumUtilsTest#testListEx
1313,org.apache.commons.lang.text.StrBuilderTest#testMidString
1314,org.apache.commons.lang.text.StrBuilderAppendInsertTest#testAppendPadding
1315,org.apache.commons.lang.builder.EqualsBuilderTest#testReflectionHierarchyEquals
1316,org.apache.commons.lang.UnhandledExceptionTest#testGetCauseAndGetMessage
1317,org.apache.commons.lang.NullArgumentExceptionTest#testConstructor_nullInput
1318,org.apache.commons.lang.text.StrBuilderTest#testConstructors
1319,org.apache.commons.lang.mutable.MutableFloatTest#testHashCode
1320,org.apache.commons.lang.BitFieldTest#testByte
1321,org.apache.commons.lang.math.RandomUtilsTest#testNextBoolean2
1322,org.apache.commons.lang.builder.MultiLineToStringStyleTest#testAppendSuper
1323,org.apache.commons.lang.NumberRangeTest#testConstructor
1324,org.apache.commons.lang.NumberUtilsTest#testCreateFloat
1325,org.apache.commons.lang.builder.ReflectionToStringBuilderExcludeTest#test_toStringExclude
1326,org.apache.commons.lang.exception.NestableRuntimeExceptionTestCase#testIndexOfThrowableI
1327,org.apache.commons.lang.time.FastDateFormatTest#test_getInstance_String
1328,org.apache.commons.lang.math.NumberRangeTest#testHashCode
1329,org.apache.commons.lang.ArrayUtilsTest#testIndexOfBoolean
1330,org.apache.commons.lang.builder.CompareToBuilderTest#testBooleanArray
1331,org.apache.commons.lang.StringUtilsEqualsIndexOfTest#testIndexOf_char
1332,org.apache.commons.lang.text.StrTokenizerTest#test5
1333,org.apache.commons.lang.mutable.MutableLongTest#testToString
1334,org.apache.commons.lang.time.DateFormatUtilsTest#testTimeISO
1335,org.apache.commons.lang.ArrayUtilsTest#testToString
1336,org.apache.commons.lang.NumberRangeTest#testOverlap
1337,org.apache.commons.lang.enums.EnumTest#testExtended1Get
1338,org.apache.commons.lang.builder.ToStringStyleTest#testSetArrayEnd
1339,org.apache.commons.lang.ArrayUtilsTest#testToPrimitive_int
1340,org.apache.commons.lang.NumberUtilsTest#testStringToIntStringI
1341,org.apache.commons.lang.mutable.MutableObjectTest#testHashCode
1342,org.apache.commons.lang.BooleanUtilsTest#test_toBooleanObject_int_int_int
1343,org.apache.commons.lang.ArrayUtilsTest#testToPrimitive_long
1344,org.apache.commons.lang.BooleanUtilsTest#test_toBooleanObject_boolean
1345,org.apache.commons.lang.text.StrTokenizerTest#testBasicQuoted1
1346,org.apache.commons.lang.EntitiesPerformanceTest#testEscapePrimitive
1347,org.apache.commons.lang.CharSetTest#testConstructor_String_combo
1348,org.apache.commons.lang.oldenum.EnumTest#testNestedReferenced
1349,org.apache.commons.lang.oldenum.EnumTest#testList
1350,org.apache.commons.lang.ArrayUtilsTest#testLastIndexOfFloatWithStartIndex
1351,org.apache.commons.lang.builder.DefaultToStringStyleTest#testLongArrayArray
1352,org.apache.commons.lang.builder.HashCodeBuilderTest#testInt
1353,org.apache.commons.lang.math.FractionTest#testSubtract
1354,org.apache.commons.lang.text.StrBuilderTest#testCapacityAndLength
1355,org.apache.commons.lang.text.StrBuilderTest#testReverse
1356,org.apache.commons.lang.text.StrTokenizerTest#test8
1357,org.apache.commons.lang.mutable.MutableLongTest#testGetSet
1358,org.apache.commons.lang.oldenum.EnumTest#testBroken3
1359,org.apache.commons.lang.CharUtilsTest#testToIntValue_Character_int
1360,org.apache.commons.lang.exception.ExceptionUtilsTestCase#testGetThrowableList_Throwable_null
1361,org.apache.commons.lang.ArrayUtilsTest#testToPrimitive_long_long
1362,org.apache.commons.lang.mutable.MutableLongTest#testConstructors
1363,org.apache.commons.lang.NumberRangeTest#testMaxMin
1364,org.apache.commons.lang.exception.ExceptionUtilsTestCase#testSetCause
1365,org.apache.commons.lang.StringUtilsTest#testRightPad_StringInt
1366,org.apache.commons.lang.IllegalClassExceptionTest#testConstructor_classArgs_nullActual
1367,org.apache.commons.lang.ArrayUtilsTest#testReverseInt
1368,org.apache.commons.lang.CharUtilsTest#testToUnicodeEscaped_char
1369,org.apache.commons.lang.ObjectUtilsTest#testToString_Object
1370,org.apache.commons.lang.WordUtilsTest#testConstructor
1371,org.apache.commons.lang.ClassUtilsTest#testPrimitivesToWrappers
1372,org.apache.commons.lang.mutable.MutableBooleanTest#testGetSet
1373,org.apache.commons.lang.SerializationUtilsTest#testSerializeStreamNullNull
1374,org.apache.commons.lang.StringUtilsTrimEmptyTest#testTrimToEmpty
1375,org.apache.commons.lang.text.StrTokenizerTest#testBasic1
1376,org.apache.commons.lang.math.LongRangeTest#testContainsLongBig
1377,org.apache.commons.lang.BooleanUtilsTest#test_toIntegerObject_boolean_Integer_Integer
1378,org.apache.commons.lang.StringUtilsTest#testGetLevenshteinDistance_StringString
1379,org.apache.commons.lang.ArrayUtilsTest#testIndexOfLong
1380,org.apache.commons.lang.builder.EqualsBuilderTest#testFloat
1381,org.apache.commons.lang.builder.EqualsBuilderTest#testShort
1382,org.apache.commons.lang.oldenum.EnumTest#testNestedLinked
1383,org.apache.commons.lang.builder.ToStringBuilderTest#testReflectionCharacter
1384,org.apache.commons.lang.ValidateTest#testIsTrue3
1385,org.apache.commons.lang.StringUtilsTest#testCenter_StringInt
1386,org.apache.commons.lang.ValidateTest#testNotNull1
1387,org.apache.commons.lang.text.StrBuilderTest#testReplaceFirst_StrMatcher_String
1388,org.apache.commons.lang.oldenum.ValuedEnumTest#testName
1389,org.apache.commons.lang.StringUtilsTest#testRemoveStart
1390,org.apache.commons.lang.mutable.MutableIntTest#testEquals
1391,org.apache.commons.lang.text.StrTokenizerTest#testBasicEmpty2
1392,org.apache.commons.lang.oldenum.ValuedEnumTest#testValue
1393,org.apache.commons.lang.builder.EqualsBuilderTest#testNpeForNullElement
1394,org.apache.commons.lang.text.StrBuilderTest#testEqualsIgnoreCase
1395,org.apache.commons.lang.NumberRangeTest#testToStringWithNegatives
1396,org.apache.commons.lang.enums.EnumTest#testNestedReferenced
1397,org.apache.commons.lang.ArrayUtilsTest#testCloneLong
1398,org.apache.commons.lang.ArrayUtilsRemoveTest#testRemoveShortArray
1399,org.apache.commons.lang.mutable.MutableBooleanTest#testConstructors
1400,org.apache.commons.lang.StringUtilsTest#testOverlayString_StringStringIntInt
1401,org.apache.commons.lang.BooleanUtilsTest#test_toBoolean_int
1402,org.apache.commons.lang.exception.NestableErrorTestCase#testGetMessage
1403,org.apache.commons.lang.NotImplementedExceptionTest#testIndexOfThrowable
1404,org.apache.commons.lang.builder.NoFieldNamesToStringStyleTest#testLongArray
1405,org.apache.commons.lang.mutable.MutableFloatTest#testEquals
1406,org.apache.commons.lang.BooleanUtilsTest#testConstructor
1407,org.apache.commons.lang.NumberUtilsTest#testCreateInteger
1408,org.apache.commons.lang.builder.CompareToBuilderTest#testReflectionCompareEx1
1409,org.apache.commons.lang.StringUtilsTest#testCaseFunctions
1410,org.apache.commons.lang.StringUtilsTest#testSplitPreserveAllTokens_String
1411,org.apache.commons.lang.math.NumberUtilsTest#testStringToDoubleStringD
1412,org.apache.commons.lang.StringUtilsSubstringTest#testSubstringAfterLast_StringString
1413,org.apache.commons.lang.math.NumberUtilsTest#testMinimumDouble
1414,org.apache.commons.lang.text.StrTokenizerTest#testCloneNotSupportedException
1415,org.apache.commons.lang.text.StrBuilderAppendInsertTest#testAppend_String_int_int
1416,org.apache.commons.lang.StringEscapeUtilsTest#testUnescapeUnknownEntity
1417,org.apache.commons.lang.builder.ToStringBuilderTest#testReflectionCharArrayArray
1418,org.apache.commons.lang.text.StrTokenizerTest#test3
1419,org.apache.commons.lang.BooleanUtilsTest#test_toBoolean_Integer_Integer_Integer
1420,org.apache.commons.lang.text.StrBuilderTest#testReplace_StrMatcher_String_int_int_int_VaryEndIndex
1421,org.apache.commons.lang.mutable.MutableLongTest#testEquals
1422,org.apache.commons.lang.NumberRangeTest#testIncludesNumber
1423,org.apache.commons.lang.math.FractionTest#testEquals
1424,org.apache.commons.lang.exception.ExceptionUtilsTestCase#testGetRootCauseStackTrace_Throwable
1425,org.apache.commons.lang.builder.MultiLineToStringStyleTest#testBlank
1426,org.apache.commons.lang.IllegalClassExceptionTest#testGetMessage_stringArg_nullInput
1427,org.apache.commons.lang.oldenum.EnumTest#testEqualsToWrongInstance
1428,org.apache.commons.lang.text.StrBuilderTest#testIsEmpty
1429,org.apache.commons.lang.SerializationUtilsTest#testSerializeIOException
1430,org.apache.commons.lang.builder.EqualsBuilderTest#testAccessors
1431,org.apache.commons.lang.CharRangeTest#testConstructorAccessors_CharChar_Reversed
1432,org.apache.commons.lang.StringUtilsTest#testLeftPad_StringInt
1433,org.apache.commons.lang.mutable.MutableByteTest#testSubtractValuePrimitive
1434,org.apache.commons.lang.builder.CompareToBuilderTest#testMultiByteArray
1435,org.apache.commons.lang.builder.HashCodeBuilderTest#testDoubleArray
1436,org.apache.commons.lang.text.StrBuilderTest#testLastIndexOf_char_int
1437,org.apache.commons.lang.ArrayUtilsTest#testCloneInt
1438,org.apache.commons.lang.mutable.MutableIntTest#testDecrement
1439,org.apache.commons.lang.text.StrBuilderAppendInsertTest#testAppendFixedWidthPadRight
1440,org.apache.commons.lang.math.NumberUtilsTest#testMaxInt
1441,org.apache.commons.lang.math.NumberRangeTest#testConstructor2
1442,org.apache.commons.lang.CharUtilsTest#testConstructor
1443,org.apache.commons.lang.builder.EqualsBuilderTest#testMultiByteArray
1444,org.apache.commons.lang.builder.CompareToBuilderTest#testDouble
1445,org.apache.commons.lang.math.DoubleRangeTest#testConstructor1b
1446,org.apache.commons.lang.StringUtilsTrimEmptyTest#testStripToEmpty_String
1447,org.apache.commons.lang.mutable.MutableDoubleTest#testToString
1448,org.apache.commons.lang.SerializationUtilsTest#testSerializeStreamNullObj
1449,org.apache.commons.lang.StringUtilsTest#testReplaceChars_StringCharChar
1450,org.apache.commons.lang.mutable.MutableByteTest#testToString
1451,org.apache.commons.lang.builder.ToStringBuilderTest#testReflectionCharArray
1452,org.apache.commons.lang.ClassUtilsTest#test_isInnerClass_Class
1453,org.apache.commons.lang.StringUtilsTrimEmptyTest#testTrim
1454,org.apache.commons.lang.exception.ExceptionUtilsTestCase#testGetThrowables_Throwable_selfCause
1455,org.apache.commons.lang.text.StrTokenizerTest#testCSVSimpleNeedsTrim
1456,org.apache.commons.lang.enums.EnumTest#testExtended3Map
1457,org.apache.commons.lang.SerializationUtilsTest#testDeserializeStreamOfNull
1458,org.apache.commons.lang.ArrayUtilsRemoveTest#testRemoveElementBooleanArray
1459,org.apache.commons.lang.StringUtilsTest#testRightPad_StringIntChar
1460,org.apache.commons.lang.time.FastDateFormatTest#test_getInstance_String_Locale
1461,org.apache.commons.lang.mutable.MutableLongTest#testPrimitiveValues
1462,org.apache.commons.lang.mutable.MutableDoubleTest#testSubtractValueObject
1463,org.apache.commons.lang.mutable.MutableLongTest#testToLong
1464,org.apache.commons.lang.ArrayUtilsAddTest#testAddObjectArrayBoolean
1465,org.apache.commons.lang.StringUtilsEqualsIndexOfTest#testOrdinalIndexOf
1466,org.apache.commons.lang.ValidateTest#testNoNullElementsArray2
1467,org.apache.commons.lang.ArrayUtilsTest#testReverseChar
1468,org.apache.commons.lang.exception.NestableErrorTestCase#testPrintPartialStackTrace
1469,org.apache.commons.lang.StringUtilsTest#testLeftPad_StringIntString
1470,org.apache.commons.lang.enums.EnumTest#testMap
1471,org.apache.commons.lang.time.DateUtilsTest#testTruncateLang59
1472,org.apache.commons.lang.time.DurationFormatUtilsTest#testFormatDurationISO
1473,org.apache.commons.lang.mutable.MutableShortTest#testSubtractValueObject
1474,org.apache.commons.lang.mutable.MutableIntTest#testGetSet
1475,org.apache.commons.lang.BooleanUtilsTest#test_toStringTrueFalse_Boolean
1476,org.apache.commons.lang.EntitiesPerformanceTest#testBuildTree
1477,org.apache.commons.lang.NullArgumentExceptionTest#testGetMessage_nullConstructorInput
1478,org.apache.commons.lang.oldenum.EnumTest#testSerialization
1479,org.apache.commons.lang.StringUtilsTest#testReverseDelimited_StringChar
1480,org.apache.commons.lang.StringUtilsTest#testSplit_StringString_StringStringInt
1481,org.apache.commons.lang.ArrayUtilsTest#testToPrimitive_intNull
1482,org.apache.commons.lang.text.StrTokenizerTest#testConstructor_charArray
1483,org.apache.commons.lang.ArrayUtilsTest#testToPrimitive_float
1484,org.apache.commons.lang.exception.ExceptionUtilsTestCase#test_getMessage_Throwable
1485,org.apache.commons.lang.oldenum.EnumTest#testBroken2Operation
1486,org.apache.commons.lang.builder.ToStringBuilderTest#testDoubleArray
1487,org.apache.commons.lang.math.FloatRangeTest#testHashCode
1488,org.apache.commons.lang.mutable.MutableByteTest#testToByte
1489,org.apache.commons.lang.builder.ToStringStyleTest#testSetSizeStartText
1490,org.apache.commons.lang.builder.ToStringBuilderTest#testReflectionIntArrayArray
1491,org.apache.commons.lang.mutable.MutableShortTest#testAddValueObject
1492,org.apache.commons.lang.CharUtilsTest#testIsAsciiNumeric_char
1493,org.apache.commons.lang.enums.ValuedEnumTest#testGet
1494,org.apache.commons.lang.LocaleUtilsTest#testAvailableLocaleList
1495,org.apache.commons.lang.ArrayUtilsTest#testLastIndexOfDoubleWithStartIndexTolerance
1496,org.apache.commons.lang.math.NumberUtilsTest#testConstructor
1497,org.apache.commons.lang.ValidateTest#testNoNullElementsCollection1
1498,org.apache.commons.lang.builder.EqualsBuilderTest#testRaggedArray
1499,org.apache.commons.lang.exception.ExceptionUtilsTestCase#testCauseMethodNameOps
1500,org.apache.commons.lang.time.DateFormatUtilsTest#testSMTP
1501,org.apache.commons.lang.text.StrTokenizerTest#testBasicQuoted2
1502,org.apache.commons.lang.text.StrBuilderAppendInsertTest#testAppend_CharArray
1503,org.apache.commons.lang.oldenum.EnumUtilsTest#testGetValueEx
1504,org.apache.commons.lang.ArrayUtilsTest#testLastIndexOfShortWithStartIndex
1505,org.apache.commons.lang.math.FractionTest#testFactory_int_int_int
1506,org.apache.commons.lang.WordUtilsTest#testInitials_String_charArray
1507,org.apache.commons.lang.builder.ToStringBuilderTest#testObject
1508,org.apache.commons.lang.builder.CompareToBuilderTest#testDoubleArrayHiddenByObject
1509,org.apache.commons.lang.builder.ReflectionToStringBuilderExcludeTest#test_toStringExcludeArrayWithNulls
1510,org.apache.commons.lang.text.StrTokenizerTest#testBasicEmpty1
1511,org.apache.commons.lang.text.StrTokenizerTest#test2
1512,org.apache.commons.lang.builder.ToStringBuilderTest#testSelfInstanceTwoVarsReflectionObjectCycle
1513,org.apache.commons.lang.text.StrMatcherTest#testQuoteMatcher
1514,org.apache.commons.lang.exception.NestableRuntimeExceptionTestCase#testPrintPartialStackTrace
1515,org.apache.commons.lang.math.RandomUtilsTest#testNextInt
1516,org.apache.commons.lang.math.FractionTest#testPow
1517,org.apache.commons.lang.text.StrBuilderAppendInsertTest#testAppend_Primitive
1518,org.apache.commons.lang.ArrayUtilsTest#testToObject_short
1519,org.apache.commons.lang.builder.CompareToBuilderTest#testObject
1520,org.apache.commons.lang.enums.EnumUtilsTest#testGetEx
1521,org.apache.commons.lang.exception.NestableExceptionTestCase#testGetThrowables
1522,org.apache.commons.lang.math.NumberUtilsTest#testToIntString
1523,org.apache.commons.lang.oldenum.EnumTest#testExtended2Get
1524,org.apache.commons.lang.builder.HashCodeBuilderAndEqualsBuilderTest#testFixture
1525,org.apache.commons.lang.text.StrBuilderAppendInsertTest#testAppend_String
1526,org.apache.commons.lang.text.StrBuilderTest#testDeleteCharAt
1527,org.apache.commons.lang.BooleanUtilsTest#test_negate_Boolean
1528,org.apache.commons.lang.builder.NoFieldNamesToStringStyleTest#testLongArrayArray
1529,org.apache.commons.lang.BooleanUtilsTest#test_toIntegerObject_boolean
1530,org.apache.commons.lang.builder.ToStringBuilderTest#testReflectionArrayArrayCycle
1531,org.apache.commons.lang.time.DateUtilsTest#testAddDays
1532,org.apache.commons.lang.ArrayUtilsTest#testIndexOfInt
1533,org.apache.commons.lang.text.StrBuilderTest#testReplaceAll_String_String
1534,org.apache.commons.lang.builder.MultiLineToStringStyleTest#testLongArrayArray
1535,org.apache.commons.lang.ArrayUtilsTest#testIndexOfCharWithStartIndex
1536,org.apache.commons.lang.text.StrTokenizerTest#testReset_String
1537,org.apache.commons.lang.text.StrMatcherTest#testCharMatcher_char
1538,org.apache.commons.lang.text.VariableFormatterTest#testReplaceNothing
1539,org.apache.commons.lang.math.LongRangeTest#testContainsLong
1540,org.apache.commons.lang.text.VariableFormatterTest#testNonInstanceMethods
1541,org.apache.commons.lang.StringUtilsTest#testSplitPreserveAllTokens_StringChar
1542,org.apache.commons.lang.text.StrTokenizerTest#testChaining
1543,org.apache.commons.lang.builder.ToStringStyleTest#testSetFieldNameValueSeparator
1544,org.apache.commons.lang.text.StrBuilderTest#testLastIndexOf_StrMatcher
1545,org.apache.commons.lang.ArrayUtilsTest#testToPrimitive_boolean
1546,org.apache.commons.lang.BooleanUtilsTest#test_toIntegerObject_Boolean
1547,org.apache.commons.lang.CharRangeTest#testConstructorAccessors_CharCharBoolean_ReversedNegated
1548,org.apache.commons.lang.ArrayUtilsTest#testIndexOfFloat
1549,org.apache.commons.lang.ObjectUtilsTest#testAppendIdentityToString
1550,org.apache.commons.lang.ArrayUtilsTest#testSameLengthDouble
1551,org.apache.commons.lang.time.DurationFormatUtilsTest#testFormatDurationHMS
1552,org.apache.commons.lang.time.DateUtilsTest#testAddWeeks
1553,org.apache.commons.lang.builder.SimpleToStringStyleTest#testLong
1554,org.apache.commons.lang.ArrayUtilsTest#testSameLengthShort
1555,org.apache.commons.lang.text.StrTokenizerTest#testBasicIgnoreTrimmed4
1556,org.apache.commons.lang.ArrayUtilsTest#testSameLengthInt
1557,org.apache.commons.lang.NumberUtilsTest#testMinimumLong
1558,org.apache.commons.lang.text.StrBuilderTest#testEndsWith
1559,org.apache.commons.lang.enums.EnumTest#testExtended1Map
1560,org.apache.commons.lang.builder.ToStringBuilderTest#testReflectionNull
1561,org.apache.commons.lang.exception.NestableDelegateTestCase#testNestableDelegateGetThrowableCount
1562,org.apache.commons.lang.text.StrTokenizerTest#testBasicQuoted6
1563,org.apache.commons.lang.time.DateUtilsTest#testTruncate
1564,org.apache.commons.lang.ArrayUtilsTest#testLastIndexOfDoubleTolerance
1565,org.apache.commons.lang.text.StrTokenizerTest#testConstructor_String_char_char
1566,org.apache.commons.lang.NotImplementedExceptionTest#testConstructor_Class1
1567,org.apache.commons.lang.enums.EnumTest#testName
1568,org.apache.commons.lang.math.NumberUtilsTest#testCreateFloat
1569,org.apache.commons.lang.enums.EnumTest#testExtended3List
1570,org.apache.commons.lang.mutable.MutableLongTest#testDecrement
1571,org.apache.commons.lang.oldenum.ValuedEnumTest#testGet
1572,org.apache.commons.lang.CharSetUtilsTest#testEvaluateSet_Stringarray
1573,org.apache.commons.lang.enums.EnumTest#testBroken2
1574,org.apache.commons.lang.builder.ToStringBuilderTest#testDoubleArrayArray
1575,org.apache.commons.lang.ObjectUtilsTest#testConstructor
1576,org.apache.commons.lang.text.StrTokenizerTest#testBasicQuotedTrimmed1
1577,org.apache.commons.lang.EntitiesPerformanceTest#testEscapeArray
1578,org.apache.commons.lang.ClassUtilsTest#test_getShortClassName_String
1579,org.apache.commons.lang.math.FractionTest#testReduce
1580,org.apache.commons.lang.text.StrBuilderTest#testSetCharAt
1581,org.apache.commons.lang.time.DurationFormatUtilsTest#testFormatDuration
1582,org.apache.commons.lang.mutable.MutableIntTest#testIncrement
1583,org.apache.commons.lang.ArrayUtilsTest#testIsEmptyObject
1584,org.apache.commons.lang.math.FloatRangeTest#testContainsNumber
1585,org.apache.commons.lang.text.StrMatcherTest#testTabMatcher
1586,org.apache.commons.lang.text.StrBuilderTest#testDeleteAll_String
1587,org.apache.commons.lang.builder.HashCodeBuilderTest#testConstructorEx1
1588,org.apache.commons.lang.time.FastDateFormatTest#test_getInstance_String_TimeZone_Locale
1589,org.apache.commons.lang.text.StrTokenizerTest#testTSV
1590,org.apache.commons.lang.BooleanUtilsTest#test_toBoolean_String_String_String
1591,org.apache.commons.lang.StringEscapeUtilsTest#testEscapeSql
1592,org.apache.commons.lang.builder.EqualsBuilderTest#testObject
1593,org.apache.commons.lang.EntitiesPerformanceTest#testUnescapeTree
1594,org.apache.commons.lang.SerializationUtilsTest#testSerializeBytes
1595,org.apache.commons.lang.exception.ExceptionUtilsTestCase#testGetThrowableList_Throwable_nested
1596,org.apache.commons.lang.builder.ToStringBuilderTest#testIntArrayArray
1597,org.apache.commons.lang.mutable.MutableDoubleTest#testToDouble
1598,org.apache.commons.lang.builder.CompareToBuilderTest#testReflectionCompareEx2
1599,org.apache.commons.lang.oldenum.EnumTest#testExtendedToString
1600,org.apache.commons.lang.builder.CompareToBuilderTest#testMultiBooleanArray
1601,org.apache.commons.lang.StringUtilsTest#testDefault_String
1602,org.apache.commons.lang.math.FractionTest#testAbs
1603,org.apache.commons.lang.exception.NestableErrorTestCase#testGetMessages
1604,org.apache.commons.lang.ArrayUtilsTest#testReverseDouble
1605,org.apache.commons.lang.enums.EnumUtilsTest#testIterator
1606,org.apache.commons.lang.time.DurationFormatUtilsTest#testFormatPeriod
1607,org.apache.commons.lang.SystemUtilsTest#testGetJavaIoTmpDir
1608,org.apache.commons.lang.IllegalClassExceptionTest#testConstructor_classArgs_allNullInput
1609,org.apache.commons.lang.mutable.MutableShortTest#testAddValuePrimitive
