rank,test
1,org.apache.commons.lang.text.StrTokenizerTest#test6
2,org.apache.commons.lang.text.StrTokenizerTest#test5
3,org.apache.commons.lang.text.StrTokenizerTest#test1
4,org.apache.commons.lang.text.StrTokenizerTest#test4
5,org.apache.commons.lang.text.StrTokenizerTest#test3
6,org.apache.commons.lang.text.StrTokenizerTest#test2
7,org.apache.commons.lang.text.StrTokenizerTest#test7
8,org.apache.commons.lang.text.StrTokenizerTest#test8
9,org.apache.commons.lang.builder.StandardToStringStyleTest#testObject
10,org.apache.commons.lang.builder.StandardToStringStyleTest#testObjectArray
11,org.apache.commons.lang.builder.StandardToStringStyleTest#testLongArrayArray
12,org.apache.commons.lang.builder.StandardToStringStyleTest#testLongArray
13,org.apache.commons.lang.builder.StandardToStringStyleTest#testAppendSuper
14,org.apache.commons.lang.builder.ToStringBuilderTest#testReflectionArrayAndObjectCycle
15,org.apache.commons.lang.builder.ToStringBuilderTest#testReflectionHierarchy
16,org.apache.commons.lang.builder.ToStringBuilderTest#testSelfInstanceTwoVarsReflectionObjectCycle
17,org.apache.commons.lang.builder.ToStringBuilderTest#testReflectionObjectCycle
18,org.apache.commons.lang.builder.StandardToStringStyleTest#testLong
19,org.apache.commons.lang.builder.ToStringBuilderTest#testReflectionInteger
20,org.apache.commons.lang.builder.ToStringBuilderTest#testReflectionCharacter
21,org.apache.commons.lang.builder.ToStringBuilderTest#testReflectionBoolean
22,org.apache.commons.lang.builder.ToStringBuilderTest#testReflectionStatics
23,org.apache.commons.lang.builder.ToStringBuilderTest#testInnerClassReflection
24,org.apache.commons.lang.builder.ReflectionToStringBuilderExcludeTest#test_toStringExcludeNullCollection
25,org.apache.commons.lang.builder.ReflectionToStringBuilderExcludeTest#test_toStringExcludeEmptyCollection
26,org.apache.commons.lang.builder.ReflectionToStringBuilderExcludeTest#test_toStringExcludeCollectionWithNulls
27,org.apache.commons.lang.builder.ReflectionToStringBuilderExcludeTest#test_toStringExcludeCollectionWithNull
28,org.apache.commons.lang.builder.ReflectionToStringBuilderExcludeTest#test_toStringExcludeCollection
29,org.apache.commons.lang.text.VariableFormatterTest#testNonInstanceMethods
30,org.apache.commons.lang.builder.ToStringBuilderTest#testSimpleReflectionStatics
31,org.apache.commons.lang.builder.ToStringBuilderTest#testSimpleReflectionObjectCycle
32,org.apache.commons.lang.builder.ToStringBuilderTest#testSelfInstanceVarReflectionObjectCycle
33,org.apache.commons.lang.builder.ToStringBuilderTest#testInheritedReflectionStatics
34,org.apache.commons.lang.builder.ReflectionToStringBuilderExcludeTest#test_toStringExclude
35,org.apache.commons.lang.builder.SimpleToStringStyleTest#testObject
36,org.apache.commons.lang.builder.ShortPrefixToStringStyleTest#testObject
37,org.apache.commons.lang.builder.ReflectionToStringBuilderExcludeTest#test_toStringExcludeEmptyArray
38,org.apache.commons.lang.builder.ReflectionToStringBuilderExcludeTest#test_toStringExcludeArrayWithNulls
39,org.apache.commons.lang.builder.ReflectionToStringBuilderExcludeTest#test_toStringExcludeArrayWithNull
40,org.apache.commons.lang.builder.ReflectionToStringBuilderExcludeTest#test_toStringExcludeArray
41,org.apache.commons.lang.builder.NoFieldNamesToStringStyleTest#testObject
42,org.apache.commons.lang.builder.MultiLineToStringStyleTest#testObject
43,org.apache.commons.lang.builder.DefaultToStringStyleTest#testObject
44,org.apache.commons.lang.text.VariableFormatterTest#testReplaceSystemProperties
45,org.apache.commons.lang.text.VariableFormatterTest#testNonDefaultTokens
46,org.apache.commons.lang.text.VariableFormatterTest#testEscape
47,org.apache.commons.lang.text.VariableFormatterTest#testCyclicReplacement
48,org.apache.commons.lang.builder.ToStringBuilderTest#testReflectionObjectArray
49,org.apache.commons.lang.builder.ToStringBuilderTest#testObject
50,org.apache.commons.lang.builder.StandardToStringStyleTest#testBlank
51,org.apache.commons.lang.builder.ReflectionToStringBuilderExcludeTest#test_toStringExcludeNullArray
52,org.apache.commons.lang.text.VariableFormatterTest#testReplaceWeirdPattens
53,org.apache.commons.lang.text.VariableFormatterTest#testReplaceNoSuffix
54,org.apache.commons.lang.text.VariableFormatterTest#testReplaceNoPrefix
55,org.apache.commons.lang.text.VariableFormatterTest#testReplaceNoMarkers
56,org.apache.commons.lang.text.VariableFormatterTest#testReplaceNoEscape
57,org.apache.commons.lang.text.VariableFormatterTest#testReplaceEmptyKeys
58,org.apache.commons.lang.text.VariableFormatterTest#testReplaceCharArray
59,org.apache.commons.lang.text.VariableFormatterTest#testReplace
60,org.apache.commons.lang.text.VariableFormatterTest#testRecursiveReplacement
61,org.apache.commons.lang.text.StrTokenizerTest#testCSVSimpleNeedsTrim
62,org.apache.commons.lang.builder.ToStringBuilderTest#testReflectionhortArrayArray
63,org.apache.commons.lang.builder.ToStringBuilderTest#testReflectionLongArrayArray
64,org.apache.commons.lang.builder.ToStringBuilderTest#testReflectionIntArrayArray
65,org.apache.commons.lang.builder.ToStringBuilderTest#testReflectionFloatArrayArray
66,org.apache.commons.lang.builder.ToStringBuilderTest#testReflectionDoubleArrayArray
67,org.apache.commons.lang.builder.ToStringBuilderTest#testReflectionCharArrayArray
68,org.apache.commons.lang.builder.ToStringBuilderTest#testReflectionByteArrayArray
69,org.apache.commons.lang.builder.ToStringBuilderTest#testReflectionBooleanArrayArray
70,org.apache.commons.lang.builder.ToStringBuilderTest#testReflectionArrayCycleLevel2
71,org.apache.commons.lang.builder.ToStringBuilderTest#testReflectionArrayArrayCycle
72,org.apache.commons.lang.text.VariableFormatterTest#testReplaceObject
73,org.apache.commons.lang.text.VariableFormatterTest#testNullMap
74,org.apache.commons.lang.text.StrTokenizerTest#testTSV
75,org.apache.commons.lang.text.StrTokenizerTest#testCSVSimple
76,org.apache.commons.lang.builder.ToStringBuilderTest#testReflectionArrayCycle
77,org.apache.commons.lang.text.VariableFormatterTest#testNoResolver
78,org.apache.commons.lang.builder.ToStringBuilderTest#testReflectionyteArray
79,org.apache.commons.lang.builder.ToStringBuilderTest#testReflectionShortArray
80,org.apache.commons.lang.builder.ToStringBuilderTest#testReflectionLongArray
81,org.apache.commons.lang.builder.ToStringBuilderTest#testReflectionIntArray
82,org.apache.commons.lang.builder.ToStringBuilderTest#testReflectionFloatArray
83,org.apache.commons.lang.builder.ToStringBuilderTest#testReflectionDoubleArray
84,org.apache.commons.lang.builder.ToStringBuilderTest#testReflectionCharArray
85,org.apache.commons.lang.builder.ToStringBuilderTest#testReflectionBooleanArray
86,org.apache.commons.lang.builder.ShortPrefixToStringStyleTest#testObjectArray
87,org.apache.commons.lang.builder.ShortPrefixToStringStyleTest#testLongArrayArray
88,org.apache.commons.lang.builder.ShortPrefixToStringStyleTest#testLongArray
89,org.apache.commons.lang.text.StrTokenizerTest#testBasicIgnoreTrimmed4
90,org.apache.commons.lang.builder.SimpleToStringStyleTest#testObjectArray
91,org.apache.commons.lang.builder.ShortPrefixToStringStyleTest#testAppendSuper
92,org.apache.commons.lang.builder.NoFieldNamesToStringStyleTest#testObjectArray
93,org.apache.commons.lang.builder.MultiLineToStringStyleTest#testObjectArray
94,org.apache.commons.lang.builder.DefaultToStringStyleTest#testObjectArray
95,org.apache.commons.lang.builder.ToStringBuilderTest#testObjectArray
96,org.apache.commons.lang.builder.SimpleToStringStyleTest#testLongArrayArray
97,org.apache.commons.lang.builder.NoFieldNamesToStringStyleTest#testLongArrayArray
98,org.apache.commons.lang.builder.MultiLineToStringStyleTest#testLongArrayArray
99,org.apache.commons.lang.builder.DefaultToStringStyleTest#testLongArrayArray
100,org.apache.commons.lang.text.VariableFormatterTest#testReplaceNothing
101,org.apache.commons.lang.text.StrTokenizerTest#testBasicQuotedTrimmed1
102,org.apache.commons.lang.text.StrTokenizerTest#testBasicIgnoreTrimmed2
103,org.apache.commons.lang.text.StrTokenizerTest#testBasicIgnoreTrimmed1
104,org.apache.commons.lang.builder.ToStringBuilderTest#testShortArrayArray
105,org.apache.commons.lang.builder.ToStringBuilderTest#testLongArrayArray
106,org.apache.commons.lang.builder.ToStringBuilderTest#testIntArrayArray
107,org.apache.commons.lang.builder.ToStringBuilderTest#testFloatArrayArray
108,org.apache.commons.lang.builder.ToStringBuilderTest#testDoubleArrayArray
109,org.apache.commons.lang.builder.ToStringBuilderTest#testCharArrayArray
110,org.apache.commons.lang.builder.ToStringBuilderTest#testByteArrayArray
111,org.apache.commons.lang.builder.ToStringBuilderTest#testBooleanArrayArray
112,org.apache.commons.lang.builder.SimpleToStringStyleTest#testLongArray
113,org.apache.commons.lang.builder.NoFieldNamesToStringStyleTest#testLongArray
114,org.apache.commons.lang.builder.MultiLineToStringStyleTest#testLongArray
115,org.apache.commons.lang.builder.DefaultToStringStyleTest#testLongArray
116,org.apache.commons.lang.text.StrTokenizerTest#testBasicTrimmed2
117,org.apache.commons.lang.builder.ToStringBuilderTest#testShortArray
118,org.apache.commons.lang.builder.ToStringBuilderTest#testLongArray
119,org.apache.commons.lang.builder.ToStringBuilderTest#testIntArray
120,org.apache.commons.lang.builder.ToStringBuilderTest#testFloatArray
121,org.apache.commons.lang.builder.ToStringBuilderTest#testDoubleArray
122,org.apache.commons.lang.builder.ToStringBuilderTest#testCharArray
123,org.apache.commons.lang.builder.ToStringBuilderTest#testByteArray
124,org.apache.commons.lang.builder.ToStringBuilderTest#testBooleanArray
125,org.apache.commons.lang.builder.SimpleToStringStyleTest#testAppendSuper
126,org.apache.commons.lang.builder.NoFieldNamesToStringStyleTest#testAppendSuper
127,org.apache.commons.lang.builder.MultiLineToStringStyleTest#testAppendSuper
128,org.apache.commons.lang.builder.DefaultToStringStyleTest#testAppendSuper
129,org.apache.commons.lang.text.StrTokenizerTest#testBasicQuoted5
130,org.apache.commons.lang.text.StrTokenizerTest#testBasicQuoted4
131,org.apache.commons.lang.text.StrTokenizerTest#testBasicQuoted2
132,org.apache.commons.lang.builder.ToStringBuilderTest#testAppendSuper
133,org.apache.commons.lang.ArrayUtilsTest#testToString
134,org.apache.commons.lang.text.StrTokenizerTest#testBasicTrimmed1
135,org.apache.commons.lang.text.StrTokenizerTest#testBasicQuoted3
136,org.apache.commons.lang.builder.ToStringBuilderTest#testAppendToString
137,org.apache.commons.lang.text.StrTokenizerTest#testBasicQuoted7
138,org.apache.commons.lang.text.StrTokenizerTest#testBasicQuoted6
139,org.apache.commons.lang.text.StrTokenizerTest#testBasicQuoted1
140,org.apache.commons.lang.text.StrTokenizerTest#testBasicIgnoreTrimmed3
141,org.apache.commons.lang.text.StrTokenizerTest#testIteration
142,org.apache.commons.lang.text.StrTokenizerTest#testConstructor_charArray_char_char
143,org.apache.commons.lang.text.StrTokenizerTest#testConstructor_String_char_char
144,org.apache.commons.lang.text.StrTokenizerTest#testBasic5
145,org.apache.commons.lang.builder.ShortPrefixToStringStyleTest#testLong
146,org.apache.commons.lang.time.DurationFormatUtilsTest#testFormatPeriodISO
147,org.apache.commons.lang.text.StrTokenizerTest#testConstructor_charArray_char
148,org.apache.commons.lang.text.StrTokenizerTest#testConstructor_String_char
149,org.apache.commons.lang.text.StrTokenizerTest#testCloneReset
150,org.apache.commons.lang.text.StrTokenizerTest#testBasicDelim2
151,org.apache.commons.lang.text.StrTokenizerTest#testBasicDelim1
152,org.apache.commons.lang.text.StrTokenizerTest#testReset_charArray
153,org.apache.commons.lang.text.StrTokenizerTest#testReset_String
154,org.apache.commons.lang.text.StrTokenizerTest#testBasicEmpty2
155,org.apache.commons.lang.text.StrTokenizerTest#testBasicEmpty1
156,org.apache.commons.lang.builder.SimpleToStringStyleTest#testLong
157,org.apache.commons.lang.builder.NoFieldNamesToStringStyleTest#testLong
158,org.apache.commons.lang.builder.MultiLineToStringStyleTest#testLong
159,org.apache.commons.lang.builder.DefaultToStringStyleTest#testLong
160,org.apache.commons.lang.time.DateFormatUtilsTest#testSMTP
161,org.apache.commons.lang.time.DateFormatUtilsTest#testFormat
162,org.apache.commons.lang.text.StrTokenizerTest#testReset
163,org.apache.commons.lang.text.StrTokenizerTest#testBasic3
164,org.apache.commons.lang.text.StrTokenizerTest#testBasic2
165,org.apache.commons.lang.text.StrTokenizerTest#testBasic1
166,org.apache.commons.lang.builder.ToStringBuilderTest#testShort
167,org.apache.commons.lang.builder.ToStringBuilderTest#testLong
168,org.apache.commons.lang.builder.ToStringBuilderTest#testInt
169,org.apache.commons.lang.builder.ToStringBuilderTest#testFloat
170,org.apache.commons.lang.builder.ToStringBuilderTest#testDouble
171,org.apache.commons.lang.builder.ToStringBuilderTest#testChar
172,org.apache.commons.lang.builder.ToStringBuilderTest#testByte
173,org.apache.commons.lang.builder.ToStringBuilderTest#testBoolean
174,org.apache.commons.lang.time.DateFormatUtilsTest#testDateTimeISO
175,org.apache.commons.lang.time.DateFormatUtilsTest#testDateISO
176,org.apache.commons.lang.text.StrTokenizerTest#testConstructor_charArray
177,org.apache.commons.lang.text.StrTokenizerTest#testConstructor_String
178,org.apache.commons.lang.text.StrTokenizerTest#testBasic4
179,org.apache.commons.lang.time.DateFormatUtilsTest#testFormatUTC
180,org.apache.commons.lang.builder.ShortPrefixToStringStyleTest#testBlank
181,org.apache.commons.lang.time.FastDateFormatTest#testShortDateStyleWithLocales
182,org.apache.commons.lang.builder.ToStringBuilderTest#testConstructorEx2
183,org.apache.commons.lang.builder.MultiLineToStringStyleTest#testBlank
184,org.apache.commons.lang.time.DateFormatUtilsTest#testTimeNoTISO
185,org.apache.commons.lang.time.DateFormatUtilsTest#testTimeISO
186,org.apache.commons.lang.builder.SimpleToStringStyleTest#testBlank
187,org.apache.commons.lang.builder.NoFieldNamesToStringStyleTest#testBlank
188,org.apache.commons.lang.builder.DefaultToStringStyleTest#testBlank
189,org.apache.commons.lang.builder.ToStringBuilderTest#testBlank
190,org.apache.commons.lang.text.StrTokenizerTest#testTSVEmpty
191,org.apache.commons.lang.text.StrTokenizerTest#testCSVEmpty
192,org.apache.commons.lang.builder.ToStringBuilderTest#testReflectionNull
193,org.apache.commons.lang.builder.ToStringBuilderTest#testConstructorEx3
194,org.apache.commons.lang.builder.ToStringBuilderTest#testConstructorEx1
195,org.apache.commons.lang.text.StrTokenizerTest#testChaining
196,org.apache.commons.lang.StringEscapeUtilsTest#testEscapeXml
197,org.apache.commons.lang.time.FastDateFormatTest#testSimpleDate
198,org.apache.commons.lang.time.FastDateFormatTest#testMilleniumBug
199,org.apache.commons.lang.time.FastDateFormatTest#testLowYearPadding
200,org.apache.commons.lang.text.StrTokenizerTest#testCloneNull
201,org.apache.commons.lang.time.DateFormatUtilsTest#testConstructor
202,org.apache.commons.lang.text.StrBuilderTest#testAsWriter
203,org.apache.commons.lang.StringEscapeUtilsTest#testEscapeHtmlVersions
204,org.apache.commons.lang.time.FastDateFormatTest#test_getInstance
205,org.apache.commons.lang.builder.ToStringStyleTest#testSetSummaryObjectStartText
206,org.apache.commons.lang.builder.ToStringStyleTest#testSetSummaryObjectEndText
207,org.apache.commons.lang.builder.ToStringStyleTest#testSetSizeStartText
208,org.apache.commons.lang.builder.ToStringStyleTest#testSetSizeEndText
209,org.apache.commons.lang.builder.ToStringStyleTest#testSetNullText
210,org.apache.commons.lang.builder.ToStringStyleTest#testSetFieldNameValueSeparator
211,org.apache.commons.lang.builder.ToStringStyleTest#testSetArrayStart
212,org.apache.commons.lang.builder.ToStringStyleTest#testSetArraySeparator
213,org.apache.commons.lang.builder.ToStringStyleTest#testSetArrayEnd
214,org.apache.commons.lang.builder.ToStringBuilderTest#testGetSetDefault
215,org.apache.commons.lang.text.StrBuilderTest#testReplaceFirst_StrMatcher_String
216,org.apache.commons.lang.text.StrBuilderTest#testReplaceAll_StrMatcher_String
217,org.apache.commons.lang.text.StrBuilderTest#testAsReader
218,org.apache.commons.lang.builder.ToStringStyleTest#testSetFieldSeparator
219,org.apache.commons.lang.builder.ToStringStyleTest#testSetContentStart
220,org.apache.commons.lang.builder.ToStringStyleTest#testSetContentEnd
221,org.apache.commons.lang.builder.ToStringBuilderTest#testSetDefaultEx
222,org.apache.commons.lang.NotImplementedExceptionTest#testGetThrowable
223,org.apache.commons.lang.ArrayUtilsTest#testIsEquals
224,org.apache.commons.lang.text.StrTokenizerTest#testGetContent
225,org.apache.commons.lang.text.StrBuilderTest#testReplace_StrMatcher_String_int_int_int_VaryMatcher
226,org.apache.commons.lang.exception.ExceptionUtilsTestCase#testPrintRootCauseStackTrace_ThrowableWriter
227,org.apache.commons.lang.exception.ExceptionUtilsTestCase#testPrintRootCauseStackTrace_ThrowableStream
228,org.apache.commons.lang.StringEscapeUtilsTest#testEscapeHtml
229,org.apache.commons.lang.EntitiesTest#testBinaryIntMap
230,org.apache.commons.lang.time.FastDateFormatTest#test_getInstance_String_TimeZone
231,org.apache.commons.lang.time.FastDateFormatTest#test_getInstance_String
232,org.apache.commons.lang.exception.ExceptionUtilsTestCase#testGetRootCauseStackTrace_Throwable
233,org.apache.commons.lang.EntitiesTest#testEscapeNamedEntity
234,org.apache.commons.lang.EntitiesTest#testEntitiesXmlObject
235,org.apache.commons.lang.EntitiesTest#testAddEntitiesArray
236,org.apache.commons.lang.time.FastDateFormatTest#test_getInstance_String_TimeZone_Locale
237,org.apache.commons.lang.time.FastDateFormatTest#test_getInstance_String_Locale
238,org.apache.commons.lang.text.StrTokenizerTest#testCloneNotSupportedException
239,org.apache.commons.lang.StringEscapeUtilsTest#testStandaloneAmphersand
240,org.apache.commons.lang.EntitiesTest#testHtml40Nbsp
241,org.apache.commons.lang.EntitiesPerformanceTest#testLookupLookup
242,org.apache.commons.lang.text.StrBuilderTest#testContains_StrMatcher
243,org.apache.commons.lang.text.StrBuilderAppendInsertTest#testInsert
244,org.apache.commons.lang.math.NumberUtilsTest#testCreateNumber
245,org.apache.commons.lang.EntitiesTest#testArrayIntMap
246,org.apache.commons.lang.EntitiesPerformanceTest#testBuildBinary
247,org.apache.commons.lang.ArrayUtilsAddTest#testAddObjectArrayToObjectArray
248,org.apache.commons.lang.text.StrBuilderTest#testTrim
249,org.apache.commons.lang.text.StrBuilderTest#testReplace_StrMatcher_String_int_int_int_VaryStartIndex
250,org.apache.commons.lang.text.StrBuilderTest#testReplace_StrMatcher_String_int_int_int_VaryReplace
251,org.apache.commons.lang.text.StrBuilderTest#testReplace_StrMatcher_String_int_int_int_VaryEndIndex
252,org.apache.commons.lang.text.StrBuilderTest#testReplace_StrMatcher_String_int_int_int_VaryCount
253,org.apache.commons.lang.text.StrBuilderTest#testLastIndexOf_StrMatcher
254,org.apache.commons.lang.text.StrBuilderTest#testIndexOf_StrMatcher
255,org.apache.commons.lang.text.StrBuilderTest#testChaining
256,org.apache.commons.lang.text.StrBuilderTest#testCapacityAndLength
257,org.apache.commons.lang.exception.NestableRuntimeExceptionTestCase#testIndexOfThrowableI
258,org.apache.commons.lang.exception.NestableRuntimeExceptionTestCase#testIndexOfThrowable
259,org.apache.commons.lang.exception.NestableExceptionTestCase#testSerialization
260,org.apache.commons.lang.exception.NestableExceptionTestCase#testIndexOfThrowableI
261,org.apache.commons.lang.exception.NestableExceptionTestCase#testIndexOfThrowable
262,org.apache.commons.lang.exception.NestableErrorTestCase#testIndexOfThrowableI
263,org.apache.commons.lang.exception.NestableErrorTestCase#testIndexOfThrowable
264,org.apache.commons.lang.builder.CompareToBuilderTest#testReflectionHierarchyCompareTransients
265,org.apache.commons.lang.builder.CompareToBuilderTest#testReflectionHierarchyCompareExcludeFields
266,org.apache.commons.lang.builder.CompareToBuilderTest#testReflectionHierarchyCompare
267,org.apache.commons.lang.StringEscapeUtilsTest#testUnescapeUnknownEntity
268,org.apache.commons.lang.StringEscapeUtilsTest#testUnescapeHtml
269,org.apache.commons.lang.EntitiesTest#testTreeIntMap
270,org.apache.commons.lang.EntitiesTest#testHashIntMap
271,org.apache.commons.lang.time.StopWatchTest#testStopWatchSimpleGet
272,org.apache.commons.lang.text.StrBuilderTest#testLastIndexOf_StrMatcher_int
273,org.apache.commons.lang.text.StrBuilderTest#testIndexOf_StrMatcher_int
274,org.apache.commons.lang.StringUtilsTest#testDeleteSpace_String
275,org.apache.commons.lang.NumberUtilsTest#testCreateNumber
276,org.apache.commons.lang.EntitiesTest#testUnescapeUnknownEntity
277,org.apache.commons.lang.EntitiesPerformanceTest#testLookupPrimitive
278,org.apache.commons.lang.EntitiesPerformanceTest#testBuildTree
279,org.apache.commons.lang.EntitiesPerformanceTest#testBuildHash
280,org.apache.commons.lang.EntitiesPerformanceTest#testBuildArray
281,org.apache.commons.lang.text.StrBuilderTest#testReplace_int_int_String
282,org.apache.commons.lang.text.StrBuilderTest#testDeleteFirst_StrMatcher
283,org.apache.commons.lang.text.StrBuilderTest#testDeleteAll_StrMatcher
284,org.apache.commons.lang.exception.NestableRuntimeExceptionTestCase#testGetThrowableI
285,org.apache.commons.lang.exception.NestableRuntimeExceptionTestCase#testGetThrowableCount
286,org.apache.commons.lang.exception.NestableRuntimeExceptionTestCase#testGetMessages
287,org.apache.commons.lang.exception.NestableRuntimeExceptionTestCase#testGetMessageI
288,org.apache.commons.lang.exception.NestableExceptionTestCase#testGetThrowableI
289,org.apache.commons.lang.exception.NestableExceptionTestCase#testGetThrowableCount
290,org.apache.commons.lang.exception.NestableExceptionTestCase#testGetMessages
291,org.apache.commons.lang.exception.NestableExceptionTestCase#testGetMessageI
292,org.apache.commons.lang.exception.NestableErrorTestCase#testGetThrowableI
293,org.apache.commons.lang.exception.NestableErrorTestCase#testGetThrowableCount
294,org.apache.commons.lang.exception.NestableErrorTestCase#testGetMessages
295,org.apache.commons.lang.exception.NestableErrorTestCase#testGetMessageI
296,org.apache.commons.lang.StringEscapeUtilsTest#testUnescapeHexCharsHtml
297,org.apache.commons.lang.NotImplementedExceptionTest#testIndexOfThrowable_Index
298,org.apache.commons.lang.NotImplementedExceptionTest#testIndexOfThrowable
299,org.apache.commons.lang.EntitiesTest#testUnescapeNamedEntity
300,org.apache.commons.lang.EntitiesTest#testPrimitiveIntMap
301,org.apache.commons.lang.CharSetUtilsTest#testSqueeze_StringString
302,org.apache.commons.lang.CharSetUtilsTest#testKeep_StringString
303,org.apache.commons.lang.CharSetUtilsTest#testDelete_StringStringarray
304,org.apache.commons.lang.CharSetUtilsTest#testDelete_StringString
305,org.apache.commons.lang.text.VariableFormatterTest#testInitialize
306,org.apache.commons.lang.text.StrBuilderTest#testReplaceFirst_String_String
307,org.apache.commons.lang.text.StrBuilderTest#testReplaceAll_String_String
308,org.apache.commons.lang.text.StrBuilderTest#testDeleteFirst_String
309,org.apache.commons.lang.text.StrBuilderTest#testDeleteAll_String
310,org.apache.commons.lang.text.StrBuilderAppendInsertTest#testAppendNewLine
311,org.apache.commons.lang.oldenum.ValuedEnumTest#testSerialization
312,org.apache.commons.lang.oldenum.EnumTest#testSerialization
313,org.apache.commons.lang.exception.NestableRuntimeExceptionTestCase#testGetThrowables
314,org.apache.commons.lang.exception.NestableExceptionTestCase#testGetThrowables
315,org.apache.commons.lang.exception.NestableErrorTestCase#testGetThrowables
316,org.apache.commons.lang.exception.ExceptionUtilsTestCase#test_getRootCauseMessage_Throwable
317,org.apache.commons.lang.enums.ValuedEnumTest#testSerialization
318,org.apache.commons.lang.enums.EnumTest#testSerialization
319,org.apache.commons.lang.NotImplementedExceptionTest#testPrintStackTrace
320,org.apache.commons.lang.EntitiesTest#testUnescapeMiscellaneous
321,org.apache.commons.lang.CharSetTest#testSerialization
322,org.apache.commons.lang.CharSetTest#testConstructor_String_oddCombinations
323,org.apache.commons.lang.time.DurationFormatUtilsTest#testFormatPeriod
324,org.apache.commons.lang.time.DurationFormatUtilsTest#testFormatDurationWords
325,org.apache.commons.lang.time.DurationFormatUtilsTest#testFormatDurationPluralWords
326,org.apache.commons.lang.text.StrBuilderTest#testEquals
327,org.apache.commons.lang.text.StrBuilderTest#testDeleteIntInt
328,org.apache.commons.lang.text.StrBuilderTest#testConstructors
329,org.apache.commons.lang.text.StrBuilderAppendInsertTest#testInsertWithNullText
330,org.apache.commons.lang.oldenum.EnumTest#testExtendedSerialization
331,org.apache.commons.lang.math.FractionTest#testPow
332,org.apache.commons.lang.exception.ExceptionUtilsTestCase#testIsNestedThrowable_Throwable
333,org.apache.commons.lang.exception.ExceptionUtilsTestCase#testIndexOf_ThrowableClassInt
334,org.apache.commons.lang.exception.ExceptionUtilsTestCase#testIndexOfType_ThrowableClassInt
335,org.apache.commons.lang.enums.EnumTest#testExtendedSerialization
336,org.apache.commons.lang.NotImplementedExceptionTest#testPrintStackTrace_Stream
337,org.apache.commons.lang.EntitiesPerformanceTest#testUnescapeTree
338,org.apache.commons.lang.EntitiesPerformanceTest#testUnescapeHash
339,org.apache.commons.lang.EntitiesPerformanceTest#testUnescapeBinary
340,org.apache.commons.lang.EntitiesPerformanceTest#testUnescapeArray
341,org.apache.commons.lang.EntitiesPerformanceTest#testLookupTree
342,org.apache.commons.lang.EntitiesPerformanceTest#testLookupHash
343,org.apache.commons.lang.EntitiesPerformanceTest#testLookupBinary
344,org.apache.commons.lang.EntitiesPerformanceTest#testLookupArray
345,org.apache.commons.lang.EntitiesPerformanceTest#testEscapeTree
346,org.apache.commons.lang.EntitiesPerformanceTest#testEscapePrimitive
347,org.apache.commons.lang.EntitiesPerformanceTest#testEscapeLookup
348,org.apache.commons.lang.EntitiesPerformanceTest#testEscapeHash
349,org.apache.commons.lang.EntitiesPerformanceTest#testEscapeBinary
350,org.apache.commons.lang.EntitiesPerformanceTest#testEscapeArray
351,org.apache.commons.lang.EntitiesPerformanceTest#testBuildPrimitive
352,org.apache.commons.lang.EntitiesPerformanceTest#testBuildLookup
353,org.apache.commons.lang.CharSetUtilsTest#testSqueeze_StringStringarray
354,org.apache.commons.lang.CharSetUtilsTest#testKeep_StringStringarray
355,org.apache.commons.lang.CharSetUtilsTest#testCount_StringStringarray
356,org.apache.commons.lang.CharSetUtilsTest#testCount_StringString
357,org.apache.commons.lang.CharSetTest#testContains_Char
358,org.apache.commons.lang.CharSetTest#testConstructor_String_oddNegate
359,org.apache.commons.lang.CharSetTest#testConstructor_String_comboNegated
360,org.apache.commons.lang.time.DurationFormatUtilsTest#testFormatDurationHMS
361,org.apache.commons.lang.time.DateUtilsTest#testRound
362,org.apache.commons.lang.text.StrBuilderTest#testToCharArrayIntInt
363,org.apache.commons.lang.text.StrBuilderTest#testSubstringInt
364,org.apache.commons.lang.text.StrBuilderTest#testSetLength
365,org.apache.commons.lang.text.StrBuilderTest#testSetCharAt
366,org.apache.commons.lang.text.StrBuilderTest#testReverse
367,org.apache.commons.lang.text.StrBuilderTest#testMinimizeCapacity
368,org.apache.commons.lang.text.StrBuilderTest#testLastIndexOf_String
369,org.apache.commons.lang.text.StrBuilderTest#testIsEmpty
370,org.apache.commons.lang.text.StrBuilderTest#testIndexOf_String
371,org.apache.commons.lang.text.StrBuilderTest#testEqualsIgnoreCase
372,org.apache.commons.lang.text.StrBuilderTest#testDeleteFirst_char
373,org.apache.commons.lang.text.StrBuilderTest#testDeleteCharAt
374,org.apache.commons.lang.text.StrBuilderTest#testDeleteAll_char
375,org.apache.commons.lang.text.StrBuilderTest#testContains_String
376,org.apache.commons.lang.text.StrBuilderAppendInsertTest#testAppendWithSeparatorsWithNullText
377,org.apache.commons.lang.oldenum.ValuedEnumTest#testToString
378,org.apache.commons.lang.oldenum.EnumUtilsTest#testGetValue
379,org.apache.commons.lang.oldenum.EnumTest#testOperationSerialization
380,org.apache.commons.lang.math.NumberUtilsTest#testIsNumber
381,org.apache.commons.lang.exception.ExceptionUtilsTestCase#testIndexOf_ThrowableClass
382,org.apache.commons.lang.exception.ExceptionUtilsTestCase#testIndexOfType_ThrowableClass
383,org.apache.commons.lang.enums.ValuedEnumTest#testToString
384,org.apache.commons.lang.enums.EnumUtilsTest#testGetValue
385,org.apache.commons.lang.enums.EnumTest#testOperationSerialization
386,org.apache.commons.lang.builder.HashCodeBuilderAndEqualsBuilderTest#testIntegerWithTransients
387,org.apache.commons.lang.builder.HashCodeBuilderAndEqualsBuilderTest#testInteger
388,org.apache.commons.lang.builder.HashCodeBuilderAndEqualsBuilderTest#testFixtureWithTransients
389,org.apache.commons.lang.builder.HashCodeBuilderAndEqualsBuilderTest#testFixture
390,org.apache.commons.lang.NotImplementedExceptionTest#testPrintStackTrace_Writer
391,org.apache.commons.lang.CharSetTest#testConstructor_String_simple
392,org.apache.commons.lang.CharSetTest#testConstructor_String_oddDash
393,org.apache.commons.lang.CharSetTest#testConstructor_String_combo
394,org.apache.commons.lang.time.DurationFormatUtilsTest#testFormatDuration
395,org.apache.commons.lang.text.StrBuilderTest#testToStringBuffer
396,org.apache.commons.lang.text.StrBuilderTest#testToCharArray
397,org.apache.commons.lang.text.StrBuilderTest#testSubstringIntInt
398,org.apache.commons.lang.text.StrBuilderTest#testStartsWith
399,org.apache.commons.lang.text.StrBuilderTest#testSize
400,org.apache.commons.lang.text.StrBuilderTest#testReplaceFirst_char_char
401,org.apache.commons.lang.text.StrBuilderTest#testReplaceAll_char_char
402,org.apache.commons.lang.text.StrBuilderTest#testLastIndexOf_char
403,org.apache.commons.lang.text.StrBuilderTest#testLastIndexOf_String_int
404,org.apache.commons.lang.text.StrBuilderTest#testIndexOf_char
405,org.apache.commons.lang.text.StrBuilderTest#testIndexOf_String_int
406,org.apache.commons.lang.text.StrBuilderTest#testHashCode
407,org.apache.commons.lang.text.StrBuilderTest#testGetCharsIntIntCharArrayInt
408,org.apache.commons.lang.text.StrBuilderTest#testGetChars
409,org.apache.commons.lang.text.StrBuilderTest#testEnsureCapacity
410,org.apache.commons.lang.text.StrBuilderTest#testEndsWith
411,org.apache.commons.lang.text.StrBuilderTest#testClear
412,org.apache.commons.lang.text.StrBuilderTest#testCharAt
413,org.apache.commons.lang.text.StrBuilderTest#testCapacity
414,org.apache.commons.lang.text.StrBuilderAppendInsertTest#testAppend_StrBuilder_int_int
415,org.apache.commons.lang.text.StrBuilderAppendInsertTest#testAppend_Object
416,org.apache.commons.lang.oldenum.ValuedEnumTest#testMap
417,org.apache.commons.lang.oldenum.ValuedEnumTest#testGetValue
418,org.apache.commons.lang.oldenum.EnumTest#testEqualsToWrongInstance
419,org.apache.commons.lang.math.FractionTest#testToProperString
420,org.apache.commons.lang.math.FractionTest#testSubtract
421,org.apache.commons.lang.math.FractionTest#testDivide
422,org.apache.commons.lang.exception.NestableRuntimeExceptionTestCase#testSpecificPrintStackTrace
423,org.apache.commons.lang.exception.NestableExceptionTestCase#testSpecificPrintStackTrace
424,org.apache.commons.lang.exception.NestableDelegateTestCase#testNestableDelegateGetMessageN
425,org.apache.commons.lang.exception.NestableDelegateTestCase#testIndexOfThrowable
426,org.apache.commons.lang.exception.ExceptionUtilsTestCase#testSetCause
427,org.apache.commons.lang.exception.ExceptionUtilsTestCase#testIsThrowableNested
428,org.apache.commons.lang.exception.ExceptionUtilsTestCase#testCauseMethodNameOps
429,org.apache.commons.lang.enums.ValuedEnumTest#testMap
430,org.apache.commons.lang.enums.ValuedEnumTest#testGetValue
431,org.apache.commons.lang.enums.EnumTest#testEqualsToWrongInstance
432,org.apache.commons.lang.SerializationUtilsTest#testException
433,org.apache.commons.lang.NumberUtilsTest#testIsNumber
434,org.apache.commons.lang.ArrayUtilsAddTest#testAddObjectAtIndex
435,org.apache.commons.lang.text.StrBuilderTest#testToString
436,org.apache.commons.lang.text.StrBuilderTest#testRightString
437,org.apache.commons.lang.text.StrBuilderTest#testMidString
438,org.apache.commons.lang.text.StrBuilderTest#testLength
439,org.apache.commons.lang.text.StrBuilderTest#testLeftString
440,org.apache.commons.lang.text.StrBuilderTest#testLastIndexOf_char_int
441,org.apache.commons.lang.text.StrBuilderTest#testIndexOf_char_int
442,org.apache.commons.lang.text.StrBuilderTest#testContains_char
443,org.apache.commons.lang.text.StrBuilderAppendInsertTest#testAppend_StrBuilder
444,org.apache.commons.lang.text.StrBuilderAppendInsertTest#testAppend_PrimitiveNumber
445,org.apache.commons.lang.text.StrBuilderAppendInsertTest#testAppendWithSeparators_Iterator
446,org.apache.commons.lang.text.StrBuilderAppendInsertTest#testAppendWithSeparators_Collection
447,org.apache.commons.lang.text.StrBuilderAppendInsertTest#testAppendWithSeparators_Array
448,org.apache.commons.lang.text.StrBuilderAppendInsertTest#testAppendWithNullText
449,org.apache.commons.lang.oldenum.ValuedEnumTest#testList
450,org.apache.commons.lang.oldenum.ValuedEnumTest#testIterator
451,org.apache.commons.lang.oldenum.EnumTest#testToString
452,org.apache.commons.lang.oldenum.EnumTest#testMap
453,org.apache.commons.lang.oldenum.EnumTest#testExtendedToString
454,org.apache.commons.lang.oldenum.EnumTest#testExtended3Map
455,org.apache.commons.lang.oldenum.EnumTest#testExtended2Map
456,org.apache.commons.lang.oldenum.EnumTest#testExtended1Map
457,org.apache.commons.lang.math.NumberRangeTest#testContainsFloat
458,org.apache.commons.lang.math.NumberRangeTest#testContainsDouble
459,org.apache.commons.lang.math.FractionTest#testAdd
460,org.apache.commons.lang.exception.NestableDelegateTestCase#testNestableDelegateGetThrowableN
461,org.apache.commons.lang.exception.NestableDelegateTestCase#testNestableDelegateGetMessages
462,org.apache.commons.lang.exception.ExceptionUtilsTestCase#testGetThrowables_Throwable_withCause
463,org.apache.commons.lang.exception.ExceptionUtilsTestCase#testGetThrowables_Throwable_nested
464,org.apache.commons.lang.exception.ExceptionUtilsTestCase#testGetThrowableCount_Throwable
465,org.apache.commons.lang.exception.ExceptionUtilsTestCase#testGetRootCause_Throwable
466,org.apache.commons.lang.enums.ValuedEnumTest#testList
467,org.apache.commons.lang.enums.ValuedEnumTest#testIterator
468,org.apache.commons.lang.enums.EnumTest#testToString
469,org.apache.commons.lang.enums.EnumTest#testMap
470,org.apache.commons.lang.enums.EnumTest#testExtendedToString
471,org.apache.commons.lang.enums.EnumTest#testExtended3Map
472,org.apache.commons.lang.enums.EnumTest#testExtended2Map
473,org.apache.commons.lang.enums.EnumTest#testExtended1Map
474,org.apache.commons.lang.RandomStringUtilsTest#testRandomStringUtils
475,org.apache.commons.lang.CharSetUtilsTest#testEvaluateSet_Stringarray
476,org.apache.commons.lang.CharSetTest#testStatics
477,org.apache.commons.lang.time.DurationFormatUtilsTest#testLexx
478,org.apache.commons.lang.time.DurationFormatUtilsTest#testFormatDurationISO
479,org.apache.commons.lang.time.DateUtilsTest#testWeekIterator
480,org.apache.commons.lang.text.StrMatcherTest#testStringMatcher_String
481,org.apache.commons.lang.text.StrBuilderTest#testGetSetNullText
482,org.apache.commons.lang.text.StrBuilderTest#testGetSetNewLineText
483,org.apache.commons.lang.text.StrBuilderAppendInsertTest#testAppend_String_int_int
484,org.apache.commons.lang.text.StrBuilderAppendInsertTest#testAppend_StringBuffer_int_int
485,org.apache.commons.lang.text.StrBuilderAppendInsertTest#testAppend_StringBuffer
486,org.apache.commons.lang.text.StrBuilderAppendInsertTest#testAppend_CharArray_int_int
487,org.apache.commons.lang.text.StrBuilderAppendInsertTest#testAppend_CharArray
488,org.apache.commons.lang.text.StrBuilderAppendInsertTest#testAppendFixedWidthPadRight
489,org.apache.commons.lang.text.StrBuilderAppendInsertTest#testAppendFixedWidthPadLeft
490,org.apache.commons.lang.oldenum.ValuedEnumTest#testGet
491,org.apache.commons.lang.oldenum.ValuedEnumTest#testEquals
492,org.apache.commons.lang.oldenum.EnumUtilsTest#testMap
493,org.apache.commons.lang.oldenum.EnumUtilsTest#testList
494,org.apache.commons.lang.oldenum.EnumUtilsTest#testIterator
495,org.apache.commons.lang.oldenum.EnumUtilsTest#testGet
496,org.apache.commons.lang.oldenum.EnumTest#testOperationToString
497,org.apache.commons.lang.oldenum.EnumTest#testOperationMap
498,org.apache.commons.lang.oldenum.EnumTest#testList
499,org.apache.commons.lang.oldenum.EnumTest#testIterator
500,org.apache.commons.lang.oldenum.EnumTest#testExtended3List
501,org.apache.commons.lang.oldenum.EnumTest#testExtended2List
502,org.apache.commons.lang.oldenum.EnumTest#testExtended1List
503,org.apache.commons.lang.oldenum.EnumTest#testEquals
504,org.apache.commons.lang.math.NumberRangeTest#testContainsLong
505,org.apache.commons.lang.math.NumberRangeTest#testContainsInteger
506,org.apache.commons.lang.math.FractionTest#testMultiply
507,org.apache.commons.lang.exception.NestableDelegateTestCase#testNestableDelegateGetThrowables
508,org.apache.commons.lang.exception.NestableDelegateTestCase#testNestableDelegateGetThrowableCount
509,org.apache.commons.lang.exception.ExceptionUtilsTestCase#testGetThrowables_Throwable_withoutCause
510,org.apache.commons.lang.exception.ExceptionUtilsTestCase#testGetThrowables_Throwable_jdkNoCause
511,org.apache.commons.lang.exception.ExceptionUtilsTestCase#testGetThrowableList_Throwable_withCause
512,org.apache.commons.lang.exception.ExceptionUtilsTestCase#testGetThrowableList_Throwable_nested
513,org.apache.commons.lang.enums.ValuedEnumTest#testGet
514,org.apache.commons.lang.enums.ValuedEnumTest#testEquals
515,org.apache.commons.lang.enums.EnumUtilsTest#testMap
516,org.apache.commons.lang.enums.EnumUtilsTest#testList
517,org.apache.commons.lang.enums.EnumUtilsTest#testIterator
518,org.apache.commons.lang.enums.EnumUtilsTest#testGet
519,org.apache.commons.lang.enums.EnumTest#testOperationToString
520,org.apache.commons.lang.enums.EnumTest#testOperationMap
521,org.apache.commons.lang.enums.EnumTest#testList
522,org.apache.commons.lang.enums.EnumTest#testIterator
523,org.apache.commons.lang.enums.EnumTest#testExtended3List
524,org.apache.commons.lang.enums.EnumTest#testExtended2List
525,org.apache.commons.lang.enums.EnumTest#testExtended1List
526,org.apache.commons.lang.enums.EnumTest#testEquals
527,org.apache.commons.lang.WordUtilsTest#testWrap_StringInt
528,org.apache.commons.lang.NotImplementedExceptionTest#testPrintPartialStackTrace_Writer
529,org.apache.commons.lang.CharSetTest#testEquals_Object
530,org.apache.commons.lang.CharRangeTest#testSerialization
531,org.apache.commons.lang.time.StopWatchTest#testBadStates
532,org.apache.commons.lang.text.StrMatcherTest#testMatcherIndices
533,org.apache.commons.lang.text.StrMatcherTest#testCharSetMatcher_charArray
534,org.apache.commons.lang.text.StrMatcherTest#testCharSetMatcher_String
535,org.apache.commons.lang.text.StrBuilderAppendInsertTest#testAppend_String
536,org.apache.commons.lang.text.StrBuilderAppendInsertTest#testAppendFixedWidthPadRight_int
537,org.apache.commons.lang.text.StrBuilderAppendInsertTest#testAppendFixedWidthPadLeft_int
538,org.apache.commons.lang.oldenum.ValuedEnumTest#testValue
539,org.apache.commons.lang.oldenum.ValuedEnumTest#testName
540,org.apache.commons.lang.oldenum.ValuedEnumTest#testCompareTo
541,org.apache.commons.lang.oldenum.EnumTest#testOperationList
542,org.apache.commons.lang.oldenum.EnumTest#testNestedReferenced
543,org.apache.commons.lang.oldenum.EnumTest#testNestedLinked
544,org.apache.commons.lang.oldenum.EnumTest#testNestedBroken
545,org.apache.commons.lang.oldenum.EnumTest#testNested
546,org.apache.commons.lang.oldenum.EnumTest#testGet
547,org.apache.commons.lang.oldenum.EnumTest#testExtended3Get
548,org.apache.commons.lang.oldenum.EnumTest#testExtended2Get
549,org.apache.commons.lang.oldenum.EnumTest#testExtended1Get
550,org.apache.commons.lang.mutable.MutableIntTest#testGetSet
551,org.apache.commons.lang.math.RandomUtilsTest#testNextInt
552,org.apache.commons.lang.math.NumberRangeTest#testGetMinimum
553,org.apache.commons.lang.math.NumberRangeTest#testGetMaximum
554,org.apache.commons.lang.math.NumberRangeTest#testContainsLongBig
555,org.apache.commons.lang.math.LongRangeTest#testContainsFloat
556,org.apache.commons.lang.math.LongRangeTest#testContainsDouble
557,org.apache.commons.lang.math.IntRangeTest#testContainsFloat
558,org.apache.commons.lang.math.IntRangeTest#testContainsDouble
559,org.apache.commons.lang.math.FloatRangeTest#testContainsDouble
560,org.apache.commons.lang.math.DoubleRangeTest#testContainsFloat
561,org.apache.commons.lang.exception.NestableRuntimeExceptionTestCase#testPrintStackTrace
562,org.apache.commons.lang.exception.NestableExceptionTestCase#testPrintStackTrace
563,org.apache.commons.lang.exception.NestableErrorTestCase#testPrintStackTrace
564,org.apache.commons.lang.exception.ExceptionUtilsTestCase#testSetCauseToNull
565,org.apache.commons.lang.exception.ExceptionUtilsTestCase#testGetThrowables_Throwable_selfCause
566,org.apache.commons.lang.exception.ExceptionUtilsTestCase#testGetThrowables_Throwable_recursiveCause
567,org.apache.commons.lang.exception.ExceptionUtilsTestCase#testGetThrowableList_Throwable_withoutCause
568,org.apache.commons.lang.exception.ExceptionUtilsTestCase#testGetThrowableList_Throwable_jdkNoCause
569,org.apache.commons.lang.exception.ExceptionUtilsTestCase#testGetCause_Throwable
570,org.apache.commons.lang.enums.ValuedEnumTest#testValue
571,org.apache.commons.lang.enums.ValuedEnumTest#testName
572,org.apache.commons.lang.enums.ValuedEnumTest#testCompareTo
573,org.apache.commons.lang.enums.EnumTest#testOperationList
574,org.apache.commons.lang.enums.EnumTest#testNestedReferenced
575,org.apache.commons.lang.enums.EnumTest#testNestedLinked
576,org.apache.commons.lang.enums.EnumTest#testNestedBroken
577,org.apache.commons.lang.enums.EnumTest#testNested
578,org.apache.commons.lang.enums.EnumTest#testGet
579,org.apache.commons.lang.enums.EnumTest#testExtended3Get
580,org.apache.commons.lang.enums.EnumTest#testExtended2Get
581,org.apache.commons.lang.enums.EnumTest#testExtended1Get
582,org.apache.commons.lang.builder.CompareToBuilderTest#testMultiFloatArray
583,org.apache.commons.lang.builder.CompareToBuilderTest#testMultiDoubleArray
584,org.apache.commons.lang.WordUtilsTest#testWrap_StringIntStringBoolean
585,org.apache.commons.lang.SystemUtilsTest#testJavaVersionAtLeastInt
586,org.apache.commons.lang.SystemUtilsTest#testJavaVersionAtLeastFloat
587,org.apache.commons.lang.SystemUtilsTest#testJavaVersion
588,org.apache.commons.lang.SystemUtilsTest#testGetUserHome
589,org.apache.commons.lang.SystemUtilsTest#testGetUserDir
590,org.apache.commons.lang.SystemUtilsTest#testGetJavaIoTmpDir
591,org.apache.commons.lang.SystemUtilsTest#testGetJavaHome
592,org.apache.commons.lang.SystemUtilsTest#testConstructor
593,org.apache.commons.lang.StringEscapeUtilsTest#testUnescapeJava
594,org.apache.commons.lang.NotImplementedExceptionTest#testGetMessage_Indexed
595,org.apache.commons.lang.CharSetTest#testHashCode
596,org.apache.commons.lang.CharEncodingTest#testWorksOnJava1_2_2
597,org.apache.commons.lang.CharEncodingTest#testWorksOnJava1_1_8
598,org.apache.commons.lang.CharEncodingTest#testMustBeSupportedJava1_3_1
599,org.apache.commons.lang.ArrayUtilsTest#testSubarrayFloat
600,org.apache.commons.lang.ArrayUtilsTest#testSubarrayDouble
601,org.apache.commons.lang.ArrayUtilsTest#testIsEmptyPrimitives
602,org.apache.commons.lang.ArrayUtilsRemoveTest#testRemoveElementFloatArray
603,org.apache.commons.lang.ArrayUtilsRemoveTest#testRemoveElementDoubleArray
604,org.apache.commons.lang.ArrayUtilsRemoveTest#testRemoveElementBooleanArray
605,org.apache.commons.lang.time.StopWatchTest#testStopWatchSplit
606,org.apache.commons.lang.time.DateUtilsTest#testMonthIterator
607,org.apache.commons.lang.text.StrMatcherTest#testTrimMatcher
608,org.apache.commons.lang.text.StrMatcherTest#testTabMatcher
609,org.apache.commons.lang.text.StrMatcherTest#testSplitMatcher
610,org.apache.commons.lang.text.StrMatcherTest#testSpaceMatcher
611,org.apache.commons.lang.text.StrMatcherTest#testSingleQuoteMatcher
612,org.apache.commons.lang.text.StrMatcherTest#testQuoteMatcher
613,org.apache.commons.lang.text.StrMatcherTest#testNoneMatcher
614,org.apache.commons.lang.text.StrMatcherTest#testDoubleQuoteMatcher
615,org.apache.commons.lang.text.StrMatcherTest#testCommaMatcher
616,org.apache.commons.lang.text.StrMatcherTest#testCharMatcher_char
617,org.apache.commons.lang.text.StrBuilderAppendInsertTest#testAppend_Primitive
618,org.apache.commons.lang.text.StrBuilderAppendInsertTest#testAppendPadding
619,org.apache.commons.lang.oldenum.EnumTest#testOperationGet
620,org.apache.commons.lang.oldenum.EnumTest#testName
621,org.apache.commons.lang.oldenum.EnumTest#testHashCode
622,org.apache.commons.lang.oldenum.EnumTest#testCompareTo
623,org.apache.commons.lang.math.NumberRangeTest#testOverlapsRange
624,org.apache.commons.lang.math.NumberRangeTest#testContainsRange
625,org.apache.commons.lang.math.LongRangeTest#testGetMinimum
626,org.apache.commons.lang.math.LongRangeTest#testGetMaximum
627,org.apache.commons.lang.math.LongRangeTest#testContainsRange
628,org.apache.commons.lang.math.LongRangeTest#testContainsInteger
629,org.apache.commons.lang.math.IntRangeTest#testGetMinimum
630,org.apache.commons.lang.math.IntRangeTest#testGetMaximum
631,org.apache.commons.lang.math.IntRangeTest#testContainsRange
632,org.apache.commons.lang.math.IntRangeTest#testContainsLong
633,org.apache.commons.lang.math.FractionTest#testFactory_String_double
634,org.apache.commons.lang.math.FloatRangeTest#testGetMinimum
635,org.apache.commons.lang.math.FloatRangeTest#testGetMaximum
636,org.apache.commons.lang.math.FloatRangeTest#testContainsRange
637,org.apache.commons.lang.math.FloatRangeTest#testContainsLong
638,org.apache.commons.lang.math.FloatRangeTest#testContainsInteger
639,org.apache.commons.lang.math.DoubleRangeTest#testGetMinimum
640,org.apache.commons.lang.math.DoubleRangeTest#testGetMaximum
641,org.apache.commons.lang.math.DoubleRangeTest#testContainsRange
642,org.apache.commons.lang.math.DoubleRangeTest#testContainsLong
643,org.apache.commons.lang.math.DoubleRangeTest#testContainsInteger
644,org.apache.commons.lang.exception.NestableRuntimeExceptionTestCase#testGetMessage
645,org.apache.commons.lang.exception.NestableExceptionTestCase#testGetMessage
646,org.apache.commons.lang.exception.NestableErrorTestCase#testGetMessage
647,org.apache.commons.lang.exception.NestableDelegateTestCase#testGetMessageString
648,org.apache.commons.lang.exception.ExceptionUtilsTestCase#testGetThrowableList_Throwable_selfCause
649,org.apache.commons.lang.exception.ExceptionUtilsTestCase#testGetThrowableList_Throwable_recursiveCause
650,org.apache.commons.lang.exception.ExceptionUtilsTestCase#testGetCause_ThrowableArray
651,org.apache.commons.lang.enums.EnumTest#testOperationGet
652,org.apache.commons.lang.enums.EnumTest#testName
653,org.apache.commons.lang.enums.EnumTest#testHashCode
654,org.apache.commons.lang.enums.EnumTest#testCompareTo
655,org.apache.commons.lang.enums.EnumEqualsTest#testEquals
656,org.apache.commons.lang.builder.HashCodeBuilderTest#testReflectionHierarchyHashCode
657,org.apache.commons.lang.builder.HashCodeBuilderTest#testReflectionHashCodeExcludeFields
658,org.apache.commons.lang.builder.EqualsBuilderTest#testReflectionHierarchyEquals
659,org.apache.commons.lang.builder.EqualsBuilderTest#testReflectionEqualsExcludeFields
660,org.apache.commons.lang.builder.EqualsBuilderTest#testMultiFloatArray
661,org.apache.commons.lang.builder.EqualsBuilderTest#testMultiDoubleArray
662,org.apache.commons.lang.builder.EqualsBuilderTest#testMultiBooleanArray
663,org.apache.commons.lang.builder.CompareToBuilderTest#testReflectionCompare
664,org.apache.commons.lang.builder.CompareToBuilderTest#testRaggedArray
665,org.apache.commons.lang.builder.CompareToBuilderTest#testMultiShortArray
666,org.apache.commons.lang.builder.CompareToBuilderTest#testMultiLongArray
667,org.apache.commons.lang.builder.CompareToBuilderTest#testMultiIntArray
668,org.apache.commons.lang.builder.CompareToBuilderTest#testMultiCharArray
669,org.apache.commons.lang.builder.CompareToBuilderTest#testMultiByteArray
670,org.apache.commons.lang.builder.CompareToBuilderTest#testMultiBooleanArray
671,org.apache.commons.lang.builder.CompareToBuilderTest#testMixedArray
672,org.apache.commons.lang.builder.CompareToBuilderTest#testFloatArrayHiddenByObject
673,org.apache.commons.lang.builder.CompareToBuilderTest#testDoubleArrayHiddenByObject
674,org.apache.commons.lang.SystemUtilsTest#testIS_OS
675,org.apache.commons.lang.StringUtilsTest#testRightPad_StringIntChar
676,org.apache.commons.lang.StringUtilsTest#testLeftPad_StringIntChar
677,org.apache.commons.lang.StringUtilsTest#testCenter_StringIntString
678,org.apache.commons.lang.RandomStringUtilsTest#testExceptions
679,org.apache.commons.lang.ObjectUtilsTest#testNull
680,org.apache.commons.lang.IntHashMapTest#testContainsValue
681,org.apache.commons.lang.IntHashMapTest#testContains
682,org.apache.commons.lang.ClassUtilsTest#testGetClassInvalidArguments
683,org.apache.commons.lang.BitFieldTest#testByte
684,org.apache.commons.lang.ArrayUtilsTest#testSubarrayShort
685,org.apache.commons.lang.ArrayUtilsTest#testSubarrayLong
686,org.apache.commons.lang.ArrayUtilsTest#testSubarrayInt
687,org.apache.commons.lang.ArrayUtilsTest#testSubarrayByte
688,org.apache.commons.lang.ArrayUtilsTest#testSubarrayBoolean
689,org.apache.commons.lang.ArrayUtilsTest#testSubarrChar
690,org.apache.commons.lang.ArrayUtilsTest#testHashCode
691,org.apache.commons.lang.ArrayUtilsRemoveTest#testRemoveElementShortArray
692,org.apache.commons.lang.ArrayUtilsRemoveTest#testRemoveElementObjectArray
693,org.apache.commons.lang.ArrayUtilsRemoveTest#testRemoveElementLongArray
694,org.apache.commons.lang.ArrayUtilsRemoveTest#testRemoveElementIntArray
695,org.apache.commons.lang.ArrayUtilsRemoveTest#testRemoveElementCharArray
696,org.apache.commons.lang.ArrayUtilsRemoveTest#testRemoveElementByteArray
697,org.apache.commons.lang.time.StopWatchTest#testStopWatchSuspend
698,org.apache.commons.lang.oldenum.EnumTest#testBroken3
699,org.apache.commons.lang.oldenum.EnumTest#testBroken2
700,org.apache.commons.lang.oldenum.EnumTest#testBroken1
701,org.apache.commons.lang.mutable.MutableShortTest#testPrimitiveValues
702,org.apache.commons.lang.mutable.MutableShortTest#testGetSet
703,org.apache.commons.lang.mutable.MutableLongTest#testGetSet
704,org.apache.commons.lang.mutable.MutableIntTest#testConstructors
705,org.apache.commons.lang.mutable.MutableFloatTest#testGetSet
706,org.apache.commons.lang.mutable.MutableDoubleTest#testGetSet
707,org.apache.commons.lang.mutable.MutableByteTest#testPrimitiveValues
708,org.apache.commons.lang.mutable.MutableByteTest#testGetSet
709,org.apache.commons.lang.math.RandomUtilsTest#testNextLong
710,org.apache.commons.lang.math.NumberRangeTest#testConstructor1
711,org.apache.commons.lang.math.LongRangeTest#testOverlapsRange
712,org.apache.commons.lang.math.LongRangeTest#testConstructor2a
713,org.apache.commons.lang.math.LongRangeTest#testConstructor1b
714,org.apache.commons.lang.math.LongRangeTest#testConstructor1a
715,org.apache.commons.lang.math.IntRangeTest#testOverlapsRange
716,org.apache.commons.lang.math.IntRangeTest#testConstructor2a
717,org.apache.commons.lang.math.IntRangeTest#testConstructor1b
718,org.apache.commons.lang.math.IntRangeTest#testConstructor1a
719,org.apache.commons.lang.math.FractionTest#testToString
720,org.apache.commons.lang.math.FractionTest#testReduce
721,org.apache.commons.lang.math.FractionTest#testGets
722,org.apache.commons.lang.math.FractionTest#testFactory_double
723,org.apache.commons.lang.math.FractionTest#testConversions
724,org.apache.commons.lang.math.FractionTest#testAbs
725,org.apache.commons.lang.math.FloatRangeTest#testOverlapsRange
726,org.apache.commons.lang.math.FloatRangeTest#testConstructor2a
727,org.apache.commons.lang.math.FloatRangeTest#testConstructor1b
728,org.apache.commons.lang.math.FloatRangeTest#testConstructor1a
729,org.apache.commons.lang.math.DoubleRangeTest#testOverlapsRange
730,org.apache.commons.lang.math.DoubleRangeTest#testConstructor2a
731,org.apache.commons.lang.math.DoubleRangeTest#testConstructor1b
732,org.apache.commons.lang.math.DoubleRangeTest#testConstructor1a
733,org.apache.commons.lang.exception.NestableRuntimeExceptionTestCase#testGetCause
734,org.apache.commons.lang.exception.NestableExceptionTestCase#testGetCause
735,org.apache.commons.lang.exception.NestableErrorTestCase#testGetCause
736,org.apache.commons.lang.exception.ExceptionUtilsTestCase#test_getMessage_Throwable
737,org.apache.commons.lang.enums.EnumTest#testBroken3
738,org.apache.commons.lang.enums.EnumTest#testBroken2
739,org.apache.commons.lang.enums.EnumTest#testBroken1
740,org.apache.commons.lang.builder.HashCodeBuilderTest#testReflectionHashCode
741,org.apache.commons.lang.builder.HashCodeBuilderTest#testDoubleArrayAsObject
742,org.apache.commons.lang.builder.HashCodeBuilderTest#testBooleanMultiArray
743,org.apache.commons.lang.builder.EqualsBuilderTest#testReflectionEquals
744,org.apache.commons.lang.builder.EqualsBuilderTest#testRaggedArray
745,org.apache.commons.lang.builder.EqualsBuilderTest#testMultiShortArray
746,org.apache.commons.lang.builder.EqualsBuilderTest#testMultiLongArray
747,org.apache.commons.lang.builder.EqualsBuilderTest#testMultiIntArray
748,org.apache.commons.lang.builder.EqualsBuilderTest#testMultiCharArray
749,org.apache.commons.lang.builder.EqualsBuilderTest#testMultiByteArray
750,org.apache.commons.lang.builder.EqualsBuilderTest#testMixedArray
751,org.apache.commons.lang.builder.EqualsBuilderTest#testFloatArrayHiddenByObject
752,org.apache.commons.lang.builder.EqualsBuilderTest#testFloatArray
753,org.apache.commons.lang.builder.EqualsBuilderTest#testDoubleArrayHiddenByObject
754,org.apache.commons.lang.builder.EqualsBuilderTest#testDoubleArray
755,org.apache.commons.lang.builder.CompareToBuilderTest#testShortArrayHiddenByObject
756,org.apache.commons.lang.builder.CompareToBuilderTest#testLongArrayHiddenByObject
757,org.apache.commons.lang.builder.CompareToBuilderTest#testIntArrayHiddenByObject
758,org.apache.commons.lang.builder.CompareToBuilderTest#testFloat
759,org.apache.commons.lang.builder.CompareToBuilderTest#testCharArrayHiddenByObject
760,org.apache.commons.lang.builder.CompareToBuilderTest#testByteArrayHiddenByObject
761,org.apache.commons.lang.builder.CompareToBuilderTest#testBooleanArrayHiddenByObject
762,org.apache.commons.lang.StringUtilsTrimEmptyTest#testStripAll
763,org.apache.commons.lang.StringUtilsTest#testReverseDelimitedString_StringString
764,org.apache.commons.lang.StringUtilsTest#testRepeat_StringInt
765,org.apache.commons.lang.StringUtilsTest#testDeprecatedChompFunctions
766,org.apache.commons.lang.StringUtilsTest#testCaseFunctions
767,org.apache.commons.lang.SerializationUtilsTest#testCloneUnserializable
768,org.apache.commons.lang.IntHashMapTest#testRemove
769,org.apache.commons.lang.IntHashMapTest#testIsEmpty
770,org.apache.commons.lang.IntHashMapTest#testContainsKey
771,org.apache.commons.lang.IntHashMapTest#testClear
772,org.apache.commons.lang.ClassUtilsTest#testWithInterleavingWhitespace
773,org.apache.commons.lang.ClassUtilsTest#testGetClassWithArrayClasses2D
774,org.apache.commons.lang.ClassUtilsTest#testGetClassWithArrayClasses
775,org.apache.commons.lang.ClassUtilsTest#testGetClassClassNotFound
776,org.apache.commons.lang.ClassUtilsTest#testGetClassByNormalNameArrays2D
777,org.apache.commons.lang.ClassUtilsTest#testGetClassByNormalNameArrays
778,org.apache.commons.lang.CharSetTest#testGetInstance
779,org.apache.commons.lang.CharRangeTest#testConstructorAccessors_CharChar_Same
780,org.apache.commons.lang.CharRangeTest#testConstructorAccessors_CharChar_Reversed
781,org.apache.commons.lang.CharRangeTest#testConstructorAccessors_CharChar_Normal
782,org.apache.commons.lang.CharRangeTest#testConstructorAccessors_CharBoolean_Normal
783,org.apache.commons.lang.CharRangeTest#testConstructorAccessors_CharBoolean_Negated
784,org.apache.commons.lang.CharRangeTest#testConstructorAccessors_Char
785,org.apache.commons.lang.BitFieldTest#testSetShortValue
786,org.apache.commons.lang.BitFieldTest#testSetShortBoolean
787,org.apache.commons.lang.time.StopWatchTest#testStopWatchSimple
788,org.apache.commons.lang.text.CompositeFormatTest#testCompositeFormat
789,org.apache.commons.lang.oldenum.EnumTest#testOperationCalculation
790,org.apache.commons.lang.mutable.MutableLongTest#testPrimitiveValues
791,org.apache.commons.lang.mutable.MutableIntTest#testPrimitiveValues
792,org.apache.commons.lang.mutable.MutableDoubleTest#testPrimitiveValues
793,org.apache.commons.lang.mutable.MutableBooleanTest#testGetSet
794,org.apache.commons.lang.math.RandomUtilsTest#testNextFloat
795,org.apache.commons.lang.math.RandomUtilsTest#testNextDouble
796,org.apache.commons.lang.math.RandomUtilsTest#testNextBoolean
797,org.apache.commons.lang.math.NumberRangeTest#testEquals
798,org.apache.commons.lang.math.NumberRangeTest#testConstructor2
799,org.apache.commons.lang.math.LongRangeTest#testEquals
800,org.apache.commons.lang.math.LongRangeTest#testContainsNumber
801,org.apache.commons.lang.math.LongRangeTest#testContainsLongBig
802,org.apache.commons.lang.math.LongRangeTest#testContainsLong
803,org.apache.commons.lang.math.LongRangeTest#testConstructor2b
804,org.apache.commons.lang.math.IntRangeTest#testEquals
805,org.apache.commons.lang.math.IntRangeTest#testContainsNumber
806,org.apache.commons.lang.math.IntRangeTest#testContainsIntegerBig
807,org.apache.commons.lang.math.IntRangeTest#testContainsInteger
808,org.apache.commons.lang.math.IntRangeTest#testConstructor2b
809,org.apache.commons.lang.math.FractionTest#testReducedFactory_int_int
810,org.apache.commons.lang.math.FractionTest#testNegate
811,org.apache.commons.lang.math.FractionTest#testInvert
812,org.apache.commons.lang.math.FractionTest#testHashCode
813,org.apache.commons.lang.math.FractionTest#testFactory_String_proper
814,org.apache.commons.lang.math.FractionTest#testFactory_String_improper
815,org.apache.commons.lang.math.FractionTest#testEquals
816,org.apache.commons.lang.math.FloatRangeTest#testEquals
817,org.apache.commons.lang.math.FloatRangeTest#testContainsNumber
818,org.apache.commons.lang.math.FloatRangeTest#testContainsFloat
819,org.apache.commons.lang.math.FloatRangeTest#testConstructor2b
820,org.apache.commons.lang.math.DoubleRangeTest#testEquals
821,org.apache.commons.lang.math.DoubleRangeTest#testContainsNumber
822,org.apache.commons.lang.math.DoubleRangeTest#testContainsDouble
823,org.apache.commons.lang.math.DoubleRangeTest#testConstructor2b
824,org.apache.commons.lang.exception.NestableRuntimeExceptionTestCase#testPrintPartialStackTrace
825,org.apache.commons.lang.exception.NestableExceptionTestCase#testPrintPartialStackTrace
826,org.apache.commons.lang.exception.NestableErrorTestCase#testPrintPartialStackTrace
827,org.apache.commons.lang.exception.NestableDelegateTestCase#testNestableDelegateGetMessage
828,org.apache.commons.lang.enums.EnumTest#testOperationCalculation
829,org.apache.commons.lang.builder.HashCodeBuilderTest#testShortArrayAsObject
830,org.apache.commons.lang.builder.HashCodeBuilderTest#testLongArrayAsObject
831,org.apache.commons.lang.builder.HashCodeBuilderTest#testIntArrayAsObject
832,org.apache.commons.lang.builder.HashCodeBuilderTest#testFloatArrayAsObject
833,org.apache.commons.lang.builder.HashCodeBuilderTest#testDoubleArray
834,org.apache.commons.lang.builder.HashCodeBuilderTest#testCharArrayAsObject
835,org.apache.commons.lang.builder.HashCodeBuilderTest#testByteArrayAsObject
836,org.apache.commons.lang.builder.HashCodeBuilderTest#testBooleanArrayAsObject
837,org.apache.commons.lang.builder.EqualsBuilderTest#testShortArrayHiddenByObject
838,org.apache.commons.lang.builder.EqualsBuilderTest#testShortArray
839,org.apache.commons.lang.builder.EqualsBuilderTest#testObjectArray
840,org.apache.commons.lang.builder.EqualsBuilderTest#testLongArrayHiddenByObject
841,org.apache.commons.lang.builder.EqualsBuilderTest#testLongArray
842,org.apache.commons.lang.builder.EqualsBuilderTest#testIntArrayHiddenByObject
843,org.apache.commons.lang.builder.EqualsBuilderTest#testIntArray
844,org.apache.commons.lang.builder.EqualsBuilderTest#testCharArrayHiddenByObject
845,org.apache.commons.lang.builder.EqualsBuilderTest#testCharArray
846,org.apache.commons.lang.builder.EqualsBuilderTest#testByteArrayHiddenByObject
847,org.apache.commons.lang.builder.EqualsBuilderTest#testByteArray
848,org.apache.commons.lang.builder.EqualsBuilderTest#testBooleanArrayHiddenByObject
849,org.apache.commons.lang.builder.EqualsBuilderTest#testBooleanArray
850,org.apache.commons.lang.builder.CompareToBuilderTest#testObjectArrayHiddenByObject
851,org.apache.commons.lang.builder.CompareToBuilderTest#testObjectArray
852,org.apache.commons.lang.builder.CompareToBuilderTest#testFloatArray
853,org.apache.commons.lang.builder.CompareToBuilderTest#testDoubleArray
854,org.apache.commons.lang.builder.CompareToBuilderTest#testAppendSuper
855,org.apache.commons.lang.UnhandledExceptionTest#testGetCauseAndGetMessage
856,org.apache.commons.lang.StringUtilsTrimEmptyTest#testStrip_String
857,org.apache.commons.lang.StringUtilsTrimEmptyTest#testStripToNull_String
858,org.apache.commons.lang.StringUtilsTrimEmptyTest#testStripToEmpty_String
859,org.apache.commons.lang.StringUtilsTest#testReverseDelimited_StringChar
860,org.apache.commons.lang.StringUtilsTest#testEscapeFunctions_String
861,org.apache.commons.lang.StringUtilsTest#testCenter_StringInt
862,org.apache.commons.lang.StringUtilsEqualsIndexOfTest#testContainsOnly_String
863,org.apache.commons.lang.StringEscapeUtilsTest#testEscapeJava
864,org.apache.commons.lang.SerializationUtilsTest#testSerializeIOException
865,org.apache.commons.lang.SerializationUtilsTest#testSerializeBytesUnserializable
866,org.apache.commons.lang.SerializationUtilsTest#testDeserializeStreamClassNotFound
867,org.apache.commons.lang.SerializationUtilsTest#testDeserializeBytesBadStream
868,org.apache.commons.lang.SerializationUtilsTest#testCloneNull
869,org.apache.commons.lang.SerializationUtilsTest#testClone
870,org.apache.commons.lang.IntHashMapTest#testPut
871,org.apache.commons.lang.CharRangeTest#testConstructorAccessors_CharCharBoolean_SameNegated
872,org.apache.commons.lang.CharRangeTest#testConstructorAccessors_CharCharBoolean_Same
873,org.apache.commons.lang.CharRangeTest#testConstructorAccessors_CharCharBoolean_ReversedNegated
874,org.apache.commons.lang.CharRangeTest#testConstructorAccessors_CharCharBoolean_Reversed
875,org.apache.commons.lang.CharRangeTest#testConstructorAccessors_CharCharBoolean_NormalNegated
876,org.apache.commons.lang.CharRangeTest#testConstructorAccessors_CharCharBoolean_Normal
877,org.apache.commons.lang.time.DateUtilsTest#testTruncate
878,org.apache.commons.lang.text.CompositeFormatTest#testUsage
879,org.apache.commons.lang.oldenum.EnumUtilsTest#testGetValueEx
880,org.apache.commons.lang.mutable.MutableShortTest#testIncrement
881,org.apache.commons.lang.mutable.MutableShortTest#testDecrement
882,org.apache.commons.lang.mutable.MutableShortTest#testConstructors
883,org.apache.commons.lang.mutable.MutableLongTest#testSubtractValuePrimitive
884,org.apache.commons.lang.mutable.MutableLongTest#testSubtractValueObject
885,org.apache.commons.lang.mutable.MutableLongTest#testIncrement
886,org.apache.commons.lang.mutable.MutableLongTest#testDecrement
887,org.apache.commons.lang.mutable.MutableLongTest#testConstructors
888,org.apache.commons.lang.mutable.MutableLongTest#testAddValuePrimitive
889,org.apache.commons.lang.mutable.MutableLongTest#testAddValueObject
890,org.apache.commons.lang.mutable.MutableIntTest#testSubtractValuePrimitive
891,org.apache.commons.lang.mutable.MutableIntTest#testSubtractValueObject
892,org.apache.commons.lang.mutable.MutableIntTest#testIncrement
893,org.apache.commons.lang.mutable.MutableIntTest#testDecrement
894,org.apache.commons.lang.mutable.MutableIntTest#testAddValuePrimitive
895,org.apache.commons.lang.mutable.MutableIntTest#testAddValueObject
896,org.apache.commons.lang.mutable.MutableFloatTest#testPrimitiveValues
897,org.apache.commons.lang.mutable.MutableFloatTest#testIncrement
898,org.apache.commons.lang.mutable.MutableFloatTest#testDecrement
899,org.apache.commons.lang.mutable.MutableFloatTest#testConstructors
900,org.apache.commons.lang.mutable.MutableDoubleTest#testIncrement
901,org.apache.commons.lang.mutable.MutableDoubleTest#testDecrement
902,org.apache.commons.lang.mutable.MutableDoubleTest#testConstructors
903,org.apache.commons.lang.mutable.MutableByteTest#testIncrement
904,org.apache.commons.lang.mutable.MutableByteTest#testDecrement
905,org.apache.commons.lang.mutable.MutableByteTest#testConstructors
906,org.apache.commons.lang.mutable.MutableBooleanTest#testConstructors
907,org.apache.commons.lang.math.RandomUtilsTest#testUnimplementedMethods
908,org.apache.commons.lang.math.RandomUtilsTest#testJvmRandomNextInt
909,org.apache.commons.lang.math.RandomUtilsTest#testIllegalArguments
910,org.apache.commons.lang.math.NumberRangeTest#testToString
911,org.apache.commons.lang.math.NumberRangeTest#testHashCode
912,org.apache.commons.lang.math.NumberRangeTest#testContainsNumber
913,org.apache.commons.lang.math.NumberRangeTest#testConstructor1Exceptions
914,org.apache.commons.lang.math.LongRangeTest#testToString
915,org.apache.commons.lang.math.LongRangeTest#testHashCode
916,org.apache.commons.lang.math.IntRangeTest#testToString
917,org.apache.commons.lang.math.IntRangeTest#testHashCode
918,org.apache.commons.lang.math.FractionTest#testFactory_int_int_int
919,org.apache.commons.lang.math.FractionTest#testFactory_int_int
920,org.apache.commons.lang.math.FractionTest#testCompareTo
921,org.apache.commons.lang.math.FloatRangeTest#testToString
922,org.apache.commons.lang.math.FloatRangeTest#testHashCode
923,org.apache.commons.lang.math.DoubleRangeTest#testToString
924,org.apache.commons.lang.math.DoubleRangeTest#testHashCode
925,org.apache.commons.lang.exception.NestableDelegateTestCase#testNestableDelegetePrintStackTrace
926,org.apache.commons.lang.exception.ExceptionUtilsTestCase#testPrintRootCauseStackTrace_Throwable
927,org.apache.commons.lang.exception.ExceptionUtilsTestCase#testGetThrowables_Throwable_null
928,org.apache.commons.lang.enums.EnumUtilsTest#testGetValueEx
929,org.apache.commons.lang.builder.HashCodeBuilderTest#testSuper
930,org.apache.commons.lang.builder.HashCodeBuilderTest#testShortArray
931,org.apache.commons.lang.builder.HashCodeBuilderTest#testObjectArrayAsObject
932,org.apache.commons.lang.builder.HashCodeBuilderTest#testObjectArray
933,org.apache.commons.lang.builder.HashCodeBuilderTest#testLongArray
934,org.apache.commons.lang.builder.HashCodeBuilderTest#testIntArray
935,org.apache.commons.lang.builder.HashCodeBuilderTest#testFloatArray
936,org.apache.commons.lang.builder.HashCodeBuilderTest#testDouble
937,org.apache.commons.lang.builder.HashCodeBuilderTest#testCharArray
938,org.apache.commons.lang.builder.HashCodeBuilderTest#testByteArray
939,org.apache.commons.lang.builder.HashCodeBuilderTest#testBooleanArray
940,org.apache.commons.lang.builder.EqualsBuilderTest#testUnrelatedClasses
941,org.apache.commons.lang.builder.EqualsBuilderTest#testSuper
942,org.apache.commons.lang.builder.EqualsBuilderTest#testObjectArrayHiddenByObject
943,org.apache.commons.lang.builder.EqualsBuilderTest#testObject
944,org.apache.commons.lang.builder.EqualsBuilderTest#testNpeForNullElement
945,org.apache.commons.lang.builder.EqualsBuilderTest#testFloat
946,org.apache.commons.lang.builder.EqualsBuilderTest#testDouble
947,org.apache.commons.lang.builder.CompareToBuilderTest#testShortArray
948,org.apache.commons.lang.builder.CompareToBuilderTest#testObject
949,org.apache.commons.lang.builder.CompareToBuilderTest#testLongArray
950,org.apache.commons.lang.builder.CompareToBuilderTest#testIntArray
951,org.apache.commons.lang.builder.CompareToBuilderTest#testDouble
952,org.apache.commons.lang.builder.CompareToBuilderTest#testCharArray
953,org.apache.commons.lang.builder.CompareToBuilderTest#testByteArray
954,org.apache.commons.lang.builder.CompareToBuilderTest#testBooleanArray
955,org.apache.commons.lang.WordUtilsTest#testCapitalizeFully_String
956,org.apache.commons.lang.UnhandledExceptionTest#testGetCause
957,org.apache.commons.lang.StringUtilsTrimEmptyTest#testStrip_StringString
958,org.apache.commons.lang.StringUtilsTest#testSplitByWholeString_StringStringBoolean
959,org.apache.commons.lang.StringUtilsTest#testRightPad_StringIntString
960,org.apache.commons.lang.StringUtilsTest#testLeftPad_StringIntString
961,org.apache.commons.lang.StringUtilsTest#testCenter_StringIntChar
962,org.apache.commons.lang.StringUtilsEqualsIndexOfTest#testIndexOfAny_StringString
963,org.apache.commons.lang.StringUtilsEqualsIndexOfTest#testContainsOnly_Chararray
964,org.apache.commons.lang.StringEscapeUtilsTest#testEscapeSql
965,org.apache.commons.lang.StringEscapeUtilsTest#testEscapeJavaScript
966,org.apache.commons.lang.SerializationUtilsTest#testSerializeStreamUnserializable
967,org.apache.commons.lang.SerializationUtilsTest#testDeserializeStreamBadStream
968,org.apache.commons.lang.RandomStringUtilsTest#testLang100
969,org.apache.commons.lang.NumberRangeTest#testOverlap
970,org.apache.commons.lang.NumberRangeTest#testConstructor
971,org.apache.commons.lang.NotImplementedExceptionTest#testConstructor_Throwable2
972,org.apache.commons.lang.NotImplementedExceptionTest#testConstructor_Throwable1
973,org.apache.commons.lang.NotImplementedExceptionTest#testConstructor_StringThrowable2
974,org.apache.commons.lang.NotImplementedExceptionTest#testConstructor_StringThrowable1
975,org.apache.commons.lang.NotImplementedExceptionTest#testConstructor_String2
976,org.apache.commons.lang.NotImplementedExceptionTest#testConstructor_String1
977,org.apache.commons.lang.NotImplementedExceptionTest#testConstructor_Class2
978,org.apache.commons.lang.NotImplementedExceptionTest#testConstructor_Class1
979,org.apache.commons.lang.NotImplementedExceptionTest#testConstructor_
980,org.apache.commons.lang.CharRangeTest#testHashCode
981,org.apache.commons.lang.CharRangeTest#testEquals_Object
982,org.apache.commons.lang.CharRangeTest#testContains_Charrange
983,org.apache.commons.lang.CharRangeTest#testContains_Char
984,org.apache.commons.lang.BitFieldTest#testSetValue
985,org.apache.commons.lang.BitFieldTest#testSetBoolean
986,org.apache.commons.lang.BitFieldTest#testGetShortValue
987,org.apache.commons.lang.ArrayUtilsTest#testContainsFloat
988,org.apache.commons.lang.ArrayUtilsTest#testContainsDouble
989,org.apache.commons.lang.ArrayUtilsTest#testContainsBoolean
990,org.apache.commons.lang.time.DateUtilsTest#testTruncateLang59
991,org.apache.commons.lang.time.DateUtilsTest#testIteratorEx
992,org.apache.commons.lang.oldenum.EnumUtilsTest#testMapEx
993,org.apache.commons.lang.oldenum.EnumUtilsTest#testListEx
994,org.apache.commons.lang.oldenum.EnumUtilsTest#testIteratorEx
995,org.apache.commons.lang.oldenum.EnumUtilsTest#testGetEx
996,org.apache.commons.lang.oldenum.EnumTest#testBroken5Operation
997,org.apache.commons.lang.oldenum.EnumTest#testBroken4Operation
998,org.apache.commons.lang.oldenum.EnumTest#testBroken3Operation
999,org.apache.commons.lang.oldenum.EnumTest#testBroken2Operation
1000,org.apache.commons.lang.oldenum.EnumTest#testBroken1Operation
1001,org.apache.commons.lang.mutable.MutableShortTest#testToShort
1002,org.apache.commons.lang.mutable.MutableShortTest#testSubtractValuePrimitive
1003,org.apache.commons.lang.mutable.MutableShortTest#testSubtractValueObject
1004,org.apache.commons.lang.mutable.MutableShortTest#testEquals
1005,org.apache.commons.lang.mutable.MutableShortTest#testAddValuePrimitive
1006,org.apache.commons.lang.mutable.MutableShortTest#testAddValueObject
1007,org.apache.commons.lang.mutable.MutableObjectTest#testGetSet
1008,org.apache.commons.lang.mutable.MutableObjectTest#testConstructors
1009,org.apache.commons.lang.mutable.MutableLongTest#testToLong
1010,org.apache.commons.lang.mutable.MutableLongTest#testEquals
1011,org.apache.commons.lang.mutable.MutableIntTest#testToInteger
1012,org.apache.commons.lang.mutable.MutableIntTest#testEquals
1013,org.apache.commons.lang.mutable.MutableFloatTest#testToFloat
1014,org.apache.commons.lang.mutable.MutableFloatTest#testSubtractValuePrimitive
1015,org.apache.commons.lang.mutable.MutableFloatTest#testSubtractValueObject
1016,org.apache.commons.lang.mutable.MutableFloatTest#testNanInfinite
1017,org.apache.commons.lang.mutable.MutableFloatTest#testCompareTo
1018,org.apache.commons.lang.mutable.MutableFloatTest#testAddValuePrimitive
1019,org.apache.commons.lang.mutable.MutableFloatTest#testAddValueObject
1020,org.apache.commons.lang.mutable.MutableDoubleTest#testToDouble
1021,org.apache.commons.lang.mutable.MutableDoubleTest#testSubtractValuePrimitive
1022,org.apache.commons.lang.mutable.MutableDoubleTest#testSubtractValueObject
1023,org.apache.commons.lang.mutable.MutableDoubleTest#testNanInfinite
1024,org.apache.commons.lang.mutable.MutableDoubleTest#testCompareTo
1025,org.apache.commons.lang.mutable.MutableDoubleTest#testAddValuePrimitive
1026,org.apache.commons.lang.mutable.MutableDoubleTest#testAddValueObject
1027,org.apache.commons.lang.mutable.MutableByteTest#testToByte
1028,org.apache.commons.lang.mutable.MutableByteTest#testSubtractValuePrimitive
1029,org.apache.commons.lang.mutable.MutableByteTest#testSubtractValueObject
1030,org.apache.commons.lang.mutable.MutableByteTest#testEquals
1031,org.apache.commons.lang.mutable.MutableByteTest#testAddValuePrimitive
1032,org.apache.commons.lang.mutable.MutableByteTest#testAddValueObject
1033,org.apache.commons.lang.mutable.MutableBooleanTest#testEquals
1034,org.apache.commons.lang.mutable.MutableBooleanTest#testCompareTo
1035,org.apache.commons.lang.math.RandomUtilsTest#testNextLong2
1036,org.apache.commons.lang.math.RandomUtilsTest#testNextInt2
1037,org.apache.commons.lang.math.RandomUtilsTest#testNextFloat2
1038,org.apache.commons.lang.math.RandomUtilsTest#testNextDouble2
1039,org.apache.commons.lang.math.RandomUtilsTest#testNextBoolean2
1040,org.apache.commons.lang.math.NumberUtilsTest#testStringToIntString
1041,org.apache.commons.lang.math.NumberRangeTest#testConstructor2Exceptions
1042,org.apache.commons.lang.math.FractionTest#testConstants
1043,org.apache.commons.lang.exception.ExceptionUtilsTestCase#testRemoveCommonFrames_ListList
1044,org.apache.commons.lang.exception.ExceptionUtilsTestCase#testGetThrowableList_Throwable_null
1045,org.apache.commons.lang.enums.EnumUtilsTest#testMapEx
1046,org.apache.commons.lang.enums.EnumUtilsTest#testListEx
1047,org.apache.commons.lang.enums.EnumUtilsTest#testIteratorEx
1048,org.apache.commons.lang.enums.EnumUtilsTest#testGetEx
1049,org.apache.commons.lang.enums.EnumTest#testBroken5Operation
1050,org.apache.commons.lang.enums.EnumTest#testBroken4Operation
1051,org.apache.commons.lang.enums.EnumTest#testBroken3Operation
1052,org.apache.commons.lang.enums.EnumTest#testBroken2Operation
1053,org.apache.commons.lang.enums.EnumTest#testBroken1Operation
1054,org.apache.commons.lang.builder.HashCodeBuilderTest#testShort
1055,org.apache.commons.lang.builder.HashCodeBuilderTest#testReflectionHierarchyHashCodeEx2
1056,org.apache.commons.lang.builder.HashCodeBuilderTest#testReflectionHierarchyHashCodeEx1
1057,org.apache.commons.lang.builder.HashCodeBuilderTest#testReflectionHashCodeEx2
1058,org.apache.commons.lang.builder.HashCodeBuilderTest#testReflectionHashCodeEx1
1059,org.apache.commons.lang.builder.HashCodeBuilderTest#testObject
1060,org.apache.commons.lang.builder.HashCodeBuilderTest#testLong
1061,org.apache.commons.lang.builder.HashCodeBuilderTest#testInt
1062,org.apache.commons.lang.builder.HashCodeBuilderTest#testFloat
1063,org.apache.commons.lang.builder.HashCodeBuilderTest#testChar
1064,org.apache.commons.lang.builder.HashCodeBuilderTest#testByte
1065,org.apache.commons.lang.builder.HashCodeBuilderTest#testBoolean
1066,org.apache.commons.lang.builder.EqualsBuilderTest#testShort
1067,org.apache.commons.lang.builder.EqualsBuilderTest#testLong
1068,org.apache.commons.lang.builder.EqualsBuilderTest#testInt
1069,org.apache.commons.lang.builder.EqualsBuilderTest#testChar
1070,org.apache.commons.lang.builder.EqualsBuilderTest#testByte
1071,org.apache.commons.lang.builder.EqualsBuilderTest#testBoolean
1072,org.apache.commons.lang.builder.EqualsBuilderTest#testAccessors
1073,org.apache.commons.lang.builder.CompareToBuilderTest#testShort
1074,org.apache.commons.lang.builder.CompareToBuilderTest#testObjectEx2
1075,org.apache.commons.lang.builder.CompareToBuilderTest#testObjectComparatorNull
1076,org.apache.commons.lang.builder.CompareToBuilderTest#testObjectComparator
1077,org.apache.commons.lang.builder.CompareToBuilderTest#testLong
1078,org.apache.commons.lang.builder.CompareToBuilderTest#testInt
1079,org.apache.commons.lang.builder.CompareToBuilderTest#testChar
1080,org.apache.commons.lang.builder.CompareToBuilderTest#testByte
1081,org.apache.commons.lang.builder.CompareToBuilderTest#testBoolean
1082,org.apache.commons.lang.WordUtilsTest#testUncapitalize_String
1083,org.apache.commons.lang.WordUtilsTest#testInitials_String
1084,org.apache.commons.lang.WordUtilsTest#testCapitalize_String
1085,org.apache.commons.lang.WordUtilsTest#testCapitalizeFullyWithDelimiters_String
1086,org.apache.commons.lang.ValidateTest#testAllElementsOfType
1087,org.apache.commons.lang.UnhandledExceptionTest#testConstructor_throwable_nullInput
1088,org.apache.commons.lang.UnhandledExceptionTest#testConstructor_stringAndThrowable_nullInput
1089,org.apache.commons.lang.StringUtilsTrimEmptyTest#testTrimToNull
1090,org.apache.commons.lang.StringUtilsTest#testSplit_StringString_StringStringInt
1091,org.apache.commons.lang.StringUtilsTest#testSplit_String
1092,org.apache.commons.lang.StringUtilsTest#testSplitPreserveAllTokens_StringString_StringStringInt
1093,org.apache.commons.lang.StringUtilsTest#testSplitByWholeString_StringStringBooleanInt
1094,org.apache.commons.lang.StringUtilsTest#testRightPad_StringInt
1095,org.apache.commons.lang.StringUtilsTest#testReplace_StringStringString
1096,org.apache.commons.lang.StringUtilsTest#testReplaceOnce_StringStringString
1097,org.apache.commons.lang.StringUtilsTest#testRemove_String
1098,org.apache.commons.lang.StringUtilsTest#testLeftPad_StringInt
1099,org.apache.commons.lang.StringUtilsTest#testChomp
1100,org.apache.commons.lang.StringUtilsEqualsIndexOfTest#testIndexOfAny_StringChararray
1101,org.apache.commons.lang.StringUtilsEqualsIndexOfTest#testIndexOfAnyBut_StringChararray
1102,org.apache.commons.lang.StringUtilsEqualsIndexOfTest#testContainsChar
1103,org.apache.commons.lang.ObjectUtilsTest#testIdentityToString
1104,org.apache.commons.lang.NumberRangeTest#testMaxMin
1105,org.apache.commons.lang.NumberRangeTest#testIncludesRange
1106,org.apache.commons.lang.NumberRangeTest#testConstructorWithMaxLessThanMin
1107,org.apache.commons.lang.LocaleUtilsTest#testIsAvailableLocale
1108,org.apache.commons.lang.IntHashMapTest#testConstructor
1109,org.apache.commons.lang.ClassUtilsTest#test_isAssignable_ClassArray_ClassArray
1110,org.apache.commons.lang.ClassUtilsTest#test_getShortClassName_Object
1111,org.apache.commons.lang.ClassUtilsTest#test_getPackageName_Object
1112,org.apache.commons.lang.ClassUtilsTest#testGetPublicMethod
1113,org.apache.commons.lang.ClassUtilsTest#testGetClassRawPrimitives
1114,org.apache.commons.lang.CharUtilsTest#testToIntValue_Character_int
1115,org.apache.commons.lang.CharUtilsTest#testToIntValue_Character
1116,org.apache.commons.lang.CharUtilsTest#testToCharacterObject_String
1117,org.apache.commons.lang.CharRangeTest#testContainsNullArg
1118,org.apache.commons.lang.BooleanUtilsTest#testXor_object_validInput_3items
1119,org.apache.commons.lang.BooleanUtilsTest#testXor_object_validInput_2items
1120,org.apache.commons.lang.BitFieldTest#testSetShort
1121,org.apache.commons.lang.BitFieldTest#testGetValue
1122,org.apache.commons.lang.BitFieldTest#testGetShortRawValue
1123,org.apache.commons.lang.BitFieldTest#testClearShort
1124,org.apache.commons.lang.ArrayUtilsTest#testSubarrayObject
1125,org.apache.commons.lang.ArrayUtilsTest#testLastIndexOfFloatWithStartIndex
1126,org.apache.commons.lang.ArrayUtilsTest#testLastIndexOfFloat
1127,org.apache.commons.lang.ArrayUtilsTest#testLastIndexOfDoubleWithStartIndex
1128,org.apache.commons.lang.ArrayUtilsTest#testLastIndexOfDoubleTolerance
1129,org.apache.commons.lang.ArrayUtilsTest#testLastIndexOfDouble
1130,org.apache.commons.lang.ArrayUtilsTest#testLastIndexOfBoolean
1131,org.apache.commons.lang.ArrayUtilsTest#testIndexOfFloat
1132,org.apache.commons.lang.ArrayUtilsTest#testIndexOfDoubleTolerance
1133,org.apache.commons.lang.ArrayUtilsTest#testIndexOfDouble
1134,org.apache.commons.lang.ArrayUtilsTest#testIndexOfBoolean
1135,org.apache.commons.lang.ArrayUtilsTest#testContainsShort
1136,org.apache.commons.lang.ArrayUtilsTest#testContainsLong
1137,org.apache.commons.lang.ArrayUtilsTest#testContainsInt
1138,org.apache.commons.lang.ArrayUtilsTest#testContainsDoubleTolerance
1139,org.apache.commons.lang.ArrayUtilsTest#testContainsChar
1140,org.apache.commons.lang.ArrayUtilsTest#testContainsByte
1141,org.apache.commons.lang.ArrayUtilsTest#testContains
1142,org.apache.commons.lang.ArrayUtilsRemoveTest#testRemoveShortArray
1143,org.apache.commons.lang.ArrayUtilsRemoveTest#testRemoveObjectArray
1144,org.apache.commons.lang.ArrayUtilsRemoveTest#testRemoveLongArray
1145,org.apache.commons.lang.ArrayUtilsRemoveTest#testRemoveIntArray
1146,org.apache.commons.lang.ArrayUtilsRemoveTest#testRemoveFloatArray
1147,org.apache.commons.lang.ArrayUtilsRemoveTest#testRemoveDoubleArray
1148,org.apache.commons.lang.ArrayUtilsRemoveTest#testRemoveCharArray
1149,org.apache.commons.lang.ArrayUtilsRemoveTest#testRemoveByteArray
1150,org.apache.commons.lang.ArrayUtilsRemoveTest#testRemoveBooleanArray
1151,org.apache.commons.lang.time.DateUtilsTest#testIsSameDay_Date
1152,org.apache.commons.lang.time.DateUtilsTest#testAddYears
1153,org.apache.commons.lang.time.DateUtilsTest#testAddWeeks
1154,org.apache.commons.lang.time.DateUtilsTest#testAddSeconds
1155,org.apache.commons.lang.time.DateUtilsTest#testAddMonths
1156,org.apache.commons.lang.time.DateUtilsTest#testAddMinutes
1157,org.apache.commons.lang.time.DateUtilsTest#testAddMilliseconds
1158,org.apache.commons.lang.time.DateUtilsTest#testAddHours
1159,org.apache.commons.lang.time.DateUtilsTest#testAddDays
1160,org.apache.commons.lang.mutable.MutableShortTest#testToString
1161,org.apache.commons.lang.mutable.MutableShortTest#testHashCode
1162,org.apache.commons.lang.mutable.MutableShortTest#testCompareTo
1163,org.apache.commons.lang.mutable.MutableObjectTest#testToString
1164,org.apache.commons.lang.mutable.MutableObjectTest#testHashCode
1165,org.apache.commons.lang.mutable.MutableObjectTest#testEquals
1166,org.apache.commons.lang.mutable.MutableLongTest#testToString
1167,org.apache.commons.lang.mutable.MutableLongTest#testHashCode
1168,org.apache.commons.lang.mutable.MutableLongTest#testCompareTo
1169,org.apache.commons.lang.mutable.MutableIntTest#testToString
1170,org.apache.commons.lang.mutable.MutableIntTest#testHashCode
1171,org.apache.commons.lang.mutable.MutableIntTest#testCompareTo
1172,org.apache.commons.lang.mutable.MutableFloatTest#testToString
1173,org.apache.commons.lang.mutable.MutableFloatTest#testHashCode
1174,org.apache.commons.lang.mutable.MutableFloatTest#testEquals
1175,org.apache.commons.lang.mutable.MutableDoubleTest#testToString
1176,org.apache.commons.lang.mutable.MutableDoubleTest#testHashCode
1177,org.apache.commons.lang.mutable.MutableDoubleTest#testEquals
1178,org.apache.commons.lang.mutable.MutableByteTest#testToString
1179,org.apache.commons.lang.mutable.MutableByteTest#testHashCode
1180,org.apache.commons.lang.mutable.MutableByteTest#testCompareTo
1181,org.apache.commons.lang.mutable.MutableBooleanTest#testToString
1182,org.apache.commons.lang.mutable.MutableBooleanTest#testHashCode
1183,org.apache.commons.lang.math.RangeTest#testToString
1184,org.apache.commons.lang.math.RangeTest#testHashCode
1185,org.apache.commons.lang.math.RangeTest#testEqualsObject
1186,org.apache.commons.lang.math.NumberUtilsTest#testToLongString
1187,org.apache.commons.lang.math.NumberUtilsTest#testToIntString
1188,org.apache.commons.lang.math.NumberUtilsTest#testToFloatString
1189,org.apache.commons.lang.math.NumberUtilsTest#testStringToIntStringI
1190,org.apache.commons.lang.math.NumberUtilsTest#testStringToDoubleString
1191,org.apache.commons.lang.math.NumberUtilsTest#testIsDigits
1192,org.apache.commons.lang.math.NumberUtilsTest#testCreateBigDecimal
1193,org.apache.commons.lang.math.FractionTest#testFactory_String
1194,org.apache.commons.lang.builder.HashCodeBuilderTest#testReflectionHashCodeEx3
1195,org.apache.commons.lang.builder.CompareToBuilderTest#testReflectionCompareEx2
1196,org.apache.commons.lang.builder.CompareToBuilderTest#testReflectionCompareEx1
1197,org.apache.commons.lang.WordUtilsTest#testUncapitalizeWithDelimiters_String
1198,org.apache.commons.lang.WordUtilsTest#testInitials_String_charArray
1199,org.apache.commons.lang.WordUtilsTest#testCapitalizeWithDelimiters_String
1200,org.apache.commons.lang.ValidateTest#testNoNullElementsCollection2
1201,org.apache.commons.lang.ValidateTest#testNoNullElementsCollection1
1202,org.apache.commons.lang.ValidateTest#testNoNullElementsArray2
1203,org.apache.commons.lang.ValidateTest#testNoNullElementsArray1
1204,org.apache.commons.lang.StringUtilsTrimEmptyTest#testIsNotEmpty
1205,org.apache.commons.lang.StringUtilsTrimEmptyTest#testIsNotBlank
1206,org.apache.commons.lang.StringUtilsTest#testSwapCase_String
1207,org.apache.commons.lang.StringUtilsTest#testSplit_StringChar
1208,org.apache.commons.lang.StringUtilsTest#testSplitPreserveAllTokens_StringChar
1209,org.apache.commons.lang.StringUtilsTest#testSplitPreserveAllTokens_String
1210,org.apache.commons.lang.StringUtilsTest#testReplace_StringStringStringInt
1211,org.apache.commons.lang.StringUtilsTest#testReplaceChars_StringStringString
1212,org.apache.commons.lang.StringUtilsTest#testRemove_char
1213,org.apache.commons.lang.StringUtilsTest#testRemoveStart
1214,org.apache.commons.lang.StringUtilsTest#testRemoveEnd
1215,org.apache.commons.lang.StringUtilsTest#testJoin_Objectarray
1216,org.apache.commons.lang.StringUtilsTest#testDifference_StringString
1217,org.apache.commons.lang.StringUtilsTest#testDeleteWhitespace_String
1218,org.apache.commons.lang.StringUtilsTest#testDefaultIfEmpty_StringString
1219,org.apache.commons.lang.StringUtilsTest#testConcatenate_Objectarray
1220,org.apache.commons.lang.StringUtilsTest#testAbbreviate_StringIntInt
1221,org.apache.commons.lang.StringUtilsTest#testAbbreviate_StringInt
1222,org.apache.commons.lang.StringUtilsSubstringTest#testSubstringBetween_StringString
1223,org.apache.commons.lang.StringUtilsSubstringTest#testSubstringBefore_StringString
1224,org.apache.commons.lang.StringUtilsSubstringTest#testSubstringBeforeLast_StringString
1225,org.apache.commons.lang.StringUtilsSubstringTest#testSubstringAfter_StringString
1226,org.apache.commons.lang.StringUtilsSubstringTest#testSubstringAfterLast_StringString
1227,org.apache.commons.lang.StringUtilsSubstringTest#testGetNestedString_StringStringString
1228,org.apache.commons.lang.StringUtilsSubstringTest#testGetNestedString_StringString
1229,org.apache.commons.lang.StringUtilsSubstringTest#testCountMatches_String
1230,org.apache.commons.lang.StringUtilsIsTest#testIsAsciiPrintable_String
1231,org.apache.commons.lang.StringUtilsEqualsIndexOfTest#testLastIndexOf_charInt
1232,org.apache.commons.lang.StringUtilsEqualsIndexOfTest#testLastIndexOf_char
1233,org.apache.commons.lang.StringUtilsEqualsIndexOfTest#testIndexOf_charInt
1234,org.apache.commons.lang.StringUtilsEqualsIndexOfTest#testIndexOf_char
1235,org.apache.commons.lang.StringUtilsEqualsIndexOfTest#testIndexOfAnyBut_StringString
1236,org.apache.commons.lang.StringUtilsEqualsIndexOfTest#testContainsNone_String
1237,org.apache.commons.lang.StringUtilsEqualsIndexOfTest#testContainsIgnoreCase_StringString
1238,org.apache.commons.lang.SerializationUtilsTest#testSerializeBytesNull
1239,org.apache.commons.lang.SerializationUtilsTest#testSerializeBytes
1240,org.apache.commons.lang.SerializationUtilsTest#testDeserializeBytesOfNull
1241,org.apache.commons.lang.SerializationUtilsTest#testDeserializeBytes
1242,org.apache.commons.lang.ObjectUtilsTest#testToString_ObjectString
1243,org.apache.commons.lang.ObjectUtilsTest#testToString_Object
1244,org.apache.commons.lang.ObjectUtilsTest#testIsNull
1245,org.apache.commons.lang.ObjectUtilsTest#testHashCode
1246,org.apache.commons.lang.ObjectUtilsTest#testEquals
1247,org.apache.commons.lang.ObjectUtilsTest#testConstructor
1248,org.apache.commons.lang.ObjectUtilsTest#testAppendIdentityToString
1249,org.apache.commons.lang.NumberUtilsTest#testStringToIntString
1250,org.apache.commons.lang.NumberUtilsTest#testIsNumberInvalidInput
1251,org.apache.commons.lang.NumberRangeTest#testToStringWithNegatives
1252,org.apache.commons.lang.NumberRangeTest#testToString
1253,org.apache.commons.lang.NumberRangeTest#testOverlapNull
1254,org.apache.commons.lang.NumberRangeTest#testIncludesRangeNull
1255,org.apache.commons.lang.NumberRangeTest#testIncludesNumberNull
1256,org.apache.commons.lang.NumberRangeTest#testIncludesNumber
1257,org.apache.commons.lang.NumberRangeTest#testHashCode
1258,org.apache.commons.lang.NumberRangeTest#testEqualsWithSameReference
1259,org.apache.commons.lang.NumberRangeTest#testEqualsWithOtherObject
1260,org.apache.commons.lang.NumberRangeTest#testEqualsNull
1261,org.apache.commons.lang.NumberRangeTest#testEquals
1262,org.apache.commons.lang.NumberRangeTest#testConstructorNullParameters
1263,org.apache.commons.lang.LocaleUtilsTest#testLocaleLookupList_LocaleLocale
1264,org.apache.commons.lang.LocaleUtilsTest#testLocaleLookupList_Locale
1265,org.apache.commons.lang.LocaleUtilsTest#testCountriesByLanguage
1266,org.apache.commons.lang.LocaleUtilsTest#testAvailableLocaleSet
1267,org.apache.commons.lang.IncompleteArgumentExceptionTest#test2arg_validInput
1268,org.apache.commons.lang.IncompleteArgumentExceptionTest#test2arg_nullString
1269,org.apache.commons.lang.IncompleteArgumentExceptionTest#test2arg_nullArray
1270,org.apache.commons.lang.IncompleteArgumentExceptionTest#test2arg_allNullInput
1271,org.apache.commons.lang.IllegalClassExceptionTest#testGetMessage_classObjectArgs_nullInput
1272,org.apache.commons.lang.IllegalClassExceptionTest#testGetMessage_classObjectArgs_normalInput
1273,org.apache.commons.lang.IllegalClassExceptionTest#testGetMessage_classArgs_nullInput
1274,org.apache.commons.lang.IllegalClassExceptionTest#testGetMessage_classArgs_normalInput
1275,org.apache.commons.lang.IllegalClassExceptionTest#testConstructor_classObjectArgs_nullExpected
1276,org.apache.commons.lang.IllegalClassExceptionTest#testConstructor_classObjectArgs_nullActual
1277,org.apache.commons.lang.IllegalClassExceptionTest#testConstructor_classObjectArgs_allNullInput
1278,org.apache.commons.lang.IllegalClassExceptionTest#testConstructor_classArgs_nullExpected
1279,org.apache.commons.lang.IllegalClassExceptionTest#testConstructor_classArgs_nullActual
1280,org.apache.commons.lang.IllegalClassExceptionTest#testConstructor_classArgs_allNullInput
1281,org.apache.commons.lang.ClassUtilsTest#test_getShortClassName_Class
1282,org.apache.commons.lang.ClassUtilsTest#test_getPackageName_Class
1283,org.apache.commons.lang.ClassUtilsTest#testPrimitivesToWrappers
1284,org.apache.commons.lang.CharUtilsTest#testToUnicodeEscaped_Character
1285,org.apache.commons.lang.CharUtilsTest#testToString_Character
1286,org.apache.commons.lang.CharUtilsTest#testToIntValue_char_int
1287,org.apache.commons.lang.CharUtilsTest#testToIntValue_char
1288,org.apache.commons.lang.CharUtilsTest#testToChar_String_char
1289,org.apache.commons.lang.CharUtilsTest#testToChar_String
1290,org.apache.commons.lang.CharUtilsTest#testIsAsciiPrintable_char
1291,org.apache.commons.lang.CharSetUtilsTest#testTranslateNullPointerException
1292,org.apache.commons.lang.CharSetUtilsTest#testTranslate
1293,org.apache.commons.lang.BooleanUtilsTest#test_toStringYesNo_boolean
1294,org.apache.commons.lang.BooleanUtilsTest#test_toStringYesNo_Boolean
1295,org.apache.commons.lang.BooleanUtilsTest#test_toStringTrueFalse_boolean
1296,org.apache.commons.lang.BooleanUtilsTest#test_toStringTrueFalse_Boolean
1297,org.apache.commons.lang.BooleanUtilsTest#test_toStringOnOff_boolean
1298,org.apache.commons.lang.BooleanUtilsTest#test_toStringOnOff_Boolean
1299,org.apache.commons.lang.BooleanUtilsTest#test_toBoolean_String_String_String
1300,org.apache.commons.lang.BooleanUtilsTest#testXor_object_nullElementInput
1301,org.apache.commons.lang.BitFieldTest#testSet
1302,org.apache.commons.lang.BitFieldTest#testIsSet
1303,org.apache.commons.lang.BitFieldTest#testIsAllSet
1304,org.apache.commons.lang.BitFieldTest#testGetRawValue
1305,org.apache.commons.lang.BitFieldTest#testClear
1306,org.apache.commons.lang.ArrayUtilsTest#testToPrimitive_int_int
1307,org.apache.commons.lang.ArrayUtilsTest#testToPrimitive_double
1308,org.apache.commons.lang.ArrayUtilsTest#testLastIndexOfShortWithStartIndex
1309,org.apache.commons.lang.ArrayUtilsTest#testLastIndexOfShort
1310,org.apache.commons.lang.ArrayUtilsTest#testLastIndexOfLong
1311,org.apache.commons.lang.ArrayUtilsTest#testLastIndexOfIntWithStartIndex
1312,org.apache.commons.lang.ArrayUtilsTest#testLastIndexOfInt
1313,org.apache.commons.lang.ArrayUtilsTest#testLastIndexOfDoubleWithStartIndexTolerance
1314,org.apache.commons.lang.ArrayUtilsTest#testLastIndexOfCharWithStartIndex
1315,org.apache.commons.lang.ArrayUtilsTest#testLastIndexOfChar
1316,org.apache.commons.lang.ArrayUtilsTest#testLastIndexOfByteWithStartIndex
1317,org.apache.commons.lang.ArrayUtilsTest#testLastIndexOfByte
1318,org.apache.commons.lang.ArrayUtilsTest#testLastIndexOfBooleanWithStartIndex
1319,org.apache.commons.lang.ArrayUtilsTest#testLastIndexOf
1320,org.apache.commons.lang.ArrayUtilsTest#testIndexOfShort
1321,org.apache.commons.lang.ArrayUtilsTest#testIndexOfLong
1322,org.apache.commons.lang.ArrayUtilsTest#testIndexOfInt
1323,org.apache.commons.lang.ArrayUtilsTest#testIndexOfFloatWithStartIndex
1324,org.apache.commons.lang.ArrayUtilsTest#testIndexOfDoubleWithStartIndexTolerance
1325,org.apache.commons.lang.ArrayUtilsTest#testIndexOfDoubleWithStartIndex
1326,org.apache.commons.lang.ArrayUtilsTest#testIndexOfChar
1327,org.apache.commons.lang.ArrayUtilsTest#testIndexOfByte
1328,org.apache.commons.lang.ArrayUtilsTest#testIndexOfBooleanWithStartIndex
1329,org.apache.commons.lang.ArrayUtilsTest#testIndexOf
1330,org.apache.commons.lang.ArrayUtilsAddTest#testAddObjectArrayShort
1331,org.apache.commons.lang.ArrayUtilsAddTest#testAddObjectArrayObject
1332,org.apache.commons.lang.ArrayUtilsAddTest#testAddObjectArrayLong
1333,org.apache.commons.lang.ArrayUtilsAddTest#testAddObjectArrayInt
1334,org.apache.commons.lang.ArrayUtilsAddTest#testAddObjectArrayFloat
1335,org.apache.commons.lang.ArrayUtilsAddTest#testAddObjectArrayDouble
1336,org.apache.commons.lang.ArrayUtilsAddTest#testAddObjectArrayChar
1337,org.apache.commons.lang.ArrayUtilsAddTest#testAddObjectArrayByte
1338,org.apache.commons.lang.ArrayUtilsAddTest#testAddObjectArrayBoolean
1339,org.apache.commons.lang.time.DurationFormatUtilsTest#testConstructor
1340,org.apache.commons.lang.time.DateUtilsTest#testParseDate
1341,org.apache.commons.lang.time.DateUtilsTest#testIsSameLocalTime_Cal
1342,org.apache.commons.lang.time.DateUtilsTest#testIsSameInstant_Date
1343,org.apache.commons.lang.time.DateUtilsTest#testIsSameInstant_Cal
1344,org.apache.commons.lang.time.DateUtilsTest#testIsSameDay_Cal
1345,org.apache.commons.lang.time.DateUtilsTest#testConstructor
1346,org.apache.commons.lang.time.DateUtilsTest#testAddByField
1347,org.apache.commons.lang.oldenum.EnumUtilsTest#testConstructor
1348,org.apache.commons.lang.math.NumberUtilsTest#testToLongStringL
1349,org.apache.commons.lang.math.NumberUtilsTest#testToIntStringI
1350,org.apache.commons.lang.math.NumberUtilsTest#testToFloatStringF
1351,org.apache.commons.lang.math.NumberUtilsTest#testStringToDoubleStringD
1352,org.apache.commons.lang.math.NumberUtilsTest#testMinimumShort
1353,org.apache.commons.lang.math.NumberUtilsTest#testMinimumLong
1354,org.apache.commons.lang.math.NumberUtilsTest#testMinimumInt
1355,org.apache.commons.lang.math.NumberUtilsTest#testMinimumFloat
1356,org.apache.commons.lang.math.NumberUtilsTest#testMinimumDouble
1357,org.apache.commons.lang.math.NumberUtilsTest#testMinimumByte
1358,org.apache.commons.lang.math.NumberUtilsTest#testMinShort
1359,org.apache.commons.lang.math.NumberUtilsTest#testMinLong
1360,org.apache.commons.lang.math.NumberUtilsTest#testMinInt
1361,org.apache.commons.lang.math.NumberUtilsTest#testMinFloat
1362,org.apache.commons.lang.math.NumberUtilsTest#testMinDouble
1363,org.apache.commons.lang.math.NumberUtilsTest#testMaximumShort
1364,org.apache.commons.lang.math.NumberUtilsTest#testMaximumLong
1365,org.apache.commons.lang.math.NumberUtilsTest#testMaximumInt
1366,org.apache.commons.lang.math.NumberUtilsTest#testMaximumFloat
1367,org.apache.commons.lang.math.NumberUtilsTest#testMaximumDouble
1368,org.apache.commons.lang.math.NumberUtilsTest#testMaximumByte
1369,org.apache.commons.lang.math.NumberUtilsTest#testMaxShort
1370,org.apache.commons.lang.math.NumberUtilsTest#testMaxLong
1371,org.apache.commons.lang.math.NumberUtilsTest#testMaxInt
1372,org.apache.commons.lang.math.NumberUtilsTest#testMaxFloat
1373,org.apache.commons.lang.math.NumberUtilsTest#testMaxDouble
1374,org.apache.commons.lang.math.NumberUtilsTest#testCreateLong
1375,org.apache.commons.lang.math.NumberUtilsTest#testCreateInteger
1376,org.apache.commons.lang.math.NumberUtilsTest#testCreateFloat
1377,org.apache.commons.lang.math.NumberUtilsTest#testCreateDouble
1378,org.apache.commons.lang.math.NumberUtilsTest#testCreateBigInteger
1379,org.apache.commons.lang.math.NumberUtilsTest#testConstructor
1380,org.apache.commons.lang.math.NumberUtilsTest#testCompareFloat
1381,org.apache.commons.lang.math.NumberUtilsTest#testCompareDouble
1382,org.apache.commons.lang.exception.NestableDelegateTestCase#testNestableDelegateConstructor
1383,org.apache.commons.lang.enums.EnumUtilsTest#testConstructor
1384,org.apache.commons.lang.builder.HashCodeBuilderTest#testConstructorEx2
1385,org.apache.commons.lang.builder.HashCodeBuilderTest#testConstructorEx1
1386,org.apache.commons.lang.WordUtilsTest#testSwapCase_String
1387,org.apache.commons.lang.WordUtilsTest#testConstructor
1388,org.apache.commons.lang.ValidateTest#testNotNull2
1389,org.apache.commons.lang.ValidateTest#testNotNull1
1390,org.apache.commons.lang.ValidateTest#testNotEmptyString2
1391,org.apache.commons.lang.ValidateTest#testNotEmptyString1
1392,org.apache.commons.lang.ValidateTest#testNotEmptyMap2
1393,org.apache.commons.lang.ValidateTest#testNotEmptyMap1
1394,org.apache.commons.lang.ValidateTest#testNotEmptyCollection2
1395,org.apache.commons.lang.ValidateTest#testNotEmptyCollection1
1396,org.apache.commons.lang.ValidateTest#testNotEmptyArray2
1397,org.apache.commons.lang.ValidateTest#testNotEmptyArray1
1398,org.apache.commons.lang.ValidateTest#testIsTrue5
1399,org.apache.commons.lang.ValidateTest#testIsTrue4
1400,org.apache.commons.lang.ValidateTest#testIsTrue3
1401,org.apache.commons.lang.ValidateTest#testIsTrue2
1402,org.apache.commons.lang.ValidateTest#testIsTrue1
1403,org.apache.commons.lang.ValidateTest#testConstructor
1404,org.apache.commons.lang.StringUtilsTrimEmptyTest#testTrimToEmpty
1405,org.apache.commons.lang.StringUtilsTrimEmptyTest#testTrim
1406,org.apache.commons.lang.StringUtilsTrimEmptyTest#testStripStart_StringString
1407,org.apache.commons.lang.StringUtilsTrimEmptyTest#testStripEnd_StringString
1408,org.apache.commons.lang.StringUtilsTrimEmptyTest#testIsEmpty
1409,org.apache.commons.lang.StringUtilsTrimEmptyTest#testIsBlank
1410,org.apache.commons.lang.StringUtilsTrimEmptyTest#testClean
1411,org.apache.commons.lang.StringUtilsTest#testReverse_String
1412,org.apache.commons.lang.StringUtilsTest#testReplaceChars_StringCharChar
1413,org.apache.commons.lang.StringUtilsTest#testOverlay_StringStringIntInt
1414,org.apache.commons.lang.StringUtilsTest#testOverlayString_StringStringIntInt
1415,org.apache.commons.lang.StringUtilsTest#testJoin_IteratorString
1416,org.apache.commons.lang.StringUtilsTest#testJoin_IteratorChar
1417,org.apache.commons.lang.StringUtilsTest#testJoin_ArrayString
1418,org.apache.commons.lang.StringUtilsTest#testJoin_ArrayChar
1419,org.apache.commons.lang.StringUtilsTest#testGetLevenshteinDistance_StringString
1420,org.apache.commons.lang.StringUtilsTest#testDifferenceAt_StringString
1421,org.apache.commons.lang.StringUtilsTest#testDefault_StringString
1422,org.apache.commons.lang.StringUtilsTest#testDefault_String
1423,org.apache.commons.lang.StringUtilsTest#testConstructor
1424,org.apache.commons.lang.StringUtilsTest#testChopNewLine
1425,org.apache.commons.lang.StringUtilsTest#testChop
1426,org.apache.commons.lang.StringUtilsSubstringTest#testSubstring_StringIntInt
1427,org.apache.commons.lang.StringUtilsSubstringTest#testSubstring_StringInt
1428,org.apache.commons.lang.StringUtilsSubstringTest#testSubstringBetween_StringStringString
1429,org.apache.commons.lang.StringUtilsSubstringTest#testRight_String
1430,org.apache.commons.lang.StringUtilsSubstringTest#testMid_String
1431,org.apache.commons.lang.StringUtilsSubstringTest#testLeft_String
1432,org.apache.commons.lang.StringUtilsIsTest#testIsWhitespace
1433,org.apache.commons.lang.StringUtilsIsTest#testIsNumericSpace
1434,org.apache.commons.lang.StringUtilsIsTest#testIsNumeric
1435,org.apache.commons.lang.StringUtilsIsTest#testIsAlphaspace
1436,org.apache.commons.lang.StringUtilsIsTest#testIsAlphanumericSpace
1437,org.apache.commons.lang.StringUtilsIsTest#testIsAlphanumeric
1438,org.apache.commons.lang.StringUtilsIsTest#testIsAlpha
1439,org.apache.commons.lang.StringUtilsEqualsIndexOfTest#testOrdinalIndexOf
1440,org.apache.commons.lang.StringUtilsEqualsIndexOfTest#testLastIndexOf_StringInt
1441,org.apache.commons.lang.StringUtilsEqualsIndexOfTest#testLastIndexOf_String
1442,org.apache.commons.lang.StringUtilsEqualsIndexOfTest#testLastIndexOfAny_StringStringarray
1443,org.apache.commons.lang.StringUtilsEqualsIndexOfTest#testIndexOf_StringInt
1444,org.apache.commons.lang.StringUtilsEqualsIndexOfTest#testIndexOf_String
1445,org.apache.commons.lang.StringUtilsEqualsIndexOfTest#testIndexOfAny_StringStringarray
1446,org.apache.commons.lang.StringUtilsEqualsIndexOfTest#testEqualsIgnoreCase
1447,org.apache.commons.lang.StringUtilsEqualsIndexOfTest#testEquals
1448,org.apache.commons.lang.StringUtilsEqualsIndexOfTest#testContainsString
1449,org.apache.commons.lang.StringUtilsEqualsIndexOfTest#testContainsNone_Chararray
1450,org.apache.commons.lang.StringEscapeUtilsTest#testConstructor
1451,org.apache.commons.lang.SerializationUtilsTest#testSerializeStreamObjNull
1452,org.apache.commons.lang.SerializationUtilsTest#testSerializeStreamNullObj
1453,org.apache.commons.lang.SerializationUtilsTest#testSerializeStreamNullNull
1454,org.apache.commons.lang.SerializationUtilsTest#testSerializeStream
1455,org.apache.commons.lang.SerializationUtilsTest#testDeserializeStreamOfNull
1456,org.apache.commons.lang.SerializationUtilsTest#testDeserializeStreamNull
1457,org.apache.commons.lang.SerializationUtilsTest#testDeserializeStream
1458,org.apache.commons.lang.SerializationUtilsTest#testDeserializeBytesNull
1459,org.apache.commons.lang.SerializationUtilsTest#testConstructor
1460,org.apache.commons.lang.RandomStringUtilsTest#testConstructor
1461,org.apache.commons.lang.NumberUtilsTest#testStringToIntStringI
1462,org.apache.commons.lang.NumberUtilsTest#testPublicNoArgConstructor
1463,org.apache.commons.lang.NumberUtilsTest#testMinimumLong
1464,org.apache.commons.lang.NumberUtilsTest#testMinimumInt
1465,org.apache.commons.lang.NumberUtilsTest#testMaximumLong
1466,org.apache.commons.lang.NumberUtilsTest#testMaximumInt
1467,org.apache.commons.lang.NumberUtilsTest#testIsDigits
1468,org.apache.commons.lang.NumberUtilsTest#testCreateLong
1469,org.apache.commons.lang.NumberUtilsTest#testCreateInteger
1470,org.apache.commons.lang.NumberUtilsTest#testCreateFloat
1471,org.apache.commons.lang.NumberUtilsTest#testCreateDouble
1472,org.apache.commons.lang.NumberUtilsTest#testCreateBigInteger
1473,org.apache.commons.lang.NumberUtilsTest#testCreateBigDecimal
1474,org.apache.commons.lang.NumberUtilsTest#testCompareFloat
1475,org.apache.commons.lang.NumberUtilsTest#testCompareDouble
1476,org.apache.commons.lang.NullArgumentExceptionTest#testGetMessage_validConstructorInput
1477,org.apache.commons.lang.NullArgumentExceptionTest#testGetMessage_nullConstructorInput
1478,org.apache.commons.lang.NullArgumentExceptionTest#testConstructor_nullInput
1479,org.apache.commons.lang.LocaleUtilsTest#testToLocale_2Part
1480,org.apache.commons.lang.LocaleUtilsTest#testToLocale_1Part
1481,org.apache.commons.lang.LocaleUtilsTest#testConstructor
1482,org.apache.commons.lang.LocaleUtilsTest#testAvailableLocaleList
1483,org.apache.commons.lang.IncompleteArgumentExceptionTest#test1arg_validInput
1484,org.apache.commons.lang.IncompleteArgumentExceptionTest#test1arg_nullInput
1485,org.apache.commons.lang.IllegalClassExceptionTest#testGetMessage_stringArg_validInput
1486,org.apache.commons.lang.IllegalClassExceptionTest#testGetMessage_stringArg_nullInput
1487,org.apache.commons.lang.IllegalClassExceptionTest#testConstructor_stringArg_nullInput
1488,org.apache.commons.lang.ClassUtilsTest#test_isInnerClass_Class
1489,org.apache.commons.lang.ClassUtilsTest#test_isAssignable_Widening
1490,org.apache.commons.lang.ClassUtilsTest#test_isAssignable
1491,org.apache.commons.lang.ClassUtilsTest#test_getShortClassName_String
1492,org.apache.commons.lang.ClassUtilsTest#test_getPackageName_String
1493,org.apache.commons.lang.ClassUtilsTest#test_getAllSuperclasses_Class
1494,org.apache.commons.lang.ClassUtilsTest#test_getAllInterfaces_Class
1495,org.apache.commons.lang.ClassUtilsTest#test_convertClassesToClassNames_List
1496,org.apache.commons.lang.ClassUtilsTest#test_convertClassNamesToClasses_List
1497,org.apache.commons.lang.ClassUtilsTest#testPrimitiveToWrapper
1498,org.apache.commons.lang.ClassUtilsTest#testConstructor
1499,org.apache.commons.lang.CharUtilsTest#testToUnicodeEscaped_char
1500,org.apache.commons.lang.CharUtilsTest#testToString_char
1501,org.apache.commons.lang.CharUtilsTest#testToCharacterObject_char
1502,org.apache.commons.lang.CharUtilsTest#testToChar_Character_char
1503,org.apache.commons.lang.CharUtilsTest#testToChar_Character
1504,org.apache.commons.lang.CharUtilsTest#testIsAscii_char
1505,org.apache.commons.lang.CharUtilsTest#testIsAsciiNumeric_char
1506,org.apache.commons.lang.CharUtilsTest#testIsAsciiControl_char
1507,org.apache.commons.lang.CharUtilsTest#testIsAsciiAlphanumeric_char
1508,org.apache.commons.lang.CharUtilsTest#testIsAsciiAlpha_char
1509,org.apache.commons.lang.CharUtilsTest#testIsAsciiAlphaUpper_char
1510,org.apache.commons.lang.CharUtilsTest#testIsAsciiAlphaLower_char
1511,org.apache.commons.lang.CharUtilsTest#testConstructor
1512,org.apache.commons.lang.CharSetUtilsTest#testConstructor
1513,org.apache.commons.lang.CharEncodingTest#testNotSupported
1514,org.apache.commons.lang.CharEncodingTest#testConstructor
1515,org.apache.commons.lang.BooleanUtilsTest#test_toString_boolean_String_String_String
1516,org.apache.commons.lang.BooleanUtilsTest#test_toString_Boolean_String_String_String
1517,org.apache.commons.lang.BooleanUtilsTest#test_toInteger_boolean_int_int
1518,org.apache.commons.lang.BooleanUtilsTest#test_toInteger_boolean
1519,org.apache.commons.lang.BooleanUtilsTest#test_toInteger_Boolean_int_int_int
1520,org.apache.commons.lang.BooleanUtilsTest#test_toIntegerObject_boolean_Integer_Integer
1521,org.apache.commons.lang.BooleanUtilsTest#test_toIntegerObject_boolean
1522,org.apache.commons.lang.BooleanUtilsTest#test_toIntegerObject_Boolean_Integer_Integer_Integer
1523,org.apache.commons.lang.BooleanUtilsTest#test_toIntegerObject_Boolean
1524,org.apache.commons.lang.BooleanUtilsTest#test_toBoolean_int_int_int
1525,org.apache.commons.lang.BooleanUtilsTest#test_toBoolean_int
1526,org.apache.commons.lang.BooleanUtilsTest#test_toBoolean_String
1527,org.apache.commons.lang.BooleanUtilsTest#test_toBoolean_Integer_Integer_Integer
1528,org.apache.commons.lang.BooleanUtilsTest#test_toBoolean_Boolean
1529,org.apache.commons.lang.BooleanUtilsTest#test_toBooleanObject_int_int_int
1530,org.apache.commons.lang.BooleanUtilsTest#test_toBooleanObject_int
1531,org.apache.commons.lang.BooleanUtilsTest#test_toBooleanObject_boolean
1532,org.apache.commons.lang.BooleanUtilsTest#test_toBooleanObject_String_String_String_String
1533,org.apache.commons.lang.BooleanUtilsTest#test_toBooleanObject_String
1534,org.apache.commons.lang.BooleanUtilsTest#test_toBooleanObject_Integer_Integer_Integer_Integer
1535,org.apache.commons.lang.BooleanUtilsTest#test_toBooleanObject_Integer
1536,org.apache.commons.lang.BooleanUtilsTest#test_toBooleanDefaultIfNull_Boolean_boolean
1537,org.apache.commons.lang.BooleanUtilsTest#test_negate_Boolean
1538,org.apache.commons.lang.BooleanUtilsTest#test_isTrue_Boolean
1539,org.apache.commons.lang.BooleanUtilsTest#test_isFalse_Boolean
1540,org.apache.commons.lang.BooleanUtilsTest#testXor_primitive_validInput_3items
1541,org.apache.commons.lang.BooleanUtilsTest#testXor_primitive_validInput_2items
1542,org.apache.commons.lang.BooleanUtilsTest#testXor_primitive_nullInput
1543,org.apache.commons.lang.BooleanUtilsTest#testXor_primitive_emptyInput
1544,org.apache.commons.lang.BooleanUtilsTest#testXor_object_nullInput
1545,org.apache.commons.lang.BooleanUtilsTest#testXor_object_emptyInput
1546,org.apache.commons.lang.BooleanUtilsTest#testConstructor
1547,org.apache.commons.lang.ArrayUtilsTest#testToPrimitive_short_short
1548,org.apache.commons.lang.ArrayUtilsTest#testToPrimitive_short
1549,org.apache.commons.lang.ArrayUtilsTest#testToPrimitive_long_long
1550,org.apache.commons.lang.ArrayUtilsTest#testToPrimitive_long
1551,org.apache.commons.lang.ArrayUtilsTest#testToPrimitive_intNull
1552,org.apache.commons.lang.ArrayUtilsTest#testToPrimitive_int
1553,org.apache.commons.lang.ArrayUtilsTest#testToPrimitive_float_float
1554,org.apache.commons.lang.ArrayUtilsTest#testToPrimitive_float
1555,org.apache.commons.lang.ArrayUtilsTest#testToPrimitive_double_double
1556,org.apache.commons.lang.ArrayUtilsTest#testToPrimitive_char_char
1557,org.apache.commons.lang.ArrayUtilsTest#testToPrimitive_char
1558,org.apache.commons.lang.ArrayUtilsTest#testToPrimitive_byte_byte
1559,org.apache.commons.lang.ArrayUtilsTest#testToPrimitive_byte
1560,org.apache.commons.lang.ArrayUtilsTest#testToPrimitive_boolean_boolean
1561,org.apache.commons.lang.ArrayUtilsTest#testToPrimitive_boolean
1562,org.apache.commons.lang.ArrayUtilsTest#testToObject_short
1563,org.apache.commons.lang.ArrayUtilsTest#testToObject_long
1564,org.apache.commons.lang.ArrayUtilsTest#testToObject_int
1565,org.apache.commons.lang.ArrayUtilsTest#testToObject_float
1566,org.apache.commons.lang.ArrayUtilsTest#testToObject_double
1567,org.apache.commons.lang.ArrayUtilsTest#testToObject_char
1568,org.apache.commons.lang.ArrayUtilsTest#testToObject_byte
1569,org.apache.commons.lang.ArrayUtilsTest#testToObject_boolean
1570,org.apache.commons.lang.ArrayUtilsTest#testToMap
1571,org.apache.commons.lang.ArrayUtilsTest#testSameType
1572,org.apache.commons.lang.ArrayUtilsTest#testSameLengthShort
1573,org.apache.commons.lang.ArrayUtilsTest#testSameLengthLong
1574,org.apache.commons.lang.ArrayUtilsTest#testSameLengthInt
1575,org.apache.commons.lang.ArrayUtilsTest#testSameLengthFloat
1576,org.apache.commons.lang.ArrayUtilsTest#testSameLengthDouble
1577,org.apache.commons.lang.ArrayUtilsTest#testSameLengthChar
1578,org.apache.commons.lang.ArrayUtilsTest#testSameLengthByte
1579,org.apache.commons.lang.ArrayUtilsTest#testSameLengthBoolean
1580,org.apache.commons.lang.ArrayUtilsTest#testSameLength
1581,org.apache.commons.lang.ArrayUtilsTest#testReverseShort
1582,org.apache.commons.lang.ArrayUtilsTest#testReverseLong
1583,org.apache.commons.lang.ArrayUtilsTest#testReverseInt
1584,org.apache.commons.lang.ArrayUtilsTest#testReverseFloat
1585,org.apache.commons.lang.ArrayUtilsTest#testReverseDouble
1586,org.apache.commons.lang.ArrayUtilsTest#testReverseChar
1587,org.apache.commons.lang.ArrayUtilsTest#testReverseByte
1588,org.apache.commons.lang.ArrayUtilsTest#testReverseBoolean
1589,org.apache.commons.lang.ArrayUtilsTest#testReverse
1590,org.apache.commons.lang.ArrayUtilsTest#testLastIndexOfWithStartIndex
1591,org.apache.commons.lang.ArrayUtilsTest#testLastIndexOfLongWithStartIndex
1592,org.apache.commons.lang.ArrayUtilsTest#testIsEmptyObject
1593,org.apache.commons.lang.ArrayUtilsTest#testIndexOfWithStartIndex
1594,org.apache.commons.lang.ArrayUtilsTest#testIndexOfShortWithStartIndex
1595,org.apache.commons.lang.ArrayUtilsTest#testIndexOfLongWithStartIndex
1596,org.apache.commons.lang.ArrayUtilsTest#testIndexOfIntWithStartIndex
1597,org.apache.commons.lang.ArrayUtilsTest#testIndexOfCharWithStartIndex
1598,org.apache.commons.lang.ArrayUtilsTest#testIndexOfByteWithStartIndex
1599,org.apache.commons.lang.ArrayUtilsTest#testGetLength
1600,org.apache.commons.lang.ArrayUtilsTest#testConstructor
1601,org.apache.commons.lang.ArrayUtilsTest#testCloneShort
1602,org.apache.commons.lang.ArrayUtilsTest#testCloneLong
1603,org.apache.commons.lang.ArrayUtilsTest#testCloneInt
1604,org.apache.commons.lang.ArrayUtilsTest#testCloneFloat
1605,org.apache.commons.lang.ArrayUtilsTest#testCloneDouble
1606,org.apache.commons.lang.ArrayUtilsTest#testCloneChar
1607,org.apache.commons.lang.ArrayUtilsTest#testCloneByte
1608,org.apache.commons.lang.ArrayUtilsTest#testCloneBoolean
1609,org.apache.commons.lang.ArrayUtilsTest#testClone
