rank,test,score
1,com.google.javascript.jscomp.CommandLineRunnerTest#testTypedAdvanced,2703.000000
2,com.google.javascript.jscomp.IntegrationTest#testGoogDefineClass3,2526.000000
3,com.google.javascript.jscomp.IntegrationTest#testGoogDefineClass1,2422.000000
4,com.google.javascript.jscomp.CommandLineRunnerTest#testInlineVariables,2308.000000
5,com.google.javascript.jscomp.CommandLineRunnerTest#testDebugFlag3,2270.000000
6,com.google.javascript.jscomp.IntegrationTest#testIssue730,2244.000000
7,com.google.javascript.jscomp.CommandLineRunnerTest#testGetMsgWiring,2220.000000
8,com.google.javascript.jscomp.CommandLineRunnerTest#testIssue504,2213.000000
9,com.google.javascript.jscomp.CommandLineRunnerTest#testForwardDeclareDroppedTypes,2201.000000
10,com.google.javascript.jscomp.IntegrationTest#testExpose,2088.000000
11,com.google.javascript.jscomp.IntegrationTest#testIssue724,2038.000000
12,com.google.javascript.jscomp.CommandLineRunnerTest#testIssue81,2002.000000
13,com.google.javascript.jscomp.IntegrationTest#testSingletonGetter1,1939.000000
14,com.google.javascript.jscomp.CommandLineRunnerTest#testIssue297,1801.000000
15,com.google.javascript.jscomp.SymbolTableTest#testSuperClassReference,1796.000000
16,com.google.javascript.jscomp.IntegrationTest#testIssue787,1739.000000
17,com.google.javascript.jscomp.CommandLineRunnerTest#testSyntheticExterns,1730.000000
18,com.google.javascript.jscomp.CommandLineRunnerTest#testTypeCheckOverride1,1728.000000
19,com.google.javascript.jscomp.IntegrationTest#testMemoizedTypedScopeCreator,1659.000000
20,com.google.javascript.jscomp.IntegrationTest#testIssue550,1634.000000
21,com.google.javascript.jscomp.IntegrationTest#testClosurePassPreservesJsDoc,1619.000000
22,com.google.javascript.jscomp.IntegrationTest#testIssue598,1619.000000
23,com.google.javascript.jscomp.IntegrationTest#testFoldLocals2,1580.000000
24,com.google.javascript.jscomp.IntegrationTest#testRenamePrefixNamespaceProtectSideEffects,1541.000000
25,com.google.javascript.jscomp.IntegrationTest#testBug2592659,1530.000000
26,com.google.javascript.jscomp.DisambiguatePropertiesTest#testClosureInherits,1522.000000
27,com.google.javascript.jscomp.PureFunctionIdentifierTest#testInheritance2,1509.000000
28,com.google.javascript.jscomp.RuntimeTypeCheckTest#testImplementedInterfaceOrderingGoogInherits,1461.000000
29,com.google.javascript.jscomp.CommandLineRunnerTest#testCheckUndefinedProperties1,1456.000000
30,com.google.javascript.jscomp.TightenTypesTest#testUntypedImplicitCallFromProperty,1430.000000
31,com.google.javascript.jscomp.ReplaceStringsTest#testThrowError4,1403.000000
32,com.google.javascript.jscomp.CompilerTest#testLocalUndefined,1367.000000
33,com.google.javascript.jscomp.AmbiguatePropertiesTest#testInline,1366.000000
34,com.google.javascript.jscomp.ExternExportsPassTest#testExportEnum,1358.000000
35,com.google.javascript.jscomp.DisambiguatePropertiesTest#testEnumOfObjects2,1341.000000
36,com.google.javascript.jscomp.TypedScopeCreatorTest#testTemplateType7c,1309.000000
37,com.google.javascript.jscomp.RemoveUnusedNamesTest#testAnalyzeUnusedPrototypeProperties3,1288.000000
38,com.google.javascript.jscomp.TypeCheckTest#testTypeInferenceWithNoEntry2,1279.000000
39,com.google.javascript.jscomp.CheckAccessControlsTest#testAccessOfStaticMethodOnPrivateQualifiedConstructor,1271.000000
40,com.google.javascript.jscomp.IntegrationTest#testBadBreakStatementInIdeMode,1241.000000
41,com.google.javascript.jscomp.IntegrationTest#testBrokenNameSpace,1231.000000
42,com.google.javascript.jscomp.TypeCheckFunctionCheckTest#testMethodCalls,1230.000000
43,com.google.javascript.jscomp.IntegrationTest#testAllChecksOn,1221.000000
44,com.google.javascript.jscomp.IntegrationTest#testBug1962380,1213.000000
45,com.google.javascript.jscomp.CheckMissingReturnTest#testReturnNotMissing,1168.000000
46,com.google.javascript.jscomp.TightenTypesTest#testObjectLiteralTraversal,1140.000000
47,com.google.javascript.jscomp.TypeCheckTest#testQualifiedNameInference8,1118.000000
48,com.google.javascript.jscomp.DisambiguatePropertiesTest#testObjectLiteralNotRenamed,1115.000000
49,com.google.javascript.jscomp.SymbolTableTest#testTypeCheckingOff,1114.000000
50,com.google.javascript.jscomp.IntegrationTest#testCoaleseVariables,1109.000000
51,com.google.javascript.jscomp.IntegrationTest#testCheckConstants2,1078.000000
52,com.google.javascript.jscomp.IntegrationTest#testFoldLocals5,1077.000000
53,com.google.javascript.jscomp.CodePrinterTest#testTypeAnnotationsMember,1056.000000
54,com.google.javascript.jscomp.CheckAccessControlsTest#testAutoboxedDeprecatedProperty,1052.000000
55,com.google.javascript.jscomp.IntegrationTest#testIssue90,1050.000000
56,com.google.javascript.jscomp.TypedScopeCreatorTest#testPrototypePropertyMethodWithoutAnnotation,1034.000000
57,com.google.javascript.jscomp.DisambiguatePropertiesTest#testErrorOnProtectedProperty,1007.000000
58,com.google.javascript.jscomp.InlineFunctionsTest#testBug4944818,1006.000000
59,com.google.javascript.jscomp.FlowSensitiveInlineVariablesTest#testInlineIfNameIsLeftSideOfAssign,990.000000
60,com.google.javascript.jscomp.IntegrationTest#testMarkPureCalls,981.000000
61,com.google.javascript.jscomp.RemoveUnusedVarsTest#testReflectedMethods,937.000000
62,com.google.javascript.jscomp.NameAnalyzerTest#testNoSideEffectAnnotation7,936.000000
63,com.google.javascript.jscomp.TypeInferenceTest#testRecordInference,929.000000
64,com.google.javascript.jscomp.PeepholeRemoveDeadCodeTest#testOptimizeSwitch,928.000000
65,com.google.javascript.jscomp.TypeCheckTest#testEnum9,921.000000
66,com.google.javascript.jscomp.SpecializeModuleTest#testSpecializeDevirtualizePrototypeMethodsWithInline,918.000000
67,com.google.javascript.jscomp.InlineVariablesTest#testIssue378EscapedArguments2,874.000000
68,com.google.javascript.jscomp.OptimizeCallsTest#testRemovingReturnCallToFunctionWithUnusedParams,850.000000
69,com.google.javascript.jscomp.CheckRequiresForConstructorsTest#testRequiresAreCaughtBeforeProcessed,847.000000
70,com.google.javascript.jscomp.CommandLineRunnerTest#testDependencySortingWhitespaceMode,831.000000
71,com.google.javascript.jscomp.IntegrationTest#testSortingOff,805.000000
72,com.google.javascript.jscomp.CommandLineRunnerTest#testCheckSymbolsOnForVerbose,797.000000
73,com.google.javascript.jscomp.ProcessDefinesTest#testReassignAfterNonGlobalRef,773.000000
74,com.google.javascript.jscomp.IntegrationTest#testRecoverOnBadExterns,763.000000
75,com.google.javascript.jscomp.jsonml.SecureCompilerTest#testCompilerInterface,741.000000
76,com.google.javascript.jscomp.IntegrationTest#testIncompleteFunction1,717.000000
77,com.google.javascript.jscomp.ProcessCommonJSModulesTest#testSortInputs,717.000000
78,com.google.debugging.sourcemap.SourceMapGeneratorV2Test#testGoldenOutput5,712.000000
79,com.google.javascript.jscomp.ExternExportsPassTest#testExportSymbolWithoutTypeCheck,706.000000
80,com.google.javascript.jscomp.FunctionInjectorTest#testInlineReferenceInExpression13,701.000000
81,com.google.javascript.jscomp.AliasExternalsTest#testPropMutatorNotPushedDeeper,675.000000
82,com.google.javascript.jscomp.InlineVariablesTest#testCrossFunctionsAsLeftLeaves,635.000000
83,com.google.javascript.jscomp.CompilerTest#testCommonJSMissingRequire,589.000000
84,com.google.javascript.jscomp.TypeCheckTest#testUndefinedNode,554.000000
85,com.google.javascript.jscomp.ExpressionDecomposerTest#testExposePlusEquals3,510.000000
86,com.google.javascript.jscomp.ClosureReverseAbstractInterpreterTest#testGoogIsFunction3,507.000000
87,com.google.javascript.jscomp.RecordFunctionInformationTest#testModule,488.000000
88,com.google.javascript.jscomp.parsing.ParserTest#testJSDocAttachment11,398.000000
89,com.google.javascript.jscomp.RhinoErrorReporterTest#testTrailingComma,288.000000
90,com.google.javascript.jscomp.IntegrationTest#testGoogDefineClass2,2380.000000
91,com.google.javascript.jscomp.CommandLineRunnerTest#testReflectedMethods,2277.000000
92,com.google.javascript.jscomp.CommandLineRunnerTest#testDebugFlag4,2249.000000
93,com.google.javascript.jscomp.CommandLineRunnerTest#testIssue115,2194.000000
94,com.google.javascript.jscomp.IntegrationTest#testNegativeZero,2131.000000
95,com.google.javascript.jscomp.CommandLineRunnerTest#testAdvancedModeRemovesUnusedParams,2003.000000
96,com.google.javascript.jscomp.CommandLineRunnerTest#testGoogAssertStripping,1983.000000
97,com.google.javascript.jscomp.IntegrationTest#testHiddenSideEffect,1821.000000
98,com.google.javascript.jscomp.SymbolTableTest#testFieldReferencesMissingTypeInfo,1737.000000
99,com.google.javascript.jscomp.CommandLineRunnerTest#testModuleJSON,1670.000000
100,com.google.javascript.jscomp.IntegrationTest#testFlowSensitiveInlineVariables2,1615.000000
101,com.google.javascript.jscomp.IntegrationTest#testIssue772,1524.000000
102,com.google.javascript.jscomp.IntegrationTest#testMissingReturn,1514.000000
103,com.google.javascript.jscomp.IntegrationTest#testCheckConstants1,1478.000000
104,com.google.javascript.jscomp.DisambiguatePropertiesTest#testInvalidatingInterface,1438.000000
105,com.google.javascript.jscomp.RuntimeTypeCheckTest#testQualifiedClass,1409.000000
106,com.google.javascript.jscomp.ReplaceStringsTest#testLoggerOnObject1,1366.000000
107,com.google.javascript.jscomp.AmbiguatePropertiesTest#testPredeclaredType,1365.000000
108,com.google.javascript.jscomp.ExternExportsPassTest#testExportDontEmitPrototypePathPrefix,1351.000000
109,com.google.javascript.jscomp.TightenTypesTest#testRestrictToInterfaceCast,1323.000000
110,com.google.javascript.jscomp.TypedScopeCreatorTest#testTemplateType7b,1307.000000
111,com.google.javascript.jscomp.DevirtualizePrototypeMethodsTest#testRewritePrototypeMethods2,1302.000000
112,com.google.javascript.jscomp.RemoveUnusedNamesTest#testStatement,1279.000000
113,com.google.javascript.jscomp.TypeCheckTest#testBug7701884,1246.000000
114,com.google.javascript.jscomp.LooseTypeCheckTest#testTypeOfReduction13,1237.000000
115,com.google.javascript.jscomp.DisambiguatePropertiesTest#testMismatchForbiddenInvalidation,1179.000000
116,com.google.javascript.jscomp.IntegrationTest#testStrictWarningsGuard,1175.000000
117,com.google.javascript.jscomp.TypedScopeCreatorTest#testTemplateType6,1144.000000
118,com.google.javascript.jscomp.CheckMissingReturnTest#testFinallyStatements,1138.000000
119,com.google.javascript.jscomp.TightenTypesTest#testCallSlot,1111.000000
120,com.google.javascript.jscomp.IntegrationTest#testProvidedNamespaceIsConst2,1107.000000
121,com.google.javascript.jscomp.IntegrationTest#testIssue378,1080.000000
122,com.google.javascript.jscomp.CheckAccessControlsTest#testAutoboxedPrivateProperty,1035.000000
123,com.google.javascript.jscomp.LooseTypeCheckTest#testStubConstructorImplementingInterface,997.000000
124,com.google.javascript.jscomp.InlineFunctionsTest#testIssue5159924a,984.000000
125,com.google.javascript.jscomp.IntegrationTest#testDevirtualizationAndExtractPrototypeMemberDeclarations,978.000000
126,com.google.javascript.jscomp.CodePrinterTest#testEnumAnnotation2,971.000000
127,com.google.javascript.jscomp.IntegrationTest#testLateStatementFusion,962.000000
128,com.google.javascript.jscomp.FlowSensitiveInlineVariablesTest#testDoNotInlineCatchExpression2,960.000000
129,com.google.javascript.jscomp.CollapsePropertiesTest#testAliasedTopLevelEnum,920.000000
130,com.google.javascript.jscomp.PeepholeRemoveDeadCodeTest#testFoldBlock,912.000000
131,com.google.javascript.jscomp.NameAnalyzerTest#testUnhandledTopNode,907.000000
132,com.google.javascript.jscomp.TypedScopeCreatorTest#testDeclaredCatchExpression2,861.000000
133,com.google.javascript.jscomp.TypeCheckTest#testMissingProperty29,858.000000
134,com.google.javascript.jscomp.TypeCheckTest#testGetTypedPercent3,852.000000
135,com.google.javascript.jscomp.CoalesceVariableNamesTest#testLoopInductionVar,829.000000
136,com.google.javascript.jscomp.OptimizeCallsTest#testUnusedAssignOnFunctionWithUnusedParams,819.000000
137,com.google.javascript.jscomp.CommandLineRunnerTest#testSourceSortingCircularDeps1,765.000000
138,com.google.javascript.jscomp.ProcessDefinesTest#testNamespacedDefine2c,762.000000
139,com.google.javascript.jscomp.RenamePropertiesTest#testModules,740.000000
140,com.google.javascript.jscomp.InlineFunctionsTest#testCrossModuleInlining2,698.000000
141,com.google.javascript.jscomp.ExternExportsPassTest#testExportSymbolWithConstructorWithoutTypeCheck,668.000000
142,com.google.debugging.sourcemap.SourceMapGeneratorV3Test#testMultilineMapping2,641.000000
143,com.google.javascript.jscomp.CommandLineRunnerTest#testIssue601,633.000000
144,com.google.javascript.jscomp.AliasExternalsTest#testPropAccessorPushedDeeper3,632.000000
145,com.google.javascript.jscomp.IntegrationTest#testCheckReferencesOn,611.000000
146,com.google.javascript.jscomp.CheckGlobalNamesTest#testBadModuleDep2,607.000000
147,com.google.javascript.jscomp.LooseTypeCheckTest#testName2,553.000000
148,com.google.javascript.jscomp.FunctionToBlockMutatorTest#testMutateWithMultipleReturns,537.000000
149,com.google.javascript.jscomp.CompilerTest#testCyclicalDependencyInInputs,504.000000
150,com.google.javascript.jscomp.ReplaceCssNamesTest#testNoSymbolMapStripsCallAndDoesntIssueWarnings,489.000000
151,com.google.javascript.jscomp.RecordFunctionInformationTest#testMotionPreservesOriginalSourceName,453.000000
152,com.google.javascript.jscomp.MustBeReachingVariableDefTest#testLoops,415.000000
153,com.google.javascript.rhino.jstype.JSTypeTest#testSymmetryOfTestForEquality,389.000000
154,com.google.javascript.jscomp.CommandLineRunnerTest#testNoSrCFilesWithManifest,169.000000
155,com.google.javascript.jscomp.IntegrationTest#testInlineProperties,2396.000000
156,com.google.javascript.jscomp.CommandLineRunnerTest#testTypeCheckOverride2,2151.000000
157,com.google.javascript.jscomp.IntegrationTest#testNamelessParameter,2134.000000
158,com.google.javascript.jscomp.CommandLineRunnerTest#testIssue601b,2058.000000
159,com.google.javascript.jscomp.CommandLineRunnerTest#testCheckGlobalThisOnWithAdvancedMode,1897.000000
160,com.google.javascript.jscomp.SymbolTableTest#testGoogRequireReferences,1747.000000
161,com.google.javascript.jscomp.CommandLineRunnerTest#testSourceMapExpansion3,1621.000000
162,com.google.javascript.jscomp.IntegrationTest#testInferTypes,1542.000000
163,com.google.javascript.jscomp.IntegrationTest#testInlineGettersWithAmbiguate,1510.000000
164,com.google.javascript.jscomp.PureFunctionIdentifierTest#testLocalizedSideEffects2,1407.000000
165,com.google.javascript.jscomp.DisambiguatePropertiesTest#testEnum,1387.000000
166,com.google.javascript.jscomp.TightenTypesTest#testSheqDiscovery,1380.000000
167,com.google.javascript.jscomp.ReplaceStringsTest#testLoggerOnObject3b,1365.000000
168,com.google.javascript.jscomp.ExternExportsPassTest#testTypedef,1336.000000
169,com.google.javascript.jscomp.TypedScopeCreatorTest#testTemplateType7,1307.000000
170,com.google.javascript.jscomp.RemoveUnusedNamesTest#testAnalyzeUnusedPrototypeProperties,1285.000000
171,com.google.javascript.jscomp.RuntimeTypeCheckTest#testReturn,1265.000000
172,com.google.javascript.jscomp.DisambiguatePropertiesTest#testSkipNativeFunctionMethod,1263.000000
173,com.google.javascript.jscomp.InlinePropertiesTest#testNonConstClassProp1,1261.000000
174,com.google.javascript.jscomp.TypeCheckTest#testBackwardsInferenceGoogArrayFilter1,1227.000000
175,com.google.javascript.jscomp.LooseTypeCheckTest#testEnum39,1190.000000
176,com.google.javascript.jscomp.InferJSDocInfoTest#testStructuralFunctions,1166.000000
177,com.google.javascript.jscomp.CheckMissingReturnTest#testIssue779,1161.000000
178,com.google.javascript.jscomp.LooseTypeCheckTest#testMissingProperty27,1066.000000
179,com.google.javascript.jscomp.TightenTypesTest#testScopeDiscovery,1064.000000
180,com.google.javascript.jscomp.IntegrationTest#testRegExp2,1063.000000
181,com.google.javascript.jscomp.IntegrationTest#testDependencySorting,1018.000000
182,com.google.javascript.jscomp.CodePrinterTest#testTypeAnnotationsTypeDef,1004.000000
183,com.google.javascript.jscomp.InlineFunctionsTest#testInlineFunctions28,982.000000
184,com.google.javascript.jscomp.IntegrationTest#testDeadAssignmentsElimination,982.000000
185,com.google.javascript.jscomp.FlowSensitiveInlineVariablesTest#testInlineConstructorCallsIntoLoop,977.000000
186,com.google.javascript.jscomp.IntegrationTest#testInlineVariables,964.000000
187,com.google.javascript.jscomp.PeepholeFoldWithTypesTest#testFoldTypeofNumber,914.000000
188,com.google.javascript.jscomp.NameAnalyzerTest#testGetElem1,896.000000
189,com.google.javascript.jscomp.SpecializeModuleTest#testSpecializeDevirtualizePrototypeMethods,894.000000
190,com.google.javascript.jscomp.PeepholeRemoveDeadCodeTest#testConstantConditionWithSideEffect2,878.000000
191,com.google.javascript.jscomp.CheckGlobalNamesTest#testGoogInheritsAlias2,836.000000
192,com.google.javascript.jscomp.AliasExternalsTest#testParentChild,827.000000
193,com.google.javascript.jscomp.LooseTypeCheckTest#testVar12,825.000000
194,com.google.javascript.jscomp.OptimizeCallsTest#testNestingFunctionCallWithUnsedParams,811.000000
195,com.google.javascript.jscomp.TypeInferenceTest#testEnumRAI3,811.000000
196,com.google.javascript.jscomp.CommandLineRunnerTest#testSourcePruningOn5,766.000000
197,com.google.javascript.jscomp.ProcessDefinesTest#testReassignAfterCall,719.000000
198,com.google.javascript.jscomp.FunctionInjectorTest#testInlineReferenceInExpression15,689.000000
199,com.google.debugging.sourcemap.SourceMapGeneratorV1Test#testMultilineMapping,632.000000
200,com.google.javascript.jscomp.CrossModuleMethodMotionTest#testMovePrototypeMethod2,627.000000
201,com.google.javascript.jscomp.AliasExternalsTest#testGlobalAliasNotPushedDeeper,626.000000
202,com.google.javascript.jscomp.IntegrationTest#testCssNameCheck,577.000000
203,com.google.javascript.jscomp.CompilerTest#testCommonJSProvidesAndRequire,568.000000
204,com.google.javascript.jscomp.TypeCheckTest#testName3,550.000000
205,com.google.javascript.jscomp.IntegrationTest#testIssue63SourceMap,525.000000
206,com.google.javascript.jscomp.RecordFunctionInformationTest#testFunction,466.000000
207,com.google.javascript.jscomp.JsMessageExtractorTest#testMeaningAnnotation,435.000000
208,com.google.javascript.rhino.jstype.JSTypeTest#testArrayType,381.000000
209,com.google.javascript.jscomp.TypeCheckTest#testInitialTypingScope,348.000000
210,com.google.javascript.jscomp.GatherSideEffectSubexpressionsCallbackTest#testAndOr,202.000000
211,com.google.javascript.jscomp.CommandLineRunnerTest#testMissingReturnCheckOnWithVerbose,2126.000000
212,com.google.javascript.jscomp.CommandLineRunnerTest#testIssue601c,2058.000000
213,com.google.javascript.jscomp.CommandLineRunnerTest#testIssue846,1971.000000
214,com.google.javascript.jscomp.SymbolTableTest#testGlobalRichObjectReference,1775.000000
215,com.google.javascript.jscomp.CommandLineRunnerTest#testTypeParsingOffByDefault,1657.000000
216,com.google.javascript.jscomp.DisambiguatePropertiesTest#testIgnoreUnknownType2,1500.000000
217,com.google.javascript.jscomp.IntegrationTest#testConstructorCycle,1448.000000
218,com.google.javascript.jscomp.PureFunctionIdentifierTest#testSharedFunctionName1,1390.000000
219,com.google.javascript.jscomp.TightenTypesTest#testCatchStatement,1329.000000
220,com.google.javascript.jscomp.ReplaceStringsTest#testThrowError1,1320.000000
221,com.google.javascript.jscomp.TypeCheckTest#testGoodExtends15,1245.000000
222,com.google.javascript.jscomp.DisambiguatePropertiesTest#testUnionAndExternTypes,1235.000000
223,com.google.javascript.jscomp.ExternExportsPassTest#testExportMultiple2,1233.000000
224,com.google.javascript.jscomp.RuntimeTypeCheckTest#testFunctionType,1230.000000
225,com.google.javascript.jscomp.TypeCheckTest#testTypeOfReduction8,1215.000000
226,com.google.javascript.jscomp.AmbiguatePropertiesTest#testPrototypePropertiesAsObjLitKeys2,1212.000000
227,com.google.javascript.jscomp.CheckMissingReturnTest#testMissingReturn,1114.000000
228,com.google.javascript.jscomp.IntegrationTest#testExportedNames,1102.000000
229,com.google.javascript.jscomp.TypedScopeCreatorTest#testNamespacedEnum,1099.000000
230,com.google.javascript.jscomp.TypeCheckTest#testGoogBind1,1062.000000
231,com.google.javascript.jscomp.IntegrationTest#testFlowSensitiveInlineVariables1,1025.000000
232,com.google.javascript.jscomp.CodePrinterTest#testTypeAnnotationsImplements,1003.000000
233,com.google.javascript.jscomp.InlineFunctionsTest#testIssue423,984.000000
234,com.google.javascript.jscomp.IntegrationTest#testIssue284,936.000000
235,com.google.javascript.jscomp.IntegrationTest#testJQueryStringSplitLoops,927.000000
236,com.google.javascript.jscomp.NameAnalyzerTest#testIssue284,915.000000
237,com.google.javascript.jscomp.TypeInferenceTest#testCast2,915.000000
238,com.google.javascript.jscomp.CollapsePropertiesTest#testLocalAlias6,912.000000
239,com.google.javascript.jscomp.PeepholeRemoveDeadCodeTest#testFoldUselessDo,885.000000
240,com.google.javascript.jscomp.FlowSensitiveInlineVariablesTest#testInvalidInlineArguments2,884.000000
241,com.google.javascript.jscomp.TypedScopeCreatorTest#testForLoopIntegration,855.000000
242,com.google.javascript.jscomp.SpecializeModuleTest#testSpecializeCascadedInline,845.000000
243,com.google.javascript.jscomp.TypeCheckTest#testGetTypedPercent5,841.000000
244,com.google.javascript.jscomp.CommandLineRunnerTest#testCheckSymbolsOverrideForQuiet,778.000000
245,com.google.javascript.jscomp.PeepholeIntegrationTest#testFoldOneChildBlocksIntegration,771.000000
246,com.google.javascript.jscomp.CommandLineRunnerTest#testSourceSortingCircularDeps2,765.000000
247,com.google.javascript.jscomp.ProcessDefinesTest#testSimpleReassign2,763.000000
248,com.google.javascript.jscomp.FunctionInjectorTest#testInlineIntoLoop,669.000000
249,com.google.debugging.sourcemap.SourceMapGeneratorV3Test#testParseSourceMetaMap,635.000000
250,com.google.javascript.jscomp.AliasExternalsTest#testPropAccessorPushedDeeper1,624.000000
251,com.google.javascript.jscomp.IntegrationTest#testCheckGlobalThisOn,562.000000
252,com.google.javascript.jscomp.TypeCheckTest#testStringNode,524.000000
253,com.google.javascript.jscomp.DevirtualizePrototypeMethodsTest#testRewriteDefinitionBeforeUse,513.000000
254,com.google.javascript.jscomp.CodePrinterTest#testParsePrintParse,431.000000
255,com.google.javascript.jscomp.parsing.ParserTest#testIncorrectJSDocDoesNotAlterJSParsing5,373.000000
256,com.google.javascript.jscomp.SemanticReverseAbstractInterpreterTest#testEqCondition3,345.000000
257,com.google.javascript.jscomp.JSModuleGraphTest#testManageDependencies2,186.000000
258,com.google.javascript.jscomp.CommandLineRunnerTest#testDepreciationWithVerbose,2110.000000
259,com.google.javascript.jscomp.CommandLineRunnerTest#testHiddenSideEffect,1956.000000
260,com.google.javascript.jscomp.SymbolTableTest#testInnerEnum,1721.000000
261,com.google.javascript.jscomp.CommandLineRunnerTest#testFunctionStrictModeNoWarning,1680.000000
262,com.google.javascript.jscomp.IntegrationTest#testDisambiguateProperties,1465.000000
263,com.google.javascript.jscomp.DisambiguatePropertiesTest#testCast,1377.000000
264,com.google.javascript.jscomp.TightenTypesTest#testImplicitPropCall,1361.000000
265,com.google.javascript.jscomp.ReplaceStringsTest#testLoggerOnObject2,1359.000000
266,com.google.javascript.jscomp.ExternExportsPassTest#testUseExportsAsExterns,1336.000000
267,com.google.javascript.jscomp.DisambiguatePropertiesTest#testCustomInherits,1295.000000
268,com.google.javascript.jscomp.AmbiguatePropertiesTest#testStaticAndSubInstanceProperties,1291.000000
269,com.google.javascript.jscomp.RuntimeTypeCheckTest#testInnerClasses,1268.000000
270,com.google.javascript.jscomp.PureFunctionIdentifierTest#testAnnotationInExternStubs4,1224.000000
271,com.google.javascript.jscomp.TypeCheckTest#testTypeOfReduction16,1200.000000
272,com.google.javascript.jscomp.TypedScopeCreatorTest#testPropertyOnUnknownSuperClass2,1177.000000
273,com.google.javascript.jscomp.IntegrationTest#testProvidedNamespaceIsConst4,1164.000000
274,com.google.javascript.jscomp.CheckMissingReturnTest#testKnownConditions,1059.000000
275,com.google.javascript.jscomp.IntegrationTest#testFoldLocals3,1043.000000
276,com.google.javascript.jscomp.TypeCheckTest#testRecordType4,1033.000000
277,com.google.javascript.jscomp.TypeCheckTest#testErrorMismatchingPropertyOnInterface6,987.000000
278,com.google.javascript.jscomp.IntegrationTest#testCoalesceVariableNames,982.000000
279,com.google.javascript.jscomp.FlowSensitiveInlineVariablesTest#testSimpleForIn,980.000000
280,com.google.javascript.jscomp.IntegrationTest#testInlineFunctions,954.000000
281,com.google.javascript.jscomp.CodePrinterTest#testTempConstructor,940.000000
282,com.google.javascript.jscomp.InlineFunctionsTest#testInlineWithThis4,896.000000
283,com.google.javascript.jscomp.PeepholeRemoveDeadCodeTest#testRemoveUselessOps,893.000000
284,com.google.javascript.jscomp.NameAnalyzerTest#testSetterInForStruct1,855.000000
285,com.google.javascript.jscomp.TypeCheckTest#testEnum8,833.000000
286,com.google.javascript.jscomp.TypeInferenceTest#testWhile1,771.000000
287,com.google.javascript.jscomp.ProcessDefinesTest#testDefineWithDependentValue,769.000000
288,com.google.javascript.jscomp.NormalizeTest#testMakeLocalNamesUnique,757.000000
289,com.google.javascript.jscomp.CommandLineRunnerTest#testWarningGuardOrdering2,734.000000
290,com.google.javascript.jscomp.CodePrinterTest#testStrict,707.000000
291,com.google.javascript.jscomp.SpecializeModuleTest#testDontSpecializeLocalNonAnonymousFunctions,688.000000
292,com.google.javascript.jscomp.FunctionInjectorTest#testInlineReferenceInExpression1,681.000000
293,com.google.javascript.jscomp.PeepholeSimplifyRegExpTest#testMoreRegularExpression,658.000000
294,com.google.javascript.jscomp.AliasExternalsTest#testPropAccessorPushedDeeper2,631.000000
295,com.google.javascript.jscomp.IntegrationTest#testCheckRequiresOn,573.000000
296,com.google.debugging.sourcemap.SourceMapGeneratorV1Test#testFunctionNameOutput4,551.000000
297,com.google.javascript.jscomp.TypeCheckTest#testBooleanNodeFalse,523.000000
298,com.google.javascript.jscomp.ReplaceIdGeneratorsTest#testLocalCall,446.000000
299,com.google.javascript.jscomp.VarCheckTest#testVariableInNormalCodeUsedInExterns1,422.000000
300,com.google.javascript.rhino.jstype.JSTypeTest#testFunctionUnionSubtypeChain,365.000000
301,com.google.javascript.jscomp.TypeCheckTest#testParameterizedTypeSubtypes2,314.000000
302,com.google.debugging.sourcemap.SourceMapConsumerV1Test#testMultipleLineFragments,49.000000
303,com.google.javascript.jscomp.CommandLineRunnerTest#testCheckUndefinedProperties2,2044.000000
304,com.google.javascript.jscomp.SymbolTableTest#testMultipleExtends,1773.000000
305,com.google.javascript.jscomp.CommandLineRunnerTest#testOnlyClosureDependenciesOneEntryPoint,1644.000000
306,com.google.javascript.jscomp.DisambiguatePropertiesTest#testDeterministicNaming,1483.000000
307,com.google.javascript.jscomp.IntegrationTest#testVisibility,1481.000000
308,com.google.javascript.jscomp.TightenTypesTest#testNamespacedVariables,1389.000000
309,com.google.javascript.jscomp.RuntimeTypeCheckTest#testImplementedInterfaceOrdering,1383.000000
310,com.google.javascript.jscomp.PureFunctionIdentifierTest#testAndOperator1,1374.000000
311,com.google.javascript.jscomp.ReplaceStringsTest#testThrowConstStringError,1344.000000
312,com.google.javascript.jscomp.ExternExportsPassTest#testExportFunctionWithOptionalArguments,1343.000000
313,com.google.javascript.jscomp.DisambiguatePropertiesTest#testBadCast,1253.000000
314,com.google.javascript.jscomp.InlinePropertiesTest#testConstPrototypeProp1,1227.000000
315,com.google.javascript.jscomp.TypeCheckTest#testComparison15,1188.000000
316,com.google.javascript.jscomp.LooseTypeCheckTest#testBooleanReduction6,1150.000000
317,com.google.javascript.jscomp.TypedScopeCreatorTest#testTemplateType12,1122.000000
318,com.google.javascript.jscomp.TypeCheckTest#testImplementsExtendsLoop,1104.000000
319,com.google.javascript.jscomp.IntegrationTest#testBug2410122,1097.000000
320,com.google.javascript.jscomp.CheckMissingReturnTest#testMultiConditions,1072.000000
321,com.google.javascript.jscomp.IntegrationTest#testCrossModuleMethodMotion,980.000000
322,com.google.javascript.jscomp.FlowSensitiveInlineVariablesTest#testForIn,953.000000
323,com.google.javascript.jscomp.TypeCheckFunctionCheckTest#testWrongNumberOfArgs,953.000000
324,com.google.javascript.jscomp.IntegrationTest#testLateConstantReordering,942.000000
325,com.google.javascript.jscomp.NameAnalyzerTest#testBug2099540,915.000000
326,com.google.javascript.jscomp.InlineFunctionsTest#testInlineFunctions31,888.000000
327,com.google.javascript.jscomp.CodePrinterTest#testU2UFunctionTypeAnnotation,887.000000
328,com.google.javascript.jscomp.PeepholeRemoveDeadCodeTest#testTryCatchFinally,870.000000
329,com.google.javascript.jscomp.SpecializeModuleTest#testSpecializeInlineWithNamespaces,840.000000
330,com.google.javascript.jscomp.RemoveUnusedVarsTest#testCallSiteInteraction,836.000000
331,com.google.javascript.jscomp.TypeCheckTest#testVar12,823.000000
332,com.google.javascript.jscomp.RemoveUnusedVarsTest#testRemoveInheritedClass10,796.000000
333,com.google.javascript.jscomp.TypeInferenceTest#testIsDefAndNoResolvedType,795.000000
334,com.google.javascript.jscomp.ProcessDefinesTest#testOverridingString1,737.000000
335,com.google.javascript.jscomp.FunctionInjectorTest#testInlineReferenceInExpression3,670.000000
336,com.google.javascript.jscomp.AliasExternalsTest#testModulesWithoutDependencies,634.000000
337,com.google.javascript.jscomp.IntegrationTest#testCheckGlobalNames,617.000000
338,com.google.javascript.jscomp.CommandLineRunnerTest#testTwoParseErrors,612.000000
339,com.google.debugging.sourcemap.SourceMapGeneratorV1Test#testFunctionNameOutput2,591.000000
340,com.google.javascript.jscomp.TypeCheckTest#testName1,540.000000
341,com.google.javascript.jscomp.ClosureReverseAbstractInterpreterTest#testGoogIsObject3,505.000000
342,com.google.javascript.jscomp.AliasKeywordsTest#testWithNoInputs,443.000000
343,com.google.javascript.jscomp.RhinoErrorReporterTest#testMisplacedTypeAnnotation,388.000000
344,com.google.javascript.jscomp.ConcreteTypeTest#testGetX,208.000000
345,com.google.javascript.jscomp.DataFlowAnalysisTest#testBranchedSimpleIf,44.000000
346,com.google.javascript.jscomp.CommandLineRunnerTest#testTypeParsingOnWithVerbose,2149.000000
347,com.google.javascript.jscomp.SymbolTableTest#testStaticMethodReferences,1710.000000
348,com.google.javascript.jscomp.CommandLineRunnerTest#testGenerateExports,1679.000000
349,com.google.javascript.jscomp.IntegrationTest#testCheckTypes,1459.000000
350,com.google.javascript.jscomp.DisambiguatePropertiesTest#testExternInterfaceUnionWithCtor,1450.000000
351,com.google.javascript.jscomp.PureFunctionIdentifierTest#testIssue303b,1423.000000
352,com.google.javascript.jscomp.ReplaceStringsTest#testLoggerOnThis,1351.000000
353,com.google.javascript.jscomp.RuntimeTypeCheckTest#testExtendedInterface,1327.000000
354,com.google.javascript.jscomp.AmbiguatePropertiesTest#testTypeMismatch,1284.000000
355,com.google.javascript.jscomp.DisambiguatePropertiesTest#testSupertypeReferenceOfSubtypeProperty,1236.000000
356,com.google.javascript.jscomp.TypeCheckTest#testInnerFunction7,1236.000000
357,com.google.javascript.jscomp.TightenTypesTest#testHook,1229.000000
358,com.google.javascript.jscomp.ExternExportsPassTest#testExportNonStaticSymbol2,1142.000000
359,com.google.javascript.jscomp.LooseTypeCheckTest#testSwitchCase5,1120.000000
360,com.google.javascript.jscomp.IntegrationTest#testRemoveAbstractMethods,1119.000000
361,com.google.javascript.jscomp.CheckMissingReturnTest#testKnownWhileLoop,1081.000000
362,com.google.javascript.jscomp.TypeValidatorTest#testFunctionMismatch,1042.000000
363,com.google.javascript.jscomp.TypeCheckTest#testForwardTypeDeclaration9,1035.000000
364,com.google.javascript.jscomp.InlineFunctionsTest#testLoopWithFunctionWithFunction,965.000000
365,com.google.javascript.jscomp.IntegrationTest#testMinimizeExits,959.000000
366,com.google.javascript.jscomp.CodePrinterTest#testTypeAnnotationsDispatcher1,948.000000
367,com.google.javascript.jscomp.FlowSensitiveInlineVariablesTest#testSwitchCase,925.000000
368,com.google.javascript.jscomp.IntegrationTest#testReplaceMessages,895.000000
369,com.google.javascript.jscomp.CollapsePropertiesTest#testGlobalObjectNameInBooleanExpressionDepth1_3,885.000000
370,com.google.javascript.jscomp.TypedScopeCreatorTest#testReturnTypeInference5,865.000000
371,com.google.javascript.jscomp.NameAnalyzerTest#testSetterInSwitchInput,857.000000
372,com.google.javascript.jscomp.LooseTypeCheckTest#testEnum8,832.000000
373,com.google.javascript.jscomp.SpecializeModuleTest#testSpecializeInlineWithRegularFunctions,822.000000
374,com.google.javascript.jscomp.PeepholeRemoveDeadCodeTest#testNoRemoveThrow1,813.000000
375,com.google.javascript.jscomp.LooseTypeCheckTest#testGetTypedPercent1,809.000000
376,com.google.javascript.jscomp.ReplaceMessagesForChromeTest#testReplaceTwoPlaceholders,725.000000
377,com.google.javascript.jscomp.ProcessDefinesTest#testDuplicateVar,699.000000
378,com.google.debugging.sourcemap.SourceMapGeneratorV2Test#testMultilineMapping,631.000000
379,com.google.javascript.jscomp.AliasExternalsTest#testPropAccessorNotPushedDeeper,631.000000
380,com.google.javascript.jscomp.CommandLineRunnerTest#testSourceSortingOff,627.000000
381,com.google.javascript.jscomp.IntegrationTest#testCheckSymbolsOn,578.000000
382,com.google.javascript.jscomp.FunctionInjectorTest#testInline10,553.000000
383,com.google.javascript.jscomp.TypeCheckTest#testName2,553.000000
384,com.google.javascript.jscomp.CrossModuleCodeMotionTest#testFunctionNonMovement1,511.000000
385,com.google.javascript.jscomp.LinkedFlowScopeTest#testLongChain1,335.000000
386,com.google.javascript.jscomp.FunctionArgumentInjectorTest#testMaybeAddTempsForCallArguments25,315.000000
387,com.google.javascript.jscomp.parsing.IRFactoryTest#testNegation2,271.000000
388,com.google.javascript.jscomp.graph.GraphColoringTest#testFullyConnected,43.000000
389,com.google.javascript.jscomp.CommandLineRunnerTest#testCheckSymbolsOverrideForVerbose,2030.000000
390,com.google.javascript.jscomp.SymbolTableTest#testGoogScopeReferences,1698.000000
391,com.google.javascript.jscomp.CommandLineRunnerTest#testDefineFlag,1600.000000
392,com.google.javascript.jscomp.IntegrationTest#testTypeCheckingWithSyntheticBlocks,1515.000000
393,com.google.javascript.jscomp.DisambiguatePropertiesTest#testOneType3,1444.000000
394,com.google.javascript.jscomp.PureFunctionIdentifierTest#testNoSideEffectsSimple,1418.000000
395,com.google.javascript.jscomp.TightenTypesTest#testImplicitPropCallWithArgs,1364.000000
396,com.google.javascript.jscomp.ExternExportsPassTest#testExportSymbolWithTypeAnnotation,1319.000000
397,com.google.javascript.jscomp.ReplaceStringsTest#testStartTracer4,1318.000000
398,com.google.javascript.jscomp.RuntimeTypeCheckTest#testUnion,1275.000000
399,com.google.javascript.jscomp.InlinePropertiesTest#testConditionalClassProp1,1240.000000
400,com.google.javascript.jscomp.DisambiguatePropertiesTest#testSkipNativeFunctionStaticProperty,1198.000000
401,com.google.javascript.jscomp.TypeCheckTest#testTypeOfReduction15,1155.000000
402,com.google.javascript.jscomp.TypeCheckTest#testMultipleExtendsInterface2,1109.000000
403,com.google.javascript.jscomp.IntegrationTest#testReplaceCssNames,1104.000000
404,com.google.javascript.jscomp.TypeCheckTest#testForwardTypeDeclaration13,1041.000000
405,com.google.javascript.jscomp.TypedScopeCreatorTest#testStubsInExterns2,1003.000000
406,com.google.javascript.jscomp.CodePrinterTest#testTypeAnnotationsInterface,985.000000
407,com.google.javascript.jscomp.FlowSensitiveInlineVariablesTest#testDoNotInlineWithinLoop,925.000000
408,com.google.javascript.jscomp.LooseTypeCheckTest#testEnum9,920.000000
409,com.google.javascript.jscomp.IntegrationTest#testRenamePrefixNamespace,913.000000
410,com.google.javascript.jscomp.PeepholeFoldWithTypesTest#testDontFoldTypeofUnionTypes,895.000000
411,com.google.javascript.jscomp.IntegrationTest#testBug4152835,891.000000
412,com.google.javascript.jscomp.NameAnalyzerTest#testRefChain20,870.000000
413,com.google.javascript.jscomp.InlineFunctionsTest#testComplexNoInline2,800.000000
414,com.google.javascript.jscomp.TypeInferenceTest#testSwitch1,786.000000
415,com.google.javascript.jscomp.PeepholeRemoveDeadCodeTest#testNew1,766.000000
416,com.google.javascript.jscomp.SideEffectsAnalysisTest#testMovedSideEffectsMustHaveSameControlFlow,763.000000
417,com.google.javascript.jscomp.ConstCheckTest#testConstSuppression,745.000000
418,com.google.javascript.jscomp.ProcessDefinesTest#testDefineBadType,680.000000
419,com.google.javascript.jscomp.InlineFunctionsTest#testCrossModuleInlining1,669.000000
420,com.google.javascript.jscomp.AliasExternalsTest#testModulesWithDependencies,637.000000
421,com.google.javascript.jscomp.FunctionInjectorTest#testBug1897706,629.000000
422,com.google.javascript.jscomp.CommandLineRunnerTest#testIssue70b,612.000000
423,com.google.debugging.sourcemap.SourceMapGeneratorV1Test#testGoldenOutput1,595.000000
424,com.google.javascript.jscomp.TypeCheckTest#testName4,552.000000
425,com.google.javascript.jscomp.RenamePrototypesTest#testModule,551.000000
426,com.google.javascript.jscomp.IntegrationTest#testCheckProvidesOn,550.000000
427,com.google.javascript.jscomp.LiveVariableAnalysisTest#testTryCatchFinally,424.000000
428,com.google.javascript.jscomp.parsing.JsDocInfoParserTest#testInterfaceMultiExtends1,347.000000
429,com.google.javascript.jscomp.SemanticReverseAbstractInterpreterTest#testAnd,339.000000
430,com.google.debugging.sourcemap.SourceMapGeneratorV3Test#testWriteMetaMap2,41.000000
431,com.google.javascript.jscomp.CommandLineRunnerTest#testCheckGlobalThisOff,2086.000000
432,com.google.javascript.jscomp.SymbolTableTest#testReferencesInJSDocType,1647.000000
433,com.google.javascript.jscomp.CommandLineRunnerTest#testSourceSortingOn3,1612.000000
434,com.google.javascript.jscomp.IntegrationTest#testDeprecation,1481.000000
435,com.google.javascript.jscomp.PureFunctionIdentifierTest#testCallFunctionForGorH,1370.000000
436,com.google.javascript.jscomp.TightenTypesTest#testGetProp,1347.000000
437,com.google.javascript.jscomp.DisambiguatePropertiesTest#testConstructorFields,1325.000000
438,com.google.javascript.jscomp.ReplaceStringsTest#testRepeatedStringsWithDifferentMethods,1319.000000
439,com.google.javascript.jscomp.AmbiguatePropertiesTest#testQuotedPrototypeProperty,1270.000000
440,com.google.javascript.jscomp.RuntimeTypeCheckTest#testNullValue,1266.000000
441,com.google.javascript.jscomp.TypeCheckTest#testCall3,1172.000000
442,com.google.javascript.jscomp.TypeCheckTest#testClosure3,1171.000000
443,com.google.javascript.jscomp.ExternExportsPassTest#testExportNonexistentProperty,1155.000000
444,com.google.javascript.jscomp.DisambiguatePropertiesTest#testStaticProperty,1137.000000
445,com.google.javascript.jscomp.TypeCheckTest#testReflectObject2,1083.000000
446,com.google.javascript.jscomp.IntegrationTest#testRemoveClosureAsserts,1054.000000
447,com.google.javascript.jscomp.TypedScopeCreatorTest#testDeclaredConstType5,1000.000000
448,com.google.javascript.jscomp.FlowSensitiveInlineVariablesTest#testNoInlineInMergedPath,957.000000
449,com.google.javascript.jscomp.CodePrinterTest#testOptionalTypesAnnotation,920.000000
450,com.google.javascript.jscomp.InlineFunctionsTest#testComplexNoVarSub,912.000000
451,com.google.javascript.jscomp.IntegrationTest#testFoldConstants,902.000000
452,com.google.javascript.jscomp.IntegrationTest#testPropertyRenaming,902.000000
453,com.google.javascript.jscomp.NameAnalyzerTest#testDoNotChangeLocalScopeReferencedLocalScopedInstanceOf2,890.000000
454,com.google.javascript.jscomp.PeepholeRemoveDeadCodeTest#testHook,872.000000
455,com.google.javascript.jscomp.LooseTypeCheckTest#testMissingProperty29,858.000000
456,com.google.javascript.jscomp.TypeInferenceTest#testFor5,800.000000
457,com.google.javascript.jscomp.TypedScopeCreatorTest#testLiteralTypesInferred,785.000000
458,com.google.javascript.jscomp.NormalizeTest#testExposeComplex,747.000000
459,com.google.javascript.jscomp.ProcessDefinesTest#testNamespacedDefine2b,741.000000
460,com.google.javascript.jscomp.IntegrationTest#testUnboundedArrayLiteralInfiniteLoop,704.000000
461,com.google.javascript.jscomp.InlineFunctionsTest#testCrossModuleInlining3,700.000000
462,com.google.javascript.jscomp.ProcessClosurePrimitivesTest#testProvideInIndependentModules3b,683.000000
463,com.google.javascript.jscomp.FunctionInjectorTest#testInlineReferenceInExpression11,681.000000
464,com.google.javascript.jscomp.AliasExternalsTest#testPropMutatorPushedDeeper,668.000000
465,com.google.javascript.jscomp.CommandLineRunnerTest#testDuplicateParams,611.000000
466,com.google.javascript.jscomp.TypeCheckTest#testName5,551.000000
467,com.google.javascript.jscomp.SourceMapTest#testPrefixReplacement1,477.000000
468,com.google.javascript.jscomp.AliasStringsTest#testStringsInModules,471.000000
469,com.google.javascript.jscomp.SemanticReverseAbstractInterpreterTest#testSheqCondition1,342.000000
470,com.google.javascript.jscomp.NodeIteratorsTest#testHaltReadWhenValueHasSideEffects,305.000000
471,com.google.javascript.jscomp.ClosureCodingConventionTest#testApplySubclassRelationship,204.000000
472,com.google.javascript.jscomp.PhaseOptimizerTest#testConsumption1,149.000000
473,com.google.javascript.jscomp.CommandLineRunnerTest#testSourcePruningOn8,2067.000000
474,com.google.javascript.jscomp.SymbolTableTest#testJSDocOnlySymbol,1625.000000
475,com.google.javascript.jscomp.CommandLineRunnerTest#testQuietMode,1564.000000
476,com.google.javascript.jscomp.DisambiguatePropertiesTest#testStringFunction,1454.000000
477,com.google.javascript.jscomp.IntegrationTest#testTypeNameParser,1392.000000
478,com.google.javascript.jscomp.TightenTypesTest#testSubclass,1379.000000
479,com.google.javascript.jscomp.PureFunctionIdentifierTest#testLocalizedSideEffects4,1377.000000
480,com.google.javascript.jscomp.ReplaceStringsTest#testLoggerOnVar,1345.000000
481,com.google.javascript.jscomp.ExternExportsPassTest#testWarnOnExportFunctionWithUnknownParameterTypes,1343.000000
482,com.google.javascript.jscomp.AmbiguatePropertiesTest#testStaticWithFunctions,1328.000000
483,com.google.javascript.jscomp.DisambiguatePropertiesTest#testEnumOfObjects3,1327.000000
484,com.google.javascript.jscomp.RuntimeTypeCheckTest#testUntypedParam,1258.000000
485,com.google.javascript.jscomp.CheckAccessControlsTest#testSuppressConstantProperty2,1238.000000
486,com.google.javascript.jscomp.LooseTypeCheckTest#testQualifiedNameReduction4,1206.000000
487,com.google.javascript.jscomp.IntegrationTest#testTypedefBeforeOwner2,1132.000000
488,com.google.javascript.jscomp.TypeValidatorTest#testSubclass,1129.000000
489,com.google.javascript.jscomp.IntegrationTest#testFoldLocals4,1053.000000
490,com.google.javascript.jscomp.FlowSensitiveInlineVariablesTest#testNoInlineRegExpLits,929.000000
491,com.google.javascript.jscomp.TypeInferenceTest#testObjectLit,928.000000
492,com.google.javascript.jscomp.TypeCheckTest#testBadInterfaceExtendsNonExistentInterfaces,894.000000
493,com.google.javascript.jscomp.InlineFunctionsTest#testCostBasedInlining12,880.000000
494,com.google.javascript.jscomp.CodePrinterTest#testTypeAnnotationsAssign,875.000000
495,com.google.javascript.jscomp.TypedScopeCreatorTest#testStubProperty,872.000000
496,com.google.javascript.jscomp.IntegrationTest#testVarDeclarationsIntoFor,868.000000
497,com.google.javascript.jscomp.CollapsePropertiesTest#testCollapseForEachWithoutExterns,844.000000
498,com.google.javascript.jscomp.PeepholeRemoveDeadCodeTest#testArrayLiteral,813.000000
499,com.google.javascript.jscomp.NameAnalyzerTest#testRemoveLabeledStatment,791.000000
500,com.google.javascript.jscomp.SpecializeModuleTest#testDontSpecializeAliasedFunctions_inline,756.000000
501,com.google.javascript.jscomp.ProcessDefinesTest#testDefineAssignmentInLoop,714.000000
502,com.google.javascript.jscomp.InstrumentFunctionsTest#testExitTry,692.000000
503,com.google.javascript.jscomp.IntegrationTest#testIncompleteFunction2,692.000000
504,com.google.javascript.jscomp.FunctionInjectorTest#testInlineReferenceInExpression12,667.000000
505,com.google.javascript.jscomp.AliasExternalsTest#testGlobalAliasPushedDeeper,620.000000
506,com.google.javascript.jscomp.CommandLineRunnerTest#testIssue70a,611.000000
507,com.google.javascript.jscomp.RemoveUnusedVarsTest#testModule,571.000000
508,com.google.debugging.sourcemap.SourceMapGeneratorV1Test#testFunctionNameOutput1,561.000000
509,com.google.javascript.jscomp.TypeCheckTest#testNumberNode,525.000000
510,com.google.javascript.jscomp.ClosureReverseAbstractInterpreterTest#testGoogIsBoolean2,505.000000
511,com.google.javascript.jscomp.FunctionInjectorTest#testCanInlineReferenceToFunctionInExpression23a,351.000000
512,com.google.javascript.rhino.jstype.JSTypeTest#testStringValueType,342.000000
513,com.google.javascript.jscomp.GlobalVarReferenceMapTest#testUpdateGlobalVarReferences_UpdateScriptNewRefs,64.000000
514,com.google.javascript.jscomp.CommandLineRunnerTest#testCheckUndefinedProperties3,2076.000000
515,com.google.javascript.jscomp.SymbolTableTest#testPrototypeReferences4,1680.000000
516,com.google.javascript.jscomp.CommandLineRunnerTest#testCssNameWiring,1672.000000
517,com.google.javascript.jscomp.DisambiguatePropertiesTest#testInterfaceWithSupertypeImplementor,1451.000000
518,com.google.javascript.jscomp.IntegrationTest#testSuppressCastWarning,1451.000000
519,com.google.javascript.jscomp.PureFunctionIdentifierTest#testCallRegExpWithSideEffects,1389.000000
520,com.google.javascript.jscomp.TightenTypesTest#testFunctionToString,1332.000000
521,com.google.javascript.jscomp.ReplaceStringsTest#testThrowError2,1324.000000
522,com.google.javascript.jscomp.AmbiguatePropertiesTest#testExtendsInterface,1310.000000
523,com.google.javascript.jscomp.DisambiguatePropertiesTest#testEnumOfObjects,1301.000000
524,com.google.javascript.jscomp.RuntimeTypeCheckTest#testValue,1268.000000
525,com.google.javascript.jscomp.ExternExportsPassTest#testExportMultiple,1217.000000
526,com.google.javascript.jscomp.CheckAccessControlsTest#testWarningForBind,1209.000000
527,com.google.javascript.jscomp.TypeCheckTest#testTypeOfReduction9,1171.000000
528,com.google.javascript.jscomp.IntegrationTest#testClosurePassOn,1119.000000
529,com.google.javascript.jscomp.InferJSDocInfoTest#testInterface,1088.000000
530,com.google.javascript.jscomp.IntegrationTest#testFoldLocals7,1075.000000
531,com.google.javascript.jscomp.TypeCheckTest#testCast13,1069.000000
532,com.google.javascript.jscomp.CodePrinterTest#testTypeAnnotationsDispatcher2,962.000000
533,com.google.javascript.jscomp.FlowSensitiveInlineVariablesTest#testNoInlineEscapedToInnerFunction,927.000000
534,com.google.javascript.jscomp.NameAnalyzerTest#testNoSideEffectAnnotation16,897.000000
535,com.google.javascript.jscomp.PeepholeFoldWithTypesTest#testFoldTypeofObject,892.000000
536,com.google.javascript.jscomp.IntegrationTest#testAliasKeywords,867.000000
537,com.google.javascript.jscomp.PeepholeRemoveDeadCodeTest#testFoldUselessFor,866.000000
538,com.google.javascript.jscomp.InlineFunctionsTest#testComplexNoInline1,822.000000
539,com.google.javascript.jscomp.SpecializeModuleTest#testSpecializeRemoveUnusedProperties,796.000000
540,com.google.javascript.jscomp.AliasExternalsTest#testNoAliasAnnotationForMultiVarDeclaration,775.000000
541,com.google.javascript.jscomp.TypeInferenceTest#testThrownExpression,771.000000
542,com.google.javascript.jscomp.AliasKeywordsTest#testAlias,763.000000
543,com.google.javascript.jscomp.CommandLineRunnerTest#testCheckGlobalThisOnWithErrorFlag,734.000000
544,com.google.javascript.jscomp.ProcessDefinesTest#testAssignBeforeDeclaration1,694.000000
545,com.google.javascript.jscomp.FunctionInjectorTest#testInlineReferenceInExpression16,691.000000
546,com.google.javascript.jscomp.IntegrationTest#testBug5786871,612.000000
547,com.google.debugging.sourcemap.SourceMapGeneratorV1Test#testFunctionNameOutput3,570.000000
548,com.google.javascript.jscomp.CheckProvidesTest#testGoogProvideInWrongFileShouldCreateWarning,524.000000
549,com.google.javascript.jscomp.TypeCheckTest#testBooleanNodeTrue,523.000000
550,com.google.javascript.jscomp.JsMessageVisitorTest#testExtractPropertyMessage,397.000000
551,com.google.javascript.jscomp.SemanticReverseAbstractInterpreterTest#testInstanceOf,347.000000
552,com.google.javascript.jscomp.parsing.JsDocInfoParserTest#testSingleTags,330.000000
553,com.google.javascript.jscomp.XtbMessageBundleTest#test,31.000000
554,com.google.javascript.jscomp.CommandLineRunnerTest#testES5ChecksInVerbose,2117.000000
555,com.google.javascript.jscomp.SymbolTableTest#testFieldReferences,1697.000000
556,com.google.javascript.jscomp.CommandLineRunnerTest#testPrintAstFlag,1469.000000
557,com.google.javascript.jscomp.DisambiguatePropertiesTest#testUntypedExterns,1452.000000
558,com.google.javascript.jscomp.TightenTypesTest#testExternSubTypes,1371.000000
559,com.google.javascript.jscomp.IntegrationTest#testStrictWarningsGuardEmergencyMode,1359.000000
560,com.google.javascript.jscomp.PureFunctionIdentifierTest#testThrow1,1339.000000
561,com.google.javascript.jscomp.ReplaceStringsTest#testThrowError3,1332.000000
562,com.google.javascript.jscomp.AmbiguatePropertiesTest#testUnion,1288.000000
563,com.google.javascript.jscomp.RuntimeTypeCheckTest#testConstValue,1268.000000
564,com.google.javascript.jscomp.ExternExportsPassTest#testExportSymbolWithConstructor,1267.000000
565,com.google.javascript.jscomp.TypeCheckTest#testClosure7,1184.000000
566,com.google.javascript.jscomp.TypeCheckTest#testNestedCasts,1157.000000
567,com.google.javascript.jscomp.TypedScopeCreatorTest#testTypesInExterns,1062.000000
568,com.google.javascript.jscomp.IntegrationTest#testRegExp1,990.000000
569,com.google.javascript.jscomp.CodePrinterTest#testTypeAnnotationsMultipleInterface,989.000000
570,com.google.javascript.jscomp.IntegrationTest#testProcessDefinesAdditionalReplacements,979.000000
571,com.google.javascript.jscomp.TypeCheckTest#testForwardTypeDeclaration7,974.000000
572,com.google.javascript.jscomp.InlineFunctionsTest#testNoInlineIfParametersModified4,932.000000
573,com.google.javascript.jscomp.FlowSensitiveInlineVariablesTest#testNoInlineArrayLits,923.000000
574,com.google.javascript.jscomp.TypeInferenceTest#testBackwardsInferenceNew,922.000000
575,com.google.javascript.jscomp.PeepholeFoldWithTypesTest#testDontFoldTypeofSideEffects,873.000000
576,com.google.javascript.jscomp.CollapsePropertiesTest#testSafeReferenceOfThis,866.000000
577,com.google.javascript.jscomp.IntegrationTest#testLanguageMode,858.000000
578,com.google.javascript.jscomp.NameAnalyzerTest#testShortCircuit4,846.000000
579,com.google.javascript.jscomp.SpecializeModuleTest#testSpecializeInlineWithMultipleDependents,820.000000
580,com.google.javascript.jscomp.PeepholeRemoveDeadCodeTest#testNoSimplifyFunctionArgs1,813.000000
581,com.google.javascript.jscomp.RemoveUnusedPrototypePropertiesTest#testGetter2,728.000000
582,com.google.javascript.jscomp.ProcessDefinesTest#testAssignInNonGlobalScope,716.000000
583,com.google.javascript.jscomp.FunctionInjectorTest#testInline15,634.000000
584,com.google.debugging.sourcemap.SourceMapGeneratorV1Test#testMultiFunctionMapping,632.000000
585,com.google.javascript.jscomp.CommandLineRunnerTest#testES3ByDefault,612.000000
586,com.google.javascript.jscomp.IntegrationTest#testSusiciousCodeOff,558.000000
587,com.google.javascript.jscomp.LooseTypeCheckTest#testBooleanNodeFalse,523.000000
588,com.google.javascript.jscomp.ClosureReverseAbstractInterpreterTest#testGoogIsDefAndNotNull4,491.000000
589,com.google.javascript.jscomp.jsonml.JsonMLConversionTest#testFor,389.000000
590,com.google.javascript.jscomp.AstParallelizerTest#testSplitFileLevel,377.000000
591,com.google.javascript.jscomp.parsing.JsDocInfoParserTest#testParseBlockComment2,294.000000
592,com.google.javascript.jscomp.CodePrinterTest#testAmbiguousElseClauses,89.000000
593,com.google.javascript.jscomp.CommandLineRunnerTest#testNoCompile,1982.000000
594,com.google.javascript.jscomp.SymbolTableTest#testGlobalThisReferences3,1661.000000
595,com.google.javascript.jscomp.CommandLineRunnerTest#testWithKeywordDefault,1571.000000
596,com.google.javascript.jscomp.DisambiguatePropertiesTest#testObjectLiteralLends,1436.000000
597,com.google.javascript.jscomp.IntegrationTest#testTypeCheckAndInference,1365.000000
598,com.google.javascript.jscomp.TightenTypesTest#testImplicitCallFromPropertyOfAllType,1354.000000
599,com.google.javascript.jscomp.ReplaceStringsTest#testThrowNonStringError,1307.000000
600,com.google.javascript.jscomp.AmbiguatePropertiesTest#testExternedPropertyName,1290.000000
601,com.google.javascript.jscomp.RuntimeTypeCheckTest#testValueWithInnerFn,1269.000000
602,com.google.javascript.jscomp.PureFunctionIdentifierTest#testInvalidAnnotation1,1235.000000
603,com.google.javascript.jscomp.TypeCheckTest#testInnerFunction8,1202.000000
604,com.google.javascript.jscomp.ExternExportsPassTest#testExportSymbolDefinedInVar,1185.000000
605,com.google.javascript.jscomp.TypeCheckTest#testValueOfComparison3,1072.000000
606,com.google.javascript.jscomp.TypeCheckTest#testForwardTypeDeclaration6,1065.000000
607,com.google.javascript.jscomp.TypedScopeCreatorTest#testCollectedFunctionStubLocal,1058.000000
608,com.google.javascript.jscomp.IntegrationTest#testFoldLocals1,987.000000
609,com.google.javascript.jscomp.IntegrationTest#testProcessDefinesAlwaysOn,987.000000
610,com.google.javascript.jscomp.FlowSensitiveInlineVariablesTest#testShadowedVariableInnerFunction,950.000000
611,com.google.javascript.jscomp.CodePrinterTest#testTypeAnnotationsNamespace,944.000000
612,com.google.javascript.jscomp.TypeCheckFunctionCheckTest#testFunctionWithDefaultCodingConvention,930.000000
613,com.google.javascript.jscomp.TypeInferenceTest#testPropertyInference1,927.000000
614,com.google.javascript.jscomp.IntegrationTest#testOptimizeParameters,915.000000
615,com.google.javascript.jscomp.NameAnalyzerTest#testAssignmentWithComplexLhs2,896.000000
616,com.google.javascript.jscomp.PeepholeRemoveDeadCodeTest#testIf,872.000000
617,com.google.javascript.jscomp.CollapsePropertiesTest#testPropertyOnGlobalInterface,834.000000
618,com.google.javascript.jscomp.SpecializeModuleTest#testSpecializeInline,820.000000
619,com.google.javascript.jscomp.ExpandJqueryAliasesTest#testJqueryExpandedEachExpansion,785.000000
620,com.google.javascript.jscomp.InlineFunctionsTest#testNoInlineNonFunction,748.000000
621,com.google.javascript.jscomp.ProcessDefinesTest#testDefineWithBadValue1,688.000000
622,com.google.javascript.jscomp.FunctionInjectorTest#testInline19b,648.000000
623,com.google.debugging.sourcemap.SourceMapGeneratorV1Test#testBasicDeterminism,549.000000
624,com.google.javascript.jscomp.LooseTypeCheckTest#testName1,540.000000
625,com.google.javascript.jscomp.CheckRequiresForConstructorsTest#testFailWithNestedNewNodes,469.000000
626,com.google.javascript.jscomp.NormalizeTest#testNormalizeSyntheticCode,374.000000
627,com.google.javascript.jscomp.SemanticReverseAbstractInterpreterTest#testTypeof2,335.000000
628,com.google.javascript.rhino.jstype.JSTypeTest#testRestrictedTypeGivenToBoolean,302.000000
629,com.google.javascript.jscomp.CheckPathsBetweenNodesTest#testSomePath1,39.000000
630,com.google.javascript.jscomp.CommandLineRunnerTest#testExternsLifting2,2061.000000
631,com.google.javascript.jscomp.SymbolTableTest#testSymbolsForType,1712.000000
632,com.google.javascript.jscomp.CommandLineRunnerTest#testBooleanFlag1,1683.000000
633,com.google.javascript.jscomp.DisambiguatePropertiesTest#testSuperInterface,1370.000000
634,com.google.javascript.jscomp.PureFunctionIdentifierTest#testDeleteOperator2,1361.000000
635,com.google.javascript.jscomp.ReplaceStringsTest#testThrowNewError1,1298.000000
636,com.google.javascript.jscomp.RuntimeTypeCheckTest#testNativeClass,1279.000000
637,com.google.javascript.jscomp.ExternExportsPassTest#testDontWarnOnExportConstructorWithUnknownReturnType,1267.000000
638,com.google.javascript.jscomp.AmbiguatePropertiesTest#testOneVar3,1226.000000
639,com.google.javascript.jscomp.TightenTypesTest#testAnd,1201.000000
640,com.google.javascript.jscomp.IntegrationTest#testProvidedNamespaceIsConst3,1171.000000
641,com.google.javascript.jscomp.TypeCheckTest#testClosure1,1168.000000
642,com.google.javascript.jscomp.TypeCheckTest#testScoping1,1094.000000
643,com.google.javascript.jscomp.IntegrationTest#testFoldLocals6,1030.000000
644,com.google.javascript.jscomp.TypedScopeCreatorTest#testFunctionInHook,1026.000000
645,com.google.javascript.jscomp.IntegrationTest#testNameAnonymousFunctionsWithVarRemoval,946.000000
646,com.google.javascript.jscomp.TypeCheckTest#testDuplicateLocalVarDecl,940.000000
647,com.google.javascript.jscomp.FlowSensitiveInlineVariablesTest#testMultiDefinitionsInSameCfgNode,931.000000
648,com.google.javascript.jscomp.InlineFunctionsTest#testMixedModeInliningCosting1,870.000000
649,com.google.javascript.jscomp.NameAnalyzerTest#testIssue874e,864.000000
650,com.google.javascript.jscomp.CodePrinterTest#testEnumAnnotation1,852.000000
651,com.google.javascript.jscomp.TypedScopeCreatorTest#testReturnTypeInference3,852.000000
652,com.google.javascript.jscomp.CollapsePropertiesTest#testChainedAssignments5,829.000000
653,com.google.javascript.jscomp.SpecializeModuleTest#testDontSpecializeAliasedFunctions_remove_unused_properties,797.000000
654,com.google.javascript.jscomp.PeepholeRemoveDeadCodeTest#testNoRemoveAssign2,793.000000
655,com.google.javascript.jscomp.TypeInferenceTest#testInstanceOf5,769.000000
656,com.google.javascript.jscomp.ProcessDefinesTest#testSimpleReassign3,752.000000
657,com.google.javascript.jscomp.ScopedAliasesTest#testTestTypes,752.000000
658,com.google.javascript.jscomp.FunctionInjectorTest#testInlineReferenceInExpression14,693.000000
659,com.google.debugging.sourcemap.SourceMapGeneratorV1Test#testBasicMapping,610.000000
660,com.google.javascript.jscomp.LooseTypeCheckTest#testName3,550.000000
661,com.google.javascript.jscomp.ClosureReverseAbstractInterpreterTest#testGoogIsNull1,490.000000
662,com.google.javascript.jscomp.InlineCostEstimatorTest#testCost,372.000000
663,com.google.javascript.jscomp.VarCheckTest#testSimpleSanityCheck,330.000000
664,com.google.javascript.jscomp.JsMessageExtractorTest#testSyntaxError1,254.000000
665,com.google.javascript.jscomp.parsing.JsDocInfoParserTest#testParseInvalidTypeViaStatic,249.000000
666,com.google.javascript.jscomp.CommandLineRunnerTest#testTypeCheckingOnWithVerbose,2182.000000
667,com.google.javascript.jscomp.SymbolTableTest#testGlobalThisPropertyReferences,1648.000000
668,com.google.javascript.jscomp.CommandLineRunnerTest#testExternsLifting1,1481.000000
669,com.google.javascript.jscomp.DisambiguatePropertiesTest#testUnresolvedType,1417.000000
670,com.google.javascript.jscomp.PureFunctionIdentifierTest#testConstructorThatModifiesThis4,1397.000000
671,com.google.javascript.jscomp.TightenTypesTest#testGetElem,1373.000000
672,com.google.javascript.jscomp.RuntimeTypeCheckTest#testInterface,1294.000000
673,com.google.javascript.jscomp.ReplaceStringsTest#testThrowNewError2,1272.000000
674,com.google.javascript.jscomp.ExternExportsPassTest#testWarnOnExportFunctionWithUnknownReturnType,1193.000000
675,com.google.javascript.jscomp.TypedScopeCreatorTest#testTemplateType1,1177.000000
676,com.google.javascript.jscomp.TypeCheckTest#testClosure2,1167.000000
677,com.google.javascript.jscomp.IntegrationTest#testBug1949424_v2,1160.000000
678,com.google.javascript.jscomp.TypeCheckTest#testEnum42,1146.000000
679,com.google.javascript.jscomp.AmbiguatePropertiesTest#testPropertyOfObjectOfUnknownType,1140.000000
680,com.google.javascript.jscomp.TypeCheckTest#testInheritanceCheck14,1063.000000
681,com.google.javascript.jscomp.InlineFunctionsTest#testShadowVariables3,935.000000
682,com.google.javascript.jscomp.FlowSensitiveInlineVariablesTest#testNoInlineGetProp2,929.000000
683,com.google.javascript.jscomp.NameAnalyzerTest#testMixin7,909.000000
684,com.google.javascript.jscomp.TypedScopeCreatorTest#testReturnTypeInference4,875.000000
685,com.google.javascript.jscomp.CollapsePropertiesTest#testAliasCreatedForEnumDepth1_1,871.000000
686,com.google.javascript.jscomp.IntegrationTest#testRewriteFunctionExpressions,871.000000
687,com.google.javascript.jscomp.CodePrinterTest#testTypeAnnotations,835.000000
688,com.google.javascript.jscomp.SpecializeModuleTest#testAddDummyVarsForRemovedFunctions,824.000000
689,com.google.javascript.jscomp.PeepholeRemoveDeadCodeTest#testRemoveInControlStructure1,820.000000
690,com.google.javascript.jscomp.TypeInferenceTest#testAssertNumber2,758.000000
691,com.google.javascript.jscomp.CheckUnreachableCodeTest#testSuppression,740.000000
692,com.google.javascript.jscomp.ProcessDefinesTest#testReassignAfterRefInConditional,720.000000
693,com.google.javascript.jscomp.FunctionInjectorTest#testInlineReferenceInExpression17,693.000000
694,com.google.debugging.sourcemap.SourceMapGeneratorV1Test#testLiteralMappings,632.000000
695,com.google.javascript.jscomp.CheckGlobalNamesTest#testSuppressionOfUndefinedNamesWarning,621.000000
696,com.google.javascript.jscomp.LooseTypeCheckTest#testName4,552.000000
697,com.google.javascript.jscomp.CodePrinterTest#testPrettyPrinter,371.000000
698,com.google.javascript.jscomp.SemanticReverseAbstractInterpreterTest#testInequalitiesCondition1,340.000000
699,com.google.javascript.jscomp.parsing.JsDocInfoParserTest#testRegression4,285.000000
700,com.google.debugging.sourcemap.SourceMapConsumerV2Test#testGetMappingForLineWithNameIndex,34.000000
701,com.google.javascript.jscomp.SymbolTableTest#testPrototypeReferences,1646.000000
702,com.google.javascript.jscomp.CommandLineRunnerTest#testES5Strict,1611.000000
703,com.google.javascript.jscomp.TightenTypesTest#testExternSubTypesForObject,1415.000000
704,com.google.javascript.jscomp.PureFunctionIdentifierTest#testLocalizedSideEffects3,1406.000000
705,com.google.javascript.jscomp.DisambiguatePropertiesTest#testNamedType,1384.000000
706,com.google.javascript.jscomp.ReplaceStringsTest#testLoggerOnObject4,1293.000000
707,com.google.javascript.jscomp.RuntimeTypeCheckTest#testSkipParamOK,1274.000000
708,com.google.javascript.jscomp.TypeCheckTest#testBackwardsInferenceGoogArrayFilter2,1228.000000
709,com.google.javascript.jscomp.ExternExportsPassTest#testExportSymbol,1190.000000
710,com.google.javascript.jscomp.TypeCheckTest#testConstructorType9,1185.000000
711,com.google.javascript.jscomp.IntegrationTest#testProvidedNamespaceIsConst5,1141.000000
712,com.google.javascript.jscomp.AmbiguatePropertiesTest#testReadPropertyOfGlobalThis,1122.000000
713,com.google.javascript.jscomp.TypedScopeCreatorTest#testAddMethodsPrototypeTwoWays,1073.000000
714,com.google.javascript.jscomp.FlowSensitiveInlineVariablesTest#testNotOkToSkipCheckPathBetweenNodes,971.000000
715,com.google.javascript.jscomp.InlineFunctionsTest#testDecomposePlusEquals,951.000000
716,com.google.javascript.jscomp.TypeCheckFunctionCheckTest#testVarArgsLast,950.000000
717,com.google.javascript.jscomp.TypeCheckTest#testDuplicateRecordFields2,923.000000
718,com.google.javascript.jscomp.CodePrinterTest#testVariableArgumentsTypesAnnotation,921.000000
719,com.google.javascript.jscomp.IntegrationTest#testUnreachableCode,916.000000
720,com.google.javascript.jscomp.CollapsePropertiesTest#testNamespaceResetInLocalScope1,845.000000
721,com.google.javascript.jscomp.NameAnalyzerTest#testFor,843.000000
722,com.google.javascript.jscomp.OptimizeParametersTest#testCrash,797.000000
723,com.google.javascript.jscomp.PeepholeRemoveDeadCodeTest#testRemoveNamespaceGet1,789.000000
724,com.google.javascript.jscomp.TypeInferenceTest#testCall1,763.000000
725,com.google.javascript.jscomp.ProcessDefinesTest#testDefineWithInvalidDependentValue,692.000000
726,com.google.javascript.jscomp.FunctionInjectorTest#testInlineAssignmentToConstant,654.000000
727,com.google.javascript.jscomp.LooseTypeCheckTest#testName5,551.000000
728,com.google.debugging.sourcemap.SourceMapGeneratorV1Test#testGoldenOutput0,467.000000
729,com.google.javascript.jscomp.MaybeReachingVariableUseTest#testIf,398.000000
730,com.google.javascript.jscomp.MoveFunctionDeclarationsTest#testFunctionDeclarationsInModule,393.000000
731,com.google.javascript.jscomp.SemanticReverseAbstractInterpreterTest#testInstanceOf2,351.000000
732,com.google.javascript.jscomp.parsing.JsDocInfoParserTest#testModifies4,295.000000
733,com.google.javascript.jscomp.parsing.JsDocTokenStreamTest#testJsDocTokenization1,16.000000
734,com.google.javascript.jscomp.SymbolTableTest#testMethodReferencesMissingTypeInfo,1751.000000
735,com.google.javascript.jscomp.CommandLineRunnerTest#testTypeCheckingOffByDefault,1698.000000
736,com.google.javascript.jscomp.DisambiguatePropertiesTest#testObjectLiteralReflected,1470.000000
737,com.google.javascript.jscomp.PureFunctionIdentifierTest#testAnnotationInExterns_new7,1390.000000
738,com.google.javascript.jscomp.AmbiguatePropertiesTest#testFunctionType,1322.000000
739,com.google.javascript.jscomp.RuntimeTypeCheckTest#testImplementedInterface,1321.000000
740,com.google.javascript.jscomp.ReplaceStringsTest#testLoggerOnObject5,1298.000000
741,com.google.javascript.jscomp.TypeCheckTest#testBackwardsInferenceGoogArrayFilter3,1228.000000
742,com.google.javascript.jscomp.TightenTypesTest#testNameLookup,1227.000000
743,com.google.javascript.jscomp.ExternExportsPassTest#testExportNonStaticSymbol,1138.000000
744,com.google.javascript.jscomp.TypeCheckTest#testCatchExpression2,1107.000000
745,com.google.javascript.jscomp.IntegrationTest#testProvidedNamespaceIsConst,1075.000000
746,com.google.javascript.jscomp.TypedScopeCreatorTest#testEnumProperty,989.000000
747,com.google.javascript.jscomp.TypeCheckTest#testLends9,978.000000
748,com.google.javascript.jscomp.PeepholeFoldWithTypesTest#testFoldTypeofUndefined,872.000000
749,com.google.javascript.jscomp.FlowSensitiveInlineVariablesTest#testInvalidInlineArguments1,869.000000
750,com.google.javascript.jscomp.IntegrationTest#testGenerateExportsOn,864.000000
751,com.google.javascript.jscomp.NameAnalyzerTest#testAnonymous5,851.000000
752,com.google.javascript.jscomp.CollapsePropertiesTest#testTypedef1,840.000000
753,com.google.javascript.jscomp.PeepholeRemoveDeadCodeTest#testRemoveNamespaceGet2,814.000000
754,com.google.javascript.jscomp.CodePrinterTest#testEmitUnknownParamTypesAsAllType,807.000000
755,com.google.javascript.jscomp.InlineFunctionsTest#testFunctionExpressionCallInlining10,799.000000
756,com.google.javascript.jscomp.TypeCheckTest#testTypeCheckStandaloneAST,745.000000
757,com.google.javascript.jscomp.ReplaceIdGeneratorsTest#testConditionalCall,728.000000
758,com.google.javascript.jscomp.ProcessDefinesTest#testDeclareInNonGlobalScope,682.000000
759,com.google.javascript.jscomp.FunctionInjectorTest#testInlineReferenceInExpression2,663.000000
760,com.google.debugging.sourcemap.SourceMapGeneratorV1Test#testGoldenOutput2,581.000000
761,com.google.javascript.jscomp.LooseTypeCheckTest#testNumberNode,525.000000
762,com.google.javascript.jscomp.ClosureReverseAbstractInterpreterTest#testGoogIsDefAndNotNull5,486.000000
763,com.google.javascript.jscomp.CrossModuleCodeMotionTest#testClassMovement6,486.000000
764,com.google.javascript.jscomp.AstParallelizerTest#testSplitNamedFuntionWithArgs,358.000000
765,com.google.javascript.rhino.jstype.JSTypeTest#testUnknownType,339.000000
766,com.google.javascript.jscomp.CombinedCompilerPassTest#testCombinedPasses,67.000000
767,com.google.javascript.jscomp.SymbolTableTest#testGoogRequireReferences2,1745.000000
768,com.google.javascript.jscomp.CommandLineRunnerTest#testCheckSymbolsOffForDefault,1595.000000
769,com.google.javascript.jscomp.TightenTypesTest#testRestrictToCastWithNonInstantiatedTypes,1411.000000
770,com.google.javascript.jscomp.DisambiguatePropertiesTest#testTwoSeparateFieldsTwoTypes,1373.000000
771,com.google.javascript.jscomp.PureFunctionIdentifierTest#testInference1,1360.000000
772,com.google.javascript.jscomp.ExternExportsPassTest#testExportFunctionWithVariableArguments,1325.000000
773,com.google.javascript.jscomp.ReplaceStringsTest#testRepeatedErrorString1,1315.000000
774,com.google.javascript.jscomp.RuntimeTypeCheckTest#testReturnNothing,1237.000000
775,com.google.javascript.jscomp.TypeCheckTest#testBackwardsInferenceGoogArrayFilter4,1231.000000
776,com.google.javascript.jscomp.AmbiguatePropertiesTest#testOneVar4,1219.000000
777,com.google.javascript.jscomp.TypeCheckTest#testForIn4,1219.000000
778,com.google.javascript.jscomp.InferJSDocInfoTest#testAbstractMethod,1098.000000
779,com.google.javascript.jscomp.IntegrationTest#testTypedefBeforeOwner1,1092.000000
780,com.google.javascript.jscomp.TypeCheckTest#testMissingProperty40,1023.000000
781,com.google.javascript.jscomp.CodePrinterTest#testTypeAnnotationsMemberSubclass,981.000000
782,com.google.javascript.jscomp.FlowSensitiveInlineVariablesTest#testSimpleVar,951.000000
783,com.google.javascript.jscomp.PeepholeFoldWithTypesTest#testFoldTypeofString,902.000000
784,com.google.javascript.jscomp.InlineFunctionsTest#testIssue728,868.000000
785,com.google.javascript.jscomp.NameAnalyzerTest#testWhile,852.000000
786,com.google.javascript.jscomp.CollapsePropertiesTest#testObjLitDeclarationWithGetAndSet1,837.000000
787,com.google.javascript.jscomp.IntegrationTest#testRenameLabels,813.000000
788,com.google.javascript.jscomp.PeepholeRemoveDeadCodeTest#testNoRemoveCall1,794.000000
789,com.google.javascript.jscomp.TypeInferenceTest#testSwitch3,784.000000
790,com.google.javascript.jscomp.ProcessDefinesTest#testOverridingString0,730.000000
791,com.google.javascript.jscomp.FunctionInjectorTest#testInlineReferenceInExpression4,672.000000
792,com.google.javascript.jscomp.ProcessTweaksTest#testStrippingWithInCodeOverrides,649.000000
793,com.google.debugging.sourcemap.SourceMapGeneratorV1Test#testGoldenOutput3,549.000000
794,com.google.javascript.jscomp.LooseTypeCheckTest#testBooleanNodeTrue,523.000000
795,com.google.javascript.jscomp.CrossModuleCodeMotionTest#testFunctionMovement5,502.000000
796,com.google.javascript.jscomp.ClosureReverseAbstractInterpreterTest#testGoogIsArray1,477.000000
797,com.google.javascript.jscomp.ControlFlowAnalysisTest#testNestedFor,332.000000
798,com.google.javascript.rhino.jstype.FunctionTypeTest#testTemplatedFunctionDerivedFunctions,233.000000
799,com.google.javascript.rhino.IRTest#testIssue727_3,36.000000
800,com.google.javascript.jscomp.SymbolTableTest#testSuperClassMethodReferences,1754.000000
801,com.google.javascript.jscomp.CommandLineRunnerTest#testWarningGuardOrdering4,1651.000000
802,com.google.javascript.jscomp.DisambiguatePropertiesTest#testInterfaceOfSuperclass,1409.000000
803,com.google.javascript.jscomp.PureFunctionIdentifierTest#testCallFunctionFOrGWithSideEffects,1393.000000
804,com.google.javascript.jscomp.ReplaceStringsTest#testRepeatedErrorString2,1331.000000
805,com.google.javascript.jscomp.RuntimeTypeCheckTest#testValues,1272.000000
806,com.google.javascript.jscomp.TightenTypesTest#testAliasedFunction,1243.000000
807,com.google.javascript.jscomp.ExternExportsPassTest#testExportMultiple3,1217.000000
808,com.google.javascript.jscomp.TypeCheckTest#testQualifiedNameReduction4,1201.000000
809,com.google.javascript.jscomp.TypeCheckTest#testArrayAccess9,1136.000000
810,com.google.javascript.jscomp.IntegrationTest#testProvideRequireSameFile,1101.000000
811,com.google.javascript.jscomp.TypeValidatorTest#testNullUndefined,1101.000000
812,com.google.javascript.jscomp.AmbiguatePropertiesTest#testSetPropertyOfGlobalThis,1091.000000
813,com.google.javascript.jscomp.TypeCheckTest#testForwardTypeDeclaration1,963.000000
814,com.google.javascript.jscomp.PeepholeFoldWithTypesTest#testFoldTypeofBoolean,907.000000
815,com.google.javascript.jscomp.FlowSensitiveInlineVariablesTest#testExported,903.000000
816,com.google.javascript.jscomp.IntegrationTest#testInlineGetters,881.000000
817,com.google.javascript.jscomp.CollapsePropertiesTest#testNonWellformedAlias1,868.000000
818,com.google.javascript.jscomp.InlineFunctionsTest#testShadowVariables10,834.000000
819,com.google.javascript.jscomp.NameAnalyzerTest#testDo,820.000000
820,com.google.javascript.jscomp.PeepholeRemoveDeadCodeTest#testNoRemoveCall2,813.000000
821,com.google.javascript.jscomp.TypeInferenceTest#testFor3,765.000000
822,com.google.javascript.jscomp.ProcessDefinesTest#testOverridingString2,734.000000
823,com.google.javascript.jscomp.FunctionInjectorTest#testInlineReferenceInExpression5,669.000000
824,com.google.javascript.jscomp.FunctionRewriterTest#testReplaceIdentityFunction1,648.000000
825,com.google.javascript.jscomp.CrossModuleMethodMotionTest#testMoveMethodsInRightOrder2,611.000000
826,com.google.javascript.jscomp.LooseTypeCheckTest#testUndefinedNode,554.000000
827,com.google.debugging.sourcemap.SourceMapGeneratorV1Test#testGoldenOutput4,552.000000
828,com.google.javascript.jscomp.ExpressionDecomposerTest#testExposeExpression10,456.000000
829,com.google.javascript.jscomp.parsing.ParserTest#testValidTypeAnnotation1,395.000000
830,com.google.javascript.jscomp.SemanticReverseAbstractInterpreterTest#testTypeof1,337.000000
831,com.google.javascript.jscomp.CodePrinterTest#testPrintScript,74.000000
832,com.google.javascript.jscomp.SymbolTableTest#testIncompleteNamespacedReferences,1698.000000
833,com.google.javascript.jscomp.CommandLineRunnerTest#testChainModuleManifest,1559.000000
834,com.google.javascript.jscomp.DisambiguatePropertiesTest#testOneType1,1361.000000
835,com.google.javascript.jscomp.PureFunctionIdentifierTest#testCallBeforeDefinition,1361.000000
836,com.google.javascript.jscomp.ReplaceStringsTest#testRepeatedErrorString3,1339.000000
837,com.google.javascript.jscomp.TightenTypesTest#testCallFunction,1305.000000
838,com.google.javascript.jscomp.RuntimeTypeCheckTest#testInnerConstructor,1302.000000
839,com.google.javascript.jscomp.TypeCheckTest#testInnerFunction6,1230.000000
840,com.google.javascript.jscomp.AmbiguatePropertiesTest#testTwoVar2,1218.000000
841,com.google.javascript.jscomp.ExternExportsPassTest#testExportProperty,1204.000000
842,com.google.javascript.jscomp.IntegrationTest#testBug1949424,1159.000000
843,com.google.javascript.jscomp.LooseTypeCheckTest#testBug1484445,1141.000000
844,com.google.javascript.jscomp.TypeCheckTest#testForwardTypeDeclaration2,1026.000000
845,com.google.javascript.jscomp.FunctionTypeBuilderTest#testExternSubTypes,994.000000
846,com.google.javascript.jscomp.FlowSensitiveInlineVariablesTest#testCatch,926.000000
847,com.google.javascript.jscomp.CollapsePropertiesTest#testFunctionPropertySetToObjLitConditionally,874.000000
848,com.google.javascript.jscomp.InlineFunctionsTest#testShadowVariables11,852.000000
849,com.google.javascript.jscomp.IntegrationTest#testAliasExterns,835.000000
850,com.google.javascript.jscomp.TypedScopeCreatorTest#testInferredObjectLitProperty1,835.000000
851,com.google.javascript.jscomp.PeepholeRemoveDeadCodeTest#testNoRemoveCall3,800.000000
852,com.google.javascript.jscomp.NameAnalyzerTest#testNoRemoveThrowReference1,792.000000
853,com.google.javascript.jscomp.TypeInferenceTest#testSwitch2,771.000000
854,com.google.javascript.jscomp.ProcessDefinesTest#testOverridingString3,739.000000
855,com.google.javascript.jscomp.CallGraphTest#testGetDirectedGraph_backwardOnForward,714.000000
856,com.google.debugging.sourcemap.SourceMapGeneratorV1Test#testGoldenOutput5,689.000000
857,com.google.javascript.jscomp.FunctionInjectorTest#testInlineReferenceInExpression6,671.000000
858,com.google.javascript.jscomp.CrossModuleMethodMotionTest#testMovePrototypeMethod3,573.000000
859,com.google.javascript.jscomp.LooseTypeCheckTest#testStringNode,524.000000
860,com.google.javascript.jscomp.SemanticReverseAbstractInterpreterTest#testInstanceOf3,348.000000
861,com.google.javascript.rhino.jstype.JSTypeTest#testRegisterProperty,340.000000
862,com.google.javascript.jscomp.NodeUtilTest#testIsNumbericResult,300.000000
863,com.google.javascript.jscomp.AstValidatorTest#testValidExpression1,33.000000
864,com.google.javascript.jscomp.SymbolTableTest#testNaturalSymbolOrdering,1658.000000
865,com.google.javascript.jscomp.CommandLineRunnerTest#testFormattingSingleQuote,1542.000000
866,com.google.javascript.jscomp.DisambiguatePropertiesTest#testOneType2,1395.000000
867,com.google.javascript.jscomp.PureFunctionIdentifierTest#testDeleteOperator1,1364.000000
868,com.google.javascript.jscomp.TightenTypesTest#testCallPrototypeFunctionWithArgs,1363.000000
869,com.google.javascript.jscomp.ReplaceStringsTest#testStartTracer1,1314.000000
870,com.google.javascript.jscomp.CheckAccessControlsTest#testConstantProperty3,1223.000000
871,com.google.javascript.jscomp.AmbiguatePropertiesTest#testRenamingMap,1222.000000
872,com.google.javascript.jscomp.TypeCheckTest#testClosure4,1172.000000
873,com.google.javascript.jscomp.TypeCheckTest#testForwardTypeDeclaration8,1011.000000
874,com.google.javascript.jscomp.FunctionTypeBuilderTest#testBadFunctionTypeDefinition,953.000000
875,com.google.javascript.jscomp.FlowSensitiveInlineVariablesTest#testNoInlineGetProp3,944.000000
876,com.google.javascript.jscomp.IntegrationTest#testsyntheticBlockOnDeadAssignments,894.000000
877,com.google.javascript.jscomp.InlineFunctionsTest#testShadowVariables12,857.000000
878,com.google.javascript.jscomp.CollapsePropertiesTest#testObjLitWithUnusedNumericKey,834.000000
879,com.google.javascript.jscomp.TypedScopeCreatorTest#testBadObjectLiteralCast2,828.000000
880,com.google.javascript.jscomp.NameAnalyzerTest#testTopLevelClass1,811.000000
881,com.google.javascript.jscomp.PeepholeRemoveDeadCodeTest#testNoRemoveCall4,800.000000
882,com.google.javascript.jscomp.TypeCheckTest#testGetTypedPercent2,753.000000
883,com.google.javascript.jscomp.ProcessDefinesTest#testDefineWithBadValue2,693.000000
884,com.google.javascript.jscomp.FunctionInjectorTest#testInlineReferenceInExpression7,669.000000
885,com.google.javascript.jscomp.ShadowVariablesTest#testExportedLocal2,646.000000
886,com.google.debugging.sourcemap.SourceMapGeneratorV3Test#testGoldenOutput0a,558.000000
887,com.google.javascript.jscomp.ClosureReverseAbstractInterpreterTest#testGoogIsObject1,486.000000
888,com.google.javascript.jscomp.VarCheckTest#testNoCreateVarsForLabels,349.000000
889,com.google.javascript.rhino.jstype.JSTypeTest#testGetAndSetJSDocInfoWithNamedType,297.000000
890,com.google.javascript.jscomp.NodeUtilTest#testCallSideEffects,290.000000
891,com.google.javascript.jscomp.deps.DepsFileParserTest#testTooManyArgs,35.000000
892,com.google.javascript.jscomp.CommandLineRunnerTest#testProcessClosurePrimitives,1677.000000
893,com.google.javascript.jscomp.SymbolTableTest#testReferencesInJSDocType2,1627.000000
894,com.google.javascript.jscomp.DisambiguatePropertiesTest#testSubtypesWithSameField,1408.000000
895,com.google.javascript.jscomp.PureFunctionIdentifierTest#testConstructorThatModifiesThis1,1389.000000
896,com.google.javascript.jscomp.TightenTypesTest#testGetElem3,1354.000000
897,com.google.javascript.jscomp.AmbiguatePropertiesTest#testImplementsAndExtends,1340.000000
898,com.google.javascript.jscomp.ReplaceStringsTest#testStartTracer2,1299.000000
899,com.google.javascript.jscomp.TypeCheckTest#testClosure5,1171.000000
900,com.google.javascript.jscomp.TypeCheckTest#testGetelemStruct5,1114.000000
901,com.google.javascript.jscomp.TypeCheckTest#testConversionFromInterfaceToRecursiveConstructor,1110.000000
902,com.google.javascript.jscomp.TypedScopeCreatorTest#testFunctionInAnd,1029.000000
903,com.google.javascript.jscomp.FlowSensitiveInlineVariablesTest#testSimpleAssign,951.000000
904,com.google.javascript.jscomp.IntegrationTest#testChainedCalls,937.000000
905,com.google.javascript.jscomp.TypeCheckFunctionCheckTest#testFunctionArityWithOptionalArgs,933.000000
906,com.google.javascript.jscomp.NameAnalyzerTest#testAnonymous3,864.000000
907,com.google.javascript.jscomp.InlineFunctionsTest#testShadowVariables13,849.000000
908,com.google.javascript.jscomp.CollapsePropertiesTest#testPreserveConstructorDoc,828.000000
909,com.google.javascript.jscomp.PeepholeRemoveDeadCodeTest#testNoRemoveCall5,808.000000
910,com.google.javascript.jscomp.TypeInferenceTest#testAssertWithIsDefAndNotNull,767.000000
911,com.google.javascript.jscomp.ProcessDefinesTest#testReassignWithExpr,699.000000
912,com.google.javascript.jscomp.FunctionInjectorTest#testInlineReferenceInExpression8,671.000000
913,com.google.debugging.sourcemap.SourceMapGeneratorV3Test#testMultilineMapping,641.000000
914,com.google.javascript.jscomp.PeepholeFoldConstantsTest#testCommutativeOperators,640.000000
915,com.google.javascript.jscomp.CrossModuleCodeMotionTest#testLiteralMovement1,491.000000
916,com.google.javascript.jscomp.ClosureReverseAbstractInterpreterTest#testGoogIsDef3,488.000000
917,com.google.javascript.rhino.jstype.JSTypeTest#testEnumElementType,348.000000
918,com.google.javascript.jscomp.CombinedCompilerPassTest#testScopes,267.000000
919,com.google.javascript.jscomp.CompilerOptionsTest#testDefines,48.000000
920,com.google.javascript.jscomp.SymbolTableTest#testConstructorAlias,1649.000000
921,com.google.javascript.jscomp.CommandLineRunnerTest#testVersionFlag,1474.000000
922,com.google.javascript.jscomp.PureFunctionIdentifierTest#testConstructorThatModifiesThis2,1392.000000
923,com.google.javascript.jscomp.DisambiguatePropertiesTest#testObjectLiteral,1337.000000
924,com.google.javascript.jscomp.ReplaceStringsTest#testStartTracer3,1313.000000
925,com.google.javascript.jscomp.TightenTypesTest#testArrayAssignments,1311.000000
926,com.google.javascript.jscomp.AmbiguatePropertiesTest#testExternedPropertyNameDefinedByObjectLiteral,1177.000000
927,com.google.javascript.jscomp.TypeCheckTest#testClosure6,1175.000000
928,com.google.javascript.jscomp.TypeCheckTest#testInferredReturn5,1146.000000
929,com.google.javascript.jscomp.TypedScopeCreatorTest#testInferredProperty3,1033.000000
930,com.google.javascript.jscomp.LooseTypeCheckTest#testMissingProperty24,1020.000000
931,com.google.javascript.jscomp.TypeCheckFunctionCheckTest#testOptArgsLast,950.000000
932,com.google.javascript.jscomp.FlowSensitiveInlineVariablesTest#testMultiDefinitionsBeforeUse,943.000000
933,com.google.javascript.jscomp.InlineFunctionsTest#testShadowVariables14,857.000000
934,com.google.javascript.jscomp.NameAnalyzerTest#testAliasInstanceof4,855.000000
935,com.google.javascript.jscomp.IntegrationTest#testAliasAllStrings,840.000000
936,com.google.javascript.jscomp.PeepholeRemoveDeadCodeTest#testNoRemoveCall6,811.000000
937,com.google.javascript.jscomp.CollapsePropertiesTest#testObjLitDeclarationWithDuplicateKeys,801.000000
938,com.google.javascript.jscomp.ProcessDefinesTest#testNamespacedDefine2a,759.000000
939,com.google.javascript.jscomp.TypeInferenceTest#testInnerFunction2,731.000000
940,com.google.javascript.jscomp.FunctionInjectorTest#testInlineReferenceInExpression9,675.000000
941,com.google.debugging.sourcemap.SourceMapGeneratorV3Test#testMultiFunctionMapping,641.000000
942,com.google.javascript.jscomp.InlineSimpleMethodsTest#testSameNamesSameDefinitions,640.000000
943,com.google.javascript.jscomp.InlineVariablesTest#testInlineAcrossModules,560.000000
944,com.google.javascript.jscomp.ClosureReverseAbstractInterpreterTest#testGoogIsNumber,484.000000
945,com.google.javascript.jscomp.jsonml.JsonMLConversionTest#testObject,377.000000
946,com.google.javascript.rhino.jstype.JSTypeRegistryTest#testForceResolve,228.000000
947,com.google.javascript.jscomp.graph.StandardUnionFindTest#testCopy,12.000000
948,com.google.javascript.jscomp.CommandLineRunnerTest#testSimpleModeLeavesUnusedParams,1638.000000
949,com.google.javascript.jscomp.SymbolTableTest#testReferencesInJSDocName,1628.000000
950,com.google.javascript.jscomp.DisambiguatePropertiesTest#testInterfaceUnionWithCtor,1442.000000
951,com.google.javascript.jscomp.PureFunctionIdentifierTest#testConstructorThatModifiesThis3,1392.000000
952,com.google.javascript.jscomp.ReplaceStringsTest#testRepeatedTracerString,1299.000000
953,com.google.javascript.jscomp.TightenTypesTest#testRestrictToCast,1268.000000
954,com.google.javascript.jscomp.AmbiguatePropertiesTest#testLotsOfVars,1218.000000
955,com.google.javascript.jscomp.TypeCheckTest#testTypeOfReduction10,1173.000000
956,com.google.javascript.jscomp.TypeCheckTest#testStringComparison6,1135.000000
957,com.google.javascript.jscomp.TypeCheckTest#testPrototypeLoop,1087.000000
958,com.google.javascript.jscomp.TypeCheckFunctionCheckTest#testFunctionsWithJsDoc7,1075.000000
959,com.google.javascript.jscomp.TypeCheckFunctionCheckTest#testFunctionAritySimple,941.000000
960,com.google.javascript.jscomp.FlowSensitiveInlineVariablesTest#testNoInlineConstructors,913.000000
961,com.google.javascript.jscomp.NameAnalyzerTest#testAliasInstanceof5,880.000000
962,com.google.javascript.jscomp.CollapsePropertiesTest#testNamespaceDefinedInLocalScope,850.000000
963,com.google.javascript.jscomp.InlineFunctionsTest#testShadowVariables15,849.000000
964,com.google.javascript.jscomp.PeepholeRemoveDeadCodeTest#testMinimizeWhileConstantCondition,845.000000
965,com.google.javascript.jscomp.IntegrationTest#testCheckProvidesWarning,782.000000
966,com.google.javascript.jscomp.TypeInferenceTest#testGetElemDereference,721.000000
967,com.google.javascript.jscomp.ProcessDefinesTest#testOverrideAfterAlias,712.000000
968,com.google.javascript.jscomp.CreateSyntheticBlocksTest#testDenormalize,671.000000
969,com.google.debugging.sourcemap.SourceMapGeneratorV3Test#testLiteralMappingsGoldenOutput,592.000000
970,com.google.javascript.jscomp.FunctionInjectorTest#testInline11,549.000000
971,com.google.javascript.jscomp.VarCheckTest#testLocalVar,407.000000
972,com.google.javascript.jscomp.SemanticReverseAbstractInterpreterTest#testSheqCondition4,336.000000
973,com.google.javascript.jscomp.NodeTraversalTest#testUnexpectedException,266.000000
974,com.google.javascript.rhino.jstype.UnionTypeTest#testProxyUnionType,236.000000
975,com.google.javascript.jscomp.GlobalNamespaceTest#testRemoveDeclaration1,11.000000
976,com.google.javascript.jscomp.SymbolTableTest#testMethodReferences,1700.000000
977,com.google.javascript.jscomp.CommandLineRunnerTest#testOutputSameAsInput,1433.000000
978,com.google.javascript.jscomp.DisambiguatePropertiesTest#testScopedType,1318.000000
979,com.google.javascript.jscomp.PureFunctionIdentifierTest#testAnnotationInExternStubs1,1318.000000
980,com.google.javascript.jscomp.ReplaceStringsTest#testReserved,1316.000000
981,com.google.javascript.jscomp.TightenTypesTest#testComma,1199.000000
982,com.google.javascript.jscomp.TypeCheckTest#testTypeOfReduction11,1173.000000
983,com.google.javascript.jscomp.TypeCheckTest#testExtendBuiltInType2,1119.000000
984,com.google.javascript.jscomp.AmbiguatePropertiesTest#testSetQuotedPropertyOfThis,1085.000000
985,com.google.javascript.jscomp.TypeCheckTest#testStubConstructorImplementingInterface,995.000000
986,com.google.javascript.jscomp.TypedScopeCreatorTest#testEnumElement,942.000000
987,com.google.javascript.jscomp.InlineFunctionsTest#testShadowVariables16,939.000000
988,com.google.javascript.jscomp.TypeCheckFunctionCheckTest#testFunctionArityWithVarArgs,933.000000
989,com.google.javascript.jscomp.FlowSensitiveInlineVariablesTest#testNoInlineObjectLits,923.000000
990,com.google.javascript.jscomp.IntegrationTest#testCrossModuleCodeMotion,862.000000
991,com.google.javascript.jscomp.PeepholeRemoveDeadCodeTest#testNoSimplifyFunctionArgs2,813.000000
992,com.google.javascript.jscomp.NameAnalyzerTest#testExpressions1,802.000000
993,com.google.javascript.jscomp.RemoveUnusedVarsTest#testRemoveInheritedClass11,785.000000
994,com.google.javascript.jscomp.TypeInferenceTest#testInstanceOf6,737.000000
995,com.google.javascript.jscomp.RenamePrototypesTest#testStableOverlap,734.000000
996,com.google.javascript.jscomp.ProcessDefinesTest#testOverriding1,732.000000
997,com.google.javascript.jscomp.FunctionInjectorTest#testInline12,621.000000
998,com.google.debugging.sourcemap.SourceMapGeneratorV3Test#testBasicDeterminism,558.000000
999,com.google.javascript.jscomp.CrossModuleCodeMotionTest#testLiteralMovement3,480.000000
1000,com.google.javascript.jscomp.SemanticReverseAbstractInterpreterTest#testAssignCondition1,328.000000
1001,com.google.javascript.jscomp.NodeUtilTest#testGetExpressionBooleanValue,293.000000
1002,com.google.javascript.rhino.jstype.JSTypeRegistryTest#testGenerationIncrementing1,224.000000
1003,com.google.javascript.jscomp.JsMessageTest#testMeaningChangesId,16.000000
1004,com.google.javascript.jscomp.SymbolTableTest#testGlobalThisReferences2,1611.000000
1005,com.google.javascript.jscomp.CommandLineRunnerTest#testDefineFlag2,1563.000000
1006,com.google.javascript.jscomp.DisambiguatePropertiesTest#testPrototypeAndInstance,1361.000000
1007,com.google.javascript.jscomp.PureFunctionIdentifierTest#testAnnotationInExternStubs2,1318.000000
1008,com.google.javascript.jscomp.TightenTypesTest#testThis,1314.000000
1009,com.google.javascript.jscomp.ReplaceStringsTest#testRepeatedLoggerString,1299.000000
1010,com.google.javascript.jscomp.TypeCheckTest#testTypeOfReduction13,1231.000000
1011,com.google.javascript.jscomp.AmbiguatePropertiesTest#testOneVar1,1216.000000
1012,com.google.javascript.jscomp.TypedScopeCreatorTest#testObjectLiteralCast,1102.000000
1013,com.google.javascript.jscomp.TypeCheckTest#testAddSingletonGetter,1091.000000
1014,com.google.javascript.jscomp.TypeCheckTest#testForwardTypeDeclaration3,1056.000000
1015,com.google.javascript.jscomp.FlowSensitiveInlineVariablesTest#testNoInlineGetProp,928.000000
1016,com.google.javascript.jscomp.IntegrationTest#testCollapseObjectLiteral2,915.000000
1017,com.google.javascript.jscomp.InlineFunctionsTest#testShadowVariables17,871.000000
1018,com.google.javascript.jscomp.NameAnalyzerTest#testExpressions2,826.000000
1019,com.google.javascript.jscomp.PeepholeRemoveDeadCodeTest#testNoSimplifyFunctionArgs3,822.000000
1020,com.google.javascript.jscomp.InlineFunctionsTest#testComplexSampleNoInline,781.000000
1021,com.google.javascript.jscomp.TypedScopeCreatorTest#testDeclaredCatchExpression1,758.000000
1022,com.google.javascript.jscomp.AliasExternalsTest#testAliasableAndUnaliasableGlobals,757.000000
1023,com.google.javascript.jscomp.ProcessDefinesTest#testOverriding2,732.000000
1024,com.google.javascript.jscomp.TypeCheckTest#testGetTypedPercent6,721.000000
1025,com.google.javascript.jscomp.FunctionInjectorTest#testInline13,634.000000
1026,com.google.debugging.sourcemap.SourceMapGeneratorV3Test#testBasicMappingGoldenOutput,570.000000
1027,com.google.javascript.jscomp.CheckProvidesTest#testGoogProvideMissingConstructorIsOkForNow,435.000000
1028,com.google.javascript.jscomp.JsMessageExtractorTest#testExtractMixedMessages,396.000000
1029,com.google.javascript.jscomp.SemanticReverseAbstractInterpreterTest#testEqCondition1,340.000000
1030,com.google.javascript.jscomp.ConcreteTypeTest#testIntersectionWith,199.000000
1031,com.google.javascript.jscomp.DotFormatterTest#testToDotSimple,17.000000
1032,com.google.javascript.jscomp.SymbolTableTest#testGlobalVarInExterns,1667.000000
1033,com.google.javascript.jscomp.CommandLineRunnerTest#testSourcePruningOn1,1600.000000
1034,com.google.javascript.jscomp.DisambiguatePropertiesTest#testMismatchInvalidation,1369.000000
1035,com.google.javascript.jscomp.ReplaceStringsTest#testLoggerOnObject3a,1333.000000
1036,com.google.javascript.jscomp.PureFunctionIdentifierTest#testAnnotationInExternStubs3,1315.000000
1037,com.google.javascript.jscomp.AmbiguatePropertiesTest#testOneVar2,1213.000000
1038,com.google.javascript.jscomp.TypeCheckTest#testTypeOfReduction14,1169.000000
1039,com.google.javascript.jscomp.TightenTypesTest#testConstructorParameterSlots,1160.000000
1040,com.google.javascript.jscomp.TypedScopeCreatorTest#testTypedStubsInExterns,1097.000000
1041,com.google.javascript.jscomp.TypeCheckTest#testNoTypeCheck14,1087.000000
1042,com.google.javascript.jscomp.TypeCheckTest#testForwardTypeDeclaration4,1030.000000
1043,com.google.javascript.jscomp.FlowSensitiveInlineVariablesTest#testDoNotInlineCatchExpression1a,978.000000
1044,com.google.javascript.jscomp.InlineFunctionsTest#testShadowVariables18,957.000000
1045,com.google.javascript.jscomp.IntegrationTest#testShadowVaribles,852.000000
1046,com.google.javascript.jscomp.PeepholeRemoveDeadCodeTest#testFoldConstantCommaExpressions,844.000000
1047,com.google.javascript.jscomp.TypedScopeCreatorTest#testInferredVar,832.000000
1048,com.google.javascript.jscomp.AliasExternalsTest#testGlobalAlias,831.000000
1049,com.google.javascript.jscomp.NameAnalyzerTest#testExpressions3,826.000000
1050,com.google.javascript.jscomp.TypeInferenceTest#testHook,750.000000
1051,com.google.javascript.jscomp.ProcessDefinesTest#testOverriding3,728.000000
1052,com.google.javascript.jscomp.ClosureRewriteClassTest#testInnerClass1,683.000000
1053,com.google.javascript.jscomp.FunctionInjectorTest#testInline14,636.000000
1054,com.google.debugging.sourcemap.SourceMapGeneratorV3Test#testSourceMapMerging,625.000000
1055,com.google.javascript.jscomp.CheckProvidesTest#testMissingGoogProvide,494.000000
1056,com.google.javascript.jscomp.SemanticReverseAbstractInterpreterTest#testInstanceOf4,350.000000
1057,com.google.javascript.jscomp.ControlFlowAnalysisTest#testSynBlock,314.000000
1058,com.google.javascript.jscomp.parsing.IRFactoryTest#testLabel2,280.000000
1059,com.google.javascript.jscomp.graph.GraphReachabilityTest#testSimple,32.000000
1060,com.google.javascript.jscomp.SymbolTableTest#testGlobalThisReferences,1663.000000
1061,com.google.javascript.jscomp.CommandLineRunnerTest#testSourcePruningOn2,1602.000000
1062,com.google.javascript.jscomp.DisambiguatePropertiesTest#testIgnoreUnknownType,1499.000000
1063,com.google.javascript.jscomp.AmbiguatePropertiesTest#testExtends,1312.000000
1064,com.google.javascript.jscomp.ReplaceStringsTest#testLoggerInitialization,1296.000000
1065,com.google.javascript.jscomp.TightenTypesTest#testOr,1253.000000
1066,com.google.javascript.jscomp.LooseTypeCheckTest#testInnerFunction6,1231.000000
1067,com.google.javascript.jscomp.PureFunctionIdentifierTest#testAnnotationInExternStubs5,1226.000000
1068,com.google.javascript.jscomp.TypeCheckTest#testIssue725,1156.000000
1069,com.google.javascript.jscomp.TypeCheckTest#testForwardTypeDeclaration5,1057.000000
1070,com.google.javascript.jscomp.TypedScopeCreatorTest#testDuplicateExternProperty1,1042.000000
1071,com.google.javascript.jscomp.FlowSensitiveInlineVariablesTest#testDoNotExitLoop,934.000000
1072,com.google.javascript.jscomp.InlineFunctionsTest#testCostBasedInlining10,887.000000
1073,com.google.javascript.jscomp.IntegrationTest#testOptimizeReturns,883.000000
1074,com.google.javascript.jscomp.PeepholeRemoveDeadCodeTest#testObjectLiteral,826.000000
1075,com.google.javascript.jscomp.TypedScopeCreatorTest#testReturnTypeInference1,816.000000
1076,com.google.javascript.jscomp.TypeInferenceTest#testAssert5,795.000000
1077,com.google.javascript.jscomp.NameAnalyzerTest#testRemoveRecursiveFunction1,790.000000
1078,com.google.javascript.jscomp.AliasExternalsTest#testNoAliasAnnotationForFunction,769.000000
1079,com.google.javascript.jscomp.RenamePropertiesTest#testPropertyAffinity,736.000000
1080,com.google.javascript.jscomp.ProcessDefinesTest#testBasicDefine1,726.000000
1081,com.google.debugging.sourcemap.SourceMapGeneratorV3Test#testLiteralMappings,641.000000
1082,com.google.javascript.jscomp.FunctionInjectorTest#testInline16,633.000000
1083,com.google.javascript.jscomp.CheckProvidesTest#testMissingGoogProvideWithNamespace,503.000000
1084,com.google.javascript.jscomp.ClosureReverseAbstractInterpreterTest#testGoogIsArray2,479.000000
1085,com.google.javascript.jscomp.parsing.JsDocInfoParserTest#testParseMeaning3,280.000000
1086,com.google.javascript.jscomp.ClosureCodingConventionTest#testInheritanceDetection9,264.000000
1087,com.google.javascript.jscomp.regex.CharRangesTest#testDifference,9.000000
1088,com.google.javascript.jscomp.SymbolTableTest#testLocalThisReferences,1660.000000
1089,com.google.javascript.jscomp.CommandLineRunnerTest#testSourcePruningOn3,1617.000000
1090,com.google.javascript.jscomp.DisambiguatePropertiesTest#testExtendNativeType,1424.000000
1091,com.google.javascript.jscomp.PureFunctionIdentifierTest#testExternCalls,1341.000000
1092,com.google.javascript.jscomp.ReplaceStringsTest#testStable1,1316.000000
1093,com.google.javascript.jscomp.LooseTypeCheckTest#testInnerFunction7,1237.000000
1094,com.google.javascript.jscomp.AmbiguatePropertiesTest#testTwoVar1,1221.000000
1095,com.google.javascript.jscomp.TightenTypesTest#testParameterSlots,1195.000000
1096,com.google.javascript.jscomp.TypeCheckTest#testMissingProperty42,1143.000000
1097,com.google.javascript.jscomp.TypedScopeCreatorTest#testGlobalQualifiedNameInLocalScope,1113.000000
1098,com.google.javascript.jscomp.TypeCheckTest#testReflectObject1,1023.000000
1099,com.google.javascript.jscomp.FlowSensitiveInlineVariablesTest#testDoNotInlineCatchExpression1,963.000000
1100,com.google.javascript.jscomp.InlineFunctionsTest#testCostBasedInlining11,962.000000
1101,com.google.javascript.jscomp.TypedScopeCreatorTest#testInferredProperty1,870.000000
1102,com.google.javascript.jscomp.InlineObjectLiteralsTest#testObject10,822.000000
1103,com.google.javascript.jscomp.NameAnalyzerTest#testRemoveRecursiveFunction2,796.000000
1104,com.google.javascript.jscomp.PeepholeRemoveDeadCodeTest#testCall1,790.000000
1105,com.google.javascript.jscomp.IntegrationTest#testIssue701,762.000000
1106,com.google.javascript.jscomp.AliasExternalsTest#testNoAliasAnnotationForSingleVar,759.000000
1107,com.google.javascript.jscomp.TypeInferenceTest#testDo,746.000000
1108,com.google.javascript.jscomp.ProcessDefinesTest#testBasicDefine2,730.000000
1109,com.google.javascript.jscomp.FunctionInjectorTest#testInline17,636.000000
1110,com.google.debugging.sourcemap.SourceMapGeneratorV3Test#testBasicMapping1,619.000000
1111,com.google.javascript.jscomp.ClosureReverseAbstractInterpreterTest#testGoogIsString1,484.000000
1112,com.google.javascript.jscomp.AliasStringsTest#testEmptyModules,457.000000
1113,com.google.javascript.jscomp.ObjectPropertyStringPreprocessTest#testStringLiteralExpectedError,354.000000
1114,com.google.javascript.rhino.jstype.JSTypeTest#testEnumType,343.000000
1115,com.google.javascript.jscomp.VariableMapTest#testFromBytesComplex2,9.000000
1116,com.google.javascript.jscomp.SymbolTableTest#testUndeclaredFieldReferences,1713.000000
1117,com.google.javascript.jscomp.CommandLineRunnerTest#testSourcePruningOn4,1618.000000
1118,com.google.javascript.jscomp.DisambiguatePropertiesTest#testIgnoreUnknownType1,1501.000000
1119,com.google.javascript.jscomp.PureFunctionIdentifierTest#testAnnotationInExternStubs1b,1318.000000
1120,com.google.javascript.jscomp.ReplaceStringsTest#testStable2,1316.000000
1121,com.google.javascript.jscomp.TightenTypesTest#testImplicitCallFromPropertyOfUnion,1315.000000
1122,com.google.javascript.jscomp.AmbiguatePropertiesTest#testFunctionSubType2,1215.000000
1123,com.google.javascript.jscomp.LooseTypeCheckTest#testInnerFunction8,1203.000000
1124,com.google.javascript.jscomp.TypeCheckTest#testInterfaceInheritanceCheck3,1110.000000
1125,com.google.javascript.jscomp.TypeCheckTest#testImplementsLoop,1096.000000
1126,com.google.javascript.jscomp.TypedScopeCreatorTest#testPropertyDeclarationOnRecordType,981.000000
1127,com.google.javascript.jscomp.FlowSensitiveInlineVariablesTest#testDoNotInlineCatchExpression3,963.000000
1128,com.google.javascript.jscomp.TypedScopeCreatorTest#testInferredProperty2,844.000000
1129,com.google.javascript.jscomp.IntegrationTest#testOptimizeArgumentsArray,829.000000
1130,com.google.javascript.jscomp.AliasExternalsTest#testGetProp,817.000000
1131,com.google.javascript.jscomp.NameAnalyzerTest#testRemoveRecursiveFunction3,807.000000
1132,com.google.javascript.jscomp.InlineFunctionsTest#testInlineEmptyFunction1,800.000000
1133,com.google.javascript.jscomp.PeepholeRemoveDeadCodeTest#testCall2,791.000000
1134,com.google.javascript.jscomp.TypeInferenceTest#testArrayLit,767.000000
1135,com.google.javascript.jscomp.ProcessDefinesTest#testBasicDefine3,733.000000
1136,com.google.javascript.jscomp.CheckSideEffectsTest#testJSDocComments,693.000000
1137,com.google.javascript.jscomp.FunctionInjectorTest#testInline18,638.000000
1138,com.google.debugging.sourcemap.SourceMapGeneratorV3Test#testBasicMapping2,623.000000
1139,com.google.javascript.jscomp.AliasStringsTest#testStringsInModules2,463.000000
1140,com.google.javascript.rhino.jstype.JSTypeTest#testAllType,339.000000
1141,com.google.javascript.jscomp.LinkedFlowScopeTest#testJoin1,337.000000
1142,com.google.javascript.jscomp.SyntacticScopeCreatorTest#testRedeclaration2,323.000000
1143,com.google.javascript.jscomp.graph.GraphTest#testDirectedConnectIfNotFound,42.000000
1144,com.google.javascript.jscomp.CommandLineRunnerTest#testSourcePruningOn6,1620.000000
1145,com.google.javascript.jscomp.SymbolTableTest#testLocalVarInExterns,1612.000000
1146,com.google.javascript.jscomp.DisambiguatePropertiesTest#testUnionType,1383.000000
1147,com.google.javascript.jscomp.PureFunctionIdentifierTest#testAnnotationInExternStubs2b,1318.000000
1148,com.google.javascript.jscomp.TightenTypesTest#testImplicitCallFromProperty,1315.000000
1149,com.google.javascript.jscomp.AmbiguatePropertiesTest#testStaticAndInstanceMethodWithSameName,1283.000000
1150,com.google.javascript.jscomp.CheckAccessControlsTest#testPrivateAccessForProperties4,1247.000000
1151,com.google.javascript.jscomp.LooseTypeCheckTest#testTypeOfReduction8,1217.000000
1152,com.google.javascript.jscomp.TypedScopeCreatorTest#testClosureParameterTypesWithJSDoc,1070.000000
1153,com.google.javascript.jscomp.TypeCheckTest#testForwardTypeDeclaration10,1035.000000
1154,com.google.javascript.jscomp.FlowSensitiveInlineVariablesTest#testDoNotInlineCatchExpression4,925.000000
1155,com.google.javascript.jscomp.IntegrationTest#testMarkNoSideEffects,908.000000
1156,com.google.javascript.jscomp.InlineFunctionsTest#testInlineEmptyFunction2,814.000000
1157,com.google.javascript.jscomp.NameAnalyzerTest#testRemoveRecursiveFunction4,806.000000
1158,com.google.javascript.jscomp.AliasExternalsTest#testNewOperator,782.000000
1159,com.google.javascript.jscomp.PeepholeRemoveDeadCodeTest#testHook1,781.000000
1160,com.google.javascript.jscomp.TypeInferenceTest#testInstanceOf2,773.000000
1161,com.google.javascript.jscomp.ProcessDefinesTest#testReassignAfterRef,713.000000
1162,com.google.javascript.jscomp.FunctionInjectorTest#testInline19,648.000000
1163,com.google.javascript.jscomp.CrossModuleMethodMotionTest#testInnerFunctionClosureVariableReads,610.000000
1164,com.google.javascript.jscomp.SanityCheckTest#testUnnormalized,522.000000
1165,com.google.debugging.sourcemap.SourceMapGeneratorV3Test#testGoldenOutput0,472.000000
1166,com.google.javascript.rhino.jstype.JSTypeTest#testAnonymousEnumElementChain,352.000000
1167,com.google.javascript.jscomp.LooseTypeCheckTest#testInitialTypingScope,348.000000
1168,com.google.javascript.jscomp.ClosureCodingConventionTest#testFunctionBind,277.000000
1169,com.google.javascript.jscomp.DataFlowAnalysisTest#testSimpleLoop,41.000000
1170,com.google.javascript.jscomp.SymbolTableTest#testNamespacedReferences,1678.000000
1171,com.google.javascript.jscomp.CommandLineRunnerTest#testSourcePruningOn7,1577.000000
1172,com.google.javascript.jscomp.PureFunctionIdentifierTest#testLocalizedSideEffects1,1405.000000
1173,com.google.javascript.jscomp.DisambiguatePropertiesTest#testTwoFields,1362.000000
1174,com.google.javascript.jscomp.AmbiguatePropertiesTest#testPropertyOnParamOfUnknownType,1240.000000
1175,com.google.javascript.jscomp.TightenTypesTest#testTopLevelVariables,1198.000000
1176,com.google.javascript.jscomp.LooseTypeCheckTest#testTypeOfReduction9,1173.000000
1177,com.google.javascript.jscomp.TypeCheckTest#testDuplicateStaticPropertyDecl4,1046.000000
1178,com.google.javascript.jscomp.TypedScopeCreatorTest#testInferredProperty4,1029.000000
1179,com.google.javascript.jscomp.TypeCheckTest#testForwardTypeDeclaration12,992.000000
1180,com.google.javascript.jscomp.FlowSensitiveInlineVariablesTest#testAssignmentBeforeDefinition,943.000000
1181,com.google.javascript.jscomp.IntegrationTest#testIdGenerators,834.000000
1182,com.google.javascript.jscomp.InlineFunctionsTest#testInlineEmptyFunction3,830.000000
1183,com.google.javascript.jscomp.PeepholeRemoveDeadCodeTest#testHook2,823.000000
1184,com.google.javascript.jscomp.NameAnalyzerTest#testRemoveRecursiveFunction5,806.000000
1185,com.google.javascript.jscomp.AliasExternalsTest#testGlobalAssigment,788.000000
1186,com.google.javascript.jscomp.UnreachableCodeEliminationTest#testRemoveUnreachableCode,776.000000
1187,com.google.javascript.jscomp.ProcessDefinesTest#testNamespacedDefine1,763.000000
1188,com.google.javascript.jscomp.TypeInferenceTest#testUnary,723.000000
1189,com.google.javascript.jscomp.CrossModuleMethodMotionTest#testMovePrototypeRecursiveMethod,610.000000
1190,com.google.debugging.sourcemap.SourceMapGeneratorV3Test#testGoldenOutput1,604.000000
1191,com.google.javascript.jscomp.FunctionInjectorTest#testInline1,532.000000
1192,com.google.javascript.rhino.jstype.JSTypeTest#testNoResolvedType,347.000000
1193,com.google.javascript.jscomp.SemanticReverseAbstractInterpreterTest#testInequalitiesCondition2,335.000000
1194,com.google.javascript.jscomp.NodeUtilTest#testRemoveForChild,302.000000
1195,com.google.javascript.jscomp.graph.GraphTest#testDirectedInAndOutEdges,29.000000
1196,com.google.javascript.jscomp.SymbolTableTest#testGlobalVarReferences,1640.000000
1197,com.google.javascript.jscomp.CommandLineRunnerTest#testWarningGuardOrdering1,1627.000000
1198,com.google.javascript.jscomp.DisambiguatePropertiesTest#testTwoInterfacesWithSomeInheritance,1409.000000
1199,com.google.javascript.jscomp.PureFunctionIdentifierTest#testLocalizedSideEffects5,1385.000000
1200,com.google.javascript.jscomp.TightenTypesTest#testCallFunctionWithArgs,1355.000000
1201,com.google.javascript.jscomp.AmbiguatePropertiesTest#testOverlappingOriginalAndGeneratedNames,1279.000000
1202,com.google.javascript.jscomp.LooseTypeCheckTest#testClosure1,1169.000000
1203,com.google.javascript.jscomp.TypeCheckTest#testFilter2,1157.000000
1204,com.google.javascript.jscomp.InferJSDocInfoTest#testNativeCtor,1067.000000
1205,com.google.javascript.jscomp.TypeCheckTest#testInterfaceExtendsLoop,1048.000000
1206,com.google.javascript.jscomp.FlowSensitiveInlineVariablesTest#testInlineExpression7,915.000000
1207,com.google.javascript.jscomp.InlineFunctionsTest#testInlineEmptyFunction4,885.000000
1208,com.google.javascript.jscomp.PeepholeRemoveDeadCodeTest#testHook3,824.000000
1209,com.google.javascript.jscomp.NameAnalyzerTest#testRemoveRecursiveFunction6,819.000000
1210,com.google.javascript.jscomp.AliasExternalsTest#testIgnoredOps,793.000000
1211,com.google.javascript.jscomp.TypeInferenceTest#testIf1a,778.000000
1212,com.google.javascript.jscomp.IntegrationTest#testAlwaysRunSafetyCheck,771.000000
1213,com.google.javascript.jscomp.ProcessDefinesTest#testNamespacedDefine4,759.000000
1214,com.google.javascript.jscomp.ExtractPrototypeMemberDeclarationsTest#testExtractingPrototypeWithQName,691.000000
1215,com.google.debugging.sourcemap.SourceMapGeneratorV3Test#testGoldenOutput2,590.000000
1216,com.google.javascript.jscomp.FunctionInjectorTest#testInline2,585.000000
1217,com.google.javascript.jscomp.CrossModuleMethodMotionTest#testMoveMethodsUsedInTwoModules,562.000000
1218,com.google.javascript.jscomp.JsMessageVisitorTest#testErrorWhenUsingMsgPrefixWithFallback,394.000000
1219,com.google.javascript.jscomp.SemanticReverseAbstractInterpreterTest#testInequalitiesCondition3,338.000000
1220,com.google.javascript.jscomp.ConcreteTypeTest#testFunction,196.000000
1221,com.google.javascript.jscomp.MemoizedScopeCreatorTest#testPreconditionCheck,126.000000
1222,com.google.javascript.jscomp.SymbolTableTest#testMethodInAnonObject1,1677.000000
1223,com.google.javascript.jscomp.CommandLineRunnerTest#testWarningGuardOrdering3,1627.000000
1224,com.google.javascript.jscomp.PureFunctionIdentifierTest#testLocalizedSideEffects6,1384.000000
1225,com.google.javascript.jscomp.DisambiguatePropertiesTest#testSkipNativeObjectMethod,1356.000000
1226,com.google.javascript.jscomp.TightenTypesTest#testReturnSlot,1228.000000
1227,com.google.javascript.jscomp.AmbiguatePropertiesTest#testTwoTypesTwoVar,1218.000000
1228,com.google.javascript.jscomp.LooseTypeCheckTest#testClosure2,1169.000000
1229,com.google.javascript.jscomp.TypeCheckTest#testInOnStruct,1098.000000
1230,com.google.javascript.jscomp.InferJSDocInfoTest#testInstanceObject,1085.000000
1231,com.google.javascript.jscomp.TypeCheckTest#testCast14,1006.000000
1232,com.google.javascript.jscomp.IntegrationTest#testSmartNamePass,964.000000
1233,com.google.javascript.jscomp.FlowSensitiveInlineVariablesTest#testInlineExpression8,944.000000
1234,com.google.javascript.jscomp.AliasExternalsTest#testUnaliasable,824.000000
1235,com.google.javascript.jscomp.NameAnalyzerTest#testRemoveRecursiveFunction7,812.000000
1236,com.google.javascript.jscomp.PeepholeRemoveDeadCodeTest#testHook4,808.000000
1237,com.google.javascript.jscomp.InlineFunctionsTest#testInlineEmptyFunction5,765.000000
1238,com.google.javascript.jscomp.TypeInferenceTest#testFlattening,745.000000
1239,com.google.javascript.jscomp.ProcessDefinesTest#testAssignBeforeDeclaration2,704.000000
1240,com.google.javascript.jscomp.DevirtualizePrototypeMethodsTest#testRewritePrototypeNoObjectLiterals,673.000000
1241,com.google.javascript.jscomp.CrossModuleMethodMotionTest#testNoClosureVariableReads1,612.000000
1242,com.google.javascript.jscomp.FunctionInjectorTest#testInline3,593.000000
1243,com.google.debugging.sourcemap.SourceMapGeneratorV3Test#testGoldenOutput3,558.000000
1244,com.google.javascript.jscomp.SemanticReverseAbstractInterpreterTest#testTypeof3,356.000000
1245,com.google.javascript.jscomp.parsing.JsDocInfoParserTest#testParseFunctionalType17,346.000000
1246,com.google.javascript.jscomp.jsonml.JsonMLConversionTest#testLabels,343.000000
1247,com.google.javascript.jscomp.GoogleCodingConventionTest#testPrivateName,17.000000
1248,com.google.javascript.jscomp.SymbolTableTest#testMethodInAnonObject2,1669.000000
1249,com.google.javascript.jscomp.CommandLineRunnerTest#testSourceMapFormat1,1544.000000
1250,com.google.javascript.jscomp.PureFunctionIdentifierTest#testLocalizedSideEffects7,1392.000000
1251,com.google.javascript.jscomp.TightenTypesTest#testSetTimeout,1387.000000
1252,com.google.javascript.jscomp.DisambiguatePropertiesTest#testMultipleInterfaces,1366.000000
1253,com.google.javascript.jscomp.AmbiguatePropertiesTest#testTwoIndependentVar,1218.000000
1254,com.google.javascript.jscomp.LooseTypeCheckTest#testClosure3,1172.000000
1255,com.google.javascript.jscomp.TypeCheckTest#testTypeOfReduction5,1162.000000
1256,com.google.javascript.jscomp.InferJSDocInfoTest#testNamespacedCtor,1135.000000
1257,com.google.javascript.jscomp.TypeCheckTest#testFunctionArguments17,1006.000000
1258,com.google.javascript.jscomp.FlowSensitiveInlineVariablesTest#testInlineExpression9,959.000000
1259,com.google.javascript.jscomp.IntegrationTest#testRenameVars2,862.000000
1260,com.google.javascript.jscomp.InlineFunctionsTest#testMixedModeInliningCosting2,849.000000
1261,com.google.javascript.jscomp.NameAnalyzerTest#testRemoveRecursiveFunction8,836.000000
1262,com.google.javascript.jscomp.AliasExternalsTest#testSetProp,821.000000
1263,com.google.javascript.jscomp.PeepholeRemoveDeadCodeTest#testHook5,819.000000
1264,com.google.javascript.jscomp.TypeInferenceTest#testAssertWithNotIsNull,768.000000
1265,com.google.javascript.jscomp.ProcessDefinesTest#testSimpleReassign1,748.000000
1266,com.google.javascript.jscomp.RescopeGlobalSymbolsTest#testForLoops,669.000000
1267,com.google.javascript.jscomp.CrossModuleMethodMotionTest#testNoClosureVariableReads2,609.000000
1268,com.google.debugging.sourcemap.SourceMapGeneratorV3Test#testGoldenOutput4,561.000000
1269,com.google.javascript.jscomp.FunctionInjectorTest#testInline4,532.000000
1270,com.google.javascript.jscomp.PrepareAstTest#testJsDocNormalization,397.000000
1271,com.google.javascript.jscomp.SemanticReverseAbstractInterpreterTest#testTypeof4,360.000000
1272,com.google.javascript.jscomp.parsing.JsDocInfoParserTest#testWhitelistedAnnotations,289.000000
1273,com.google.javascript.rhino.jstype.TernaryValueTest#testXor,7.000000
1274,com.google.javascript.jscomp.SymbolTableTest#testNamespaceDefinitionOrder,1661.000000
1275,com.google.javascript.jscomp.CommandLineRunnerTest#testSourceMapFormat2,1544.000000
1276,com.google.javascript.jscomp.DisambiguatePropertiesTest#testUnionTypeInvalidation,1412.000000
1277,com.google.javascript.jscomp.PureFunctionIdentifierTest#testLocalizedSideEffects8,1402.000000
1278,com.google.javascript.jscomp.TightenTypesTest#testAllPropertyReference,1382.000000
1279,com.google.javascript.jscomp.AmbiguatePropertiesTest#testPrototypePropertiesAsObjLitKeys1,1230.000000
1280,com.google.javascript.jscomp.LooseTypeCheckTest#testClosure4,1173.000000
1281,com.google.javascript.jscomp.TypeCheckTest#testLends7,1120.000000
1282,com.google.javascript.jscomp.TypeCheckFunctionCheckTest#testFunctionsWithJsDoc1,1038.000000
1283,com.google.javascript.jscomp.TypeCheckTest#testMissingProperty24,1017.000000
1284,com.google.javascript.jscomp.InlineFunctionsTest#testMixedModeInliningCosting3,952.000000
1285,com.google.javascript.jscomp.FlowSensitiveInlineVariablesTest#testInlineArguments,900.000000
1286,com.google.javascript.jscomp.NameAnalyzerTest#testRemoveRecursiveFunction9,863.000000
1287,com.google.javascript.jscomp.IntegrationTest#testExploitAssigns,847.000000
1288,com.google.javascript.jscomp.PeepholeRemoveDeadCodeTest#testHook6,823.000000
1289,com.google.javascript.jscomp.AliasExternalsTest#testAliasableGlobals,809.000000
1290,com.google.javascript.jscomp.TypeInferenceTest#testAssert1a,770.000000
1291,com.google.debugging.sourcemap.SourceMapGeneratorV3Test#testGoldenOutput5,698.000000
1292,com.google.javascript.jscomp.ProcessCommonJSModulesTest#testExports,682.000000
1293,com.google.javascript.jscomp.ProcessDefinesTest#testEmptyDeclaration,676.000000
1294,com.google.javascript.jscomp.CrossModuleMethodMotionTest#testGlobalFunctionsInGraph,611.000000
1295,com.google.javascript.jscomp.FunctionInjectorTest#testInline5,599.000000
1296,com.google.javascript.jscomp.SemanticReverseAbstractInterpreterTest#testNameCondition,331.000000
1297,com.google.javascript.jscomp.NodeUtilTest#testGetArrayStringValue,267.000000
1298,com.google.javascript.jscomp.parsing.IRFactoryTest#testStrictScript,259.000000
1299,com.google.javascript.rhino.NodeTest#testFileLevelJSDocAppender,22.000000
1300,com.google.javascript.jscomp.CommandLineRunnerTest#testSourceSortingOn2,1626.000000
1301,com.google.javascript.jscomp.SymbolTableTest#testSymbolForScopeOfNatives,1612.000000
1302,com.google.javascript.jscomp.PureFunctionIdentifierTest#testLocalizedSideEffects9,1407.000000
1303,com.google.javascript.jscomp.DisambiguatePropertiesTest#testTypedExterns,1395.000000
1304,com.google.javascript.jscomp.AmbiguatePropertiesTest#testImplementsAndExtends2,1325.000000
1305,com.google.javascript.jscomp.TightenTypesTest#testAssign,1188.000000
1306,com.google.javascript.jscomp.LooseTypeCheckTest#testClosure5,1173.000000
1307,com.google.javascript.jscomp.LooseTypeCheckTest#testInheritanceCheck14,1133.000000
1308,com.google.javascript.jscomp.TypeCheckTest#testMissingProperty27,1064.000000
1309,com.google.javascript.jscomp.TypeCheckFunctionCheckTest#testFunctionsWithJsDoc2,1038.000000
1310,com.google.javascript.jscomp.FlowSensitiveInlineVariablesTest#testInlineSameVariableInStraightLine,936.000000
1311,com.google.javascript.jscomp.CollapsePropertiesTest#testAliasCreatedForEnumOfObjects2,892.000000
1312,com.google.javascript.jscomp.NameAnalyzerTest#testTopLevelClass2,863.000000
1313,com.google.javascript.jscomp.IntegrationTest#testExportTestFunctionsOn,862.000000
1314,com.google.javascript.jscomp.InlineFunctionsTest#testMixedModeInliningCosting4,849.000000
1315,com.google.javascript.jscomp.PeepholeRemoveDeadCodeTest#testHook7,824.000000
1316,com.google.javascript.jscomp.TypeInferenceTest#testAssertInstanceof1,759.000000
1317,com.google.javascript.jscomp.ProcessDefinesTest#testMisspelledOverride,740.000000
1318,com.google.debugging.sourcemap.SourceMapGeneratorV2Test#testMultiFunctionMapping,631.000000
1319,com.google.javascript.jscomp.RenameLabelsTest#testRenameGlobals,624.000000
1320,com.google.javascript.jscomp.CrossModuleMethodMotionTest#testCantMovePrototypeProp,559.000000
1321,com.google.javascript.jscomp.FunctionInjectorTest#testInline6,546.000000
1322,com.google.javascript.jscomp.ExpressionDecomposerTest#testExposeObjectLit1,425.000000
1323,com.google.javascript.jscomp.SemanticReverseAbstractInterpreterTest#testSheqCondition2,342.000000
1324,com.google.javascript.jscomp.parsing.JsDocInfoParserTest#testParseParam19,294.000000
1325,com.google.javascript.jscomp.CleanupPassesTest#testCleanupPassOrder,51.000000
1326,com.google.javascript.jscomp.SymbolTableTest#testLocalThisReferences2,1660.000000
1327,com.google.javascript.jscomp.CommandLineRunnerTest#testOutputModuleGraphJson,1565.000000
1328,com.google.javascript.jscomp.TightenTypesTest#testCallPrototypeFunction,1394.000000
1329,com.google.javascript.jscomp.DisambiguatePropertiesTest#testTwoTypes1,1372.000000
1330,com.google.javascript.jscomp.PureFunctionIdentifierTest#testApply,1356.000000
1331,com.google.javascript.jscomp.LooseTypeCheckTest#testClosure6,1176.000000
1332,com.google.javascript.jscomp.AmbiguatePropertiesTest#testFunctionSubType,1128.000000
1333,com.google.javascript.jscomp.TypeCheckTest#testBackwardsTypedefUse2,1085.000000
1334,com.google.javascript.jscomp.TypeCheckFunctionCheckTest#testFunctionsWithJsDoc3,1038.000000
1335,com.google.javascript.jscomp.TypeCheckTest#testInterfaceInheritanceCheck8,1013.000000
1336,com.google.javascript.jscomp.FlowSensitiveInlineVariablesTest#testInlineInDifferentPaths,955.000000
1337,com.google.javascript.jscomp.IntegrationTest#testConvertToDottedProperties,870.000000
1338,com.google.javascript.jscomp.CollapsePropertiesTest#testResetObjectPropertyInLocalScope,855.000000
1339,com.google.javascript.jscomp.InlineFunctionsTest#testInlineConstructor1,828.000000
1340,com.google.javascript.jscomp.ChainCallsTest#testSubclass,813.000000
1341,com.google.javascript.jscomp.TypeCheckTest#testGetTypedPercent1,809.000000
1342,com.google.javascript.jscomp.PeepholeRemoveDeadCodeTest#testHook8,808.000000
1343,com.google.javascript.jscomp.NameAnalyzerTest#testTopLevelClass3,787.000000
1344,com.google.javascript.jscomp.FunctionInjectorTest#testInline7,627.000000
1345,com.google.javascript.jscomp.CrossModuleMethodMotionTest#testTwoMethods2,611.000000
1346,com.google.debugging.sourcemap.SourceMapGeneratorV2Test#testLiteralMappingsGoldenOutput,606.000000
1347,com.google.javascript.jscomp.parsing.JsDocInfoParserTest#testParseParameterizedType12,354.000000
1348,com.google.javascript.jscomp.SemanticReverseAbstractInterpreterTest#testSheqCondition3,340.000000
1349,com.google.javascript.jscomp.ClosureCodingConventionTest#testObjectLiteralCast,268.000000
1350,com.google.javascript.jscomp.JSCompilerSourceExcerptProviderTest#testExcerptRegion,155.000000
1351,com.google.javascript.jscomp.SymbolTableTest#testLocalThisReferences3,1630.000000
1352,com.google.javascript.jscomp.CommandLineRunnerTest#testES5,1554.000000
1353,com.google.javascript.jscomp.DisambiguatePropertiesTest#testTwoTypes2,1403.000000
1354,com.google.javascript.jscomp.PureFunctionIdentifierTest#testUnaryOperators1,1366.000000
1355,com.google.javascript.jscomp.TightenTypesTest#testExternType,1349.000000
1356,com.google.javascript.jscomp.LooseTypeCheckTest#testTypeOfReduction10,1179.000000
1357,com.google.javascript.jscomp.AmbiguatePropertiesTest#testPropertyAddedToFunction,1117.000000
1358,com.google.javascript.jscomp.TypeCheckTest#testArrayAccess8,1094.000000
1359,com.google.javascript.jscomp.TypeCheckFunctionCheckTest#testFunctionsWithJsDoc4,1038.000000
1360,com.google.javascript.jscomp.TypeCheckTest#testGoogBind2,1038.000000
1361,com.google.javascript.jscomp.IntegrationTest#testRemoveUnusedPrototypeProperties2,934.000000
1362,com.google.javascript.jscomp.FlowSensitiveInlineVariablesTest#testInlineAcrossSideEffect1,903.000000
1363,com.google.javascript.jscomp.NameAnalyzerTest#testTopLevelClass4,880.000000
1364,com.google.javascript.jscomp.CollapsePropertiesTest#testAliasCreatedForCtorDepth2,851.000000
1365,com.google.javascript.jscomp.InlineFunctionsTest#testInlineConstructor2,850.000000
1366,com.google.javascript.jscomp.PeepholeRemoveDeadCodeTest#testNew2,774.000000
1367,com.google.javascript.jscomp.LooseTypeCheckTest#testGetTypedPercent2,753.000000
1368,com.google.javascript.jscomp.GenerateExportsTest#testExportEnum,740.000000
1369,com.google.javascript.jscomp.CrossModuleMethodMotionTest#testMovePrototypeMethod1,611.000000
1370,com.google.debugging.sourcemap.SourceMapGeneratorV2Test#testBasicDeterminism,572.000000
1371,com.google.javascript.jscomp.FunctionInjectorTest#testInline8,553.000000
1372,com.google.javascript.jscomp.SemanticReverseAbstractInterpreterTest#testSheqCondition5,337.000000
1373,com.google.javascript.jscomp.NodeUtilTest#testGetBestLValue,280.000000
1374,com.google.javascript.jscomp.parsing.JsDocInfoParserTest#testBadSuppress7,271.000000
1375,com.google.javascript.jscomp.CompilerTest#testCodeBuilderColumnAfterReset,6.000000
1376,com.google.javascript.jscomp.SymbolTableTest#testLocalVarReferences,1644.000000
1377,com.google.javascript.jscomp.CommandLineRunnerTest#testCharSetExpansion,1472.000000
1378,com.google.javascript.jscomp.DisambiguatePropertiesTest#testTwoTypes3,1455.000000
1379,com.google.javascript.jscomp.PureFunctionIdentifierTest#testUnaryOperators2,1368.000000
1380,com.google.javascript.jscomp.TightenTypesTest#testGetPrototypeProperty,1246.000000
1381,com.google.javascript.jscomp.LooseTypeCheckTest#testTypeOfReduction11,1179.000000
1382,com.google.javascript.jscomp.AmbiguatePropertiesTest#testPropertyAddedToObject,1111.000000
1383,com.google.javascript.jscomp.TypeCheckTest#testDuplicateInstanceMethod6,1093.000000
1384,com.google.javascript.jscomp.LooseTypeCheckTest#testPrototypeLoop,1088.000000
1385,com.google.javascript.jscomp.TypeCheckFunctionCheckTest#testFunctionsWithJsDoc5,1056.000000
1386,com.google.javascript.jscomp.FlowSensitiveInlineVariablesTest#testInlineAcrossSideEffect2,921.000000
1387,com.google.javascript.jscomp.InlineFunctionsTest#testInlineConstructor3,915.000000
1388,com.google.javascript.jscomp.NameAnalyzerTest#testTopLevelClass5,884.000000
1389,com.google.javascript.jscomp.CollapsePropertiesTest#testObjectOfObjects1,856.000000
1390,com.google.javascript.jscomp.LooseTypeCheckTest#testGetTypedPercent3,852.000000
1391,com.google.javascript.jscomp.IntegrationTest#testCheckGlobalThisOff,835.000000
1392,com.google.javascript.jscomp.PeepholeRemoveDeadCodeTest#testRemovePrototypeGet1,789.000000
1393,com.google.javascript.jscomp.FunctionInjectorTest#testInline9,626.000000
1394,com.google.javascript.jscomp.CrossModuleMethodMotionTest#testMoveMethodsUsedInTwoModules2,611.000000
1395,com.google.javascript.jscomp.ClosureCodeRemovalTest#testRemoveAbstract,605.000000
1396,com.google.debugging.sourcemap.SourceMapGeneratorV2Test#testBasicMappingGoldenOutput,584.000000
1397,com.google.javascript.jscomp.SemanticReverseAbstractInterpreterTest#testSheqCondition6,341.000000
1398,com.google.javascript.jscomp.NodeUtilTest#testGetNumberValue,287.000000
1399,com.google.javascript.jscomp.parsing.ParserTest#testKeywordsAsProperties,283.000000
1400,com.google.javascript.jscomp.deps.JsFunctionParserTest#testParseFile,29.000000
1401,com.google.javascript.jscomp.CommandLineRunnerTest#testTransformAMDAndProcessCJS,1660.000000
1402,com.google.javascript.jscomp.SymbolTableTest#testRemovalOfNamespacedReferencesOfProperties,1656.000000
1403,com.google.javascript.jscomp.DisambiguatePropertiesTest#testUnknownType,1442.000000
1404,com.google.javascript.jscomp.PureFunctionIdentifierTest#testUnaryOperators3,1396.000000
1405,com.google.javascript.jscomp.TightenTypesTest#testFunctionLiteral,1225.000000
1406,com.google.javascript.jscomp.AmbiguatePropertiesTest#testLotsOfClasses,1218.000000
1407,com.google.javascript.jscomp.LooseTypeCheckTest#testTypeOfReduction14,1171.000000
1408,com.google.javascript.jscomp.TypeCheckTest#testHookRestrictsType4,1084.000000
1409,com.google.javascript.jscomp.TypeCheckFunctionCheckTest#testFunctionsWithJsDoc6,1060.000000
1410,com.google.javascript.jscomp.LooseTypeCheckTest#testForwardTypeDeclaration1,964.000000
1411,com.google.javascript.jscomp.InlineFunctionsTest#testInlineConstructor4,948.000000
1412,com.google.javascript.jscomp.FlowSensitiveInlineVariablesTest#testInlineAcrossSideEffect3,916.000000
1413,com.google.javascript.jscomp.NameAnalyzerTest#testTopLevelClass6,889.000000
1414,com.google.javascript.jscomp.CollapsePropertiesTest#testNonWellformedAlias2,876.000000
1415,com.google.javascript.jscomp.PeepholeRemoveDeadCodeTest#testRemovePrototypeGet2,814.000000
1416,com.google.javascript.jscomp.LooseTypeCheckTest#testTypeCheckStandaloneAST,745.000000
1417,com.google.javascript.jscomp.IntegrationTest#testDuplicateVariablesInExterns,678.000000
1418,com.google.debugging.sourcemap.SourceMapGeneratorV2Test#testBasicMapping,609.000000
1419,com.google.javascript.jscomp.ReplaceMessagesTest#testLegacyStyleBadPlaceholderReferenceInReplacemen,580.000000
1420,com.google.javascript.jscomp.CrossModuleMethodMotionTest#testClosureVariableReads1,568.000000
1421,com.google.javascript.jscomp.FunctionInjectorTest#testInlineFunctionWithInnerFunction1,540.000000
1422,com.google.javascript.jscomp.SemanticReverseAbstractInterpreterTest#testEqCondition2,340.000000
1423,com.google.javascript.rhino.jstype.JSTypeTest#testBooleanValueType,336.000000
1424,com.google.javascript.jscomp.NodeUtilTest#testGetVarsDeclaredInBranch,271.000000
1425,com.google.debugging.sourcemap.Base64VLQTest#testBase64VLQSelectedValues1,6.000000
1426,com.google.javascript.jscomp.SymbolTableTest#testDeclarationDisagreement,1693.000000
1427,com.google.javascript.jscomp.CommandLineRunnerTest#testSourceMapExpansion1,1607.000000
1428,com.google.javascript.jscomp.PureFunctionIdentifierTest#testUnaryOperators4,1401.000000
1429,com.google.javascript.jscomp.DisambiguatePropertiesTest#testInterface,1373.000000
1430,com.google.javascript.jscomp.AmbiguatePropertiesTest#testUnions,1288.000000
1431,com.google.javascript.jscomp.LooseTypeCheckTest#testTypeOfReduction15,1157.000000
1432,com.google.javascript.jscomp.TypeCheckTest#testBitOperation7,1067.000000
1433,com.google.javascript.jscomp.TypeValidatorTest#testBasicMismatch,1061.000000
1434,com.google.javascript.jscomp.LooseTypeCheckTest#testForwardTypeDeclaration2,1027.000000
1435,com.google.javascript.jscomp.InlineFunctionsTest#testInlineNeverMutateConstants,927.000000
1436,com.google.javascript.jscomp.FlowSensitiveInlineVariablesTest#testInlineAcrossSideEffect4,911.000000
1437,com.google.javascript.jscomp.IntegrationTest#testLanguageMode2,853.000000
1438,com.google.javascript.jscomp.CollapsePropertiesTest#testPropertyOnGlobalFunction,815.000000
1439,com.google.javascript.jscomp.NameAnalyzerTest#testTopLevelClass7,812.000000
1440,com.google.javascript.jscomp.TypeInferenceTest#testAssertNumber3,758.000000
1441,com.google.javascript.jscomp.PeepholeRemoveDeadCodeTest#testRemoveVarGet1,757.000000
1442,com.google.javascript.jscomp.TransformAMDToCJSModuleTest#testVarRenaming,668.000000
1443,com.google.debugging.sourcemap.SourceMapGeneratorV2Test#testLiteralMappings,631.000000
1444,com.google.javascript.jscomp.CrossModuleMethodMotionTest#testClosureVariableReads2,610.000000
1445,com.google.javascript.jscomp.FunctionInjectorTest#testInlineFunctionWithInnerFunction2,600.000000
1446,com.google.javascript.jscomp.SemanticReverseAbstractInterpreterTest#testEqCondition4,334.000000
1447,com.google.javascript.jscomp.ControlFlowAnalysisTest#testSwitchDefaultInMiddle,299.000000
1448,com.google.javascript.jscomp.parsing.JsDocInfoParserTest#testStableIdGeneratorConflict,273.000000
1449,com.google.javascript.jscomp.NodeTraversalTest#testReport,115.000000
1450,com.google.javascript.jscomp.SymbolTableTest#testGlobalVar,1627.000000
1451,com.google.javascript.jscomp.CommandLineRunnerTest#testSourceMapExpansion2,1620.000000
1452,com.google.javascript.jscomp.PureFunctionIdentifierTest#testUnaryOperators5,1391.000000
1453,com.google.javascript.jscomp.DisambiguatePropertiesTest#testPrototypeAndInstance2,1286.000000
1454,com.google.javascript.jscomp.AmbiguatePropertiesTest#testStaticAndInstanceProperties,1211.000000
1455,com.google.javascript.jscomp.TypeCheckTest#testFunctionBind2,1131.000000
1456,com.google.javascript.jscomp.LooseTypeCheckTest#testForwardTypeDeclaration3,1057.000000
1457,com.google.javascript.jscomp.TypeValidatorTest#testFunctionMismatch2,1042.000000
1458,com.google.javascript.jscomp.FlowSensitiveInlineVariablesTest#testDependOnOuterScopeVariables,929.000000
1459,com.google.javascript.jscomp.IntegrationTest#testInlineConstants,915.000000
1460,com.google.javascript.jscomp.InlineFunctionsTest#testInlineWithThis1,902.000000
1461,com.google.javascript.jscomp.CollapsePropertiesTest#testPropertyOfAnObjectThatIsNeitherFunctionNorObjLit,808.000000
1462,com.google.javascript.jscomp.PeepholeRemoveDeadCodeTest#testRemoveVarGet2,799.000000
1463,com.google.javascript.jscomp.NameAnalyzerTest#testRemoveDeclaration1,789.000000
1464,com.google.javascript.jscomp.DeadAssignmentsEliminationTest#testAssignmentOpUsedAsCondition,771.000000
1465,com.google.javascript.jscomp.TypeInferenceTest#testAssumption,672.000000
1466,com.google.javascript.jscomp.CrossModuleMethodMotionTest#testIssue600b,586.000000
1467,com.google.javascript.jscomp.FunctionInjectorTest#testInlineFunctionWithInnerFunction3,546.000000
1468,com.google.debugging.sourcemap.SourceMapGeneratorV2Test#testGoldenOutput0,475.000000
1469,com.google.javascript.jscomp.ExpressionDecomposerTest#testCanExposeExpression6,364.000000
1470,com.google.javascript.jscomp.SemanticReverseAbstractInterpreterTest#testShneCondition1,342.000000
1471,com.google.javascript.jscomp.parsing.JsDocInfoParserTest#testParseWithMarkerType,320.000000
1472,com.google.javascript.jscomp.PeepholeSubstituteAlternateSyntaxTest#testContainsUnicodeEscape,23.000000
1473,com.google.javascript.jscomp.SymbolTableTest#testJSDocAssociationWithBadNamespace,1680.000000
1474,com.google.javascript.jscomp.CommandLineRunnerTest#testTransformAMD,1599.000000
1475,com.google.javascript.jscomp.PureFunctionIdentifierTest#testCall,1358.000000
1476,com.google.javascript.jscomp.InlinePropertiesTest#testConstPrototypeProp2,1238.000000
1477,com.google.javascript.jscomp.DisambiguatePropertiesTest#testUnusedTypeInExterns,1213.000000
1478,com.google.javascript.jscomp.TypeCheckTest#testEnum11,1088.000000
1479,com.google.javascript.jscomp.LooseTypeCheckTest#testCast13,1069.000000
1480,com.google.javascript.jscomp.FunctionTypeBuilderTest#testBuiltInTypeDifferentParamType,976.000000
1481,com.google.javascript.jscomp.FlowSensitiveInlineVariablesTest#testInlineExpressions11,947.000000
1482,com.google.javascript.jscomp.IntegrationTest#testBug1956277,942.000000
1483,com.google.javascript.jscomp.CollapsePropertiesTest#testAliasCreatedForPropertyOfEnumOfObjects2,889.000000
1484,com.google.javascript.jscomp.InlineFunctionsTest#testInlineWithThis2,808.000000
1485,com.google.javascript.jscomp.PeepholeRemoveDeadCodeTest#testNoRemoveAssign1,792.000000
1486,com.google.javascript.jscomp.NameAnalyzerTest#testRemoveDeclaration2,786.000000
1487,com.google.javascript.jscomp.TypeInferenceTest#testAssertObject2,762.000000
1488,com.google.javascript.jscomp.CrossModuleMethodMotionTest#testIssue600c,624.000000
1489,com.google.javascript.jscomp.ProcessDefinesTest#testNamespacedDefine3,622.000000
1490,com.google.debugging.sourcemap.SourceMapGeneratorV2Test#testGoldenOutput1,618.000000
1491,com.google.javascript.jscomp.FunctionInjectorTest#testInlineFunctionWithInnerFunction4,614.000000
1492,com.google.javascript.jscomp.SemanticReverseAbstractInterpreterTest#testShneCondition2,342.000000
1493,com.google.javascript.jscomp.parsing.JsDocInfoParserTest#testRegression5,320.000000
1494,com.google.javascript.jscomp.FunctionInjectorTest#testCanInlineReferenceToFunction18,305.000000
1495,com.google.javascript.jscomp.graph.GraphTest#testEdgeAnnotations,35.000000
1496,com.google.javascript.jscomp.CommandLineRunnerTest#testProcessCJSWithModuleOutput,1653.000000
1497,com.google.javascript.jscomp.SymbolTableTest#testPrototypeReferences2,1652.000000
1498,com.google.javascript.jscomp.DisambiguatePropertiesTest#testSupertypeWithSameField,1420.000000
1499,com.google.javascript.jscomp.PureFunctionIdentifierTest#testAndOperators4,1377.000000
1500,com.google.javascript.jscomp.InlinePropertiesTest#testConstClassProps1,1182.000000
1501,com.google.javascript.jscomp.TypeCheckTest#testMissingProperty12,1087.000000
1502,com.google.javascript.jscomp.LooseTypeCheckTest#testCast14,1007.000000
1503,com.google.javascript.jscomp.FunctionTypeBuilderTest#testBuiltInTypeDifferentReturnType,981.000000
1504,com.google.javascript.jscomp.FlowSensitiveInlineVariablesTest#testInlineExpressions12,922.000000
1505,com.google.javascript.jscomp.IntegrationTest#testRemoveUnreachableCode,902.000000
1506,com.google.javascript.jscomp.InlineFunctionsTest#testInlineWithThis3,873.000000
1507,com.google.javascript.jscomp.CollapsePropertiesTest#testGlobalFunctionNameInBooleanExpressionDepth1,850.000000
1508,com.google.javascript.jscomp.NameAnalyzerTest#testRemoveDeclaration3,811.000000
1509,com.google.javascript.jscomp.PeepholeRemoveDeadCodeTest#testNoRemoveAssign3,800.000000
1510,com.google.javascript.jscomp.TypeInferenceTest#testAssertObject3,760.000000
1511,com.google.javascript.jscomp.AliasStringsTest#testObjectLiterals,651.000000
1512,com.google.javascript.jscomp.CrossModuleMethodMotionTest#testIssue600d,624.000000
1513,com.google.javascript.jscomp.FunctionInjectorTest#testInlineFunctionWithInnerFunction5,620.000000
1514,com.google.debugging.sourcemap.SourceMapGeneratorV2Test#testGoldenOutput2,604.000000
1515,com.google.javascript.jscomp.parsing.ParserTest#testFileOverviewJSDoc2,344.000000
1516,com.google.javascript.jscomp.SemanticReverseAbstractInterpreterTest#testShneCondition3,340.000000
1517,com.google.javascript.jscomp.CodePrinterTest#testPreferLineBreakAtEndOfFile,313.000000
1518,com.google.javascript.jscomp.NodeUtilTest#testValidNames,10.000000
1519,com.google.javascript.jscomp.CommandLineRunnerTest#testProcessCJS,1642.000000
1520,com.google.javascript.jscomp.SymbolTableTest#testPrototypeReferences3,1630.000000
1521,com.google.javascript.jscomp.DisambiguatePropertiesTest#testUnionTypeTwoFields,1383.000000
1522,com.google.javascript.jscomp.PureFunctionIdentifierTest#testAnnotationInExterns_new1,1321.000000
1523,com.google.javascript.jscomp.InlinePropertiesTest#testConstClassProps2,1200.000000
1524,com.google.javascript.jscomp.TypeCheckTest#testIn4,1075.000000
1525,com.google.javascript.jscomp.FunctionTypeBuilderTest#testValidBuiltInTypeRedefinition,993.000000
1526,com.google.javascript.jscomp.FlowSensitiveInlineVariablesTest#testInlineExpressions13,961.000000
1527,com.google.javascript.jscomp.LooseTypeCheckTest#testDuplicateLocalVarDecl,939.000000
1528,com.google.javascript.jscomp.InlineFunctionsTest#testInlineWithThis5,893.000000
1529,com.google.javascript.jscomp.IntegrationTest#testConstantTagsMustAlwaysBeRemoved,885.000000
1530,com.google.javascript.jscomp.CollapsePropertiesTest#testGlobalFunctionNameInBooleanExpressionDepth2,879.000000
1531,com.google.javascript.jscomp.NameAnalyzerTest#testRemoveDeclaration4,850.000000
1532,com.google.javascript.jscomp.PeepholeRemoveDeadCodeTest#testNoRemoveAssign4,798.000000
1533,com.google.javascript.jscomp.TypeInferenceTest#testAssertObject4,761.000000
1534,com.google.javascript.jscomp.FunctionInjectorTest#testInlineWithinCalls1,655.000000
1535,com.google.javascript.jscomp.CheckRequiresForConstructorsTest#testPassWithOneNewOuterClassWithUpperPrefix,624.000000
1536,com.google.javascript.jscomp.CrossModuleMethodMotionTest#testIssue600e,587.000000
1537,com.google.debugging.sourcemap.SourceMapGeneratorV2Test#testGoldenOutput3,572.000000
1538,com.google.javascript.jscomp.jsonml.JsonMLConversionTest#testOperators,376.000000
1539,com.google.javascript.jscomp.SemanticReverseAbstractInterpreterTest#testShneCondition4,336.000000
1540,com.google.javascript.rhino.JSDocInfoTest#testSetNoTypeCheck,180.000000
1541,com.google.javascript.jscomp.ProcessCommonJSModulesTest#testGuessModuleName,13.000000
1542,com.google.javascript.jscomp.SymbolTableTest#testPrototypeReferences5,1674.000000
1543,com.google.javascript.jscomp.CommandLineRunnerTest#testStarModuleManifest,1559.000000
1544,com.google.javascript.jscomp.PureFunctionIdentifierTest#testAnnotationInExterns_new2,1322.000000
1545,com.google.javascript.jscomp.InlinePropertiesTest#testConstClassProps3,1187.000000
1546,com.google.javascript.jscomp.TypeCheckTest#testComparison6,1062.000000
1547,com.google.javascript.jscomp.LooseTypeCheckTest#testInterfaceInheritanceCheck8,1015.000000
1548,com.google.javascript.jscomp.FunctionTypeBuilderTest#testBuiltInTypeDifferentNumParams,945.000000
1549,com.google.javascript.jscomp.FlowSensitiveInlineVariablesTest#testNoInlineIfDefinitionMayNotReach,925.000000
1550,com.google.javascript.jscomp.InlineFunctionsTest#testInlineWithThis6,902.000000
1551,com.google.javascript.jscomp.CollapsePropertiesTest#testObjLitRedefinedInLocalScope,865.000000
1552,com.google.javascript.jscomp.TypeInferenceTest#testAssertObject5,865.000000
1553,com.google.javascript.jscomp.NameAnalyzerTest#testRemoveDeclaration5,848.000000
1554,com.google.javascript.jscomp.IntegrationTest#testCheckRequiresAndCheckProvidesOff,822.000000
1555,com.google.javascript.jscomp.PeepholeRemoveDeadCodeTest#testNoRemoveAssign5,799.000000
1556,com.google.javascript.jscomp.StrictModeCheckTest#testDuplicateObjectLiteralKey,680.000000
1557,com.google.javascript.jscomp.CrossModuleMethodMotionTest#testIssue600,585.000000
1558,com.google.debugging.sourcemap.SourceMapGeneratorV2Test#testGoldenOutput4,575.000000
1559,com.google.javascript.jscomp.FunctionToBlockMutatorTest#testMutateNoValueReturnWithoutResultAssignment,455.000000
1560,com.google.javascript.rhino.jstype.JSTypeTest#testNullType,375.000000
1561,com.google.javascript.jscomp.jsonml.JsonMLConversionTest#testTry,368.000000
1562,com.google.javascript.jscomp.SemanticReverseAbstractInterpreterTest#testShneCondition5,337.000000
1563,com.google.javascript.jscomp.deps.SortedDependenciesTest#testSort3,10.000000
1564,com.google.javascript.jscomp.SymbolTableTest#testMissingConstructorTag,1715.000000
1565,com.google.javascript.jscomp.CommandLineRunnerTest#testBooleanFlag2,1683.000000
1566,com.google.javascript.jscomp.PureFunctionIdentifierTest#testAnnotationInExterns_new3,1300.000000
1567,com.google.javascript.jscomp.InlinePropertiesTest#testConstInstanceProp1,1235.000000
1568,com.google.javascript.jscomp.TypeCheckTest#testBitOperation2,1112.000000
1569,com.google.javascript.jscomp.FunctionTypeBuilderTest#testBuiltInTypeDifferentNumParams2,976.000000
1570,com.google.javascript.jscomp.FlowSensitiveInlineVariablesTest#testMultiUseInTwoDifferentPath,943.000000
1571,com.google.javascript.jscomp.InlineFunctionsTest#testInlineWithThis7,931.000000
1572,com.google.javascript.jscomp.NameAnalyzerTest#testRemoveDeclaration6,853.000000
1573,com.google.javascript.jscomp.CollapsePropertiesTest#testAliasCreatedForObjectDepth1_1,825.000000
1574,com.google.javascript.jscomp.PeepholeRemoveDeadCodeTest#testNoRemoveAssign6,806.000000
1575,com.google.javascript.jscomp.TypeInferenceTest#testComparison,735.000000
1576,com.google.javascript.jscomp.IntegrationTest#testCheckConsts,709.000000
1577,com.google.javascript.jscomp.CollapseVariableDeclarationsTest#testAggressiveRedeclaration,631.000000
1578,com.google.javascript.jscomp.CrossModuleMethodMotionTest#testMoveMethodsInRightOrder,611.000000
1579,com.google.javascript.jscomp.FunctionToBlockMutatorTest#testMutateWithParameters1,486.000000
1580,com.google.javascript.jscomp.SourceMapTest#testPrefixReplacement2,477.000000
1581,com.google.javascript.rhino.jstype.JSTypeTest#testFunctionType,343.000000
1582,com.google.javascript.jscomp.SemanticReverseAbstractInterpreterTest#testShneCondition6,341.000000
1583,com.google.javascript.jscomp.jsonml.JsonMLConversionTest#testDirectives,322.000000
1584,com.google.javascript.jscomp.JSModuleGraphTest#testCoalesceDuplicateFiles,70.000000
1585,com.google.javascript.jscomp.SymbolTableTest#testLocalQualifiedNamesInLocalScopes,1671.000000
1586,com.google.javascript.jscomp.CommandLineRunnerTest#testModuleWrapperBaseNameExpansion,1558.000000
1587,com.google.javascript.jscomp.PureFunctionIdentifierTest#testAnnotationInExterns_new4,1352.000000
1588,com.google.javascript.jscomp.InlinePropertiesTest#testConstInstanceProp2,1242.000000
1589,com.google.javascript.jscomp.TypeCheckTest#testParameterized5,1215.000000
1590,com.google.javascript.jscomp.TypedScopeCreatorTest#testConstructorNode,1018.000000
1591,com.google.javascript.jscomp.FlowSensitiveInlineVariablesTest#testIssue794a,943.000000
1592,com.google.javascript.jscomp.InlineFunctionsTest#testAnonymous1,904.000000
1593,com.google.javascript.jscomp.NameAnalyzerTest#testRemoveDeclaration7,848.000000
1594,com.google.javascript.jscomp.CollapsePropertiesTest#testAliasCreatedForObjectDepth1_2,828.000000
1595,com.google.javascript.jscomp.IntegrationTest#testCompilerDoesNotBlowUpIfUndefinedSymbols,823.000000
1596,com.google.javascript.jscomp.PeepholeRemoveDeadCodeTest#testNoRemoveVar1,788.000000
1597,com.google.javascript.jscomp.TypeInferenceTest#testIf1,764.000000
1598,com.google.javascript.jscomp.NameAnonymousFunctionsMappedTest#testPrototypeInitializer,632.000000
1599,com.google.javascript.jscomp.CrossModuleMethodMotionTest#testPrototypeOfThisAssign,627.000000
1600,com.google.javascript.jscomp.FunctionToBlockMutatorTest#testMutateWithParameters2,489.000000
1601,com.google.javascript.jscomp.SourceMapTest#testPrefixReplacement3,477.000000
1602,com.google.javascript.jscomp.SemanticReverseAbstractInterpreterTest#testNegatedNameCondition,333.000000
1603,com.google.javascript.jscomp.NodeTraversalTest#testGetCurrentNode,277.000000
1604,com.google.javascript.rhino.jstype.UnionTypeTest#testCollapseUnion3,196.000000
1605,com.google.javascript.rhino.NodeTest#testQualifiedName,18.000000
1606,com.google.javascript.jscomp.CommandLineRunnerTest#testScriptStrictModeNoWarning,1590.000000
1607,com.google.javascript.jscomp.PureFunctionIdentifierTest#testAnnotationInExterns_new5,1349.000000
1608,com.google.javascript.jscomp.InlinePropertiesTest#testConstInstanceProp3,1283.000000
1609,com.google.javascript.jscomp.TypedScopeCreatorTest#testActiveXObject,1018.000000
1610,com.google.javascript.jscomp.FlowSensitiveInlineVariablesTest#testIssue794b,973.000000
1611,com.google.javascript.jscomp.TypeCheckTest#testImplicitCast,962.000000
1612,com.google.javascript.jscomp.NameAnalyzerTest#testExternName1,861.000000
1613,com.google.javascript.jscomp.IntegrationTest#testRemoveUnusedVars1,849.000000
1614,com.google.javascript.jscomp.CollapsePropertiesTest#testAliasCreatedForObjectDepth1_3,828.000000
1615,com.google.javascript.jscomp.InlineFunctionsTest#testAnonymous2,790.000000
1616,com.google.javascript.jscomp.PeepholeRemoveDeadCodeTest#testNoRemoveVar2,789.000000
1617,com.google.javascript.jscomp.TypeInferenceTest#testIf2,765.000000
1618,com.google.javascript.jscomp.PeepholeSubstituteAlternateSyntaxTest#testVersionSpecificRegExpQuirks,750.000000
1619,com.google.javascript.jscomp.FunctionToBlockMutatorTest#testMutateWithParameters3,511.000000
1620,com.google.javascript.jscomp.ClosureReverseAbstractInterpreterTest#testGoogIsObject2,499.000000
1621,com.google.javascript.jscomp.SourceMapTest#testPrefixReplacement4,477.000000
1622,com.google.javascript.jscomp.VarCheckTest#testParameter,357.000000
1623,com.google.javascript.jscomp.ClosureCodingConventionTest#testRequire,264.000000
1624,com.google.javascript.rhino.jstype.FunctionTypeTest#testSupAndInfOfReturnTypes,221.000000
1625,com.google.debugging.sourcemap.SourceMapGeneratorV2Test#testEncoding,14.000000
1626,com.google.javascript.jscomp.CommandLineRunnerTest#testSourceSortingOn,1590.000000
1627,com.google.javascript.jscomp.PureFunctionIdentifierTest#testAnnotationInExterns_new6,1372.000000
1628,com.google.javascript.jscomp.InlinePropertiesTest#testConstInstanceProp4,1216.000000
1629,com.google.javascript.jscomp.TypeCheckTest#testQualifiedNameReduction10,1124.000000
1630,com.google.javascript.jscomp.TypedScopeCreatorTest#testPropertiesOnInterface,1033.000000
1631,com.google.javascript.jscomp.FlowSensitiveInlineVariablesTest#testNoInlineGetEle,922.000000
1632,com.google.javascript.jscomp.InlineFunctionsTest#testAnonymous3,900.000000
1633,com.google.javascript.jscomp.NameAnalyzerTest#testExternName2,867.000000
1634,com.google.javascript.jscomp.CollapsePropertiesTest#testAliasCreatedForObjectDepth2_1,849.000000
1635,com.google.javascript.jscomp.PeepholeRemoveDeadCodeTest#testNoRemoveInherits1,822.000000
1636,com.google.javascript.jscomp.TypeInferenceTest#testIf3,765.000000
1637,com.google.javascript.jscomp.IntegrationTest#testTightenTypesWithoutTypeCheck,671.000000
1638,com.google.javascript.jscomp.MakeDeclaredNamesUniqueTest#testOnlyInversion2,605.000000
1639,com.google.javascript.jscomp.FunctionToBlockMutatorTest#testMutateCallInLoopVars1,515.000000
1640,com.google.javascript.jscomp.ClosureReverseAbstractInterpreterTest#testGoogIsObject4,481.000000
1641,com.google.javascript.jscomp.VarCheckTest#testForwardVarReferenceInLocalScope1,479.000000
1642,com.google.javascript.jscomp.CodePrinterTest#testPrint,415.000000
1643,com.google.javascript.jscomp.ConcreteTypeTest#testInstance,191.000000
1644,com.google.javascript.jscomp.SourceInformationAnnotatorTest#testPreserveAnnotatedName,52.000000
1645,com.google.javascript.jscomp.CommandLineRunnerTest#testVersionFlag2,1474.000000
1646,com.google.javascript.jscomp.PureFunctionIdentifierTest#testAnnotationInExterns_new8,1377.000000
1647,com.google.javascript.jscomp.InlinePropertiesTest#testNonConstructorClassProp1,1154.000000
1648,com.google.javascript.jscomp.TypeCheckTest#testTypeCheck10,1091.000000
1649,com.google.javascript.jscomp.TypedScopeCreatorTest#testPrototypeInit,1069.000000
1650,com.google.javascript.jscomp.FlowSensitiveInlineVariablesTest#testCanInlineAcrossNoSideEffect,918.000000
1651,com.google.javascript.jscomp.CollapsePropertiesTest#testAliasCreatedForObjectDepth2_2,877.000000
1652,com.google.javascript.jscomp.NameAnalyzerTest#testSetterInIfPredicate,854.000000
1653,com.google.javascript.jscomp.IntegrationTest#testExtraAnnotationNames,839.000000
1654,com.google.javascript.jscomp.PeepholeRemoveDeadCodeTest#testNoRemoveInherits2,836.000000
1655,com.google.javascript.jscomp.InlineFunctionsTest#testNoInlineMaskedFunction,805.000000
1656,com.google.javascript.jscomp.TypeInferenceTest#testVar,719.000000
1657,com.google.javascript.jscomp.OptimizeReturnsTest#testRewriteUnusedResult5,696.000000
1658,com.google.javascript.jscomp.FunctionToBlockMutatorTest#testMutateNoReturnWithResultAssignment,504.000000
1659,com.google.javascript.jscomp.VarCheckTest#testForwardVarReferenceInLocalScope2,477.000000
1660,com.google.javascript.jscomp.ClosureReverseAbstractInterpreterTest#testGoogIsArrayOnNull,475.000000
1661,com.google.javascript.jscomp.MustBeReachingVariableDefTest#testArgumentsObjectEscapedDependents,401.000000
1662,com.google.javascript.jscomp.parsing.IRFactoryTest#testLinenoFor,255.000000
1663,com.google.javascript.jscomp.JSModuleTest#testSortJsModules,14.000000
1664,com.google.javascript.jscomp.CommandLineRunnerTest#testES5StrictUseStrictMultipleInputs,1560.000000
1665,com.google.javascript.jscomp.PureFunctionIdentifierTest#testAnnotationInExterns_new9,1390.000000
1666,com.google.javascript.jscomp.InlinePropertiesTest#testNonConstClassProp2,1259.000000
1667,com.google.javascript.jscomp.TypeCheckTest#testEnum21,1106.000000
1668,com.google.javascript.jscomp.TypedScopeCreatorTest#testNamespacedFunctionStubLocal,1041.000000
1669,com.google.javascript.jscomp.FlowSensitiveInlineVariablesTest#testNotReachingDefinitions,929.000000
1670,com.google.javascript.jscomp.IntegrationTest#testDevirtualizePrototypeMethods,903.000000
1671,com.google.javascript.jscomp.NameAnalyzerTest#testArrayAliasExt,879.000000
1672,com.google.javascript.jscomp.CollapsePropertiesTest#testAliasCreatedForClassDepth1_1,862.000000
1673,com.google.javascript.jscomp.InlineFunctionsTest#testInlineNeverPartialSubtitution1,832.000000
1674,com.google.javascript.jscomp.PeepholeRemoveDeadCodeTest#testNoRemoveInherits3,821.000000
1675,com.google.javascript.jscomp.TypeInferenceTest#testEnumRAI1,775.000000
1676,com.google.javascript.jscomp.ClosureOptimizePrimitivesTest#testObjectCreate3,607.000000
1677,com.google.javascript.jscomp.ClosureReverseAbstractInterpreterTest#testGoogIsDefAndNotNull1,487.000000
1678,com.google.javascript.jscomp.FunctionToBlockMutatorTest#testMutateValueReturnWithoutResultAssignment,470.000000
1679,com.google.javascript.jscomp.VarCheckTest#testMissingModuleDependencySkipNonStrictNotPromoted,440.000000
1680,com.google.javascript.jscomp.parsing.JsDocInfoParserTest#testParseImplements,321.000000
1681,com.google.javascript.jscomp.NodeUtilTest#testRegExpSideEffect,276.000000
1682,com.google.javascript.jscomp.GlobalVarReferenceMapTest#testUpdateReferencesWithGlobalScope,57.000000
1683,com.google.javascript.jscomp.CommandLineRunnerTest#testES5ChecksByDefault,1564.000000
1684,com.google.javascript.jscomp.PureFunctionIdentifierTest#testInference2,1371.000000
1685,com.google.javascript.jscomp.TypeCheckTest#testEnum31,1133.000000
1686,com.google.javascript.jscomp.FlowSensitiveInlineVariablesTest#testNoInlineLValue,937.000000
1687,com.google.javascript.jscomp.TypedScopeCreatorTest#testBadCtorInit1,880.000000
1688,com.google.javascript.jscomp.NameAnalyzerTest#testNoSideEffectAnnotation1,861.000000
1689,com.google.javascript.jscomp.CollapsePropertiesTest#testAliasCreatedForClassDepth1_2,855.000000
1690,com.google.javascript.jscomp.PeepholeRemoveDeadCodeTest#testNoRemoveInherits4,835.000000
1691,com.google.javascript.jscomp.InlineFunctionsTest#testInlineNeverPartialSubtitution2,832.000000
1692,com.google.javascript.jscomp.IntegrationTest#testSuppressEs5StrictWarning,826.000000
1693,com.google.javascript.jscomp.TypeInferenceTest#testEnumRAI2,783.000000
1694,com.google.javascript.jscomp.VariableReferenceCheckTest#testNonHoistedFunction,662.000000
1695,com.google.javascript.jscomp.FunctionToBlockMutatorTest#testMutateInitializeUninitializedVars1,512.000000
1696,com.google.javascript.jscomp.ClosureReverseAbstractInterpreterTest#testGoogIsDefAndNotNull2,488.000000
1697,com.google.javascript.jscomp.VarCheckTest#testVariableInNormalCodeUsedInExterns2,416.000000
1698,com.google.javascript.jscomp.NodeUtilTest#testMayHaveSideEffects,323.000000
1699,com.google.javascript.jscomp.parsing.JsDocInfoParserTest#testTypedefType1,313.000000
1700,com.google.javascript.rhino.NodeTest#testUseSourceInfoFrom,24.000000
1701,com.google.javascript.jscomp.CommandLineRunnerTest#testDebugFlag1,1613.000000
1702,com.google.javascript.jscomp.PureFunctionIdentifierTest#testInference3,1364.000000
1703,com.google.javascript.jscomp.TypeCheckTest#testEnum38,1096.000000
1704,com.google.javascript.jscomp.TypedScopeCreatorTest#testBadCtorInit2,963.000000
1705,com.google.javascript.jscomp.FlowSensitiveInlineVariablesTest#testDefinitionAfterUse,942.000000
1706,com.google.javascript.jscomp.NameAnalyzerTest#testNoSideEffectAnnotation2,881.000000
1707,com.google.javascript.jscomp.CollapsePropertiesTest#testAliasCreatedForClassDepth1_3,856.000000
1708,com.google.javascript.jscomp.InlineFunctionsTest#testOneSideEffectCallDoesNotRuinOthers,849.000000
1709,com.google.javascript.jscomp.PeepholeRemoveDeadCodeTest#testShortCircuit1,811.000000
1710,com.google.javascript.jscomp.IntegrationTest#testExportTestFunctionsOff,785.000000
1711,com.google.javascript.jscomp.TypeInferenceTest#testEnumRAI4,780.000000
1712,com.google.javascript.jscomp.ReplaceCssNamesTest#testTwoArgsWithVariableFirstArgFull,585.000000
1713,com.google.javascript.jscomp.FunctionToBlockMutatorTest#testMutateInitializeUninitializedVars2,539.000000
1714,com.google.javascript.jscomp.ClosureReverseAbstractInterpreterTest#testGoogIsDefAndNotNull3,490.000000
1715,com.google.javascript.jscomp.VarCheckTest#testVariableInNormalCodeUsedInExterns3,430.000000
1716,com.google.javascript.jscomp.parsing.JsDocInfoParserTest#testNominalConstructor,328.000000
1717,com.google.javascript.jscomp.NodeUtilTest#testLocalValue2,265.000000
1718,com.google.javascript.jscomp.AstValidatorTest#testValidStatement1,29.000000
1719,com.google.javascript.jscomp.CommandLineRunnerTest#testDebugFlag2,1683.000000
1720,com.google.javascript.jscomp.PureFunctionIdentifierTest#testInference4,1371.000000
1721,com.google.javascript.jscomp.TypeCheckTest#testGenericRelationalExpression,1052.000000
1722,com.google.javascript.jscomp.TypedScopeCreatorTest#testDeclaredObjectLitProperty1,938.000000
1723,com.google.javascript.jscomp.FlowSensitiveInlineVariablesTest#testTransitiveDependencies1,881.000000
1724,com.google.javascript.jscomp.NameAnalyzerTest#testNoSideEffectAnnotation3,862.000000
1725,com.google.javascript.jscomp.CollapsePropertiesTest#testAliasCreatedForClassDepth2_1,857.000000
1726,com.google.javascript.jscomp.TypeInferenceTest#testCast1,829.000000
1727,com.google.javascript.jscomp.PeepholeRemoveDeadCodeTest#testShortCircuit2,817.000000
1728,com.google.javascript.jscomp.IntegrationTest#testGenerateExportsOff,791.000000
1729,com.google.javascript.jscomp.InlineFunctionsTest#testNoInlineOfNonGlobalFunction1,785.000000
1730,com.google.javascript.jscomp.PeepholeSimplifyRegExpTest#testAnchors,627.000000
1731,com.google.javascript.jscomp.FunctionToBlockMutatorTest#testMutateFunctionDefinition,503.000000
1732,com.google.javascript.jscomp.ClosureReverseAbstractInterpreterTest#testGoogIsNull2,483.000000
1733,com.google.javascript.jscomp.VarCheckTest#testVariableInNormalCodeUsedInExterns4,424.000000
1734,com.google.javascript.jscomp.NodeUtilTest#testGetNearestFunctionName,297.000000
1735,com.google.javascript.jscomp.parsing.JsDocInfoParserTest#testParseJavaDispatch1,265.000000
1736,com.google.javascript.jscomp.graph.GraphTest#testUndirectedSimple,23.000000
1737,com.google.javascript.jscomp.CommandLineRunnerTest#testWithKeywordWithEs5ChecksOff,1563.000000
1738,com.google.javascript.jscomp.PureFunctionIdentifierTest#testInference5,1395.000000
1739,com.google.javascript.jscomp.TypeCheckTest#testMissingProperty18,1132.000000
1740,com.google.javascript.jscomp.TypedScopeCreatorTest#testDeclaredObjectLitProperty2,1029.000000
1741,com.google.javascript.jscomp.FlowSensitiveInlineVariablesTest#testTransitiveDependencies2,902.000000
1742,com.google.javascript.jscomp.NameAnalyzerTest#testNoSideEffectAnnotation4,875.000000
1743,com.google.javascript.jscomp.CollapsePropertiesTest#testAliasCreatedForClassDepth2_2,861.000000
1744,com.google.javascript.jscomp.IntegrationTest#testSuppressCheckProvidesWarning,812.000000
1745,com.google.javascript.jscomp.PeepholeRemoveDeadCodeTest#testShortCircuit3,808.000000
1746,com.google.javascript.jscomp.InlineFunctionsTest#testNoInlineOfNonGlobalFunction2,793.000000
1747,com.google.javascript.jscomp.TypeInferenceTest#testJoin1,755.000000
1748,com.google.javascript.jscomp.CheckProvidesTest#testHarmlessProcedural,666.000000
1749,com.google.javascript.jscomp.FunctionToBlockMutatorTest#testMutateValueReturnWithResultAssignment,499.000000
1750,com.google.javascript.jscomp.ClosureReverseAbstractInterpreterTest#testGoogIsNull3,488.000000
1751,com.google.javascript.jscomp.VarCheckTest#testStarStrictModuleDependencyCheck,465.000000
1752,com.google.javascript.jscomp.parsing.JsDocInfoParserTest#testParseDuplicateImplicitCast,308.000000
1753,com.google.javascript.jscomp.NodeUtilTest#testIsNameReferenceCount,268.000000
1754,com.google.javascript.jscomp.graph.GraphPrunerTest#testFourNodesConnected1,27.000000
1755,com.google.javascript.jscomp.CommandLineRunnerTest#testES5StrictUseStrict,1559.000000
1756,com.google.javascript.jscomp.PureFunctionIdentifierTest#testInference6,1383.000000
1757,com.google.javascript.jscomp.TypeCheckTest#testSetprop10,1118.000000
1758,com.google.javascript.jscomp.TypedScopeCreatorTest#testDeclaredObjectLitProperty3,1049.000000
1759,com.google.javascript.jscomp.FlowSensitiveInlineVariablesTest#testInlineIntoExpressions,938.000000
1760,com.google.javascript.jscomp.NameAnalyzerTest#testNoSideEffectAnnotation5,875.000000
1761,com.google.javascript.jscomp.CollapsePropertiesTest#testAliasCreatedForClassDepth2_3,862.000000
1762,com.google.javascript.jscomp.PeepholeRemoveDeadCodeTest#testShortCircuit4,812.000000
1763,com.google.javascript.jscomp.IntegrationTest#testCollapseAnonymousFunctions,810.000000
1764,com.google.javascript.jscomp.InlineFunctionsTest#testNoInlineOfNonGlobalFunction3,793.000000
1765,com.google.javascript.jscomp.TypeInferenceTest#testJoin2,755.000000
1766,com.google.javascript.jscomp.MarkNoSideEffectCallsTest#testPrototype,749.000000
1767,com.google.javascript.jscomp.FunctionToBlockMutatorTest#testMutate8,514.000000
1768,com.google.javascript.jscomp.ClosureReverseAbstractInterpreterTest#testGoogIsNull4,482.000000
1769,com.google.javascript.jscomp.JsMessageExtractorTest#testExtractNewStyleMessage2,436.000000
1770,com.google.javascript.jscomp.VarCheckTest#testViolatedModuleDependencyDefault,399.000000
1771,com.google.javascript.jscomp.parsing.JsDocInfoParserTest#testParseLicense,269.000000
1772,com.google.javascript.jscomp.LightweightMessageFormatterTest#testFormatErrorSpaces,29.000000
1773,com.google.javascript.jscomp.CommandLineRunnerTest#testDefineFlag3,1563.000000
1774,com.google.javascript.jscomp.PureFunctionIdentifierTest#testCallFunctionFOrGViaHookWithSideEffects,1381.000000
1775,com.google.javascript.jscomp.TypeCheckTest#testSetprop6,1090.000000
1776,com.google.javascript.jscomp.TypedScopeCreatorTest#testDeclaredObjectLitProperty4,940.000000
1777,com.google.javascript.jscomp.FlowSensitiveInlineVariablesTest#testMultiUse,931.000000
1778,com.google.javascript.jscomp.NameAnalyzerTest#testNoSideEffectAnnotation6,884.000000
1779,com.google.javascript.jscomp.PeepholeRemoveDeadCodeTest#testFoldUselessWhile,856.000000
1780,com.google.javascript.jscomp.CollapsePropertiesTest#testObjLitWithQuotedKeyThatDoesNotGetRead,855.000000
1781,com.google.javascript.jscomp.IntegrationTest#testClosurePassOff,837.000000
1782,com.google.javascript.jscomp.TypeInferenceTest#testThrow,791.000000
1783,com.google.javascript.jscomp.InlineFunctionsTest#testNoInlineOfNonGlobalFunction4,785.000000
1784,com.google.javascript.jscomp.PeepholeIntegrationTest#testBugIssue3,693.000000
1785,com.google.javascript.jscomp.ClosureReverseAbstractInterpreterTest#testGoogIsFunction,503.000000
1786,com.google.javascript.jscomp.FunctionToBlockMutatorTest#testMutateNoReturnWithoutResultAssignment,449.000000
1787,com.google.javascript.jscomp.VarCheckTest#testDependentStrictModuleDependencyCheck,395.000000
1788,com.google.javascript.jscomp.ControlFlowAnalysisTest#testReturnInFinally2,308.000000
1789,com.google.javascript.jscomp.parsing.JsDocInfoParserTest#testTypeTagConflict16,283.000000
1790,com.google.javascript.jscomp.VariableMapTest#testFromBytesComplex1,7.000000
1791,com.google.javascript.jscomp.CommandLineRunnerTest#testCheckGlobalThisOffByDefault,1622.000000
1792,com.google.javascript.jscomp.PureFunctionIdentifierTest#testInheritance1,1506.000000
1793,com.google.javascript.jscomp.CheckAccessControlsTest#testFinalClassCannotBeSubclassed,1151.000000
1794,com.google.javascript.jscomp.TypedScopeCreatorTest#testDeclaredObjectLitProperty5,1043.000000
1795,com.google.javascript.jscomp.InlineFunctionsTest#testIssue5159924b,966.000000
1796,com.google.javascript.jscomp.NameAnalyzerTest#testNoSideEffectAnnotation8,913.000000
1797,com.google.javascript.jscomp.FlowSensitiveInlineVariablesTest#testDoNotInlineAssignmentOp,903.000000
1798,com.google.javascript.jscomp.CollapsePropertiesTest#testGetPropOnUndefinedProperty,859.000000
1799,com.google.javascript.jscomp.IntegrationTest#testRenameVars1,856.000000
1800,com.google.javascript.jscomp.PeepholeRemoveDeadCodeTest#testRemoveNumber,764.000000
1801,com.google.javascript.jscomp.TypeInferenceTest#testAdd1,735.000000
1802,com.google.javascript.jscomp.SpecializeModuleTest$SpecializeModuleSpecializationStateTest#testCanFixupFunction,693.000000
1803,com.google.javascript.jscomp.FunctionToBlockMutatorTest#testMutateNoValueReturnWithResultAssignment,506.000000
1804,com.google.javascript.jscomp.ClosureReverseAbstractInterpreterTest#testGoogIsFunctionOnNull,479.000000
1805,com.google.javascript.jscomp.VarCheckTest#testMissingModuleDependencyDefault,459.000000
1806,com.google.javascript.jscomp.LiveVariableAnalysisTest#testArgumentsArray,394.000000
1807,com.google.javascript.jscomp.parsing.JsDocInfoParserTest#testParseThisType1,331.000000
1808,com.google.javascript.jscomp.CommandLineRunnerTest#testHelpFlag,38.000000
1809,com.google.javascript.jscomp.PureFunctionIdentifierTest#testHookOperators4,1363.000000
1810,com.google.javascript.jscomp.TypeCheckTest#testAbstractMethodHandling5,1106.000000
1811,com.google.javascript.jscomp.FlowSensitiveInlineVariablesTest#testIssue698,978.000000
1812,com.google.javascript.jscomp.TypedScopeCreatorTest#testDeclaredObjectLitProperty6,974.000000
1813,com.google.javascript.jscomp.InlineFunctionsTest#testShadowVariables1,945.000000
1814,com.google.javascript.jscomp.NameAnalyzerTest#testNoSideEffectAnnotation9,884.000000
1815,com.google.javascript.jscomp.IntegrationTest#testRemoveUnusedVars2,871.000000
1816,com.google.javascript.jscomp.CollapsePropertiesTest#testConstructorReferencingThis,842.000000
1817,com.google.javascript.jscomp.PeepholeRemoveDeadCodeTest#testNoRemoveThrow2,790.000000
1818,com.google.javascript.jscomp.TypeInferenceTest#testAdd2,731.000000
1819,com.google.javascript.jscomp.SideEffectsAnalysisTest#testDegenerateSafeMoves,622.000000
1820,com.google.javascript.jscomp.ClosureReverseAbstractInterpreterTest#testGoogIsObjectOnNull,475.000000
1821,com.google.javascript.jscomp.VarCheckTest#testMissingModuleDependencySkipNonStrict,441.000000
1822,com.google.javascript.jscomp.jsonml.JsonMLConversionTest#testCalls,373.000000
1823,com.google.javascript.jscomp.parsing.JsDocInfoParserTest#testReferences,281.000000
1824,com.google.javascript.rhino.IRTest#testParamList,24.000000
1825,com.google.javascript.jscomp.PureFunctionIdentifierTest#testAnnotationInExterns1,1321.000000
1826,com.google.javascript.jscomp.TypeCheckTest#testFunctionLiteralDefinedThisArgument,1145.000000
1827,com.google.javascript.jscomp.TypedScopeCreatorTest#testGlobalThis1,1021.000000
1828,com.google.javascript.jscomp.InlineFunctionsTest#testShadowVariables2,950.000000
1829,com.google.javascript.jscomp.FlowSensitiveInlineVariablesTest#testIssue777,926.000000
1830,com.google.javascript.jscomp.CollapsePropertiesTest#testObjLitWithQuotedKeyThatGetsRead,858.000000
1831,com.google.javascript.jscomp.IntegrationTest#testCheckReferencesOff,801.000000
1832,com.google.javascript.jscomp.PeepholeRemoveDeadCodeTest#testNoRemoveThrow3,801.000000
1833,com.google.javascript.jscomp.NameAnalyzerTest#testNamespacedClass1,798.000000
1834,com.google.javascript.jscomp.TypeInferenceTest#testAdd3,731.000000
1835,com.google.javascript.jscomp.ExportTestFunctionsTest#testFunctionAssignmentsAreExported,625.000000
1836,com.google.javascript.jscomp.ClosureReverseAbstractInterpreterTest#testGoogIsBoolean1,484.000000
1837,com.google.javascript.jscomp.VarCheckTest#testTwoLocalVars,409.000000
1838,com.google.javascript.jscomp.jsonml.JsonMLConversionTest#testForIn,384.000000
1839,com.google.javascript.jscomp.parsing.JsDocInfoParserTest#testParseThrows1,302.000000
1840,com.google.javascript.rhino.IRTest#testScript,21.000000
1841,com.google.javascript.jscomp.PureFunctionIdentifierTest#testAnnotationInExterns2,1321.000000
1842,com.google.javascript.jscomp.TypeCheckTest#testPropAccess4,1058.000000
1843,com.google.javascript.jscomp.TypedScopeCreatorTest#testGlobalThis2,1051.000000
1844,com.google.javascript.jscomp.FlowSensitiveInlineVariablesTest#testDoNotInlineIncrement,900.000000
1845,com.google.javascript.jscomp.InlineFunctionsTest#testShadowVariables4,870.000000
1846,com.google.javascript.jscomp.InlineVariablesTest#testSingleReferenceAfterInitialzation,847.000000
1847,com.google.javascript.jscomp.CollapsePropertiesTest#testAddPropertyToChildOfUncollapsibleFunctionInLocalScope,846.000000
1848,com.google.javascript.jscomp.NameAnalyzerTest#testNamespacedClass2,838.000000
1849,com.google.javascript.jscomp.IntegrationTest#testNameAnonymousFunctions,828.000000
1850,com.google.javascript.jscomp.PeepholeRemoveDeadCodeTest#testComplex1,826.000000
1851,com.google.javascript.jscomp.TypeInferenceTest#testFor1,772.000000
1852,com.google.javascript.jscomp.ClosureReverseAbstractInterpreterTest#testGoogIsBoolean3,481.000000
1853,com.google.javascript.jscomp.VarCheckTest#testViolatedModuleDependencyNonStrictNotPromoted,442.000000
1854,com.google.javascript.jscomp.jsonml.JsonMLConversionTest#testThrow,363.000000
1855,com.google.javascript.jscomp.parsing.JsDocInfoParserTest#testParseExport1,265.000000
1856,com.google.javascript.rhino.jstype.BooleanLiteralSetTest#testUnion,3.000000
1857,com.google.javascript.jscomp.PureFunctionIdentifierTest#testAnnotationInExterns3,1321.000000
1858,com.google.javascript.jscomp.TypeCheckTest#testGetprop4,1089.000000
1859,com.google.javascript.jscomp.TypedScopeCreatorTest#testMethodBeforeFunction1,1057.000000
1860,com.google.javascript.jscomp.FlowSensitiveInlineVariablesTest#testInlineExpression10,928.000000
1861,com.google.javascript.jscomp.IntegrationTest#testRenamePrefix,831.000000
1862,com.google.javascript.jscomp.PeepholeRemoveDeadCodeTest#testComplex2,829.000000
1863,com.google.javascript.jscomp.NameAnalyzerTest#testNamespacedClass3,827.000000
1864,com.google.javascript.jscomp.CollapsePropertiesTest#testPrototypeMethodReferencingThis,820.000000
1865,com.google.javascript.jscomp.InlineFunctionsTest#testShadowVariables5,806.000000
1866,com.google.javascript.jscomp.TypeInferenceTest#testFor2,763.000000
1867,com.google.javascript.jscomp.StripCodeTest#testCrazyNesting1,629.000000
1868,com.google.javascript.jscomp.ClosureReverseAbstractInterpreterTest#testGoogIsBoolean4,482.000000
1869,com.google.javascript.jscomp.VarCheckTest#testInnerFunctionLocalVar,407.000000
1870,com.google.javascript.jscomp.jsonml.JsonMLConversionTest#testWith,381.000000
1871,com.google.javascript.jscomp.parsing.JsDocInfoParserTest#testParseExpose1,265.000000
1872,com.google.javascript.rhino.jstype.TernaryValueTest#testAnd,4.000000
1873,com.google.javascript.jscomp.PureFunctionIdentifierTest#testAnnotationInExterns4,1321.000000
1874,com.google.javascript.jscomp.TypedScopeCreatorTest#testMethodBeforeFunction2,1086.000000
1875,com.google.javascript.jscomp.TypeCheckTest#testArrayAccess6,1082.000000
1876,com.google.javascript.jscomp.InlineFunctionsTest#testShadowVariables6,943.000000
1877,com.google.javascript.jscomp.FlowSensitiveInlineVariablesTest#testInlineExpressions1,937.000000
1878,com.google.javascript.jscomp.NameAnalyzerTest#testNamespacedClass4,890.000000
1879,com.google.javascript.jscomp.IntegrationTest#testMoveFunctionDeclarations,834.000000
1880,com.google.javascript.jscomp.PeepholeRemoveDeadCodeTest#testComplex3,829.000000
1881,com.google.javascript.jscomp.CollapsePropertiesTest#testAliasCreatedForFunctionDepth1_1,819.000000
1882,com.google.javascript.jscomp.TypeInferenceTest#testFor4,791.000000
1883,com.google.javascript.jscomp.NameAnonymousFunctionsTest#testRecursiveObjectLiteral,624.000000
1884,com.google.javascript.jscomp.ClosureReverseAbstractInterpreterTest#testGoogIsFunction2,504.000000
1885,com.google.javascript.jscomp.VarCheckTest#testIndependentStrictModuleDependencyCheck,393.000000
1886,com.google.javascript.jscomp.jsonml.JsonMLConversionTest#testDoWhile,369.000000
1887,com.google.javascript.jscomp.parsing.ParserTest#testUnnamedFunctionStatement,264.000000
1888,com.google.javascript.rhino.jstype.TernaryValueTest#testToString,4.000000
1889,com.google.javascript.jscomp.PureFunctionIdentifierTest#testAnnotationInExterns5,1320.000000
1890,com.google.javascript.jscomp.TypeCheckTest#testGlobalThis2,1104.000000
1891,com.google.javascript.jscomp.InlineFunctionsTest#testShadowVariables7,939.000000
1892,com.google.javascript.jscomp.FlowSensitiveInlineVariablesTest#testInlineExpressions2,932.000000
1893,com.google.javascript.jscomp.TypedScopeCreatorTest#testConstructorAlias,932.000000
1894,com.google.javascript.jscomp.NameAnalyzerTest#testNamespacedClass5,895.000000
1895,com.google.javascript.jscomp.PeepholeRemoveDeadCodeTest#testComplex4,830.000000
1896,com.google.javascript.jscomp.CollapsePropertiesTest#testAliasCreatedForFunctionDepth1_2,827.000000
1897,com.google.javascript.jscomp.IntegrationTest#testCheckSymbolsOff,801.000000
1898,com.google.javascript.jscomp.TypeInferenceTest#testFor6,798.000000
1899,com.google.javascript.jscomp.PeepholeSubstituteAlternateSyntaxTest#testSubsituteBreakForThrow,726.000000
1900,com.google.javascript.jscomp.ClosureReverseAbstractInterpreterTest#testGoogIsDef1,483.000000
1901,com.google.javascript.jscomp.VarCheckTest#testLegalVarReferenceBetweenModules,451.000000
1902,com.google.javascript.jscomp.jsonml.JsonMLConversionTest#testRegExp,356.000000
1903,com.google.javascript.rhino.jstype.JSTypeTest#testVoidType,306.000000
1904,com.google.javascript.rhino.jstype.TernaryValueTest#testToBoolean,4.000000
1905,com.google.javascript.jscomp.PureFunctionIdentifierTest#testCallFunctionFOrG,1361.000000
1906,com.google.javascript.jscomp.TypeCheckTest#testTypeof2,1106.000000
1907,com.google.javascript.jscomp.TypedScopeCreatorTest#testEnum,948.000000
1908,com.google.javascript.jscomp.FlowSensitiveInlineVariablesTest#testInlineExpressions3,944.000000
1909,com.google.javascript.jscomp.NameAnalyzerTest#testGetElem2,895.000000
1910,com.google.javascript.jscomp.IntegrationTest#testCollapseProperties1,857.000000
1911,com.google.javascript.jscomp.InlineFunctionsTest#testShadowVariables8,842.000000
1912,com.google.javascript.jscomp.CollapsePropertiesTest#testAliasCreatedForFunctionDepth1_3,827.000000
1913,com.google.javascript.jscomp.PeepholeRemoveDeadCodeTest#testComplex5,823.000000
1914,com.google.javascript.jscomp.TypeInferenceTest#testNew1,746.000000
1915,com.google.javascript.jscomp.OptimizeArgumentsArrayTest#testTwoRequiredOneOptionalFifthVarArgReferenced,622.000000
1916,com.google.javascript.jscomp.ClosureReverseAbstractInterpreterTest#testGoogIsDef2,490.000000
1917,com.google.javascript.jscomp.VarCheckTest#testSimple,397.000000
1918,com.google.javascript.jscomp.jsonml.JsonMLConversionTest#testSwitch,337.000000
1919,com.google.javascript.rhino.jstype.JSTypeTest#testStringObjectEnumType,298.000000
1920,com.google.javascript.rhino.jstype.TernaryValueTest#testOr,4.000000
1921,com.google.javascript.jscomp.PureFunctionIdentifierTest#testConstructorThatModifiesGlobal1,1401.000000
1922,com.google.javascript.jscomp.TypeCheckTest#testCall1,1080.000000
1923,com.google.javascript.jscomp.TypedScopeCreatorTest#testDeclaredConstType1,953.000000
1924,com.google.javascript.jscomp.FlowSensitiveInlineVariablesTest#testInlineExpressions4,923.000000
1925,com.google.javascript.jscomp.IntegrationTest#testCollapseProperties2,902.000000
1926,com.google.javascript.jscomp.NameAnalyzerTest#testGetElem3,855.000000
1927,com.google.javascript.jscomp.InlineFunctionsTest#testShadowVariables9,839.000000
1928,com.google.javascript.jscomp.CollapsePropertiesTest#testChainedAssignments1,825.000000
1929,com.google.javascript.jscomp.PeepholeRemoveDeadCodeTest#testRemoveInControlStructure2,803.000000
1930,com.google.javascript.jscomp.TypeInferenceTest#testTry1,742.000000
1931,com.google.javascript.jscomp.GroupVariableDeclarationsTest#testGroupingVarsInScopeRegtest,667.000000
1932,com.google.javascript.jscomp.ClosureReverseAbstractInterpreterTest#testGoogIsDef4,482.000000
1933,com.google.javascript.jscomp.ExpressionDecomposerTest#testExposeExpression2,454.000000
1934,com.google.javascript.jscomp.VarCheckTest#testViolatedModuleDependencySkipNonStrict,443.000000
1935,com.google.javascript.rhino.jstype.JSTypeTest#testTemplatizedType,281.000000
1936,com.google.javascript.rhino.NodeTest#testVarArgs3,15.000000
1937,com.google.javascript.jscomp.PureFunctionIdentifierTest#testConstructorThatModifiesGlobal2,1405.000000
1938,com.google.javascript.jscomp.TypeCheckTest#testCast9,1139.000000
1939,com.google.javascript.jscomp.TypedScopeCreatorTest#testDeclaredConstType2,953.000000
1940,com.google.javascript.jscomp.FlowSensitiveInlineVariablesTest#testInlineExpressions5,934.000000
1941,com.google.javascript.jscomp.IntegrationTest#testRenamePrefixNamespaceActivatesMoveFunctionDeclarations,889.000000
1942,com.google.javascript.jscomp.InlineFunctionsTest#testFunctionExpressionCallInlining11a,858.000000
1943,com.google.javascript.jscomp.CollapsePropertiesTest#testChainedAssignments2,825.000000
1944,com.google.javascript.jscomp.PeepholeRemoveDeadCodeTest#testRemoveInControlStructure3,817.000000
1945,com.google.javascript.jscomp.NameAnalyzerTest#testRValueReference1,797.000000
1946,com.google.javascript.jscomp.TypeInferenceTest#testTry2,749.000000
1947,com.google.javascript.jscomp.ScopedAliasesTest#testShadowedScopedVar,693.000000
1948,com.google.javascript.jscomp.CheckGlobalNamesTest#testNoWarningForGoodModuleDep1,589.000000
1949,com.google.javascript.jscomp.ClosureReverseAbstractInterpreterTest#testGoogIsArray3,480.000000
1950,com.google.javascript.rhino.jstype.JSTypeTest#testNoObjectType,337.000000
1951,com.google.javascript.jscomp.FunctionInjectorTest#testCanInlineReferenceToFunction45,303.000000
1952,com.google.javascript.rhino.NodeTest#testCheckTreeEqualsImplDifferentChildCount,8.000000
1953,com.google.javascript.jscomp.PureFunctionIdentifierTest#testAnonymousFunction1,1327.000000
1954,com.google.javascript.jscomp.TypeCheckTest#testNew11,1095.000000
1955,com.google.javascript.jscomp.TypedScopeCreatorTest#testDeclaredConstType3,1000.000000
1956,com.google.javascript.jscomp.FlowSensitiveInlineVariablesTest#testInlineExpressions6,932.000000
1957,com.google.javascript.jscomp.InlineFunctionsTest#testFunctionExpressionCallInlining11b,924.000000
1958,com.google.javascript.jscomp.IntegrationTest#testExtractPrototypeMemberDeclarations,922.000000
1959,com.google.javascript.jscomp.CollapsePropertiesTest#testChainedAssignments3,846.000000
1960,com.google.javascript.jscomp.NameAnalyzerTest#testRValueReference2,800.000000
1961,com.google.javascript.jscomp.PeepholeRemoveDeadCodeTest#testRemoveAdd1,765.000000
1962,com.google.javascript.jscomp.TypeInferenceTest#testTry3,751.000000
1963,com.google.javascript.jscomp.CheckGlobalThisTest#testInterface1,680.000000
1964,com.google.javascript.jscomp.CheckGlobalNamesTest#testSelfModuleDep,578.000000
1965,com.google.javascript.jscomp.ClosureReverseAbstractInterpreterTest#testGoogIsArray4,483.000000
1966,com.google.javascript.jscomp.SyntacticScopeCreatorTest#testRedeclaration1,276.000000
1967,com.google.javascript.rhino.jstype.FunctionTypeTest#testCtorWithPrototypeSet,212.000000
1968,com.google.debugging.sourcemap.SourceMapConsumerV1Test#testInvalidPostHeaderToken,11.000000
1969,com.google.javascript.jscomp.PureFunctionIdentifierTest#testAnonymousFunction2,1359.000000
1970,com.google.javascript.jscomp.TypeCheckTest#testAnd7,1084.000000
1971,com.google.javascript.jscomp.TypedScopeCreatorTest#testDeclaredConstType4,1037.000000
1972,com.google.javascript.jscomp.FlowSensitiveInlineVariablesTest#testDoNotInlineIntoLhsOfAssign,903.000000
1973,com.google.javascript.jscomp.InlineFunctionsTest#testFunctionExpressionCallInlining11c,893.000000
1974,com.google.javascript.jscomp.PeepholeRemoveDeadCodeTest#testConstantConditionWithSideEffect1,884.000000
1975,com.google.javascript.jscomp.IntegrationTest#testCollapseObjectLiteral1,861.000000
1976,com.google.javascript.jscomp.NameAnalyzerTest#testRValueReference3,831.000000
1977,com.google.javascript.jscomp.CollapsePropertiesTest#testChainedAssignments4,806.000000
1978,com.google.javascript.jscomp.TypeInferenceTest#testAssert1,768.000000
1979,com.google.javascript.jscomp.ExploitAssignsTest#testBug2072343,591.000000
1980,com.google.javascript.jscomp.CheckGlobalNamesTest#testNoWarningForSimpleVarModuleDep1,584.000000
1981,com.google.javascript.jscomp.ClosureReverseAbstractInterpreterTest#testGoogIsString2,493.000000
1982,com.google.javascript.jscomp.CodePrinterTest#testPrettyPrinter3,336.000000
1983,com.google.javascript.jscomp.ConcreteTypeTest#testUnionWith,200.000000
1984,com.google.javascript.jscomp.NodeTraversalTest#testPruningCallbackShouldTraverse1,4.000000
1985,com.google.javascript.jscomp.PureFunctionIdentifierTest#testAnonymousFunction3,1374.000000
1986,com.google.javascript.jscomp.TypeCheckTest#testDfa9,1128.000000
1987,com.google.javascript.jscomp.TypedScopeCreatorTest#testPropertyInExterns1,1020.000000
1988,com.google.javascript.jscomp.FlowSensitiveInlineVariablesTest#testMultiUseInSameCfgNode,930.000000
1989,com.google.javascript.jscomp.IntegrationTest#testRemoveUnusedPrototypeProperties1,903.000000
1990,com.google.javascript.jscomp.InlineFunctionsTest#testFunctionExpressionCallInlining11d,893.000000
1991,com.google.javascript.jscomp.CollapsePropertiesTest#testChainedAssignments6,827.000000
1992,com.google.javascript.jscomp.NameAnalyzerTest#testRValueReference4,827.000000
1993,com.google.javascript.jscomp.PeepholeRemoveDeadCodeTest#testFoldBlocksWithManyChildren,809.000000
1994,com.google.javascript.jscomp.TypeInferenceTest#testAssert2,756.000000
1995,com.google.javascript.jscomp.CheckGlobalNamesTest#testNoWarningForSimpleVarModuleDep2,584.000000
1996,com.google.javascript.jscomp.InstrumentFunctionsTest#testInitJsParseFail,547.000000
1997,com.google.javascript.jscomp.MustBeReachingVariableDefTest#testMergesWithOneDefinition,418.000000
1998,com.google.javascript.jscomp.LinkedFlowScopeTest#testLongChain2,335.000000
1999,com.google.javascript.jscomp.parsing.IRFactoryTest#testNewLocation,258.000000
2000,com.google.javascript.jscomp.JSModuleTest#testSortInputs,159.000000
2001,com.google.javascript.jscomp.PureFunctionIdentifierTest#testAnonymousFunction4,1374.000000
2002,com.google.javascript.jscomp.TypeCheckTest#testGetTypedPercent4,969.000000
2003,com.google.javascript.jscomp.TypedScopeCreatorTest#testPropertyInExterns2,960.000000
2004,com.google.javascript.jscomp.FlowSensitiveInlineVariablesTest#testVarInConditionPath,922.000000
2005,com.google.javascript.jscomp.InlineFunctionsTest#testFunctionExpressionCallInlining11e,903.000000
2006,com.google.javascript.jscomp.CollapsePropertiesTest#testChainedAssignments7,859.000000
2007,com.google.javascript.jscomp.NameAnalyzerTest#testRValueReference5,828.000000
2008,com.google.javascript.jscomp.TypeInferenceTest#testAssert3,795.000000
2009,com.google.javascript.jscomp.PeepholeRemoveDeadCodeTest#testNoRemoveFunctionDeclaration1,780.000000
2010,com.google.javascript.jscomp.RemoveTryCatchTest#testPreserveAnnotatedTryBlock,636.000000
2011,com.google.javascript.jscomp.CheckGlobalNamesTest#testUndefinedModuleDep1,601.000000
2012,com.google.javascript.jscomp.LinkedFlowScopeTest#testLongChain3,335.000000
2013,com.google.javascript.jscomp.DefaultCodingConventionTest#testFunctionBind,274.000000
2014,com.google.javascript.jscomp.parsing.IRFactoryTest#testTryLocation,267.000000
2015,com.google.javascript.jscomp.JSModuleTest#testDependencies,9.000000
2016,com.google.javascript.jscomp.PureFunctionIdentifierTest#testCallFunctionThatModifiesThis,1408.000000
2017,com.google.javascript.jscomp.TypeCheckTest#testOptionalUnknownNamedType,1111.000000
2018,com.google.javascript.jscomp.TypedScopeCreatorTest#testPropertyInExterns3,999.000000
2019,com.google.javascript.jscomp.FlowSensitiveInlineVariablesTest#testNoInlineLoopCarriedDefinition,948.000000
2020,com.google.javascript.jscomp.InlineFunctionsTest#testComplexInlineNoResultNoParamCall1,872.000000
2021,com.google.javascript.jscomp.CollapsePropertiesTest#testFunctionWithQuotedPropertyThatDoesNotGetRead,857.000000
2022,com.google.javascript.jscomp.NameAnalyzerTest#testRValueReference6,804.000000
2023,com.google.javascript.jscomp.TypeInferenceTest#testAssert4,800.000000
2024,com.google.javascript.jscomp.PeepholeRemoveDeadCodeTest#testNoRemoveFunctionDeclaration2,787.000000
2025,com.google.javascript.jscomp.PeepholeCollectPropertyAssignmentsTest#testObjectOptimization1,645.000000
2026,com.google.javascript.jscomp.CheckGlobalNamesTest#testBadModuleDep1,605.000000
2027,com.google.javascript.jscomp.LinkedFlowScopeTest#testFindUniqueSlot,310.000000
2028,com.google.javascript.jscomp.parsing.IRFactoryTest#testSwitchLocation,263.000000
2029,com.google.javascript.jscomp.NodeUtilTest#testIsNaN,256.000000
2030,com.google.javascript.jscomp.ClosureCodingConventionTest#testEnumKey,12.000000
2031,com.google.javascript.jscomp.PureFunctionIdentifierTest#testOrOperator1,1367.000000
2032,com.google.javascript.jscomp.TypeCheckTest#testBadImplementsNonObjectType,1063.000000
2033,com.google.javascript.jscomp.TypedScopeCreatorTest#testDuplicateExternProperty2,1042.000000
2034,com.google.javascript.jscomp.FlowSensitiveInlineVariablesTest#testRemoveWithLabels,982.000000
2035,com.google.javascript.jscomp.InlineFunctionsTest#testComplexInlineNoResultNoParamCall2,903.000000
2036,com.google.javascript.jscomp.CollapsePropertiesTest#testAliasCreatedForPropertyOfEnumOfObjects,889.000000
2037,com.google.javascript.jscomp.NameAnalyzerTest#testIf1,838.000000
2038,com.google.javascript.jscomp.PeepholeRemoveDeadCodeTest#testVarLifting,812.000000
2039,com.google.javascript.jscomp.TypeInferenceTest#testAssert6,769.000000
2040,com.google.javascript.jscomp.ObjectPropertyStringPreprocessTest#testFooPrototypeBar,588.000000
2041,com.google.javascript.jscomp.CheckRequiresForConstructorsTest#testFailWithLocalVariableInMoreThanOneFile,523.000000
2042,com.google.javascript.jscomp.LinkedFlowScopeTest#testJoin2,327.000000
2043,com.google.javascript.jscomp.parsing.IRFactoryTest#testDelete2,264.000000
2044,com.google.javascript.jscomp.NodeUtilTest#testIsControlStructureCodeBlock,256.000000
2045,com.google.javascript.jscomp.ClosureCodingConventionTest#testVarAndOptionalParams,18.000000
2046,com.google.javascript.jscomp.PureFunctionIdentifierTest#testOrOperator2,1369.000000
2047,com.google.javascript.jscomp.TypeCheckTest#testDefinePropertyOnNullableObject2,1138.000000
2048,com.google.javascript.jscomp.TypedScopeCreatorTest#testConstructorProperty,1026.000000
2049,com.google.javascript.jscomp.InlineFunctionsTest#testComplexInlineNoResultNoParamCall3,918.000000
2050,com.google.javascript.jscomp.NameAnalyzerTest#testIf2,854.000000
2051,com.google.javascript.jscomp.CollapsePropertiesTest#testMethodCall,843.000000
2052,com.google.javascript.jscomp.PeepholeRemoveDeadCodeTest#testFoldAssign,814.000000
2053,com.google.javascript.jscomp.TypeInferenceTest#testAssert7,763.000000
2054,com.google.javascript.jscomp.PeepholeReplaceKnownMethodsTest#testFoldStringCharAt,621.000000
2055,com.google.javascript.jscomp.CheckRequiresForConstructorsTest#testShouldWarnWhenInstantiatingObjectsDefinedInGlobalScope,547.000000
2056,com.google.javascript.jscomp.LinkedFlowScopeTest#testJoin3,337.000000
2057,com.google.javascript.jscomp.parsing.JsDocInfoParserTest#testSourceName,283.000000
2058,com.google.javascript.jscomp.NodeUtilTest#testMergeBlock1,271.000000
2059,com.google.javascript.jscomp.ClosureCodingConventionTest#testInlineName,12.000000
2060,com.google.javascript.jscomp.PureFunctionIdentifierTest#testOrOperator3,1373.000000
2061,com.google.javascript.jscomp.TypeCheckTest#testParameterized2,1096.000000
2062,com.google.javascript.jscomp.TypedScopeCreatorTest#testPropertyDeclarationOnInstanceType,949.000000
2063,com.google.javascript.jscomp.NameAnalyzerTest#testIf3,866.000000
2064,com.google.javascript.jscomp.CollapsePropertiesTest#testPeerAndSubpropertyOfUncollapsibleProperty,843.000000
2065,com.google.javascript.jscomp.InlineFunctionsTest#testLocalFunctionInliningOnly1,818.000000
2066,com.google.javascript.jscomp.PeepholeRemoveDeadCodeTest#testRemoveFromLabel1,802.000000
2067,com.google.javascript.jscomp.TypeInferenceTest#testAssert8,772.000000
2068,com.google.javascript.jscomp.RemoveUnusedClassPropertiesTest#testForIn,628.000000
2069,com.google.javascript.jscomp.CheckRequiresForConstructorsTest#testFailWithOneNew,444.000000
2070,com.google.javascript.jscomp.LinkedFlowScopeTest#testOptimize,309.000000
2071,com.google.javascript.jscomp.NodeUtilTest#testIsExecutedExactlyOnce,292.000000
2072,com.google.javascript.jscomp.parsing.JsDocInfoParserTest#testParserWithTemplateDuplicated,273.000000
2073,com.google.javascript.jscomp.AstValidatorTest#testValidExpression2,32.000000
2074,com.google.javascript.jscomp.PureFunctionIdentifierTest#testAnnotationInExterns_new10,1367.000000
2075,com.google.javascript.jscomp.TypeCheckTest#testDuplicateTypeDef,1087.000000
2076,com.google.javascript.jscomp.TypedScopeCreatorTest#testFunctionInComma,1018.000000
2077,com.google.javascript.jscomp.NameAnalyzerTest#testIf4,861.000000
2078,com.google.javascript.jscomp.CollapsePropertiesTest#testFunctionCallDepth1,843.000000
2079,com.google.javascript.jscomp.InlineFunctionsTest#testLocalFunctionInliningOnly2,828.000000
2080,com.google.javascript.jscomp.PeepholeRemoveDeadCodeTest#testRemoveFromLabel2,828.000000
2081,com.google.javascript.jscomp.TypeInferenceTest#testAssert9,764.000000
2082,com.google.javascript.jscomp.PeepholeFoldConstantsTest#testAssignOpsLate,666.000000
2083,com.google.javascript.jscomp.CheckRequiresForConstructorsTest#testShouldWarnWhenInstantiatingGlobalClassesFromGlobalScope,545.000000
2084,com.google.javascript.jscomp.LinkedFlowScopeTest#testDiffer1,321.000000
2085,com.google.javascript.jscomp.parsing.JsDocInfoParserTest#testParseDefineErrors2,309.000000
2086,com.google.javascript.jscomp.NodeUtilTest#testGetNodeTypeReferenceCount,259.000000
2087,com.google.javascript.jscomp.graph.StandardUnionFindTest#testAdd,8.000000
2088,com.google.javascript.jscomp.PureFunctionIdentifierTest#testLocalizedSideEffects10,1409.000000
2089,com.google.javascript.jscomp.TypeCheckTest#testObjectLiteralDeclaration3,1117.000000
2090,com.google.javascript.jscomp.TypedScopeCreatorTest#testAbstractMethod2,947.000000
2091,com.google.javascript.jscomp.NameAnalyzerTest#testIf5,869.000000
2092,com.google.javascript.jscomp.CollapsePropertiesTest#testFunctionCallDepth2,845.000000
2093,com.google.javascript.jscomp.InlineFunctionsTest#testLocalFunctionInliningOnly3,830.000000
2094,com.google.javascript.jscomp.TypeInferenceTest#testGetElem,773.000000
2095,com.google.javascript.jscomp.ReplaceMessagesTest#testNoUseFallback2,687.000000
2096,com.google.javascript.jscomp.CheckRequiresForConstructorsTest#testFailWithWarningsAndMultipleFiles,554.000000
2097,com.google.javascript.jscomp.LinkedFlowScopeTest#testDiffer2,317.000000
2098,com.google.javascript.jscomp.parsing.JsDocInfoParserTest#testTypeTagConflict18,280.000000
2099,com.google.javascript.jscomp.NodeUtilTest#testValidDefine,265.000000
2100,com.google.javascript.jscomp.regex.CharRangesTest#testDupeMembers,7.000000
2101,com.google.javascript.jscomp.PureFunctionIdentifierTest#testLocalizedSideEffects11,1401.000000
2102,com.google.javascript.jscomp.TypeCheckTest#testSuperclassMatchWithMixin,1101.000000
2103,com.google.javascript.jscomp.TypedScopeCreatorTest#testAbstractMethod3,951.000000
2104,com.google.javascript.jscomp.NameAnalyzerTest#testExternalAliasInstanceof1,859.000000
2105,com.google.javascript.jscomp.CollapsePropertiesTest#testAddPropertyToUncollapsibleObjectInLocalScopeDepth1,832.000000
2106,com.google.javascript.jscomp.InlineFunctionsTest#testLocalFunctionInliningOnly4,824.000000
2107,com.google.javascript.jscomp.TypeInferenceTest#testGetProp,749.000000
2108,com.google.javascript.jscomp.CheckMissingGetCssNameTest#testIgnoreAssignmentsToIdConstant,585.000000
2109,com.google.javascript.jscomp.CheckRequiresForConstructorsTest#testIgnoreDuplicateWarningsForSingleClasses,546.000000
2110,com.google.javascript.jscomp.NodeUtilTest#testRemoveTryChild3,275.000000
2111,com.google.javascript.jscomp.parsing.JsDocInfoParserTest#testParseOverride1,265.000000
2112,com.google.javascript.jscomp.ControlStructureCheckTest#testBreakCrossFunctionInFor,196.000000
2113,com.google.javascript.jscomp.PureFunctionIdentifierTest#testCallFunctionFOrGViaHook,1347.000000
2114,com.google.javascript.jscomp.TypeCheckTest#testBug908701,1114.000000
2115,com.google.javascript.jscomp.TypedScopeCreatorTest#testAbstractMethod4,1088.000000
2116,com.google.javascript.jscomp.CollapsePropertiesTest#testAddPropertyToUncollapsibleObjectInLocalScopeDepth2,856.000000
2117,com.google.javascript.jscomp.NameAnalyzerTest#testExternalAliasInstanceof2,856.000000
2118,com.google.javascript.jscomp.InlineFunctionsTest#testCostBasedInlining1,804.000000
2119,com.google.javascript.jscomp.TypeInferenceTest#testShortCircuitingAnd2,777.000000
2120,com.google.javascript.jscomp.PeepholeIntegrationTest#testCommaSplitingConstantCondition,675.000000
2121,com.google.javascript.jscomp.CheckRequiresForConstructorsTest#testPassWithoutWarningsAndMultipleFiles,449.000000
2122,com.google.javascript.jscomp.JsMessageVisitorTest#testCamelcasePlaceholderNamesAreOk,332.000000
2123,com.google.javascript.jscomp.parsing.JsDocInfoParserTest#testDocumentationParameter,318.000000
2124,com.google.javascript.jscomp.DefaultCodingConventionTest#testVarAndOptionalParams,11.000000
2125,com.google.javascript.jscomp.PureFunctionIdentifierTest#testAssignmentOverride,1386.000000
2126,com.google.javascript.jscomp.TypeCheckTest#testGatherProperyWithoutAnnotation1,1045.000000
2127,com.google.javascript.jscomp.TypedScopeCreatorTest#testNamespacedConstructorAlias,1012.000000
2128,com.google.javascript.jscomp.InlineFunctionsTest#testCostBasedInlining2,864.000000
2129,com.google.javascript.jscomp.CollapsePropertiesTest#testLocalWriteToAncestor,844.000000
2130,com.google.javascript.jscomp.NameAnalyzerTest#testExternalAliasInstanceof3,812.000000
2131,com.google.javascript.jscomp.TypeInferenceTest#testUnknownType1,736.000000
2132,com.google.javascript.jscomp.CollapseAnonymousFunctionsTest#testRecursiveInternal1,676.000000
2133,com.google.javascript.jscomp.CheckRequiresForConstructorsTest#testNewNodesWithMoreThanOneFile,554.000000
2134,com.google.javascript.jscomp.JsMessageVisitorTest#testDuplicateMessageError,403.000000
2135,com.google.javascript.jscomp.parsing.JsDocInfoParserTest#testBadModifies9,274.000000
2136,com.google.javascript.jscomp.CheckPathsBetweenNodesTest#testSomeValidPaths,39.000000
2137,com.google.javascript.jscomp.PureFunctionIdentifierTest#testInvalidAnnotation2,1235.000000
2138,com.google.javascript.jscomp.TypeCheckTest#testNumericComparison4,1061.000000
2139,com.google.javascript.jscomp.CollapsePropertiesTest#testAliasCreatedForEnumOfObjects,892.000000
2140,com.google.javascript.jscomp.TypedScopeCreatorTest#testBadIfaceInit1,884.000000
2141,com.google.javascript.jscomp.InlineFunctionsTest#testCostBasedInlining3,875.000000
2142,com.google.javascript.jscomp.NameAnalyzerTest#testAnonymous1,832.000000
2143,com.google.javascript.jscomp.TypeInferenceTest#testUnknownType2,741.000000
2144,com.google.javascript.jscomp.CheckSuspiciousCodeTest#testSuspiciousSemi,633.000000
2145,com.google.javascript.jscomp.DevirtualizePrototypeMethodsTest#testRewriteSameModule1,507.000000
2146,com.google.javascript.jscomp.JsMessageVisitorTest#testIncorrectMessageReporting,312.000000
2147,com.google.javascript.jscomp.parsing.JsDocInfoParserTest#testParseNoAlias1,265.000000
2148,com.google.javascript.jscomp.JsMessageTest#testIsEmpty,19.000000
2149,com.google.javascript.jscomp.PureFunctionIdentifierTest#testInvalidAnnotation3,1235.000000
2150,com.google.javascript.jscomp.TypeCheckTest#testMultipleExtendsInterface5,1094.000000
2151,com.google.javascript.jscomp.TypedScopeCreatorTest#testBadIfaceInit2,967.000000
2152,com.google.javascript.jscomp.CollapsePropertiesTest#testAliasedTopLevelName,854.000000
2153,com.google.javascript.jscomp.InlineFunctionsTest#testCostBasedInlining4,849.000000
2154,com.google.javascript.jscomp.NameAnalyzerTest#testAnonymous2,831.000000
2155,com.google.javascript.jscomp.TypeInferenceTest#testAssertArray,758.000000
2156,com.google.javascript.jscomp.StatementFusionTest#testFoldSwitch,611.000000
2157,com.google.javascript.jscomp.DevirtualizePrototypeMethodsTest#testRewriteSameModule2,507.000000
2158,com.google.javascript.jscomp.parsing.ParserTest#testDestructuringAssignForbidden,254.000000
2159,com.google.javascript.jscomp.CompilerTest#testCodeBuilderColumnAfterResetDummy,229.000000
2160,com.google.javascript.jscomp.deps.SortedDependenciesTest#testSort2,10.000000
2161,com.google.javascript.jscomp.PureFunctionIdentifierTest#testInvalidAnnotation4,1238.000000
2162,com.google.javascript.jscomp.TypeCheckTest#testOptionalArgFunctionParamError,1062.000000
2163,com.google.javascript.jscomp.TypedScopeCreatorTest#testCollectedFunctionStub,1051.000000
2164,com.google.javascript.jscomp.CollapsePropertiesTest#testAliasCreatedForEnumDepth1_2,871.000000
2165,com.google.javascript.jscomp.InlineFunctionsTest#testCostBasedInlining5,870.000000
2166,com.google.javascript.jscomp.NameAnalyzerTest#testAnonymous4,861.000000
2167,com.google.javascript.jscomp.TypeInferenceTest#testAssertFunction,761.000000
2168,com.google.javascript.jscomp.MakeDeclaredNamesUniqueTest#testMakeLocalNamesUniqueWithoutContext,612.000000
2169,com.google.javascript.jscomp.DevirtualizePrototypeMethodsTest#testRewriteSameModule3,507.000000
2170,com.google.javascript.rhino.jstype.JSTypeTest#testSymmetryOfLeastSupertype,373.000000
2171,com.google.javascript.jscomp.FunctionArgumentInjectorTest#testMaybeAddTempsForCallArguments5,317.000000
2172,com.google.javascript.jscomp.GatherSideEffectSubexpressionsCallbackTest#testIllegalArgumentIfNoSideEffectHook,65.000000
2173,com.google.javascript.jscomp.PureFunctionIdentifierTest#testInvalidAnnotation5,1238.000000
2174,com.google.javascript.jscomp.TypeCheckTest#testQualifiedNameInference10,1171.000000
2175,com.google.javascript.jscomp.TypedScopeCreatorTest#testPropertiesOnInterface2,1069.000000
2176,com.google.javascript.jscomp.CollapsePropertiesTest#testAliasCreatedForEnumDepth1_3,872.000000
2177,com.google.javascript.jscomp.InlineFunctionsTest#testCostBasedInlining6,871.000000
2178,com.google.javascript.jscomp.NameAnalyzerTest#testAnonymous6,852.000000
2179,com.google.javascript.jscomp.TypeInferenceTest#testAssertNumber,758.000000
2180,com.google.javascript.jscomp.MoveFunctionDeclarationsTest#testNoMoveDeepFunctionDeclarations,574.000000
2181,com.google.javascript.jscomp.DevirtualizePrototypeMethodsTest#testNoRewriteUseBeforeDefinition,492.000000
2182,com.google.javascript.jscomp.ControlFlowAnalysisTest#testSimpleCatch,329.000000
2183,com.google.javascript.rhino.jstype.JSTypeTest#testMixedParameterizedTypeChain,317.000000
2184,com.google.javascript.jscomp.DotFormatterTest#testKeyAssignementSequential,12.000000
2185,com.google.javascript.jscomp.PureFunctionIdentifierTest#testHookOperator1,1358.000000
2186,com.google.javascript.jscomp.TypeCheckTest#testQualifiedNameInference11,1082.000000
2187,com.google.javascript.jscomp.TypedScopeCreatorTest#testInferredObjectLitProperty2,905.000000
2188,com.google.javascript.jscomp.CollapsePropertiesTest#testAliasCreatedForEnumDepth1_4,883.000000
2189,com.google.javascript.jscomp.NameAnalyzerTest#testAnonymous7,853.000000
2190,com.google.javascript.jscomp.InlineFunctionsTest#testCostBasedInlining7,835.000000
2191,com.google.javascript.jscomp.TypeInferenceTest#testAssertObject,758.000000
2192,com.google.javascript.jscomp.FunctionNamesTest#testFunctionsNamesAndIds,641.000000
2193,com.google.javascript.jscomp.CrossModuleCodeMotionTest#testNoClassMovement2,479.000000
2194,com.google.javascript.jscomp.ControlFlowAnalysisTest#testDoWhileOrder,304.000000
2195,com.google.javascript.rhino.jstype.JSTypeTest#testRecordTypeGreatestSubType1,297.000000
2196,com.google.javascript.jscomp.PhaseOptimizerTest#testInfiniteLoop,148.000000
2197,com.google.javascript.jscomp.PureFunctionIdentifierTest#testHookOperator2,1366.000000
2198,com.google.javascript.jscomp.TypeCheckTest#testCast16,1140.000000
2199,com.google.javascript.jscomp.TypedScopeCreatorTest#testAbstractMethod,1060.000000
2200,com.google.javascript.jscomp.CollapsePropertiesTest#testAliasCreatedForEnumDepth2_1,877.000000
2201,com.google.javascript.jscomp.InlineFunctionsTest#testCostBasedInlining8,852.000000
2202,com.google.javascript.jscomp.NameAnalyzerTest#testAnonymous8,852.000000
2203,com.google.javascript.jscomp.TypeInferenceTest#testInfiniteLoop1,759.000000
2204,com.google.javascript.jscomp.ProcessClosurePrimitivesTest#testValidSetCssNameMappingWithType,568.000000
2205,com.google.javascript.jscomp.CrossModuleCodeMotionTest#testFunctionNonMovement2,488.000000
2206,com.google.javascript.jscomp.ControlFlowAnalysisTest#testWithStatement,303.000000
2207,com.google.javascript.rhino.jstype.JSTypeTest#testGoogBar,301.000000
2208,com.google.javascript.jscomp.IntegrationTest#testCodingConvention,115.000000
2209,com.google.javascript.jscomp.PureFunctionIdentifierTest#testHookOperator3,1366.000000
2210,com.google.javascript.jscomp.TypeCheckTest#testEnum20,1105.000000
2211,com.google.javascript.jscomp.TypedScopeCreatorTest#testFunctionInOr,1028.000000
2212,com.google.javascript.jscomp.InlineFunctionsTest#testCostBasedInlining9,963.000000
2213,com.google.javascript.jscomp.CollapsePropertiesTest#testAliasCreatedForEnumDepth2_2,903.000000
2214,com.google.javascript.jscomp.NameAnalyzerTest#testAnonymous9,853.000000
2215,com.google.javascript.jscomp.TypeInferenceTest#testInfiniteLoop2,757.000000
2216,com.google.javascript.jscomp.ReorderConstantExpressionTest#testRelationalOperations,642.000000
2217,com.google.javascript.jscomp.CrossModuleCodeMotionTest#testVarMovement1,457.000000
2218,com.google.javascript.rhino.jstype.JSTypeTest#testNumberValueType,359.000000
2219,com.google.javascript.jscomp.jsonml.JsonMLConversionTest#testVarDeclarations,350.000000
2220,com.google.javascript.jscomp.GoogleCodingConventionTest#testVarAndOptionalParams,21.000000
2221,com.google.javascript.jscomp.PureFunctionIdentifierTest#testSharedFunctionName2,1390.000000
2222,com.google.javascript.jscomp.TypeCheckTest#testEnum27,1104.000000
2223,com.google.javascript.jscomp.TypedScopeCreatorTest#testEnumAlias,948.000000
2224,com.google.javascript.jscomp.CollapsePropertiesTest#testAliasCreatedForEnumDepth2_3,920.000000
2225,com.google.javascript.jscomp.InlineFunctionsTest#testComplexInlineNoResultWithParamCall1,896.000000
2226,com.google.javascript.jscomp.InlineVariablesConstantsTest#testInlineDefinedConstant,830.000000
2227,com.google.javascript.jscomp.NameAnalyzerTest#testSideEffectClassification1,756.000000
2228,com.google.javascript.jscomp.TypeInferenceTest#testAssignment,706.000000
2229,com.google.javascript.jscomp.CrossModuleCodeMotionTest#testVarMovement2,457.000000
2230,com.google.javascript.jscomp.jsonml.JsonMLConversionTest#testNew,341.000000
2231,com.google.javascript.rhino.jstype.JSTypeTest#testGetPropertyNames,282.000000
2232,com.google.javascript.jscomp.GoogleCodingConventionTest#testInlineName,14.000000
2233,com.google.javascript.jscomp.PureFunctionIdentifierTest#testConstructorAnnotationInExterns1,1301.000000
2234,com.google.javascript.jscomp.TypeCheckTest#testEnum40,1172.000000
2235,com.google.javascript.jscomp.TypedScopeCreatorTest#testCollectedCtorProperty,1067.000000
2236,com.google.javascript.jscomp.InlineFunctionsTest#testComplexInlineNoResultWithParamCall2,911.000000
2237,com.google.javascript.jscomp.CollapsePropertiesTest#testAddPropertyToUncollapsibleNamedCtorInLocalScopeDepth1,823.000000
2238,com.google.javascript.jscomp.NameAnalyzerTest#testSideEffectClassification2,820.000000
2239,com.google.javascript.jscomp.TypeInferenceTest#testAssert10,795.000000
2240,com.google.javascript.jscomp.ConstCheckTest#testAbbreviatedShiftAssignment1,608.000000
2241,com.google.javascript.jscomp.CrossModuleCodeMotionTest#testVarMovement3,463.000000
2242,com.google.javascript.jscomp.jsonml.JsonMLConversionTest#testArray,379.000000
2243,com.google.javascript.rhino.jstype.JSTypeTest#testCreateRecordType,284.000000
2244,com.google.javascript.rhino.IRTest#testVar,27.000000
2245,com.google.javascript.jscomp.PureFunctionIdentifierTest#testConstructorAnnotationInExterns2,1361.000000
2246,com.google.javascript.jscomp.TypeCheckTest#testIssue783,1143.000000
2247,com.google.javascript.jscomp.InlineFunctionsTest#testComplexInlineNoResultWithParamCall3,930.000000
2248,com.google.javascript.jscomp.TypedScopeCreatorTest#testReturnTypeInference2,903.000000
2249,com.google.javascript.jscomp.CollapsePropertiesTest#testEnumOfObjects1,889.000000
2250,com.google.javascript.jscomp.NameAnalyzerTest#testSideEffectClassification3,843.000000
2251,com.google.javascript.jscomp.TypeInferenceTest#testAssertString,758.000000
2252,com.google.javascript.jscomp.VarCheckTest#testMultiplyDeclaredVars4,576.000000
2253,com.google.javascript.jscomp.CrossModuleCodeMotionTest#testVarMovement4,489.000000
2254,com.google.javascript.jscomp.jsonml.JsonMLConversionTest#testWhile,371.000000
2255,com.google.javascript.rhino.jstype.UnionTypeTest#testUnionType,247.000000
2256,com.google.javascript.rhino.IRTest#testIf,26.000000
2257,com.google.javascript.jscomp.PureFunctionIdentifierTest#testConstructorAnnotationInExterns3,1361.000000
2258,com.google.javascript.jscomp.TypeCheckTest#testUnionOfFunctionAndType,1060.000000
2259,com.google.javascript.jscomp.TypedScopeCreatorTest#testClosureParameterTypesWithoutJSDoc,1037.000000
2260,com.google.javascript.jscomp.CollapsePropertiesTest#testEnumOfObjects2,883.000000
2261,com.google.javascript.jscomp.NameAnalyzerTest#testSideEffectClassification4,827.000000
2262,com.google.javascript.jscomp.InlineFunctionsTest#testCostBasedInliningComplex1,799.000000
2263,com.google.javascript.jscomp.TypeInferenceTest#testInnerFunction1,725.000000
2264,com.google.javascript.jscomp.PeepholeSimplifyRegExpTest#testWaysOfMatchingEmptyString,620.000000
2265,com.google.javascript.jscomp.CrossModuleCodeMotionTest#testVarMovement5,436.000000
2266,com.google.javascript.jscomp.jsonml.JsonMLConversionTest#testThis,335.000000
2267,com.google.javascript.rhino.jstype.FunctionTypeTest#testInterfacePrototypeChain2,202.000000
2268,com.google.javascript.rhino.IRTest#testReturn,23.000000
2269,com.google.javascript.jscomp.PureFunctionIdentifierTest#testConstructorAnnotationInExterns4,1361.000000
2270,com.google.javascript.jscomp.TypeCheckTest#testInstanceof2,1121.000000
2271,com.google.javascript.jscomp.TypedScopeCreatorTest#testNamespacesEnumAlias,979.000000
2272,com.google.javascript.jscomp.InlineFunctionsTest#testCostBasedInliningComplex2,919.000000
2273,com.google.javascript.jscomp.CollapsePropertiesTest#testEnumOfObjects3,876.000000
2274,com.google.javascript.jscomp.NameAnalyzerTest#testSideEffectClassification5,874.000000
2275,com.google.javascript.jscomp.TypeInferenceTest#testShortCircuitingOr,781.000000
2276,com.google.javascript.jscomp.GatherRawExportsTest#testExportsFound2,641.000000
2277,com.google.javascript.jscomp.CrossModuleCodeMotionTest#testVarMovement6,446.000000
2278,com.google.javascript.jscomp.jsonml.JsonMLConversionTest#testType,320.000000
2279,com.google.javascript.jscomp.parsing.IRFactoryTest#testBitwiseOps,263.000000
2280,com.google.javascript.rhino.IRTest#testFunction,26.000000
2281,com.google.javascript.jscomp.PureFunctionIdentifierTest#testConstructorAnnotationInExterns5,1300.000000
2282,com.google.javascript.jscomp.TypeCheckTest#testPropAccess,1144.000000
2283,com.google.javascript.jscomp.TypedScopeCreatorTest#testInferredPrototypeProperty1,1036.000000
2284,com.google.javascript.jscomp.InlineFunctionsTest#testCostBasedInliningComplex3,930.000000
2285,com.google.javascript.jscomp.CollapsePropertiesTest#testEnumOfObjects4,907.000000
2286,com.google.javascript.jscomp.NameAnalyzerTest#testSideEffectClassification6,827.000000
2287,com.google.javascript.jscomp.TypeInferenceTest#testReturn1,746.000000
2288,com.google.javascript.jscomp.IgnoreCajaPropertiesTest#testSimpleKey,652.000000
2289,com.google.javascript.jscomp.CrossModuleCodeMotionTest#testVarMovement7,467.000000
2290,com.google.javascript.jscomp.jsonml.JsonMLConversionTest#testSimplePrograms,374.000000
2291,com.google.javascript.jscomp.parsing.IRFactoryTest#testAssignmentValidation,273.000000
2292,com.google.debugging.sourcemap.Base64Test#testBase64EncodeInt,2.000000
2293,com.google.javascript.jscomp.PureFunctionIdentifierTest#testConstructorAnnotationInExterns6,1361.000000
2294,com.google.javascript.jscomp.TypeCheckTest#testThisTypeOfFunction4,1189.000000
2295,com.google.javascript.jscomp.TypedScopeCreatorTest#testInferredPrototypeProperty2,1069.000000
2296,com.google.javascript.jscomp.NameAnalyzerTest#testSideEffectClassification7,874.000000
2297,com.google.javascript.jscomp.InlineFunctionsTest#testCostBasedInliningComplex4,854.000000
2298,com.google.javascript.jscomp.CollapsePropertiesTest#testObjLitDeclarationUsedInSameVarList,829.000000
2299,com.google.javascript.jscomp.TypeInferenceTest#testReturn2,745.000000
2300,com.google.javascript.jscomp.PeepholeFoldWithTypesTest#testDontFoldTypeofWithTypeCheckDisabled,580.000000
2301,com.google.javascript.jscomp.CrossModuleCodeMotionTest#testVarMovement8,459.000000
2302,com.google.javascript.jscomp.jsonml.JsonMLConversionTest#testDecIncOperators,316.000000
2303,com.google.javascript.jscomp.parsing.IRFactoryTest#testRegexpLocation,264.000000
2304,com.google.javascript.jscomp.CleanupPassesTest#testNoOptimizations,49.000000
2305,com.google.javascript.jscomp.PureFunctionIdentifierTest#testConstructorAnnotationInExterns7,1360.000000
2306,com.google.javascript.jscomp.TypeCheckTest#testMissingProperty36,1102.000000
2307,com.google.javascript.jscomp.TypedScopeCreatorTest#testTemplateType10,1074.000000
2308,com.google.javascript.jscomp.TypeInferenceTest#testBackwardsInferenceCall,925.000000
2309,com.google.javascript.jscomp.InlineFunctionsTest#testCostBasedInliningComplex5,924.000000
2310,com.google.javascript.jscomp.NameAnalyzerTest#testRemoveInstanceOfOnly,885.000000
2311,com.google.javascript.jscomp.CollapsePropertiesTest#testAddPropertyToUncollapsibleFunctionInLocalScopeDepth1,830.000000
2312,com.google.javascript.jscomp.ProcessClosurePrimitivesTest#testAddDependency,584.000000
2313,com.google.javascript.jscomp.CrossModuleCodeMotionTest#testVarMovement9,458.000000
2314,com.google.javascript.jscomp.jsonml.JsonMLConversionTest#testReturnStatement,358.000000
2315,com.google.javascript.jscomp.parsing.IRFactoryTest#testLabel3,271.000000
2316,com.google.javascript.jscomp.DataFlowAnalysisTest#testLatticeArrayMinimizationWhenMidpointIsEven,1.000000
2317,com.google.javascript.jscomp.PureFunctionIdentifierTest#testConstructorAnnotationInExterns8,1361.000000
2318,com.google.javascript.jscomp.TypedScopeCreatorTest#testTemplateType11,1095.000000
2319,com.google.javascript.jscomp.LooseTypeCheckTest#testDeclaredNativeTypeEquality,1068.000000
2320,com.google.javascript.jscomp.InlineFunctionsTest#testCostBasedInliningComplex6,925.000000
2321,com.google.javascript.jscomp.TypeInferenceTest#testPropertyInference2,918.000000
2322,com.google.javascript.jscomp.CollapsePropertiesTest#testAddPropertyToUncollapsibleFunctionInLocalScopeDepth2,861.000000
2323,com.google.javascript.jscomp.NameAnalyzerTest#testRefChain1,788.000000
2324,com.google.javascript.jscomp.PeepholeFoldConstantsTest#testFoldInstanceOf,638.000000
2325,com.google.javascript.jscomp.CrossModuleCodeMotionTest#testNoMoveSideEffectProperty,488.000000
2326,com.google.javascript.jscomp.parsing.JsDocInfoParserTest#testParseFunctionalType11,331.000000
2327,com.google.javascript.jscomp.jsonml.JsonMLConversionTest#testConditionals,315.000000
2328,com.google.javascript.jscomp.DataFlowAnalysisTest#testMaxIterationsExceededException,37.000000
2329,com.google.javascript.jscomp.PureFunctionIdentifierTest#testIssue303,1411.000000
2330,com.google.javascript.jscomp.CheckAccessControlsTest#testConstantProperty14,1165.000000
2331,com.google.javascript.jscomp.TypedScopeCreatorTest#testTemplateType2a,1112.000000
2332,com.google.javascript.jscomp.TypeInferenceTest#testPropertyInference3,917.000000
2333,com.google.javascript.jscomp.NameAnalyzerTest#testRefChain2,862.000000
2334,com.google.javascript.jscomp.InlineFunctionsTest#testCostBasedInliningComplex7,839.000000
2335,com.google.javascript.jscomp.CollapsePropertiesTest#testComplexAssignmentAfterInitialAssignment,836.000000
2336,com.google.javascript.jscomp.PeepholeSubstituteAlternateSyntaxTest#testBindToCall1,644.000000
2337,com.google.javascript.jscomp.CrossModuleCodeMotionTest#testLiteralMovement2,467.000000
2338,com.google.javascript.jscomp.jsonml.JsonMLConversionTest#testLogicalExpr,359.000000
2339,com.google.javascript.jscomp.parsing.JsDocInfoParserTest#testParseParamError5,294.000000
2340,com.google.javascript.jscomp.ClosureCodingConventionTest#testPrivateName,11.000000
2341,com.google.javascript.jscomp.PureFunctionIdentifierTest#testOrOperators4,1369.000000
2342,com.google.javascript.jscomp.CheckAccessControlsTest#testPrivateAccessForNames,1223.000000
2343,com.google.javascript.jscomp.TypedScopeCreatorTest#testTemplateType2b,1104.000000
2344,com.google.javascript.jscomp.CollapsePropertiesTest#testCollapsePropertyOnExternType,836.000000
2345,com.google.javascript.jscomp.NameAnalyzerTest#testRefChain3,835.000000
2346,com.google.javascript.jscomp.TypeInferenceTest#testShortCircuitingAnd,782.000000
2347,com.google.javascript.jscomp.InlineFunctionsTest#testCostBasedInliningComplex8,763.000000
2348,com.google.javascript.jscomp.InstrumentFunctionsTest#testInstrument,696.000000
2349,com.google.javascript.jscomp.CrossModuleCodeMotionTest#testLiteralMovement4,456.000000
2350,com.google.javascript.jscomp.jsonml.JsonMLConversionTest#testFunctions,368.000000
2351,com.google.javascript.jscomp.parsing.JsDocInfoParserTest#testParseUnionTypeError1,282.000000
2352,com.google.javascript.jscomp.CodePrinterTest#testManyCommas,74.000000
2353,com.google.javascript.jscomp.PureFunctionIdentifierTest#testResultLocalitySimple,1423.000000
2354,com.google.javascript.jscomp.TypedScopeCreatorTest#testTemplateType4a,1104.000000
2355,com.google.javascript.jscomp.TypeCheckTest#testOptionalNullableArgFunctionParam,1077.000000
2356,com.google.javascript.jscomp.InlineFunctionsTest#testCostBasedInliningComplex9,917.000000
2357,com.google.javascript.jscomp.CollapsePropertiesTest#testLocalAliasOfOtherName,847.000000
2358,com.google.javascript.jscomp.NameAnalyzerTest#testRefChain4,840.000000
2359,com.google.javascript.jscomp.TypeInferenceTest#testShortCircuitingOr2,782.000000
2360,com.google.javascript.jscomp.ObjectPropertyStringPostprocessTest#testFooDotBar,569.000000
2361,com.google.javascript.jscomp.CrossModuleCodeMotionTest#testClassMovement1,494.000000
2362,com.google.javascript.jscomp.parsing.JsDocInfoParserTest#testAuthors,321.000000
2363,com.google.javascript.jscomp.jsonml.JsonMLConversionTest#testMathExpr,305.000000
2364,com.google.javascript.jscomp.graph.GraphTest#testDirectedGetFirstEdge,19.000000
2365,com.google.javascript.jscomp.PureFunctionIdentifierTest#testThrow2,1371.000000
2366,com.google.javascript.jscomp.TypedScopeCreatorTest#testTemplateType4b,1099.000000
2367,com.google.javascript.jscomp.TypeCheckTest#testAbstractMethodHandling1,1081.000000
2368,com.google.javascript.jscomp.InlineFunctionsTest#testMethodWithFunctionWithFunction,956.000000
2369,com.google.javascript.jscomp.CollapsePropertiesTest#testGlobalWriteToNonAncestor,903.000000
2370,com.google.javascript.jscomp.NameAnalyzerTest#testRefChain5,852.000000
2371,com.google.javascript.jscomp.TypeInferenceTest#testCatch1,774.000000
2372,com.google.javascript.jscomp.PeepholeIntegrationTest#testFoldIfs1,716.000000
2373,com.google.javascript.jscomp.CrossModuleCodeMotionTest#testClassMovement2,504.000000
2374,com.google.javascript.jscomp.jsonml.JsonMLConversionTest#testArray1,298.000000
2375,com.google.javascript.jscomp.parsing.JsDocInfoParserTest#testSuppress1,268.000000
2376,com.google.javascript.jscomp.graph.GraphTest#testUndirectedGetFirstEdge,19.000000
2377,com.google.javascript.jscomp.PureFunctionIdentifierTest#testAndOperator2,1378.000000
2378,com.google.javascript.jscomp.TypedScopeCreatorTest#testPropertyOnUnknownSuperClass1,1141.000000
2379,com.google.javascript.jscomp.TypeCheckTest#testAbstractMethodHandling2,1095.000000
2380,com.google.javascript.jscomp.InlineFunctionsTest#testFunctionExpressionYCombinator,988.000000
2381,com.google.javascript.jscomp.NameAnalyzerTest#testRefChain6,863.000000
2382,com.google.javascript.jscomp.CollapsePropertiesTest#testCallOnUndefinedProperty,846.000000
2383,com.google.javascript.jscomp.TypeInferenceTest#testCatch2,780.000000
2384,com.google.javascript.jscomp.ControlStructureCheckTest#testUseOfWith1,555.000000
2385,com.google.javascript.jscomp.CrossModuleCodeMotionTest#testClassMovement3,494.000000
2386,com.google.javascript.jscomp.jsonml.JsonMLConversionTest#testDelete,330.000000
2387,com.google.javascript.jscomp.parsing.JsDocInfoParserTest#testParseWithoutMarkerName,287.000000
2388,com.google.javascript.jscomp.graph.StandardUnionFindTest#testFindAll,9.000000
2389,com.google.javascript.jscomp.PureFunctionIdentifierTest#testAndOperator3,1379.000000
2390,com.google.javascript.jscomp.TypeCheckTest#testAbstractMethodHandling3,1103.000000
2391,com.google.javascript.jscomp.TypedScopeCreatorTest#testBadObjectLiteralCast1,1026.000000
2392,com.google.javascript.jscomp.InlineFunctionsTest#testComplexInlineVars1,947.000000
2393,com.google.javascript.jscomp.TypeInferenceTest#testIssue785,928.000000
2394,com.google.javascript.jscomp.NameAnalyzerTest#testRefChain7,866.000000
2395,com.google.javascript.jscomp.CollapsePropertiesTest#testGlobalVarSetToObjLitConditionally1b,857.000000
2396,com.google.javascript.jscomp.CheckDebuggerStatementTest#testCheckDebuggerStatementInEval,557.000000
2397,com.google.javascript.jscomp.CrossModuleCodeMotionTest#testClassMovement4,502.000000
2398,com.google.javascript.jscomp.jsonml.JsonMLConversionTest#testIfElse1,348.000000
2399,com.google.javascript.jscomp.parsing.JsDocInfoParserTest#testGetOriginalCommentString,289.000000
2400,com.google.javascript.jscomp.graph.StandardUnionFindTest#testCheckEquivalent,8.000000
2401,com.google.javascript.jscomp.PureFunctionIdentifierTest#testNamespaceAnnotationInExterns1,1324.000000
2402,com.google.javascript.jscomp.TypeCheckTest#testAbstractMethodHandling4,1117.000000
2403,com.google.javascript.jscomp.InlineFunctionsTest#testComplexInlineVars2,944.000000
2404,com.google.javascript.jscomp.TypedScopeCreatorTest#testDeclaredVar,923.000000
2405,com.google.javascript.jscomp.NameAnalyzerTest#testRefChain8,866.000000
2406,com.google.javascript.jscomp.CollapsePropertiesTest#testPropertyOnGlobalCtor,830.000000
2407,com.google.javascript.jscomp.TypeInferenceTest#testAssignInCondition,762.000000
2408,com.google.javascript.jscomp.PeepholeSimplifyRegExpTest#testBackReferences,616.000000
2409,com.google.javascript.jscomp.CrossModuleCodeMotionTest#testClassMovement5,505.000000
2410,com.google.javascript.jscomp.jsonml.JsonMLConversionTest#testUnaryExpressions,326.000000
2411,com.google.javascript.jscomp.parsing.JsDocInfoParserTest#testParseNoCheck1,265.000000
2412,com.google.javascript.jscomp.DiagnosticGroupTest#testRegistration,25.000000
2413,com.google.javascript.jscomp.PureFunctionIdentifierTest#testNamespaceAnnotationInExterns2,1323.000000
2414,com.google.javascript.jscomp.TypeCheckTest#testAbstractMethodHandling6,1129.000000
2415,com.google.javascript.jscomp.TypedScopeCreatorTest#testTemplateType2,1098.000000
2416,com.google.javascript.jscomp.InlineFunctionsTest#testComplexInlineVars3,944.000000
2417,com.google.javascript.jscomp.NameAnalyzerTest#testRefChain9,866.000000
2418,com.google.javascript.jscomp.CollapsePropertiesTest#testFunctionPropertyResetInLocalScope,837.000000
2419,com.google.javascript.jscomp.TypeInferenceTest#testInstanceOf1,766.000000
2420,com.google.javascript.jscomp.ScopedAliasesTest#testRecordAliasFromMultipleGoogScope,648.000000
2421,com.google.javascript.jscomp.CrossModuleCodeMotionTest#testClassMovement7,483.000000
2422,com.google.javascript.jscomp.jsonml.JsonMLConversionTest#testMember,361.000000
2423,com.google.javascript.jscomp.parsing.ParserTest#testParse,272.000000
2424,com.google.javascript.jscomp.DefaultCodingConventionTest#testExportedName,4.000000
2425,com.google.javascript.jscomp.PureFunctionIdentifierTest#testNamespaceAnnotationInExterns3,1323.000000
2426,com.google.javascript.jscomp.TypedScopeCreatorTest#testTemplateType3,1109.000000
2427,com.google.javascript.jscomp.TypeCheckTest#testAddMethodsPrototypeTwoWays,1072.000000
2428,com.google.javascript.jscomp.InlineFunctionsTest#testComplexInlineVars4,935.000000
2429,com.google.javascript.jscomp.CollapsePropertiesTest#testTwiceDefinedGlobalNameDepth2,843.000000
2430,com.google.javascript.jscomp.NameAnalyzerTest#testIf4a,841.000000
2431,com.google.javascript.jscomp.TypeInferenceTest#testInstanceOf3,768.000000
2432,com.google.javascript.jscomp.CallGraphTest#testGetDirectedGraph_forwardOnBackward,701.000000
2433,com.google.javascript.jscomp.CrossModuleCodeMotionTest#testAssignMovement,471.000000
2434,com.google.javascript.jscomp.jsonml.JsonMLConversionTest#testTypeof,360.000000
2435,com.google.javascript.jscomp.parsing.ParserTest#testForEach,259.000000
2436,com.google.javascript.jscomp.DefaultCodingConventionTest#testPrivateName,3.000000
2437,com.google.javascript.jscomp.PureFunctionIdentifierTest#testNamespaceAnnotationInExterns4,1313.000000
2438,com.google.javascript.jscomp.TypedScopeCreatorTest#testTemplateType4,1115.000000
2439,com.google.javascript.jscomp.TypeCheckTest#testInterfacePropertyOverride1,1075.000000
2440,com.google.javascript.jscomp.InlineFunctionsTest#testComplexInlineVars5,936.000000
2441,com.google.javascript.jscomp.CollapsePropertiesTest#testLocalAliasOfFunction,890.000000
2442,com.google.javascript.jscomp.NameAnalyzerTest#testIf4b,849.000000
2443,com.google.javascript.jscomp.ChainCallsTest#testSecondCallReturnNotThis,792.000000
2444,com.google.javascript.jscomp.TypeInferenceTest#testInstanceOf4,771.000000
2445,com.google.javascript.jscomp.CrossModuleCodeMotionTest#testBug4118005,489.000000
2446,com.google.javascript.jscomp.jsonml.JsonMLConversionTest#testAssignOperators,320.000000
2447,com.google.javascript.jscomp.parsing.ParserTest#testConstForbidden,254.000000
2448,com.google.javascript.jscomp.NodeUtilTest#testGetSourceName,23.000000
2449,com.google.javascript.jscomp.PureFunctionIdentifierTest#testNamespaceAnnotationInExterns5,1366.000000
2450,com.google.javascript.jscomp.TypedScopeCreatorTest#testTemplateType5,1135.000000
2451,com.google.javascript.jscomp.TypeCheckTest#testInterfacePropertyOverride2,1075.000000
2452,com.google.javascript.jscomp.InlineFunctionsTest#testComplexInlineVars6,946.000000
2453,com.google.javascript.jscomp.NameAnalyzerTest#testIf4c,854.000000
2454,com.google.javascript.jscomp.CollapsePropertiesTest#testPropWithDollarSign2,821.000000
2455,com.google.javascript.jscomp.TypeInferenceTest#testAssertTypeofProp,785.000000
2456,com.google.javascript.jscomp.InlineVariablesTest#testInlineFunctionAlias1b,764.000000
2457,com.google.javascript.jscomp.CrossModuleCodeMotionTest#testEmptyModule,471.000000
2458,com.google.javascript.jscomp.ExpressionDecomposerTest#testExposePlusEquals1,437.000000
2459,com.google.javascript.jscomp.parsing.ParserTest#testLamestWarningEver,364.000000
2460,com.google.javascript.jscomp.LightweightMessageFormatterTest#testThreeLineRegionEmptyLine,10.000000
2461,com.google.javascript.jscomp.PureFunctionIdentifierTest#testNamespaceAnnotationInExterns6,1313.000000
2462,com.google.javascript.jscomp.TypedScopeCreatorTest#testTemplateType9,1144.000000
2463,com.google.javascript.jscomp.TypeCheckTest#testAssignToUntypedProperty,1059.000000
2464,com.google.javascript.jscomp.InlineFunctionsTest#testComplexInlineVars7,966.000000
2465,com.google.javascript.jscomp.TypeInferenceTest#testNoThisInference,910.000000
2466,com.google.javascript.jscomp.CollapsePropertiesTest#testPropWithDollarSign3,837.000000
2467,com.google.javascript.jscomp.NameAnalyzerTest#testRhsAssign1,817.000000
2468,com.google.javascript.jscomp.UnreachableCodeEliminationTest#testUnlessUnconditionalContinue,725.000000
2469,com.google.javascript.jscomp.CrossModuleCodeMotionTest#testFunctionMovement1,510.000000
2470,com.google.javascript.jscomp.ExpressionDecomposerTest#testExposePlusEquals2,445.000000
2471,com.google.javascript.jscomp.parsing.ParserTest#testGetter,273.000000
2472,com.google.javascript.jscomp.JsMessageTest#testHashValues,6.000000
2473,com.google.javascript.jscomp.TypeCheckTest#testDuplicateStaticPropertyDec20,1112.000000
2474,com.google.javascript.jscomp.TypedScopeCreatorTest#testNamespacedFunctionStub,988.000000
2475,com.google.javascript.jscomp.InlineFunctionsTest#testComplexInlineVars8,938.000000
2476,com.google.javascript.jscomp.NameAnalyzerTest#testRhsAssign2,829.000000
2477,com.google.javascript.jscomp.CollapsePropertiesTest#testPropWithDollarSign4,818.000000
2478,com.google.javascript.jscomp.TypeInferenceTest#testExprWithinCast,808.000000
2479,com.google.javascript.jscomp.ProcessClosurePrimitivesTest#testInvalidBase1,541.000000
2480,com.google.javascript.jscomp.CrossModuleCodeMotionTest#testFunctionMovement2,493.000000
2481,com.google.javascript.jscomp.ExpressionDecomposerTest#testExposePlusEquals4,444.000000
2482,com.google.javascript.jscomp.parsing.ParserTest#testSetter,273.000000
2483,com.google.javascript.jscomp.JsMessageVisitorTest#testIsValidMessageNameRelax,9.000000
2484,com.google.javascript.jscomp.TypeCheckTest#testDuplicateStaticPropertyDecl1,1094.000000
2485,com.google.javascript.jscomp.TypedScopeCreatorTest#testInferredProperty1a,971.000000
2486,com.google.javascript.jscomp.InlineFunctionsTest#testComplexInlineVars9,938.000000
2487,com.google.javascript.jscomp.CollapsePropertiesTest#testPropWithDollarSign5,815.000000
2488,com.google.javascript.jscomp.NameAnalyzerTest#testRhsAssign3,815.000000
2489,com.google.javascript.jscomp.TypeInferenceTest#testWhile2,764.000000
2490,com.google.javascript.jscomp.ExpandJqueryAliasesTest#testJqueryExtendExpansion,679.000000
2491,com.google.javascript.jscomp.CrossModuleCodeMotionTest#testFunctionMovement3,485.000000
2492,com.google.javascript.jscomp.ExpressionDecomposerTest#testExposePlusEquals5,444.000000
2493,com.google.javascript.rhino.jstype.JSTypeTest#testFunctionPrototypeAndImplicitPrototype2,289.000000
2494,com.google.javascript.jscomp.JsMessageVisitorTest#testIsLowerCamelCaseWithNumericSuffixes,6.000000
2495,com.google.javascript.jscomp.TypeCheckTest#testDuplicateStaticPropertyDecl2,1097.000000
2496,com.google.javascript.jscomp.InlineFunctionsTest#testComplexFunctionWithFunctionDefinition2a,950.000000
2497,com.google.javascript.jscomp.TypedScopeCreatorTest#testInferredProperty2b,944.000000
2498,com.google.javascript.jscomp.CollapsePropertiesTest#testFunctionGivenTwoNames,843.000000
2499,com.google.javascript.jscomp.NameAnalyzerTest#testRhsAssign4,789.000000
2500,com.google.javascript.jscomp.TypeInferenceTest#testAssertInstanceof2,758.000000
2501,com.google.javascript.jscomp.RenameVarsTest#testStableRenameNested,623.000000
2502,com.google.javascript.jscomp.CrossModuleCodeMotionTest#testFunctionMovement4,482.000000
2503,com.google.javascript.jscomp.ExpressionDecomposerTest#testMoveExpression1,390.000000
2504,com.google.javascript.rhino.jstype.JSTypeTest#testStringEnumType,294.000000
2505,com.google.javascript.jscomp.deps.DepsFileParserTest#testNoShortcutMode,29.000000
2506,com.google.javascript.jscomp.TypeCheckTest#testDuplicateStaticPropertyDecl3,1107.000000
2507,com.google.javascript.jscomp.TypedScopeCreatorTest#testInferredProperty2c,976.000000
2508,com.google.javascript.jscomp.NameAnalyzerTest#testRhsAssign5,839.000000
2509,com.google.javascript.jscomp.CollapsePropertiesTest#testIncrement,835.000000
2510,com.google.javascript.jscomp.TypeInferenceTest#testAssertInstanceof3,750.000000
2511,com.google.javascript.jscomp.InlineFunctionsTest#testFunctionExpressionCallInlining12,732.000000
2512,com.google.javascript.jscomp.PeepholeSubstituteAlternateSyntaxTest#testMinimizeWhileCondition,672.000000
2513,com.google.javascript.jscomp.CrossModuleCodeMotionTest#testFunctionMovement6,490.000000
2514,com.google.javascript.jscomp.ExpressionDecomposerTest#testMoveExpression2,398.000000
2515,com.google.javascript.rhino.jstype.JSTypeTest#testImplementingType,279.000000
2516,com.google.javascript.jscomp.PhaseOptimizerTest#testProgress,135.000000
2517,com.google.javascript.jscomp.TypeCheckTest#testDuplicateStaticPropertyDecl5,1052.000000
2518,com.google.javascript.jscomp.TypedScopeCreatorTest#testBogusPrototypeInit,1008.000000
2519,com.google.javascript.jscomp.InlineFunctionsTest#testComplexInline1,943.000000
2520,com.google.javascript.jscomp.NameAnalyzerTest#testRhsAssign6,833.000000
2521,com.google.javascript.jscomp.CollapsePropertiesTest#testObjectLitBeforeDefinition,829.000000
2522,com.google.javascript.jscomp.TypeInferenceTest#testAssertInstanceof4,750.000000
2523,com.google.javascript.jscomp.PeepholeIntegrationTest#testMinimizeExprCondition,684.000000
2524,com.google.javascript.jscomp.CrossModuleCodeMotionTest#testFunctionMovement7,491.000000
2525,com.google.javascript.jscomp.ExpressionDecomposerTest#testMoveExpression3,388.000000
2526,com.google.javascript.rhino.jstype.JSTypeTest#testTypeOfThisIsProxied,280.000000
2527,com.google.javascript.jscomp.PhaseOptimizerTest#testSanityCheck,149.000000
2528,com.google.javascript.jscomp.TypeCheckTest#testDuplicateStaticPropertyDecl6,1097.000000
2529,com.google.javascript.jscomp.TypedScopeCreatorTest#testStubsInExterns3,1006.000000
2530,com.google.javascript.jscomp.InlineFunctionsTest#testComplexInline2,940.000000
2531,com.google.javascript.jscomp.NameAnalyzerTest#testRhsAssign7,867.000000
2532,com.google.javascript.jscomp.CollapsePropertiesTest#testGlobalObjectNameInBooleanExpressionDepth2,866.000000
2533,com.google.javascript.jscomp.TypeInferenceTest#testAssertInstanceof5,777.000000
2534,com.google.javascript.jscomp.ProcessTweaksTest#testStrippingWithUnregisteredTweak1,641.000000
2535,com.google.javascript.jscomp.CrossModuleCodeMotionTest#testFunctionMovement8,495.000000
2536,com.google.javascript.jscomp.ExpressionDecomposerTest#testMoveExpression4,398.000000
2537,com.google.javascript.rhino.jstype.JSTypeTest#testGetAndSetJSDocInfoWithNoType,283.000000
2538,com.google.javascript.jscomp.JSModuleGraphTest#testManageDependencies3,177.000000
2539,com.google.javascript.jscomp.TypeCheckTest#testDuplicateStaticPropertyDecl7,1099.000000
2540,com.google.javascript.jscomp.InlineFunctionsTest#testComplexInline3,940.000000
2541,com.google.javascript.jscomp.TypedScopeCreatorTest#testStubsInExterns4,932.000000
2542,com.google.javascript.jscomp.CollapsePropertiesTest#testGlobalObjectNameInBooleanExpressionDepth3,874.000000
2543,com.google.javascript.jscomp.NameAnalyzerTest#testRhsAssign8,867.000000
2544,com.google.javascript.jscomp.TypeInferenceTest#testEmptyVar,708.000000
2545,com.google.javascript.jscomp.SpecializeModuleTest$SpecializeModuleSpecializationStateTest#testSpecializedFunctions,611.000000
2546,com.google.javascript.jscomp.CrossModuleCodeMotionTest#testFunctionMovement5b,503.000000
2547,com.google.javascript.jscomp.ExpressionDecomposerTest#testMoveExpression5,394.000000
2548,com.google.javascript.rhino.jstype.JSTypeTest#testObjectGetSubTypes,280.000000
2549,com.google.javascript.jscomp.JSModuleGraphTest#testGetTransitiveDepsDeepestFirst,40.000000
2550,com.google.javascript.jscomp.TypeCheckTest#testDuplicateStaticPropertyDecl8,1097.000000
2551,com.google.javascript.jscomp.TypedScopeCreatorTest#testInferredProperty5,1027.000000
2552,com.google.javascript.jscomp.InlineFunctionsTest#testComplexInline4,930.000000
2553,com.google.javascript.jscomp.CollapsePropertiesTest#testAddPropertyToChildOfUncollapsibleCtorInLocalScope,870.000000
2554,com.google.javascript.jscomp.NameAnalyzerTest#testRhsAssign9,840.000000
2555,com.google.javascript.jscomp.RemoveUnusedVarsTest#testRemoveUnusedVars,829.000000
2556,com.google.javascript.jscomp.TypeInferenceTest#testAssignAdd,709.000000
2557,com.google.javascript.jscomp.CrossModuleCodeMotionTest#testClone1,503.000000
2558,com.google.javascript.jscomp.ExpressionDecomposerTest#testMoveExpression6,410.000000
2559,com.google.javascript.rhino.jstype.JSTypeTest#testIsTemplatedType,292.000000
2560,com.google.javascript.jscomp.JSModuleGraphTest#testToJson,42.000000
2561,com.google.javascript.jscomp.TypeCheckTest#testDuplicateStaticPropertyDecl9,1097.000000
2562,com.google.javascript.jscomp.TypedScopeCreatorTest#testInferredProperty6,1023.000000
2563,com.google.javascript.jscomp.InlineFunctionsTest#testComplexInline5,939.000000
2564,com.google.javascript.jscomp.CollapsePropertiesTest#testAddPropertyToFunctionInLocalScopeDepth1,839.000000
2565,com.google.javascript.jscomp.NameAnalyzerTest#testAssign1,824.000000
2566,com.google.javascript.jscomp.TypeInferenceTest#testSwitch4,781.000000
2567,com.google.javascript.jscomp.PeepholeReplaceKnownMethodsTest#testJoinBug,662.000000
2568,com.google.javascript.jscomp.CrossModuleCodeMotionTest#testClone2,503.000000
2569,com.google.javascript.jscomp.ExpressionDecomposerTest#testMoveExpression7,409.000000
2570,com.google.javascript.rhino.jstype.JSTypeTest#testNamedGoogBar,286.000000
2571,com.google.javascript.jscomp.FixedPointGraphTraversalTest#testGraph10,23.000000
2572,com.google.javascript.jscomp.TypeCheckTest#testActiveXObject,1071.000000
2573,com.google.javascript.jscomp.TypedScopeCreatorTest#testStubsInExterns,1003.000000
2574,com.google.javascript.jscomp.InlineFunctionsTest#testComplexInline6,947.000000
2575,com.google.javascript.jscomp.CollapsePropertiesTest#testAddPropertyToFunctionInLocalScopeDepth2,855.000000
2576,com.google.javascript.jscomp.NameAnalyzerTest#testAssign2,824.000000
2577,com.google.javascript.jscomp.PeepholeReplaceKnownMethodsTest#testFoldStringSplit,633.000000
2578,com.google.javascript.jscomp.CrossModuleCodeMotionTest#testStubMethodMovement1,490.000000
2579,com.google.javascript.jscomp.ExpressionDecomposerTest#testMoveExpression8,407.000000
2580,com.google.javascript.rhino.jstype.JSTypeTest#testCreateOptionalType,283.000000
2581,com.google.javascript.jscomp.GoogleCodingConventionTest#testEnumKey,13.000000
2582,com.google.javascript.jscomp.TypeCheckTest#testBadStruct,1054.000000
2583,com.google.javascript.jscomp.InlineFunctionsTest#testComplexInline7,969.000000
2584,com.google.javascript.jscomp.CollapsePropertiesTest#testGlobalVarSetToObjLitConditionally1,845.000000
2585,com.google.javascript.jscomp.NameAnalyzerTest#testAssign3,798.000000
2586,com.google.javascript.jscomp.AliasKeywordsTest#testDontAlias,700.000000
2587,com.google.javascript.jscomp.CrossModuleCodeMotionTest#testStubMethodMovement2,490.000000
2588,com.google.javascript.jscomp.ExpressionDecomposerTest#testMoveExpression9,407.000000
2589,com.google.javascript.rhino.jstype.JSTypeTest#testEnumTypeChain,325.000000
2590,com.google.javascript.rhino.IRTest#testBlock,22.000000
2591,com.google.javascript.jscomp.TypeCheckTest#testDoubleNestedInterface,1052.000000
2592,com.google.javascript.jscomp.InlineFunctionsTest#testComplexInline8,935.000000
2593,com.google.javascript.jscomp.NameAnalyzerTest#testAssign4,876.000000
2594,com.google.javascript.jscomp.CollapsePropertiesTest#testGlobalVarSetToObjLitConditionally2,850.000000
2595,com.google.javascript.jscomp.RenamePropertiesTest#testRenamePropertiesFunctionCallStable,717.000000
2596,com.google.javascript.jscomp.ExpressionDecomposerTest#testExposeExpression1,449.000000
2597,com.google.javascript.rhino.jstype.UnionTypeTest#testCollapseProxyUnion,193.000000
2598,com.google.javascript.rhino.IRTest#testThrow,22.000000
2599,com.google.javascript.jscomp.TypeCheckTest#testNotIIFE1,1087.000000
2600,com.google.javascript.jscomp.CollapsePropertiesTest#testGlobalVarSetToObjLitConditionally3,836.000000
2601,com.google.javascript.jscomp.NameAnalyzerTest#testAssign5,824.000000
2602,com.google.javascript.jscomp.InlineFunctionsTest#testFunctionExpressionInlining1,771.000000
2603,com.google.javascript.jscomp.ConvertToDottedPropertiesTest#test5746867,579.000000
2604,com.google.javascript.jscomp.ExpressionDecomposerTest#testExposeExpression3,453.000000
2605,com.google.javascript.rhino.jstype.RecordTypeTest#testRecursiveRecord,228.000000
2606,com.google.javascript.rhino.IRTest#testIssue727_1,25.000000
2607,com.google.javascript.jscomp.TypeCheckTest#testSheqRefinedScope,1154.000000
2608,com.google.javascript.jscomp.NameAnalyzerTest#testFunctionPrototype,852.000000
2609,com.google.javascript.jscomp.InlineFunctionsTest#testFunctionExpressionInlining2,848.000000
2610,com.google.javascript.jscomp.CollapsePropertiesTest#testCallUndefinedMethodOnObjLitDepth1,838.000000
2611,com.google.javascript.jscomp.RemoveUnusedPrototypePropertiesTest#testUsingAnonymousObjectsToDefeatRemoval,732.000000
2612,com.google.javascript.jscomp.ExpressionDecomposerTest#testExposeExpression4,410.000000
2613,com.google.javascript.rhino.jstype.FunctionTypeTest#testPrint,210.000000
2614,com.google.javascript.rhino.IRTest#testExprResult,22.000000
2615,com.google.javascript.jscomp.TypeCheckTest#testDeleteOperator1,1104.000000
2616,com.google.javascript.jscomp.CollapsePropertiesTest#testCallUndefinedMethodOnObjLitDepth2,860.000000
2617,com.google.javascript.jscomp.NameAnalyzerTest#testSetterInForStruct10,858.000000
2618,com.google.javascript.jscomp.InlineFunctionsTest#testFunctionExpressionInlining3,812.000000
2619,com.google.javascript.jscomp.CheckGlobalThisTest#testOverride1,692.000000
2620,com.google.javascript.jscomp.ExpressionDecomposerTest#testExposeExpression5,439.000000
2621,com.google.javascript.rhino.jstype.JSTypeRegistryTest#testTypeAsNamespace,181.000000
2622,com.google.javascript.rhino.jstype.BooleanLiteralSetTest#testGet,2.000000
2623,com.google.javascript.jscomp.TypeCheckTest#testDeleteOperator2,1176.000000
2624,com.google.javascript.jscomp.NameAnalyzerTest#testSetterInForStruct11,856.000000
2625,com.google.javascript.jscomp.CollapsePropertiesTest#testGlobalObjectDeclaredToPreserveItsPreviousValue1,835.000000
2626,com.google.javascript.jscomp.InlineFunctionsTest#testFunctionExpressionInlining4,835.000000
2627,com.google.javascript.jscomp.CheckGlobalThisTest#testLendsAnnotation2,714.000000
2628,com.google.javascript.jscomp.ExpressionDecomposerTest#testExposeExpression6,453.000000
2629,com.google.javascript.rhino.jstype.NamedTypeTest#testNamedTypeProperties,247.000000
2630,com.google.javascript.rhino.jstype.BooleanLiteralSetTest#testContains,2.000000
2631,com.google.javascript.jscomp.TypeCheckTest#testExtendBuiltInType1,1120.000000
2632,com.google.javascript.jscomp.InlineFunctionsTest#testFunctionExpressionOmega,922.000000
2633,com.google.javascript.jscomp.NameAnalyzerTest#testSetterInForStruct12,870.000000
2634,com.google.javascript.jscomp.CollapsePropertiesTest#testGlobalObjectDeclaredToPreserveItsPreviousValue2,833.000000
2635,com.google.javascript.jscomp.InlineVariablesTest#testLocalsOnly1,769.000000
2636,com.google.javascript.jscomp.ExpressionDecomposerTest#testExposeExpression7,438.000000
2637,com.google.javascript.rhino.NodeTest#testCheckTreeTypeAwareEqualsSame,179.000000
2638,com.google.javascript.rhino.jstype.BooleanLiteralSetTest#testIntersection,3.000000
2639,com.google.javascript.jscomp.TypeCheckTest#testNoForwardTypeDeclarationAndNoBraces,1035.000000
2640,com.google.javascript.jscomp.NameAnalyzerTest#testSetterInForStruct13,866.000000
2641,com.google.javascript.jscomp.CollapsePropertiesTest#testGlobalObjectDeclaredToPreserveItsPreviousValue3,851.000000
2642,com.google.javascript.jscomp.InlineFunctionsTest#testInlineCall,840.000000
2643,com.google.javascript.jscomp.InlineSimpleMethodsTest#testEmptyMethodInline,637.000000
2644,com.google.javascript.jscomp.ExpressionDecomposerTest#testExposeExpression8,441.000000
2645,com.google.javascript.jscomp.ConcreteTypeTest#testEquals,188.000000
2646,com.google.javascript.rhino.NodeTest#testCloneAnnontations2,17.000000
2647,com.google.javascript.jscomp.TypeCheckTest#testInheritanceCheck10_1,1069.000000
2648,com.google.javascript.jscomp.NameAnalyzerTest#testSetterInForStruct14,861.000000
2649,com.google.javascript.jscomp.CollapsePropertiesTest#testObjLitAssignedToMultipleNames1,823.000000
2650,com.google.javascript.jscomp.InlineFunctionsTest#testArgumentsWithSideEffectsNeverInlined1,788.000000
2651,com.google.javascript.jscomp.ProcessClosurePrimitivesTest#testRequireOfAdditionalProvide,656.000000
2652,com.google.javascript.jscomp.ExpressionDecomposerTest#testExposeExpression9,428.000000
2653,com.google.javascript.jscomp.parsing.IRFactoryTest#testArrayLiteral2,269.000000
2654,com.google.javascript.rhino.NodeTest#testSharedProps1,15.000000
2655,com.google.javascript.jscomp.TypeCheckTest#testInheritanceCheck10_2,1068.000000
2656,com.google.javascript.jscomp.NameAnalyzerTest#testSetterInForStruct15,860.000000
2657,com.google.javascript.jscomp.CollapsePropertiesTest#testObjLitAssignedToMultipleNames2,820.000000
2658,com.google.javascript.jscomp.InlineFunctionsTest#testArgumentsWithSideEffectsNeverInlined2,798.000000
2659,com.google.javascript.jscomp.PeepholeFoldConstantsTest#testFoldGetElem,658.000000
2660,com.google.javascript.jscomp.ExpressionDecomposerTest#testCanExposeExpression1,359.000000
2661,com.google.javascript.jscomp.parsing.IRFactoryTest#testArrayLiteral4,269.000000
2662,com.google.javascript.rhino.NodeTest#testSharedProps3,16.000000
2663,com.google.javascript.jscomp.TypeCheckTest#testInheritanceCheck10_3,1092.000000
2664,com.google.javascript.jscomp.InlineFunctionsTest#testInlineFunctions15a,870.000000
2665,com.google.javascript.jscomp.NameAnalyzerTest#testSetterInForStruct16,861.000000
2666,com.google.javascript.jscomp.CollapsePropertiesTest#testObjLitDeclarationWithGet1,806.000000
2667,com.google.javascript.jscomp.StripCodeTest#testLoggerMethodCallByVariableType,613.000000
2668,com.google.javascript.jscomp.parsing.IRFactoryTest#testCommentPositions1,367.000000
2669,com.google.javascript.jscomp.ExpressionDecomposerTest#testCanExposeExpression2,359.000000
2670,com.google.javascript.rhino.NodeTest#testUseSourceInfoIfMissingFrom,24.000000
2671,com.google.javascript.jscomp.TypeCheckTest#testOptionalNullableArgFunctionParam2,1083.000000
2672,com.google.javascript.jscomp.InlineFunctionsTest#testInlineFunctions15b,980.000000
2673,com.google.javascript.jscomp.NameAnalyzerTest#testAssignWithAnd1,852.000000
2674,com.google.javascript.jscomp.CollapsePropertiesTest#testObjLitDeclarationWithGet2,837.000000
2675,com.google.javascript.jscomp.PeepholeSubstituteAlternateSyntaxTest#testFoldLiteralArrayConstructors,768.000000
2676,com.google.javascript.jscomp.parsing.IRFactoryTest#testCommentPositions2,369.000000
2677,com.google.javascript.jscomp.ExpressionDecomposerTest#testCanExposeExpression3,358.000000
2678,com.google.javascript.rhino.NodeTest#testGetIndexOfChild,8.000000
2679,com.google.javascript.jscomp.TypeCheckTest#testOptionalNullableArgFunctionParam3,1087.000000
2680,com.google.javascript.jscomp.InlineFunctionsTest#testInlineFunctions15c,874.000000
2681,com.google.javascript.jscomp.CollapsePropertiesTest#testObjLitDeclarationWithGet3,832.000000
2682,com.google.javascript.jscomp.NameAnalyzerTest#testAssignWithAnd2,832.000000
2683,com.google.javascript.jscomp.AstValidatorTest#testForIn,569.000000
2684,com.google.javascript.jscomp.ExpressionDecomposerTest#testCanExposeExpression4,353.000000
2685,com.google.javascript.jscomp.parsing.IRFactoryTest#testEqualityLocation,256.000000
2686,com.google.javascript.rhino.NodeTest#testInvalidSourceOffset,20.000000
2687,com.google.javascript.jscomp.TypeCheckTest#testAliasedEnum1,1136.000000
2688,com.google.javascript.jscomp.InlineFunctionsTest#testInlineFunctions15d,981.000000
2689,com.google.javascript.jscomp.NameAnalyzerTest#testAssignmentToCallResultPrototype,860.000000
2690,com.google.javascript.jscomp.CollapsePropertiesTest#testObjLitDeclarationWithSet1,808.000000
2691,com.google.javascript.jscomp.DefinitionsRemoverTest#testRemoveFunction,582.000000
2692,com.google.javascript.jscomp.ExpressionDecomposerTest#testCanExposeExpression5,350.000000
2693,com.google.javascript.jscomp.parsing.IRFactoryTest#testIfLocation,267.000000
2694,com.google.javascript.rhino.NodeTest#testCheckTreeEqualsStringDifferent,18.000000
2695,com.google.javascript.jscomp.TypeCheckTest#testAliasedEnum2,1136.000000
2696,com.google.javascript.jscomp.InlineFunctionsTest#testInlineFunctions16a,949.000000
2697,com.google.javascript.jscomp.NameAnalyzerTest#testRemoveAlias,857.000000
2698,com.google.javascript.jscomp.CollapsePropertiesTest#testObjLitDeclarationWithSet2,837.000000
2699,com.google.javascript.jscomp.ShadowVariablesTest#testShadowLotsOfScopes1,640.000000
2700,com.google.javascript.jscomp.ExpressionDecomposerTest#testCanExposeExpression7,354.000000
2701,com.google.javascript.jscomp.parsing.IRFactoryTest#testTryWithoutCatchLocation,265.000000
2702,com.google.debugging.sourcemap.Base64VLQTest#testBase64VLQSelectedValues2,6.000000
2703,com.google.javascript.jscomp.TypeCheckTest#testAliasedEnum3,1136.000000
2704,com.google.javascript.jscomp.InlineFunctionsTest#testInlineFunctions16b,860.000000
2705,com.google.javascript.jscomp.NameAnalyzerTest#testConstants1,844.000000
2706,com.google.javascript.jscomp.CollapsePropertiesTest#testObjLitDeclarationWithSet3,820.000000
2707,com.google.javascript.jscomp.CheckGlobalNamesTest#testNamespaceInjection,767.000000
2708,com.google.javascript.jscomp.ExpressionDecomposerTest#testCanExposeExpression8,452.000000
2709,com.google.javascript.jscomp.parsing.IRFactoryTest#testObjectLiteral,252.000000
2710,com.google.debugging.sourcemap.Base64VLQTest#testBase64VLQSelectedSignedValues1,6.000000
2711,com.google.javascript.jscomp.TypeCheckTest#testAliasedEnum4,1136.000000
2712,com.google.javascript.jscomp.InlineFunctionsTest#test6671158,984.000000
2713,com.google.javascript.jscomp.NameAnalyzerTest#testConstants2,859.000000
2714,com.google.javascript.jscomp.CollapsePropertiesTest#testObjectPropertyResetInLocalScope,844.000000
2715,com.google.javascript.jscomp.PeepholeIntegrationTest#testFoldUselessWhileIntegration,721.000000
2716,com.google.javascript.jscomp.ExpressionDecomposerTest#testMoveExpression10,410.000000
2717,com.google.javascript.jscomp.parsing.IRFactoryTest#testCallLocation,269.000000
2718,com.google.debugging.sourcemap.Base64VLQTest#testBase64VLQSelectedSignedValues2,6.000000
2719,com.google.javascript.jscomp.TypeCheckTest#testAliasedEnum5,1141.000000
2720,com.google.javascript.jscomp.NameAnalyzerTest#testNoSideEffectAnnotation10,886.000000
2721,com.google.javascript.jscomp.CollapsePropertiesTest#testGlobalFunctionReferenceOfThis,814.000000
2722,com.google.javascript.jscomp.InlineFunctionsTest#testRenamePropertyFunction,748.000000
2723,com.google.javascript.jscomp.ProcessTweaksTest#testCompilerOverridesNoStripping1,643.000000
2724,com.google.javascript.jscomp.ExpressionDecomposerTest#testExposeExpression11,464.000000
2725,com.google.javascript.jscomp.parsing.IRFactoryTest#testTryWithoutFinallyLocation,267.000000
2726,com.google.debugging.sourcemap.SourceMapConsumerV2Test#testUnknownVersion,5.000000
2727,com.google.javascript.jscomp.TypeCheckTest#testNestedFunctionInference1,1081.000000
2728,com.google.javascript.jscomp.NameAnalyzerTest#testNoSideEffectAnnotation11,889.000000
2729,com.google.javascript.jscomp.CollapsePropertiesTest#testObjLitAssignmentDepth1,829.000000
2730,com.google.javascript.jscomp.InlineFunctionsTest#testInlineFunctionWithArgsMismatch1,825.000000
2731,com.google.javascript.jscomp.CreateSyntheticBlocksTest#testFold1,706.000000
2732,com.google.javascript.jscomp.NodeIteratorsTest#testHaltAtSideEffects2,294.000000
2733,com.google.javascript.jscomp.parsing.IRFactoryTest#testCompareLocation,256.000000
2734,com.google.debugging.sourcemap.SourceMapConsumerV2Test#testInvalidJSONFailure,3.000000
2735,com.google.javascript.jscomp.TypeCheckTest#testOptionalArgFunctionParam2,1087.000000
2736,com.google.javascript.jscomp.NameAnalyzerTest#testNoSideEffectAnnotation12,852.000000
2737,com.google.javascript.jscomp.CollapsePropertiesTest#testObjLitAssignmentDepth2,840.000000
2738,com.google.javascript.jscomp.InlineFunctionsTest#testInlineFunctionWithArgsMismatch2,810.000000
2739,com.google.javascript.jscomp.PeepholeReplaceKnownMethodsTest#testFoldParseNumbers,694.000000
2740,com.google.javascript.jscomp.NodeIteratorsTest#testHaltAtSideEffects3,293.000000
2741,com.google.javascript.jscomp.parsing.IRFactoryTest#testNewLocationMultiLine,258.000000
2742,com.google.debugging.sourcemap.SourceMapConsumerV2Test#testMissingFile,5.000000
2743,com.google.javascript.jscomp.TypeCheckTest#testOptionalArgFunctionParam3,1082.000000
2744,com.google.javascript.jscomp.NameAnalyzerTest#testNoSideEffectAnnotation13,870.000000
2745,com.google.javascript.jscomp.CollapsePropertiesTest#testObjLitAssignmentDepth3,851.000000
2746,com.google.javascript.jscomp.InlineFunctionsTest#testInlineFunctionWithArgsMismatch3,836.000000
2747,com.google.javascript.jscomp.ScopedAliasesTest#testJsDocThrows,723.000000
2748,com.google.javascript.jscomp.NodeIteratorsTest#testHaltAtSideEffects4,293.000000
2749,com.google.javascript.jscomp.parsing.IRFactoryTest#testLabel,268.000000
2750,com.google.debugging.sourcemap.SourceMapConsumerV2Test#testGetMappingForLine,34.000000
2751,com.google.javascript.jscomp.TypeCheckTest#testOptionalArgFunctionParam4,1108.000000
2752,com.google.javascript.jscomp.NameAnalyzerTest#testNoSideEffectAnnotation14,929.000000
2753,com.google.javascript.jscomp.CollapsePropertiesTest#testObjLitAssignmentDepth4,851.000000
2754,com.google.javascript.jscomp.InlineFunctionsTest#testInlineFunctionWithArgsMismatch4,836.000000
2755,com.google.javascript.jscomp.ScopedAliasesTest#testJsDocThis,726.000000
2756,com.google.javascript.jscomp.NodeIteratorsTest#testHaltAtSideEffects5,298.000000
2757,com.google.javascript.jscomp.parsing.IRFactoryTest#testNegation1,271.000000
2758,com.google.debugging.sourcemap.SourceMapConsumerV2Test#testEmptyMap,4.000000
2759,com.google.javascript.jscomp.TypeCheckTest#testForwardPropertyReference,1125.000000
2760,com.google.javascript.jscomp.NameAnalyzerTest#testNoSideEffectAnnotation15,898.000000
2761,com.google.javascript.jscomp.CollapsePropertiesTest#testGlobalNameReferencedInLocalScopeBeforeDefined1,855.000000
2762,com.google.javascript.jscomp.InlineFunctionsTest#testDoubleInlining1,836.000000
2763,com.google.javascript.jscomp.ScopedAliasesTest#testJsDocImplements,718.000000
2764,com.google.javascript.jscomp.NodeIteratorsTest#testBasic,286.000000
2765,com.google.javascript.jscomp.parsing.IRFactoryTest#testNegation3,274.000000
2766,com.google.debugging.sourcemap.SourceMapGeneratorV3Test#testWriteMetaMap,27.000000
2767,com.google.javascript.jscomp.TypeCheckTest#testBooleanReduction1,1078.000000
2768,com.google.javascript.jscomp.InlineFunctionsTest#testDoubleInlining2,905.000000
2769,com.google.javascript.jscomp.CollapsePropertiesTest#testGlobalNameReferencedInLocalScopeBeforeDefined2,858.000000
2770,com.google.javascript.jscomp.NameAnalyzerTest#testInherits1,806.000000
2771,com.google.javascript.jscomp.CallGraphTest#testFunctionGetBodyNode,675.000000
2772,com.google.javascript.jscomp.NodeIteratorsTest#testCatchBlock,298.000000
2773,com.google.javascript.jscomp.parsing.IRFactoryTest#testObjectLiteral2,262.000000
2774,com.google.debugging.sourcemap.Base64Test#testBase64,2.000000
2775,com.google.javascript.jscomp.TypeCheckTest#testBooleanReduction2,1106.000000
2776,com.google.javascript.jscomp.InlineFunctionsTest#testComplexSample,994.000000
2777,com.google.javascript.jscomp.CollapsePropertiesTest#testFunctionAlias,836.000000
2778,com.google.javascript.jscomp.NameAnalyzerTest#testInherits2,806.000000
2779,com.google.javascript.jscomp.CheckSuspiciousCodeTest#testComparison1,577.000000
2780,com.google.javascript.jscomp.NodeIteratorsTest#testFunctionExpression2,297.000000
2781,com.google.javascript.jscomp.parsing.IRFactoryTest#testObjectLiteral3,262.000000
2782,com.google.debugging.sourcemap.SourceMapConsumerV1Test#testSimpleParse,23.000000
2783,com.google.javascript.jscomp.TypeCheckTest#testBooleanReduction3,1091.000000
2784,com.google.javascript.jscomp.CollapsePropertiesTest#testNamespaceResetInLocalScope2,845.000000
2785,com.google.javascript.jscomp.NameAnalyzerTest#testInherits3,839.000000
2786,com.google.javascript.jscomp.InlineFunctionsTest#testNoInlineMutableArgs1,796.000000
2787,com.google.javascript.jscomp.RenamePrototypesTest#testRenameProperties,701.000000
2788,com.google.javascript.jscomp.NodeIteratorsTest#testNoHaltReadWhenValueIsImmutable,302.000000
2789,com.google.javascript.jscomp.parsing.IRFactoryTest#testObjectLiteral4,262.000000
2790,com.google.debugging.sourcemap.SourceMapConsumerV1Test#testBlankLine,9.000000
2791,com.google.javascript.jscomp.TypeCheckTest#testBooleanReduction4,1101.000000
2792,com.google.javascript.jscomp.NameAnalyzerTest#testInherits4,840.000000
2793,com.google.javascript.jscomp.CollapsePropertiesTest#testResetFunctionPropertyInLocalScope,835.000000
2794,com.google.javascript.jscomp.InlineFunctionsTest#testNoInlineMutableArgs2,795.000000
2795,com.google.javascript.jscomp.SanityCheckTest#testUnnormalizeNodeTypes,492.000000
2796,com.google.javascript.jscomp.NodeIteratorsTest#testNamedFunction,295.000000
2797,com.google.javascript.jscomp.parsing.IRFactoryTest#testObjectLiteral5,260.000000
2798,com.google.debugging.sourcemap.SourceMapConsumerV1Test#testColumnEdges,46.000000
2799,com.google.javascript.jscomp.TypeCheckTest#testBooleanReduction5,1138.000000
2800,com.google.javascript.jscomp.NameAnalyzerTest#testInherits5,846.000000
2801,com.google.javascript.jscomp.CollapsePropertiesTest#testNoCollapseForEachInExterns,817.000000
2802,com.google.javascript.jscomp.InlineFunctionsTest#testNoInlineMutableArgs3,798.000000
2803,com.google.javascript.jscomp.CheckProvidesTest#testIgnorePrivatelyAnnotatedConstructor,648.000000
2804,com.google.javascript.jscomp.NodeIteratorsTest#testHaltAtVarRef2,303.000000
2805,com.google.javascript.jscomp.parsing.IRFactoryTest#testObjectLiteral6,274.000000
2806,com.google.debugging.sourcemap.SourceMapConsumerV1Test#testLineEdges,46.000000
2807,com.google.javascript.jscomp.TypeCheckTest#testBooleanReduction6,1146.000000
2808,com.google.javascript.jscomp.CollapsePropertiesTest#testPropGetInsideAnObjLit,850.000000
2809,com.google.javascript.jscomp.NameAnalyzerTest#testInherits6,846.000000
2810,com.google.javascript.jscomp.InlineFunctionsTest#testNoInlineMutableArgs4,796.000000
2811,com.google.javascript.jscomp.SimpleFunctionAliasAnalysisTest#testFunctionGetIsExposedToCallOrApply,665.000000
2812,com.google.javascript.jscomp.NodeIteratorsTest#testHaltAtVarRef3,286.000000
2813,com.google.javascript.jscomp.parsing.IRFactoryTest#testObjectLiteral7,284.000000
2814,com.google.debugging.sourcemap.SourceMapConsumerV1Test#testInvalidJSONFailure,9.000000
2815,com.google.javascript.jscomp.TypeCheckTest#testBooleanReduction7,1094.000000
2816,com.google.javascript.jscomp.InlineFunctionsTest#testNoInlineIfParametersModified1,927.000000
2817,com.google.javascript.jscomp.NameAnalyzerTest#testInherits7,866.000000
2818,com.google.javascript.jscomp.CollapsePropertiesTest#testGlobalAliasOfAncestor,838.000000
2819,com.google.javascript.jscomp.InlineVariablesTest#testArgumentsModifiedInInnerFunction,826.000000
2820,com.google.javascript.jscomp.parsing.IRFactoryTest#testObjectLiteral8,285.000000
2821,com.google.javascript.jscomp.NodeIteratorsTest#testHaltAtVarRef,284.000000
2822,com.google.debugging.sourcemap.SourceMapConsumerV1Test#testInvalidCountFailure,8.000000
2823,com.google.javascript.jscomp.TypeCheckTest#testOptionalArgFunctionReturn,1093.000000
2824,com.google.javascript.jscomp.InlineFunctionsTest#testNoInlineIfParametersModified2,928.000000
2825,com.google.javascript.jscomp.NameAnalyzerTest#testInherits8,855.000000
2826,com.google.javascript.jscomp.CollapsePropertiesTest#testMultiLevelCollapse,823.000000
2827,com.google.javascript.jscomp.UnreachableCodeEliminationTest#testIssue5215541_deadVarDeclar,689.000000
2828,com.google.javascript.jscomp.NodeIteratorsTest#testFunctionExpression,297.000000
2829,com.google.javascript.jscomp.parsing.IRFactoryTest#testReturnLocation,263.000000
2830,com.google.debugging.sourcemap.SourceMapConsumerV1Test#testInvalidHeaderFailure,11.000000
2831,com.google.javascript.jscomp.TypeCheckTest#testBug2335992,1124.000000
2832,com.google.javascript.jscomp.InlineFunctionsTest#testNoInlineIfParametersModified3,924.000000
2833,com.google.javascript.jscomp.NameAnalyzerTest#testFunctions1,863.000000
2834,com.google.javascript.jscomp.CollapsePropertiesTest#testAddPropertyToChildFuncOfUncollapsibleObjectInLocalScope,833.000000
2835,com.google.javascript.jscomp.UnreachableCodeEliminationTest#testTryCatchFinally,727.000000
2836,com.google.javascript.jscomp.NodeIteratorsTest#testNamedFunction2,296.000000
2837,com.google.javascript.jscomp.parsing.IRFactoryTest#testObjectLitLocation,261.000000
2838,com.google.debugging.sourcemap.SourceMapConsumerV1Test#testNegativeOneInLineMap,26.000000
2839,com.google.javascript.jscomp.TypeCheckTest#testBug2341812,1097.000000
2840,com.google.javascript.jscomp.InlineFunctionsTest#testNoInlineIfParametersModified5,932.000000
2841,com.google.javascript.jscomp.NameAnalyzerTest#testFunctions2,854.000000
2842,com.google.javascript.jscomp.CollapsePropertiesTest#testObjLitWithNonIdentifierKeys,826.000000
2843,com.google.javascript.jscomp.InlineSimpleMethodsTest#testObjectLitExtern,602.000000
2844,com.google.javascript.jscomp.NodeIteratorsTest#testIfBranch,301.000000
2845,com.google.javascript.jscomp.parsing.IRFactoryTest#testMultilineEqLocation,265.000000
2846,com.google.debugging.sourcemap.SourceMapConsumerV1Test#testCountFailure,8.000000
2847,com.google.javascript.jscomp.TypeCheckTest#testGetpropDict1,1110.000000
2848,com.google.javascript.jscomp.InlineFunctionsTest#testNoInlineIfParametersModified6,935.000000
2849,com.google.javascript.jscomp.NameAnalyzerTest#testSetterInDoWhilePredicate,852.000000
2850,com.google.javascript.jscomp.CollapsePropertiesTest#testTwiceDefinedGlobalNameDepth1_1,822.000000
2851,com.google.javascript.jscomp.InlineSimpleMethodsTest#testConstantInline,648.000000
2852,com.google.javascript.jscomp.NodeIteratorsTest#testHaltAtSideEffects,298.000000
2853,com.google.javascript.jscomp.parsing.IRFactoryTest#testCommaLocation,256.000000
2854,com.google.debugging.sourcemap.SourceMapConsumerV1Test#testGetMappingForLine,49.000000
2855,com.google.javascript.jscomp.TypeCheckTest#testGetpropDict2,1119.000000
2856,com.google.javascript.jscomp.InlineFunctionsTest#testNoInlineIfParametersModified7,924.000000
2857,com.google.javascript.jscomp.CollapsePropertiesTest#testTwiceDefinedGlobalNameDepth1_2,826.000000
2858,com.google.javascript.jscomp.NameAnalyzerTest#testNestedAssign1,787.000000
2859,com.google.javascript.jscomp.ReplaceCssNamesTest#testWhitelistByPart,577.000000
2860,com.google.javascript.jscomp.NodeTraversalTest#testGetScopeRoot,274.000000
2861,com.google.javascript.jscomp.parsing.IRFactoryTest#testMultilineBitTestLocation,265.000000
2862,com.google.debugging.sourcemap.SourceMapConsumerV1Test#testInvalidMappingArrayFailure,12.000000
2863,com.google.javascript.jscomp.TypeCheckTest#testGetpropDict3,1117.000000
2864,com.google.javascript.jscomp.CollapsePropertiesTest#testGlobalObjectNameInBooleanExpressionDepth1_1,861.000000
2865,com.google.javascript.jscomp.InlineFunctionsTest#testNoInlineIfParametersModified8,852.000000
2866,com.google.javascript.jscomp.NameAnalyzerTest#testNestedAssign2,852.000000
2867,com.google.javascript.jscomp.CoalesceVariableNamesTest#testCannotReuseAnyParamsBug,825.000000
2868,com.google.javascript.jscomp.FunctionInjectorTest#testCanInlineReferenceToFunctionInExpression1,337.000000
2869,com.google.javascript.jscomp.parsing.IRFactoryTest#testPrefixLocation,257.000000
2870,com.google.debugging.sourcemap.SourceMapConsumerV1Test#testMultipleMappingFragments,49.000000
2871,com.google.javascript.jscomp.TypeCheckTest#testGetpropDict4,1120.000000
2872,com.google.javascript.jscomp.CollapsePropertiesTest#testGlobalObjectNameInBooleanExpressionDepth1_2,876.000000
2873,com.google.javascript.jscomp.NameAnalyzerTest#testNestedAssign3,860.000000
2874,com.google.javascript.jscomp.InlineFunctionsTest#testNoInlineIfParametersModified9,846.000000
2875,com.google.javascript.jscomp.CoalesceVariableNamesTest#testParameter2,750.000000
2876,com.google.javascript.jscomp.FunctionInjectorTest#testCanInlineReferenceToFunctionInExpression2,329.000000
2877,com.google.javascript.jscomp.parsing.IRFactoryTest#testDelete1,261.000000
2878,com.google.debugging.sourcemap.SourceMapGeneratorV2Test#testEncodingIdLength,10.000000
2879,com.google.javascript.jscomp.TypeCheckTest#testGetpropDict5,1077.000000
2880,com.google.javascript.jscomp.NameAnalyzerTest#testNestedAssign4,856.000000
2881,com.google.javascript.jscomp.CollapsePropertiesTest#testGlobalObjectNameInBooleanExpressionDepth1_4,820.000000
2882,com.google.javascript.jscomp.InlineFunctionsTest#testInlineMutableArgsReferencedOnce,819.000000
2883,com.google.javascript.jscomp.ProcessClosurePrimitivesTest#testBadCrossModuleRequire,662.000000
2884,com.google.javascript.jscomp.FunctionInjectorTest#testCanInlineReferenceToFunctionInExpression3,332.000000
2885,com.google.javascript.jscomp.parsing.IRFactoryTest#testDelete3,258.000000
2886,com.google.debugging.sourcemap.SourceMapGeneratorV2Test#testEncodingRelativeId,12.000000
2887,com.google.javascript.jscomp.TypeCheckTest#testGetpropDict6,1089.000000
2888,com.google.javascript.jscomp.CollapsePropertiesTest#testGlobalObjectNameInBooleanExpressionDepth1_5,819.000000
2889,com.google.javascript.jscomp.NameAnalyzerTest#testNestedAssign5,787.000000
2890,com.google.javascript.jscomp.InlineFunctionsTest#testFunctionExpressionCallInlining1,780.000000
2891,com.google.javascript.jscomp.ProcessClosurePrimitivesTest#testSourcePositionPreservation,662.000000
2892,com.google.javascript.jscomp.FunctionInjectorTest#testCanInlineReferenceToFunctionInExpression4,336.000000
2893,com.google.javascript.jscomp.parsing.IRFactoryTest#testDelete4,258.000000
2894,com.google.javascript.jscomp.RemoveUnusedNamesTest#testAliasing,8.000000
2895,com.google.javascript.jscomp.TypeCheckTest#testGetpropDict7,1087.000000
2896,com.google.javascript.jscomp.CollapsePropertiesTest#testGlobalObjectNameInBooleanExpressionDepth1_6,860.000000
2897,com.google.javascript.jscomp.InlineFunctionsTest#testFunctionExpressionCallInlining2,846.000000
2898,com.google.javascript.jscomp.NameAnalyzerTest#testNestedAssign6,841.000000
2899,com.google.javascript.jscomp.PeepholeFoldConstantsTest#testFoldTypeof,656.000000
2900,com.google.javascript.jscomp.FunctionInjectorTest#testCanInlineReferenceToFunctionInExpression5,323.000000
2901,com.google.javascript.jscomp.parsing.IRFactoryTest#testHookLocation,256.000000
2902,com.google.javascript.jscomp.RemoveUnusedNamesTest#testExportedMethodsByNamingConventionAlwaysExported,8.000000
2903,com.google.javascript.jscomp.TypeCheckTest#testFunctionMasksVariableBug,1137.000000
2904,com.google.javascript.jscomp.CollapsePropertiesTest#testFunctionWithQuotedPropertyThatGetsRead,865.000000
2905,com.google.javascript.jscomp.NameAnalyzerTest#testNestedAssign7,843.000000
2906,com.google.javascript.jscomp.InlineFunctionsTest#testFunctionExpressionCallInlining3,813.000000
2907,com.google.javascript.jscomp.PeepholeFoldConstantsTest#testFoldBitShiftsStringCompare,590.000000
2908,com.google.javascript.jscomp.FunctionInjectorTest#testCanInlineReferenceToFunctionInExpression6,336.000000
2909,com.google.javascript.jscomp.parsing.IRFactoryTest#testFunctionParamLocation,256.000000
2910,com.google.javascript.jscomp.RemoveUnusedNamesTest#testExportedMethodsByNamingConvention,8.000000
2911,com.google.javascript.jscomp.TypeCheckTest#testAddingMethodsUsingPrototypeIdiomComplexNamespace1,1065.000000
2912,com.google.javascript.jscomp.CollapsePropertiesTest#testTwinReferenceCancelsChildCollapsing,866.000000
2913,com.google.javascript.jscomp.NameAnalyzerTest#testNestedAssign8,852.000000
2914,com.google.javascript.jscomp.InlineFunctionsTest#testFunctionExpressionCallInlining4,837.000000
2915,com.google.javascript.jscomp.PeepholeFoldConstantsTest#testStringAdd,635.000000
2916,com.google.javascript.jscomp.FunctionInjectorTest#testCanInlineReferenceToFunctionInExpression7,323.000000
2917,com.google.javascript.jscomp.parsing.IRFactoryTest#testPlusEqLocation,258.000000
2918,com.google.javascript.jscomp.RemoveUnusedNamesTest#testAnalyzeUnusedPrototypeProperties2,8.000000
2919,com.google.javascript.jscomp.TypeCheckTest#testAddingMethodsUsingPrototypeIdiomComplexNamespace2,1064.000000
2920,com.google.javascript.jscomp.NameAnalyzerTest#testDoNotChangeLocalScopeReferencedInstanceOf,896.000000
2921,com.google.javascript.jscomp.CollapsePropertiesTest#testTypedef2,871.000000
2922,com.google.javascript.jscomp.InlineFunctionsTest#testFunctionExpressionCallInlining5,801.000000
2923,com.google.javascript.jscomp.PeepholeFoldConstantsTest#testFoldObjectLiteralRef1,715.000000
2924,com.google.javascript.jscomp.FunctionInjectorTest#testCanInlineReferenceToFunctionInExpression8,339.000000
2925,com.google.javascript.jscomp.parsing.IRFactoryTest#testGetter,280.000000
2926,com.google.javascript.jscomp.JSCompilerSourceExcerptProviderTest#testExcerptLineFromInexistantSource,144.000000
2927,com.google.javascript.jscomp.TypeCheckTest#testStaticDataPropertyOnNestedInterface,1058.000000
2928,com.google.javascript.jscomp.NameAnalyzerTest#testAssignWithHook2a,834.000000
2929,com.google.javascript.jscomp.CollapsePropertiesTest#testCollapse,821.000000
2930,com.google.javascript.jscomp.InlineFunctionsTest#testFunctionExpressionCallInlining6,801.000000
2931,com.google.javascript.jscomp.PeepholeFoldConstantsTest#testFoldConstructor,638.000000
2932,com.google.javascript.jscomp.FunctionInjectorTest#testCanInlineReferenceToFunctionInExpression9,339.000000
2933,com.google.javascript.jscomp.parsing.IRFactoryTest#testLabelLocation,264.000000
2934,com.google.javascript.jscomp.JSCompilerSourceExcerptProviderTest#testExcerptInexistantRegion,148.000000
2935,com.google.javascript.jscomp.TypeCheckTest#testTypeInferenceWithNoEntry1,1231.000000
2936,com.google.javascript.jscomp.NameAnalyzerTest#testVarReferencedInClassDefinedInObjectLit1,873.000000
2937,com.google.javascript.jscomp.CollapsePropertiesTest#testNewOperator,857.000000
2938,com.google.javascript.jscomp.InlineFunctionsTest#testFunctionExpressionCallInlining7,793.000000
2939,com.google.javascript.jscomp.RenameVarsTest#testDollarSignSuperExport2,712.000000
2940,com.google.javascript.jscomp.FunctionInjectorTest#testCanInlineReferenceToFunction1,290.000000
2941,com.google.javascript.jscomp.parsing.IRFactoryTest#testSetter,281.000000
2942,com.google.javascript.jscomp.JSCompilerSourceExcerptProviderTest#testExcerptOneLine,149.000000
2943,com.google.javascript.jscomp.TypeCheckTest#testMultipleExtendsInterfaceParamPass,1129.000000
2944,com.google.javascript.jscomp.NameAnalyzerTest#testVarReferencedInClassDefinedInObjectLit2,874.000000
2945,com.google.javascript.jscomp.CollapsePropertiesTest#testReferencedPrototypeProperty,853.000000
2946,com.google.javascript.jscomp.InlineFunctionsTest#testFunctionExpressionCallInlining8,802.000000
2947,com.google.javascript.jscomp.RenameVarsTest#testExportComplexSymbolReservesName,639.000000
2948,com.google.javascript.jscomp.FunctionInjectorTest#testCanInlineReferenceToFunction2,301.000000
2949,com.google.javascript.jscomp.parsing.IRFactoryTest#testVarDeclLocation,259.000000
2950,com.google.javascript.jscomp.JSCompilerSourceExcerptProviderTest#testExcerptRegionFromInexistantSource,144.000000
2951,com.google.javascript.jscomp.TypeCheckTest#testBackwardsTypedefUse4,1107.000000
2952,com.google.javascript.jscomp.NameAnalyzerTest#testPrototypePropertySetInLocalScope1,822.000000
2953,com.google.javascript.jscomp.CollapsePropertiesTest#testConstKey,817.000000
2954,com.google.javascript.jscomp.InlineFunctionsTest#testFunctionExpressionCallInlining9,791.000000
2955,com.google.javascript.jscomp.OptimizeParametersTest#testNoRemoval,736.000000
2956,com.google.javascript.jscomp.FunctionInjectorTest#testCanInlineReferenceToFunction3,293.000000
2957,com.google.javascript.jscomp.parsing.IRFactoryTest#testBinaryExprLocation,256.000000
2958,com.google.javascript.jscomp.JSCompilerSourceExcerptProviderTest#testExcerptInexistantLine,149.000000
2959,com.google.javascript.jscomp.TypeCheckTest#testBackwardsTypedefUse6,1117.000000
2960,com.google.javascript.jscomp.NameAnalyzerTest#testPrototypePropertySetInLocalScope2,862.000000
2961,com.google.javascript.jscomp.CollapsePropertiesTest#testMisusedEnumTag,843.000000
2962,com.google.javascript.jscomp.InlineFunctionsTest#testInlineObject,831.000000
2963,com.google.javascript.jscomp.ReplaceMessagesTest#testQualifiedMessageName,705.000000
2964,com.google.javascript.jscomp.FunctionInjectorTest#testCanInlineReferenceToFunction4,304.000000
2965,com.google.javascript.jscomp.parsing.IRFactoryTest#testNestedOr,263.000000
2966,com.google.javascript.jscomp.JSCompilerSourceExcerptProviderTest#testExceptNoNewLine,149.000000
2967,com.google.javascript.jscomp.TypeCheckTest#testBackwardsTypedefUse7,1095.000000
2968,com.google.javascript.jscomp.InlineFunctionsTest#testReplacePropertyFunction,859.000000
2969,com.google.javascript.jscomp.CollapsePropertiesTest#testStaticFunctionReferencingThis1,855.000000
2970,com.google.javascript.jscomp.NameAnalyzerTest#testPrototypePropertySetInLocalScope3,815.000000
2971,com.google.javascript.jscomp.ReplaceMessagesTest#testLegacyStyleNoPlaceholdersVarSyntax,581.000000
2972,com.google.javascript.jscomp.FunctionInjectorTest#testCanInlineReferenceToFunction5,294.000000
2973,com.google.javascript.jscomp.parsing.IRFactoryTest#testLinenoDeclaration,265.000000
2974,com.google.javascript.jscomp.jsonml.JsonMLConversionTest#testObject0,8.000000
2975,com.google.javascript.jscomp.TypeCheckTest#testBackwardsTypedefUse8,1137.000000
2976,com.google.javascript.jscomp.CollapsePropertiesTest#testStaticFunctionReferencingThis2,831.000000
2977,com.google.javascript.jscomp.NameAnalyzerTest#testPrototypePropertySetInLocalScope4,825.000000
2978,com.google.javascript.jscomp.InlineFunctionsTest#testInlineWithClosureContainingThis,807.000000
2979,com.google.javascript.jscomp.ReplaceMessagesTest#testBadPlaceholderReferenceInReplacement,577.000000
2980,com.google.javascript.jscomp.FunctionInjectorTest#testCanInlineReferenceToFunction6,305.000000
2981,com.google.javascript.jscomp.parsing.IRFactoryTest#testLiteralLocation,261.000000
2982,com.google.javascript.jscomp.CoalesceVariableNamesTest#testFunctionNameReuse,8.000000
2983,com.google.javascript.jscomp.TypeCheckTest#testBackwardsTypedefUse9,1161.000000
2984,com.google.javascript.jscomp.InlineFunctionsTest#testComplexFunctionWithFunctionDefinition1,888.000000
2985,com.google.javascript.jscomp.CollapsePropertiesTest#testStaticFunctionReferencingThis3,848.000000
2986,com.google.javascript.jscomp.NameAnalyzerTest#testPrototypePropertySetInLocalScope5,806.000000
2987,com.google.javascript.jscomp.PeepholeSubstituteAlternateSyntaxTest#testFoldReturns,704.000000
2988,com.google.javascript.jscomp.FunctionInjectorTest#testCanInlineReferenceToFunction7,295.000000
2989,com.google.javascript.jscomp.parsing.JsDocInfoParserTest#testFullRegression1,266.000000
2990,com.google.javascript.jscomp.NodeTraversalTest#testPruningCallbackShouldTraverse2,4.000000
2991,com.google.javascript.jscomp.TypeCheckTest#testDeclaredNativeTypeEquality,1065.000000
2992,com.google.javascript.jscomp.InlineFunctionsTest#testComplexFunctionWithFunctionDefinition2,959.000000
2993,com.google.javascript.jscomp.CollapsePropertiesTest#testStaticFunctionReferencingThis4,853.000000
2994,com.google.javascript.jscomp.NameAnalyzerTest#testPrototypePropertySetInLocalScope6,849.000000
2995,com.google.javascript.jscomp.PeepholeSubstituteAlternateSyntaxTest#testStringArraySplitting,637.000000
2996,com.google.javascript.jscomp.FunctionInjectorTest#testCanInlineReferenceToFunction8,311.000000
2997,com.google.javascript.jscomp.parsing.JsDocInfoParserTest#testFullRegression2,286.000000
2998,com.google.javascript.jscomp.CrossModuleMethodMotionTest#testTwoMethods,8.000000
2999,com.google.javascript.jscomp.TypeCheckTest#testPropAccess2,1086.000000
3000,com.google.javascript.jscomp.CollapsePropertiesTest#testLocalAlias1,901.000000
3001,com.google.javascript.jscomp.InlineFunctionsTest#testComplexFunctionWithFunctionDefinition3,898.000000
3002,com.google.javascript.jscomp.NameAnalyzerTest#testPrototypePropertySetInLocalScope7,847.000000
3003,com.google.javascript.jscomp.PeepholeSubstituteAlternateSyntaxTest#testFoldAssignments,680.000000
3004,com.google.javascript.jscomp.FunctionInjectorTest#testCanInlineReferenceToFunction9,301.000000
3005,com.google.javascript.jscomp.parsing.JsDocInfoParserTest#testFullRegression3,253.000000
3006,com.google.javascript.jscomp.CrossModuleMethodMotionTest#testClosureVariableReads3,8.000000
3007,com.google.javascript.jscomp.TypeCheckTest#testPropAccess3,1090.000000
3008,com.google.javascript.jscomp.InlineFunctionsTest#testComplexInlineVars10,939.000000
3009,com.google.javascript.jscomp.CollapsePropertiesTest#testLocalAlias2,904.000000
3010,com.google.javascript.jscomp.NameAnalyzerTest#testArrayExt,870.000000
3011,com.google.javascript.jscomp.PeepholeSubstituteAlternateSyntaxTest#testNotCond,699.000000
3012,com.google.javascript.jscomp.parsing.JsDocInfoParserTest#testParseFunctionalType10,344.000000
3013,com.google.javascript.jscomp.FunctionInjectorTest#testCanInlineReferenceToFunction10,318.000000
3014,com.google.javascript.jscomp.DataFlowAnalysisTest#testLatticeArrayMinimizationWhenMidpointRoundsDown,1.000000
3015,com.google.javascript.jscomp.TypeCheckTest#testBackwardsEnumUse1,1088.000000
3016,com.google.javascript.jscomp.InlineFunctionsTest#testComplexInlineVars11,939.000000
3017,com.google.javascript.jscomp.CollapsePropertiesTest#testLocalAlias3,908.000000
3018,com.google.javascript.jscomp.NameAnalyzerTest#testAssignmentToUnknownPrototype,874.000000
3019,com.google.javascript.jscomp.InstrumentFunctionsTest#testAppNameSetter,619.000000
3020,com.google.javascript.jscomp.parsing.JsDocInfoParserTest#testParseFunctionalType12,322.000000
3021,com.google.javascript.jscomp.FunctionInjectorTest#testCanInlineReferenceToFunction11,301.000000
3022,com.google.javascript.jscomp.DataFlowAnalysisTest#testLatticeArrayMinimizationWithTwoElements,1.000000
3023,com.google.javascript.jscomp.TypeCheckTest#testBackwardsEnumUse2,1112.000000
3024,com.google.javascript.jscomp.InlineFunctionsTest#testComplexInlineVars12,939.000000
3025,com.google.javascript.jscomp.CollapsePropertiesTest#testLocalAlias4,904.000000
3026,com.google.javascript.jscomp.NameAnalyzerTest#testNoRemoveAlias0,875.000000
3027,com.google.javascript.jscomp.VarCheckTest#testVarInWithBlock,593.000000
3028,com.google.javascript.jscomp.FunctionInjectorTest#testCanInlineReferenceToFunction12,326.000000
3029,com.google.javascript.jscomp.parsing.JsDocInfoParserTest#testParseFunctionalType13,322.000000
3030,com.google.javascript.jscomp.DataFlowAnalysisTest#testSimpleIf,41.000000
3031,com.google.javascript.jscomp.TypeCheckTest#testBackwardsEnumUse3,1088.000000
3032,com.google.javascript.jscomp.CollapsePropertiesTest#testLocalAlias5,903.000000
3033,com.google.javascript.jscomp.NameAnalyzerTest#testNoRemoveAlias1,883.000000
3034,com.google.javascript.jscomp.InlineFunctionsTest#testMixedModeInlining1,806.000000
3035,com.google.javascript.jscomp.DefinitionsRemoverTest#testRemoveLiteral,577.000000
3036,com.google.javascript.jscomp.parsing.JsDocInfoParserTest#testParseFunctionalType14,333.000000
3037,com.google.javascript.jscomp.FunctionInjectorTest#testCanInlineReferenceToFunction14,297.000000
3038,com.google.javascript.jscomp.ClosureCodingConventionTest#testExportedName,13.000000
3039,com.google.javascript.jscomp.TypeCheckTest#testBackwardsEnumUse4,1112.000000
3040,com.google.javascript.jscomp.InlineFunctionsTest#testMixedModeInlining2,907.000000
3041,com.google.javascript.jscomp.CollapsePropertiesTest#testLocalAlias7,903.000000
3042,com.google.javascript.jscomp.NameAnalyzerTest#testNoRemoveAlias2,877.000000
3043,com.google.javascript.jscomp.DefinitionsRemoverTest#testRemoveFunctionExpressionName,580.000000
3044,com.google.javascript.jscomp.parsing.JsDocInfoParserTest#testParseFunctionalType15,334.000000
3045,com.google.javascript.jscomp.FunctionInjectorTest#testCanInlineReferenceToFunction15,305.000000
3046,com.google.javascript.jscomp.AstValidatorTest#testInvalidEmptyStatement,20.000000
3047,com.google.javascript.jscomp.TypeCheckTest#testBackwardsEnumUse5,1105.000000
3048,com.google.javascript.jscomp.InlineFunctionsTest#testMixedModeInlining3,929.000000
3049,com.google.javascript.jscomp.NameAnalyzerTest#testNoRemoveAlias3,897.000000
3050,com.google.javascript.jscomp.CollapsePropertiesTest#testNamespaceResetInGlobalScope1,842.000000
3051,com.google.javascript.jscomp.DefinitionsRemoverTest#testRemoveAssignment,589.000000
3052,com.google.javascript.jscomp.parsing.JsDocInfoParserTest#testParseFunctionalType16,334.000000
3053,com.google.javascript.jscomp.FunctionInjectorTest#testCanInlineReferenceToFunction16,306.000000
3054,com.google.javascript.jscomp.AstValidatorTest#testValidScript,39.000000
3055,com.google.javascript.jscomp.TypeCheckTest#testGetprop1,1098.000000
3056,com.google.javascript.jscomp.InlineFunctionsTest#testMixedModeInlining4,929.000000
3057,com.google.javascript.jscomp.CollapsePropertiesTest#testNamespaceResetInGlobalScope2,842.000000
3058,com.google.javascript.jscomp.NameAnalyzerTest#testShortCircuit1,833.000000
3059,com.google.javascript.jscomp.DefinitionsRemoverTest#testRemoveVarAssignment,566.000000
3060,com.google.javascript.jscomp.parsing.JsDocInfoParserTest#testParseFunctionalType18,339.000000
3061,com.google.javascript.jscomp.FunctionInjectorTest#testCanInlineReferenceToFunction17,309.000000
3062,com.google.javascript.jscomp.CodePrinterTest#testManyAdds,76.000000
3063,com.google.javascript.jscomp.TypeCheckTest#testGetprop2,1099.000000
3064,com.google.javascript.jscomp.InlineFunctionsTest#testDecomposeFunctionExpressionInCall,951.000000
3065,com.google.javascript.jscomp.CollapsePropertiesTest#testAddPropertyToUncollapsibleCtorInLocalScopeDepth1,848.000000
3066,com.google.javascript.jscomp.NameAnalyzerTest#testShortCircuit2,847.000000
3067,com.google.javascript.jscomp.GenerateExportsTest#testExportSymbolAndConstantProperties,703.000000
3068,com.google.javascript.jscomp.parsing.JsDocInfoParserTest#testParseFunctionalType19,326.000000
3069,com.google.javascript.jscomp.FunctionInjectorTest#testCanInlineReferenceToFunction19,304.000000
3070,com.google.javascript.jscomp.graph.GraphTest#testUndirectedNeighbors,28.000000
3071,com.google.javascript.jscomp.TypeCheckTest#testGetprop3,1160.000000
3072,com.google.javascript.jscomp.InlineFunctionsTest#testInlineNeverOverrideNewValues,924.000000
3073,com.google.javascript.jscomp.CollapsePropertiesTest#testAddPropertyToUncollapsibleCtorInLocalScopeDepth2,863.000000
3074,com.google.javascript.jscomp.NameAnalyzerTest#testShortCircuit3,834.000000
3075,com.google.javascript.jscomp.PeepholeCollectPropertyAssignmentsTest#testArrayOptimization1,615.000000
3076,com.google.javascript.jscomp.parsing.JsDocInfoParserTest#testParseExtendsInvalidName,327.000000
3077,com.google.javascript.jscomp.FunctionInjectorTest#testCanInlineReferenceToFunction20,305.000000
3078,com.google.javascript.jscomp.graph.GraphTest#testUndirectedSelfLoop,22.000000
3079,com.google.javascript.jscomp.TypeCheckTest#testArrayAccess1,1065.000000
3080,com.google.javascript.jscomp.InlineFunctionsTest#testInlineBlockMutableArgs1,907.000000
3081,com.google.javascript.jscomp.NameAnalyzerTest#testShortCircuit5,833.000000
3082,com.google.javascript.jscomp.CollapsePropertiesTest#testAssignFunctionBeforeDefinition,799.000000
3083,com.google.javascript.jscomp.CheckGlobalNamesTest#testPathologicalCaseThatsOkAnyway,757.000000
3084,com.google.javascript.jscomp.FunctionInjectorTest#testCanInlineReferenceToFunction21,304.000000
3085,com.google.javascript.jscomp.parsing.JsDocInfoParserTest#testParseUnknownType1,304.000000
3086,com.google.javascript.jscomp.graph.GraphTest#testDirectedSimple,25.000000
3087,com.google.javascript.jscomp.TypeCheckTest#testArrayAccess2,1093.000000
3088,com.google.javascript.jscomp.InlineFunctionsTest#testInlineBlockMutableArgs2,906.000000
3089,com.google.javascript.jscomp.CollapsePropertiesTest#testCrashInNestedAssign,854.000000
3090,com.google.javascript.jscomp.NameAnalyzerTest#testShortCircuit6,847.000000
3091,com.google.javascript.jscomp.CheckGlobalNamesTest#testOkLateDefinedName1,728.000000
3092,com.google.javascript.jscomp.parsing.JsDocInfoParserTest#testParseUnknownType2,324.000000
3093,com.google.javascript.jscomp.FunctionInjectorTest#testCanInlineReferenceToFunction22,305.000000
3094,com.google.javascript.jscomp.graph.GraphTest#testNodeAnnotations,23.000000
3095,com.google.javascript.jscomp.TypeCheckTest#testArrayAccess3,1120.000000
3096,com.google.javascript.jscomp.InlineFunctionsTest#testInlineBlockMutableArgs3,909.000000
3097,com.google.javascript.jscomp.CollapsePropertiesTest#testCrashInCommaOperator,844.000000
3098,com.google.javascript.jscomp.NameAnalyzerTest#testShortCircuit7,834.000000
3099,com.google.javascript.jscomp.CheckGlobalNamesTest#testRefToDescendantOfUndefinedPropertyGivesCorrectWarning,757.000000
3100,com.google.javascript.jscomp.parsing.JsDocInfoParserTest#testParseUnknownType3,324.000000
3101,com.google.javascript.jscomp.FunctionInjectorTest#testCanInlineReferenceToFunction23,308.000000
3102,com.google.javascript.jscomp.graph.GraphTest#testDegree,31.000000
3103,com.google.javascript.jscomp.TypeCheckTest#testArrayAccess4,1119.000000
3104,com.google.javascript.jscomp.InlineFunctionsTest#testInlineBlockMutableArgs4,907.000000
3105,com.google.javascript.jscomp.CollapsePropertiesTest#testNoInlineGetpropIntoCall,884.000000
3106,com.google.javascript.jscomp.NameAnalyzerTest#testShortCircuit8,846.000000
3107,com.google.javascript.jscomp.TransformAMDToCJSModuleTest#testObjectLit,607.000000
3108,com.google.javascript.jscomp.FunctionInjectorTest#testCanInlineReferenceToFunction24,311.000000
3109,com.google.javascript.jscomp.parsing.JsDocInfoParserTest#testNonIdentifierAnnotation,254.000000
3110,com.google.javascript.jscomp.graph.GraphTest#testDirectedSelfLoop,24.000000
3111,com.google.javascript.jscomp.TypeCheckTest#testArrayAccess7,1089.000000
3112,com.google.javascript.jscomp.CollapsePropertiesTest#testPrototypePropertySetToAnObjectLiteral,859.000000
3113,com.google.javascript.jscomp.NameAnalyzerTest#testRemovePrototypeAliases,846.000000
3114,com.google.javascript.jscomp.InlineFunctionsTest#testLocalFunctionInlining1,821.000000
3115,com.google.javascript.jscomp.TransformAMDToCJSModuleTest#testUnsupportedForms,574.000000
3116,com.google.javascript.jscomp.parsing.JsDocInfoParserTest#testParseNewline1,315.000000
3117,com.google.javascript.jscomp.FunctionInjectorTest#testCanInlineReferenceToFunction25,308.000000
3118,com.google.javascript.jscomp.graph.GraphTest#testSimpleSubGraph,28.000000
3119,com.google.javascript.jscomp.TypeCheckTest#testObjLitDef1a,1101.000000
3120,com.google.javascript.jscomp.InlineFunctionsTest#testLocalFunctionInlining2,885.000000
3121,com.google.javascript.jscomp.CollapsePropertiesTest#testCollapsePrototypeName,854.000000
3122,com.google.javascript.jscomp.NameAnalyzerTest#testUnintendedUseOfInheritsInLocalScope1,829.000000
3123,com.google.javascript.jscomp.PeepholeIntegrationTest#testAvoidCommaSplitting,639.000000
3124,com.google.javascript.jscomp.parsing.JsDocInfoParserTest#testParseNewline2,349.000000
3125,com.google.javascript.jscomp.FunctionInjectorTest#testCanInlineReferenceToFunction26,311.000000
3126,com.google.javascript.jscomp.graph.GraphColoringTest#testTwoNodesConnected,43.000000
3127,com.google.javascript.jscomp.TypeCheckTest#testObjLitDef1b,1147.000000
3128,com.google.javascript.jscomp.InlineFunctionsTest#testLocalFunctionInlining3,885.000000
3129,com.google.javascript.jscomp.CollapsePropertiesTest#testAliasCreatedForClassProperty,869.000000
3130,com.google.javascript.jscomp.NameAnalyzerTest#testUnintendedUseOfInheritsInLocalScope2,864.000000
3131,com.google.javascript.jscomp.PeepholeIntegrationTest#testNoNormalizeLabeledExpr,726.000000
3132,com.google.javascript.jscomp.parsing.JsDocInfoParserTest#testParseNewline3,360.000000
3133,com.google.javascript.jscomp.FunctionInjectorTest#testCanInlineReferenceToFunction27,314.000000
3134,com.google.javascript.jscomp.graph.GraphColoringTest#testAllConnectedToOneNode,43.000000
3135,com.google.javascript.jscomp.TypeCheckTest#testObjLitDef2a,1095.000000
3136,com.google.javascript.jscomp.CollapsePropertiesTest#testAddPropertyToChildTypeOfUncollapsibleObjectInLocalScope,877.000000
3137,com.google.javascript.jscomp.NameAnalyzerTest#testUnintendedUseOfInheritsInLocalScope3,865.000000
3138,com.google.javascript.jscomp.InlineFunctionsTest#testLocalFunctionInlining4,823.000000
3139,com.google.javascript.jscomp.FunctionRewriterTest#testReplaceReturnConst1,649.000000
3140,com.google.javascript.jscomp.parsing.JsDocInfoParserTest#testParseNewline4,360.000000
3141,com.google.javascript.jscomp.FunctionInjectorTest#testCanInlineReferenceToFunction28,306.000000
3142,com.google.javascript.jscomp.graph.GraphColoringTest#testDeterministic,42.000000
3143,com.google.javascript.jscomp.TypeCheckTest#testObjLitDef2b,1139.000000
3144,com.google.javascript.jscomp.NameAnalyzerTest#testUnintendedUseOfInheritsInLocalScope4,842.000000
3145,com.google.javascript.jscomp.CollapsePropertiesTest#testMisusedConstructorTag,823.000000
3146,com.google.javascript.jscomp.InlineFunctionsTest#testLocalFunctionInlining5,768.000000
3147,com.google.javascript.jscomp.FunctionRewriterTest#testReplaceGetter1,655.000000
3148,com.google.javascript.jscomp.parsing.JsDocInfoParserTest#testParseNewline5,368.000000
3149,com.google.javascript.jscomp.FunctionInjectorTest#testCanInlineReferenceToFunction29,305.000000
3150,com.google.javascript.jscomp.graph.GraphColoringTest#testGreedy,43.000000
3151,com.google.javascript.jscomp.TypeCheckTest#testObjLitDef3a,1091.000000
3152,com.google.javascript.jscomp.CollapsePropertiesTest#testAliasCreatedForFunctionDepth2,852.000000
3153,com.google.javascript.jscomp.NameAnalyzerTest#testSingletonGetter1,813.000000
3154,com.google.javascript.jscomp.InlineFunctionsTest#testLocalFunctionInlining6,749.000000
3155,com.google.javascript.jscomp.FunctionRewriterTest#testReplaceSetter1,659.000000
3156,com.google.javascript.jscomp.FunctionInjectorTest#testCanInlineReferenceToFunction30,308.000000
3157,com.google.javascript.jscomp.parsing.JsDocInfoParserTest#testParseDesc10,275.000000
3158,com.google.javascript.jscomp.graph.GraphColoringTest#testNoEdge,36.000000
3159,com.google.javascript.jscomp.TypeCheckTest#testObjLitDef3b,1134.000000
3160,com.google.javascript.jscomp.InlineFunctionsTest#testInlineFunctions10,951.000000
3161,com.google.javascript.jscomp.CollapsePropertiesTest#testObjLitAssignedInTernaryExpression1,822.000000
3162,com.google.javascript.jscomp.NameAnalyzerTest#testSingletonGetter2,811.000000
3163,com.google.javascript.jscomp.FunctionRewriterTest#testIssue538,712.000000
3164,com.google.javascript.jscomp.FunctionInjectorTest#testCanInlineReferenceToFunction31,310.000000
3165,com.google.javascript.jscomp.parsing.JsDocInfoParserTest#testParseDesc11,273.000000
3166,com.google.javascript.jscomp.graph.GraphColoringTest#testTwoFullyConnected,42.000000
3167,com.google.javascript.jscomp.TypeCheckTest#testScoping10,1037.000000
3168,com.google.javascript.jscomp.NameAnalyzerTest#testSingletonGetter3,866.000000
3169,com.google.javascript.jscomp.InlineFunctionsTest#testInlineFunctions11,832.000000
3170,com.google.javascript.jscomp.CollapsePropertiesTest#testObjLitAssignedInTernaryExpression2,822.000000
3171,com.google.javascript.jscomp.ProcessTweaksTest#testCompilerOverrideWithWrongType,609.000000
3172,com.google.javascript.jscomp.FunctionInjectorTest#testCanInlineReferenceToFunction32,303.000000
3173,com.google.javascript.jscomp.parsing.JsDocInfoParserTest#testParseDesc12,275.000000
3174,com.google.javascript.jscomp.graph.StandardUnionFindTest#testFindAllIterator,8.000000
3175,com.google.javascript.jscomp.TypeCheckTest#testScoping11,1071.000000
3176,com.google.javascript.jscomp.InlineFunctionsTest#testInlineFunctions12,850.000000
3177,com.google.javascript.jscomp.CollapsePropertiesTest#testPropWithDollarSign,817.000000
3178,com.google.javascript.jscomp.NameAnalyzerTest#testRemoveRecursiveFunction2a,795.000000
3179,com.google.javascript.jscomp.SpecializeModuleTest$SpecializeModuleSpecializationStateTest#testRemovedFunctions,611.000000
3180,com.google.javascript.jscomp.FunctionInjectorTest#testCanInlineReferenceToFunction33,310.000000
3181,com.google.javascript.jscomp.parsing.JsDocInfoParserTest#testParseParam10,295.000000
3182,com.google.javascript.jscomp.graph.StandardUnionFindTest#testEmpty,2.000000
3183,com.google.javascript.jscomp.TypeCheckTest#testScoping12,1079.000000
3184,com.google.javascript.jscomp.InlineFunctionsTest#testInlineFunctions13,927.000000
3185,com.google.javascript.jscomp.NameAnalyzerTest#testPropertyDefinedInGlobalScope,886.000000
3186,com.google.javascript.jscomp.CollapsePropertiesTest#testInlineAliasWithModifications,852.000000
3187,com.google.javascript.jscomp.ClosureRewriteClassTest#testClassWithStaticInitFn,749.000000
3188,com.google.javascript.jscomp.FunctionInjectorTest#testCanInlineReferenceToFunction34,316.000000
3189,com.google.javascript.jscomp.parsing.JsDocInfoParserTest#testParseParam11,295.000000
3190,com.google.javascript.jscomp.graph.StandardUnionFindTest#testUnion,6.000000
3191,com.google.javascript.jscomp.TypeCheckTest#testObjectPropertyTypeInferredInLocalScope1,1085.000000
3192,com.google.javascript.jscomp.InlineFunctionsTest#testInlineFunctions14,882.000000
3193,com.google.javascript.jscomp.CollapsePropertiesTest#testAddPropertyToObjectInLocalScopeDepth1,860.000000
3194,com.google.javascript.jscomp.NameAnalyzerTest#testNoRemoveAliasOfExternal0,821.000000
3195,com.google.javascript.jscomp.ClosureRewriteClassTest#testInvalid1,574.000000
3196,com.google.javascript.jscomp.parsing.JsDocInfoParserTest#testParseParam12,315.000000
3197,com.google.javascript.jscomp.FunctionInjectorTest#testCanInlineReferenceToFunction35,298.000000
3198,com.google.javascript.jscomp.graph.StandardUnionFindTest#testFind,7.000000
3199,com.google.javascript.jscomp.TypeCheckTest#testObjectPropertyTypeInferredInLocalScope2,1117.000000
3200,com.google.javascript.jscomp.CollapsePropertiesTest#testAddPropertyToObjectInLocalScopeDepth2,856.000000
3201,com.google.javascript.jscomp.NameAnalyzerTest#testNoRemoveAliasOfExternal1,846.000000
3202,com.google.javascript.jscomp.InlineFunctionsTest#testInlineFunctions17,774.000000
3203,com.google.javascript.jscomp.CheckRegExpTest#testRegExp,639.000000
3204,com.google.javascript.jscomp.FunctionInjectorTest#testCanInlineReferenceToFunction36,316.000000
3205,com.google.javascript.jscomp.parsing.JsDocInfoParserTest#testParseParam13,316.000000
3206,com.google.javascript.jscomp.graph.StandardUnionFindTest#testFindAllSize,7.000000
3207,com.google.javascript.jscomp.TypeCheckTest#testObjectPropertyTypeInferredInLocalScope3,1117.000000
3208,com.google.javascript.jscomp.NameAnalyzerTest#testNoRemoveAliasOfExternal2,863.000000
3209,com.google.javascript.jscomp.InlineFunctionsTest#testInlineFunctions18,852.000000
3210,com.google.javascript.jscomp.CollapsePropertiesTest#testReferenceInAnonymousObject0,837.000000
3211,com.google.javascript.jscomp.DeadAssignmentsEliminationTest#testIssue384b,737.000000
3212,com.google.javascript.jscomp.parsing.JsDocInfoParserTest#testParseParam14,311.000000
3213,com.google.javascript.jscomp.FunctionInjectorTest#testCanInlineReferenceToFunction37,302.000000
3214,com.google.javascript.jscomp.graph.StandardUnionFindTest#testChangesToCopyDontAffectOriginal,12.000000
3215,com.google.javascript.jscomp.TypeCheckTest#testGlobalThis1,1110.000000
3216,com.google.javascript.jscomp.InlineFunctionsTest#testInlineFunctions19,934.000000
3217,com.google.javascript.jscomp.NameAnalyzerTest#testDoNotChangeReferencedInstanceOf,896.000000
3218,com.google.javascript.jscomp.CollapsePropertiesTest#testReferenceInAnonymousObject1,836.000000
3219,com.google.javascript.jscomp.PeepholeReplaceKnownMethodsTest#testFoldStringCharCodeAt,619.000000
3220,com.google.javascript.jscomp.FunctionInjectorTest#testCanInlineReferenceToFunction38,316.000000
3221,com.google.javascript.jscomp.parsing.JsDocInfoParserTest#testParseParam15,306.000000
3222,com.google.javascript.jscomp.graph.StandardUnionFindTest#testElements,6.000000
3223,com.google.javascript.jscomp.TypeCheckTest#testGlobalThis3,1104.000000
3224,com.google.javascript.jscomp.NameAnalyzerTest#testRemovePrototypeDefinitionsInGlobalScope1,876.000000
3225,com.google.javascript.jscomp.CollapsePropertiesTest#testReferenceInAnonymousObject2,853.000000
3226,com.google.javascript.jscomp.InlineFunctionsTest#testInlineFunctions20,853.000000
3227,com.google.javascript.jscomp.PeepholeReplaceKnownMethodsTest#testFoldStringSubstring,619.000000
3228,com.google.javascript.jscomp.FunctionInjectorTest#testCanInlineReferenceToFunction39,302.000000
3229,com.google.javascript.jscomp.parsing.JsDocInfoParserTest#testParseParam16,302.000000
3230,com.google.javascript.jscomp.graph.StandardUnionFindTest#testAllEquivalenceClasses,6.000000
3231,com.google.javascript.jscomp.TypeCheckTest#testGlobalThis4,1105.000000
3232,com.google.javascript.jscomp.InlineFunctionsTest#testInlineFunctions21,934.000000
3233,com.google.javascript.jscomp.CollapsePropertiesTest#testReferenceInAnonymousObject3,857.000000
3234,com.google.javascript.jscomp.NameAnalyzerTest#testRemovePrototypeDefinitionsInGlobalScope2,783.000000
3235,com.google.javascript.jscomp.PeepholeReplaceKnownMethodsTest#testToLower,575.000000
3236,com.google.javascript.jscomp.FunctionInjectorTest#testCanInlineReferenceToFunction40,316.000000
3237,com.google.javascript.jscomp.parsing.JsDocInfoParserTest#testParseParam17,312.000000
3238,com.google.javascript.jscomp.graph.StandardUnionFindTest#testSetSize,7.000000
3239,com.google.javascript.jscomp.TypeCheckTest#testGlobalThis5,1097.000000
3240,com.google.javascript.jscomp.InlineFunctionsTest#testInlineFunctions22,993.000000
3241,com.google.javascript.jscomp.NameAnalyzerTest#testAssignmentWithComplexLhs,895.000000
3242,com.google.javascript.jscomp.CollapsePropertiesTest#testReferenceInAnonymousObject4,854.000000
3243,com.google.javascript.jscomp.PeepholeReplaceKnownMethodsTest#testToUpper,575.000000
3244,com.google.javascript.jscomp.parsing.JsDocInfoParserTest#testParseParam18,313.000000
3245,com.google.javascript.jscomp.FunctionInjectorTest#testCanInlineReferenceToFunction41,303.000000
3246,com.google.javascript.jscomp.graph.GraphPrunerTest#testFourNodesConnected2,27.000000
3247,com.google.javascript.jscomp.TypeCheckTest#testGlobalThis6,1108.000000
3248,com.google.javascript.jscomp.InlineFunctionsTest#testInlineFunctions23,993.000000
3249,com.google.javascript.jscomp.CollapsePropertiesTest#testReferenceInAnonymousObject5,851.000000
3250,com.google.javascript.jscomp.NameAnalyzerTest#testNestedAssign15,786.000000
3251,com.google.javascript.jscomp.PeepholeReplaceKnownMethodsTest#testStringIndexOf,642.000000
3252,com.google.javascript.jscomp.FunctionInjectorTest#testCanInlineReferenceToFunction42,317.000000
3253,com.google.javascript.jscomp.parsing.JsDocInfoParserTest#testParseParam20,295.000000
3254,com.google.javascript.jscomp.graph.GraphPrunerTest#testThreeNodesConnected,27.000000
3255,com.google.javascript.jscomp.TypeCheckTest#testGlobalThis7,1082.000000
3256,com.google.javascript.jscomp.NameAnalyzerTest#testNestedAssigns1,856.000000
3257,com.google.javascript.jscomp.InlineFunctionsTest#testInlineFunctions24,792.000000
3258,com.google.javascript.jscomp.CollapsePropertiesTest#testPropertiesOfAnUndefinedVar,774.000000
3259,com.google.javascript.jscomp.PeepholeReplaceKnownMethodsTest#testFoldStringSubstr,619.000000
3260,com.google.javascript.jscomp.FunctionInjectorTest#testCanInlineReferenceToFunction43,296.000000
3261,com.google.javascript.jscomp.parsing.JsDocInfoParserTest#testParseParam21,296.000000
3262,com.google.javascript.jscomp.graph.GraphPrunerTest#testThreeNodesDisconnected,26.000000
3263,com.google.javascript.jscomp.TypeCheckTest#testGlobalThis8,1104.000000
3264,com.google.javascript.jscomp.NameAnalyzerTest#testNestedAssigns2,853.000000
3265,com.google.javascript.jscomp.CollapsePropertiesTest#testCallToRedefinedFunction,844.000000
3266,com.google.javascript.jscomp.InlineFunctionsTest#testInlineFunctions25,752.000000
3267,com.google.javascript.jscomp.StrictModeCheckTest#testDeleteFunction,616.000000
3268,com.google.javascript.jscomp.FunctionInjectorTest#testCanInlineReferenceToFunction44,314.000000
3269,com.google.javascript.jscomp.parsing.JsDocInfoParserTest#testParseDesc1,273.000000
3270,com.google.javascript.jscomp.graph.GraphPrunerTest#testFiveNodesConnected,27.000000
3271,com.google.javascript.jscomp.TypeCheckTest#testGlobalThis9,1097.000000
3272,com.google.javascript.jscomp.NameAnalyzerTest#testClassDefinedInObjectLit1,831.000000
3273,com.google.javascript.jscomp.CollapsePropertiesTest#testPropertyOfChildFuncOfUncollapsibleObjectDepth1,822.000000
3274,com.google.javascript.jscomp.InlineFunctionsTest#testInlineFunctions26,750.000000
3275,com.google.javascript.jscomp.StrictModeCheckTest#testEval8,632.000000
3276,com.google.javascript.jscomp.FunctionInjectorTest#testCanInlineReferenceToFunction46,312.000000
3277,com.google.javascript.jscomp.parsing.JsDocInfoParserTest#testParseDesc2,272.000000
3278,com.google.javascript.jscomp.regex.CharRangesTest#testCharRangesFactories,6.000000
3279,com.google.javascript.jscomp.TypeCheckTest#testGetelemStruct1,1115.000000
3280,com.google.javascript.jscomp.InlineFunctionsTest#testInlineFunctions27,970.000000
3281,com.google.javascript.jscomp.CollapsePropertiesTest#testPropertyOfChildFuncOfUncollapsibleObjectDepth2,846.000000
3282,com.google.javascript.jscomp.NameAnalyzerTest#testClassDefinedInObjectLit2,831.000000
3283,com.google.javascript.jscomp.AliasKeywordsTest#testAliasTrueFalseNull,726.000000
3284,com.google.javascript.jscomp.FunctionInjectorTest#testCanInlineReferenceToFunction47,304.000000
3285,com.google.javascript.jscomp.parsing.JsDocInfoParserTest#testParseDesc3,272.000000
3286,com.google.javascript.jscomp.regex.CharRangesTest#testUnion,8.000000
3287,com.google.javascript.jscomp.TypeCheckTest#testGetelemStruct2,1119.000000
3288,com.google.javascript.jscomp.InlineFunctionsTest#testInlineFunctions29,982.000000
3289,com.google.javascript.jscomp.CollapsePropertiesTest#testLocalAliasOfAncestor,839.000000
3290,com.google.javascript.jscomp.NameAnalyzerTest#testClassDefinedInObjectLit3,831.000000
3291,com.google.javascript.jscomp.ExportTestFunctionsTest#testBasicTestFunctionsAreExported,634.000000
3292,com.google.javascript.jscomp.FunctionInjectorTest#testCanInlineReferenceToFunction48,312.000000
3293,com.google.javascript.jscomp.parsing.JsDocInfoParserTest#testParseDesc4,271.000000
3294,com.google.javascript.jscomp.regex.CharRangesTest#testRangeConstructor,2.000000
3295,com.google.javascript.jscomp.TypeCheckTest#testGetelemStruct3,1122.000000
3296,com.google.javascript.jscomp.NameAnalyzerTest#testClassDefinedInObjectLit4,831.000000
3297,com.google.javascript.jscomp.CollapsePropertiesTest#testDelete1,821.000000
3298,com.google.javascript.jscomp.InlineFunctionsTest#testInlineFunctions30,737.000000
3299,com.google.javascript.jscomp.ScopedAliasesTest#testAliasRedefinition,594.000000
3300,com.google.javascript.jscomp.FunctionInjectorTest#testCanInlineReferenceToFunction49,305.000000
3301,com.google.javascript.jscomp.parsing.JsDocInfoParserTest#testParseDesc5,275.000000
3302,com.google.javascript.jscomp.regex.CharRangesTest#testAgainstRegularImplementation,4.000000
3303,com.google.javascript.jscomp.TypeCheckTest#testGetelemStruct4,1109.000000
3304,com.google.javascript.jscomp.InlineFunctionsTest#testComplexInlineInExpresssions1,920.000000
3305,com.google.javascript.jscomp.CollapsePropertiesTest#testDelete2,835.000000
3306,com.google.javascript.jscomp.NameAnalyzerTest#testBrokenNamespaceWithPrototypeAssignment,802.000000
3307,com.google.javascript.jscomp.CallGraphTest#testFunctionGetIsAliased,699.000000
3308,com.google.javascript.jscomp.FunctionInjectorTest#testCanInlineReferenceToFunction50,314.000000
3309,com.google.javascript.jscomp.parsing.JsDocInfoParserTest#testParseDesc6,276.000000
3310,com.google.javascript.jscomp.regex.CharRangesTest#testEmptyCharRanges,3.000000
3311,com.google.javascript.jscomp.TypeCheckTest#testGetelemStruct6,1130.000000
3312,com.google.javascript.jscomp.InlineFunctionsTest#testComplexInlineInExpresssions2,939.000000
3313,com.google.javascript.jscomp.CollapsePropertiesTest#testDelete3,828.000000
3314,com.google.javascript.jscomp.NameAnalyzerTest#testRemoveNamedFunction,757.000000
3315,com.google.javascript.jscomp.CallGraphTest#testGetCallsiteForAstNode,674.000000
3316,com.google.javascript.jscomp.FunctionInjectorTest#testCanInlineReferenceToFunction51,312.000000
3317,com.google.javascript.jscomp.parsing.JsDocInfoParserTest#testParseDesc7,276.000000
3318,com.google.javascript.jscomp.GlobalVarReferenceMapTest#testUpdateGlobalVarReferences_UpdateScriptNewVar,64.000000
3319,com.google.javascript.jscomp.TypeCheckTest#testGetelemStruct7,1099.000000
3320,com.google.javascript.jscomp.InlineFunctionsTest#testComplexInlineInExpresssions3,939.000000
3321,com.google.javascript.jscomp.NameAnalyzerTest#testAssignmentWithComplexLhs3,900.000000
3322,com.google.javascript.jscomp.CollapsePropertiesTest#testDelete4,834.000000
3323,com.google.javascript.jscomp.CallGraphTest#testFunctionGetIsExposedToCallOrApply,677.000000
3324,com.google.javascript.jscomp.FunctionInjectorTest#testCanInlineReferenceToFunctionInLoop1,314.000000
3325,com.google.javascript.jscomp.parsing.JsDocInfoParserTest#testParseDesc8,277.000000
3326,com.google.javascript.jscomp.GlobalVarReferenceMapTest#testUpdateGlobalVarReferences_ResetReferences,55.000000
3327,com.google.javascript.jscomp.TypeCheckTest#testBadImplementsNonInterfaceType,1067.000000
3328,com.google.javascript.jscomp.InlineFunctionsTest#testComplexInlineInExpresssions4,948.000000
3329,com.google.javascript.jscomp.NameAnalyzerTest#testAssignmentWithComplexLhs4,897.000000
3330,com.google.javascript.jscomp.CollapsePropertiesTest#testDelete5,841.000000
3331,com.google.javascript.jscomp.CallGraphTest#testGetFunctionForAstNode,633.000000
3332,com.google.javascript.jscomp.FunctionInjectorTest#testCanInlineReferenceToFunctionInLoop2,307.000000
3333,com.google.javascript.jscomp.parsing.JsDocInfoParserTest#testParseDesc9,276.000000
3334,com.google.javascript.jscomp.GlobalVarReferenceMapTest#testUpdateGlobalVarReferences_UpdateScriptNoRef,63.000000
3335,com.google.javascript.jscomp.TypeCheckTest#testInferredParam1,1102.000000
3336,com.google.javascript.jscomp.InlineFunctionsTest#testComplexInlineInExpresssions5,964.000000
3337,com.google.javascript.jscomp.NameAnalyzerTest#testRemoveInstanceOfWithReferencedMethod,886.000000
3338,com.google.javascript.jscomp.CollapsePropertiesTest#testDelete6,841.000000
3339,com.google.javascript.jscomp.CallGraphTest#testCallsiteHasUnknownTarget,684.000000
3340,com.google.javascript.jscomp.parsing.JsDocInfoParserTest#testParseEnum1,303.000000
3341,com.google.javascript.jscomp.FunctionInjectorTest#testIsSimpleFunction1,257.000000
3342,com.google.javascript.jscomp.ControlStructureCheckTest#testBreak,196.000000
3343,com.google.javascript.jscomp.TypeCheckTest#testInferredParam2,1112.000000
3344,com.google.javascript.jscomp.NameAnalyzerTest#testRefChain10,866.000000
3345,com.google.javascript.jscomp.CollapsePropertiesTest#testDelete7,851.000000
3346,com.google.javascript.jscomp.InlineFunctionsTest#testInlineFunctions1,806.000000
3347,com.google.javascript.jscomp.SanityCheckTest#testConstantAnnotationMismatch,579.000000
3348,com.google.javascript.jscomp.parsing.JsDocInfoParserTest#testParseEnum2,312.000000
3349,com.google.javascript.jscomp.FunctionInjectorTest#testIsSimpleFunction2,265.000000
3350,com.google.javascript.jscomp.ControlStructureCheckTest#testContinueToSwitchWithDefault,196.000000
3351,com.google.javascript.jscomp.TypeCheckTest#testInferredParam3,1121.000000
3352,com.google.javascript.jscomp.InlineFunctionsTest#testInlineFunctions2,866.000000
3353,com.google.javascript.jscomp.NameAnalyzerTest#testRefChain11,866.000000
3354,com.google.javascript.jscomp.CollapsePropertiesTest#testDelete8,854.000000
3355,com.google.javascript.jscomp.NameAnonymousFunctionsMappedTest#testSimpleVarAssignment2,597.000000
3356,com.google.javascript.jscomp.parsing.JsDocInfoParserTest#testParseEnum3,311.000000
3357,com.google.javascript.jscomp.FunctionInjectorTest#testIsSimpleFunction3,268.000000
3358,com.google.javascript.jscomp.ControlStructureCheckTest#testContinueToSwitch,196.000000
3359,com.google.javascript.jscomp.TypeCheckTest#testInferredParam4,1121.000000
3360,com.google.javascript.jscomp.InlineFunctionsTest#testInlineFunctions3,862.000000
3361,com.google.javascript.jscomp.NameAnalyzerTest#testRefChain12,823.000000
3362,com.google.javascript.jscomp.CollapsePropertiesTest#testDelete9,821.000000
3363,com.google.javascript.jscomp.StatementFusionTest#testFuseIntoForIn,638.000000
3364,com.google.javascript.jscomp.parsing.JsDocInfoParserTest#testParseBooleanType1,314.000000
3365,com.google.javascript.jscomp.FunctionInjectorTest#testIsSimpleFunction4,260.000000
3366,com.google.javascript.jscomp.ControlStructureCheckTest#testContinueToLabelSwitch,196.000000
3367,com.google.javascript.jscomp.TypeCheckTest#testInferredParam5,1121.000000
3368,com.google.javascript.jscomp.NameAnalyzerTest#testRefChain13,895.000000
3369,com.google.javascript.jscomp.InlineFunctionsTest#testInlineFunctions4,866.000000
3370,com.google.javascript.jscomp.CollapsePropertiesTest#testSetStaticAndPrototypePropertiesOnFunction,849.000000
3371,com.google.javascript.jscomp.NormalizeTest#testRemoveDuplicateVarDeclarations3,730.000000
3372,com.google.javascript.jscomp.parsing.JsDocInfoParserTest#testParseBooleanType2,325.000000
3373,com.google.javascript.jscomp.FunctionInjectorTest#testIsSimpleFunction5,264.000000
3374,com.google.javascript.jscomp.ControlStructureCheckTest#testContinue,196.000000
3375,com.google.javascript.jscomp.TypeCheckTest#testInferredParam6,1117.000000
3376,com.google.javascript.jscomp.NameAnalyzerTest#testRefChain14,852.000000
3377,com.google.javascript.jscomp.InlineFunctionsTest#testInlineFunctions5,843.000000
3378,com.google.javascript.jscomp.CollapsePropertiesTest#testObjLitWithUsedNumericKey,828.000000
3379,com.google.javascript.jscomp.ReplaceIdGeneratorsTest#testReusePreviousSerialization1,595.000000
3380,com.google.javascript.jscomp.parsing.JsDocInfoParserTest#testParseArrayTypeError1,277.000000
3381,com.google.javascript.jscomp.FunctionInjectorTest#testIsSimpleFunction6,270.000000
3382,com.google.javascript.jscomp.ControlStructureCheckTest#testContinueNotCrossFunction2,196.000000
3383,com.google.javascript.jscomp.TypeCheckTest#testInferredParam7,1135.000000
3384,com.google.javascript.jscomp.NameAnalyzerTest#testRefChain15,895.000000
3385,com.google.javascript.jscomp.InlineFunctionsTest#testInlineFunctions6,844.000000
3386,com.google.javascript.jscomp.CollapsePropertiesTest#testObjLitDeclaration,829.000000
3387,com.google.javascript.jscomp.CheckProvidesTest#testIgnorePrivateConstructor,650.000000
3388,com.google.javascript.jscomp.parsing.JsDocInfoParserTest#testParseArrayTypeError2,304.000000
3389,com.google.javascript.jscomp.FunctionInjectorTest#testIsSimpleFunction7,270.000000
3390,com.google.javascript.jscomp.ControlStructureCheckTest#testContinueToSwitchWithTwoCases,196.000000
3391,com.google.javascript.jscomp.TypeCheckTest#testWhileRestrictsType1,1159.000000
3392,com.google.javascript.jscomp.NameAnalyzerTest#testRefChain16,863.000000
3393,com.google.javascript.jscomp.InlineFunctionsTest#testInlineFunctions7,846.000000
3394,com.google.javascript.jscomp.CollapsePropertiesTest#testDecrement,835.000000
3395,com.google.javascript.jscomp.CheckProvidesTest#testIrrelevant,553.000000
3396,com.google.javascript.jscomp.FunctionInjectorTest#testCanInlineReferenceToFunctionInExpression10a,344.000000
3397,com.google.javascript.jscomp.parsing.JsDocInfoParserTest#testParseArrayTypeError3,283.000000
3398,com.google.javascript.jscomp.ControlStructureCheckTest#testBreakCrossFunction,196.000000
3399,com.google.javascript.jscomp.TypeCheckTest#testWhileRestrictsType2,1097.000000
3400,com.google.javascript.jscomp.NameAnalyzerTest#testRefChain17,874.000000
3401,com.google.javascript.jscomp.InlineFunctionsTest#testInlineFunctions8,852.000000
3402,com.google.javascript.jscomp.CollapsePropertiesTest#testDoNotCollapsePropertyOnExternType,781.000000
3403,com.google.javascript.jscomp.CheckProvidesTest#testNoProvideInnerClass,679.000000
3404,com.google.javascript.jscomp.FunctionInjectorTest#testCanInlineReferenceToFunctionInExpression14a,347.000000
3405,com.google.javascript.jscomp.parsing.JsDocInfoParserTest#testParseArrayTypeError4,283.000000
3406,com.google.javascript.jscomp.DefaultCodingConventionTest#testEnumKey,3.000000
3407,com.google.javascript.jscomp.TypeCheckTest#testPrintFunctionName1,1112.000000
3408,com.google.javascript.jscomp.InlineFunctionsTest#testInlineFunctions9,928.000000
3409,com.google.javascript.jscomp.CollapsePropertiesTest#testAliasCreatedForCtorDepth1_1,840.000000
3410,com.google.javascript.jscomp.NameAnalyzerTest#testRefChain18,814.000000
3411,com.google.javascript.jscomp.CheckProvidesTest#testHarmless,676.000000
3412,com.google.javascript.jscomp.FunctionInjectorTest#testCanInlineReferenceToFunctionInExpression19a,340.000000
3413,com.google.javascript.jscomp.parsing.JsDocInfoParserTest#testTypedefType2,314.000000
3414,com.google.javascript.jscomp.DefaultCodingConventionTest#testInlineName,3.000000
3415,com.google.javascript.jscomp.TypeCheckTest#testPrintFunctionName2,1101.000000
3416,com.google.javascript.jscomp.CollapsePropertiesTest#testAliasCreatedForCtorDepth1_2,844.000000
3417,com.google.javascript.jscomp.NameAnalyzerTest#testRefChain19,842.000000
3418,com.google.javascript.jscomp.ExploitAssignsTest#testBadCollapseIntoCall,612.000000
3419,com.google.javascript.jscomp.FunctionInjectorTest#testCanInlineReferenceToFunctionInExpression21a,351.000000
3420,com.google.javascript.jscomp.parsing.JsDocInfoParserTest#testTypedefType3,325.000000
3421,com.google.javascript.jscomp.CheckPathsBetweenNodesTest#testSomePath2,29.000000
3422,com.google.javascript.jscomp.TypeCheckTest#testBadImplementsAConstructor,1067.000000
3423,com.google.javascript.jscomp.CollapsePropertiesTest#testAliasCreatedForCtorDepth1_3,845.000000
3424,com.google.javascript.jscomp.NameAnalyzerTest#testRefChain21,826.000000
3425,com.google.javascript.jscomp.ExploitAssignsTest#testExprExploitation,672.000000
3426,com.google.javascript.jscomp.FunctionInjectorTest#testCanInlineReferenceToFunctionInExpression22a,340.000000
3427,com.google.javascript.jscomp.parsing.JsDocInfoParserTest#testParseLends1,281.000000
3428,com.google.javascript.jscomp.CheckPathsBetweenNodesTest#testNonInclusive,38.000000
3429,com.google.javascript.jscomp.TypeCheckTest#testOptionalParameterComparedToUndefined,1088.000000
3430,com.google.javascript.jscomp.NameAnalyzerTest#testRefChain22,857.000000
3431,com.google.javascript.jscomp.CollapsePropertiesTest#testChainedVarAssignments1,843.000000
3432,com.google.javascript.jscomp.ExploitAssignsTest#testExprExploitationTypes2,593.000000
3433,com.google.javascript.jscomp.FunctionInjectorTest#testCanInlineReferenceToFunctionInExpression10,331.000000
3434,com.google.javascript.jscomp.parsing.JsDocInfoParserTest#testParseLends2,281.000000
3435,com.google.javascript.jscomp.CheckPathsBetweenNodesTest#testCycles1,39.000000
3436,com.google.javascript.jscomp.TypeCheckTest#testAddingMethodsPrototypeIdiomAndObjectLiteralSimpleNamespace,1067.000000
3437,com.google.javascript.jscomp.NameAnalyzerTest#testRefChain23,864.000000
3438,com.google.javascript.jscomp.CollapsePropertiesTest#testChainedVarAssignments2,844.000000
3439,com.google.javascript.jscomp.ExploitAssignsTest#testNestedExprExploitation,603.000000
3440,com.google.javascript.jscomp.FunctionInjectorTest#testCanInlineReferenceToFunctionInExpression12,340.000000
3441,com.google.javascript.jscomp.parsing.JsDocInfoParserTest#testParseLends3,285.000000
3442,com.google.javascript.jscomp.CheckPathsBetweenNodesTest#testCycles2,39.000000
3443,com.google.javascript.jscomp.TypeCheckTest#testDuplicateInstanceMethod1,1041.000000
3444,com.google.javascript.jscomp.CollapsePropertiesTest#testChainedVarAssignments3,845.000000
3445,com.google.javascript.jscomp.NameAnalyzerTest#testNoRemoveWindowPropertyAlias4a,814.000000
3446,com.google.javascript.jscomp.ExploitAssignsTest#testBadCollapse,583.000000
3447,com.google.javascript.jscomp.FunctionInjectorTest#testCanInlineReferenceToFunctionInExpression13,342.000000
3448,com.google.javascript.jscomp.parsing.JsDocInfoParserTest#testParseLends4,256.000000
3449,com.google.javascript.jscomp.CheckPathsBetweenNodesTest#testCycles3,39.000000
3450,com.google.javascript.jscomp.TypeCheckTest#testDuplicateInstanceMethod2,1061.000000
3451,com.google.javascript.jscomp.CollapsePropertiesTest#testChainedVarAssignments4,828.000000
3452,com.google.javascript.jscomp.NameAnalyzerTest#testNoRemoveWindowPropertyAlias5a,803.000000
3453,com.google.javascript.jscomp.ExploitAssignsTest#testExprExploitationTypes,596.000000
3454,com.google.javascript.jscomp.FunctionInjectorTest#testCanInlineReferenceToFunctionInExpression14,337.000000
3455,com.google.javascript.jscomp.parsing.JsDocInfoParserTest#testParseLends5,256.000000
3456,com.google.javascript.jscomp.CheckPathsBetweenNodesTest#testManyValidPaths,39.000000
3457,com.google.javascript.jscomp.TypeCheckTest#testDuplicateInstanceMethod3,1062.000000
3458,com.google.javascript.jscomp.CollapsePropertiesTest#testChainedVarAssignments5,847.000000
3459,com.google.javascript.jscomp.NameAnalyzerTest#testNoRemoveWindowPropertyAlias6a,839.000000
3460,com.google.javascript.jscomp.ExploitAssignsTest#testBug1840071,605.000000
3461,com.google.javascript.jscomp.FunctionInjectorTest#testCanInlineReferenceToFunctionInExpression18,338.000000
3462,com.google.javascript.jscomp.parsing.JsDocInfoParserTest#testParseLends6,286.000000
3463,com.google.javascript.jscomp.CheckPathsBetweenNodesTest#testSimple,40.000000
3464,com.google.javascript.jscomp.TypeCheckTest#testDuplicateInstanceMethod4,1042.000000
3465,com.google.javascript.jscomp.NameAnalyzerTest#testNoRemoveWindowPropertyAlias7a,846.000000
3466,com.google.javascript.jscomp.CollapsePropertiesTest#testReadUndefinedPropertyDepth1,828.000000
3467,com.google.javascript.jscomp.ProcessDefinesTest#testCompiledIsKnownDefine,536.000000
3468,com.google.javascript.jscomp.FunctionInjectorTest#testCanInlineReferenceToFunctionInExpression19,327.000000
3469,com.google.javascript.jscomp.parsing.JsDocInfoParserTest#testParseLends7,305.000000
3470,com.google.javascript.jscomp.CheckPathsBetweenNodesTest#testSomePathRevisiting,39.000000
3471,com.google.javascript.jscomp.TypeCheckTest#testDuplicateInstanceMethod5,1086.000000
3472,com.google.javascript.jscomp.CollapsePropertiesTest#testReadUndefinedPropertyDepth2,850.000000
3473,com.google.javascript.jscomp.NameAnalyzerTest#testRemoveLabeledStatment2,843.000000
3474,com.google.javascript.jscomp.ProcessDefinesTest#testWithNoDefines,635.000000
3475,com.google.javascript.jscomp.FunctionInjectorTest#testCanInlineReferenceToFunctionInExpression21,339.000000
3476,com.google.javascript.jscomp.parsing.JsDocInfoParserTest#testParseImplementsGenerics,329.000000
3477,com.google.javascript.jscomp.LightweightMessageFormatterTest#testNull,6.000000
3478,com.google.javascript.jscomp.TypeCheckTest#testIn1,1043.000000
3479,com.google.javascript.jscomp.CollapsePropertiesTest#testIssue389,868.000000
3480,com.google.javascript.jscomp.NameAnalyzerTest#testRemoveLabeledStatment3,805.000000
3481,com.google.javascript.jscomp.MarkNoSideEffectCallsTest#testAnnotationInExterns,711.000000
3482,com.google.javascript.jscomp.FunctionInjectorTest#testCanInlineReferenceToFunctionInExpression22,327.000000
3483,com.google.javascript.jscomp.parsing.JsDocInfoParserTest#testWhitelistedNewAnnotations,256.000000
3484,com.google.javascript.jscomp.LightweightMessageFormatterTest#testFormatErrorTabs,29.000000
3485,com.google.javascript.jscomp.TypeCheckTest#testIn2,1044.000000
3486,com.google.javascript.jscomp.CollapsePropertiesTest#testObjectPropertySetToObjLitConditionally,871.000000
3487,com.google.javascript.jscomp.NameAnalyzerTest#testRemoveLabeledStatment4,851.000000
3488,com.google.javascript.jscomp.MarkNoSideEffectCallsTest#testCall1,710.000000
3489,com.google.javascript.jscomp.FunctionInjectorTest#testCanInlineReferenceToFunctionInExpression23,338.000000
3490,com.google.javascript.jscomp.parsing.JsDocInfoParserTest#testParseFunctionalTypeError10,282.000000
3491,com.google.javascript.jscomp.LightweightMessageFormatterTest#testTwoEmptyLines,10.000000
3492,com.google.javascript.jscomp.TypeCheckTest#testIn3,1039.000000
3493,com.google.javascript.jscomp.NameAnalyzerTest#testReferredToByWindow,849.000000
3494,com.google.javascript.jscomp.CollapsePropertiesTest#testDelete10,833.000000
3495,com.google.javascript.jscomp.MarkNoSideEffectCallsTest#testCall2,711.000000
3496,com.google.javascript.jscomp.FunctionInjectorTest#testCanInlineReferenceToFunctionInExpression5a,336.000000
3497,com.google.javascript.jscomp.parsing.JsDocInfoParserTest#testParseFunctionalTypeError11,278.000000
3498,com.google.javascript.jscomp.LightweightMessageFormatterTest#testThreeLineRegionAcrossNumberRange,10.000000
3499,com.google.javascript.jscomp.TypeCheckTest#testIn5,1067.000000
3500,com.google.javascript.jscomp.NameAnalyzerTest#testSetterInWhilePredicate,874.000000
3501,com.google.javascript.jscomp.CollapsePropertiesTest#testDelete11,854.000000
3502,com.google.javascript.jscomp.MarkNoSideEffectCallsTest#testAssignNoFunction,734.000000
3503,com.google.javascript.jscomp.FunctionInjectorTest#testCanInlineReferenceToFunctionInExpression7a,336.000000
3504,com.google.javascript.jscomp.parsing.JsDocInfoParserTest#testParseFunctionalTypeError12,329.000000
3505,com.google.javascript.jscomp.LightweightMessageFormatterTest#testOnlyOneEmptyLine,8.000000
3506,com.google.javascript.jscomp.TypeCheckTest#testIn6,1116.000000
3507,com.google.javascript.jscomp.CollapsePropertiesTest#testGlobalWriteToAncestor,843.000000
3508,com.google.javascript.jscomp.NameAnalyzerTest#testComplexNestedAssigns1,837.000000
3509,com.google.javascript.jscomp.MarkNoSideEffectCallsTest#testFunctionAnnotation,727.000000
3510,com.google.javascript.jscomp.FunctionInjectorTest#testCanInlineReferenceToFunction12b,337.000000
3511,com.google.javascript.jscomp.parsing.JsDocInfoParserTest#testParseNamedType1,294.000000
3512,com.google.javascript.jscomp.LightweightMessageFormatterTest#testTwoLineRegion,10.000000
3513,com.google.javascript.jscomp.TypeCheckTest#testIn7,1150.000000
3514,com.google.javascript.jscomp.NameAnalyzerTest#testComplexNestedAssigns2,858.000000
3515,com.google.javascript.jscomp.CollapsePropertiesTest#testRenamePrefixOfUncollapsibleProperty,837.000000
3516,com.google.javascript.jscomp.MarkNoSideEffectCallsTest#testNamespaceAnnotationInExterns,714.000000
3517,com.google.javascript.jscomp.SyntacticScopeCreatorTest#testRedeclaration3,323.000000
3518,com.google.javascript.jscomp.parsing.JsDocInfoParserTest#testParseNamedType2,313.000000
3519,com.google.javascript.jscomp.LightweightMessageFormatterTest#testThreeLineRemoveLastEmptyLine,10.000000
3520,com.google.javascript.jscomp.TypeCheckTest#testOr1,1065.000000
3521,com.google.javascript.jscomp.NameAnalyzerTest#testComplexNestedAssigns3,854.000000
3522,com.google.javascript.jscomp.CollapsePropertiesTest#testNestedObjLit,851.000000
3523,com.google.javascript.jscomp.MarkNoSideEffectCallsTest#testNamespaceAnnotation,740.000000
3524,com.google.javascript.jscomp.parsing.JsDocInfoParserTest#testParseNamedType3,314.000000
3525,com.google.javascript.jscomp.SyntacticScopeCreatorTest#testFunctionScope,275.000000
3526,com.google.javascript.jscomp.LightweightMessageFormatterTest#testFormatErrorSpaceEndOfLine1,20.000000
3527,com.google.javascript.jscomp.TypeCheckTest#testOr2,1091.000000
3528,com.google.javascript.jscomp.NameAnalyzerTest#testComplexNestedAssigns4,832.000000
3529,com.google.javascript.jscomp.CollapsePropertiesTest#testBug1704733,822.000000
3530,com.google.javascript.jscomp.MarkNoSideEffectCallsTest#testOverrideDefinitionInSource,740.000000
3531,com.google.javascript.jscomp.parsing.JsDocInfoParserTest#testParseNamedType4,314.000000
3532,com.google.javascript.jscomp.SyntacticScopeCreatorTest#testFunctionScopeArguments,301.000000
3533,com.google.javascript.jscomp.LightweightMessageFormatterTest#testFormatErrorSpaceEndOfLine2,20.000000
3534,com.google.javascript.jscomp.TypeCheckTest#testOr3,1089.000000
3535,com.google.javascript.jscomp.NameAnalyzerTest#testAssignmentToThisPrototype,860.000000
3536,com.google.javascript.jscomp.CollapsePropertiesTest#testObjLitDefinedInLocalScopeIsLeftAlone,856.000000
3537,com.google.javascript.jscomp.MarkNoSideEffectCallsTest#testInvalidAnnotation1,652.000000
3538,com.google.javascript.jscomp.parsing.JsDocInfoParserTest#testParseNamedType5,342.000000
3539,com.google.javascript.jscomp.SyntacticScopeCreatorTest#testScopeRootNode,276.000000
3540,com.google.javascript.jscomp.LightweightMessageFormatterTest#testOneLineRegion,10.000000
3541,com.google.javascript.jscomp.TypeCheckTest#testOr4,1097.000000
3542,com.google.javascript.jscomp.NameAnalyzerTest#testPreservePropertyMutationsToAlias1,828.000000
3543,com.google.javascript.jscomp.CollapsePropertiesTest#testBug1956277,824.000000
3544,com.google.javascript.jscomp.MarkNoSideEffectCallsTest#testInvalidAnnotation2,652.000000
3545,com.google.javascript.jscomp.parsing.JsDocInfoParserTest#testParseNamedType6,343.000000
3546,com.google.javascript.jscomp.ClosureCodingConventionTest#testInheritanceDetection1,258.000000
3547,com.google.javascript.jscomp.JsMessageVisitorTest#testToLowerCamelCaseWithNumericSuffixes,6.000000
3548,com.google.javascript.jscomp.TypeCheckTest#testOr5,1098.000000
3549,com.google.javascript.jscomp.CollapsePropertiesTest#testBug1974371,877.000000
3550,com.google.javascript.jscomp.NameAnalyzerTest#testPreservePropertyMutationsToAlias2,838.000000
3551,com.google.javascript.jscomp.MarkNoSideEffectCallsTest#testInvalidAnnotation3,650.000000
3552,com.google.javascript.jscomp.parsing.JsDocInfoParserTest#testParseJavaDispatch2,269.000000
3553,com.google.javascript.jscomp.ClosureCodingConventionTest#testInheritanceDetection2,263.000000
3554,com.google.javascript.jscomp.JsMessageVisitorTest#testIsValidMessageNameLegacy,9.000000
3555,com.google.javascript.jscomp.TypeCheckTest#testObjectLiteral,1072.000000
3556,com.google.javascript.jscomp.NameAnalyzerTest#testPreservePropertyMutationsToAlias3,828.000000
3557,com.google.javascript.jscomp.CollapsePropertiesTest#testObjLitRedefinedInGlobalScope,818.000000
3558,com.google.javascript.jscomp.MarkNoSideEffectCallsTest#testInvalidAnnotation4,670.000000
3559,com.google.javascript.jscomp.parsing.JsDocInfoParserTest#testParseJavaDispatch3,271.000000
3560,com.google.javascript.jscomp.ClosureCodingConventionTest#testInheritanceDetection3,263.000000
3561,com.google.javascript.jscomp.JsMessageVisitorTest#testIsValidMessageNameStrict,9.000000
3562,com.google.javascript.jscomp.TypeCheckTest#testOptionalAllType,1083.000000
3563,com.google.javascript.jscomp.CollapsePropertiesTest#testLocalWriteToNonAncestor,904.000000
3564,com.google.javascript.jscomp.NameAnalyzerTest#testPreservePropertyMutationsToAlias4,835.000000
3565,com.google.javascript.jscomp.MarkNoSideEffectCallsTest#testInvalidAnnotation5,670.000000
3566,com.google.javascript.jscomp.parsing.JsDocInfoParserTest#testParseParam1,302.000000
3567,com.google.javascript.jscomp.ClosureCodingConventionTest#testInheritanceDetection4,263.000000
3568,com.google.javascript.jscomp.MemoizedScopeCreatorTest#testMemoization,126.000000
3569,com.google.javascript.jscomp.TypeCheckTest#testAnonymousType1,1105.000000
3570,com.google.javascript.jscomp.NameAnalyzerTest#testPreservePropertyMutationsToAlias5,898.000000
3571,com.google.javascript.jscomp.CollapsePropertiesTest#testPropertiesOnBothSidesOfAssignment,846.000000
3572,com.google.javascript.jscomp.MarkNoSideEffectCallsTest#testConstructorAnnotation,730.000000
3573,com.google.javascript.jscomp.parsing.JsDocInfoParserTest#testParseParam2,273.000000
3574,com.google.javascript.jscomp.ClosureCodingConventionTest#testInheritanceDetection5,263.000000
3575,com.google.javascript.jscomp.CompilerTest#testCodeBuilderAppend,4.000000
3576,com.google.javascript.jscomp.TypeCheckTest#testAnonymousType2,1114.000000
3577,com.google.javascript.jscomp.NameAnalyzerTest#testPreservePropertyMutationsToAlias6,898.000000
3578,com.google.javascript.jscomp.RemoveUnusedVarsTest#testRemoveInheritedClass12,779.000000
3579,com.google.javascript.jscomp.MarkNoSideEffectCallsTest#testMultipleDefinition,725.000000
3580,com.google.javascript.jscomp.parsing.JsDocInfoParserTest#testParseParam3,302.000000
3581,com.google.javascript.jscomp.ClosureCodingConventionTest#testInheritanceDetection6,262.000000
3582,com.google.javascript.jscomp.JsMessageExtractorTest#testSyntaxError2,254.000000
3583,com.google.javascript.jscomp.TypeCheckTest#testAnonymousType3,1136.000000
3584,com.google.javascript.jscomp.NameAnalyzerTest#testPreservePropertyMutationsToAlias7,856.000000
3585,com.google.javascript.jscomp.RemoveUnusedVarsTest#testRemoveSingletonClass1,742.000000
3586,com.google.javascript.jscomp.MarkNoSideEffectCallsTest#testApply1,710.000000
3587,com.google.javascript.jscomp.parsing.JsDocInfoParserTest#testParseParam4,273.000000
3588,com.google.javascript.jscomp.ClosureCodingConventionTest#testInheritanceDetection7,262.000000
3589,com.google.javascript.jscomp.VariableMapTest#testToBytes,3.000000
3590,com.google.javascript.jscomp.TypeCheckTest#testHookRestrictsType1,1117.000000
3591,com.google.javascript.jscomp.NameAnalyzerTest#testPreservePropertyMutationsToAlias8,865.000000
3592,com.google.javascript.jscomp.RemoveUnusedVarsTest#testRemoveInheritedClass1,773.000000
3593,com.google.javascript.jscomp.MarkNoSideEffectCallsTest#testApply2,711.000000
3594,com.google.javascript.jscomp.parsing.JsDocInfoParserTest#testParseParam5,302.000000
3595,com.google.javascript.jscomp.ClosureCodingConventionTest#testInheritanceDetection8,260.000000
3596,com.google.javascript.jscomp.VariableMapTest#testFileFormat1,3.000000
3597,com.google.javascript.jscomp.TypeCheckTest#testHookRestrictsType2,1063.000000
3598,com.google.javascript.jscomp.NameAnalyzerTest#testPreservePropertyMutationsToAlias9,847.000000
3599,com.google.javascript.jscomp.RemoveUnusedVarsTest#testRemoveInheritedClass2,741.000000
3600,com.google.javascript.jscomp.SimpleFunctionAliasAnalysisTest#testFunctionGetIsAliased,681.000000
3601,com.google.javascript.jscomp.parsing.JsDocInfoParserTest#testParseParam6,303.000000
3602,com.google.javascript.jscomp.ClosureCodingConventionTest#testInheritanceDetectionPostCollapseProperties,259.000000
3603,com.google.javascript.jscomp.VariableMapTest#testFromBytes,8.000000
3604,com.google.javascript.jscomp.TypeCheckTest#testHookRestrictsType3,1069.000000
3605,com.google.javascript.jscomp.NameAnalyzerTest#testNoRemovePrototypeDefinitionsOutsideGlobalScope1,873.000000
3606,com.google.javascript.jscomp.ChainCallsTest#testSimpleDefinitionFinder2,781.000000
3607,com.google.javascript.jscomp.RemoveUnusedVarsTest#testRemoveInheritedClass3,764.000000
3608,com.google.javascript.jscomp.parsing.JsDocInfoParserTest#testParseParam7,309.000000
3609,com.google.javascript.jscomp.ClosureCodingConventionTest#testInheritanceDetection10,264.000000
3610,com.google.javascript.jscomp.VariableMapTest#testCycle1,7.000000
3611,com.google.javascript.jscomp.TypeCheckTest#testHookRestrictsType5,1083.000000
3612,com.google.javascript.jscomp.NameAnalyzerTest#testNoRemovePrototypeDefinitionsOutsideGlobalScope2,874.000000
3613,com.google.javascript.jscomp.ChainCallsTest#testDifferentInstance,773.000000
3614,com.google.javascript.jscomp.RemoveUnusedVarsTest#testRemoveInheritedClass4,764.000000
3615,com.google.javascript.jscomp.parsing.JsDocInfoParserTest#testParseParam8,309.000000
3616,com.google.javascript.jscomp.ClosureCodingConventionTest#testInheritanceDetection11,261.000000
3617,com.google.javascript.jscomp.deps.SortedDependenciesTest#testSort4,8.000000
3618,com.google.javascript.jscomp.TypeCheckTest#testHookRestrictsType6,1088.000000
3619,com.google.javascript.jscomp.NameAnalyzerTest#testNoRemovePrototypeDefinitionsOutsideGlobalScope4,870.000000
3620,com.google.javascript.jscomp.ChainCallsTest#testSimpleDefinitionFinder,783.000000
3621,com.google.javascript.jscomp.RemoveUnusedVarsTest#testRemoveInheritedClass5,775.000000
3622,com.google.javascript.jscomp.parsing.JsDocInfoParserTest#testParseParam9,276.000000
3623,com.google.javascript.jscomp.ClosureCodingConventionTest#testInheritanceDetection12,261.000000
3624,com.google.javascript.jscomp.deps.SortedDependenciesTest#testSort5,8.000000
3625,com.google.javascript.jscomp.TypeCheckTest#testHookRestrictsType7,1088.000000
3626,com.google.javascript.jscomp.NameAnalyzerTest#testNoRemovePrototypeDefinitionsOutsideGlobalScope5,866.000000
3627,com.google.javascript.jscomp.ChainCallsTest#testUnchainedCalls,790.000000
3628,com.google.javascript.jscomp.RemoveUnusedVarsTest#testRemoveInheritedClass6,784.000000
3629,com.google.javascript.jscomp.parsing.JsDocInfoParserTest#testParseAllType1,303.000000
3630,com.google.javascript.jscomp.ClosureCodingConventionTest#testInheritanceDetection13,261.000000
3631,com.google.javascript.jscomp.deps.SortedDependenciesTest#testSort,10.000000
3632,com.google.javascript.jscomp.TypeCheckTest#testUnionTemplateThisType,1174.000000
3633,com.google.javascript.jscomp.NameAnalyzerTest#testIssue838a,832.000000
3634,com.google.javascript.jscomp.RemoveUnusedVarsTest#testRemoveInheritedClass7,786.000000
3635,com.google.javascript.jscomp.InlineVariablesTest#testInlineStringWhenWorthwhile,740.000000
3636,com.google.javascript.jscomp.parsing.JsDocInfoParserTest#testParseAllType2,311.000000
3637,com.google.javascript.jscomp.ClosureCodingConventionTest#testInheritanceDetection14,273.000000
3638,com.google.javascript.jscomp.deps.JsFileParserTest#testParseFile,30.000000
3639,com.google.javascript.jscomp.TypeCheckTest#testConstructorType1,1073.000000
3640,com.google.javascript.jscomp.NameAnalyzerTest#testIssue838b,828.000000
3641,com.google.javascript.jscomp.InlineVariablesTest#testInlineParameterAlias1,758.000000
3642,com.google.javascript.jscomp.RemoveUnusedVarsTest#testRemoveInheritedClass8,740.000000
3643,com.google.javascript.jscomp.parsing.JsDocInfoParserTest#testParseDateType,325.000000
3644,com.google.javascript.jscomp.CodePrinterTest#testBreakUntrustedStrings,290.000000
3645,com.google.javascript.jscomp.deps.JsFileParserTest#testIncludeGoog1,30.000000
3646,com.google.javascript.jscomp.TypeCheckTest#testConstructorType2,1089.000000
3647,com.google.javascript.jscomp.NameAnalyzerTest#testIssue874a,855.000000
3648,com.google.javascript.jscomp.RemoveUnusedVarsTest#testRemoveInheritedClass9,771.000000
3649,com.google.javascript.jscomp.InlineVariablesTest#testInlineParameterAlias2,767.000000
3650,com.google.javascript.jscomp.CodePrinterTest#testFunctionSafariCompatiblity,339.000000
3651,com.google.javascript.jscomp.parsing.JsDocInfoParserTest#testParseNullableModifiers1,326.000000
3652,com.google.javascript.jscomp.deps.JsFileParserTest#testIncludeGoog2,31.000000
3653,com.google.javascript.jscomp.TypeCheckTest#testConstructorType3,1089.000000
3654,com.google.javascript.jscomp.NameAnalyzerTest#testIssue874b,862.000000
3655,com.google.javascript.jscomp.NormalizeTest#testRenamingConstants,724.000000
3656,com.google.javascript.jscomp.InlineVariablesTest#testNoInlineBackwards,697.000000
3657,com.google.javascript.jscomp.parsing.JsDocInfoParserTest#testParseNullableModifiers2,353.000000
3658,com.google.javascript.jscomp.CodePrinterTest#testNegCollapse,308.000000
3659,com.google.javascript.jscomp.deps.JsFileParserTest#testIncludeGoog3,31.000000
3660,com.google.javascript.jscomp.TypeCheckTest#testConstructorType4,1097.000000
3661,com.google.javascript.jscomp.NameAnalyzerTest#testIssue874c,859.000000
3662,com.google.javascript.jscomp.NormalizeTest#testRenamingConstantProperties,809.000000
3663,com.google.javascript.jscomp.InlineVariablesTest#testInlineFunctionDeclaration,777.000000
3664,com.google.javascript.jscomp.CodePrinterTest#testLineBreak,354.000000
3665,com.google.javascript.jscomp.parsing.JsDocInfoParserTest#testParseNullableModifiers3,350.000000
3666,com.google.javascript.jscomp.deps.JsFileParserTest#testIncludeGoog4,30.000000
3667,com.google.javascript.jscomp.TypeCheckTest#testConstructorType5,1069.000000
3668,com.google.javascript.jscomp.NameAnalyzerTest#testIssue874d,861.000000
3669,com.google.javascript.jscomp.InlineVariablesTest#testUnreferencedBleedingFunction,723.000000
3670,com.google.javascript.jscomp.NormalizeTest#testDuplicateVarInExterns,703.000000
3671,com.google.javascript.jscomp.parsing.JsDocInfoParserTest#testParseNullableModifiers4,332.000000
3672,com.google.javascript.jscomp.CodePrinterTest#testHook,313.000000
3673,com.google.javascript.jscomp.deps.JsFileParserTest#testMultiplePerLine,30.000000
3674,com.google.javascript.jscomp.TypeCheckTest#testConstructorType6,1043.000000
3675,com.google.javascript.jscomp.NameAnalyzerTest#testDoNotChangeReferencedLocalScopedInstanceOf,887.000000
3676,com.google.javascript.jscomp.InlineVariablesTest#testInsideHookBranch,734.000000
3677,com.google.javascript.jscomp.NormalizeTest#testExposeSimple,734.000000
3678,com.google.javascript.jscomp.parsing.JsDocInfoParserTest#testParseNullableModifiers5,332.000000
3679,com.google.javascript.jscomp.CodePrinterTest#testZero,303.000000
3680,com.google.javascript.jscomp.deps.JsFileParserTest#testShortcutMode1,30.000000
3681,com.google.javascript.jscomp.TypeCheckTest#testConstructorType7,1036.000000
3682,com.google.javascript.jscomp.NameAnalyzerTest#testNoRemoveWindowPropertyAlias1,835.000000
3683,com.google.javascript.jscomp.InlineVariablesTest#testInlineIntoFunction,770.000000
3684,com.google.javascript.jscomp.CodePrinterTest#testLineLength,333.000000
3685,com.google.javascript.jscomp.parsing.JsDocInfoParserTest#testParseNullableModifiers6,332.000000
3686,com.google.javascript.jscomp.deps.JsFileParserTest#testShortcutMode2,30.000000
3687,com.google.javascript.jscomp.TypeCheckTest#testConstructorType8,1198.000000
3688,com.google.javascript.jscomp.NameAnalyzerTest#testNoRemoveWindowPropertyAlias2,835.000000
3689,com.google.javascript.jscomp.InlineVariablesTest#testNoInlineAliasesInLoop,798.000000
3690,com.google.javascript.jscomp.parsing.JsDocInfoParserTest#testParseNullableModifiers7,332.000000
3691,com.google.javascript.jscomp.CodePrinterTest#testPrettyPrinter2,330.000000
3692,com.google.javascript.jscomp.deps.JsFileParserTest#testShortcutMode3,30.000000
3693,com.google.javascript.jscomp.TypeCheckTest#testFilter0,1126.000000
3694,com.google.javascript.jscomp.NameAnalyzerTest#testNoRemoveWindowPropertyAlias3,842.000000
3695,com.google.javascript.jscomp.InlineVariablesTest#testNoInlineOutOfBranch,721.000000
3696,com.google.javascript.jscomp.CodePrinterTest#testPrettyPrinter4,348.000000
3697,com.google.javascript.jscomp.parsing.JsDocInfoParserTest#testParseNullableModifiers8,332.000000
3698,com.google.javascript.jscomp.deps.DepsFileParserTest#testTooFewArgs,35.000000
3699,com.google.javascript.jscomp.TypeCheckTest#testFilter1,1135.000000
3700,com.google.javascript.jscomp.NameAnalyzerTest#testNoRemoveWindowPropertyAlias4,823.000000
3701,com.google.javascript.jscomp.InlineVariablesTest#testRecursiveFunction1,765.000000
3702,com.google.javascript.jscomp.parsing.JsDocInfoParserTest#testParseNullableModifiers9,344.000000
3703,com.google.javascript.jscomp.CodePrinterTest#testObjectLit,340.000000
3704,com.google.javascript.jscomp.deps.DepsFileParserTest#testShortcutMode,29.000000
3705,com.google.javascript.jscomp.TypeCheckTest#testFilter3,1167.000000
3706,com.google.javascript.jscomp.NameAnalyzerTest#testNoRemoveWindowPropertyAlias5,805.000000
3707,com.google.javascript.jscomp.InlineVariablesTest#testRecursiveFunction2,732.000000
3708,com.google.javascript.jscomp.CodePrinterTest#testLiteralProperty,315.000000
3709,com.google.javascript.jscomp.parsing.JsDocInfoParserTest#testSeeMissing,280.000000
3710,com.google.javascript.jscomp.deps.DepsFileParserTest#testGoodParse,31.000000
3711,com.google.javascript.jscomp.TypeCheckTest#testTypeof3,1102.000000
3712,com.google.javascript.jscomp.NameAnalyzerTest#testNoRemoveWindowPropertyAlias6,843.000000
3713,com.google.javascript.jscomp.InlineVariablesTest#testNoInlineAliases1b,768.000000
3714,com.google.javascript.jscomp.CodePrinterTest#testStringEscapeSequences,309.000000
3715,com.google.javascript.jscomp.parsing.JsDocInfoParserTest#testParseBlockComment3,294.000000
3716,com.google.javascript.jscomp.deps.JsFunctionParserTest#testMultiplePerLine,29.000000
3717,com.google.javascript.jscomp.TypeCheckTest#testInheritanceCheck1,1050.000000
3718,com.google.javascript.jscomp.NameAnalyzerTest#testNoRemoveWindowPropertyAlias7,850.000000
3719,com.google.javascript.jscomp.InlineVariablesTest#testNoInlineAliases2b,776.000000
3720,com.google.javascript.jscomp.parsing.JsDocInfoParserTest#testParseParametrizedType1,348.000000
3721,com.google.javascript.jscomp.CodePrinterTest#testUnicode,305.000000
3722,com.google.javascript.jscomp.deps.JsFunctionParserTest#testShortcutMode1,29.000000
3723,com.google.javascript.jscomp.TypeCheckTest#testInheritanceCheck2,1069.000000
3724,com.google.javascript.jscomp.NameAnalyzerTest#testSetCreatingReference,859.000000
3725,com.google.javascript.jscomp.InlineVariablesTest#testNoInlineAliases3b,802.000000
3726,com.google.javascript.jscomp.parsing.JsDocInfoParserTest#testParseParametrizedType2,348.000000
3727,com.google.javascript.jscomp.CodePrinterTest#testPrintArray,310.000000
3728,com.google.javascript.jscomp.deps.JsFunctionParserTest#testShortcutMode2,29.000000
3729,com.google.javascript.jscomp.TypeCheckTest#testInheritanceCheck3,1067.000000
3730,com.google.javascript.jscomp.NameAnalyzerTest#testConditionallyDefinedFunction1,820.000000
3731,com.google.javascript.jscomp.InlineVariablesTest#testNoInlineAliases4b,777.000000
3732,com.google.javascript.jscomp.parsing.JsDocInfoParserTest#testParseParametrizedType3,359.000000
3733,com.google.javascript.jscomp.CodePrinterTest#testNumericKeys,328.000000
3734,com.google.javascript.jscomp.deps.JsFunctionParserTest#testShortcutMode3,29.000000
3735,com.google.javascript.jscomp.TypeCheckTest#testInheritanceCheck4,1053.000000
3736,com.google.javascript.jscomp.NameAnalyzerTest#testConditionallyDefinedFunction2,829.000000
3737,com.google.javascript.jscomp.InlineVariablesTest#testNoInlineAliases5b,772.000000
3738,com.google.javascript.jscomp.CodePrinterTest#testPrintInOperatorInForLoop,372.000000
3739,com.google.javascript.jscomp.parsing.JsDocInfoParserTest#testParseParametrizedType4,360.000000
3740,com.google.javascript.jscomp.deps.JsFileLineParserTest#testMixedLine1,19.000000
3741,com.google.javascript.jscomp.TypeCheckTest#testInheritanceCheck5,1067.000000
3742,com.google.javascript.jscomp.NameAnalyzerTest#testConditionallyDefinedFunction3,871.000000
3743,com.google.javascript.jscomp.InlineVariablesTest#testNoInlineAliases6b,776.000000
3744,com.google.javascript.jscomp.parsing.JsDocInfoParserTest#testParseParametrizedType5,360.000000
3745,com.google.javascript.jscomp.CodePrinterTest#testDirectEval,310.000000
3746,com.google.javascript.jscomp.deps.JsFileLineParserTest#testMixedLine2,19.000000
3747,com.google.javascript.jscomp.TypeCheckTest#testInheritanceCheck6,1053.000000
3748,com.google.javascript.jscomp.NameAnalyzerTest#testExtern,806.000000
3749,com.google.javascript.jscomp.InlineVariablesTest#testNoInlineAliases7b,801.000000
3750,com.google.javascript.jscomp.parsing.JsDocInfoParserTest#testParseParametrizedType6,360.000000
3751,com.google.javascript.jscomp.CodePrinterTest#testDoLoopIECompatiblity,358.000000
3752,com.google.javascript.jscomp.deps.JsFileLineParserTest#testMultiLine1,19.000000
3753,com.google.javascript.jscomp.TypeCheckTest#testInheritanceCheck7,1078.000000
3754,com.google.javascript.jscomp.NameAnalyzerTest#testAssignWithHook1,865.000000
3755,com.google.javascript.jscomp.InlineVariablesTest#testNoInlineAliases8b,777.000000
3756,com.google.javascript.jscomp.parsing.JsDocInfoParserTest#testParseParametrizedType7,367.000000
3757,com.google.javascript.jscomp.CodePrinterTest#testArrayLiteral,299.000000
3758,com.google.javascript.jscomp.deps.JsFileLineParserTest#testMultiLine2,19.000000
3759,com.google.javascript.jscomp.TypeCheckTest#testInheritanceCheck8,1080.000000
3760,com.google.javascript.jscomp.NameAnalyzerTest#testAssignWithHook2,820.000000
3761,com.google.javascript.jscomp.InlineVariablesTest#testInlineIntoLoops,780.000000
3762,com.google.javascript.jscomp.parsing.JsDocInfoParserTest#testParseParametrizedType8,362.000000
3763,com.google.javascript.jscomp.CodePrinterTest#testFunctionWithCall,354.000000
3764,com.google.javascript.jscomp.deps.JsFileLineParserTest#testMultiLine3,19.000000
3765,com.google.javascript.jscomp.TypeCheckTest#testNoPersistentTypeInferenceForFunctionProperties,1117.000000
3766,com.google.javascript.jscomp.NameAnalyzerTest#testAssignWithHook3,891.000000
3767,com.google.javascript.jscomp.InlineVariablesTest#testInlineIntoTryCatch,754.000000
3768,com.google.javascript.jscomp.parsing.JsDocInfoParserTest#testParseParametrizedType9,359.000000
3769,com.google.javascript.jscomp.CodePrinterTest#testFreeCall1,309.000000
3770,com.google.javascript.jscomp.deps.JsFileLineParserTest#testMultiLine4,19.000000
3771,com.google.javascript.jscomp.TypeCheckTest#testAdd10,1081.000000
3772,com.google.javascript.jscomp.NameAnalyzerTest#testAssignWithHook4,839.000000
3773,com.google.javascript.jscomp.InlineVariablesTest#testDoNotExitTry,744.000000
3774,com.google.javascript.jscomp.CodePrinterTest#testFreeCall2,302.000000
3775,com.google.javascript.jscomp.parsing.JsDocInfoParserTest#testModifies1,271.000000
3776,com.google.javascript.jscomp.deps.JsFileLineParserTest#testMultiLine5,19.000000
3777,com.google.javascript.jscomp.TypeCheckTest#testAdd11,1081.000000
3778,com.google.javascript.jscomp.NameAnalyzerTest#testAssignWithHook5,891.000000
3779,com.google.javascript.jscomp.InlineVariablesTest#testDoNotCrossIncrement,746.000000
3780,com.google.javascript.jscomp.CodePrinterTest#testFreeCall3,307.000000
3781,com.google.javascript.jscomp.parsing.JsDocInfoParserTest#testModifies2,271.000000
3782,com.google.javascript.jscomp.deps.JsFileLineParserTest#testMultiLine6,19.000000
3783,com.google.javascript.jscomp.TypeCheckTest#testAdd12,1118.000000
3784,com.google.javascript.jscomp.NameAnalyzerTest#testAssignWithHook6,839.000000
3785,com.google.javascript.jscomp.InlineVariablesTest#testForIn,795.000000
3786,com.google.javascript.jscomp.CodePrinterTest#testObjectLit2,328.000000
3787,com.google.javascript.jscomp.parsing.JsDocInfoParserTest#testModifies3,272.000000
3788,com.google.javascript.jscomp.deps.JsFileLineParserTest#testSingleLine1,19.000000
3789,com.google.javascript.jscomp.TypeCheckTest#testAdd13,1118.000000
3790,com.google.javascript.jscomp.NameAnalyzerTest#testAssignWithHook7,867.000000
3791,com.google.javascript.jscomp.InlineVariablesTest#testNoInlineAliases1,767.000000
3792,com.google.javascript.jscomp.CodePrinterTest#testObjectLit3,328.000000
3793,com.google.javascript.jscomp.parsing.JsDocInfoParserTest#testModifies5,295.000000
3794,com.google.javascript.jscomp.deps.JsFileLineParserTest#testSingleLine2,19.000000
3795,com.google.javascript.jscomp.TypeCheckTest#testAdd14,1076.000000
3796,com.google.javascript.jscomp.NameAnalyzerTest#testAssignWithHook8,874.000000
3797,com.google.javascript.jscomp.InlineVariablesTest#testNoInlineAliases2,773.000000
3798,com.google.javascript.jscomp.CodePrinterTest#testObjectLit4,326.000000
3799,com.google.javascript.jscomp.parsing.JsDocInfoParserTest#testModifies6,295.000000
3800,com.google.javascript.jscomp.CommandLineRunnerTest#testOnlyClosureDependenciesEmptyEntryPoints,159.000000
3801,com.google.javascript.jscomp.TypeCheckTest#testAdd15,1118.000000
3802,com.google.javascript.jscomp.NameAnalyzerTest#testAssignWithHook9,892.000000
3803,com.google.javascript.jscomp.InlineVariablesTest#testNoInlineAliases3,801.000000
3804,com.google.javascript.jscomp.CodePrinterTest#testIssue5746867,326.000000
3805,com.google.javascript.jscomp.parsing.JsDocInfoParserTest#testParseDefineErrors1,307.000000
3806,com.google.javascript.jscomp.GatherSideEffectSubexpressionsCallbackTest#testIllegalArgumentIfNotHook,34.000000
3807,com.google.javascript.jscomp.TypeCheckTest#testAdd16,1076.000000
3808,com.google.javascript.jscomp.NameAnalyzerTest#testDoNotChangeInstanceOfGetElem,871.000000
3809,com.google.javascript.jscomp.InlineVariablesTest#testNoInlineAliases4,774.000000
3810,com.google.javascript.jscomp.parsing.JsDocInfoParserTest#testParseDefineErrors3,291.000000
3811,com.google.javascript.jscomp.CodePrinterTest#testBreakTrustedStrings,290.000000
3812,com.google.javascript.jscomp.GatherSideEffectSubexpressionsCallbackTest#testIllegalArgumentIfHookKeepNeitherBranch,39.000000
3813,com.google.javascript.jscomp.TypeCheckTest#testAdd17,1076.000000
3814,com.google.javascript.jscomp.NameAnalyzerTest#testIfElse,839.000000
3815,com.google.javascript.jscomp.InlineVariablesTest#testNoInlineAliases5,771.000000
3816,com.google.javascript.jscomp.CodePrinterTest#testUnicodeKeyword,315.000000
3817,com.google.javascript.jscomp.parsing.JsDocInfoParserTest#testParseDefineErrors4,306.000000
3818,com.google.javascript.jscomp.GatherSideEffectSubexpressionsCallbackTest#testHook,198.000000
3819,com.google.javascript.jscomp.TypeCheckTest#testAdd18,1107.000000
3820,com.google.javascript.jscomp.NameAnalyzerTest#testAssignWithOr1,852.000000
3821,com.google.javascript.jscomp.InlineVariablesTest#testNoInlineAliases6,773.000000
3822,com.google.javascript.jscomp.CodePrinterTest#testCommaSpacing,323.000000
3823,com.google.javascript.jscomp.parsing.JsDocInfoParserTest#testParseDefineErrors5,304.000000
3824,com.google.javascript.jscomp.GatherSideEffectSubexpressionsCallbackTest#testIllegalArgumentIfNotAndOr,35.000000
3825,com.google.javascript.jscomp.TypeCheckTest#testAdd19,1054.000000
3826,com.google.javascript.jscomp.NameAnalyzerTest#testAssignWithOr2,832.000000
3827,com.google.javascript.jscomp.InlineVariablesTest#testNoInlineAliases7,798.000000
3828,com.google.javascript.jscomp.parsing.JsDocInfoParserTest#testParseDefineErrors7,309.000000
3829,com.google.javascript.jscomp.CodePrinterTest#testExponents,286.000000
3830,com.google.javascript.jscomp.GatherSideEffectSubexpressionsCallbackTest#testIllegalArgumentIfNoSideEffectAndOr,64.000000
3831,com.google.javascript.jscomp.TypeCheckTest#testAdd20,1054.000000
3832,com.google.javascript.jscomp.NameAnalyzerTest#testMixin1,872.000000
3833,com.google.javascript.jscomp.InlineVariablesTest#testNoInlineAliases8,774.000000
3834,com.google.javascript.jscomp.CodePrinterTest#testGetter,352.000000
3835,com.google.javascript.jscomp.parsing.JsDocInfoParserTest#testParseDefineErrors8,308.000000
3836,com.google.javascript.jscomp.DotFormatterTest#testKeyAssignementOncePerNode,12.000000
3837,com.google.javascript.jscomp.TypeCheckTest#testAdd21,1056.000000
3838,com.google.javascript.jscomp.NameAnalyzerTest#testMixin2,867.000000
3839,com.google.javascript.jscomp.InlineVariablesTest#testOverlappingInlines,800.000000
3840,com.google.javascript.jscomp.CodePrinterTest#testIssue582,307.000000
3841,com.google.javascript.jscomp.parsing.JsDocInfoParserTest#testParseParamError1,265.000000
3842,com.google.javascript.jscomp.DotFormatterTest#testToDot3Elements,19.000000
3843,com.google.javascript.jscomp.TypeCheckTest#testBang1,1073.000000
3844,com.google.javascript.jscomp.NameAnalyzerTest#testMixin3,867.000000
3845,com.google.javascript.jscomp.InlineVariablesTest#testDoNotEnterCatch,723.000000
3846,com.google.javascript.jscomp.CodePrinterTest#testIssue601,299.000000
3847,com.google.javascript.jscomp.parsing.JsDocInfoParserTest#testParseParamError2,285.000000
3848,com.google.javascript.jscomp.parsing.JsDocTokenStreamTest#testJsDocTokenization10,14.000000
3849,com.google.javascript.jscomp.TypeCheckTest#testBang2,1087.000000
3850,com.google.javascript.jscomp.NameAnalyzerTest#testMixin4,878.000000
3851,com.google.javascript.jscomp.InlineVariablesTest#testInsideHookConditional,769.000000
3852,com.google.javascript.jscomp.CodePrinterTest#testIssue620,319.000000
3853,com.google.javascript.jscomp.parsing.JsDocInfoParserTest#testParseParamError3,285.000000
3854,com.google.javascript.jscomp.parsing.JsDocTokenStreamTest#testJsDocTokenization11,15.000000
3855,com.google.javascript.jscomp.TypeCheckTest#testBang3,1059.000000
3856,com.google.javascript.jscomp.NameAnalyzerTest#testMixin5,892.000000
3857,com.google.javascript.jscomp.InlineVariablesTest#testInlineInFunction,762.000000
3858,com.google.javascript.jscomp.CodePrinterTest#testSetter,353.000000
3859,com.google.javascript.jscomp.parsing.JsDocInfoParserTest#testParseParamError4,286.000000
3860,com.google.javascript.jscomp.parsing.JsDocTokenStreamTest#testJsDocTokenization12,14.000000
3861,com.google.javascript.jscomp.TypeCheckTest#testBang4,1109.000000
3862,com.google.javascript.jscomp.NameAnalyzerTest#testMixin6,870.000000
3863,com.google.javascript.jscomp.InlineVariablesTest#testInlineFunctionAlias1a,766.000000
3864,com.google.javascript.jscomp.parsing.JsDocInfoParserTest#testStructuralConstructor,340.000000
3865,com.google.javascript.jscomp.CodePrinterTest#testIndirectEval,309.000000
3866,com.google.javascript.jscomp.parsing.JsDocTokenStreamTest#testJsDocTokenization13,14.000000
3867,com.google.javascript.jscomp.TypeCheckTest#testBang5,1102.000000
3868,com.google.javascript.jscomp.NameAnalyzerTest#testGetElemOnThis,831.000000
3869,com.google.javascript.jscomp.InlineVariablesTest#testInlineFunctionAlias2a,775.000000
3870,com.google.javascript.jscomp.CodePrinterTest#testSubtraction,302.000000
3871,com.google.javascript.jscomp.parsing.JsDocInfoParserTest#testParseFunctionalTypeError1,269.000000
3872,com.google.javascript.jscomp.parsing.JsDocTokenStreamTest#testJsDocTokenization14,14.000000
3873,com.google.javascript.jscomp.TypeCheckTest#testBang6,1050.000000
3874,com.google.javascript.jscomp.NameAnalyzerTest#testComplexAssigns,803.000000
3875,com.google.javascript.jscomp.InlineVariablesTest#testInlineFunctionAlias2b,773.000000
3876,com.google.javascript.jscomp.CodePrinterTest#testMinusNegativeZero,309.000000
3877,com.google.javascript.jscomp.parsing.JsDocInfoParserTest#testParseFunctionalTypeError2,278.000000
3878,com.google.javascript.jscomp.parsing.JsDocTokenStreamTest#testJsDocTokenization15,14.000000
3879,com.google.javascript.jscomp.TypeCheckTest#testBang7,1054.000000
3880,com.google.javascript.jscomp.NameAnalyzerTest#testOtherGlobal,853.000000
3881,com.google.javascript.jscomp.InlineVariablesTest#testDoNotInlineDecrement,721.000000
3882,com.google.javascript.jscomp.AstParallelizerTest#testSplitNamedFuntion,348.000000
3883,com.google.javascript.jscomp.parsing.JsDocInfoParserTest#testParseFunctionalTypeError3,281.000000
3884,com.google.javascript.jscomp.parsing.JsDocTokenStreamTest#testJsDocTokenization16,14.000000
3885,com.google.javascript.jscomp.TypeCheckTest#testCall2,1103.000000
3886,com.google.javascript.jscomp.InlineVariablesTest#testInlineAliases1b,778.000000
3887,com.google.javascript.jscomp.NameAnalyzerTest#testRemoveVarDeclaration1,761.000000
3888,com.google.javascript.jscomp.AstParallelizerTest#testNoSplit,315.000000
3889,com.google.javascript.jscomp.parsing.JsDocInfoParserTest#testParseFunctionalTypeError4,281.000000
3890,com.google.javascript.jscomp.parsing.JsDocTokenStreamTest#testJsDocTokenization17,14.000000
3891,com.google.javascript.jscomp.TypeCheckTest#testCall4,1105.000000
3892,com.google.javascript.jscomp.NameAnalyzerTest#testRemoveVarDeclaration2,830.000000
3893,com.google.javascript.jscomp.InlineVariablesTest#testInlineAliases1c,775.000000
3894,com.google.javascript.jscomp.ObjectPropertyStringPreprocessTest#testQualifedNameExpectedError,361.000000
3895,com.google.javascript.jscomp.parsing.JsDocInfoParserTest#testParseFunctionalTypeError5,278.000000
3896,com.google.javascript.jscomp.parsing.JsDocTokenStreamTest#testJsDocTokenization18,14.000000
3897,com.google.javascript.jscomp.TypeCheckTest#testCall5,1105.000000
3898,com.google.javascript.jscomp.NameAnalyzerTest#testRemoveVarDeclaration3,849.000000
3899,com.google.javascript.jscomp.InlineVariablesTest#testInlineAliases1d,775.000000
3900,com.google.javascript.jscomp.ObjectPropertyStringPreprocessTest#testInvalidNumArgumentsError,352.000000
3901,com.google.javascript.jscomp.parsing.JsDocInfoParserTest#testParseFunctionalTypeError6,329.000000
3902,com.google.javascript.jscomp.parsing.JsDocTokenStreamTest#testJsDocTokenization19,15.000000
3903,com.google.javascript.jscomp.TypeCheckTest#testCall6,1099.000000
3904,com.google.javascript.jscomp.NameAnalyzerTest#testRemoveVarDeclaration4,849.000000
3905,com.google.javascript.jscomp.InlineVariablesTest#testInlineAliases2b,797.000000
3906,com.google.javascript.jscomp.MustBeReachingVariableDefTest#testIncAndDec,388.000000
3907,com.google.javascript.jscomp.parsing.JsDocInfoParserTest#testParseFunctionalTypeError7,281.000000
3908,com.google.javascript.jscomp.parsing.JsDocTokenStreamTest#testJsDocTokenization20,15.000000
3909,com.google.javascript.jscomp.TypeCheckTest#testCall7,1101.000000
3910,com.google.javascript.jscomp.NameAnalyzerTest#testRemoveVarDeclaration5,849.000000
3911,com.google.javascript.jscomp.InlineVariablesTest#testInlineAliases2c,796.000000
3912,com.google.javascript.jscomp.MustBeReachingVariableDefTest#testExterns,387.000000
3913,com.google.javascript.jscomp.parsing.JsDocInfoParserTest#testParseFunctionalTypeError8,273.000000
3914,com.google.javascript.jscomp.parsing.JsDocTokenStreamTest#testJsDocTokenization21,15.000000
3915,com.google.javascript.jscomp.TypeCheckTest#testCall8,1084.000000
3916,com.google.javascript.jscomp.NameAnalyzerTest#testRemoveVarDeclaration6,836.000000
3917,com.google.javascript.jscomp.InlineVariablesTest#testInlineAliases2d,796.000000
3918,com.google.javascript.jscomp.MustBeReachingVariableDefTest#testRedefinitionUsingItself,398.000000
3919,com.google.javascript.jscomp.parsing.JsDocInfoParserTest#testParseFunctionalTypeError9,282.000000
3920,com.google.javascript.jscomp.parsing.JsDocTokenStreamTest#testJsDocTokenization2,16.000000
3921,com.google.javascript.jscomp.TypeCheckTest#testCall9,1125.000000
3922,com.google.javascript.jscomp.InlineVariablesTest#testOverlappingInlineFunctions,789.000000
3923,com.google.javascript.jscomp.NameAnalyzerTest#testRemoveVarDeclaration7,782.000000
3924,com.google.javascript.jscomp.MustBeReachingVariableDefTest#testHook,409.000000
3925,com.google.javascript.jscomp.parsing.JsDocInfoParserTest#testParseFunctionType,331.000000
3926,com.google.javascript.jscomp.parsing.JsDocTokenStreamTest#testJsDocTokenization3,15.000000
3927,com.google.javascript.jscomp.TypeCheckTest#testCast2,1062.000000
3928,com.google.javascript.jscomp.NameAnalyzerTest#testRemoveVarDeclaration8,789.000000
3929,com.google.javascript.jscomp.InlineVariablesTest#testDoNotEnterFinally,744.000000
3930,com.google.javascript.jscomp.MustBeReachingVariableDefTest#testStraightLine,398.000000
3931,com.google.javascript.jscomp.parsing.JsDocInfoParserTest#testProtectedType,315.000000
3932,com.google.javascript.jscomp.parsing.JsDocTokenStreamTest#testJsDocTokenization4,13.000000
3933,com.google.javascript.jscomp.TypeCheckTest#testCast3,1073.000000
3934,com.google.javascript.jscomp.NameAnalyzerTest#testNoRemoveThrowReference2,806.000000
3935,com.google.javascript.jscomp.InlineVariablesTest#testThisEscapedAlias,758.000000
3936,com.google.javascript.jscomp.MustBeReachingVariableDefTest#testIf,408.000000
3937,com.google.javascript.jscomp.parsing.JsDocInfoParserTest#testParseNumberType1,314.000000
3938,com.google.javascript.jscomp.parsing.JsDocTokenStreamTest#testJsDocTokenization5,15.000000
3939,com.google.javascript.jscomp.TypeCheckTest#testCast4,1069.000000
3940,com.google.javascript.jscomp.NameAnalyzerTest#testRemoveFunction1,765.000000
3941,com.google.javascript.jscomp.InlineVariablesTest#testNoInlineExportedName2,750.000000
3942,com.google.javascript.jscomp.MustBeReachingVariableDefTest#testAssignmentOp,398.000000
3943,com.google.javascript.jscomp.parsing.JsDocInfoParserTest#testParseNumberType2,325.000000
3944,com.google.javascript.jscomp.parsing.JsDocTokenStreamTest#testJsDocTokenization6,14.000000
3945,com.google.javascript.jscomp.TypeCheckTest#testCast5,1090.000000
3946,com.google.javascript.jscomp.NameAnalyzerTest#testRemoveFunction2,785.000000
3947,com.google.javascript.jscomp.InlineVariablesTest#testDoNotCrossAssignmentPlus,749.000000
3948,com.google.javascript.jscomp.MustBeReachingVariableDefTest#testMultipleDefinitionsWithDependence,398.000000
3949,com.google.javascript.jscomp.parsing.JsDocInfoParserTest#testTypeTagConflict10,307.000000
3950,com.google.javascript.jscomp.parsing.JsDocTokenStreamTest#testJsDocTokenization7,9.000000
3951,com.google.javascript.jscomp.TypeCheckTest#testCast6,1101.000000
3952,com.google.javascript.jscomp.InlineVariablesTest#testArgumentsModifiedInOuterFunction,826.000000
3953,com.google.javascript.jscomp.NameAnalyzerTest#testRemoveFunction3,812.000000
3954,com.google.javascript.jscomp.MustBeReachingVariableDefTest#testMergeDefinitions,408.000000
3955,com.google.javascript.jscomp.parsing.JsDocInfoParserTest#testTypeTagConflict11,303.000000
3956,com.google.javascript.jscomp.parsing.JsDocTokenStreamTest#testJsDocTokenization8,16.000000
3957,com.google.javascript.jscomp.TypeCheckTest#testCast7,1114.000000
3958,com.google.javascript.jscomp.NameAnalyzerTest#testRemoveFunction4,812.000000
3959,com.google.javascript.jscomp.InlineVariablesTest#testDoNotExitLoop,747.000000
3960,com.google.javascript.jscomp.MustBeReachingVariableDefTest#testExpressionVariableReassignment,409.000000
3961,com.google.javascript.jscomp.parsing.JsDocInfoParserTest#testTypeTagConflict12,310.000000
3962,com.google.javascript.jscomp.parsing.JsDocTokenStreamTest#testJsDocTokenization9,16.000000
3963,com.google.javascript.jscomp.TypeCheckTest#testCast8,1121.000000
3964,com.google.javascript.jscomp.NameAnalyzerTest#testBug6575051,836.000000
3965,com.google.javascript.jscomp.InlineVariablesTest#testSideEffectOrder,798.000000
3966,com.google.javascript.jscomp.MustBeReachingVariableDefTest#testConditional,399.000000
3967,com.google.javascript.jscomp.parsing.JsDocInfoParserTest#testTypeTagConflict13,312.000000
3968,com.google.javascript.jscomp.PhaseOptimizerTest#testPassOrdering,145.000000
3969,com.google.javascript.jscomp.TypeCheckTest#testFunctionArguments1,1060.000000
3970,com.google.javascript.jscomp.NameAnalyzerTest#testSetterInForStruct2,875.000000
3971,com.google.javascript.jscomp.InlineVariablesTest#testDoNotCrossAssignment,774.000000
3972,com.google.javascript.jscomp.MustBeReachingVariableDefTest#testFunctionParams1,405.000000
3973,com.google.javascript.jscomp.parsing.JsDocInfoParserTest#testTypeTagConflict14,284.000000
3974,com.google.javascript.jscomp.PhaseOptimizerTest#testLoop1,145.000000
3975,com.google.javascript.jscomp.TypeCheckTest#testFunctionArguments2,1062.000000
3976,com.google.javascript.jscomp.NameAnalyzerTest#testSetterInForStruct3,883.000000
3977,com.google.javascript.jscomp.InlineVariablesTest#testNoInlineRedeclaredExterns,778.000000
3978,com.google.javascript.jscomp.MustBeReachingVariableDefTest#testFunctionParams2,405.000000
3979,com.google.javascript.jscomp.parsing.JsDocInfoParserTest#testTypeTagConflict15,280.000000
3980,com.google.javascript.jscomp.PhaseOptimizerTest#testLoop2,147.000000
3981,com.google.javascript.jscomp.TypeCheckTest#testFunctionArguments3,1063.000000
3982,com.google.javascript.jscomp.NameAnalyzerTest#testSetterInForStruct4,885.000000
3983,com.google.javascript.jscomp.InlineVariablesTest#testNoInlineStringMultipleTimesIfNotWorthwhile,727.000000
3984,com.google.javascript.jscomp.MustBeReachingVariableDefTest#testArgumentsObjectModifications,402.000000
3985,com.google.javascript.jscomp.parsing.JsDocInfoParserTest#testTypeTagConflict17,282.000000
3986,com.google.javascript.jscomp.PhaseOptimizerTest#testLoop3,147.000000
3987,com.google.javascript.jscomp.TypeCheckTest#testFunctionArguments4,1065.000000
3988,com.google.javascript.jscomp.NameAnalyzerTest#testSetterInForStruct5,872.000000
3989,com.google.javascript.jscomp.InlineVariablesTest#testIssue378ModifiedArguments1,805.000000
3990,com.google.javascript.jscomp.MustBeReachingVariableDefTest#testUseAndDefInSameInstruction,398.000000
3991,com.google.javascript.jscomp.parsing.JsDocInfoParserTest#testTypeTagConflict19,283.000000
3992,com.google.javascript.jscomp.PhaseOptimizerTest#testCombined,148.000000
3993,com.google.javascript.jscomp.TypeCheckTest#testFunctionArguments5,1057.000000
3994,com.google.javascript.jscomp.NameAnalyzerTest#testSetterInForStruct6,873.000000
3995,com.google.javascript.jscomp.InlineVariablesTest#testIssue378ModifiedArguments2,871.000000
3996,com.google.javascript.jscomp.MustBeReachingVariableDefTest#testArgumentsObjectEscaped,404.000000
3997,com.google.javascript.jscomp.parsing.JsDocInfoParserTest#testTypeTagConflict20,282.000000
3998,com.google.javascript.jscomp.PhaseOptimizerTest#testNotInfiniteLoop,147.000000
3999,com.google.javascript.jscomp.TypeCheckTest#testFunctionArguments6,1057.000000
4000,com.google.javascript.jscomp.NameAnalyzerTest#testSetterInForStruct7,831.000000
4001,com.google.javascript.jscomp.InlineVariablesTest#testInlineStringMultipleTimesWhenAliasingAllStrings,737.000000
4002,com.google.javascript.jscomp.MustBeReachingVariableDefTest#testAssignmentInExpressions,407.000000
4003,com.google.javascript.jscomp.parsing.JsDocInfoParserTest#testTypeTagConflict21,307.000000
4004,com.google.javascript.jscomp.PhaseOptimizerTest#testConsumption2,149.000000
4005,com.google.javascript.jscomp.TypeCheckTest#testFunctionArguments7,1036.000000
4006,com.google.javascript.jscomp.NameAnalyzerTest#testSetterInForStruct8,864.000000
4007,com.google.javascript.jscomp.InlineVariablesTest#testInlineAliasesInLoop,815.000000
4008,com.google.javascript.jscomp.parsing.JsDocInfoParserTest#testTypeTagConflict22,313.000000
4009,com.google.javascript.jscomp.DefaultCodingConventionTest#testInheritanceDetection1,253.000000
4010,com.google.javascript.jscomp.PhaseOptimizerTest#testConsumption3,149.000000
4011,com.google.javascript.jscomp.TypeCheckTest#testFunctionArguments8,1057.000000
4012,com.google.javascript.jscomp.NameAnalyzerTest#testSetterInForStruct9,873.000000
4013,com.google.javascript.jscomp.InlineVariablesTest#testInlineIntoRhsOfAssign,728.000000
4014,com.google.javascript.jscomp.parsing.JsDocInfoParserTest#testTypeTagConflict23,310.000000
4015,com.google.javascript.jscomp.DefaultCodingConventionTest#testInheritanceDetection2,253.000000
4016,com.google.javascript.jscomp.PhaseOptimizerTest#testDuplicateLoop,115.000000
4017,com.google.javascript.jscomp.TypeCheckTest#testFunctionArguments9,1057.000000
4018,com.google.javascript.jscomp.NameAnalyzerTest#testDoNotChangeLocalScopeReferencedLocalScopedInstanceOf,897.000000
4019,com.google.javascript.jscomp.InlineVariablesTest#testThisAlias,766.000000
4020,com.google.javascript.jscomp.parsing.JsDocInfoParserTest#testTypeTagConflict24,314.000000
4021,com.google.javascript.jscomp.DefaultCodingConventionTest#testInheritanceDetection3,253.000000
4022,com.google.javascript.jscomp.PhaseOptimizerTest#testOneRun,140.000000
4023,com.google.javascript.jscomp.TypeCheckTest#testDfa10,1161.000000
4024,com.google.javascript.jscomp.NameAnalyzerTest#testRhsReference1,797.000000
4025,com.google.javascript.jscomp.InlineVariablesTest#testInlineUndefined1,722.000000
4026,com.google.javascript.jscomp.parsing.JsDocInfoParserTest#testParseUnionType10,280.000000
4027,com.google.javascript.jscomp.DefaultCodingConventionTest#testInheritanceDetection4,253.000000
4028,com.google.javascript.jscomp.GlobalNamespaceTest#testRemoveDeclaration2,11.000000
4029,com.google.javascript.jscomp.TypeCheckTest#testDfa11,1100.000000
4030,com.google.javascript.jscomp.NameAnalyzerTest#testRhsReference2,813.000000
4031,com.google.javascript.jscomp.InlineVariablesTest#testInlineUndefined2,702.000000
4032,com.google.javascript.jscomp.parsing.JsDocInfoParserTest#testParseUnionType11,281.000000
4033,com.google.javascript.jscomp.DefaultCodingConventionTest#testInheritanceDetection5,253.000000
4034,com.google.javascript.jscomp.IntegrationTest#testManyAdds,8.000000
4035,com.google.javascript.jscomp.TypeCheckTest#testDfa12,1179.000000
4036,com.google.javascript.jscomp.NameAnalyzerTest#testRhsReference3,800.000000
4037,com.google.javascript.jscomp.InlineVariablesTest#testInlineUndefined3,682.000000
4038,com.google.javascript.jscomp.parsing.JsDocInfoParserTest#testParseUnionType12,274.000000
4039,com.google.javascript.jscomp.DefaultCodingConventionTest#testInheritanceDetection6,254.000000
4040,com.google.javascript.jscomp.BasicErrorManagerTest#testOrderingBothNull,6.000000
4041,com.google.javascript.jscomp.TypeCheckTest#testDfa13,1106.000000
4042,com.google.javascript.jscomp.NameAnalyzerTest#testRhsReference4,861.000000
4043,com.google.javascript.jscomp.InlineVariablesTest#testInlineUndefined4,725.000000
4044,com.google.javascript.jscomp.parsing.JsDocInfoParserTest#testParseUnionType13,343.000000
4045,com.google.javascript.jscomp.DefaultCodingConventionTest#testInheritanceDetection7,254.000000
4046,com.google.javascript.jscomp.BasicErrorManagerTest#testOrderingDescription,10.000000
4047,com.google.javascript.jscomp.TypeCheckTest#testEnum1,1087.000000
4048,com.google.javascript.jscomp.NameAnalyzerTest#testRhsReference5,819.000000
4049,com.google.javascript.jscomp.InlineVariablesTest#testInlineUndefined5,708.000000
4050,com.google.javascript.jscomp.parsing.JsDocInfoParserTest#testParseUnionType14,361.000000
4051,com.google.javascript.jscomp.DefaultCodingConventionTest#testInheritanceDetection8,253.000000
4052,com.google.javascript.jscomp.BasicErrorManagerTest#testOrderingLineno1,9.000000
4053,com.google.javascript.jscomp.TypeCheckTest#testEnum2,1086.000000
4054,com.google.javascript.jscomp.NameAnalyzerTest#testAssignmentToExternPrototype,798.000000
4055,com.google.javascript.jscomp.InlineVariablesTest#testInlineConstantAliasWithNonConstant,740.000000
4056,com.google.javascript.jscomp.parsing.JsDocInfoParserTest#testParseUnionType15,320.000000
4057,com.google.javascript.jscomp.DefaultCodingConventionTest#testInheritanceDetection9,253.000000
4058,com.google.javascript.jscomp.BasicErrorManagerTest#testOrderingLineno2,9.000000
4059,com.google.javascript.jscomp.TypeCheckTest#testEnum3,1095.000000
4060,com.google.javascript.jscomp.NameAnalyzerTest#testSetterInForIn1,846.000000
4061,com.google.javascript.jscomp.InlineVariablesTest#testInlineAliases1,771.000000
4062,com.google.javascript.jscomp.parsing.JsDocInfoParserTest#testParseUnionType16,320.000000
4063,com.google.javascript.jscomp.DefaultCodingConventionTest#testInheritanceDetectionPostCollapseProperties,250.000000
4064,com.google.javascript.jscomp.BasicErrorManagerTest#testOrderingCharno1,10.000000
4065,com.google.javascript.jscomp.TypeCheckTest#testEnum4,1098.000000
4066,com.google.javascript.jscomp.NameAnalyzerTest#testSetterInForIn2,826.000000
4067,com.google.javascript.jscomp.InlineVariablesTest#testInlineAliases2,790.000000
4068,com.google.javascript.jscomp.parsing.JsDocInfoParserTest#testParseUnionType17,320.000000
4069,com.google.javascript.jscomp.DefaultCodingConventionTest#testInheritanceDetection10,253.000000
4070,com.google.javascript.jscomp.BasicErrorManagerTest#testOrderingCharno2,10.000000
4071,com.google.javascript.jscomp.TypeCheckTest#testEnum5,1100.000000
4072,com.google.javascript.jscomp.NameAnalyzerTest#testSetterInForIn3,846.000000
4073,com.google.javascript.jscomp.InlineVariablesTest#testInterferingInlines,794.000000
4074,com.google.javascript.jscomp.parsing.JsDocInfoParserTest#testParseUnionType18,321.000000
4075,com.google.javascript.jscomp.PrepareAstTest#testFreeCall1,284.000000
4076,com.google.javascript.jscomp.BasicErrorManagerTest#testOrderingCheckLevel,9.000000
4077,com.google.javascript.jscomp.TypeCheckTest#testEnum6,1109.000000
4078,com.google.javascript.jscomp.NameAnalyzerTest#testSetterInForIn4,846.000000
4079,com.google.javascript.jscomp.InlineVariablesTest#testIssue378EscapedArguments1,808.000000
4080,com.google.javascript.jscomp.parsing.JsDocInfoParserTest#testParseExtends1,310.000000
4081,com.google.javascript.jscomp.PrepareAstTest#testFreeCall2,286.000000
4082,com.google.javascript.jscomp.BasicErrorManagerTest#testOrderingSourceName1,9.000000
4083,com.google.javascript.jscomp.TypeCheckTest#testEnum7,1094.000000
4084,com.google.javascript.jscomp.NameAnalyzerTest#testSetterInForIn5,850.000000
4085,com.google.javascript.jscomp.InlineVariablesTest#testIssue378EscapedArguments3,792.000000
4086,com.google.javascript.jscomp.parsing.JsDocInfoParserTest#testParseExtends2,327.000000
4087,com.google.javascript.jscomp.NodeUtilTest#testIsFunctionExpression1,255.000000
4088,com.google.javascript.jscomp.BasicErrorManagerTest#testOrderingSourceName2,9.000000
4089,com.google.javascript.jscomp.TypeCheckTest#testIIFE1,1139.000000
4090,com.google.javascript.jscomp.InlineVariablesTest#testIssue378EscapedArguments4,811.000000
4091,com.google.javascript.jscomp.NameAnalyzerTest#testSetterInForIn6,806.000000
4092,com.google.javascript.jscomp.parsing.JsDocInfoParserTest#testParseExtends4,310.000000
4093,com.google.javascript.jscomp.NodeUtilTest#testIsFunctionExpression2,251.000000
4094,com.google.javascript.jscomp.JSModuleGraphTest#testDeepestCommonDep,41.000000
4095,com.google.javascript.jscomp.TypeCheckTest#testIIFE2,1130.000000
4096,com.google.javascript.jscomp.NameAnalyzerTest#testWeirdnessOnLeftSideOfPrototype,849.000000
4097,com.google.javascript.jscomp.InlineVariablesTest#testDoCrossVar,761.000000
4098,com.google.javascript.jscomp.parsing.JsDocInfoParserTest#testParseExtends5,313.000000
4099,com.google.javascript.jscomp.NodeUtilTest#testContainsType,273.000000
4100,com.google.javascript.jscomp.JSModuleGraphTest#testModuleDepth,33.000000
4101,com.google.javascript.jscomp.TypeCheckTest#testIIFE3,1121.000000
4102,com.google.javascript.jscomp.NameAnalyzerTest#testRemoveLocalScopedInstanceOfOnly,890.000000
4103,com.google.javascript.jscomp.InlineVariablesTest#testInsideOrBranchInsideIfConditionalWithConstant,728.000000
4104,com.google.javascript.jscomp.parsing.JsDocInfoParserTest#testParseExtends6,311.000000
4105,com.google.javascript.jscomp.NodeUtilTest#testMergeBlock2,259.000000
4106,com.google.javascript.jscomp.JSModuleGraphTest#testManageDependencies1,185.000000
4107,com.google.javascript.jscomp.TypeCheckTest#testIIFE4,1133.000000
4108,com.google.javascript.jscomp.InlineVariablesTest#testInlineIntoNestedNonHoistedNamedFunctions,785.000000
4109,com.google.javascript.jscomp.parsing.JsDocInfoParserTest#testParseExterns1,276.000000
4110,com.google.javascript.jscomp.NodeUtilTest#testMergeBlock3,267.000000
4111,com.google.javascript.jscomp.JSModuleGraphTest#testManageDependencies4,178.000000
4112,com.google.javascript.jscomp.TypeCheckTest#testIIFE5,1184.000000
4113,com.google.javascript.jscomp.InlineVariablesTest#testDoCrossFunction,744.000000
4114,com.google.javascript.jscomp.NodeUtilTest#testIsLiteralOrConstValue,282.000000
4115,com.google.javascript.jscomp.parsing.JsDocInfoParserTest#testParseExterns2,280.000000
4116,com.google.javascript.jscomp.JSModuleGraphTest#testDeepestCommonDepInclusive,42.000000
4117,com.google.javascript.jscomp.TypeCheckTest#testNew10,1114.000000
4118,com.google.javascript.jscomp.InlineVariablesTest#testRenamePropertyFunction,701.000000
4119,com.google.javascript.jscomp.NodeUtilTest#testRemoveLabelChild1,272.000000
4120,com.google.javascript.jscomp.parsing.JsDocInfoParserTest#testParseExterns3,263.000000
4121,com.google.javascript.jscomp.JSModuleGraphTest#testNoFiles,44.000000
4122,com.google.javascript.jscomp.TypeCheckTest#testNew12,1059.000000
4123,com.google.javascript.jscomp.InlineVariablesTest#testNoInlineGetpropIntoCall,764.000000
4124,com.google.javascript.jscomp.parsing.JsDocInfoParserTest#testFileOverviewMultiLine,285.000000
4125,com.google.javascript.jscomp.NodeUtilTest#testRemoveLabelChild2,272.000000
4126,com.google.javascript.jscomp.FixedPointGraphTraversalTest#testGraph1,22.000000
4127,com.google.javascript.jscomp.TypeCheckTest#testNew13,1063.000000
4128,com.google.javascript.jscomp.InlineVariablesTest#testNoInlineMutatedVariable,733.000000
4129,com.google.javascript.jscomp.NodeUtilTest#testIsFunctionExpression,293.000000
4130,com.google.javascript.jscomp.parsing.JsDocInfoParserTest#testParseInterfaceDoubled,281.000000
4131,com.google.javascript.jscomp.FixedPointGraphTraversalTest#testGraph2,22.000000
4132,com.google.javascript.jscomp.TypeCheckTest#testNew14,1063.000000
4133,com.google.javascript.jscomp.InlineVariablesTest#testInsideAndBranch,735.000000
4134,com.google.javascript.jscomp.NodeUtilTest#testIsBooleanResult,290.000000
4135,com.google.javascript.jscomp.parsing.JsDocInfoParserTest#testParseDeprecated1,270.000000
4136,com.google.javascript.jscomp.FixedPointGraphTraversalTest#testGraph3,22.000000
4137,com.google.javascript.jscomp.TypeCheckTest#testNew15,1072.000000
4138,com.google.javascript.jscomp.InlineVariablesTest#testInsideIfConditional,785.000000
4139,com.google.javascript.jscomp.NodeUtilTest#testContainsFunctionDeclaration,274.000000
4140,com.google.javascript.jscomp.parsing.JsDocInfoParserTest#testParseDeprecated2,274.000000
4141,com.google.javascript.jscomp.FixedPointGraphTraversalTest#testGraph4,22.000000
4142,com.google.javascript.jscomp.TypeCheckTest#testNew16,1090.000000
4143,com.google.javascript.jscomp.InlineVariablesTest#testNoInlineIntoNestedNamedFunctions,760.000000
4144,com.google.javascript.jscomp.parsing.JsDocInfoParserTest#testInterfaceMultiExtends2,347.000000
4145,com.google.javascript.jscomp.NodeUtilTest#testGetNameReferenceCount,267.000000
4146,com.google.javascript.jscomp.FixedPointGraphTraversalTest#testGraph5,22.000000
4147,com.google.javascript.jscomp.TypeCheckTest#testNew17,1084.000000
4148,com.google.javascript.jscomp.InlineVariablesTest#testNoInlineExportedName,708.000000
4149,com.google.javascript.jscomp.parsing.JsDocInfoParserTest#testParseNoCompile1,277.000000
4150,com.google.javascript.jscomp.NodeUtilTest#testGetFunctionName1,252.000000
4151,com.google.javascript.jscomp.FixedPointGraphTraversalTest#testGraph6,22.000000
4152,com.google.javascript.jscomp.TypeCheckTest#testNew18,1060.000000
4153,com.google.javascript.jscomp.InlineVariablesTest#test2388531,767.000000
4154,com.google.javascript.jscomp.parsing.JsDocInfoParserTest#testParseNoCompile2,281.000000
4155,com.google.javascript.jscomp.NodeUtilTest#testGetFunctionName2,254.000000
4156,com.google.javascript.jscomp.FixedPointGraphTraversalTest#testGraph8,22.000000
4157,com.google.javascript.jscomp.TypeCheckTest#testThis1,1097.000000
4158,com.google.javascript.jscomp.InlineVariablesTest#testInlineImmutableMultipleTimes,742.000000
4159,com.google.javascript.jscomp.parsing.JsDocInfoParserTest#testBadImplementsWithNullable,336.000000
4160,com.google.javascript.jscomp.NodeUtilTest#testGetFunctionName3,263.000000
4161,com.google.javascript.jscomp.FixedPointGraphTraversalTest#testGraph9,23.000000
4162,com.google.javascript.jscomp.TypeCheckTest#testThis2,1102.000000
4163,com.google.javascript.jscomp.InlineVariablesTest#testDoNotCrossReferencingFunction,769.000000
4164,com.google.javascript.jscomp.parsing.JsDocInfoParserTest#testTypeTagConflict1,277.000000
4165,com.google.javascript.jscomp.NodeUtilTest#testGetFunctionName4,254.000000
4166,com.google.javascript.jscomp.CombinedCompilerPassTest#testIndividualPasses,67.000000
4167,com.google.javascript.jscomp.TypeCheckTest#testThis3,1075.000000
4168,com.google.javascript.jscomp.InlineVariablesTest#testDoNotExitConditional1,731.000000
4169,com.google.javascript.jscomp.parsing.JsDocInfoParserTest#testTypeTagConflict2,279.000000
4170,com.google.javascript.jscomp.NodeUtilTest#testGetFunctionName5,263.000000
4171,com.google.javascript.jscomp.GoogleCodingConventionTest#testExportedName,16.000000
4172,com.google.javascript.jscomp.TypeCheckTest#testThis4,1110.000000
4173,com.google.javascript.jscomp.InlineVariablesTest#testDoNotExitConditional2,731.000000
4174,com.google.javascript.jscomp.parsing.JsDocInfoParserTest#testTypeTagConflict3,280.000000
4175,com.google.javascript.jscomp.NodeUtilTest#testRemoveVarChild,260.000000
4176,com.google.javascript.rhino.IRTest#testEmpty,14.000000
4177,com.google.javascript.jscomp.TypeCheckTest#testThis5,1076.000000
4178,com.google.javascript.jscomp.InlineVariablesTest#testDoNotExitConditional3,744.000000
4179,com.google.javascript.jscomp.NodeUtilTest#testGetBooleanValue,286.000000
4180,com.google.javascript.jscomp.parsing.JsDocInfoParserTest#testTypeTagConflict4,280.000000
4181,com.google.javascript.rhino.IRTest#testScriptThrows,6.000000
4182,com.google.javascript.jscomp.TypeCheckTest#testThis6,1095.000000
4183,com.google.javascript.jscomp.InlineVariablesTest#testInlineConstantAlias,740.000000
4184,com.google.javascript.jscomp.NodeUtilTest#testMayBeString,300.000000
4185,com.google.javascript.jscomp.parsing.JsDocInfoParserTest#testTypeTagConflict5,300.000000
4186,com.google.javascript.rhino.IRTest#testIssue727_2,34.000000
4187,com.google.javascript.jscomp.TypeCheckTest#testThis7,1076.000000
4188,com.google.javascript.jscomp.InlineVariablesTest#testIssue378ArgumentsRead1,816.000000
4189,com.google.javascript.jscomp.parsing.JsDocInfoParserTest#testTypeTagConflict6,305.000000
4190,com.google.javascript.jscomp.NodeUtilTest#testLocalValue1,300.000000
4191,com.google.javascript.rhino.jstype.TernaryValueTest#testOrdinal,1.000000
4192,com.google.javascript.jscomp.TypeCheckTest#testThis8,1093.000000
4193,com.google.javascript.jscomp.InlineVariablesTest#testIssue378ArgumentsRead2,796.000000
4194,com.google.javascript.jscomp.parsing.JsDocInfoParserTest#testTypeTagConflict7,306.000000
4195,com.google.javascript.jscomp.NodeUtilTest#testGetStringValue,271.000000
4196,com.google.javascript.rhino.jstype.TernaryValueTest#testNot,4.000000
4197,com.google.javascript.jscomp.TypeCheckTest#testThis9,1074.000000
4198,com.google.javascript.jscomp.InlineVariablesTest#testInlineGlobal,728.000000
4199,com.google.javascript.jscomp.NodeUtilTest#testMayEffectMutableState,318.000000
4200,com.google.javascript.jscomp.parsing.JsDocInfoParserTest#testTypeTagConflict8,307.000000
4201,com.google.javascript.rhino.NodeTest#testMergeExtractNormal,3.000000
4202,com.google.javascript.jscomp.TypeCheckTest#testVar10,1061.000000
4203,com.google.javascript.jscomp.InlineVariablesTest#testNoInlineIntoNamedFunction,749.000000
4204,com.google.javascript.jscomp.parsing.JsDocInfoParserTest#testTypeTagConflict9,307.000000
4205,com.google.javascript.jscomp.NodeUtilTest#testReferencesThis,275.000000
4206,com.google.javascript.rhino.NodeTest#testVarArgs1,5.000000
4207,com.google.javascript.jscomp.TypeCheckTest#testVar11,1060.000000
4208,com.google.javascript.jscomp.InlineVariablesTest#testInlineNamedFunction,757.000000
4209,com.google.javascript.jscomp.parsing.JsDocInfoParserTest#testParseParametrizedType10,359.000000
4210,com.google.javascript.jscomp.NodeUtilTest#testRemoveChildBlock,264.000000
4211,com.google.javascript.rhino.NodeTest#testVarArgs2,10.000000
4212,com.google.javascript.jscomp.TypeCheckTest#testVar13,1053.000000
4213,com.google.javascript.jscomp.InlineVariablesTest#testDoNotExitForLoop,769.000000
4214,com.google.javascript.jscomp.parsing.JsDocInfoParserTest#testParseParametrizedType13,350.000000
4215,com.google.javascript.jscomp.NodeUtilTest#testIsObjectLiteralKey1,276.000000
4216,com.google.javascript.rhino.NodeTest#testCheckTreeEqualsBooleanDifferent,4.000000
4217,com.google.javascript.jscomp.TypeCheckTest#testVar14,1082.000000
4218,com.google.javascript.jscomp.InlineVariablesTest#testDoNotInlineIncrement,721.000000
4219,com.google.javascript.jscomp.NodeUtilTest#testObjectMethodSideEffects,269.000000
4220,com.google.javascript.jscomp.parsing.JsDocInfoParserTest#testParseOverride2,269.000000
4221,com.google.javascript.rhino.NodeTest#testCheckTreeEqualsSlashVDifferent,19.000000
4222,com.google.javascript.jscomp.TypeCheckTest#testVar15,1123.000000
4223,com.google.javascript.jscomp.InlineVariablesTest#testCascadingInlines,770.000000
4224,com.google.javascript.jscomp.parsing.JsDocInfoParserTest#testParseRegExpType,325.000000
4225,com.google.javascript.jscomp.NodeUtilTest#testRemoveTryChild1,275.000000
4226,com.google.javascript.rhino.NodeTest#testMergeOverflowGraciously,3.000000
4227,com.google.javascript.jscomp.TypeCheckTest#testComplexNamespace,1061.000000
4228,com.google.javascript.jscomp.InlineVariablesTest#testInsideOrBranch,735.000000
4229,com.google.javascript.jscomp.parsing.JsDocInfoParserTest#testParseBlockComment,294.000000
4230,com.google.javascript.jscomp.NodeUtilTest#testRemoveTryChild2,270.000000
4231,com.google.javascript.rhino.NodeTest#testSharedProps2,16.000000
4232,com.google.javascript.jscomp.TypeCheckTest#testAdd1,1090.000000
4233,com.google.javascript.jscomp.InlineVariablesTest#testDoNotInlineIntoLhsOfAssign,725.000000
4234,com.google.javascript.jscomp.NodeUtilTest#testRemoveTryChild4,274.000000
4235,com.google.javascript.jscomp.parsing.JsDocInfoParserTest#testParseTypeViaStatic1,251.000000
4236,com.google.javascript.rhino.NodeTest#testCheckTreeEqualsImplDifferentType,7.000000
4237,com.google.javascript.jscomp.TypeCheckTest#testAdd2,1092.000000
4238,com.google.javascript.jscomp.InlineVariablesTest#testInlineConstants,745.000000
4239,com.google.javascript.jscomp.NodeUtilTest#testRemoveTryChild5,275.000000
4240,com.google.javascript.jscomp.parsing.JsDocInfoParserTest#testParseTypeViaStatic2,251.000000
4241,com.google.javascript.rhino.NodeTest#testCheckTreeEqualsBooleanSame,5.000000
4242,com.google.javascript.jscomp.TypeCheckTest#testAdd3,1046.000000
4243,com.google.javascript.jscomp.InlineVariablesTest#testChainedAssignment,773.000000
4244,com.google.javascript.jscomp.parsing.JsDocInfoParserTest#testParseTypeViaStatic3,262.000000
4245,com.google.javascript.jscomp.JsMessageVisitorTest#testRegularVarWithoutAssignment,251.000000
4246,com.google.javascript.rhino.NodeTest#testCheckTreeEqualsSame,6.000000
4247,com.google.javascript.jscomp.TypeCheckTest#testAdd4,1051.000000
4248,com.google.javascript.jscomp.InlineVariablesTest#testOnlyReadAtInitialization,820.000000
4249,com.google.javascript.jscomp.JsMessageVisitorTest#testUnrecognizedFunction,303.000000
4250,com.google.javascript.jscomp.parsing.JsDocInfoParserTest#testParseTypeViaStatic4,264.000000
4251,com.google.javascript.rhino.NodeTest#testCheckTreeEqualsImplDifferentChild,8.000000
4252,com.google.javascript.jscomp.TypeCheckTest#testAdd5,1051.000000
4253,com.google.javascript.jscomp.InlineVariablesTest#testLocalsOnly2,828.000000
4254,com.google.javascript.jscomp.parsing.JsDocInfoParserTest#testParseThisType2,330.000000
4255,com.google.javascript.jscomp.JsMessageVisitorTest#testLegacyFormatDescription,298.000000
4256,com.google.javascript.rhino.NodeTest#testCopyInformationFrom,24.000000
4257,com.google.javascript.jscomp.TypeCheckTest#testAdd6,1047.000000
4258,com.google.javascript.jscomp.InlineVariablesTest#testInlineCatchAlias1,746.000000
4259,com.google.javascript.jscomp.JsMessageVisitorTest#testLegacyMessageWithDescAnnotationAndHelpVar,371.000000
4260,com.google.javascript.jscomp.parsing.JsDocInfoParserTest#testParseThisType3,307.000000
4261,com.google.javascript.rhino.NodeTest#testCheckTreeEqualsImplDifferentIncProp,16.000000
4262,com.google.javascript.jscomp.TypeCheckTest#testAdd7,1071.000000
4263,com.google.javascript.jscomp.InlineVariablesTest#testInlineCatchAlias2,755.000000
4264,com.google.javascript.jscomp.parsing.JsDocInfoParserTest#testParseThisType4,306.000000
4265,com.google.javascript.jscomp.JsMessageVisitorTest#testIncorrectMessage,295.000000
4266,com.google.javascript.rhino.NodeTest#testCheckTreeEqualsImplSame,6.000000
4267,com.google.javascript.jscomp.TypeCheckTest#testAdd8,1071.000000
4268,com.google.javascript.jscomp.InlineVariablesTest#testDoCrossNewVariables,754.000000
4269,com.google.javascript.jscomp.JsMessageVisitorTest#testEmptyTextComplexMessage,396.000000
4270,com.google.javascript.jscomp.parsing.JsDocInfoParserTest#testParseThisType5,297.000000
4271,com.google.javascript.rhino.NodeTest#testCloneAnnontations,16.000000
4272,com.google.javascript.jscomp.TypeCheckTest#testAdd9,1067.000000
4273,com.google.javascript.jscomp.InlineVariablesTest#testDoNotEnterSubscope,758.000000
4274,com.google.javascript.jscomp.parsing.JsDocInfoParserTest#testParseThisType6,320.000000
4275,com.google.javascript.jscomp.JsMessageVisitorTest#testClosureMessageWithoutGoogGetmsg,295.000000
4276,com.google.javascript.rhino.NodeTest#testBooleanProp,16.000000
4277,com.google.javascript.jscomp.TypeCheckTest#testAnd1,1065.000000
4278,com.google.javascript.jscomp.InlineVariablesTest#testIssue90,745.000000
4279,com.google.javascript.jscomp.parsing.JsDocInfoParserTest#testParseImplementsTwo,330.000000
4280,com.google.javascript.jscomp.JsMessageVisitorTest#testMsgVarWithoutAssignment,269.000000
4281,com.google.javascript.rhino.NodeTest#testMergeExtractErroneous,3.000000
4282,com.google.javascript.jscomp.TypeCheckTest#testAnd2,1091.000000
4283,com.google.javascript.jscomp.InlineVariablesTest#testInlineInFunction2,796.000000
4284,com.google.javascript.jscomp.JsMessageVisitorTest#testUnquotedPlaceholdersAreOk,385.000000
4285,com.google.javascript.jscomp.parsing.JsDocInfoParserTest#testParseImplementsNoName,267.000000
4286,com.google.javascript.jscomp.TypeCheckTest#testAnd3,1102.000000
4287,com.google.javascript.jscomp.InlineVariablesTest#testInlineInFunction3,765.000000
4288,com.google.javascript.jscomp.parsing.JsDocInfoParserTest#testParseRecordType1,307.000000
4289,com.google.javascript.jscomp.JsMessageVisitorTest#testOrphanedJsMessage,290.000000
4290,com.google.javascript.jscomp.TypeCheckTest#testAnd4,1130.000000
4291,com.google.javascript.jscomp.InlineVariablesTest#testInlineInFunction4,790.000000
4292,com.google.javascript.jscomp.JsMessageVisitorTest#testEmptyTextMessage,390.000000
4293,com.google.javascript.jscomp.parsing.JsDocInfoParserTest#testParseRecordType2,307.000000
4294,com.google.javascript.jscomp.TypeCheckTest#testAnd5,1135.000000
4295,com.google.javascript.jscomp.InlineVariablesTest#testInlineInFunction5,792.000000
4296,com.google.javascript.jscomp.JsMessageVisitorTest#testNoDuplicateErrorOnExternMessage,382.000000
4297,com.google.javascript.jscomp.parsing.JsDocInfoParserTest#testParseRecordType3,307.000000
4298,com.google.javascript.jscomp.TypeCheckTest#testAnd6,1134.000000
4299,com.google.javascript.jscomp.InlineVariablesTest#testInsideOrBranchInsideIfConditional,732.000000
4300,com.google.javascript.jscomp.JsMessageVisitorTest#testWithNonCamelcasePlaceholderNamesAreNotOk,317.000000
4301,com.google.javascript.jscomp.parsing.JsDocInfoParserTest#testParseRecordType4,307.000000
4302,com.google.javascript.jscomp.TypeCheckTest#testDfa1,1060.000000
4303,com.google.javascript.jscomp.InlineVariablesTest#testInlineConstantAliasWithAnnotation,805.000000
4304,com.google.javascript.jscomp.JsMessageVisitorTest#testUnusedReferenesAreNotOK,389.000000
4305,com.google.javascript.jscomp.parsing.JsDocInfoParserTest#testParseRecordType5,308.000000
4306,com.google.javascript.jscomp.TypeCheckTest#testDfa2,1126.000000
4307,com.google.javascript.jscomp.InlineVariablesTest#testBug6598844,808.000000
4308,com.google.javascript.jscomp.JsMessageVisitorTest#testAlmostButNotExternalMessage,372.000000
4309,com.google.javascript.jscomp.parsing.JsDocInfoParserTest#testParseRecordType6,308.000000
4310,com.google.javascript.jscomp.TypeCheckTest#testDfa3,1125.000000
4311,com.google.javascript.jscomp.InlineVariablesTest#testDoNotCrossFunctionCalls,745.000000
4312,com.google.javascript.jscomp.JsMessageVisitorTest#testUnnamedGoogleMessage,318.000000
4313,com.google.javascript.jscomp.parsing.JsDocInfoParserTest#testParseRecordType7,311.000000
4314,com.google.javascript.jscomp.TypeCheckTest#testDfa4,1083.000000
4315,com.google.javascript.jscomp.InlineVariablesTest#testDoNotCrossConstructor,745.000000
4316,com.google.javascript.jscomp.JsMessageVisitorTest#testJsMessageOnVar,372.000000
4317,com.google.javascript.jscomp.parsing.JsDocInfoParserTest#testParseRecordType8,311.000000
4318,com.google.javascript.jscomp.TypeCheckTest#testDfa5,1131.000000
4319,com.google.javascript.jscomp.InlineVariablesTest#testInsideIfBranch,743.000000
4320,com.google.javascript.jscomp.JsMessageVisitorTest#testDuplicatePlaceholderReferencesAreOk,329.000000
4321,com.google.javascript.jscomp.parsing.JsDocInfoParserTest#testParseRecordType9,311.000000
4322,com.google.javascript.jscomp.TypeCheckTest#testDfa6,1141.000000
4323,com.google.javascript.jscomp.InlineVariablesTest#testImmutableWithSingleReferenceAfterInitialzation,820.000000
4324,com.google.javascript.jscomp.JsMessageVisitorTest#testMessageIsNoUnnamed,314.000000
4325,com.google.javascript.jscomp.parsing.JsDocInfoParserTest#testParseImplementsSameTwice,296.000000
4326,com.google.javascript.jscomp.TypeCheckTest#testDfa7,1114.000000
4327,com.google.javascript.jscomp.InlineVariablesTest#testInsideAndConditional,771.000000
4328,com.google.javascript.jscomp.JsMessageVisitorTest#testLegacyFormatParametizedFunction,326.000000
4329,com.google.javascript.jscomp.parsing.JsDocInfoParserTest#testParsePreserve,269.000000
4330,com.google.javascript.jscomp.TypeCheckTest#testDfa8,1155.000000
4331,com.google.javascript.jscomp.InlineVariablesTest#testReferencedBleedingFunction,740.000000
4332,com.google.javascript.jscomp.JsMessageVisitorTest#testClosureFormatParametizedFunction,388.000000
4333,com.google.javascript.jscomp.parsing.JsDocInfoParserTest#testParseObjectType,325.000000
4334,com.google.javascript.jscomp.TypeCheckTest#testHook,1088.000000
4335,com.google.javascript.jscomp.InlineVariablesTest#testDoNotCrossDelete,748.000000
4336,com.google.javascript.jscomp.JsMessageVisitorTest#testClosureMessageWithHelpPostfix,371.000000
4337,com.google.javascript.jscomp.parsing.JsDocInfoParserTest#testParserWithTwoTemplates,269.000000
4338,com.google.javascript.jscomp.TypeCheckTest#testNew1,1061.000000
4339,com.google.javascript.jscomp.InlineObjectLiteralsTest#testObject0,708.000000
4340,com.google.javascript.jscomp.JsMessageVisitorTest#testHugeMessage,398.000000
4341,com.google.javascript.jscomp.parsing.JsDocInfoParserTest#testParseLicenseWithAnnotation,269.000000
4342,com.google.javascript.jscomp.TypeCheckTest#testNew2,1078.000000
4343,com.google.javascript.jscomp.InlineObjectLiteralsTest#testObject1,772.000000
4344,com.google.javascript.jscomp.JsMessageVisitorTest#testLegacyMessageWithDescAnnotation,371.000000
4345,com.google.javascript.jscomp.parsing.JsDocInfoParserTest#testVersionMissing,280.000000
4346,com.google.javascript.jscomp.TypeCheckTest#testNew3,1048.000000
4347,com.google.javascript.jscomp.InlineObjectLiteralsTest#testObject2,780.000000
4348,com.google.javascript.jscomp.JsMessageVisitorTest#testJsMessageOnProperty,373.000000
4349,com.google.javascript.jscomp.parsing.JsDocInfoParserTest#testParseImplementsNullable1,286.000000
4350,com.google.javascript.jscomp.TypeCheckTest#testNew4,1052.000000
4351,com.google.javascript.jscomp.InlineObjectLiteralsTest#testObject3,746.000000
4352,com.google.javascript.jscomp.JsMessageVisitorTest#testExternalMessage,297.000000
4353,com.google.javascript.jscomp.parsing.JsDocInfoParserTest#testParseImplementsNullable2,286.000000
4354,com.google.javascript.jscomp.TypeCheckTest#testNew5,1063.000000
4355,com.google.javascript.jscomp.InlineObjectLiteralsTest#testObject4,748.000000
4356,com.google.javascript.jscomp.JsMessageVisitorTest#testConcatOfStrings,306.000000
4357,com.google.javascript.jscomp.parsing.JsDocInfoParserTest#testParseMeaning1,272.000000
4358,com.google.javascript.jscomp.TypeCheckTest#testNew6,1063.000000
4359,com.google.javascript.jscomp.InlineObjectLiteralsTest#testObject5,775.000000
4360,com.google.javascript.jscomp.JsMessageVisitorTest#testMsgVarWithIncorrectRightSide,285.000000
4361,com.google.javascript.jscomp.parsing.JsDocInfoParserTest#testParseMeaning2,276.000000
4362,com.google.javascript.jscomp.TypeCheckTest#testNew7,1089.000000
4363,com.google.javascript.jscomp.InlineObjectLiteralsTest#testObject6,806.000000
4364,com.google.javascript.jscomp.JsMessageVisitorTest#testUnexistedPlaceholders,307.000000
4365,com.google.javascript.jscomp.parsing.JsDocInfoParserTest#testParseMeaning4,277.000000
4366,com.google.javascript.jscomp.TypeCheckTest#testNew8,1052.000000
4367,com.google.javascript.jscomp.InlineObjectLiteralsTest#testObject7,771.000000
4368,com.google.javascript.jscomp.parsing.JsDocInfoParserTest#testBadExtendsWithNullable,322.000000
4369,com.google.javascript.jscomp.JsMessageVisitorTest#testDuplicatePlaceHoldersAreBad,316.000000
4370,com.google.javascript.jscomp.TypeCheckTest#testNew9,1097.000000
4371,com.google.javascript.jscomp.InlineObjectLiteralsTest#testObject8,828.000000
4372,com.google.javascript.jscomp.JsMessageVisitorTest#testMessageWithoutDescription,317.000000
4373,com.google.javascript.jscomp.parsing.JsDocInfoParserTest#testParseImplicitCast1,305.000000
4374,com.google.javascript.jscomp.TypeCheckTest#testVar1,1043.000000
4375,com.google.javascript.jscomp.InlineObjectLiteralsTest#testObject9,809.000000
4376,com.google.javascript.jscomp.parsing.JsDocInfoParserTest#testParseImplicitCast2,301.000000
4377,com.google.javascript.jscomp.JsMessageVisitorTest#testEmptyMessage,300.000000
4378,com.google.javascript.jscomp.TypeCheckTest#testVar2,1037.000000
4379,com.google.javascript.jscomp.InlineObjectLiteralsTest#testNoInlineDeletedProperties,748.000000
4380,com.google.javascript.jscomp.JsMessageExtractorTest#testExtractNewStyleMessage1,359.000000
4381,com.google.javascript.jscomp.parsing.JsDocInfoParserTest#testInterfaceExtends,340.000000
4382,com.google.javascript.jscomp.TypeCheckTest#testVar3,1050.000000
4383,com.google.javascript.jscomp.InlineObjectLiteralsTest#testObject11,759.000000
4384,com.google.javascript.jscomp.JsMessageExtractorTest#testExtractOldStyleMessage1,343.000000
4385,com.google.javascript.jscomp.parsing.JsDocInfoParserTest#testBadModifies1,257.000000
4386,com.google.javascript.jscomp.TypeCheckTest#testVar4,1064.000000
4387,com.google.javascript.jscomp.InlineObjectLiteralsTest#testObject12,757.000000
4388,com.google.javascript.jscomp.JsMessageExtractorTest#testExtractOldStyleMessage2,352.000000
4389,com.google.javascript.jscomp.parsing.JsDocInfoParserTest#testBadModifies2,259.000000
4390,com.google.javascript.jscomp.TypeCheckTest#testVar5,1083.000000
4391,com.google.javascript.jscomp.InlineObjectLiteralsTest#testObject13,748.000000
4392,com.google.javascript.jscomp.JsMessageExtractorTest#testExtractOldStyleMessage3,371.000000
4393,com.google.javascript.jscomp.parsing.JsDocInfoParserTest#testBadModifies3,259.000000
4394,com.google.javascript.jscomp.TypeCheckTest#testVar6,1078.000000
4395,com.google.javascript.jscomp.InlineObjectLiteralsTest#testObject14,786.000000
4396,com.google.javascript.jscomp.JsMessageExtractorTest#testDuplicateUnnamedVariables,369.000000
4397,com.google.javascript.jscomp.parsing.JsDocInfoParserTest#testBadModifies4,259.000000
4398,com.google.javascript.jscomp.TypeCheckTest#testVar7,1065.000000
4399,com.google.javascript.jscomp.InlineObjectLiteralsTest#testObject15,711.000000
4400,com.google.javascript.jscomp.FunctionArgumentInjectorTest#testMaybeAddTempsForCallArguments1,311.000000
4401,com.google.javascript.jscomp.parsing.JsDocInfoParserTest#testBadModifies5,258.000000
4402,com.google.javascript.jscomp.TypeCheckTest#testVar8,1051.000000
4403,com.google.javascript.jscomp.InlineObjectLiteralsTest#testObject16,787.000000
4404,com.google.javascript.jscomp.FunctionArgumentInjectorTest#testMaybeAddTempsForCallArguments2,308.000000
4405,com.google.javascript.jscomp.parsing.JsDocInfoParserTest#testBadModifies6,275.000000
4406,com.google.javascript.jscomp.TypeCheckTest#testVar9,1061.000000
4407,com.google.javascript.jscomp.InlineObjectLiteralsTest#testObject17,758.000000
4408,com.google.javascript.jscomp.FunctionArgumentInjectorTest#testMaybeAddTempsForCallArguments3,310.000000
4409,com.google.javascript.jscomp.parsing.JsDocInfoParserTest#testBadModifies7,276.000000
4410,com.google.javascript.jscomp.TypeCheckTest#testInterfacePropertyNotImplemented,1098.000000
4411,com.google.javascript.jscomp.InlineObjectLiteralsTest#testObject18,752.000000
4412,com.google.javascript.jscomp.FunctionArgumentInjectorTest#testMaybeAddTempsForCallArguments4,316.000000
4413,com.google.javascript.jscomp.parsing.JsDocInfoParserTest#testBadModifies8,275.000000
4414,com.google.javascript.jscomp.TypeCheckTest#testMinimalConstructorAnnotation,1037.000000
4415,com.google.javascript.jscomp.InlineObjectLiteralsTest#testObject19,764.000000
4416,com.google.javascript.jscomp.FunctionArgumentInjectorTest#testMaybeAddTempsForCallArguments6,314.000000
4417,com.google.javascript.jscomp.parsing.JsDocInfoParserTest#testWhitelistedConflictingAnnotation,301.000000
4418,com.google.javascript.jscomp.TypeCheckTest#testInferredReturn1,1101.000000
4419,com.google.javascript.jscomp.InlineObjectLiteralsTest#testObject20,764.000000
4420,com.google.javascript.jscomp.FunctionArgumentInjectorTest#testMaybeAddTempsForCallArguments7,319.000000
4421,com.google.javascript.jscomp.parsing.JsDocInfoParserTest#testConstType,319.000000
4422,com.google.javascript.jscomp.TypeCheckTest#testInferredReturn2,1105.000000
4423,com.google.javascript.jscomp.InlineObjectLiteralsTest#testObject21,782.000000
4424,com.google.javascript.jscomp.FunctionArgumentInjectorTest#testMaybeAddTempsForCallArguments8,326.000000
4425,com.google.javascript.jscomp.parsing.JsDocInfoParserTest#testParseImplementsMissingRC,289.000000
4426,com.google.javascript.jscomp.TypeCheckTest#testInferredReturn3,1088.000000
4427,com.google.javascript.jscomp.InlineObjectLiteralsTest#testObject22,819.000000
4428,com.google.javascript.jscomp.FunctionArgumentInjectorTest#testMaybeAddTempsForCallArguments9,321.000000
4429,com.google.javascript.jscomp.parsing.JsDocInfoParserTest#testBug907488,304.000000
4430,com.google.javascript.jscomp.TypeCheckTest#testInferredReturn4,1103.000000
4431,com.google.javascript.jscomp.InlineObjectLiteralsTest#testObject23,773.000000
4432,com.google.javascript.jscomp.FunctionArgumentInjectorTest#testMaybeAddTempsForCallArgumentsInLoops,320.000000
4433,com.google.javascript.jscomp.parsing.JsDocInfoParserTest#testBug907494,295.000000
4434,com.google.javascript.jscomp.TypeCheckTest#testInferredReturn6,1164.000000
4435,com.google.javascript.jscomp.InlineObjectLiteralsTest#testObject24,761.000000
4436,com.google.javascript.jscomp.FunctionArgumentInjectorTest#testFindModifiedParameters10,266.000000
4437,com.google.javascript.jscomp.parsing.JsDocInfoParserTest#testBug909468,256.000000
4438,com.google.javascript.jscomp.TypeCheckTest#testInferredReturn7,1079.000000
4439,com.google.javascript.jscomp.InlineObjectLiteralsTest#testObject25,788.000000
4440,com.google.javascript.jscomp.parsing.JsDocInfoParserTest#testSingleTagsReordered,330.000000
4441,com.google.javascript.jscomp.FunctionArgumentInjectorTest#testFindModifiedParameters11,266.000000
4442,com.google.javascript.jscomp.TypeCheckTest#testInferredReturn8,1089.000000
4443,com.google.javascript.jscomp.InlineObjectLiteralsTest#testObject26,764.000000
4444,com.google.javascript.jscomp.parsing.JsDocInfoParserTest#testUnsupportedJsDocSyntax1,340.000000
4445,com.google.javascript.jscomp.FunctionArgumentInjectorTest#testMaybeAddTempsForCallArguments10,316.000000
4446,com.google.javascript.jscomp.TypeCheckTest#testOverriddenParams1,1053.000000
4447,com.google.javascript.jscomp.InlineObjectLiteralsTest#testObject1a,790.000000
4448,com.google.javascript.jscomp.FunctionArgumentInjectorTest#testMaybeAddTempsForCallArguments11,320.000000
4449,com.google.javascript.jscomp.parsing.JsDocInfoParserTest#testUnsupportedJsDocSyntax2,303.000000
4450,com.google.javascript.jscomp.TypeCheckTest#testOverriddenParams2,1057.000000
4451,com.google.javascript.jscomp.InlineObjectLiteralsTest#testBug545,743.000000
4452,com.google.javascript.jscomp.FunctionArgumentInjectorTest#testMaybeAddTempsForCallArguments12,321.000000
4453,com.google.javascript.jscomp.parsing.JsDocInfoParserTest#testDescriptionAnnotation,252.000000
4454,com.google.javascript.jscomp.TypeCheckTest#testOverriddenParams3,1075.000000
4455,com.google.javascript.jscomp.InlineObjectLiteralsTest#testIssue724,743.000000
4456,com.google.javascript.jscomp.FunctionArgumentInjectorTest#testMaybeAddTempsForCallArguments13,321.000000
4457,com.google.javascript.jscomp.parsing.JsDocInfoParserTest#testRegression1,317.000000
4458,com.google.javascript.jscomp.TypeCheckTest#testOverriddenParams4,1083.000000
4459,com.google.javascript.jscomp.UnreachableCodeEliminationTest#testCascadedRemovalOfUnlessUnconditonalJumps,707.000000
4460,com.google.javascript.jscomp.FunctionArgumentInjectorTest#testMaybeAddTempsForCallArguments14,322.000000
4461,com.google.javascript.jscomp.parsing.JsDocInfoParserTest#testRegression2,317.000000
4462,com.google.javascript.jscomp.TypeCheckTest#testOverriddenParams5,1090.000000
4463,com.google.javascript.jscomp.UnreachableCodeEliminationTest#testRemoveUselessStrings,611.000000
4464,com.google.javascript.jscomp.FunctionArgumentInjectorTest#testMaybeAddTempsForCallArguments20,311.000000
4465,com.google.javascript.jscomp.parsing.JsDocInfoParserTest#testRegression3,284.000000
4466,com.google.javascript.jscomp.TypeCheckTest#testOverriddenParams6,1118.000000
4467,com.google.javascript.jscomp.UnreachableCodeEliminationTest#testConditionalDeadCode,701.000000
4468,com.google.javascript.jscomp.FunctionArgumentInjectorTest#testMaybeAddTempsForCallArguments21,311.000000
4469,com.google.javascript.jscomp.parsing.JsDocInfoParserTest#testRegression6,310.000000
4470,com.google.javascript.jscomp.TypeCheckTest#testAssign1,1083.000000
4471,com.google.javascript.jscomp.UnreachableCodeEliminationTest#testSwitchCase,714.000000
4472,com.google.javascript.jscomp.parsing.JsDocInfoParserTest#testRegression7,317.000000
4473,com.google.javascript.jscomp.FunctionArgumentInjectorTest#testMaybeAddTempsForCallArguments22,316.000000
4474,com.google.javascript.jscomp.TypeCheckTest#testAssign2,1089.000000
4475,com.google.javascript.jscomp.UnreachableCodeEliminationTest#testRemoveUselessNameStatements,621.000000
4476,com.google.javascript.jscomp.parsing.JsDocInfoParserTest#testRegression8,317.000000
4477,com.google.javascript.jscomp.FunctionArgumentInjectorTest#testMaybeAddTempsForCallArguments23,310.000000
4478,com.google.javascript.jscomp.TypeCheckTest#testAssign3,1063.000000
4479,com.google.javascript.jscomp.UnreachableCodeEliminationTest#testNoRemoveUselessNameStatements,618.000000
4480,com.google.javascript.jscomp.parsing.JsDocInfoParserTest#testRegression9,314.000000
4481,com.google.javascript.jscomp.FunctionArgumentInjectorTest#testMaybeAddTempsForCallArguments24,311.000000
4482,com.google.javascript.jscomp.TypeCheckTest#testAssign4,1070.000000
4483,com.google.javascript.jscomp.UnreachableCodeEliminationTest#testIssue4177428_return,724.000000
4484,com.google.javascript.jscomp.parsing.JsDocInfoParserTest#testParseErrorTypes,325.000000
4485,com.google.javascript.jscomp.FunctionArgumentInjectorTest#testMaybeAddTempsForCallArguments26,315.000000
4486,com.google.javascript.jscomp.TypeCheckTest#testComparison2,1097.000000
4487,com.google.javascript.jscomp.UnreachableCodeEliminationTest#testRemoveDo,695.000000
4488,com.google.javascript.jscomp.parsing.JsDocInfoParserTest#testParseDefine1,319.000000
4489,com.google.javascript.jscomp.FunctionArgumentInjectorTest#testMaybeAddTempsForCallArguments27,311.000000
4490,com.google.javascript.jscomp.TypeCheckTest#testComparison3,1061.000000
4491,com.google.javascript.jscomp.UnreachableCodeEliminationTest#testIssue4177428_continue,738.000000
4492,com.google.javascript.jscomp.parsing.JsDocInfoParserTest#testParseDefine2,323.000000
4493,com.google.javascript.jscomp.FunctionArgumentInjectorTest#testMaybeAddTempsForCallArguments28,309.000000
4494,com.google.javascript.jscomp.TypeCheckTest#testComparison4,1061.000000
4495,com.google.javascript.jscomp.UnreachableCodeEliminationTest#testNoRemoveUseStrict,585.000000
4496,com.google.javascript.jscomp.parsing.JsDocInfoParserTest#testParseDefine3,319.000000
4497,com.google.javascript.jscomp.FunctionArgumentInjectorTest#testMaybeAddTempsForCallArguments29,309.000000
4498,com.google.javascript.jscomp.TypeCheckTest#testComparison5,1061.000000
4499,com.google.javascript.jscomp.UnreachableCodeEliminationTest#testRemoveUselessLiteralValueStatements,710.000000
4500,com.google.javascript.jscomp.parsing.JsDocInfoParserTest#testParseDefine4,319.000000
4501,com.google.javascript.jscomp.FunctionArgumentInjectorTest#testMaybeAddTempsForCallArguments30,311.000000
4502,com.google.javascript.jscomp.TypeCheckTest#testComparison7,1073.000000
4503,com.google.javascript.jscomp.UnreachableCodeEliminationTest#testUselessUnconditionalReturn,741.000000
4504,com.google.javascript.jscomp.parsing.JsDocInfoParserTest#testParseDefine5,329.000000
4505,com.google.javascript.jscomp.FunctionArgumentInjectorTest#testMaybeAddTempsForCallArguments31,311.000000
4506,com.google.javascript.jscomp.TypeCheckTest#testComparison8,1133.000000
4507,com.google.javascript.jscomp.UnreachableCodeEliminationTest#testAssignPropertyOnCreatedObject,721.000000
4508,com.google.javascript.jscomp.FunctionArgumentInjectorTest#testMaybeAddTempsForCallArguments32,311.000000
4509,com.google.javascript.jscomp.parsing.JsDocInfoParserTest#testSuppress2,269.000000
4510,com.google.javascript.jscomp.TypeCheckTest#testComparison9,1118.000000
4511,com.google.javascript.jscomp.UnreachableCodeEliminationTest#testIssue4177428_multifinally,685.000000
4512,com.google.javascript.jscomp.parsing.JsDocInfoParserTest#testParseInterface,273.000000
4513,com.google.javascript.jscomp.FunctionArgumentInjectorTest#testFindModifiedParameters1,272.000000
4514,com.google.javascript.jscomp.TypeCheckTest#testCallErrorConstructorAsFunction,1074.000000
4515,com.google.javascript.jscomp.UnreachableCodeEliminationTest#testRemovalRequiresRedeclaration,690.000000
4516,com.google.javascript.jscomp.FunctionArgumentInjectorTest#testFindModifiedParameters2,270.000000
4517,com.google.javascript.jscomp.parsing.JsDocInfoParserTest#testParseInheritDoc1,265.000000
4518,com.google.javascript.jscomp.TypeCheckTest#testNamespacedConstructor,1113.000000
4519,com.google.javascript.jscomp.UnreachableCodeEliminationTest#testIssue311,737.000000
4520,com.google.javascript.jscomp.FunctionArgumentInjectorTest#testFindModifiedParameters3,275.000000
4521,com.google.javascript.jscomp.parsing.JsDocInfoParserTest#testParseInheritDoc2,269.000000
4522,com.google.javascript.jscomp.TypeCheckTest#testFlowScopeBug1,1081.000000
4523,com.google.javascript.jscomp.UnreachableCodeEliminationTest#testForInLoop,646.000000
4524,com.google.javascript.jscomp.FunctionArgumentInjectorTest#testFindModifiedParameters4,275.000000
4525,com.google.javascript.jscomp.parsing.JsDocInfoParserTest#testParseInheritDoc3,269.000000
4526,com.google.javascript.jscomp.TypeCheckTest#testFlowScopeBug2,1123.000000
4527,com.google.javascript.jscomp.UnreachableCodeEliminationTest#testIssue4177428a,734.000000
4528,com.google.javascript.jscomp.FunctionArgumentInjectorTest#testFindModifiedParameters5,280.000000
4529,com.google.javascript.jscomp.parsing.JsDocInfoParserTest#testParseLicenseAscii,270.000000
4530,com.google.javascript.jscomp.TypeCheckTest#testBadMultipleExtendsClass,1063.000000
4531,com.google.javascript.jscomp.UnreachableCodeEliminationTest#testIssue4177428b,721.000000
4532,com.google.javascript.jscomp.parsing.JsDocInfoParserTest#testAuthorMissing,280.000000
4533,com.google.javascript.jscomp.FunctionArgumentInjectorTest#testFindModifiedParameters6,263.000000
4534,com.google.javascript.jscomp.TypeCheckTest#testConstructorAlias1,1093.000000
4535,com.google.javascript.jscomp.UnreachableCodeEliminationTest#testIssue4177428c,734.000000
4536,com.google.javascript.jscomp.FunctionArgumentInjectorTest#testFindModifiedParameters7,265.000000
4537,com.google.javascript.jscomp.parsing.JsDocInfoParserTest#testParseInvalidTypeViaStatic2,231.000000
4538,com.google.javascript.jscomp.TypeCheckTest#testConstructorAlias2,1093.000000
4539,com.google.javascript.jscomp.UnreachableCodeEliminationTest#testUnlessUnconditonalBreak,749.000000
4540,com.google.javascript.jscomp.parsing.JsDocInfoParserTest#testBadTypeDefInterfaceAndConstructor1,279.000000
4541,com.google.javascript.jscomp.FunctionArgumentInjectorTest#testFindModifiedParameters8,265.000000
4542,com.google.javascript.jscomp.TypeCheckTest#testConstructorAlias3,1093.000000
4543,com.google.javascript.jscomp.VariableReferenceCheckTest#testRedeclare,657.000000
4544,com.google.javascript.jscomp.parsing.JsDocInfoParserTest#testBadTypeDefInterfaceAndConstructor2,279.000000
4545,com.google.javascript.jscomp.FunctionArgumentInjectorTest#testFindModifiedParameters9,264.000000
4546,com.google.javascript.jscomp.TypeCheckTest#testConstructorAlias4,1108.000000
4547,com.google.javascript.jscomp.VariableReferenceCheckTest#testUnreferencedBleedingFunction,627.000000
4548,com.google.javascript.jscomp.MaybeReachingVariableUseTest#testTryCatch,404.000000
4549,com.google.javascript.jscomp.parsing.JsDocInfoParserTest#testBadClassMultiExtends,304.000000
4550,com.google.javascript.jscomp.TypeCheckTest#testConstructorAlias5,1093.000000
4551,com.google.javascript.jscomp.VariableReferenceCheckTest#testDoubleDeclaration2,658.000000
4552,com.google.javascript.jscomp.MaybeReachingVariableUseTest#testInc,388.000000
4553,com.google.javascript.jscomp.parsing.JsDocInfoParserTest#testRegression10,333.000000
4554,com.google.javascript.jscomp.TypeCheckTest#testConstructorAlias6,1093.000000
4555,com.google.javascript.jscomp.VariableReferenceCheckTest#testCorrectRecursion,648.000000
4556,com.google.javascript.jscomp.MaybeReachingVariableUseTest#testForIn,390.000000
4557,com.google.javascript.jscomp.parsing.JsDocInfoParserTest#testRegression11,284.000000
4558,com.google.javascript.jscomp.TypeCheckTest#testConstructorAlias7,1109.000000
4559,com.google.javascript.jscomp.VariableReferenceCheckTest#testCorrectCatch,650.000000
4560,com.google.javascript.jscomp.MaybeReachingVariableUseTest#testLoops,405.000000
4561,com.google.javascript.jscomp.parsing.JsDocInfoParserTest#testRegression12,342.000000
4562,com.google.javascript.jscomp.TypeCheckTest#testConstructorAlias8,1117.000000
4563,com.google.javascript.jscomp.VariableReferenceCheckTest#testCorrectRedeclare,654.000000
4564,com.google.javascript.jscomp.MaybeReachingVariableUseTest#testHook,401.000000
4565,com.google.javascript.jscomp.parsing.JsDocInfoParserTest#testRegression13,335.000000
4566,com.google.javascript.jscomp.TypeCheckTest#testConstructorAlias9,1117.000000
4567,com.google.javascript.jscomp.VariableReferenceCheckTest#testDoubleDeclaration,658.000000
4568,com.google.javascript.jscomp.MaybeReachingVariableUseTest#testStraightLine,390.000000
4569,com.google.javascript.jscomp.parsing.JsDocInfoParserTest#testRegression14,279.000000
4570,com.google.javascript.jscomp.TypeCheckTest#testTypeInferenceWithClosure1,1111.000000
4571,com.google.javascript.jscomp.VariableReferenceCheckTest#testCorrectShadowing,646.000000
4572,com.google.javascript.jscomp.MaybeReachingVariableUseTest#testAssignmentOps,390.000000
4573,com.google.javascript.jscomp.parsing.JsDocInfoParserTest#testRegression15,288.000000
4574,com.google.javascript.jscomp.TypeCheckTest#testTypeInferenceWithClosure2,1139.000000
4575,com.google.javascript.jscomp.VariableReferenceCheckTest#testNoWarnInExterns1,646.000000
4576,com.google.javascript.jscomp.MaybeReachingVariableUseTest#testConditional,391.000000
4577,com.google.javascript.jscomp.parsing.JsDocInfoParserTest#testRegression16,320.000000
4578,com.google.javascript.jscomp.TypeCheckTest#testUnknownPrototypeChain,1102.000000
4579,com.google.javascript.jscomp.VariableReferenceCheckTest#testNoWarnInExterns2,588.000000
4580,com.google.javascript.jscomp.MaybeReachingVariableUseTest#testUseAndDefInSameInstruction,390.000000
4581,com.google.javascript.jscomp.parsing.JsDocInfoParserTest#testRegression17,264.000000
4582,com.google.javascript.jscomp.TypeCheckTest#testInterfacePropertyNotImplemented2,1104.000000
4583,com.google.javascript.jscomp.VariableReferenceCheckTest#testNonHoistedFunction2,644.000000
4584,com.google.javascript.jscomp.MaybeReachingVariableUseTest#testAssignmentInExpressions,399.000000
4585,com.google.javascript.jscomp.parsing.JsDocInfoParserTest#testBugAnnotation,252.000000
4586,com.google.javascript.jscomp.TypeCheckTest#testInterfaceAssignment1,1091.000000
4587,com.google.javascript.jscomp.VariableReferenceCheckTest#testNonHoistedFunction3,645.000000
4588,com.google.javascript.jscomp.parsing.JsDocInfoParserTest#testPublicType,315.000000
4589,com.google.javascript.jscomp.ControlFlowAnalysisTest#testSimpleWhile,312.000000
4590,com.google.javascript.jscomp.TypeCheckTest#testInterfaceAssignment2,1098.000000
4591,com.google.javascript.jscomp.VariableReferenceCheckTest#testNonHoistedFunction4,666.000000
4592,com.google.javascript.jscomp.parsing.JsDocInfoParserTest#testParseRecordType10,308.000000
4593,com.google.javascript.jscomp.ControlFlowAnalysisTest#testPartialTraversalOfScope,275.000000
4594,com.google.javascript.jscomp.TypeCheckTest#testInterfaceAssignment3,1093.000000
4595,com.google.javascript.jscomp.VariableReferenceCheckTest#testNonHoistedFunction5,666.000000
4596,com.google.javascript.jscomp.ControlFlowAnalysisTest#testSimpleCatchFinally,319.000000
4597,com.google.javascript.jscomp.parsing.JsDocInfoParserTest#testParseRecordType11,312.000000
4598,com.google.javascript.jscomp.TypeCheckTest#testInterfaceAssignment4,1093.000000
4599,com.google.javascript.jscomp.VariableReferenceCheckTest#testNonHoistedFunction6,662.000000
4600,com.google.javascript.jscomp.ControlFlowAnalysisTest#testSimpleFor,326.000000
4601,com.google.javascript.jscomp.parsing.JsDocInfoParserTest#testParseRecordType12,283.000000
4602,com.google.javascript.jscomp.TypeCheckTest#testInterfaceAssignment5,1095.000000
4603,com.google.javascript.jscomp.VariableReferenceCheckTest#testNonHoistedFunction7,664.000000
4604,com.google.javascript.jscomp.ControlFlowAnalysisTest#testForIn,317.000000
4605,com.google.javascript.jscomp.parsing.JsDocInfoParserTest#testParseRecordType13,311.000000
4606,com.google.javascript.jscomp.TypeCheckTest#testInterfaceAssignment6,1096.000000
4607,com.google.javascript.jscomp.VariableReferenceCheckTest#testEarlyReference,672.000000
4608,com.google.javascript.jscomp.ControlFlowAnalysisTest#testComplicatedFinally2,331.000000
4609,com.google.javascript.jscomp.parsing.JsDocInfoParserTest#testParseRecordType14,311.000000
4610,com.google.javascript.jscomp.TypeCheckTest#testInterfaceAssignment7,1100.000000
4611,com.google.javascript.jscomp.VariableReferenceCheckTest#testNonHoistedRecursiveFunction1,650.000000
4612,com.google.javascript.jscomp.ControlFlowAnalysisTest#testThrow,318.000000
4613,com.google.javascript.jscomp.parsing.JsDocInfoParserTest#testParseRecordType15,311.000000
4614,com.google.javascript.jscomp.TypeCheckTest#testInterfaceAssignment8,1086.000000
4615,com.google.javascript.jscomp.VariableReferenceCheckTest#testNonHoistedRecursiveFunction2,651.000000
4616,com.google.javascript.jscomp.ControlFlowAnalysisTest#testLocalFunctionOrder,312.000000
4617,com.google.javascript.jscomp.parsing.JsDocInfoParserTest#testParseRecordType16,311.000000
4618,com.google.javascript.jscomp.TypeCheckTest#testInterfaceAssignment9,1146.000000
4619,com.google.javascript.jscomp.VariableReferenceCheckTest#testNonHoistedRecursiveFunction3,651.000000
4620,com.google.javascript.jscomp.parsing.JsDocInfoParserTest#testParseRecordType17,311.000000
4621,com.google.javascript.jscomp.ControlFlowAnalysisTest#testSimpleFinally,303.000000
4622,com.google.javascript.jscomp.TypeCheckTest#testBadDict,1054.000000
4623,com.google.javascript.jscomp.VariableReferenceCheckTest#testCorrectCode,672.000000
4624,com.google.javascript.jscomp.parsing.JsDocInfoParserTest#testParseRecordType18,311.000000
4625,com.google.javascript.jscomp.ControlFlowAnalysisTest#testSwitchDefaultFirst,298.000000
4626,com.google.javascript.jscomp.TypeCheckTest#testPropertyInferredPropagation,1151.000000
4627,com.google.javascript.jscomp.VariableReferenceCheckTest#testHoistedFunction1,632.000000
4628,com.google.javascript.jscomp.ControlFlowAnalysisTest#testDeepNestedFinally,320.000000
4629,com.google.javascript.jscomp.parsing.JsDocInfoParserTest#testParseRecordType19,311.000000
4630,com.google.javascript.jscomp.TypeCheckTest#testBitOperation1,1094.000000
4631,com.google.javascript.jscomp.VariableReferenceCheckTest#testHoistedFunction2,633.000000
4632,com.google.javascript.jscomp.parsing.JsDocInfoParserTest#testParseRecordType20,311.000000
4633,com.google.javascript.jscomp.ControlFlowAnalysisTest#testSimpleStatements,285.000000
4634,com.google.javascript.jscomp.TypeCheckTest#testBitOperation3,1112.000000
4635,com.google.javascript.jscomp.VariableReferenceCheckTest#testCorrectEarlyReference,659.000000
4636,com.google.javascript.jscomp.ControlFlowAnalysisTest#testReturnThrowingException,316.000000
4637,com.google.javascript.jscomp.parsing.JsDocInfoParserTest#testParseRecordType21,311.000000
4638,com.google.javascript.jscomp.TypeCheckTest#testBitOperation4,1112.000000
4639,com.google.javascript.jscomp.VariableReferenceCheckTest#testReferencedBleedingFunction,640.000000
4640,com.google.javascript.jscomp.ControlFlowAnalysisTest#testSimpleSwitch,315.000000
4641,com.google.javascript.jscomp.parsing.JsDocInfoParserTest#testParseRecordType22,313.000000
4642,com.google.javascript.jscomp.TypeCheckTest#testBitOperation5,1112.000000
4643,com.google.javascript.jscomp.MoveFunctionDeclarationsTest#testFunctionsExpression,571.000000
4644,com.google.javascript.jscomp.parsing.JsDocInfoParserTest#testParseRecordType23,312.000000
4645,com.google.javascript.jscomp.ControlFlowAnalysisTest#testBreakingTryBlock,309.000000
4646,com.google.javascript.jscomp.TypeCheckTest#testBitOperation6,1122.000000
4647,com.google.javascript.jscomp.MoveFunctionDeclarationsTest#testFunctionDeclarations,564.000000
4648,com.google.javascript.jscomp.ControlFlowAnalysisTest#testOptionNotToTraverseFunctions,316.000000
4649,com.google.javascript.jscomp.parsing.JsDocInfoParserTest#testParseStringType1,314.000000
4650,com.google.javascript.jscomp.TypeCheckTest#testBitOperation8,1079.000000
4651,com.google.javascript.jscomp.InlineSimpleMethodsTest#testSimpleGetterInline1,634.000000
4652,com.google.javascript.jscomp.parsing.JsDocInfoParserTest#testParseStringType2,325.000000
4653,com.google.javascript.jscomp.ControlFlowAnalysisTest#testSimpleNoDefault,309.000000
4654,com.google.javascript.jscomp.TypeCheckTest#testBitOperation9,1104.000000
4655,com.google.javascript.jscomp.InlineSimpleMethodsTest#testCallWithConstArgs,647.000000
4656,com.google.javascript.jscomp.ControlFlowAnalysisTest#testInstanceOf,313.000000
4657,com.google.javascript.jscomp.parsing.JsDocInfoParserTest#testParseNoAlias2,269.000000
4658,com.google.javascript.jscomp.TypeCheckTest#testBadConstructorCall,1091.000000
4659,com.google.javascript.jscomp.InlineSimpleMethodsTest#testExternFunction,610.000000
4660,com.google.javascript.jscomp.parsing.JsDocInfoParserTest#testParseReturnType1,342.000000
4661,com.google.javascript.jscomp.ControlFlowAnalysisTest#testReturnInFinally,302.000000
4662,com.google.javascript.jscomp.TypeCheckTest#testPropertyUsedBeforeDefinition1,1115.000000
4663,com.google.javascript.jscomp.InlineSimpleMethodsTest#testSkipConflictingMethods,627.000000
4664,com.google.javascript.jscomp.parsing.JsDocInfoParserTest#testParseReturnType2,343.000000
4665,com.google.javascript.jscomp.ControlFlowAnalysisTest#testNestedDoWithBreak,320.000000
4666,com.google.javascript.jscomp.TypeCheckTest#testPropertyUsedBeforeDefinition2,1137.000000
4667,com.google.javascript.jscomp.InlineSimpleMethodsTest#testSimpleSetterInline1,635.000000
4668,com.google.javascript.jscomp.parsing.JsDocInfoParserTest#testParseReturnType3,342.000000
4669,com.google.javascript.jscomp.ControlFlowAnalysisTest#testFunctionWithinTry,319.000000
4670,com.google.javascript.jscomp.TypeCheckTest#testStubFunctionDeclaration10,1065.000000
4671,com.google.javascript.jscomp.InlineSimpleMethodsTest#testObjectLit,641.000000
4672,com.google.javascript.jscomp.parsing.JsDocInfoParserTest#testParseParameterizedType11,348.000000
4673,com.google.javascript.jscomp.ControlFlowAnalysisTest#testLabelledForInLoopOrder,329.000000
4674,com.google.javascript.jscomp.TypeCheckTest#testPrototypePropertyTypes,1066.000000
4675,com.google.javascript.jscomp.InlineSimpleMethodsTest#testSameNamesDifferentDefinitions,627.000000
4676,com.google.javascript.jscomp.parsing.JsDocInfoParserTest#testParseNullType1,314.000000
4677,com.google.javascript.jscomp.ControlFlowAnalysisTest#testSimpleIf,303.000000
4678,com.google.javascript.jscomp.TypeCheckTest#testBooleanUnboxing,1075.000000
4679,com.google.javascript.jscomp.InlineSimpleMethodsTest#testEmptyMethodInlineWithSideEffects,636.000000
4680,com.google.javascript.jscomp.parsing.JsDocInfoParserTest#testParseNullType2,314.000000
4681,com.google.javascript.jscomp.ControlFlowAnalysisTest#testSimpleFunction,312.000000
4682,com.google.javascript.jscomp.TypeCheckTest#testAnnotatedPropertyOnInterface1,1062.000000
4683,com.google.javascript.jscomp.InlineSimpleMethodsTest#testCallWithArgs,646.000000
4684,com.google.javascript.jscomp.ControlFlowAnalysisTest#testSwitchEmpty,294.000000
4685,com.google.javascript.jscomp.parsing.JsDocInfoParserTest#testParseNoCheck2,269.000000
4686,com.google.javascript.jscomp.TypeCheckTest#testAnnotatedPropertyOnInterface2,1062.000000
4687,com.google.javascript.jscomp.InlineSimpleMethodsTest#testObjectLit2,642.000000
4688,com.google.javascript.jscomp.parsing.JsDocInfoParserTest#testParseExtendsNullable1,293.000000
4689,com.google.javascript.jscomp.ControlFlowAnalysisTest#testReturn,289.000000
4690,com.google.javascript.jscomp.TypeCheckTest#testAnnotatedPropertyOnInterface3,1053.000000
4691,com.google.javascript.jscomp.InlineSimpleMethodsTest#testConstantArrayInline,653.000000
4692,com.google.javascript.jscomp.ControlFlowAnalysisTest#testDeepNestedBreakwithFinally,317.000000
4693,com.google.javascript.jscomp.parsing.JsDocInfoParserTest#testParseExtendsNullable2,293.000000
4694,com.google.javascript.jscomp.TypeCheckTest#testAnnotatedPropertyOnInterface4,1160.000000
4695,com.google.javascript.jscomp.InlineSimpleMethodsTest#testNestedProperties,633.000000
4696,com.google.javascript.jscomp.parsing.JsDocInfoParserTest#testPrivateType,315.000000
4697,com.google.javascript.jscomp.ControlFlowAnalysisTest#testForLoopOrder,311.000000
4698,com.google.javascript.jscomp.TypeCheckTest#testSuperClassDefinedAfterSubClass1,1096.000000
4699,com.google.javascript.jscomp.InlineSimpleMethodsTest#testIssue2508576_1,608.000000
4700,com.google.javascript.jscomp.ControlFlowAnalysisTest#testBreakInFinally1,323.000000
4701,com.google.javascript.jscomp.parsing.JsDocInfoParserTest#testParseFunctionalType1,323.000000
4702,com.google.javascript.jscomp.TypeCheckTest#testSuperClassDefinedAfterSubClass2,1096.000000
4703,com.google.javascript.jscomp.InlineSimpleMethodsTest#testIssue2508576_2,633.000000
4704,com.google.javascript.jscomp.parsing.JsDocInfoParserTest#testParseFunctionalType2,331.000000
4705,com.google.javascript.jscomp.ControlFlowAnalysisTest#testBreakInFinally2,322.000000
4706,com.google.javascript.jscomp.TypeCheckTest#testBooleanAutoboxing,1060.000000
4707,com.google.javascript.jscomp.InlineSimpleMethodsTest#testIssue2508576_3,600.000000
4708,com.google.javascript.jscomp.parsing.JsDocInfoParserTest#testParseFunctionalType3,338.000000
4709,com.google.javascript.jscomp.ControlFlowAnalysisTest#testNestedCatch,312.000000
4710,com.google.javascript.jscomp.TypeCheckTest#testTypeCheckCustomExterns,1099.000000
4711,com.google.javascript.jscomp.InlineSimpleMethodsTest#testAnonymousGet,622.000000
4712,com.google.javascript.jscomp.parsing.JsDocInfoParserTest#testParseFunctionalType4,337.000000
4713,com.google.javascript.jscomp.ControlFlowAnalysisTest#testBreakingBlock,298.000000
4714,com.google.javascript.jscomp.TypeCheckTest#testUndeclaredGlobalProperty1,1108.000000
4715,com.google.javascript.jscomp.InlineSimpleMethodsTest#testAnonymousSet,622.000000
4716,com.google.javascript.jscomp.parsing.JsDocInfoParserTest#testParseFunctionalType5,338.000000
4717,com.google.javascript.jscomp.ControlFlowAnalysisTest#testReturnInTry,317.000000
4718,com.google.javascript.jscomp.TypeCheckTest#testUndeclaredGlobalProperty2,1135.000000
4719,com.google.javascript.jscomp.InlineSimpleMethodsTest#testNoInlineOfDangerousProperty,633.000000
4720,com.google.javascript.jscomp.parsing.JsDocInfoParserTest#testParseFunctionalType6,349.000000
4721,com.google.javascript.jscomp.ControlFlowAnalysisTest#testSimpleForWithContinue,332.000000
4722,com.google.javascript.jscomp.TypeCheckTest#testStringAutoboxing,1063.000000
4723,com.google.javascript.jscomp.InlineSimpleMethodsTest#testNormalMethod,637.000000
4724,com.google.javascript.jscomp.LiveVariableAnalysisTest#testExceptionThrowingAssignments,410.000000
4725,com.google.javascript.jscomp.parsing.JsDocInfoParserTest#testParseFunctionalType7,313.000000
4726,com.google.javascript.jscomp.TypeCheckTest#testDirectPrototypeAssignment1,1108.000000
4727,com.google.javascript.jscomp.InlineSimpleMethodsTest#testConstantInlineWithSideEffects,651.000000
4728,com.google.javascript.jscomp.LiveVariableAnalysisTest#testEscaped,408.000000
4729,com.google.javascript.jscomp.parsing.JsDocInfoParserTest#testParseFunctionalType8,348.000000
4730,com.google.javascript.jscomp.TypeCheckTest#testDirectPrototypeAssignment2,1096.000000
4731,com.google.javascript.jscomp.InlineSimpleMethodsTest#testEmptyMethodInlineInAssign1,654.000000
4732,com.google.javascript.jscomp.LiveVariableAnalysisTest#testThreePaths,407.000000
4733,com.google.javascript.jscomp.parsing.JsDocInfoParserTest#testParseFunctionalType9,352.000000
4734,com.google.javascript.jscomp.TypeCheckTest#testDirectPrototypeAssignment3,1085.000000
4735,com.google.javascript.jscomp.InlineSimpleMethodsTest#testEmptyMethodInlineInAssign2,656.000000
4736,com.google.javascript.jscomp.LiveVariableAnalysisTest#testTwoPaths,417.000000
4737,com.google.javascript.jscomp.parsing.JsDocInfoParserTest#testParseExtendsGenerics,333.000000
4738,com.google.javascript.jscomp.TypeCheckTest#testDefinePropertyOnNullableObject1,1105.000000
4739,com.google.javascript.jscomp.InlineSimpleMethodsTest#testSkipComplexMethods,640.000000
4740,com.google.javascript.jscomp.LiveVariableAnalysisTest#testAssignAndReadInCondition,406.000000
4741,com.google.javascript.jscomp.parsing.JsDocInfoParserTest#testIssue477,268.000000
4742,com.google.javascript.jscomp.TypeCheckTest#testFunctionBind1,1130.000000
4743,com.google.javascript.jscomp.InlineSimpleMethodsTest#testNoInlineOfExternMethods1,576.000000
4744,com.google.javascript.jscomp.LiveVariableAnalysisTest#testConditions,410.000000
4745,com.google.javascript.jscomp.parsing.JsDocInfoParserTest#testParseUndefinedType1,314.000000
4746,com.google.javascript.jscomp.TypeCheckTest#testFunctionBind3,1130.000000
4747,com.google.javascript.jscomp.InlineSimpleMethodsTest#testNoInlineOfExternMethods2,598.000000
4748,com.google.javascript.jscomp.LiveVariableAnalysisTest#testProperties,408.000000
4749,com.google.javascript.jscomp.parsing.JsDocInfoParserTest#testParseUndefinedType2,314.000000
4750,com.google.javascript.jscomp.TypeCheckTest#testFunctionBind4,1117.000000
4751,com.google.javascript.jscomp.InlineSimpleMethodsTest#testNoInlineOfExternMethods3,622.000000
4752,com.google.javascript.jscomp.LiveVariableAnalysisTest#testHooks,407.000000
4753,com.google.javascript.jscomp.parsing.JsDocInfoParserTest#testParseUndefinedType3,314.000000
4754,com.google.javascript.jscomp.TypeCheckTest#testFunctionBind5,1117.000000
4755,com.google.javascript.jscomp.InlineSimpleMethodsTest#testNoWarn,638.000000
4756,com.google.javascript.jscomp.LiveVariableAnalysisTest#testParam,394.000000
4757,com.google.javascript.jscomp.parsing.JsDocInfoParserTest#testFileOverviewSingleLine,281.000000
4758,com.google.javascript.jscomp.TypeCheckTest#testFunctionCall1,1088.000000
4759,com.google.javascript.jscomp.InlineSimpleMethodsTest#testSimpleInline1,638.000000
4760,com.google.javascript.jscomp.LiveVariableAnalysisTest#testStraightLine,406.000000
4761,com.google.javascript.jscomp.parsing.JsDocInfoParserTest#testParseWithMarkerNames1,324.000000
4762,com.google.javascript.jscomp.TypeCheckTest#testFunctionCall2,1109.000000
4763,com.google.javascript.jscomp.InlineSimpleMethodsTest#testSimpleInline2,653.000000
4764,com.google.javascript.jscomp.LiveVariableAnalysisTest#testForInAssignment,411.000000
4765,com.google.javascript.jscomp.parsing.JsDocInfoParserTest#testParseWithMarkerNames2,330.000000
4766,com.google.javascript.jscomp.TypeCheckTest#testFunctionCall3,1095.000000
4767,com.google.javascript.jscomp.InlineSimpleMethodsTest#testConfusingNames,617.000000
4768,com.google.javascript.jscomp.LiveVariableAnalysisTest#testEscapedLiveness,392.000000
4769,com.google.javascript.jscomp.parsing.JsDocInfoParserTest#testParseWithMarkerNames3,330.000000
4770,com.google.javascript.jscomp.TypeCheckTest#testFunctionCall4,1119.000000
4771,com.google.javascript.jscomp.InlineSimpleMethodsTest#testSelfInline,625.000000
4772,com.google.javascript.jscomp.LiveVariableAnalysisTest#testInnerFunctions,399.000000
4773,com.google.javascript.jscomp.parsing.JsDocInfoParserTest#testMultilineDocumentationParameter,321.000000
4774,com.google.javascript.jscomp.TypeCheckTest#testFunctionCall5,1107.000000
4775,com.google.javascript.jscomp.ReplaceCssNamesTest#testNonStringArgument,537.000000
4776,com.google.javascript.jscomp.LiveVariableAnalysisTest#testSwitches,420.000000
4777,com.google.javascript.jscomp.parsing.JsDocInfoParserTest#testParseUnionType1,325.000000
4778,com.google.javascript.jscomp.TypeCheckTest#testFunctionCall6,1104.000000
4779,com.google.javascript.jscomp.ReplaceCssNamesTest#testTwoArgsWithStringLiterals,545.000000
4780,com.google.javascript.jscomp.LiveVariableAnalysisTest#testForLoops,421.000000
4781,com.google.javascript.jscomp.parsing.JsDocInfoParserTest#testParseUnionType2,325.000000
4782,com.google.javascript.jscomp.TypeCheckTest#testFunctionCall7,1103.000000
4783,com.google.javascript.jscomp.ReplaceCssNamesTest#testWhitelistWithDashes,577.000000
4784,com.google.javascript.jscomp.LiveVariableAnalysisTest#testArrays,410.000000
4785,com.google.javascript.jscomp.parsing.JsDocInfoParserTest#testParseUnionType3,324.000000
4786,com.google.javascript.jscomp.TypeCheckTest#testFunctionCall8,1100.000000
4787,com.google.javascript.jscomp.ReplaceCssNamesTest#testOneArgWithCompositeClassNamesWithUnknownParts,607.000000
4788,com.google.javascript.jscomp.LiveVariableAnalysisTest#testExpressionInForIn,403.000000
4789,com.google.javascript.jscomp.parsing.JsDocInfoParserTest#testParseUnionType4,353.000000
4790,com.google.javascript.jscomp.TypeCheckTest#testBadExtends1,1095.000000
4791,com.google.javascript.jscomp.ReplaceCssNamesTest#testOneArgWithCompositeClassNamesFull,578.000000
4792,com.google.javascript.jscomp.LiveVariableAnalysisTest#testBug1449316,411.000000
4793,com.google.javascript.jscomp.parsing.JsDocInfoParserTest#testParseUnionType5,353.000000
4794,com.google.javascript.jscomp.TypeCheckTest#testBadExtends2,1130.000000
4795,com.google.javascript.jscomp.ReplaceCssNamesTest#testTwoArsWithVariableFirstArg,597.000000
4796,com.google.javascript.jscomp.LiveVariableAnalysisTest#testNestedLoops,415.000000
4797,com.google.javascript.jscomp.parsing.JsDocInfoParserTest#testParseUnionType6,353.000000
4798,com.google.javascript.jscomp.TypeCheckTest#testBadExtends3,1058.000000
4799,com.google.javascript.jscomp.ReplaceCssNamesTest#testWhitelistByWhole,575.000000
4800,com.google.javascript.jscomp.parsing.JsDocInfoParserTest#testParseUnionType7,353.000000
4801,com.google.javascript.jscomp.GoogleCodingConventionTest#testInheritanceDetection1,260.000000
4802,com.google.javascript.jscomp.TypeCheckTest#testBadExtends4,1138.000000
4803,com.google.javascript.jscomp.ReplaceCssNamesTest#testDoNotUseReplacementMap,588.000000
4804,com.google.javascript.jscomp.parsing.JsDocInfoParserTest#testParseUnionType8,352.000000
4805,com.google.javascript.jscomp.GoogleCodingConventionTest#testInheritanceDetection2,265.000000
4806,com.google.javascript.jscomp.TypeCheckTest#testPropertyCanBeDefinedInObject,1101.000000
4807,com.google.javascript.jscomp.ReplaceCssNamesTest#testOneArgWithCompositeClassNames,591.000000
4808,com.google.javascript.jscomp.parsing.JsDocInfoParserTest#testParseUnionType9,352.000000
4809,com.google.javascript.jscomp.GoogleCodingConventionTest#testInheritanceDetection3,265.000000
4810,com.google.javascript.jscomp.TypeCheckTest#testLends10,1147.000000
4811,com.google.javascript.jscomp.ReplaceCssNamesTest#testOneArgWithUnknownStringLiterals,607.000000
4812,com.google.javascript.jscomp.parsing.JsDocInfoParserTest#testBug1419535,311.000000
4813,com.google.javascript.jscomp.GoogleCodingConventionTest#testInheritanceDetection4,265.000000
4814,com.google.javascript.jscomp.TypeCheckTest#testLends11,1156.000000
4815,com.google.javascript.jscomp.ReplaceCssNamesTest#testManyArguments,522.000000
4816,com.google.javascript.jscomp.parsing.JsDocInfoParserTest#testFileOverviewDuplicate,285.000000
4817,com.google.javascript.jscomp.GoogleCodingConventionTest#testInheritanceDetection5,265.000000
4818,com.google.javascript.jscomp.TypeCheckTest#testTypeCheckBasicDowncast,1053.000000
4819,com.google.javascript.jscomp.ReplaceCssNamesTest#testZeroArguments,517.000000
4820,com.google.javascript.jscomp.parsing.JsDocInfoParserTest#testParseOptionalModifier,340.000000
4821,com.google.javascript.jscomp.GoogleCodingConventionTest#testInheritanceDetection6,264.000000
4822,com.google.javascript.jscomp.TypeCheckTest#testConstructorType10,1067.000000
4823,com.google.javascript.jscomp.ReplaceCssNamesTest#testOneArgWithSimpleStringLiterals,591.000000
4824,com.google.javascript.jscomp.parsing.JsDocInfoParserTest#testDocumentationMultipleParameter2,320.000000
4825,com.google.javascript.jscomp.GoogleCodingConventionTest#testInheritanceDetection7,264.000000
4826,com.google.javascript.jscomp.TypeCheckTest#testConstructorType11,1067.000000
4827,com.google.javascript.jscomp.CoalesceVariableNamesTest#testEscaped,742.000000
4828,com.google.javascript.jscomp.parsing.JsDocInfoParserTest#testParseNamedTypeError1,308.000000
4829,com.google.javascript.jscomp.GoogleCodingConventionTest#testInheritanceDetection8,262.000000
4830,com.google.javascript.jscomp.TypeCheckTest#testConstructorType12,1071.000000
4831,com.google.javascript.jscomp.CoalesceVariableNamesTest#testParameter,776.000000
4832,com.google.javascript.jscomp.parsing.JsDocInfoParserTest#testParseNamedTypeError2,308.000000
4833,com.google.javascript.jscomp.GoogleCodingConventionTest#testInheritanceDetection9,266.000000
4834,com.google.javascript.jscomp.TypeCheckTest#testParameterizedObject1,1108.000000
4835,com.google.javascript.jscomp.CoalesceVariableNamesTest#testTryCatch,742.000000
4836,com.google.javascript.jscomp.parsing.JsDocInfoParserTest#testParseArrayType1,308.000000
4837,com.google.javascript.jscomp.GoogleCodingConventionTest#testInheritanceDetectionPostCollapseProperties,261.000000
4838,com.google.javascript.jscomp.TypeCheckTest#testParameterizedObject2,1106.000000
4839,com.google.javascript.jscomp.CoalesceVariableNamesTest#testFor,793.000000
4840,com.google.javascript.jscomp.parsing.JsDocInfoParserTest#testParseArrayType2,314.000000
4841,com.google.javascript.jscomp.GoogleCodingConventionTest#testInheritanceDetection10,266.000000
4842,com.google.javascript.jscomp.TypeCheckTest#testParameterizedObject3,1106.000000
4843,com.google.javascript.jscomp.CoalesceVariableNamesTest#testForIn,797.000000
4844,com.google.javascript.jscomp.parsing.JsDocInfoParserTest#testParseArrayType3,318.000000
4845,com.google.javascript.jscomp.TypeCheckTest#testParameterizedObject4,1142.000000
4846,com.google.javascript.jscomp.CoalesceVariableNamesTest#testLoops,796.000000
4847,com.google.javascript.jscomp.parsing.JsDocInfoParserTest#testMalformedThisAnnotation,268.000000
4848,com.google.javascript.jscomp.TypeCheckTest#testParameterizedObject5,1137.000000
4849,com.google.javascript.jscomp.CoalesceVariableNamesTest#testSwitchCase,789.000000
4850,com.google.javascript.jscomp.parsing.JsDocInfoParserTest#testParseThrows2,303.000000
4851,com.google.javascript.jscomp.TypeCheckTest#testDontAddMethodsIfNoConstructor,1073.000000
4852,com.google.javascript.jscomp.CoalesceVariableNamesTest#testDeadAssignment,775.000000
4853,com.google.javascript.jscomp.parsing.JsDocInfoParserTest#testVersionDuplication,284.000000
4854,com.google.javascript.jscomp.TypeCheckTest#testConstructorAlias10,1093.000000
4855,com.google.javascript.jscomp.CoalesceVariableNamesTest#testForInWithAssignment,800.000000
4856,com.google.javascript.jscomp.parsing.JsDocInfoParserTest#testParserWithTemplateTypeNameMissing,259.000000
4857,com.google.javascript.jscomp.TypeCheckTest#testOptionalArgFunctionParam,1077.000000
4858,com.google.javascript.jscomp.CoalesceVariableNamesTest#testParameter3,757.000000
4859,com.google.javascript.jscomp.parsing.JsDocInfoParserTest#testParseExport2,269.000000
4860,com.google.javascript.jscomp.TypeCheckTest#testObjLitDef4,1098.000000
4861,com.google.javascript.jscomp.CoalesceVariableNamesTest#testParameter4,767.000000
4862,com.google.javascript.jscomp.parsing.JsDocInfoParserTest#testParseExpose2,269.000000
4863,com.google.javascript.jscomp.TypeCheckTest#testObjLitDef5,1089.000000
4864,com.google.javascript.jscomp.CoalesceVariableNamesTest#testDifferentBlock,788.000000
4865,com.google.javascript.jscomp.parsing.JsDocInfoParserTest#testBadSuppress1,257.000000
4866,com.google.javascript.jscomp.TypeCheckTest#testObjLitDef6,1091.000000
4867,com.google.javascript.jscomp.CoalesceVariableNamesTest#testMaxVars,614.000000
4868,com.google.javascript.jscomp.parsing.JsDocInfoParserTest#testBadSuppress2,259.000000
4869,com.google.javascript.jscomp.TypeCheckTest#testObjLitDef7,1087.000000
4870,com.google.javascript.jscomp.CoalesceVariableNamesTest#testMergeThreeVarNames,765.000000
4871,com.google.javascript.jscomp.parsing.JsDocInfoParserTest#testBadSuppress3,259.000000
4872,com.google.javascript.jscomp.TypeCheckTest#testStubFunctionDeclaration1,1084.000000
4873,com.google.javascript.jscomp.CoalesceVariableNamesTest#testDuplicatedVar,777.000000
4874,com.google.javascript.jscomp.parsing.JsDocInfoParserTest#testBadSuppress4,259.000000
4875,com.google.javascript.jscomp.TypeCheckTest#testStubFunctionDeclaration2,973.000000
4876,com.google.javascript.jscomp.CoalesceVariableNamesTest#testParameter4b,778.000000
4877,com.google.javascript.jscomp.parsing.JsDocInfoParserTest#testBadSuppress5,258.000000
4878,com.google.javascript.jscomp.TypeCheckTest#testStubFunctionDeclaration3,1070.000000
4879,com.google.javascript.jscomp.CoalesceVariableNamesTest#testDeterministic,774.000000
4880,com.google.javascript.jscomp.parsing.JsDocInfoParserTest#testBadSuppress6,272.000000
4881,com.google.javascript.jscomp.TypeCheckTest#testStubFunctionDeclaration4,1089.000000
4882,com.google.javascript.jscomp.CoalesceVariableNamesTest#testVarLiveRangeCross,806.000000
4883,com.google.javascript.jscomp.parsing.JsDocInfoParserTest#testParseWithMarkers1,287.000000
4884,com.google.javascript.jscomp.TypeCheckTest#testStubFunctionDeclaration5,1093.000000
4885,com.google.javascript.jscomp.CoalesceVariableNamesTest#testBug1401831,801.000000
4886,com.google.javascript.jscomp.parsing.JsDocInfoParserTest#testParseWithMarkers2,324.000000
4887,com.google.javascript.jscomp.TypeCheckTest#testStubFunctionDeclaration6,1080.000000
4888,com.google.javascript.jscomp.CoalesceVariableNamesTest#testUsePseduoNames,795.000000
4889,com.google.javascript.jscomp.parsing.JsDocInfoParserTest#testParseWithMarkers3,327.000000
4890,com.google.javascript.jscomp.TypeCheckTest#testStubFunctionDeclaration7,1081.000000
4891,com.google.javascript.jscomp.CoalesceVariableNamesTest#testBug1445366,816.000000
4892,com.google.javascript.jscomp.parsing.JsDocInfoParserTest#testParseWithMarkers4,327.000000
4893,com.google.javascript.jscomp.TypeCheckTest#testStubFunctionDeclaration8,1063.000000
4894,com.google.javascript.jscomp.CoalesceVariableNamesTest#testLiveRangeChangeWithinCfgNode2,779.000000
4895,com.google.javascript.jscomp.parsing.JsDocInfoParserTest#testParseWithMarkers5,311.000000
4896,com.google.javascript.jscomp.TypeCheckTest#testStubFunctionDeclaration9,1062.000000
4897,com.google.javascript.jscomp.CoalesceVariableNamesTest#testSimple,805.000000
4898,com.google.javascript.jscomp.parsing.JsDocInfoParserTest#testParseWithMarkers6,311.000000
4899,com.google.javascript.jscomp.TypeCheckTest#testWarnDataPropertyOnInterface3,1081.000000
4900,com.google.javascript.jscomp.CoalesceVariableNamesTest#testLiveRangeChangeWithinCfgNode,783.000000
4901,com.google.javascript.jscomp.parsing.JsDocInfoParserTest#testParseWithMarkerType2,320.000000
4902,com.google.javascript.jscomp.TypeCheckTest#testWarnDataPropertyOnInterface4,1072.000000
4903,com.google.javascript.jscomp.ProcessClosurePrimitivesTest#testReorderedProvides,652.000000
4904,com.google.javascript.jscomp.parsing.JsDocInfoParserTest#testDocumentationMultipleParameter,319.000000
4905,com.google.javascript.jscomp.TypeCheckTest#testFunctionLiteralUnreadNullThisArgument,1138.000000
4906,com.google.javascript.jscomp.ProcessClosurePrimitivesTest#testRemovalMultipleAssignment1,622.000000
4907,com.google.javascript.jscomp.parsing.ParserTest#testLinenoCharnoBinaryOr,258.000000
4908,com.google.javascript.jscomp.TypeCheckTest#testValueTypeBuiltInPrototypePropertyType,1083.000000
4909,com.google.javascript.jscomp.ProcessClosurePrimitivesTest#testRemovalMultipleAssignment2,616.000000
4910,com.google.javascript.jscomp.parsing.ParserTest#testObjectLiteralDoc1,373.000000
4911,com.google.javascript.jscomp.TypeCheckTest#testInterfaceInheritanceCheck10,1155.000000
4912,com.google.javascript.jscomp.ProcessClosurePrimitivesTest#testRemovalMultipleAssignment3,616.000000
4913,com.google.javascript.jscomp.parsing.ParserTest#testLinenoCharnoCall,258.000000
4914,com.google.javascript.jscomp.TypeCheckTest#testInterfaceInheritanceCheck11,1073.000000
4915,com.google.javascript.jscomp.ProcessClosurePrimitivesTest#testRemovalMultipleAssignment4,660.000000
4916,com.google.javascript.jscomp.parsing.ParserTest#testLinenoCharnoHook,258.000000
4917,com.google.javascript.jscomp.TypeCheckTest#testInterfaceInheritanceCheck12,1156.000000
4918,com.google.javascript.jscomp.ProcessClosurePrimitivesTest#testNoStubForProvidedTypedef2,725.000000
4919,com.google.javascript.jscomp.parsing.ParserTest#testLinenoCharnoShift,258.000000
4920,com.google.javascript.jscomp.TypeCheckTest#testInterfaceInheritanceCheck13,1141.000000
4921,com.google.javascript.jscomp.ProcessClosurePrimitivesTest#testNoStubForProvidedTypedef4,746.000000
4922,com.google.javascript.jscomp.parsing.ParserTest#testReservedKeywords,267.000000
4923,com.google.javascript.jscomp.TypeCheckTest#testQualifiedNameReduction1,1094.000000
4924,com.google.javascript.jscomp.ProcessClosurePrimitivesTest#testInvalidProvide,540.000000
4925,com.google.javascript.jscomp.parsing.ParserTest#testGettersForbidden1,250.000000
4926,com.google.javascript.jscomp.TypeCheckTest#testQualifiedNameReduction2,1087.000000
4927,com.google.javascript.jscomp.ProcessClosurePrimitivesTest#testRemovalOfRequires,678.000000
4928,com.google.javascript.jscomp.parsing.ParserTest#testGettersForbidden2,203.000000
4929,com.google.javascript.jscomp.TypeCheckTest#testQualifiedNameReduction3,1109.000000
4930,com.google.javascript.jscomp.ProcessClosurePrimitivesTest#testProvideAfterDeclarationError,651.000000
4931,com.google.javascript.jscomp.parsing.ParserTest#testGettersForbidden3,203.000000
4932,com.google.javascript.jscomp.TypeCheckTest#testQualifiedNameReduction6,1102.000000
4933,com.google.javascript.jscomp.ProcessClosurePrimitivesTest#testRemovalMultipleAssignmentInIf1,634.000000
4934,com.google.javascript.jscomp.parsing.ParserTest#testGettersForbidden4,203.000000
4935,com.google.javascript.jscomp.TypeCheckTest#testQualifiedNameReduction7,1107.000000
4936,com.google.javascript.jscomp.ProcessClosurePrimitivesTest#testRemovalMultipleAssignmentInIf2,634.000000
4937,com.google.javascript.jscomp.parsing.ParserTest#testGettersForbidden5,260.000000
4938,com.google.javascript.jscomp.TypeCheckTest#testQualifiedNameReduction8,1101.000000
4939,com.google.javascript.jscomp.ProcessClosurePrimitivesTest#testRemovalMultipleAssignmentInIf3,640.000000
4940,com.google.javascript.jscomp.parsing.ParserTest#testLetForbidden,203.000000
4941,com.google.javascript.jscomp.TypeCheckTest#testQualifiedNameReduction9,1098.000000
4942,com.google.javascript.jscomp.ProcessClosurePrimitivesTest#testRemovalMultipleAssignmentInIf4,678.000000
4943,com.google.javascript.jscomp.parsing.ParserTest#testJSDocAttachment10,313.000000
4944,com.google.javascript.jscomp.TypeCheckTest#testParameterized1,1092.000000
4945,com.google.javascript.jscomp.ProcessClosurePrimitivesTest#testProvideErrorCases,623.000000
4946,com.google.javascript.jscomp.parsing.ParserTest#testJSDocAttachment12,364.000000
4947,com.google.javascript.jscomp.TypeCheckTest#testParameterized3,1098.000000
4948,com.google.javascript.jscomp.ProcessClosurePrimitivesTest#testRemovalOfProvidedObjLit,705.000000
4949,com.google.javascript.jscomp.parsing.ParserTest#testJSDocAttachment13,314.000000
4950,com.google.javascript.jscomp.TypeCheckTest#testParameterized4,1089.000000
4951,com.google.javascript.jscomp.ProcessClosurePrimitivesTest#testSimpleProvides,659.000000
4952,com.google.javascript.jscomp.parsing.ParserTest#testJSDocAttachment14,289.000000
4953,com.google.javascript.jscomp.TypeCheckTest#testEnumStaticMethod1,1141.000000
4954,com.google.javascript.jscomp.ProcessClosurePrimitivesTest#testMultipleDeclarationError1,662.000000
4955,com.google.javascript.jscomp.parsing.ParserTest#testJSDocAttachment15,290.000000
4956,com.google.javascript.jscomp.TypeCheckTest#testEnumStaticMethod2,1150.000000
4957,com.google.javascript.jscomp.ProcessClosurePrimitivesTest#testMultipleDeclarationError2,667.000000
4958,com.google.javascript.jscomp.parsing.ParserTest#testJSDocAttachment16,334.000000
4959,com.google.javascript.jscomp.TypeCheckTest#testMissingProperty1,1073.000000
4960,com.google.javascript.jscomp.ProcessClosurePrimitivesTest#testMultipleDeclarationError3,667.000000
4961,com.google.javascript.jscomp.parsing.ParserTest#testLinenoCharnoAdd,258.000000
4962,com.google.javascript.jscomp.TypeCheckTest#testMissingProperty2,1090.000000
4963,com.google.javascript.jscomp.ProcessClosurePrimitivesTest#testSetCssNameMappingNonStringValueReturnsError,561.000000
4964,com.google.javascript.jscomp.parsing.ParserTest#testLinenoCharnoAnd,258.000000
4965,com.google.javascript.jscomp.TypeCheckTest#testMissingProperty3,1081.000000
4966,com.google.javascript.jscomp.ProcessClosurePrimitivesTest#testNoRemovalFunction1,676.000000
4967,com.google.javascript.jscomp.parsing.ParserTest#testLinenoCharnoDiv,258.000000
4968,com.google.javascript.jscomp.TypeCheckTest#testMissingProperty4,1098.000000
4969,com.google.javascript.jscomp.ProcessClosurePrimitivesTest#testNoRemovalFunction2,669.000000
4970,com.google.javascript.jscomp.parsing.ParserTest#testLinenoCharnoMod,258.000000
4971,com.google.javascript.jscomp.TypeCheckTest#testMissingProperty5,1098.000000
4972,com.google.javascript.jscomp.ProcessClosurePrimitivesTest#testValidBase1,627.000000
4973,com.google.javascript.jscomp.parsing.ParserTest#testLinenoCharnoMul,258.000000
4974,com.google.javascript.jscomp.TypeCheckTest#testMissingProperty6,1085.000000
4975,com.google.javascript.jscomp.ProcessClosurePrimitivesTest#testValidBase2,639.000000
4976,com.google.javascript.jscomp.parsing.ParserTest#testLinenoCharnoSub,258.000000
4977,com.google.javascript.jscomp.TypeCheckTest#testMissingProperty7,1089.000000
4978,com.google.javascript.jscomp.ProcessClosurePrimitivesTest#testValidBase3,631.000000
4979,com.google.javascript.jscomp.parsing.ParserTest#testCatchClauseForbidden,256.000000
4980,com.google.javascript.jscomp.TypeCheckTest#testMissingProperty8,1070.000000
4981,com.google.javascript.jscomp.ProcessClosurePrimitivesTest#testValidBase4,625.000000
4982,com.google.javascript.jscomp.parsing.ParserTest#testLinenoCharnoGetProp1,256.000000
4983,com.google.javascript.jscomp.TypeCheckTest#testMissingProperty9,1096.000000
4984,com.google.javascript.jscomp.ProcessClosurePrimitivesTest#testValidBase5,636.000000
4985,com.google.javascript.jscomp.parsing.ParserTest#testLinenoCharnoGetProp2,256.000000
4986,com.google.javascript.jscomp.TypeCheckTest#testNoTypeCheck10,1071.000000
4987,com.google.javascript.jscomp.ProcessClosurePrimitivesTest#testValidBase6,640.000000
4988,com.google.javascript.jscomp.parsing.ParserTest#testLinenoCharnoGetelem1,258.000000
4989,com.google.javascript.jscomp.TypeCheckTest#testNoTypeCheck11,1054.000000
4990,com.google.javascript.jscomp.ProcessClosurePrimitivesTest#testImplicitProvideInIndependentModules,658.000000
4991,com.google.javascript.jscomp.parsing.ParserTest#testLinenoCharnoGetelem2,261.000000
4992,com.google.javascript.jscomp.TypeCheckTest#testNoTypeCheck12,1059.000000
4993,com.google.javascript.jscomp.ProcessClosurePrimitivesTest#testValidSetCssNameMapping,568.000000
4994,com.google.javascript.jscomp.parsing.ParserTest#testLinenoCharnoGetelem3,260.000000
4995,com.google.javascript.jscomp.TypeCheckTest#testNoTypeCheck13,1070.000000
4996,com.google.javascript.jscomp.ProcessClosurePrimitivesTest#testMultipleProvides,659.000000
4997,com.google.javascript.jscomp.parsing.ParserTest#testSettersForbidden,250.000000
4998,com.google.javascript.jscomp.TypeCheckTest#testErrorMismatchingPropertyOnInterface4,1079.000000
4999,com.google.javascript.jscomp.ProcessClosurePrimitivesTest#testLateProvides,611.000000
5000,com.google.javascript.jscomp.parsing.ParserTest#testJSDocAttachment1,367.000000
5001,com.google.javascript.jscomp.TypeCheckTest#testErrorMismatchingPropertyOnInterface5,1081.000000
5002,com.google.javascript.jscomp.ProcessClosurePrimitivesTest#testNoStubForProvidedTypedef,684.000000
5003,com.google.javascript.jscomp.parsing.ParserTest#testJSDocAttachment2,368.000000
5004,com.google.javascript.jscomp.TypeCheckTest#testTypeDef1,1127.000000
5005,com.google.javascript.jscomp.ProcessClosurePrimitivesTest#testProvideOrder3a,684.000000
5006,com.google.javascript.jscomp.parsing.ParserTest#testJSDocAttachment3,383.000000
5007,com.google.javascript.jscomp.TypeCheckTest#testTypeDef2,1148.000000
5008,com.google.javascript.jscomp.ProcessClosurePrimitivesTest#testProvideOrder3b,688.000000
5009,com.google.javascript.jscomp.parsing.ParserTest#testJSDocAttachment4,379.000000
5010,com.google.javascript.jscomp.TypeCheckTest#testTypeDef3,1146.000000
5011,com.google.javascript.jscomp.ProcessClosurePrimitivesTest#testProvideOrder4a,678.000000
5012,com.google.javascript.jscomp.parsing.ParserTest#testJSDocAttachment5,379.000000
5013,com.google.javascript.jscomp.TypeCheckTest#testTypeDef4,1150.000000
5014,com.google.javascript.jscomp.ProcessClosurePrimitivesTest#testProvideOrder4b,682.000000
5015,com.google.javascript.jscomp.parsing.ParserTest#testJSDocAttachment6,385.000000
5016,com.google.javascript.jscomp.TypeCheckTest#testTypeDef5,1150.000000
5017,com.google.javascript.jscomp.ProcessClosurePrimitivesTest#testSimpleAdditionalProvide,652.000000
5018,com.google.javascript.jscomp.parsing.ParserTest#testJSDocAttachment7,289.000000
5019,com.google.javascript.jscomp.TypeCheckTest#testDeclareBuiltInConstructor,1117.000000
5020,com.google.javascript.jscomp.ProcessClosurePrimitivesTest#testMissingProvides,607.000000
5021,com.google.javascript.jscomp.parsing.ParserTest#testJSDocAttachment8,314.000000
5022,com.google.javascript.jscomp.TypeCheckTest#testImplicitCastNotInExterns,975.000000
5023,com.google.javascript.jscomp.ProcessClosurePrimitivesTest#testOverlappingDottedAdditionalProvide,665.000000
5024,com.google.javascript.jscomp.parsing.ParserTest#testJSDocAttachment9,314.000000
5025,com.google.javascript.jscomp.TypeCheckTest#testBadInterfaceExtends1,1100.000000
5026,com.google.javascript.jscomp.ProcessClosurePrimitivesTest#testOverlappingAdditionalProvide,652.000000
5027,com.google.javascript.jscomp.parsing.ParserTest#testLinenoCharnoAssign1,255.000000
5028,com.google.javascript.jscomp.TypeCheckTest#testBadInterfaceExtends2,1073.000000
5029,com.google.javascript.jscomp.ProcessClosurePrimitivesTest#testLateRequire,654.000000
5030,com.google.javascript.jscomp.parsing.ParserTest#testLinenoCharnoAssign2,263.000000
5031,com.google.javascript.jscomp.TypeCheckTest#testBadInterfaceExtends3,1073.000000
5032,com.google.javascript.jscomp.ProcessClosurePrimitivesTest#testGoodCrossModuleRequire1,644.000000
5033,com.google.javascript.jscomp.parsing.ParserTest#testLinenoCharnoBinaryAnd,258.000000
5034,com.google.javascript.jscomp.TypeCheckTest#testBadInterfaceExtends4,1053.000000
5035,com.google.javascript.jscomp.ProcessClosurePrimitivesTest#testGoodCrossModuleRequire2,638.000000
5036,com.google.javascript.jscomp.parsing.ParserTest#testTrailingCommaWarning1,254.000000
5037,com.google.javascript.jscomp.TypeCheckTest#testBadInterfaceExtends5,1052.000000
5038,com.google.javascript.jscomp.ProcessClosurePrimitivesTest#testReorderedProvides2,652.000000
5039,com.google.javascript.jscomp.parsing.ParserTest#testTrailingCommaWarning2,255.000000
5040,com.google.javascript.jscomp.TypeCheckTest#testNumberAutoboxing,1063.000000
5041,com.google.javascript.jscomp.ProcessClosurePrimitivesTest#testSimpleDottedAdditionalProvide,666.000000
5042,com.google.javascript.jscomp.parsing.ParserTest#testTrailingCommaWarning3,254.000000
5043,com.google.javascript.jscomp.TypeCheckTest#testCast17a,1045.000000
5044,com.google.javascript.jscomp.ProcessClosurePrimitivesTest#testRequireErrorCases,542.000000
5045,com.google.javascript.jscomp.parsing.ParserTest#testTrailingCommaWarning4,251.000000
5046,com.google.javascript.jscomp.TypeCheckTest#testCast17b,1048.000000
5047,com.google.javascript.jscomp.ProcessClosurePrimitivesTest#testProvideOrder1,688.000000
5048,com.google.javascript.jscomp.parsing.ParserTest#testTrailingCommaWarning5,258.000000
5049,com.google.javascript.jscomp.TypeCheckTest#testCast27a,1074.000000
5050,com.google.javascript.jscomp.ProcessClosurePrimitivesTest#testProvideOrder2,688.000000
5051,com.google.javascript.jscomp.parsing.ParserTest#testTrailingCommaWarning6,258.000000
5052,com.google.javascript.jscomp.TypeCheckTest#testCast28a,1072.000000
5053,com.google.javascript.jscomp.ProcessClosurePrimitivesTest#testProvideInIndependentModules2b,681.000000
5054,com.google.javascript.jscomp.parsing.ParserTest#testTrailingCommaWarning7,203.000000
5055,com.google.javascript.jscomp.TypeCheckTest#testCast29a,1095.000000
5056,com.google.javascript.jscomp.ProcessClosurePrimitivesTest#testSetCssNameMappingValidity,583.000000
5057,com.google.javascript.jscomp.parsing.ParserTest#testFileOverviewJSDocDoesNotHoseParsing,331.000000
5058,com.google.javascript.jscomp.TypeCheckTest#testCast29b,1084.000000
5059,com.google.javascript.jscomp.ProcessClosurePrimitivesTest#testProvidedDeclaredFunctionError,610.000000
5060,com.google.javascript.jscomp.parsing.ParserTest#testMisplacedTypeAnnotation1,377.000000
5061,com.google.javascript.jscomp.TypeCheckTest#testCast29c,1080.000000
5062,com.google.javascript.jscomp.ProcessClosurePrimitivesTest#testProvideInIndependentModules1,660.000000
5063,com.google.javascript.jscomp.parsing.ParserTest#testMisplacedTypeAnnotation2,363.000000
5064,com.google.javascript.jscomp.TypeCheckTest#testCast34a,1066.000000
5065,com.google.javascript.jscomp.ProcessClosurePrimitivesTest#testProvideInIndependentModules2,660.000000
5066,com.google.javascript.jscomp.parsing.ParserTest#testMisplacedTypeAnnotation3,368.000000
5067,com.google.javascript.jscomp.TypeCheckTest#testCast34b,1065.000000
5068,com.google.javascript.jscomp.ProcessClosurePrimitivesTest#testProvideInIndependentModules3,662.000000
5069,com.google.javascript.jscomp.parsing.ParserTest#testMisplacedTypeAnnotation4,370.000000
5070,com.google.javascript.jscomp.TypeCheckTest#testTypeCheckNoDowncastToNumber,1073.000000
5071,com.google.javascript.jscomp.ProcessClosurePrimitivesTest#testProvideInIndependentModules4,660.000000
5072,com.google.javascript.jscomp.parsing.ParserTest#testMisplacedTypeAnnotation5,364.000000
5073,com.google.javascript.jscomp.TypeCheckTest#testBug592170,1111.000000
5074,com.google.javascript.jscomp.ProcessClosurePrimitivesTest#testProvideRequireSameFile,637.000000
5075,com.google.javascript.jscomp.parsing.ParserTest#testMisplacedTypeAnnotation6,372.000000
5076,com.google.javascript.jscomp.TypeCheckTest#testObjectLiteralDeclaration1,1078.000000
5077,com.google.javascript.jscomp.ProcessClosurePrimitivesTest#testRequireOfBaseGoog,541.000000
5078,com.google.javascript.jscomp.parsing.ParserTest#testUnescapedSlashInRegexpCharClass,255.000000
5079,com.google.javascript.jscomp.TypeCheckTest#testObjectLiteralDeclaration2,1098.000000
5080,com.google.javascript.jscomp.ProcessClosurePrimitivesTest#testInvalidBase2,562.000000
5081,com.google.javascript.jscomp.parsing.ParserTest#testIncorrectJSDocDoesNotAlterJSParsing1,356.000000
5082,com.google.javascript.jscomp.TypeCheckTest#testObjectLiteralDeclaration4,1026.000000
5083,com.google.javascript.jscomp.ProcessClosurePrimitivesTest#testInvalidBase3,551.000000
5084,com.google.javascript.jscomp.parsing.ParserTest#testIncorrectJSDocDoesNotAlterJSParsing2,356.000000
5085,com.google.javascript.jscomp.TypeCheckTest#testObjectLiteralDeclaration5,1071.000000
5086,com.google.javascript.jscomp.ProcessClosurePrimitivesTest#testInvalidBase4,562.000000
5087,com.google.javascript.jscomp.parsing.ParserTest#testIncorrectJSDocDoesNotAlterJSParsing3,368.000000
5088,com.google.javascript.jscomp.TypeCheckTest#testObjectLiteralDeclaration6,1074.000000
5089,com.google.javascript.jscomp.ProcessClosurePrimitivesTest#testInvalidBase5,557.000000
5090,com.google.javascript.jscomp.parsing.ParserTest#testIncorrectJSDocDoesNotAlterJSParsing4,372.000000
5091,com.google.javascript.jscomp.TypeCheckTest#testObjectLiteralDeclaration7,1081.000000
5092,com.google.javascript.jscomp.ProcessClosurePrimitivesTest#testInvalidBase6,557.000000
5093,com.google.javascript.jscomp.parsing.ParserTest#testIncorrectJSDocDoesNotAlterJSParsing6,372.000000
5094,com.google.javascript.jscomp.TypeCheckTest#testTypeInferenceWithCast1,1116.000000
5095,com.google.javascript.jscomp.ProcessClosurePrimitivesTest#testInvalidBase7,550.000000
5096,com.google.javascript.jscomp.parsing.ParserTest#testIncorrectJSDocDoesNotAlterJSParsing7,354.000000
5097,com.google.javascript.jscomp.TypeCheckTest#testTypeInferenceWithCast2,1116.000000
5098,com.google.javascript.jscomp.ProcessClosurePrimitivesTest#testInvalidBase8,557.000000
5099,com.google.javascript.jscomp.parsing.ParserTest#testIncorrectJSDocDoesNotAlterJSParsing8,354.000000
5100,com.google.javascript.jscomp.TypeCheckTest#testTypeInferenceWithCast3,1107.000000
5101,com.google.javascript.jscomp.ProcessClosurePrimitivesTest#testInvalidBase9,569.000000
5102,com.google.javascript.jscomp.parsing.ParserTest#testIncorrectJSDocDoesNotAlterJSParsing9,327.000000
5103,com.google.javascript.jscomp.TypeCheckTest#testTypeInferenceWithCast4,1131.000000
5104,com.google.javascript.jscomp.ProcessClosurePrimitivesTest#testOverlappingAdditionalProvideAtEnd,652.000000
5105,com.google.javascript.jscomp.parsing.ParserTest#testLinenoCharnoForComparison,260.000000
5106,com.google.javascript.jscomp.TypeCheckTest#testTypeInferenceWithCast5,1130.000000
5107,com.google.javascript.jscomp.ProcessClosurePrimitivesTest#testMissingRequireWithAdditionalProvide,609.000000
5108,com.google.javascript.jscomp.parsing.ParserTest#testFileOverviewJSDoc1,328.000000
5109,com.google.javascript.jscomp.TypeCheckTest#testGoodExtends10,1077.000000
5110,com.google.javascript.jscomp.ProcessClosurePrimitivesTest#testSimpleAdditionalProvideAtEnd,652.000000
5111,com.google.javascript.jscomp.parsing.ParserTest#testLinenoCharnoArrayLiteral,253.000000
5112,com.google.javascript.jscomp.TypeCheckTest#testGoodExtends11,1122.000000
5113,com.google.javascript.jscomp.ProcessClosurePrimitivesTest#testImplicitProvideInIndependentModules2,660.000000
5114,com.google.javascript.jscomp.parsing.ParserTest#testUnfinishedComment,203.000000
5115,com.google.javascript.jscomp.TypeCheckTest#testGoodExtends12,1122.000000
5116,com.google.javascript.jscomp.ProcessClosurePrimitivesTest#testImplicitProvideInIndependentModules3,658.000000
5117,com.google.javascript.jscomp.parsing.ParserTest#testDestructuringAssignForbidden2,203.000000
5118,com.google.javascript.jscomp.TypeCheckTest#testGoodExtends13,1144.000000
5119,com.google.javascript.jscomp.ProcessClosurePrimitivesTest#testImplicitAndExplicitProvide,658.000000
5120,com.google.javascript.jscomp.parsing.ParserTest#testDestructuringAssignForbidden3,259.000000
5121,com.google.javascript.jscomp.TypeCheckTest#testGoodExtends14,1192.000000
5122,com.google.javascript.jscomp.PeepholeFoldConstantsTest#testFoldingMixTypesEarly,644.000000
5123,com.google.javascript.jscomp.parsing.ParserTest#testDestructuringAssignForbidden4,259.000000
5124,com.google.javascript.jscomp.TypeCheckTest#testGoodExtends16,1193.000000
5125,com.google.javascript.jscomp.PeepholeFoldConstantsTest#testNotFoldBackToTrueFalse,574.000000
5126,com.google.javascript.jscomp.parsing.ParserTest#testDuplicatedParam,253.000000
5127,com.google.javascript.jscomp.TypeCheckTest#testGoodExtends17,1126.000000
5128,com.google.javascript.jscomp.PeepholeFoldConstantsTest#testFoldArithmeticInfinity,605.000000
5129,com.google.javascript.jscomp.parsing.ParserTest#testGetPropFunctionName,203.000000
5130,com.google.javascript.jscomp.TypeCheckTest#testInterfaceExtends,1065.000000
5131,com.google.javascript.jscomp.PeepholeFoldConstantsTest#testFoldBangConstants,611.000000
5132,com.google.javascript.jscomp.parsing.ParserTest#testValidTypeAnnotation2,380.000000
5133,com.google.javascript.jscomp.TypeCheckTest#testScoping2,1042.000000
5134,com.google.javascript.jscomp.PeepholeFoldConstantsTest#testIEString,568.000000
5135,com.google.javascript.jscomp.parsing.ParserTest#testValidTypeAnnotation3,369.000000
5136,com.google.javascript.jscomp.TypeCheckTest#testScoping3,1056.000000
5137,com.google.javascript.jscomp.PeepholeFoldConstantsTest#testFoldLeftChildOp,624.000000
5138,com.google.javascript.jscomp.parsing.ParserTest#testGetPropFunctionNameIdeMode,262.000000
5139,com.google.javascript.jscomp.TypeCheckTest#testScoping4,1070.000000
5140,com.google.javascript.jscomp.PeepholeFoldConstantsTest#testFoldComparison2,629.000000
5141,com.google.javascript.jscomp.parsing.ParserTest#testLinenoCharnoObjectLiteral,261.000000
5142,com.google.javascript.jscomp.TypeCheckTest#testScoping5,1075.000000
5143,com.google.javascript.jscomp.PeepholeFoldConstantsTest#testFoldComparison3,603.000000
5144,com.google.javascript.jscomp.parsing.ParserTest#testYieldForbidden,203.000000
5145,com.google.javascript.jscomp.TypeCheckTest#testScoping6,1075.000000
5146,com.google.javascript.jscomp.PeepholeFoldConstantsTest#testFoldLiteralNames,583.000000
5147,com.google.javascript.jscomp.parsing.ParserTest#testSuspiciousBlockCommentWarning1,255.000000
5148,com.google.javascript.jscomp.TypeCheckTest#testScoping7,1075.000000
5149,com.google.javascript.jscomp.PeepholeFoldConstantsTest#testFoldingAdd,615.000000
5150,com.google.javascript.jscomp.parsing.ParserTest#testSuspiciousBlockCommentWarning2,255.000000
5151,com.google.javascript.jscomp.TypeCheckTest#testScoping8,1075.000000
5152,com.google.javascript.jscomp.PeepholeFoldConstantsTest#testFoldBitwiseOp,598.000000
5153,com.google.javascript.jscomp.parsing.ParserTest#testBracelessFunctionForbidden,203.000000
5154,com.google.javascript.jscomp.TypeCheckTest#testScoping9,1075.000000
5155,com.google.javascript.jscomp.PeepholeFoldConstantsTest#testUndefinedComparison1,636.000000
5156,com.google.javascript.jscomp.parsing.ParserTest#testGeneratorsForbidden,249.000000
5157,com.google.javascript.jscomp.TypeCheckTest#testBug901455,1111.000000
5158,com.google.javascript.jscomp.PeepholeFoldConstantsTest#testUndefinedComparison2,583.000000
5159,com.google.javascript.jscomp.parsing.ParserTest#testIdeModePartialTree,259.000000
5160,com.google.javascript.jscomp.TypeCheckTest#testBug908625,1065.000000
5161,com.google.javascript.jscomp.PeepholeFoldConstantsTest#testUndefinedComparison3,577.000000
5162,com.google.javascript.jscomp.parsing.ParserTest#testParseBlockDescription,315.000000
5163,com.google.javascript.jscomp.TypeCheckTest#testBug909000,1071.000000
5164,com.google.javascript.jscomp.PeepholeFoldConstantsTest#testUndefinedComparison4,587.000000
5165,com.google.javascript.jscomp.parsing.ParserTest#testLinenoCharnoGe,258.000000
5166,com.google.javascript.jscomp.TypeCheckTest#testBug911118,1097.000000
5167,com.google.javascript.jscomp.PeepholeFoldConstantsTest#testObjectLiteral,627.000000
5168,com.google.javascript.jscomp.parsing.ParserTest#testLinenoCharnoGt,258.000000
5169,com.google.javascript.jscomp.TypeCheckTest#testBug930117,1096.000000
5170,com.google.javascript.jscomp.PeepholeFoldConstantsTest#testFoldArithmeticStringComp,594.000000
5171,com.google.javascript.jscomp.parsing.ParserTest#testLinenoCharnoLe,258.000000
5172,com.google.javascript.jscomp.TypeCheckTest#testValueOfComparison1,1067.000000
5173,com.google.javascript.jscomp.PeepholeFoldConstantsTest#testFoldBitwiseOp2,597.000000
5174,com.google.javascript.jscomp.parsing.ParserTest#testLinenoCharnoLt,258.000000
5175,com.google.javascript.jscomp.TypeCheckTest#testValueOfComparison2,1068.000000
5176,com.google.javascript.jscomp.PeepholeFoldConstantsTest#testUnaryOpsStringCompare,595.000000
5177,com.google.javascript.jscomp.parsing.ParserTest#testLinenoCharnoOr,258.000000
5178,com.google.javascript.jscomp.TypeCheckTest#testControlFlowRestrictsType1,1132.000000
5179,com.google.javascript.jscomp.PeepholeFoldConstantsTest#testFoldSimpleArithmeticOp,615.000000
5180,com.google.javascript.jscomp.parsing.ParserTest#testSettersForbidden2,203.000000
5181,com.google.javascript.jscomp.TypeCheckTest#testControlFlowRestrictsType2,1153.000000
5182,com.google.javascript.jscomp.PeepholeFoldConstantsTest#testConvertToNumberNegativeInf,613.000000
5183,com.google.javascript.rhino.JSDocInfoTest#testSetReturnTypeAndBaseType,217.000000
5184,com.google.javascript.jscomp.TypeCheckTest#testControlFlowRestrictsType3,1084.000000
5185,com.google.javascript.jscomp.PeepholeFoldConstantsTest#testInvertibleOperators,619.000000
5186,com.google.javascript.rhino.JSDocInfoTest#testSetShouldPreserveTry,181.000000
5187,com.google.javascript.jscomp.TypeCheckTest#testControlFlowRestrictsType4,1122.000000
5188,com.google.javascript.jscomp.PeepholeFoldConstantsTest#testFoldComparison,625.000000
5189,com.google.javascript.rhino.JSDocInfoTest#testSetSuppressions,177.000000
5190,com.google.javascript.jscomp.TypeCheckTest#testControlFlowRestrictsType5,1124.000000
5191,com.google.javascript.jscomp.PeepholeFoldConstantsTest#testFoldLiteralsTypeMismatches,566.000000
5192,com.google.javascript.rhino.JSDocInfoTest#testSetConstructor,181.000000
5193,com.google.javascript.jscomp.TypeCheckTest#testControlFlowRestrictsType6,1146.000000
5194,com.google.javascript.jscomp.PeepholeFoldConstantsTest#testFoldComplex,654.000000
5195,com.google.javascript.rhino.JSDocInfoTest#testSetReturnType,204.000000
5196,com.google.javascript.jscomp.TypeCheckTest#testControlFlowRestrictsType7,1146.000000
5197,com.google.javascript.jscomp.PeepholeFoldConstantsTest#testFoldArrayLength,620.000000
5198,com.google.javascript.rhino.JSDocInfoTest#testSetFileOverviewWithDocumentationOn,178.000000
5199,com.google.javascript.jscomp.TypeCheckTest#testControlFlowRestrictsType8,1137.000000
5200,com.google.javascript.jscomp.PeepholeFoldConstantsTest#testFoldArithmetic,609.000000
5201,com.google.javascript.rhino.JSDocInfoTest#testMultipleSetType,198.000000
5202,com.google.javascript.jscomp.TypeCheckTest#testControlFlowRestrictsType9,1126.000000
5203,com.google.javascript.jscomp.PeepholeFoldConstantsTest#testAssignOpsEarly,654.000000
5204,com.google.javascript.rhino.JSDocInfoTest#testSetEnumParameterType,204.000000
5205,com.google.javascript.jscomp.TypeCheckTest#testGatherProperyWithoutAnnotation2,1040.000000
5206,com.google.javascript.jscomp.PeepholeFoldConstantsTest#testArrayLiteral,606.000000
5207,com.google.javascript.rhino.JSDocInfoTest#testSetNoAlias,179.000000
5208,com.google.javascript.jscomp.TypeCheckTest#testTypeCheckCustomExterns2,1138.000000
5209,com.google.javascript.jscomp.PeepholeFoldConstantsTest#testNullComparison1,671.000000
5210,com.google.javascript.rhino.JSDocInfoTest#testVisibilityOrdinal,173.000000
5211,com.google.javascript.jscomp.TypeCheckTest#testResolutionViaRegistry1,1103.000000
5212,com.google.javascript.jscomp.PeepholeFoldConstantsTest#testFoldArithmetic2,615.000000
5213,com.google.javascript.rhino.JSDocInfoTest#testMultipleSetFlags1,186.000000
5214,com.google.javascript.jscomp.TypeCheckTest#testResolutionViaRegistry2,1109.000000
5215,com.google.javascript.jscomp.PeepholeFoldConstantsTest#testFoldArithmetic3,617.000000
5216,com.google.javascript.rhino.JSDocInfoTest#testSetFileOverviewWithDocumentationOff,177.000000
5217,com.google.javascript.jscomp.TypeCheckTest#testResolutionViaRegistry3,1109.000000
5218,com.google.javascript.jscomp.PeepholeFoldConstantsTest#testUnaryOps,657.000000
5219,com.google.javascript.rhino.JSDocInfoTest#testSetModifies,177.000000
5220,com.google.javascript.jscomp.TypeCheckTest#testResolutionViaRegistry4,1109.000000
5221,com.google.javascript.jscomp.PeepholeFoldConstantsTest#testFoldStringLength,594.000000
5222,com.google.javascript.rhino.JSDocInfoTest#testSetDeprecated,179.000000
5223,com.google.javascript.jscomp.TypeCheckTest#testResolutionViaRegistry5,1046.000000
5224,com.google.javascript.jscomp.PeepholeFoldConstantsTest#testFoldBitwiseOpStringCompare,594.000000
5225,com.google.javascript.rhino.JSDocInfoTest#testSetConstant,183.000000
5226,com.google.javascript.jscomp.TypeCheckTest#testBackwardsTypedefUse10,1181.000000
5227,com.google.javascript.jscomp.PeepholeFoldConstantsTest#testFoldLogicalOp,626.000000
5228,com.google.javascript.rhino.JSDocInfoTest#testSetDefine,181.000000
5229,com.google.javascript.jscomp.TypeCheckTest#testGlobalThis2b,1125.000000
5230,com.google.javascript.jscomp.PeepholeFoldConstantsTest#testFoldObjectLiteralRef2,645.000000
5231,com.google.javascript.rhino.JSDocInfoTest#testSetExport,177.000000
5232,com.google.javascript.jscomp.TypeCheckTest#testFunctionInference10,1068.000000
5233,com.google.javascript.jscomp.PeepholeFoldConstantsTest#testFoldLeftChildConcat,608.000000
5234,com.google.javascript.rhino.JSDocInfoTest#testSetHidden,183.000000
5235,com.google.javascript.jscomp.TypeCheckTest#testFunctionInference11,1081.000000
5236,com.google.javascript.jscomp.PeepholeFoldConstantsTest#testFoldAdd1,610.000000
5237,com.google.javascript.rhino.JSDocInfoTest#testSetTypedefType,195.000000
5238,com.google.javascript.jscomp.TypeCheckTest#testFunctionInference12,1082.000000
5239,com.google.javascript.jscomp.PeepholeFoldConstantsTest#testFoldLeft,609.000000
5240,com.google.javascript.rhino.JSDocInfoTest#testSetTypeAndVisibility,206.000000
5241,com.google.javascript.jscomp.TypeCheckTest#testFunctionInference13,1113.000000
5242,com.google.javascript.jscomp.PeepholeFoldConstantsTest#testFoldVoid,599.000000
5243,com.google.javascript.rhino.JSDocInfoTest#testSetType,204.000000
5244,com.google.javascript.jscomp.TypeCheckTest#testFunctionInference14,1138.000000
5245,com.google.javascript.jscomp.PeepholeFoldConstantsTest#testFoldLiteralsAsNumbers,622.000000
5246,com.google.javascript.rhino.JSDocInfoTest#testMultipleSetType2,198.000000
5247,com.google.javascript.jscomp.TypeCheckTest#testFunctionInference15,1065.000000
5248,com.google.javascript.jscomp.PeepholeFoldConstantsTest#testDivision,600.000000
5249,com.google.javascript.rhino.JSDocInfoTest#testMultipleSetType3,196.000000
5250,com.google.javascript.jscomp.TypeCheckTest#testFunctionInference16,1080.000000
5251,com.google.javascript.jscomp.PeepholeFoldConstantsTest#testFoldMixed,604.000000
5252,com.google.javascript.rhino.JSDocInfoTest#testSetOverride,179.000000
5253,com.google.javascript.jscomp.TypeCheckTest#testFunctionInference17,1091.000000
5254,com.google.javascript.jscomp.PeepholeFoldConstantsTest#testFoldingMixTypesLate,650.000000
5255,com.google.javascript.rhino.jstype.JSTypeTest#testForwardDeclaredNamedTypeEquals,287.000000
5256,com.google.javascript.jscomp.TypeCheckTest#testFunctionInference18,1089.000000
5257,com.google.javascript.jscomp.PeepholeFoldConstantsTest#testIssue522,575.000000
5258,com.google.javascript.rhino.jstype.JSTypeTest#testPrototypeChaining,278.000000
5259,com.google.javascript.jscomp.TypeCheckTest#testFunctionInference19,1066.000000
5260,com.google.javascript.jscomp.PeepholeFoldConstantsTest#testIssue601,568.000000
5261,com.google.javascript.rhino.jstype.JSTypeTest#testRegisterPropertyMemoization,291.000000
5262,com.google.javascript.jscomp.TypeCheckTest#testFunctionInference20,1067.000000
5263,com.google.javascript.jscomp.PeepholeFoldConstantsTest#testIssue821,636.000000
5264,com.google.javascript.rhino.jstype.JSTypeTest#testDateType,364.000000
5265,com.google.javascript.jscomp.TypeCheckTest#testFunctionInference21,1074.000000
5266,com.google.javascript.jscomp.PeepholeFoldConstantsTest#testFoldBitShifts,615.000000
5267,com.google.javascript.rhino.jstype.JSTypeTest#testForwardDeclaredNamedType,287.000000
5268,com.google.javascript.jscomp.TypeCheckTest#testFunctionInference22,1079.000000
5269,com.google.javascript.jscomp.ExpandJqueryAliasesTest#testJqueryFnAliasExpansion,610.000000
5270,com.google.javascript.rhino.jstype.JSTypeTest#testSubtypingFunctionVariableArgsOneOnly,295.000000
5271,com.google.javascript.jscomp.TypeCheckTest#testFunctionInference23,1096.000000
5272,com.google.javascript.jscomp.AliasStringsTest#testGetProp,635.000000
5273,com.google.javascript.rhino.jstype.JSTypeTest#testConstructorWithArgSubtypeChain,316.000000
5274,com.google.javascript.jscomp.TypeCheckTest#testInterfaceExtendsResolution,1098.000000
5275,com.google.javascript.jscomp.AliasStringsTest#testFunctionCalls,614.000000
5276,com.google.javascript.rhino.jstype.JSTypeTest#testFunctionTypeRelationships,317.000000
5277,com.google.javascript.jscomp.TypeCheckTest#testInterfaceInstantiation,1069.000000
5278,com.google.javascript.jscomp.AliasStringsTest#testAssignment,608.000000
5279,com.google.javascript.rhino.jstype.JSTypeTest#testSubtypingSimpleTypes,284.000000
5280,com.google.javascript.jscomp.TypeCheckTest#testNumericComparison1,1056.000000
5281,com.google.javascript.jscomp.AliasStringsTest#testStringsThatAreGlobalVarValues,630.000000
5282,com.google.javascript.rhino.jstype.JSTypeTest#testGreatestSubtypeSimpleTypes,302.000000
5283,com.google.javascript.jscomp.TypeCheckTest#testNumericComparison2,1085.000000
5284,com.google.javascript.jscomp.AliasStringsTest#testLongStableAliasHashCollision,594.000000
5285,com.google.javascript.rhino.jstype.JSTypeTest#testRecordTypeGreatestSubType2,293.000000
5286,com.google.javascript.jscomp.TypeCheckTest#testNumericComparison3,1056.000000
5287,com.google.javascript.jscomp.AliasStringsTest#testRegularExpressions,564.000000
5288,com.google.javascript.rhino.jstype.JSTypeTest#testRecordTypeGreatestSubType3,293.000000
5289,com.google.javascript.jscomp.TypeCheckTest#testNumericComparison5,1080.000000
5290,com.google.javascript.jscomp.AliasStringsTest#testLongStableAlias,591.000000
5291,com.google.javascript.rhino.jstype.JSTypeTest#testRecordTypeGreatestSubType4,294.000000
5292,com.google.javascript.jscomp.TypeCheckTest#testNumericComparison6,1134.000000
5293,com.google.javascript.jscomp.AliasStringsTest#testSeveral,641.000000
5294,com.google.javascript.rhino.jstype.JSTypeTest#testRecordTypeGreatestSubType5,311.000000
5295,com.google.javascript.jscomp.TypeCheckTest#testBooleanPreservation1,1120.000000
5296,com.google.javascript.jscomp.AliasStringsTest#testSortedOutput,618.000000
5297,com.google.javascript.rhino.jstype.JSTypeTest#testRecordTypeGreatestSubType6,309.000000
5298,com.google.javascript.jscomp.TypeCheckTest#testBooleanPreservation2,1112.000000
5299,com.google.javascript.jscomp.AliasStringsTest#testBlackList,619.000000
5300,com.google.javascript.rhino.jstype.JSTypeTest#testRecordTypeGreatestSubType7,303.000000
5301,com.google.javascript.jscomp.TypeCheckTest#testBooleanPreservation3,1132.000000
5302,com.google.javascript.jscomp.StripCodeTest#testStripCallsToStrippedNames,635.000000
5303,com.google.javascript.rhino.jstype.JSTypeTest#testRecordTypeGreatestSubType8,323.000000
5304,com.google.javascript.jscomp.TypeCheckTest#testBooleanPreservation4,1138.000000
5305,com.google.javascript.jscomp.StripCodeTest#testPropertyWithEmptyStringKey,607.000000
5306,com.google.javascript.rhino.jstype.JSTypeTest#testLeastSupertypeUnresolvedNamedType2,287.000000
5307,com.google.javascript.jscomp.TypeCheckTest#testInnerFunction1,1091.000000
5308,com.google.javascript.jscomp.StripCodeTest#testLoggerDefinedStatically,627.000000
5309,com.google.javascript.rhino.jstype.JSTypeTest#testLeastSupertypeUnresolvedNamedType3,287.000000
5310,com.google.javascript.jscomp.TypeCheckTest#testInnerFunction2,1131.000000
5311,com.google.javascript.jscomp.StripCodeTest#testLoggerDefinedInConstructor,629.000000
5312,com.google.javascript.rhino.jstype.JSTypeTest#testProxiedFunctionTypeRelationships,306.000000
5313,com.google.javascript.jscomp.TypeCheckTest#testInnerFunction3,1095.000000
5314,com.google.javascript.jscomp.StripCodeTest#testNamePrefix,654.000000
5315,com.google.javascript.rhino.jstype.JSTypeTest#testFunctionPrototypeAndImplicitPrototype1,280.000000
5316,com.google.javascript.jscomp.TypeCheckTest#testInnerFunction4,1099.000000
5317,com.google.javascript.jscomp.StripCodeTest#testLoggerClassDefinition,586.000000
5318,com.google.javascript.rhino.jstype.JSTypeTest#testReflexivityOfLeastSupertype,334.000000
5319,com.google.javascript.jscomp.TypeCheckTest#testInnerFunction5,1092.000000
5320,com.google.javascript.jscomp.StripCodeTest#testNewOperatior1,622.000000
5321,com.google.javascript.rhino.jstype.JSTypeTest#testInterfaceInstanceSubtypeChain,320.000000
5322,com.google.javascript.jscomp.TypeCheckTest#testInnerFunction9,1117.000000
5323,com.google.javascript.jscomp.StripCodeTest#testNewOperatior2,636.000000
5324,com.google.javascript.rhino.jstype.JSTypeTest#testGetTypesUnderEquality2,289.000000
5325,com.google.javascript.jscomp.TypeCheckTest#testMultipleExtendsInterface1,1062.000000
5326,com.google.javascript.jscomp.StripCodeTest#testLoggerVarDeclaration,581.000000
5327,com.google.javascript.rhino.jstype.JSTypeTest#testGetTypesUnderEquality3,289.000000
5328,com.google.javascript.jscomp.TypeCheckTest#testMultipleExtendsInterface3,1109.000000
5329,com.google.javascript.jscomp.StripCodeTest#testPrototypeMethodDefinition,603.000000
5330,com.google.javascript.rhino.jstype.JSTypeTest#testGetTypesUnderEquality4,294.000000
5331,com.google.javascript.jscomp.TypeCheckTest#testMultipleExtendsInterface4,1088.000000
5332,com.google.javascript.jscomp.StripCodeTest#testPrefixedClassName,631.000000
5333,com.google.javascript.rhino.jstype.JSTypeTest#testGetTypesUnderEquality5,297.000000
5334,com.google.javascript.jscomp.TypeCheckTest#testMultipleExtendsInterface6,1095.000000
5335,com.google.javascript.jscomp.StripCodeTest#testStaticLoggerMethodDefinition,603.000000
5336,com.google.javascript.rhino.jstype.JSTypeTest#testGetTypesUnderEquality6,296.000000
5337,com.google.javascript.jscomp.TypeCheckTest#testNoTypeCheck1,1048.000000
5338,com.google.javascript.jscomp.StripCodeTest#testClassDefiningCallWithStripType1,565.000000
5339,com.google.javascript.rhino.jstype.JSTypeTest#testParameterizedTypeRelations,302.000000
5340,com.google.javascript.jscomp.TypeCheckTest#testNoTypeCheck2,1050.000000
5341,com.google.javascript.jscomp.StripCodeTest#testClassDefiningCallWithStripType2,628.000000
5342,com.google.javascript.rhino.jstype.JSTypeTest#testParameterizedObjectChain,317.000000
5343,com.google.javascript.jscomp.TypeCheckTest#testNoTypeCheck3,1050.000000
5344,com.google.javascript.jscomp.StripCodeTest#testClassDefiningCallWithStripType3,568.000000
5345,com.google.javascript.rhino.jstype.JSTypeTest#testSubclassOfUnresolvedNamedType,281.000000
5346,com.google.javascript.jscomp.TypeCheckTest#testNoTypeCheck4,1064.000000
5347,com.google.javascript.jscomp.StripCodeTest#testClassDefiningCallWithStripType4,568.000000
5348,com.google.javascript.rhino.jstype.JSTypeTest#testInterfaceHasOwnProperty,280.000000
5349,com.google.javascript.jscomp.TypeCheckTest#testNoTypeCheck5,1064.000000
5350,com.google.javascript.jscomp.StripCodeTest#testClassDefiningCallWithStripType5,620.000000
5351,com.google.javascript.rhino.jstype.JSTypeTest#testGetTypesUnderInequality1,294.000000
5352,com.google.javascript.jscomp.TypeCheckTest#testNoTypeCheck6,1064.000000
5353,com.google.javascript.jscomp.StripCodeTest#testClassDefiningCallWithStripType6,568.000000
5354,com.google.javascript.rhino.jstype.JSTypeTest#testGetTypesUnderInequality2,293.000000
5355,com.google.javascript.jscomp.TypeCheckTest#testNoTypeCheck7,1064.000000
5356,com.google.javascript.jscomp.StripCodeTest#testClassDefiningCallWithStripType7,575.000000
5357,com.google.javascript.rhino.jstype.JSTypeTest#testGetTypesUnderInequality3,294.000000
5358,com.google.javascript.jscomp.TypeCheckTest#testNoTypeCheck8,1110.000000
5359,com.google.javascript.jscomp.StripCodeTest#testClassDefiningCallWithStripType8,642.000000
5360,com.google.javascript.rhino.jstype.JSTypeTest#testGetTypesUnderInequality4,292.000000
5361,com.google.javascript.jscomp.TypeCheckTest#testNoTypeCheck9,1064.000000
5362,com.google.javascript.jscomp.StripCodeTest#testPublicPropertyAssignment,586.000000
5363,com.google.javascript.rhino.jstype.JSTypeTest#testGoodSetPrototypeBasedOn,281.000000
5364,com.google.javascript.jscomp.TypeCheckTest#testOptionalArgFunctionReturn2,1102.000000
5365,com.google.javascript.jscomp.StripCodeTest#testVarinIf,612.000000
5366,com.google.javascript.rhino.jstype.JSTypeTest#testInstanceFunctionChaining,295.000000
5367,com.google.javascript.jscomp.TypeCheckTest#testScopedConstructors1,1151.000000
5368,com.google.javascript.jscomp.StripCodeTest#testLoggerDefinedInPrototype1,627.000000
5369,com.google.javascript.rhino.jstype.JSTypeTest#testSupertypeOfProxiedFunctionTypes,304.000000
5370,com.google.javascript.jscomp.TypeCheckTest#testScopedConstructors2,1057.000000
5371,com.google.javascript.jscomp.StripCodeTest#testLoggerDefinedInPrototype2,633.000000
5372,com.google.javascript.rhino.jstype.JSTypeTest#testSubtypingFunctionFixedArgs,294.000000
5373,com.google.javascript.jscomp.TypeCheckTest#testInheritanceCheck12,1087.000000
5374,com.google.javascript.jscomp.StripCodeTest#testLoggerDefinedInPrototype3,638.000000
5375,com.google.javascript.rhino.jstype.JSTypeTest#testSubtypingObjectTopOfObjects,286.000000
5376,com.google.javascript.jscomp.TypeCheckTest#testInheritanceCheck13,1120.000000
5377,com.google.javascript.jscomp.StripCodeTest#testLoggerDefinedInPrototype4,644.000000
5378,com.google.javascript.rhino.jstype.JSTypeTest#testCanTestForEqualityWithCornerCases,292.000000
5379,com.google.javascript.jscomp.TypeCheckTest#testInheritanceCheck15,1057.000000
5380,com.google.javascript.jscomp.StripCodeTest#testLoggerDefinedInPrototype5,654.000000
5381,com.google.javascript.rhino.jstype.JSTypeTest#testNamedTypeEquals,279.000000
5382,com.google.javascript.jscomp.TypeCheckTest#testInheritanceCheck16,1091.000000
5383,com.google.javascript.jscomp.StripCodeTest#testPrototypeFieldDefinitionWithoutAssignment,553.000000
5384,com.google.javascript.rhino.jstype.JSTypeTest#testFunctionInstanceType,337.000000
5385,com.google.javascript.jscomp.TypeCheckTest#testInheritanceCheck17,1093.000000
5386,com.google.javascript.jscomp.StripCodeTest#testPrefixedPropertyName,588.000000
5387,com.google.javascript.rhino.jstype.JSTypeTest#testFunctionTypeRepresentation,299.000000
5388,com.google.javascript.jscomp.TypeCheckTest#testInnerFunction10,1122.000000
5389,com.google.javascript.jscomp.StripCodeTest#testPrototypeFieldDefinition,561.000000
5390,com.google.javascript.rhino.jstype.JSTypeTest#testParameterizedTypeSubtypes,296.000000
5391,com.google.javascript.jscomp.TypeCheckTest#testInnerFunction11,1107.000000
5392,com.google.javascript.jscomp.StripCodeTest#testStaticLoggerPropertyDefinition,579.000000
5393,com.google.javascript.rhino.jstype.JSTypeTest#testRegExpType,366.000000
5394,com.google.javascript.jscomp.TypeCheckTest#testInheritanceCheck9_1,1069.000000
5395,com.google.javascript.jscomp.StripCodeTest#testAssignInIf,628.000000
5396,com.google.javascript.rhino.jstype.JSTypeTest#testInvalidTemplatizedType,279.000000
5397,com.google.javascript.jscomp.TypeCheckTest#testInheritanceCheck9_2,1068.000000
5398,com.google.javascript.jscomp.StripCodeTest#testGlobalCallWithStrippedType,582.000000
5399,com.google.javascript.rhino.jstype.JSTypeTest#testRecordTypeSubtyping,289.000000
5400,com.google.javascript.jscomp.TypeCheckTest#testInheritanceCheck9_3,1092.000000
5401,com.google.javascript.jscomp.StripCodeTest#testPrefixedVariableName,582.000000
5402,com.google.javascript.rhino.jstype.JSTypeTest#testRecordType,329.000000
5403,com.google.javascript.jscomp.TypeCheckTest#testRecordType1,1135.000000
5404,com.google.javascript.jscomp.StripCodeTest#testReportErrorOnStripInNestedAssignment,542.000000
5405,com.google.javascript.rhino.jstype.JSTypeTest#testCreateAnonymousObjectType2,289.000000
5406,com.google.javascript.jscomp.TypeCheckTest#testRecordType2,1111.000000
5407,com.google.javascript.jscomp.StripCodeTest#testGetElemInIf,618.000000
5408,com.google.javascript.rhino.jstype.JSTypeTest#testRecordTypeLeastSuperType1,293.000000
5409,com.google.javascript.jscomp.TypeCheckTest#testRecordType3,1147.000000
5410,com.google.javascript.jscomp.StripCodeTest#testCrazyNesting2,631.000000
5411,com.google.javascript.rhino.jstype.JSTypeTest#testRecordTypeLeastSuperType2,300.000000
5412,com.google.javascript.jscomp.TypeCheckTest#testRecordType5,1121.000000
5413,com.google.javascript.jscomp.StripCodeTest#testCrazyNesting3,633.000000
5414,com.google.javascript.rhino.jstype.JSTypeTest#testRecordTypeLeastSuperType3,297.000000
5415,com.google.javascript.jscomp.TypeCheckTest#testRecordType6,1084.000000
5416,com.google.javascript.jscomp.StripCodeTest#testCrazyNesting4,631.000000
5417,com.google.javascript.rhino.jstype.JSTypeTest#testRecordTypeLeastSuperType4,288.000000
5418,com.google.javascript.jscomp.TypeCheckTest#testRecordType7,1157.000000
5419,com.google.javascript.jscomp.StripCodeTest#testCrazyNesting5,648.000000
5420,com.google.javascript.rhino.jstype.JSTypeTest#testPartiallyTemplatizedType,283.000000
5421,com.google.javascript.jscomp.TypeCheckTest#testRecordType8,1170.000000
5422,com.google.javascript.jscomp.StripCodeTest#testLoggerDefinedInObjectLiteral1,624.000000
5423,com.google.javascript.rhino.jstype.JSTypeTest#testAnonymousObjectChain,339.000000
5424,com.google.javascript.jscomp.TypeCheckTest#testFunctionAssignement,1053.000000
5425,com.google.javascript.jscomp.StripCodeTest#testLoggerDefinedInObjectLiteral2,645.000000
5426,com.google.javascript.rhino.jstype.JSTypeTest#testWeirdBug,279.000000
5427,com.google.javascript.jscomp.TypeCheckTest#testReturn1,1075.000000
5428,com.google.javascript.jscomp.StripCodeTest#testLoggerDefinedInObjectLiteral3,641.000000
5429,com.google.javascript.rhino.jstype.JSTypeTest#testNamedTypeHasOwnProperty,285.000000
5430,com.google.javascript.jscomp.TypeCheckTest#testReturn2,1065.000000
5431,com.google.javascript.jscomp.StripCodeTest#testLoggerDefinedInObjectLiteral4,651.000000
5432,com.google.javascript.rhino.jstype.JSTypeTest#testCanCastTo,303.000000
5433,com.google.javascript.jscomp.TypeCheckTest#testReturn3,1072.000000
5434,com.google.javascript.jscomp.StripCodeTest#testLoggerDefinedInPrototypeAndUsedInConstructor,656.000000
5435,com.google.javascript.rhino.jstype.JSTypeTest#testSubtypingMostGeneralFunction,301.000000
5436,com.google.javascript.jscomp.TypeCheckTest#testReturn4,1083.000000
5437,com.google.javascript.jscomp.StripCodeTest#testSubPropertyAccessByVariableName,636.000000
5438,com.google.javascript.rhino.jstype.JSTypeTest#testBug903110,285.000000
5439,com.google.javascript.jscomp.TypeCheckTest#testReturn5,1046.000000
5440,com.google.javascript.jscomp.StripCodeTest#testLoggerDefinedStaticallyAndUsedInConstructor,656.000000
5441,com.google.javascript.rhino.jstype.JSTypeTest#testBug904123,295.000000
5442,com.google.javascript.jscomp.TypeCheckTest#testReturn6,1074.000000
5443,com.google.javascript.jscomp.StripCodeTest#testStripVarsInitializedFromStrippedNames,663.000000
5444,com.google.javascript.rhino.jstype.JSTypeTest#testSubtypingFunctionFixedArgsNotMatching,294.000000
5445,com.google.javascript.jscomp.TypeCheckTest#testReturn7,1079.000000
5446,com.google.javascript.jscomp.StripCodeTest#testTypePrefix,581.000000
5447,com.google.javascript.rhino.jstype.JSTypeTest#testRecordSubtypeChain,347.000000
5448,com.google.javascript.jscomp.TypeCheckTest#testReturn8,1077.000000
5449,com.google.javascript.jscomp.PeepholeOptimizationsPassTest#testOptimizationReplacingNode,556.000000
5450,com.google.javascript.rhino.jstype.JSTypeTest#testObjectType,310.000000
5451,com.google.javascript.jscomp.TypeCheckTest#testStaticMethodDeclaration1,1107.000000
5452,com.google.javascript.jscomp.PeepholeOptimizationsPassTest#testOptimizationRemovingSubtreeParent,554.000000
5453,com.google.javascript.rhino.jstype.JSTypeTest#testLateSetPrototypeBasedOn,283.000000
5454,com.google.javascript.jscomp.TypeCheckTest#testStaticMethodDeclaration2,1158.000000
5455,com.google.javascript.jscomp.PeepholeOptimizationsPassTest#testEmptyPass,549.000000
5456,com.google.javascript.rhino.jstype.JSTypeTest#testTheObjectType,364.000000
5457,com.google.javascript.jscomp.TypeCheckTest#testStaticMethodDeclaration3,1151.000000
5458,com.google.javascript.jscomp.PeepholeOptimizationsPassTest#testOptimizationOrder,553.000000
5459,com.google.javascript.rhino.jstype.JSTypeTest#testBooleanObjectType,336.000000
5460,com.google.javascript.jscomp.TypeCheckTest#testSuperclassMatch,1100.000000
5461,com.google.javascript.jscomp.PeepholeOptimizationsPassTest#testOptimizationRemovingSubtreeChild,558.000000
5462,com.google.javascript.rhino.jstype.JSTypeTest#testGetTypeUnderEquality1,343.000000
5463,com.google.javascript.jscomp.TypeCheckTest#testQualifiedNameReduction5a,1084.000000
5464,com.google.javascript.jscomp.PeepholeOptimizationsPassTest#testOptimizationsRemoveParentAfterRemoveChild,557.000000
5465,com.google.javascript.rhino.jstype.JSTypeTest#testStringObjectType,352.000000
5466,com.google.javascript.jscomp.TypeCheckTest#testQualifiedNameReduction5b,1107.000000
5467,com.google.javascript.jscomp.PeepholeOptimizationsPassTest#testOptimizationRemovingSubtree,554.000000
5468,com.google.javascript.rhino.jstype.JSTypeTest#testParameterizedArrayChain2,313.000000
5469,com.google.javascript.jscomp.TypeCheckTest#testQualifiedNameReduction5c,1132.000000
5470,com.google.javascript.jscomp.RenameVarsTest#testDollarSignSuperExport1,637.000000
5471,com.google.javascript.rhino.jstype.JSTypeTest#testParameterizedArrayChain,317.000000
5472,com.google.javascript.jscomp.TypeCheckTest#testQualifiedNameReduction7a,1085.000000
5473,com.google.javascript.jscomp.RenameVarsTest#testRenameLocalsClashingWithGlobals,630.000000
5474,com.google.javascript.rhino.jstype.JSTypeTest#testGetAndSetJSDocInfoWithObjectTypes,292.000000
5475,com.google.javascript.jscomp.TypeCheckTest#testCatchExpression1,1125.000000
5476,com.google.javascript.jscomp.RenameVarsTest#testRenameRedeclaredGlobals,698.000000
5477,com.google.javascript.rhino.jstype.JSTypeTest#testRecordTypeSubtypingWithInferredProperties,290.000000
5478,com.google.javascript.jscomp.TypeCheckTest#testDirectPrototypeAssign,1059.000000
5479,com.google.javascript.jscomp.RenameVarsTest#testRenameWithPrefix1,631.000000
5480,com.google.javascript.rhino.jstype.JSTypeTest#testCallOfDateMethod,303.000000
5481,com.google.javascript.jscomp.TypeCheckTest#testOverriddenReturn1,1112.000000
5482,com.google.javascript.jscomp.RenameVarsTest#testRenameWithPrefix2,645.000000
5483,com.google.javascript.rhino.jstype.JSTypeTest#testNamedTypeEquals2,289.000000
5484,com.google.javascript.jscomp.TypeCheckTest#testOverriddenReturn2,1100.000000
5485,com.google.javascript.jscomp.RenameVarsTest#testRenameWithPrefix3,646.000000
5486,com.google.javascript.rhino.jstype.JSTypeTest#testCreateAnonymousObjectType,281.000000
5487,com.google.javascript.jscomp.TypeCheckTest#testTypeCheck11,1064.000000
5488,com.google.javascript.jscomp.RenameVarsTest#testStableRenameWithExterns1,608.000000
5489,com.google.javascript.rhino.jstype.JSTypeTest#testTestForEquality,321.000000
5490,com.google.javascript.jscomp.TypeCheckTest#testTypeCheck12,1122.000000
5491,com.google.javascript.jscomp.RenameVarsTest#testStableRenameWithExterns2,606.000000
5492,com.google.javascript.rhino.jstype.JSTypeTest#testNullableNamedTypeChain,338.000000
5493,com.google.javascript.jscomp.TypeCheckTest#testTypeCheck13,1075.000000
5494,com.google.javascript.jscomp.RenameVarsTest#testStableRenameSimpleExternsChanges,635.000000
5495,com.google.javascript.rhino.jstype.JSTypeTest#testFunctionSubtypeChain,346.000000
5496,com.google.javascript.jscomp.TypeCheckTest#testTypeCheck14,1036.000000
5497,com.google.javascript.jscomp.RenameVarsTest#testStableRenameSimple,632.000000
5498,com.google.javascript.rhino.jstype.JSTypeTest#testNumberObjectType,367.000000
5499,com.google.javascript.jscomp.TypeCheckTest#testTypeCheck15,1079.000000
5500,com.google.javascript.jscomp.RenameVarsTest#testRenameGlobals,626.000000
5501,com.google.javascript.rhino.jstype.JSTypeTest#testReflexivityOfGreatestSubtype,332.000000
5502,com.google.javascript.jscomp.TypeCheckTest#testTypeCheck16,1066.000000
5503,com.google.javascript.jscomp.RenameVarsTest#testDoNotRenameExportedName,576.000000
5504,com.google.javascript.rhino.jstype.JSTypeTest#testHasOwnProperty,281.000000
5505,com.google.javascript.jscomp.TypeCheckTest#testTypeCheck17,1063.000000
5506,com.google.javascript.jscomp.RenameVarsTest#testRenameWithNameOverlap,613.000000
5507,com.google.javascript.rhino.jstype.JSTypeTest#testObjectTypePropertiesCount,290.000000
5508,com.google.javascript.jscomp.TypeCheckTest#testTypeCheck18,1061.000000
5509,com.google.javascript.jscomp.RenameVarsTest#testStableRenameWithPointlesslyAnonymousFunctions,619.000000
5510,com.google.javascript.rhino.jstype.JSTypeTest#testApplyOfDateMethod,301.000000
5511,com.google.javascript.jscomp.TypeCheckTest#testTypeCheck19,1061.000000
5512,com.google.javascript.jscomp.RenameVarsTest#testExportSimpleSymbolReservesName,639.000000
5513,com.google.javascript.rhino.jstype.JSTypeTest#testObjectTypePropertiesCountWithShadowing,290.000000
5514,com.google.javascript.jscomp.TypeCheckTest#testTypeCheck20,1061.000000
5515,com.google.javascript.jscomp.RenameVarsTest#testStableRenameWithPrefix1AndUnstableLocalNames,632.000000
5516,com.google.javascript.rhino.jstype.JSTypeTest#testUniversalConstructorType,364.000000
5517,com.google.javascript.jscomp.TypeCheckTest#testTypeCheck21,1057.000000
5518,com.google.javascript.jscomp.RenameVarsTest#testStableRenameWithNameOverlap,615.000000
5519,com.google.javascript.rhino.jstype.JSTypeTest#testLeastSupertypeUnresolvedNamedType,307.000000
5520,com.google.javascript.jscomp.TypeCheckTest#testTypeCheck22,1116.000000
5521,com.google.javascript.jscomp.RenameVarsTest#testStableRenameSimpleGlobalNameExterned,634.000000
5522,com.google.javascript.rhino.jstype.JSTypeTest#testNamedSubtypeChain,320.000000
5523,com.google.javascript.jscomp.TypeCheckTest#testTypeCheck23,1049.000000
5524,com.google.javascript.jscomp.RenameVarsTest#testStableRenameSimpleLocalNameExterned,634.000000
5525,com.google.javascript.rhino.jstype.JSTypeTest#testSymmetryOfGreatestSubtype,382.000000
5526,com.google.javascript.jscomp.TypeCheckTest#testTypeCheck24,1052.000000
5527,com.google.javascript.jscomp.RenameVarsTest#testExportToNonStringDoesntExplode,631.000000
5528,com.google.javascript.rhino.jstype.JSTypeTest#testConstructorSubtypeChain,329.000000
5529,com.google.javascript.jscomp.TypeCheckTest#testQualifiedNameInference12,1107.000000
5530,com.google.javascript.jscomp.RenameVarsTest#testRecursiveFunctions1,639.000000
5531,com.google.javascript.rhino.jstype.JSTypeTest#testSubtypingFunctionMultipleFixedArgs,294.000000
5532,com.google.javascript.jscomp.TypeCheckTest#testQualifiedNameInference13,1102.000000
5533,com.google.javascript.jscomp.RenameVarsTest#testRecursiveFunctions2,639.000000
5534,com.google.javascript.rhino.jstype.JSTypeTest#testNoType,332.000000
5535,com.google.javascript.jscomp.TypeCheckTest#testMismatchingOverridingInferredPropertyBeforeDeclaredProperty1,1084.000000
5536,com.google.javascript.jscomp.RenameVarsTest#testBleedingRecursiveFunctions1,651.000000
5537,com.google.javascript.rhino.jstype.JSTypeTest#testInterfaceInheritanceSubtypeChain,320.000000
5538,com.google.javascript.jscomp.TypeCheckTest#testMismatchingOverridingInferredPropertyBeforeDeclaredProperty2,1078.000000
5539,com.google.javascript.jscomp.RenameVarsTest#testBleedingRecursiveFunctions2,654.000000
5540,com.google.javascript.rhino.jstype.JSTypeTest#testCheckedUnknownType,291.000000
5541,com.google.javascript.jscomp.TypeCheckTest#testMismatchingOverridingInferredPropertyBeforeDeclaredProperty3,1107.000000
5542,com.google.javascript.jscomp.RenameVarsTest#testBleedingRecursiveFunctions3,654.000000
5543,com.google.javascript.rhino.jstype.JSTypeTest#testCreateObjectType,281.000000
5544,com.google.javascript.jscomp.TypeCheckTest#testMismatchingOverridingInferredPropertyBeforeDeclaredProperty4,1102.000000
5545,com.google.javascript.jscomp.RenameVarsTest#testNamingBasedOnOrderOfOccurrence,646.000000
5546,com.google.javascript.rhino.jstype.JSTypeTest#testSubtypingFunctionVariableArgsBoth,294.000000
5547,com.google.javascript.jscomp.TypeCheckTest#testParameterizedArray1,1108.000000
5548,com.google.javascript.jscomp.RenameVarsTest#testPseudoNames,625.000000
5549,com.google.javascript.rhino.jstype.JSTypeTest#testDefineProperties,295.000000
5550,com.google.javascript.jscomp.TypeCheckTest#testParameterizedArray2,1111.000000
5551,com.google.javascript.jscomp.RenameVarsTest#testStableRenameWithPrefix2,647.000000
5552,com.google.javascript.rhino.jstype.JSTypeTest#testSubtypingDerivedExtendsNamedBaseType,281.000000
5553,com.google.javascript.jscomp.TypeCheckTest#testParameterizedArray3,1086.000000
5554,com.google.javascript.jscomp.RenameVarsTest#testStableRenameWithAnonymousFunctions,643.000000
5555,com.google.javascript.rhino.jstype.JSTypeTest#testGoogBarSubtypeChain,314.000000
5556,com.google.javascript.jscomp.TypeCheckTest#testParameterizedArray4,1104.000000
5557,com.google.javascript.jscomp.RenameVarsTest#testRenameLocals,621.000000
5558,com.google.javascript.rhino.jstype.JSTypeTest#testFunctionSubTypeRelationships,310.000000
5559,com.google.javascript.jscomp.TypeCheckTest#testParameterizedArray5,1082.000000
5560,com.google.javascript.jscomp.RenameVarsTest#testRenameNested,621.000000
5561,com.google.javascript.rhino.jstype.JSTypeTest#testSubtypingFunctionPrototypeType,285.000000
5562,com.google.javascript.jscomp.TypeCheckTest#testParameterizedArray6,1108.000000
5563,com.google.javascript.jscomp.RenameVarsTest#testRenameSimple,630.000000
5564,com.google.javascript.rhino.jstype.JSTypeTest#testJSDocOnPrototypeProperty,293.000000
5565,com.google.javascript.jscomp.TypeCheckTest#testParameterizedArray7,1121.000000
5566,com.google.javascript.jscomp.RenameVarsTest#testContrivedExampleWhereConsistentRenamingIsWorse,630.000000
5567,com.google.javascript.rhino.jstype.JSTypeTest#testGreatestSubtypeWithProperty,289.000000
5568,com.google.javascript.jscomp.TypeCheckTest#testIssue124b,1118.000000
5569,com.google.javascript.jscomp.RenameVarsTest#testStableRenameLocalsClashingWithGlobals,631.000000
5570,com.google.javascript.rhino.jstype.JSTypeTest#testRecordAndObjectChain2,328.000000
5571,com.google.javascript.jscomp.TypeCheckTest#testIssue537a,1169.000000
5572,com.google.javascript.jscomp.RenameVarsTest#testRenameWithExterns1,606.000000
5573,com.google.javascript.rhino.jstype.JSTypeTest#testRecordAndObjectChain3,331.000000
5574,com.google.javascript.jscomp.TypeCheckTest#testIssue537b,1169.000000
5575,com.google.javascript.jscomp.RenameVarsTest#testRenameWithExterns2,600.000000
5576,com.google.javascript.rhino.jstype.UnionTypeTest#testShallowEquality,198.000000
5577,com.google.javascript.jscomp.TypeCheckTest#testIssue537c,1173.000000
5578,com.google.javascript.jscomp.RenameVarsTest#testStableRenameGlobals,640.000000
5579,com.google.javascript.rhino.jstype.UnionTypeTest#testSpecialUnionCanAssignTo,195.000000
5580,com.google.javascript.jscomp.TypeCheckTest#testIssue537d,1115.000000
5581,com.google.javascript.jscomp.ReorderConstantExpressionTest#testSymmetricOperations,640.000000
5582,com.google.javascript.rhino.jstype.UnionTypeTest#testGetRestrictedUnion1,193.000000
5583,com.google.javascript.jscomp.TypeCheckTest#testIssue635b,1069.000000
5584,com.google.javascript.jscomp.OptimizeParametersTest#testRemoveOneOptionalNamedFunction,721.000000
5585,com.google.javascript.rhino.jstype.UnionTypeTest#testGetRestrictedUnion2,193.000000
5586,com.google.javascript.jscomp.TypeCheckTest#testQualifiedNameInference1,1125.000000
5587,com.google.javascript.jscomp.OptimizeParametersTest#testConstructorOptArgsNotRemoved,823.000000
5588,com.google.javascript.rhino.jstype.UnionTypeTest#testCollapseUnion1,194.000000
5589,com.google.javascript.jscomp.TypeCheckTest#testQualifiedNameInference2,1121.000000
5590,com.google.javascript.jscomp.OptimizeParametersTest#testMethodsDefinedInObjectDontGetOptimized,753.000000
5591,com.google.javascript.rhino.jstype.UnionTypeTest#testCollapseUnion2,196.000000
5592,com.google.javascript.jscomp.TypeCheckTest#testQualifiedNameInference3,1122.000000
5593,com.google.javascript.jscomp.OptimizeParametersTest#testMethodsDefinedInArraysDontGetOptimized,718.000000
5594,com.google.javascript.rhino.jstype.UnionTypeTest#testCollapseUnion4,194.000000
5595,com.google.javascript.jscomp.TypeCheckTest#testQualifiedNameInference4,1118.000000
5596,com.google.javascript.jscomp.OptimizeParametersTest#testFunctionWithReferenceToArgumentsShouldNotBeOptimize,732.000000
5597,com.google.javascript.rhino.jstype.UnionTypeTest#testGreatestSubtypeUnionTypes1,199.000000
5598,com.google.javascript.jscomp.TypeCheckTest#testQualifiedNameInference5,1140.000000
5599,com.google.javascript.jscomp.OptimizeParametersTest#testGlobalCatch,730.000000
5600,com.google.javascript.rhino.jstype.UnionTypeTest#testGreatestSubtypeUnionTypes2,201.000000
5601,com.google.javascript.jscomp.TypeCheckTest#testQualifiedNameInference6,1129.000000
5602,com.google.javascript.jscomp.OptimizeParametersTest#testDoNotOptimizeJSCompiler_renameProperty,710.000000
5603,com.google.javascript.rhino.jstype.UnionTypeTest#testGreatestSubtypeUnionTypes3,201.000000
5604,com.google.javascript.jscomp.TypeCheckTest#testQualifiedNameInference7,1178.000000
5605,com.google.javascript.jscomp.OptimizeParametersTest#testRemoveTwoOptionalMultiplePossibleDefinition,744.000000
5606,com.google.javascript.rhino.jstype.UnionTypeTest#testGreatestSubtypeUnionTypes4,201.000000
5607,com.google.javascript.jscomp.TypeCheckTest#testQualifiedNameInference9,1178.000000
5608,com.google.javascript.jscomp.OptimizeParametersTest#testFunctionPassedAsParam,857.000000
5609,com.google.javascript.rhino.jstype.UnionTypeTest#testGreatestSubtypeUnionTypes5,200.000000
5610,com.google.javascript.jscomp.TypeCheckTest#testFunctionLiteralDefinedThisArgument2,1168.000000
5611,com.google.javascript.jscomp.OptimizeParametersTest#testNotAFunction,673.000000
5612,com.google.javascript.rhino.jstype.UnionTypeTest#testUnionWithUnknown,194.000000
5613,com.google.javascript.jscomp.TypeCheckTest#testInterfaceNonEmptyFunction,1087.000000
5614,com.google.javascript.jscomp.OptimizeParametersTest#testOptimizeOnlyImmutableValues,776.000000
5615,com.google.javascript.rhino.jstype.UnionTypeTest#testSubtypingUnionTypes,207.000000
5616,com.google.javascript.jscomp.TypeCheckTest#testMultipleExtendsInterfaceAssignment,1105.000000
5617,com.google.javascript.jscomp.OptimizeParametersTest#testSingleUnknown,746.000000
5618,com.google.javascript.rhino.jstype.UnionTypeTest#testIsEquivalentTo,193.000000
5619,com.google.javascript.jscomp.TypeCheckTest#testGenerics1,1183.000000
5620,com.google.javascript.jscomp.OptimizeParametersTest#testNoArgumentRemovalNonEqualNodes,775.000000
5621,com.google.javascript.rhino.jstype.UnionTypeTest#testCreateUnionType,195.000000
5622,com.google.javascript.jscomp.TypeCheckTest#testUnknownConstructorInstanceType1,1055.000000
5623,com.google.javascript.jscomp.OptimizeParametersTest#testRemoveOneOptionalExpressionAssign,721.000000
5624,com.google.javascript.rhino.jstype.RecordTypeTest#testSupAndInf,245.000000
5625,com.google.javascript.jscomp.TypeCheckTest#testUnknownConstructorInstanceType2,1064.000000
5626,com.google.javascript.jscomp.OptimizeParametersTest#testDoNotOptimizeWhenArgumentsPassedAsParameter,773.000000
5627,com.google.javascript.rhino.jstype.RecordTypeTest#testSubtypeWithUnknowns,212.000000
5628,com.google.javascript.jscomp.TypeCheckTest#testUnknownConstructorInstanceType3,1090.000000
5629,com.google.javascript.jscomp.OptimizeParametersTest#testRemoveOneOptionalMultipleCalls,747.000000
5630,com.google.javascript.rhino.jstype.RecordTypeTest#testSubtypeWithManyProps,213.000000
5631,com.google.javascript.jscomp.TypeCheckTest#testExtendFunction1,1091.000000
5632,com.google.javascript.jscomp.OptimizeParametersTest#testRemoveOneOptionalVarAssignment,723.000000
5633,com.google.javascript.rhino.jstype.RecordTypeTest#testSubtypeWithUnknowns2,226.000000
5634,com.google.javascript.jscomp.TypeCheckTest#testExtendFunction2,1093.000000
5635,com.google.javascript.jscomp.OptimizeParametersTest#testOptimizeThis,792.000000
5636,com.google.javascript.rhino.jstype.RecordTypeTest#testLongToString,205.000000
5637,com.google.javascript.jscomp.TypeCheckTest#testPropertyInference1,1103.000000
5638,com.google.javascript.jscomp.OptimizeParametersTest#testRemoveConstantArgument,869.000000
5639,com.google.javascript.rhino.jstype.RecordTypeTest#testSubtypeWithFunctionProps,213.000000
5640,com.google.javascript.jscomp.TypeCheckTest#testPropertyInference2,1116.000000
5641,com.google.javascript.jscomp.OptimizeParametersTest#testDifferentScopes,771.000000
5642,com.google.javascript.rhino.jstype.FunctionTypeTest#testRecursiveFunction,233.000000
5643,com.google.javascript.jscomp.TypeCheckTest#testPropertyInference3,1127.000000
5644,com.google.javascript.jscomp.OptimizeParametersTest#testRegexesCanBeInlined,763.000000
5645,com.google.javascript.rhino.jstype.FunctionTypeTest#testSupAndInfWithDifferentThisTypes2,218.000000
5646,com.google.javascript.jscomp.TypeCheckTest#testPropertyInference4,1101.000000
5647,com.google.javascript.jscomp.OptimizeParametersTest#testOptionalArgumentsToConstructorCanBeOptimized,728.000000
5648,com.google.javascript.rhino.jstype.FunctionTypeTest#testSubtypeWithInterfaceThisType,199.000000
5649,com.google.javascript.jscomp.TypeCheckTest#testPropertyInference5,1098.000000
5650,com.google.javascript.jscomp.OptimizeParametersTest#testRemoveVarArg,747.000000
5651,com.google.javascript.rhino.jstype.FunctionTypeTest#testInterfacePrototypeChain1,194.000000
5652,com.google.javascript.jscomp.TypeCheckTest#testPropertyInference6,1081.000000
5653,com.google.javascript.jscomp.OptimizeParametersTest#testNoOptimizationForExternsFunctions,715.000000
5654,com.google.javascript.rhino.jstype.FunctionTypeTest#testCallSignature1,220.000000
5655,com.google.javascript.jscomp.TypeCheckTest#testPropertyInference7,1105.000000
5656,com.google.javascript.jscomp.OptimizeParametersTest#testRemoveOneOptionalOneRequired,747.000000
5657,com.google.javascript.rhino.jstype.FunctionTypeTest#testCallSignature2,226.000000
5658,com.google.javascript.jscomp.TypeCheckTest#testPropertyInference8,1111.000000
5659,com.google.javascript.jscomp.OptimizeParametersTest#testCanDeleteArgumentsAtAnyPosition,770.000000
5660,com.google.javascript.rhino.jstype.FunctionTypeTest#testIsEquivalentToParams,231.000000
5661,com.google.javascript.jscomp.TypeCheckTest#testPropertyInference9,1139.000000
5662,com.google.javascript.jscomp.OptimizeParametersTest#testConstructorUsedAsFunctionCanBeOptimized,775.000000
5663,com.google.javascript.rhino.jstype.FunctionTypeTest#testIsEquivalentOptAndVarArgs,206.000000
5664,com.google.javascript.jscomp.TypeCheckTest#testResolvingNamedTypes,1081.000000
5665,com.google.javascript.jscomp.OptimizeParametersTest#testFunctionWithTwoNames,719.000000
5666,com.google.javascript.rhino.jstype.FunctionTypeTest#testDefaultReturnType,191.000000
5667,com.google.javascript.jscomp.TypeCheckTest#testTypeOfReduction1,1132.000000
5668,com.google.javascript.jscomp.OptimizeParametersTest#testCallIsIgnore,745.000000
5669,com.google.javascript.rhino.jstype.FunctionTypeTest#testSupAndInfWithDifferentThisTypes,217.000000
5670,com.google.javascript.jscomp.TypeCheckTest#testTypeOfReduction2,1133.000000
5671,com.google.javascript.jscomp.OptimizeParametersTest#testDoOptimizeCall,735.000000
5672,com.google.javascript.rhino.jstype.FunctionTypeTest#testSupAndInfOfReturnTypesWithDifferentParams,223.000000
5673,com.google.javascript.jscomp.TypeCheckTest#testTypeOfReduction3,1102.000000
5674,com.google.javascript.jscomp.OptimizeParametersTest#testSimpleRemoval,770.000000
5675,com.google.javascript.rhino.jstype.FunctionTypeTest#testSetImplementsOnInterface,194.000000
5676,com.google.javascript.jscomp.TypeCheckTest#testTypeOfReduction4,1115.000000
5677,com.google.javascript.jscomp.OptimizeParametersTest#testRemoveOneOptionalMultiplePossibleDefinition,744.000000
5678,com.google.javascript.rhino.jstype.FunctionTypeTest#testBindSignature,228.000000
5679,com.google.javascript.jscomp.TypeCheckTest#testTypeOfReduction6,1143.000000
5680,com.google.javascript.jscomp.OptimizeParametersTest#testAliasMethodsDontGetOptimize2,726.000000
5681,com.google.javascript.rhino.jstype.FunctionTypeTest#testEmptyFunctionTypes,189.000000
5682,com.google.javascript.jscomp.TypeCheckTest#testTypeOfReduction7,1118.000000
5683,com.google.javascript.jscomp.OptimizeParametersTest#testAliasMethodsDontGetOptimize3,724.000000
5684,com.google.javascript.rhino.jstype.FunctionTypeTest#testOrdinaryFunctionPrototype,193.000000
5685,com.google.javascript.jscomp.TypeCheckTest#testPropertyTypeOfUnionType,1118.000000
5686,com.google.javascript.jscomp.OptimizeParametersTest#testAliasMethodsDontGetOptimize4,780.000000
5687,com.google.javascript.rhino.jstype.FunctionTypeTest#testSupAndInfOfReturnTypesWithNumOfParams,217.000000
5688,com.google.javascript.jscomp.TypeCheckTest#testBackwardsConstructor1,1089.000000
5689,com.google.javascript.jscomp.OptimizeParametersTest#testDoNotOptimizeArrayElements,752.000000
5690,com.google.javascript.rhino.jstype.FunctionTypeTest#testIsEquivalentTo,190.000000
5691,com.google.javascript.jscomp.TypeCheckTest#testBackwardsConstructor2,1089.000000
5692,com.google.javascript.jscomp.OptimizeParametersTest#testDoOptimizeApply,738.000000
5693,com.google.javascript.rhino.jstype.FunctionTypeTest#testSupAndInfWithDifferentParams,222.000000
5694,com.google.javascript.jscomp.TypeCheckTest#testNativeCast1,1097.000000
5695,com.google.javascript.jscomp.OptimizeParametersTest#testMutableValues1,808.000000
5696,com.google.javascript.rhino.jstype.FunctionParamBuilderTest#testBuild,206.000000
5697,com.google.javascript.jscomp.TypeCheckTest#testNativeCast2,1096.000000
5698,com.google.javascript.jscomp.OptimizeParametersTest#testMutableValues2,769.000000
5699,com.google.javascript.rhino.jstype.UnionTypeBuilderTest#testEmptyUnion,190.000000
5700,com.google.javascript.jscomp.TypeCheckTest#testNativeCast3,1099.000000
5701,com.google.javascript.jscomp.OptimizeParametersTest#testMutableValues3,766.000000
5702,com.google.javascript.rhino.jstype.UnionTypeBuilderTest#testAllType,190.000000
5703,com.google.javascript.jscomp.TypeCheckTest#testNativeCast4,1100.000000
5704,com.google.javascript.jscomp.OptimizeParametersTest#testMutableValues4,778.000000
5705,com.google.javascript.rhino.jstype.UnionTypeBuilderTest#testRemovalOfDupes,193.000000
5706,com.google.javascript.jscomp.TypeCheckTest#testDuplicateRecordFields1,1069.000000
5707,com.google.javascript.jscomp.OptimizeParametersTest#testMutableValues5,790.000000
5708,com.google.javascript.rhino.jstype.UnionTypeBuilderTest#testUnknownTypes,209.000000
5709,com.google.javascript.jscomp.TypeCheckTest#testGoodImplements1,1059.000000
5710,com.google.javascript.jscomp.OptimizeParametersTest#testDoNotOptimizeGoogExportFunctions,715.000000
5711,com.google.javascript.rhino.jstype.UnionTypeBuilderTest#testRemovalOfDupes2,210.000000
5712,com.google.javascript.jscomp.TypeCheckTest#testGoodImplements2,1063.000000
5713,com.google.javascript.jscomp.OptimizeParametersTest#testDoNotOptimizeJSCompiler_ObjectPropertyString,715.000000
5714,com.google.javascript.rhino.jstype.UnionTypeBuilderTest#testRemovalOfDupes3,210.000000
5715,com.google.javascript.jscomp.TypeCheckTest#testGoodImplements3,1059.000000
5716,com.google.javascript.jscomp.OptimizeParametersTest#testApplyIsIgnore,745.000000
5717,com.google.javascript.rhino.jstype.UnionTypeBuilderTest#testUnionTypes,194.000000
5718,com.google.javascript.jscomp.TypeCheckTest#testGoodImplements4,1096.000000
5719,com.google.javascript.jscomp.OptimizeParametersTest#testMultipleUnknown,733.000000
5720,com.google.javascript.rhino.jstype.JSTypeRegistryTest#testGetDeclaredType,180.000000
5721,com.google.javascript.jscomp.TypeCheckTest#testGoodImplements5,1081.000000
5722,com.google.javascript.jscomp.OptimizeParametersTest#testDoNotOptimizeConstructorWhenArgumentsAreNotEqual,748.000000
5723,com.google.javascript.rhino.jstype.JSTypeRegistryTest#testGenerationIncrementing2,230.000000
5724,com.google.javascript.jscomp.TypeCheckTest#testGoodImplements6,1097.000000
5725,com.google.javascript.jscomp.OptimizeParametersTest#testConstantArgumentsToConstructorCanBeOptimized,763.000000
5726,com.google.javascript.rhino.jstype.JSTypeRegistryTest#testPropertyOnManyTypes,181.000000
5727,com.google.javascript.jscomp.TypeCheckTest#testGoodImplements7,1094.000000
5728,com.google.javascript.jscomp.OptimizeParametersTest#testNoOptimizationForGoogExportSymbol,734.000000
5729,com.google.javascript.rhino.jstype.JSTypeRegistryTest#testAllTypeResolvesImmediately,179.000000
5730,com.google.javascript.jscomp.TypeCheckTest#testPropertyInference10,1149.000000
5731,com.google.javascript.jscomp.OptimizeParametersTest#testShadows,744.000000
5732,com.google.javascript.rhino.jstype.JSTypeRegistryTest#testGetDeclaredTypeInNamespace,181.000000
5733,com.google.javascript.jscomp.TypeCheckTest#testStringUnboxing,1078.000000
5734,com.google.javascript.jscomp.OptimizeParametersTest#testNamelessParameter1,729.000000
5735,com.google.javascript.rhino.jstype.JSTypeRegistryTest#testTypeResolutionModes,241.000000
5736,com.google.javascript.jscomp.TypeCheckTest#testCallDateConstructorAsFunction,1066.000000
5737,com.google.javascript.jscomp.OptimizeParametersTest#testNamelessParameter2,729.000000
5738,com.google.javascript.rhino.jstype.JSTypeRegistryTest#testGetBuiltInType,173.000000
5739,com.google.javascript.jscomp.TypeCheckTest#testDataPropertyOnInterface1,1047.000000
5740,com.google.javascript.jscomp.OptimizeParametersTest#testAliasMethodsDontGetOptimize,753.000000
5741,com.google.javascript.rhino.jstype.ParameterizedTypeTest#testParameterizedType,203.000000
5742,com.google.javascript.jscomp.TypeCheckTest#testDataPropertyOnInterface2,1090.000000
5743,com.google.javascript.jscomp.OptimizeParametersTest#testRecursion,764.000000
5744,com.google.javascript.rhino.jstype.ParameterizedTypeTest#testDifferentRawTypes,206.000000
5745,com.google.javascript.jscomp.TypeCheckTest#testDataPropertyOnInterface3,1093.000000
5746,com.google.javascript.jscomp.NameAnonymousFunctionsTest#testAssignmentToPrototype2,611.000000
5747,com.google.javascript.rhino.jstype.ParameterizedTypeTest#testPrint1,195.000000
5748,com.google.javascript.jscomp.TypeCheckTest#testDataPropertyOnInterface4,1104.000000
5749,com.google.javascript.jscomp.NameAnonymousFunctionsTest#testAssignmentToPrototype3,617.000000
5750,com.google.javascript.rhino.jstype.ParameterizedTypeTest#testPrint2,197.000000
5751,com.google.javascript.jscomp.TypeCheckTest#testCircularTypeDef,1149.000000
5752,com.google.javascript.jscomp.NameAnonymousFunctionsTest#testAssignmentToPrototype4,611.000000
5753,com.google.javascript.rhino.jstype.ParameterizedTypeTest#testPrint3,197.000000
5754,com.google.javascript.jscomp.TypeCheckTest#testPrototypePropertyReference,1098.000000
5755,com.google.javascript.jscomp.NameAnonymousFunctionsTest#testPrototypeInitializer,624.000000
5756,com.google.javascript.rhino.jstype.PrototypeObjectTypeTest#testToString,197.000000
5757,com.google.javascript.jscomp.TypeCheckTest#testInstanceOfReduction1,1116.000000
5758,com.google.javascript.jscomp.NameAnonymousFunctionsTest#testAssignmentToPrototype,607.000000
5759,com.google.javascript.rhino.jstype.NamedTypeTest#testActiveXObjectResolve,226.000000
5760,com.google.javascript.jscomp.TypeCheckTest#testInstanceOfReduction2,1105.000000
5761,com.google.javascript.jscomp.NameAnonymousFunctionsTest#testSimpleVarAssignment,588.000000
5762,com.google.javascript.rhino.jstype.EnumElementTypeTest#testMeet,210.000000
5763,com.google.javascript.jscomp.TypeCheckTest#testInstanceOfReduction3,1054.000000
5764,com.google.javascript.jscomp.NameAnonymousFunctionsTest#testAssignmentToProperty,611.000000
5765,com.google.javascript.rhino.jstype.EnumElementTypeTest#testSubtypeRelation,199.000000
5766,com.google.javascript.jscomp.TypeCheckTest#testCall10,1070.000000
5767,com.google.javascript.jscomp.NameAnonymousFunctionsTest#testMultiplePrototypeInitializer,625.000000
5768,com.google.javascript.rhino.NodeTest#testCheckTreeTypeAwareEqualsDifferent,179.000000
5769,com.google.javascript.jscomp.TypeCheckTest#testCall11,1088.000000
5770,com.google.javascript.jscomp.NameAnonymousFunctionsTest#testAssignmentToGetElem,607.000000
5771,com.google.javascript.rhino.NodeTest#testCheckTreeTypeAwareEqualsSameNull,179.000000
5772,com.google.javascript.jscomp.TypeCheckTest#testCast10,1121.000000
5773,com.google.javascript.jscomp.NameAnonymousFunctionsTest#testWhatCausedIeToFail,612.000000
5774,com.google.javascript.rhino.NodeTest#testCheckTreeTypeAwareEqualsDifferentNull,179.000000
5775,com.google.javascript.jscomp.TypeCheckTest#testCast11,1143.000000
5776,com.google.javascript.jscomp.NameAnonymousFunctionsTest#testAssignmentToPropertyOfCallReturnValue,610.000000
5777,com.google.javascript.jscomp.TypeCheckTest#testCast12,1144.000000
5778,com.google.javascript.jscomp.NameAnonymousFunctionsTest#testGetElemWithDashes,602.000000
5779,com.google.javascript.jscomp.TypeCheckTest#testCast15,1194.000000
5780,com.google.javascript.jscomp.NameAnonymousFunctionsTest#testAssignmentToPropertyOfArrayElement,649.000000
5781,com.google.javascript.jscomp.TypeCheckTest#testCast18,1066.000000
5782,com.google.javascript.jscomp.ReplaceMessagesTest#testHookReplacement,710.000000
5783,com.google.javascript.jscomp.TypeCheckTest#testCast19,1082.000000
5784,com.google.javascript.jscomp.ReplaceMessagesTest#testStrictModeAndMessageReplacementAbsentInNonEmptyBundle,537.000000
5785,com.google.javascript.jscomp.TypeCheckTest#testCast20,1098.000000
5786,com.google.javascript.jscomp.ReplaceMessagesTest#testGetPropReplacement,695.000000
5787,com.google.javascript.jscomp.TypeCheckTest#testCast21,1101.000000
5788,com.google.javascript.jscomp.ReplaceMessagesTest#testPlaceholderValueReferencedTwice,707.000000
5789,com.google.javascript.jscomp.TypeCheckTest#testCast22,1078.000000
5790,com.google.javascript.jscomp.ReplaceMessagesTest#testBadFallbackSyntax1,636.000000
5791,com.google.javascript.jscomp.TypeCheckTest#testCast23,1061.000000
5792,com.google.javascript.jscomp.ReplaceMessagesTest#testBadFallbackSyntax2,528.000000
5793,com.google.javascript.jscomp.TypeCheckTest#testCast24,1078.000000
5794,com.google.javascript.jscomp.ReplaceMessagesTest#testBadFallbackSyntax3,638.000000
5795,com.google.javascript.jscomp.TypeCheckTest#testCast25,1063.000000
5796,com.google.javascript.jscomp.ReplaceMessagesTest#testBadFallbackSyntax4,638.000000
5797,com.google.javascript.jscomp.TypeCheckTest#testCast26,1121.000000
5798,com.google.javascript.jscomp.ReplaceMessagesTest#testLegacyStylePlaceholderNameInLowerUnderscoreCase,651.000000
5799,com.google.javascript.jscomp.TypeCheckTest#testCast27,1085.000000
5800,com.google.javascript.jscomp.ReplaceMessagesTest#testAddReplacement,701.000000
5801,com.google.javascript.jscomp.TypeCheckTest#testCast28,1067.000000
5802,com.google.javascript.jscomp.ReplaceMessagesTest#testFunctionWithParamReplacementMissing,630.000000
5803,com.google.javascript.jscomp.TypeCheckTest#testCast30,1064.000000
5804,com.google.javascript.jscomp.ReplaceMessagesTest#testFunctionReplacementMissing,616.000000
5805,com.google.javascript.jscomp.TypeCheckTest#testCast31,1064.000000
5806,com.google.javascript.jscomp.ReplaceMessagesTest#testSimpleMessageReplacementMissingWithNewStyle,679.000000
5807,com.google.javascript.jscomp.TypeCheckTest#testCast32,1089.000000
5808,com.google.javascript.jscomp.ReplaceMessagesTest#testTranslatedPlaceHolderMissMatch,547.000000
5809,com.google.javascript.jscomp.TypeCheckTest#testCast33,1074.000000
5810,com.google.javascript.jscomp.ReplaceMessagesTest#testNoUseFallback,687.000000
5811,com.google.javascript.jscomp.TypeCheckTest#testCast3a,1088.000000
5812,com.google.javascript.jscomp.ReplaceMessagesTest#testPlaceholderNameInLowerCamelCase,704.000000
5813,com.google.javascript.jscomp.TypeCheckTest#testCast5a,1093.000000
5814,com.google.javascript.jscomp.ReplaceMessagesTest#testStrictModeAndMessageReplacementAbsentInBundle,533.000000
5815,com.google.javascript.jscomp.TypeCheckTest#testComparison10,1097.000000
5816,com.google.javascript.jscomp.ReplaceMessagesTest#testLegacyStyleNoPlaceholdersFunctionSyntax,636.000000
5817,com.google.javascript.jscomp.TypeCheckTest#testComparison11,1077.000000
5818,com.google.javascript.jscomp.ReplaceMessagesTest#testReplaceSimpleMessage,681.000000
5819,com.google.javascript.jscomp.TypeCheckTest#testComparison12,1078.000000
5820,com.google.javascript.jscomp.ReplaceMessagesTest#testFunctionCallReplacement,697.000000
5821,com.google.javascript.jscomp.TypeCheckTest#testComparison13,1074.000000
5822,com.google.javascript.jscomp.ReplaceMessagesTest#testFallbackEmptyBundle,685.000000
5823,com.google.javascript.jscomp.TypeCheckTest#testComparison14,1084.000000
5824,com.google.javascript.jscomp.ReplaceMessagesTest#testNameReplacement,706.000000
5825,com.google.javascript.jscomp.TypeCheckTest#testExtendedInterfacePropertiesCompatibility1,1082.000000
5826,com.google.javascript.jscomp.ReplaceMessagesTest#testPlaceholderNameInLowerUnderscoreCase,553.000000
5827,com.google.javascript.jscomp.TypeCheckTest#testExtendedInterfacePropertiesCompatibility2,960.000000
5828,com.google.javascript.jscomp.ReplaceMessagesTest#testUseFallback,687.000000
5829,com.google.javascript.jscomp.TypeCheckTest#testExtendedInterfacePropertiesCompatibility3,1082.000000
5830,com.google.javascript.jscomp.ReplaceMessagesTest#testSimpleMessageReplacementMissing,649.000000
5831,com.google.javascript.jscomp.TypeCheckTest#testExtendedInterfacePropertiesCompatibility4,1082.000000
5832,com.google.javascript.jscomp.ReplaceMessagesTest#testMethodCallReplacement,697.000000
5833,com.google.javascript.jscomp.TypeCheckTest#testExtendedInterfacePropertiesCompatibility5,959.000000
5834,com.google.javascript.jscomp.ReplaceMessagesTest#testLegacyStyleOnePlaceholder,652.000000
5835,com.google.javascript.jscomp.TypeCheckTest#testExtendedInterfacePropertiesCompatibility6,1082.000000
5836,com.google.javascript.jscomp.ReplaceMessagesTest#testLegacyStyleTwoPlaceholders,655.000000
5837,com.google.javascript.jscomp.TypeCheckTest#testExtendedInterfacePropertiesCompatibility7,960.000000
5838,com.google.javascript.jscomp.ReplaceMessagesTest#testLegacyStylePlaceholderNameInLowerCamelCase,651.000000
5839,com.google.javascript.jscomp.TypeCheckTest#testExtendedInterfacePropertiesCompatibility8,960.000000
5840,com.google.javascript.jscomp.PeepholeSubstituteAlternateSyntaxTest#testMinimizeForCondition,674.000000
5841,com.google.javascript.jscomp.TypeCheckTest#testFunctionArguments10,1057.000000
5842,com.google.javascript.jscomp.PeepholeSubstituteAlternateSyntaxTest#testMinimizeCondition_example1,654.000000
5843,com.google.javascript.jscomp.TypeCheckTest#testFunctionArguments11,1057.000000
5844,com.google.javascript.jscomp.PeepholeSubstituteAlternateSyntaxTest#testFoldLogicalOpStringCompare,674.000000
5845,com.google.javascript.jscomp.TypeCheckTest#testFunctionArguments12,1053.000000
5846,com.google.javascript.jscomp.PeepholeSubstituteAlternateSyntaxTest#testAndParenthesesCount,681.000000
5847,com.google.javascript.jscomp.TypeCheckTest#testFunctionArguments13,1136.000000
5848,com.google.javascript.jscomp.PeepholeSubstituteAlternateSyntaxTest#testObjectLiteral,657.000000
5849,com.google.javascript.jscomp.TypeCheckTest#testFunctionArguments14,1084.000000
5850,com.google.javascript.jscomp.PeepholeSubstituteAlternateSyntaxTest#testCombineIfs1,693.000000
5851,com.google.javascript.jscomp.TypeCheckTest#testFunctionArguments15,1107.000000
5852,com.google.javascript.jscomp.PeepholeSubstituteAlternateSyntaxTest#testCombineIfs2,692.000000
5853,com.google.javascript.jscomp.TypeCheckTest#testFunctionArguments16,1104.000000
5854,com.google.javascript.jscomp.PeepholeSubstituteAlternateSyntaxTest#testCombineIfs3,659.000000
5855,com.google.javascript.jscomp.TypeCheckTest#testHigherOrderFunctions1,1101.000000
5856,com.google.javascript.jscomp.PeepholeSubstituteAlternateSyntaxTest#testFoldConditionalVarDeclaration,686.000000
5857,com.google.javascript.jscomp.TypeCheckTest#testHigherOrderFunctions2,1095.000000
5858,com.google.javascript.jscomp.PeepholeSubstituteAlternateSyntaxTest#testSimpleFunctionCall,679.000000
5859,com.google.javascript.jscomp.TypeCheckTest#testHigherOrderFunctions3,1060.000000
5860,com.google.javascript.jscomp.PeepholeSubstituteAlternateSyntaxTest#testFoldNot,670.000000
5861,com.google.javascript.jscomp.TypeCheckTest#testHigherOrderFunctions4,1061.000000
5862,com.google.javascript.jscomp.PeepholeSubstituteAlternateSyntaxTest#testNestedIfCombine,647.000000
5863,com.google.javascript.jscomp.TypeCheckTest#testHigherOrderFunctions5,1104.000000
5864,com.google.javascript.jscomp.PeepholeSubstituteAlternateSyntaxTest#testRemoveDuplicateThrow,703.000000
5865,com.google.javascript.jscomp.TypeCheckTest#testImplicitCastSubclassAccess,981.000000
5866,com.google.javascript.jscomp.PeepholeSubstituteAlternateSyntaxTest#testFoldTrueFalse,630.000000
5867,com.google.javascript.jscomp.TypeCheckTest#testPrivateType,1059.000000
5868,com.google.javascript.jscomp.PeepholeSubstituteAlternateSyntaxTest#testFoldLoopBreakEarly,776.000000
5869,com.google.javascript.jscomp.TypeCheckTest#testEnum10,1083.000000
5870,com.google.javascript.jscomp.PeepholeSubstituteAlternateSyntaxTest#testFoldLiteralObjectConstructors,776.000000
5871,com.google.javascript.jscomp.TypeCheckTest#testEnum12,1057.000000
5872,com.google.javascript.jscomp.PeepholeSubstituteAlternateSyntaxTest#testUndefined,760.000000
5873,com.google.javascript.jscomp.TypeCheckTest#testEnum13,1076.000000
5874,com.google.javascript.jscomp.PeepholeSubstituteAlternateSyntaxTest#testRemoveDuplicateReturn,687.000000
5875,com.google.javascript.jscomp.TypeCheckTest#testEnum14,1090.000000
5876,com.google.javascript.jscomp.PeepholeSubstituteAlternateSyntaxTest#testRemoveElseCause1,667.000000
5877,com.google.javascript.jscomp.TypeCheckTest#testEnum15,1105.000000
5878,com.google.javascript.jscomp.PeepholeSubstituteAlternateSyntaxTest#testRemoveElseCause2,675.000000
5879,com.google.javascript.jscomp.TypeCheckTest#testEnum16,1111.000000
5880,com.google.javascript.jscomp.PeepholeSubstituteAlternateSyntaxTest#testRemoveElseCause3,648.000000
5881,com.google.javascript.jscomp.TypeCheckTest#testEnum17,1114.000000
5882,com.google.javascript.jscomp.PeepholeSubstituteAlternateSyntaxTest#testRemoveElseCause4,663.000000
5883,com.google.javascript.jscomp.TypeCheckTest#testEnum18,1089.000000
5884,com.google.javascript.jscomp.PeepholeSubstituteAlternateSyntaxTest#testArrayLiteral,638.000000
5885,com.google.javascript.jscomp.TypeCheckTest#testEnum19,1112.000000
5886,com.google.javascript.jscomp.PeepholeSubstituteAlternateSyntaxTest#testSplitCommaExpressions,684.000000
5887,com.google.javascript.jscomp.TypeCheckTest#testEnum22,1108.000000
5888,com.google.javascript.jscomp.PeepholeSubstituteAlternateSyntaxTest#testFoldRegExpConstructor,778.000000
5889,com.google.javascript.jscomp.TypeCheckTest#testEnum23,1132.000000
5890,com.google.javascript.jscomp.PeepholeSubstituteAlternateSyntaxTest#testFoldStandardConstructors,749.000000
5891,com.google.javascript.jscomp.TypeCheckTest#testEnum24,1131.000000
5892,com.google.javascript.jscomp.PeepholeSubstituteAlternateSyntaxTest#testFoldLoopBreakLate,807.000000
5893,com.google.javascript.jscomp.TypeCheckTest#testEnum25,1104.000000
5894,com.google.javascript.jscomp.PeepholeSubstituteAlternateSyntaxTest#testRemoveElseCause,648.000000
5895,com.google.javascript.jscomp.TypeCheckTest#testEnum26,1124.000000
5896,com.google.javascript.jscomp.PeepholeSubstituteAlternateSyntaxTest#testFoldReturnResult,682.000000
5897,com.google.javascript.jscomp.TypeCheckTest#testEnum28,1107.000000
5898,com.google.javascript.jscomp.PeepholeSubstituteAlternateSyntaxTest#testMinimizeExprCondition,661.000000
5899,com.google.javascript.jscomp.TypeCheckTest#testEnum29,1110.000000
5900,com.google.javascript.jscomp.PeepholeSubstituteAlternateSyntaxTest#testComma1,614.000000
5901,com.google.javascript.jscomp.TypeCheckTest#testEnum30,1090.000000
5902,com.google.javascript.jscomp.PeepholeSubstituteAlternateSyntaxTest#testComma2,643.000000
5903,com.google.javascript.jscomp.TypeCheckTest#testEnum32,1109.000000
5904,com.google.javascript.jscomp.PeepholeSubstituteAlternateSyntaxTest#testComma3,643.000000
5905,com.google.javascript.jscomp.TypeCheckTest#testEnum34,1099.000000
5906,com.google.javascript.jscomp.PeepholeSubstituteAlternateSyntaxTest#testComma4,629.000000
5907,com.google.javascript.jscomp.TypeCheckTest#testEnum35,1157.000000
5908,com.google.javascript.jscomp.PeepholeSubstituteAlternateSyntaxTest#testComma5,640.000000
5909,com.google.javascript.jscomp.TypeCheckTest#testEnum36,1177.000000
5910,com.google.javascript.jscomp.PeepholeSubstituteAlternateSyntaxTest#testIssue291,699.000000
5911,com.google.javascript.jscomp.TypeCheckTest#testEnum37,1104.000000
5912,com.google.javascript.jscomp.PeepholeSubstituteAlternateSyntaxTest#testRemoveDuplicateStatements,709.000000
5913,com.google.javascript.jscomp.TypeCheckTest#testEnum39,1191.000000
5914,com.google.javascript.jscomp.PeepholeSubstituteAlternateSyntaxTest#testSubsituteReturn,724.000000
5915,com.google.javascript.jscomp.TypeCheckTest#testEnum41,1115.000000
5916,com.google.javascript.jscomp.PeepholeSubstituteAlternateSyntaxTest#testFoldOneChildBlocks,738.000000
5917,com.google.javascript.jscomp.TypeCheckTest#testAddingMethodsUsingPrototypeIdiomSimpleNamespace,1043.000000
5918,com.google.javascript.jscomp.PeepholeSubstituteAlternateSyntaxTest#testBindToCall2,635.000000
5919,com.google.javascript.jscomp.TypeCheckTest#testForIn1,1140.000000
5920,com.google.javascript.jscomp.PeepholeSubstituteAlternateSyntaxTest#testBindToCall3,622.000000
5921,com.google.javascript.jscomp.TypeCheckTest#testForIn2,1207.000000
5922,com.google.javascript.jscomp.PeepholeSubstituteAlternateSyntaxTest#testFoldRegExpConstructorStringCompare,729.000000
5923,com.google.javascript.jscomp.TypeCheckTest#testForIn3,1177.000000
5924,com.google.javascript.jscomp.AstValidatorTest#testDebugger,506.000000
5925,com.google.javascript.jscomp.TypeCheckTest#testForIn5,1172.000000
5926,com.google.javascript.jscomp.OptimizeArgumentsArrayTest#testArgumentRefOnNamedParameter,612.000000
5927,com.google.javascript.jscomp.TypeCheckTest#testControlFlowRestrictsType10,1194.000000
5928,com.google.javascript.jscomp.OptimizeArgumentsArrayTest#testNoOptimizationWhenArgumentIsUsedAsFunctionCall,609.000000
5929,com.google.javascript.jscomp.TypeCheckTest#testControlFlowRestrictsType11,1175.000000
5930,com.google.javascript.jscomp.OptimizeArgumentsArrayTest#testInnerFunctionsAfterArguments,607.000000
5931,com.google.javascript.jscomp.TypeCheckTest#testGoodExtends1,1046.000000
5932,com.google.javascript.jscomp.OptimizeArgumentsArrayTest#testOneRequired,618.000000
5933,com.google.javascript.jscomp.TypeCheckTest#testGoodExtends2,1077.000000
5934,com.google.javascript.jscomp.OptimizeArgumentsArrayTest#testNoOptimizationWhenGetProp,605.000000
5935,com.google.javascript.jscomp.TypeCheckTest#testGoodExtends3,1046.000000
5936,com.google.javascript.jscomp.OptimizeArgumentsArrayTest#testTwoVarArgs,622.000000
5937,com.google.javascript.jscomp.TypeCheckTest#testGoodExtends4,1067.000000
5938,com.google.javascript.jscomp.OptimizeArgumentsArrayTest#testTwoFourArgsTwoUsed,622.000000
5939,com.google.javascript.jscomp.TypeCheckTest#testGoodExtends5,1046.000000
5940,com.google.javascript.jscomp.OptimizeArgumentsArrayTest#testInnerFunctions,607.000000
5941,com.google.javascript.jscomp.TypeCheckTest#testGoodExtends6,1226.000000
5942,com.google.javascript.jscomp.OptimizeArgumentsArrayTest#testInnerFunctionsWithNamedArgumentInInnerAndOutterFunction,608.000000
5943,com.google.javascript.jscomp.TypeCheckTest#testGoodExtends7,1129.000000
5944,com.google.javascript.jscomp.OptimizeArgumentsArrayTest#testTwoRequiredTwoOptionalSixthVarArgReferenced,622.000000
5945,com.google.javascript.jscomp.TypeCheckTest#testGoodExtends8,1130.000000
5946,com.google.javascript.jscomp.OptimizeArgumentsArrayTest#testMissingVarArgs,598.000000
5947,com.google.javascript.jscomp.TypeCheckTest#testGoodExtends9,1071.000000
5948,com.google.javascript.jscomp.OptimizeArgumentsArrayTest#testInnerFunctionsWithNamedArgumentInOutterFunction,608.000000
5949,com.google.javascript.jscomp.TypeCheckTest#testTypeCheckDefaultExterns,1098.000000
5950,com.google.javascript.jscomp.OptimizeArgumentsArrayTest#testNoVarArgs,618.000000
5951,com.google.javascript.jscomp.TypeCheckTest#testTypeRedefinition,1020.000000
5952,com.google.javascript.jscomp.OptimizeArgumentsArrayTest#testInnerFunctionsWithNamedArgumentInInnerFunction,608.000000
5953,com.google.javascript.jscomp.TypeCheckTest#testIssue124,1101.000000
5954,com.google.javascript.jscomp.OptimizeArgumentsArrayTest#testSimple,615.000000
5955,com.google.javascript.jscomp.TypeCheckTest#testIssue259,1122.000000
5956,com.google.javascript.jscomp.OptimizeArgumentsArrayTest#testNoOptimizationWhenIndexIsNotNumberConstant,618.000000
5957,com.google.javascript.jscomp.TypeCheckTest#testIssue301,1117.000000
5958,com.google.javascript.jscomp.OptimizeArgumentsArrayTest#testTwoRequiredSixthVarArgReferenced,622.000000
5959,com.google.javascript.jscomp.TypeCheckTest#testIssue368,1122.000000
5960,com.google.javascript.jscomp.InlineVariablesConstantsTest#testInlineConditionallyDefinedConstant1,745.000000
5961,com.google.javascript.jscomp.TypeCheckTest#testIssue380,1174.000000
5962,com.google.javascript.jscomp.InlineVariablesConstantsTest#testInlineConditionallyDefinedConstant2,746.000000
5963,com.google.javascript.jscomp.TypeCheckTest#testIssue483,1160.000000
5964,com.google.javascript.jscomp.InlineVariablesConstantsTest#testInlineConditionallyDefinedConstant3,744.000000
5965,com.google.javascript.jscomp.TypeCheckTest#testIssue586,1107.000000
5966,com.google.javascript.jscomp.InlineVariablesConstantsTest#testNoInlineArraysOrRegexps,809.000000
5967,com.google.javascript.jscomp.TypeCheckTest#testIssue61b,1146.000000
5968,com.google.javascript.jscomp.InlineVariablesConstantsTest#testInlineVariablesConstants,801.000000
5969,com.google.javascript.jscomp.TypeCheckTest#testIssue635,1080.000000
5970,com.google.javascript.jscomp.InlineVariablesConstantsTest#testNoInlineAliases,715.000000
5971,com.google.javascript.jscomp.TypeCheckTest#testIssue669,1138.000000
5972,com.google.javascript.jscomp.InlineVariablesConstantsTest#testInlineVariablesConstantsJsDocStyle,855.000000
5973,com.google.javascript.jscomp.TypeCheckTest#testIssue688,1116.000000
5974,com.google.javascript.jscomp.InlineVariablesConstantsTest#testInlineVariablesConstantsWithInlineAllStringsOn,729.000000
5975,com.google.javascript.jscomp.TypeCheckTest#testIssue700,1188.000000
5976,com.google.javascript.jscomp.InlineVariablesConstantsTest#testNoInlineWithoutConstDeclaration,671.000000
5977,com.google.javascript.jscomp.TypeCheckTest#testIssue726,1135.000000
5978,com.google.javascript.jscomp.ConstCheckTest#testAbbreviatedShiftAssignment2,608.000000
5979,com.google.javascript.jscomp.TypeCheckTest#testIssue765,1123.000000
5980,com.google.javascript.jscomp.ConstCheckTest#testObjectPropertyInitializedLate,696.000000
5981,com.google.javascript.jscomp.TypeCheckTest#testIssue791,1122.000000
5982,com.google.javascript.jscomp.ConstCheckTest#testConstantPreIncremented1,606.000000
5983,com.google.javascript.jscomp.TypeCheckTest#testIssue810,1088.000000
5984,com.google.javascript.jscomp.ConstCheckTest#testConstantPreIncremented2,606.000000
5985,com.google.javascript.jscomp.TypeCheckTest#testBadImplements1,1112.000000
5986,com.google.javascript.jscomp.ConstCheckTest#testConstantDefinition1,640.000000
5987,com.google.javascript.jscomp.TypeCheckTest#testBadImplements2,1067.000000
5988,com.google.javascript.jscomp.ConstCheckTest#testConstantDefinition2,640.000000
5989,com.google.javascript.jscomp.TypeCheckTest#testBadImplements3,1138.000000
5990,com.google.javascript.jscomp.ConstCheckTest#testConstantPostIncremented1,606.000000
5991,com.google.javascript.jscomp.TypeCheckTest#testBadImplements4,1067.000000
5992,com.google.javascript.jscomp.ConstCheckTest#testConstantPostIncremented2,606.000000
5993,com.google.javascript.jscomp.TypeCheckTest#testBadImplements5,1080.000000
5994,com.google.javascript.jscomp.ConstCheckTest#testConstantRedefinedInLocalScope1,638.000000
5995,com.google.javascript.jscomp.TypeCheckTest#testBadImplements6,976.000000
5996,com.google.javascript.jscomp.ConstCheckTest#testConstantRedefinedInLocalScope2,638.000000
5997,com.google.javascript.jscomp.TypeCheckTest#testAssignInference,1110.000000
5998,com.google.javascript.jscomp.ConstCheckTest#testObjectRedefined1,611.000000
5999,com.google.javascript.jscomp.TypeCheckTest#testSwitchCase1,1102.000000
6000,com.google.javascript.jscomp.ConstCheckTest#testConstantRedefinedInLocalScopeOutOfOrder,628.000000
6001,com.google.javascript.jscomp.TypeCheckTest#testSwitchCase2,1084.000000
6002,com.google.javascript.jscomp.ConstCheckTest#testConstAnnotation,673.000000
6003,com.google.javascript.jscomp.TypeCheckTest#testSwitchCase3,1105.000000
6004,com.google.javascript.jscomp.ConstCheckTest#testAbbreviatedBitAssignment1,608.000000
6005,com.google.javascript.jscomp.TypeCheckTest#testSwitchCase4,1096.000000
6006,com.google.javascript.jscomp.ConstCheckTest#testAbbreviatedBitAssignment2,608.000000
6007,com.google.javascript.jscomp.TypeCheckTest#testSwitchCase5,1117.000000
6008,com.google.javascript.jscomp.ConstCheckTest#testAbbreviatedArithmeticAssignment1,608.000000
6009,com.google.javascript.jscomp.TypeCheckTest#testSwitchCase6,1117.000000
6010,com.google.javascript.jscomp.ConstCheckTest#testAbbreviatedArithmeticAssignment2,608.000000
6011,com.google.javascript.jscomp.TypeCheckTest#testSwitchCase7,1171.000000
6012,com.google.javascript.jscomp.ConstCheckTest#testConstantInitializedInAnonymousNamespace1,690.000000
6013,com.google.javascript.jscomp.TypeCheckTest#testSwitchCase8,1171.000000
6014,com.google.javascript.jscomp.ConstCheckTest#testConstantInitializedInAnonymousNamespace2,690.000000
6015,com.google.javascript.jscomp.TypeCheckTest#testUpdateParameterTypeOnClosure,1056.000000
6016,com.google.javascript.jscomp.ConstCheckTest#testConstantRedefined1,608.000000
6017,com.google.javascript.jscomp.TypeCheckTest#testNumberUnboxing,1079.000000
6018,com.google.javascript.jscomp.ConstCheckTest#testConstantRedefined2,608.000000
6019,com.google.javascript.jscomp.TypeCheckTest#testSuperclassMismatch1,1119.000000
6020,com.google.javascript.jscomp.ConstCheckTest#testConstantPreDecremented1,606.000000
6021,com.google.javascript.jscomp.TypeCheckTest#testSuperclassMismatch2,1110.000000
6022,com.google.javascript.jscomp.ConstCheckTest#testConstantPreDecremented2,606.000000
6023,com.google.javascript.jscomp.TypeCheckTest#testLends1,1119.000000
6024,com.google.javascript.jscomp.ConstCheckTest#testObjectModified,706.000000
6025,com.google.javascript.jscomp.TypeCheckTest#testLends2,1118.000000
6026,com.google.javascript.jscomp.ConstCheckTest#testConstantPostDecremented1,606.000000
6027,com.google.javascript.jscomp.TypeCheckTest#testLends3,1132.000000
6028,com.google.javascript.jscomp.ConstCheckTest#testConstantPostDecremented2,606.000000
6029,com.google.javascript.jscomp.TypeCheckTest#testLends4,1106.000000
6030,com.google.javascript.jscomp.OptimizeReturnsTest#testRewriteUnusedResult1,669.000000
6031,com.google.javascript.jscomp.TypeCheckTest#testLends5,1136.000000
6032,com.google.javascript.jscomp.OptimizeReturnsTest#testRewriteUnusedResult2,680.000000
6033,com.google.javascript.jscomp.TypeCheckTest#testLends6,1108.000000
6034,com.google.javascript.jscomp.OptimizeReturnsTest#testRewriteUnusedResult3,675.000000
6035,com.google.javascript.jscomp.TypeCheckTest#testLends8,1119.000000
6036,com.google.javascript.jscomp.OptimizeReturnsTest#testRewriteUnusedResult6,691.000000
6037,com.google.javascript.jscomp.TypeCheckTest#testInstanceof1,1093.000000
6038,com.google.javascript.jscomp.OptimizeReturnsTest#testRewriteUnusedResult8,649.000000
6039,com.google.javascript.jscomp.TypeCheckTest#testInstanceof3,1094.000000
6040,com.google.javascript.jscomp.OptimizeReturnsTest#testNoRewriteUsedResult1,669.000000
6041,com.google.javascript.jscomp.TypeCheckTest#testInstanceof4,1108.000000
6042,com.google.javascript.jscomp.OptimizeReturnsTest#testNoRewriteUsedResult2,667.000000
6043,com.google.javascript.jscomp.TypeCheckTest#testInstanceof5,1095.000000
6044,com.google.javascript.jscomp.OptimizeReturnsTest#testRewriteUnusedResult4a,655.000000
6045,com.google.javascript.jscomp.TypeCheckTest#testInstanceof6,1108.000000
6046,com.google.javascript.jscomp.OptimizeReturnsTest#testRewriteUnusedResult4b,647.000000
6047,com.google.javascript.jscomp.TypeCheckTest#testCallArrayConstructorAsFunction,1067.000000
6048,com.google.javascript.jscomp.OptimizeReturnsTest#testRewriteUnusedResult4c,649.000000
6049,com.google.javascript.jscomp.TypeCheckTest#testFunctionInference1,1068.000000
6050,com.google.javascript.jscomp.OptimizeReturnsTest#testRewriteUnusedResult7a,680.000000
6051,com.google.javascript.jscomp.TypeCheckTest#testFunctionInference2,1068.000000
6052,com.google.javascript.jscomp.OptimizeReturnsTest#testRewriteUnusedResult7b,683.000000
6053,com.google.javascript.jscomp.TypeCheckTest#testFunctionInference3,1069.000000
6054,com.google.javascript.jscomp.OptimizeReturnsTest#testNoRewriteArrLit,658.000000
6055,com.google.javascript.jscomp.TypeCheckTest#testFunctionInference4,1069.000000
6056,com.google.javascript.jscomp.OptimizeReturnsTest#testPrototypeMethod1,700.000000
6057,com.google.javascript.jscomp.TypeCheckTest#testFunctionInference5,1068.000000
6058,com.google.javascript.jscomp.OptimizeReturnsTest#testPrototypeMethod2,718.000000
6059,com.google.javascript.jscomp.TypeCheckTest#testFunctionInference6,1069.000000
6060,com.google.javascript.jscomp.OptimizeReturnsTest#testPrototypeMethod3,738.000000
6061,com.google.javascript.jscomp.TypeCheckTest#testFunctionInference7,1069.000000
6062,com.google.javascript.jscomp.OptimizeReturnsTest#testPrototypeMethod4,738.000000
6063,com.google.javascript.jscomp.TypeCheckTest#testFunctionInference8,1064.000000
6064,com.google.javascript.jscomp.OptimizeReturnsTest#testNoRewriteObjLit1,701.000000
6065,com.google.javascript.jscomp.TypeCheckTest#testFunctionInference9,1059.000000
6066,com.google.javascript.jscomp.OptimizeReturnsTest#testNoRewriteObjLit2,704.000000
6067,com.google.javascript.jscomp.TypeCheckTest#testNullOr,1086.000000
6068,com.google.javascript.jscomp.OptimizeReturnsTest#testRewriteUseSiteRemoval,693.000000
6069,com.google.javascript.jscomp.TypeCheckTest#testLocallyInferredGlobalProperty1,1138.000000
6070,com.google.javascript.jscomp.OptimizeReturnsTest#testCallOrApply,667.000000
6071,com.google.javascript.jscomp.TypeCheckTest#testForinOnStruct,1106.000000
6072,com.google.javascript.jscomp.InstrumentFunctionsTest#testExitNoReturn,673.000000
6073,com.google.javascript.jscomp.TypeCheckTest#testBug1484445,1134.000000
6074,com.google.javascript.jscomp.InstrumentFunctionsTest#testNestedExit,700.000000
6075,com.google.javascript.jscomp.TypeCheckTest#testTypeCheck1,1088.000000
6076,com.google.javascript.jscomp.InstrumentFunctionsTest#testEmpty,583.000000
6077,com.google.javascript.jscomp.TypeCheckTest#testTypeCheck2,1113.000000
6078,com.google.javascript.jscomp.InstrumentFunctionsTest#testCall,620.000000
6079,com.google.javascript.jscomp.TypeCheckTest#testTypeCheck4,1072.000000
6080,com.google.javascript.jscomp.InstrumentFunctionsTest#testInit,633.000000
6081,com.google.javascript.jscomp.TypeCheckTest#testTypeCheck5,1110.000000
6082,com.google.javascript.jscomp.InstrumentFunctionsTest#testExitPaths,701.000000
6083,com.google.javascript.jscomp.TypeCheckTest#testTypeCheck6,1127.000000
6084,com.google.javascript.jscomp.InstrumentFunctionsTest#testPartialExitPaths,702.000000
6085,com.google.javascript.jscomp.TypeCheckTest#testTypeCheck8,1085.000000
6086,com.google.javascript.jscomp.InstrumentFunctionsTest#testDeclare,629.000000
6087,com.google.javascript.jscomp.TypeCheckTest#testTypeCheck9,1088.000000
6088,com.google.javascript.jscomp.InstrumentFunctionsTest#testNested,630.000000
6089,com.google.javascript.jscomp.TypeCheckTest#testIssue61,1144.000000
6090,com.google.javascript.jscomp.InstrumentFunctionsTest#testProtobuffParseFail,532.000000
6091,com.google.javascript.jscomp.TypeCheckTest#testIssue86,1103.000000
6092,com.google.javascript.jscomp.CheckMissingGetCssNameTest#testNotMissingGetCssName,568.000000
6093,com.google.javascript.jscomp.TypeCheckTest#testTemplateType1,1132.000000
6094,com.google.javascript.jscomp.CheckMissingGetCssNameTest#testRecognizeGetCssName,584.000000
6095,com.google.javascript.jscomp.TypeCheckTest#testTemplateType2,1132.000000
6096,com.google.javascript.jscomp.CheckMissingGetCssNameTest#testMissingGetCssName,551.000000
6097,com.google.javascript.jscomp.TypeCheckTest#testTemplateType3,1179.000000
6098,com.google.javascript.jscomp.CheckMissingGetCssNameTest#testDontCrashIfTheresNoQualifiedName,551.000000
6099,com.google.javascript.jscomp.TypeCheckTest#testTemplateType4,1170.000000
6100,com.google.javascript.jscomp.CheckMissingGetCssNameTest#testIgnoreGetUniqueIdArguments,585.000000
6101,com.google.javascript.jscomp.TypeCheckTest#testTemplateType5,1219.000000
6102,com.google.javascript.jscomp.VarCheckTest#testRecursiveFunction,613.000000
6103,com.google.javascript.jscomp.TypeCheckTest#testMethodInference1,1090.000000
6104,com.google.javascript.jscomp.VarCheckTest#testMultiplyDeclaredVars1,554.000000
6105,com.google.javascript.jscomp.TypeCheckTest#testMethodInference2,1112.000000
6106,com.google.javascript.jscomp.VarCheckTest#testMultiplyDeclaredVars2,629.000000
6107,com.google.javascript.jscomp.TypeCheckTest#testMethodInference3,1090.000000
6108,com.google.javascript.jscomp.VarCheckTest#testMultiplyDeclaredVars3,572.000000
6109,com.google.javascript.jscomp.TypeCheckTest#testMethodInference4,1090.000000
6110,com.google.javascript.jscomp.VarCheckTest#testRecursiveFunction2,630.000000
6111,com.google.javascript.jscomp.TypeCheckTest#testMethodInference5,1105.000000
6112,com.google.javascript.jscomp.VarCheckTest#testBreak,616.000000
6113,com.google.javascript.jscomp.TypeCheckTest#testMethodInference6,1099.000000
6114,com.google.javascript.jscomp.VarCheckTest#testValidFunctionExpr,597.000000
6115,com.google.javascript.jscomp.TypeCheckTest#testMethodInference7,1076.000000
6116,com.google.javascript.jscomp.VarCheckTest#testPropReferenceInExterns1,636.000000
6117,com.google.javascript.jscomp.TypeCheckTest#testMethodInference8,1100.000000
6118,com.google.javascript.jscomp.VarCheckTest#testPropReferenceInExterns2,557.000000
6119,com.google.javascript.jscomp.TypeCheckTest#testMethodInference9,1070.000000
6120,com.google.javascript.jscomp.VarCheckTest#testPropReferenceInExterns3,636.000000
6121,com.google.javascript.jscomp.TypeCheckTest#testThisTypeOfFunction1,1077.000000
6122,com.google.javascript.jscomp.VarCheckTest#testContinue,616.000000
6123,com.google.javascript.jscomp.TypeCheckTest#testThisTypeOfFunction2,1098.000000
6124,com.google.javascript.jscomp.VarCheckTest#testReferencedVarNotDefined,583.000000
6125,com.google.javascript.jscomp.TypeCheckTest#testThisTypeOfFunction3,1113.000000
6126,com.google.javascript.jscomp.VarCheckTest#testVarReferenceInExterns,630.000000
6127,com.google.javascript.jscomp.TypeCheckTest#testThis10,1089.000000
6128,com.google.javascript.jscomp.VarCheckTest#testReferencedVarDefined1,614.000000
6129,com.google.javascript.jscomp.TypeCheckTest#testThis11,1119.000000
6130,com.google.javascript.jscomp.VarCheckTest#testReferencedVarDefined2,623.000000
6131,com.google.javascript.jscomp.TypeCheckTest#testThis12,1118.000000
6132,com.google.javascript.jscomp.VarCheckTest#testReferencedVarsExternallyDefined,608.000000
6133,com.google.javascript.jscomp.TypeCheckTest#testThis13,1130.000000
6134,com.google.javascript.jscomp.VarCheckTest#testCallInExterns,647.000000
6135,com.google.javascript.jscomp.TypeCheckTest#testThis14,1105.000000
6136,com.google.javascript.jscomp.GenerateExportsTest#testNestedVarAssign,605.000000
6137,com.google.javascript.jscomp.TypeCheckTest#testTypeof,1083.000000
6138,com.google.javascript.jscomp.GenerateExportsTest#testExportVars,691.000000
6139,com.google.javascript.jscomp.TypeCheckTest#testBug1859535,1132.000000
6140,com.google.javascript.jscomp.GenerateExportsTest#testExportSymbol,677.000000
6141,com.google.javascript.jscomp.TypeCheckTest#testBooleanType,1046.000000
6142,com.google.javascript.jscomp.GenerateExportsTest#testExportSubclass,700.000000
6143,com.google.javascript.jscomp.TypeCheckTest#testBug1940591,1089.000000
6144,com.google.javascript.jscomp.GenerateExportsTest#testNoExport,586.000000
6145,com.google.javascript.jscomp.TypeCheckTest#testBug1940769,1125.000000
6146,com.google.javascript.jscomp.GenerateExportsTest#testNonGlobalScopeExport,616.000000
6147,com.google.javascript.jscomp.TypeCheckTest#testBug1942972,1069.000000
6148,com.google.javascript.jscomp.GenerateExportsTest#testExportSymbolAndProperties,693.000000
6149,com.google.javascript.jscomp.TypeCheckTest#testBug1943776,1092.000000
6150,com.google.javascript.jscomp.GenerateExportsTest#testNestedAssign,609.000000
6151,com.google.javascript.jscomp.TypeCheckTest#testBug1987544,1164.000000
6152,com.google.javascript.jscomp.GenerateExportsTest#testExportClass,687.000000
6153,com.google.javascript.jscomp.TypeCheckTest#testInterfaceAssignment10,1169.000000
6154,com.google.javascript.jscomp.RemoveTryCatchTest#testPreserveTryBlockContainingReturnStatement,595.000000
6155,com.google.javascript.jscomp.TypeCheckTest#testInterfaceAssignment11,1156.000000
6156,com.google.javascript.jscomp.RemoveTryCatchTest#testIfTryCatch,573.000000
6157,com.google.javascript.jscomp.TypeCheckTest#testInterfaceAssignment12,1121.000000
6158,com.google.javascript.jscomp.RemoveTryCatchTest#testRemoveTryCatchFinally,593.000000
6159,com.google.javascript.jscomp.TypeCheckTest#testInterfaceAssignment13,1099.000000
6160,com.google.javascript.jscomp.RemoveTryCatchTest#testRemoveTryCatch,590.000000
6161,com.google.javascript.jscomp.TypeCheckTest#testNullAnd,1085.000000
6162,com.google.javascript.jscomp.RemoveTryCatchTest#testRemoveTryFinally,575.000000
6163,com.google.javascript.jscomp.TypeCheckTest#testStringComparison1,1054.000000
6164,com.google.javascript.jscomp.RemoveTryCatchTest#testIfTryFinally,566.000000
6165,com.google.javascript.jscomp.TypeCheckTest#testStringComparison2,1063.000000
6166,com.google.javascript.jscomp.PeepholeCollectPropertyAssignmentsTest#testArrayOptimization2,617.000000
6167,com.google.javascript.jscomp.TypeCheckTest#testStringComparison3,1055.000000
6168,com.google.javascript.jscomp.PeepholeCollectPropertyAssignmentsTest#testArrayOptimization3,604.000000
6169,com.google.javascript.jscomp.TypeCheckTest#testStringComparison4,1059.000000
6170,com.google.javascript.jscomp.PeepholeCollectPropertyAssignmentsTest#testEarlyUsage1,642.000000
6171,com.google.javascript.jscomp.TypeCheckTest#testStringComparison5,1057.000000
6172,com.google.javascript.jscomp.PeepholeCollectPropertyAssignmentsTest#testEarlyUsage2,641.000000
6173,com.google.javascript.jscomp.TypeCheckTest#testTypeOfReduction12,1169.000000
6174,com.google.javascript.jscomp.PeepholeCollectPropertyAssignmentsTest#testArrayTooSparseOptimization1,618.000000
6175,com.google.javascript.jscomp.TypeCheckTest#testAssignToUntypedVariable,1053.000000
6176,com.google.javascript.jscomp.PeepholeCollectPropertyAssignmentsTest#testArrayTooSparseOptimization2,617.000000
6177,com.google.javascript.jscomp.TypeCheckTest#testMissingProperty10,1096.000000
6178,com.google.javascript.jscomp.PeepholeCollectPropertyAssignmentsTest#testObjectOptimization2,646.000000
6179,com.google.javascript.jscomp.TypeCheckTest#testMissingProperty11,1099.000000
6180,com.google.javascript.jscomp.PeepholeCollectPropertyAssignmentsTest#testArrayReassignedInValue1,621.000000
6181,com.google.javascript.jscomp.TypeCheckTest#testMissingProperty13,1122.000000
6182,com.google.javascript.jscomp.PeepholeCollectPropertyAssignmentsTest#testArrayReassignedInValue2,620.000000
6183,com.google.javascript.jscomp.TypeCheckTest#testMissingProperty14,1131.000000
6184,com.google.javascript.jscomp.PeepholeCollectPropertyAssignmentsTest#testObjectFunctionRollup1,639.000000
6185,com.google.javascript.jscomp.TypeCheckTest#testMissingProperty15,1110.000000
6186,com.google.javascript.jscomp.PeepholeCollectPropertyAssignmentsTest#testObjectFunctionRollup2,630.000000
6187,com.google.javascript.jscomp.TypeCheckTest#testMissingProperty16,1131.000000
6188,com.google.javascript.jscomp.PeepholeCollectPropertyAssignmentsTest#testObjectFunctionRollup3,641.000000
6189,com.google.javascript.jscomp.TypeCheckTest#testMissingProperty17,1140.000000
6190,com.google.javascript.jscomp.PeepholeCollectPropertyAssignmentsTest#testObjectFunctionRollup4,630.000000
6191,com.google.javascript.jscomp.TypeCheckTest#testMissingProperty19,1133.000000
6192,com.google.javascript.jscomp.PeepholeCollectPropertyAssignmentsTest#testObjectFunctionRollup5,647.000000
6193,com.google.javascript.jscomp.TypeCheckTest#testMissingProperty20,1132.000000
6194,com.google.javascript.jscomp.PeepholeCollectPropertyAssignmentsTest#testMultipleNames1,615.000000
6195,com.google.javascript.jscomp.TypeCheckTest#testMissingProperty21,1116.000000
6196,com.google.javascript.jscomp.PeepholeCollectPropertyAssignmentsTest#testMultipleNames2,617.000000
6197,com.google.javascript.jscomp.TypeCheckTest#testMissingProperty22,1113.000000
6198,com.google.javascript.jscomp.PeepholeCollectPropertyAssignmentsTest#testArrayReassignedInSubsequentVar1,609.000000
6199,com.google.javascript.jscomp.TypeCheckTest#testMissingProperty23,1099.000000
6200,com.google.javascript.jscomp.PeepholeCollectPropertyAssignmentsTest#testArrayReassignedInSubsequentVar2,607.000000
6201,com.google.javascript.jscomp.TypeCheckTest#testMissingProperty25,1080.000000
6202,com.google.javascript.jscomp.PeepholeCollectPropertyAssignmentsTest#testCompoundAssignment,596.000000
6203,com.google.javascript.jscomp.TypeCheckTest#testMissingProperty26,1079.000000
6204,com.google.javascript.jscomp.PeepholeCollectPropertyAssignmentsTest#testForwardReference1,617.000000
6205,com.google.javascript.jscomp.TypeCheckTest#testMissingProperty28,1100.000000
6206,com.google.javascript.jscomp.PeepholeCollectPropertyAssignmentsTest#testForwardReference2,617.000000
6207,com.google.javascript.jscomp.TypeCheckTest#testMissingProperty30,1124.000000
6208,com.google.javascript.jscomp.PeepholeCollectPropertyAssignmentsTest#testArrayOptimizationWithAHole1,620.000000
6209,com.google.javascript.jscomp.TypeCheckTest#testMissingProperty31,1118.000000
6210,com.google.javascript.jscomp.PeepholeCollectPropertyAssignmentsTest#testArrayOptimizationWithAHole2,622.000000
6211,com.google.javascript.jscomp.TypeCheckTest#testMissingProperty32,1142.000000
6212,com.google.javascript.jscomp.PeepholeCollectPropertyAssignmentsTest#testNegativeArrayIndex1,614.000000
6213,com.google.javascript.jscomp.TypeCheckTest#testMissingProperty33,1120.000000
6214,com.google.javascript.jscomp.PeepholeCollectPropertyAssignmentsTest#testNegativeArrayIndex2,612.000000
6215,com.google.javascript.jscomp.TypeCheckTest#testMissingProperty34,1094.000000
6216,com.google.javascript.jscomp.PeepholeCollectPropertyAssignmentsTest#testObjectReassignedInValue1,636.000000
6217,com.google.javascript.jscomp.TypeCheckTest#testMissingProperty35,1088.000000
6218,com.google.javascript.jscomp.PeepholeCollectPropertyAssignmentsTest#testObjectReassignedInValue2,634.000000
6219,com.google.javascript.jscomp.TypeCheckTest#testMissingProperty37,1119.000000
6220,com.google.javascript.jscomp.PeepholeCollectPropertyAssignmentsTest#testArrayOutOfOrder,630.000000
6221,com.google.javascript.jscomp.TypeCheckTest#testMissingProperty38,1121.000000
6222,com.google.javascript.jscomp.PeepholeCollectPropertyAssignmentsTest#testFractionalArrayIndex1,612.000000
6223,com.google.javascript.jscomp.TypeCheckTest#testMissingProperty39,1095.000000
6224,com.google.javascript.jscomp.PeepholeCollectPropertyAssignmentsTest#testFractionalArrayIndex2,610.000000
6225,com.google.javascript.jscomp.TypeCheckTest#testMissingProperty41,1116.000000
6226,com.google.javascript.jscomp.PeepholeCollectPropertyAssignmentsTest#testArrayOptimizationOfPartiallyBuiltArray1,615.000000
6227,com.google.javascript.jscomp.TypeCheckTest#testWarnUnannotatedPropertyOnInterface5,1074.000000
6228,com.google.javascript.jscomp.PeepholeCollectPropertyAssignmentsTest#testArrayOptimizationOfPartiallyBuiltArray2,617.000000
6229,com.google.javascript.jscomp.TypeCheckTest#testWarnUnannotatedPropertyOnInterface6,1065.000000
6230,com.google.javascript.jscomp.CheckSideEffectsTest#testUselessCode,693.000000
6231,com.google.javascript.jscomp.TypeCheckTest#testNoForwardTypeDeclaration,1082.000000
6232,com.google.javascript.jscomp.CheckSideEffectsTest#testUselessCodeInFor,688.000000
6233,com.google.javascript.jscomp.TypeCheckTest#testLateExtends,1209.000000
6234,com.google.javascript.jscomp.CheckSideEffectsTest#testTypeAnnotations,742.000000
6235,com.google.javascript.jscomp.TypeCheckTest#testInterfaceInheritanceCheck1,1099.000000
6236,com.google.javascript.jscomp.CheckSideEffectsTest#testIssue80,649.000000
6237,com.google.javascript.jscomp.TypeCheckTest#testInterfaceInheritanceCheck2,1082.000000
6238,com.google.javascript.jscomp.CheckSideEffectsTest#testIsue504,623.000000
6239,com.google.javascript.jscomp.TypeCheckTest#testInterfaceInheritanceCheck4,1093.000000
6240,com.google.javascript.jscomp.ShadowVariablesTest#testShadowBug1,644.000000
6241,com.google.javascript.jscomp.TypeCheckTest#testInterfaceInheritanceCheck5,1113.000000
6242,com.google.javascript.jscomp.ShadowVariablesTest#testOptimal,623.000000
6243,com.google.javascript.jscomp.TypeCheckTest#testInterfaceInheritanceCheck6,1120.000000
6244,com.google.javascript.jscomp.ShadowVariablesTest#testExportedLocal1,644.000000
6245,com.google.javascript.jscomp.TypeCheckTest#testInterfaceInheritanceCheck7,1098.000000
6246,com.google.javascript.jscomp.ShadowVariablesTest#testShadowLotsOfScopes2,641.000000
6247,com.google.javascript.jscomp.TypeCheckTest#testInterfaceInheritanceCheck9,1150.000000
6248,com.google.javascript.jscomp.ShadowVariablesTest#testShadowLotsOfScopes3,642.000000
6249,com.google.javascript.jscomp.TypeCheckTest#testSetprop11,1089.000000
6250,com.google.javascript.jscomp.ShadowVariablesTest#testShadowLotsOfScopes4,640.000000
6251,com.google.javascript.jscomp.TypeCheckTest#testNoPersistentTypeInferenceForObjectProperties,1116.000000
6252,com.google.javascript.jscomp.ShadowVariablesTest#testShadowLotsOfScopes5,645.000000
6253,com.google.javascript.jscomp.TypeCheckTest#testOverriddenProperty1,1061.000000
6254,com.google.javascript.jscomp.ShadowVariablesTest#testSharingAcrossInnerScopes,659.000000
6255,com.google.javascript.jscomp.TypeCheckTest#testOverriddenProperty2,1074.000000
6256,com.google.javascript.jscomp.ShadowVariablesTest#testBug4172539,638.000000
6257,com.google.javascript.jscomp.TypeCheckTest#testOverriddenProperty3,1074.000000
6258,com.google.javascript.jscomp.ShadowVariablesTest#testShadowSimple1,633.000000
6259,com.google.javascript.jscomp.TypeCheckTest#testOverriddenProperty4,1058.000000
6260,com.google.javascript.jscomp.ShadowVariablesTest#testShadowSimple2,634.000000
6261,com.google.javascript.jscomp.TypeCheckTest#testOverriddenProperty5,1061.000000
6262,com.google.javascript.jscomp.ShadowVariablesTest#testShadowFunctionName,642.000000
6263,com.google.javascript.jscomp.TypeCheckTest#testOverriddenProperty6,1057.000000
6264,com.google.javascript.jscomp.ShadowVariablesTest#testShadowBleedInFunctionName,631.000000
6265,com.google.javascript.jscomp.TypeCheckTest#testAnonymousPrototype1,1149.000000
6266,com.google.javascript.jscomp.ShadowVariablesTest#testNoShadowLessPopularName,635.000000
6267,com.google.javascript.jscomp.TypeCheckTest#testAnonymousPrototype2,1107.000000
6268,com.google.javascript.jscomp.ShadowVariablesTest#testShadowWithShadowAlready,644.000000
6269,com.google.javascript.jscomp.TypeCheckTest#testUndefinedVar,1033.000000
6270,com.google.javascript.jscomp.ShadowVariablesTest#testShadowMostUsedVar,641.000000
6271,com.google.javascript.jscomp.TypeCheckTest#testDuplicateStaticMethodDecl1,1110.000000
6272,com.google.javascript.jscomp.ShadowVariablesTest#testNoShadowGlobalVariables,638.000000
6273,com.google.javascript.jscomp.TypeCheckTest#testDuplicateStaticMethodDecl2,1093.000000
6274,com.google.javascript.jscomp.ShadowVariablesTest#testNoShadowReferencedVariables,640.000000
6275,com.google.javascript.jscomp.TypeCheckTest#testDuplicateStaticMethodDecl3,1091.000000
6276,com.google.javascript.jscomp.CheckGlobalNamesTest#testLateDefinedName1,735.000000
6277,com.google.javascript.jscomp.TypeCheckTest#testDuplicateStaticMethodDecl4,1092.000000
6278,com.google.javascript.jscomp.CheckGlobalNamesTest#testLateDefinedName2,735.000000
6279,com.google.javascript.jscomp.TypeCheckTest#testDuplicateStaticMethodDecl5,1114.000000
6280,com.google.javascript.jscomp.CheckGlobalNamesTest#testLateDefinedName3,752.000000
6281,com.google.javascript.jscomp.TypeCheckTest#testSetprop1,1058.000000
6282,com.google.javascript.jscomp.CheckGlobalNamesTest#testLateDefinedName4,752.000000
6283,com.google.javascript.jscomp.TypeCheckTest#testSetprop2,1079.000000
6284,com.google.javascript.jscomp.CheckGlobalNamesTest#testLateDefinedName5,767.000000
6285,com.google.javascript.jscomp.TypeCheckTest#testSetprop3,1111.000000
6286,com.google.javascript.jscomp.CheckGlobalNamesTest#testLateDefinedName6,754.000000
6287,com.google.javascript.jscomp.TypeCheckTest#testSetprop4,1078.000000
6288,com.google.javascript.jscomp.CheckGlobalNamesTest#testObjectPrototypeProperties,735.000000
6289,com.google.javascript.jscomp.TypeCheckTest#testSetprop5,1107.000000
6290,com.google.javascript.jscomp.CheckGlobalNamesTest#testBadInterfacePropRef,743.000000
6291,com.google.javascript.jscomp.TypeCheckTest#testSetprop7,1089.000000
6292,com.google.javascript.jscomp.CheckGlobalNamesTest#testRefToPropertyOfAliasedName,765.000000
6293,com.google.javascript.jscomp.TypeCheckTest#testSetprop8,896.000000
6294,com.google.javascript.jscomp.CheckGlobalNamesTest#testIndirectlyDeclaredProperties,729.000000
6295,com.google.javascript.jscomp.TypeCheckTest#testSetprop9,906.000000
6296,com.google.javascript.jscomp.CheckGlobalNamesTest#testRefToDescendantOfUndefinedProperty1,766.000000
6297,com.google.javascript.jscomp.TypeCheckTest#testTemplatedThisType1,1159.000000
6298,com.google.javascript.jscomp.CheckGlobalNamesTest#testRefToDescendantOfUndefinedProperty2,775.000000
6299,com.google.javascript.jscomp.TypeCheckTest#testTemplatedThisType2,1179.000000
6300,com.google.javascript.jscomp.CheckGlobalNamesTest#testRefToDescendantOfUndefinedProperty3,765.000000
6301,com.google.javascript.jscomp.LooseTypeCheckTest#testOptionalNullableArgFunctionParam,1079.000000
6302,com.google.javascript.jscomp.CheckGlobalNamesTest#testUndefinedPrototypeMethodRefGivesNoWarning,737.000000
6303,com.google.javascript.jscomp.LooseTypeCheckTest#testAbstractMethodHandling1,1083.000000
6304,com.google.javascript.jscomp.CheckGlobalNamesTest#testRefToDefinedProperties1,770.000000
6305,com.google.javascript.jscomp.LooseTypeCheckTest#testAbstractMethodHandling2,1097.000000
6306,com.google.javascript.jscomp.CheckGlobalNamesTest#testRefToDefinedProperties2,777.000000
6307,com.google.javascript.jscomp.LooseTypeCheckTest#testAbstractMethodHandling3,1105.000000
6308,com.google.javascript.jscomp.CheckGlobalNamesTest#testRefToDefinedProperties3,770.000000
6309,com.google.javascript.jscomp.LooseTypeCheckTest#testAbstractMethodHandling4,1119.000000
6310,com.google.javascript.jscomp.CheckGlobalNamesTest#testOkGlobalDeclExpr,750.000000
6311,com.google.javascript.jscomp.LooseTypeCheckTest#testAbstractMethodHandling5,1108.000000
6312,com.google.javascript.jscomp.CheckGlobalNamesTest#testRefToMethod1,723.000000
6313,com.google.javascript.jscomp.LooseTypeCheckTest#testAbstractMethodHandling6,1131.000000
6314,com.google.javascript.jscomp.CheckGlobalNamesTest#testRefToMethod2,723.000000
6315,com.google.javascript.jscomp.LooseTypeCheckTest#testAddMethodsPrototypeTwoWays,1074.000000
6316,com.google.javascript.jscomp.CheckGlobalNamesTest#testInterfaceFunctionPropRef,733.000000
6317,com.google.javascript.jscomp.LooseTypeCheckTest#testAssignToUntypedProperty,1061.000000
6318,com.google.javascript.jscomp.CheckGlobalNamesTest#testOkLateDefinedName2,729.000000
6319,com.google.javascript.jscomp.LooseTypeCheckTest#testDuplicateStaticPropertyDecl1,1096.000000
6320,com.google.javascript.jscomp.CheckGlobalNamesTest#testGoogInheritsAlias,729.000000
6321,com.google.javascript.jscomp.LooseTypeCheckTest#testDuplicateStaticPropertyDecl2,1099.000000
6322,com.google.javascript.jscomp.CheckGlobalNamesTest#testCallUndefinedFunctionGivesNoWaring,702.000000
6323,com.google.javascript.jscomp.LooseTypeCheckTest#testDuplicateStaticPropertyDecl3,1109.000000
6324,com.google.javascript.jscomp.CheckGlobalNamesTest#testCustomObjectPrototypeProperties,734.000000
6325,com.google.javascript.jscomp.LooseTypeCheckTest#testDuplicateStaticPropertyDecl4,1047.000000
6326,com.google.javascript.jscomp.CheckGlobalNamesTest#testFunctionPrototypeProperties,735.000000
6327,com.google.javascript.jscomp.LooseTypeCheckTest#testDuplicateStaticPropertyDecl5,1053.000000
6328,com.google.javascript.jscomp.CheckGlobalNamesTest#testRefToUndefinedProperty1,776.000000
6329,com.google.javascript.jscomp.LooseTypeCheckTest#testDuplicateStaticPropertyDecl6,1099.000000
6330,com.google.javascript.jscomp.CheckGlobalNamesTest#testRefToUndefinedProperty2,775.000000
6331,com.google.javascript.jscomp.LooseTypeCheckTest#testDuplicateStaticPropertyDecl7,1101.000000
6332,com.google.javascript.jscomp.CheckGlobalNamesTest#testRefToUndefinedProperty3,788.000000
6333,com.google.javascript.jscomp.LooseTypeCheckTest#testDuplicateStaticPropertyDecl8,1099.000000
6334,com.google.javascript.jscomp.CheckGlobalNamesTest#testRefToUndefinedProperty4,770.000000
6335,com.google.javascript.jscomp.LooseTypeCheckTest#testDuplicateStaticPropertyDecl9,1099.000000
6336,com.google.javascript.jscomp.CheckGlobalNamesTest#testTypedefGivesNoWarning,749.000000
6337,com.google.javascript.jscomp.LooseTypeCheckTest#testDoubleNestedInterface,1054.000000
6338,com.google.javascript.jscomp.CheckGlobalNamesTest#testComplexPropAssignGivesNoWarning,731.000000
6339,com.google.javascript.jscomp.LooseTypeCheckTest#testSheqRefinedScope,1157.000000
6340,com.google.javascript.jscomp.ObjectPropertyStringPostprocessTest#testFooGetElemBar,563.000000
6341,com.google.javascript.jscomp.LooseTypeCheckTest#testExtendBuiltInType1,1121.000000
6342,com.google.javascript.jscomp.ObjectPropertyStringPostprocessTest#testFooBar,570.000000
6343,com.google.javascript.jscomp.LooseTypeCheckTest#testExtendBuiltInType2,1120.000000
6344,com.google.javascript.jscomp.TransformAMDToCJSModuleTest#testPlugins,652.000000
6345,com.google.javascript.jscomp.LooseTypeCheckTest#testNoForwardTypeDeclarationAndNoBraces,1037.000000
6346,com.google.javascript.jscomp.TransformAMDToCJSModuleTest#testDefineOnlyFunction,653.000000
6347,com.google.javascript.jscomp.LooseTypeCheckTest#testInheritanceCheck10_1,1071.000000
6348,com.google.javascript.jscomp.TransformAMDToCJSModuleTest#testLocalDefine,599.000000
6349,com.google.javascript.jscomp.LooseTypeCheckTest#testInheritanceCheck10_2,1070.000000
6350,com.google.javascript.jscomp.TransformAMDToCJSModuleTest#testDefine,684.000000
6351,com.google.javascript.jscomp.LooseTypeCheckTest#testInheritanceCheck10_3,1094.000000
6352,com.google.javascript.jscomp.ObjectPropertyStringPreprocessTest#testFooBar,588.000000
6353,com.google.javascript.jscomp.LooseTypeCheckTest#testOptionalNullableArgFunctionParam2,1084.000000
6354,com.google.javascript.jscomp.ObjectPropertyStringPreprocessTest#testDeclaration,589.000000
6355,com.google.javascript.jscomp.LooseTypeCheckTest#testOptionalNullableArgFunctionParam3,1088.000000
6356,com.google.javascript.jscomp.CheckRequiresForConstructorsTest#testCanStillCallNumberWithoutNewOperator,657.000000
6357,com.google.javascript.jscomp.LooseTypeCheckTest#testAliasedEnum1,1138.000000
6358,com.google.javascript.jscomp.CheckRequiresForConstructorsTest#testBug2062487,678.000000
6359,com.google.javascript.jscomp.LooseTypeCheckTest#testAliasedEnum2,1138.000000
6360,com.google.javascript.jscomp.CheckRequiresForConstructorsTest#testNoWarningsForThisConstructor,680.000000
6361,com.google.javascript.jscomp.LooseTypeCheckTest#testAliasedEnum3,1138.000000
6362,com.google.javascript.jscomp.CheckRequiresForConstructorsTest#testPassWithLocalFunctions,676.000000
6363,com.google.javascript.jscomp.LooseTypeCheckTest#testAliasedEnum4,1138.000000
6364,com.google.javascript.jscomp.CheckRequiresForConstructorsTest#testPassWithTwoNewNodes,636.000000
6365,com.google.javascript.jscomp.LooseTypeCheckTest#testAliasedEnum5,1143.000000
6366,com.google.javascript.jscomp.CheckRequiresForConstructorsTest#testPassWithLocalVariables,675.000000
6367,com.google.javascript.jscomp.LooseTypeCheckTest#testNestedFunctionInference1,1083.000000
6368,com.google.javascript.jscomp.CheckRequiresForConstructorsTest#testPassWithNestedNewNodes,624.000000
6369,com.google.javascript.jscomp.LooseTypeCheckTest#testOptionalArgFunctionParam2,1088.000000
6370,com.google.javascript.jscomp.CheckRequiresForConstructorsTest#testPassWithOneNew,620.000000
6371,com.google.javascript.jscomp.LooseTypeCheckTest#testOptionalArgFunctionParam3,1083.000000
6372,com.google.javascript.jscomp.CheckRequiresForConstructorsTest#testNewNodesMetaTraditionalFunctionForm,695.000000
6373,com.google.javascript.jscomp.LooseTypeCheckTest#testOptionalArgFunctionParam4,1109.000000
6374,com.google.javascript.jscomp.CheckRequiresForConstructorsTest#testIgnoresNativeObject,671.000000
6375,com.google.javascript.jscomp.LooseTypeCheckTest#testForwardPropertyReference,1127.000000
6376,com.google.javascript.jscomp.CheckRequiresForConstructorsTest#testNewNodesMeta,701.000000
6377,com.google.javascript.jscomp.LooseTypeCheckTest#testBooleanReduction1,1080.000000
6378,com.google.javascript.jscomp.CheckRequiresForConstructorsTest#testPassWithOneNewOuterClass,624.000000
6379,com.google.javascript.jscomp.LooseTypeCheckTest#testBooleanReduction2,1108.000000
6380,com.google.javascript.jscomp.CheckRequiresForConstructorsTest#testPassWithNoNewNodes,558.000000
6381,com.google.javascript.jscomp.LooseTypeCheckTest#testBooleanReduction3,1093.000000
6382,com.google.javascript.jscomp.PeepholeIntegrationTest#testFoldLogicalOpIntegration,699.000000
6383,com.google.javascript.jscomp.LooseTypeCheckTest#testBooleanReduction4,1106.000000
6384,com.google.javascript.jscomp.PeepholeIntegrationTest#testFoldUselessForIntegration,728.000000
6385,com.google.javascript.jscomp.LooseTypeCheckTest#testBooleanReduction5,1141.000000
6386,com.google.javascript.jscomp.PeepholeIntegrationTest#testObjectLiteral,647.000000
6387,com.google.javascript.jscomp.LooseTypeCheckTest#testBooleanReduction7,1100.000000
6388,com.google.javascript.jscomp.PeepholeIntegrationTest#testFoldBitwiseOpStringCompareIntegration,613.000000
6389,com.google.javascript.jscomp.LooseTypeCheckTest#testOptionalArgFunctionReturn,1095.000000
6390,com.google.javascript.jscomp.PeepholeIntegrationTest#testTrueFalseFolding,699.000000
6391,com.google.javascript.jscomp.LooseTypeCheckTest#testBug2335992,1126.000000
6392,com.google.javascript.jscomp.PeepholeIntegrationTest#testFoldOneChildBlocksStringCompare,622.000000
6393,com.google.javascript.jscomp.LooseTypeCheckTest#testBug2341812,1100.000000
6394,com.google.javascript.jscomp.PeepholeIntegrationTest#testFoldNegativeBug,605.000000
6395,com.google.javascript.jscomp.LooseTypeCheckTest#testFunctionMasksVariableBug,1139.000000
6396,com.google.javascript.jscomp.PeepholeIntegrationTest#testBugIssue43,686.000000
6397,com.google.javascript.jscomp.LooseTypeCheckTest#testAddingMethodsUsingPrototypeIdiomComplexNamespace1,1067.000000
6398,com.google.javascript.jscomp.PeepholeIntegrationTest#testShortCircuit1,633.000000
6399,com.google.javascript.jscomp.LooseTypeCheckTest#testAddingMethodsUsingPrototypeIdiomComplexNamespace2,1066.000000
6400,com.google.javascript.jscomp.PeepholeIntegrationTest#testShortCircuit2,636.000000
6401,com.google.javascript.jscomp.LooseTypeCheckTest#testStaticDataPropertyOnNestedInterface,1060.000000
6402,com.google.javascript.jscomp.PeepholeIntegrationTest#testShortCircuit3,636.000000
6403,com.google.javascript.jscomp.LooseTypeCheckTest#testPropAccess2,1087.000000
6404,com.google.javascript.jscomp.PeepholeIntegrationTest#testShortCircuit4,643.000000
6405,com.google.javascript.jscomp.LooseTypeCheckTest#testPropAccess3,1091.000000
6406,com.google.javascript.jscomp.PeepholeIntegrationTest#testMinimizeWhileConstantConditionIntegration,679.000000
6407,com.google.javascript.jscomp.LooseTypeCheckTest#testPropAccess4,1060.000000
6408,com.google.javascript.jscomp.PeepholeIntegrationTest#testArrayLiteral,637.000000
6409,com.google.javascript.jscomp.LooseTypeCheckTest#testBackwardsEnumUse1,1090.000000
6410,com.google.javascript.jscomp.PeepholeIntegrationTest#testRemoveDuplicateStatementsIntegration,715.000000
6411,com.google.javascript.jscomp.LooseTypeCheckTest#testBackwardsEnumUse2,1114.000000
6412,com.google.javascript.jscomp.PeepholeIntegrationTest#testVarLiftingIntegration,698.000000
6413,com.google.javascript.jscomp.LooseTypeCheckTest#testBackwardsEnumUse3,1090.000000
6414,com.google.javascript.jscomp.PeepholeIntegrationTest#testMinimizeExpr,654.000000
6415,com.google.javascript.jscomp.LooseTypeCheckTest#testBackwardsEnumUse4,1114.000000
6416,com.google.javascript.jscomp.PeepholeIntegrationTest#testHookIfIntegration,717.000000
6417,com.google.javascript.jscomp.LooseTypeCheckTest#testBackwardsEnumUse5,1107.000000
6418,com.google.javascript.jscomp.PeepholeIntegrationTest#testNecessaryDanglingElse,660.000000
6419,com.google.javascript.jscomp.LooseTypeCheckTest#testGetprop1,1099.000000
6420,com.google.javascript.jscomp.PeepholeIntegrationTest#testFoldIfs2,690.000000
6421,com.google.javascript.jscomp.LooseTypeCheckTest#testArrayAccess1,1067.000000
6422,com.google.javascript.jscomp.PeepholeIntegrationTest#testFoldUselessDoIntegration,713.000000
6423,com.google.javascript.jscomp.LooseTypeCheckTest#testArrayAccess2,1095.000000
6424,com.google.javascript.jscomp.PeepholeIntegrationTest#testFoldHook2,652.000000
6425,com.google.javascript.jscomp.LooseTypeCheckTest#testArrayAccess3,1121.000000
6426,com.google.javascript.jscomp.PeepholeIntegrationTest#testBug1059649,675.000000
6427,com.google.javascript.jscomp.LooseTypeCheckTest#testArrayAccess4,1121.000000
6428,com.google.javascript.jscomp.PeepholeIntegrationTest#testFoldReturnsIntegration,631.000000
6429,com.google.javascript.jscomp.LooseTypeCheckTest#testArrayAccess6,1084.000000
6430,com.google.javascript.jscomp.PeepholeIntegrationTest#testBug1438784,673.000000
6431,com.google.javascript.jscomp.LooseTypeCheckTest#testArrayAccess7,1090.000000
6432,com.google.javascript.jscomp.PeepholeIntegrationTest#testBug1509085,670.000000
6433,com.google.javascript.jscomp.LooseTypeCheckTest#testArrayAccess8,1095.000000
6434,com.google.javascript.jscomp.PeepholeIntegrationTest#testTrueFalse,642.000000
6435,com.google.javascript.jscomp.LooseTypeCheckTest#testScoping10,1039.000000
6436,com.google.javascript.jscomp.FunctionRewriterTest#testReplaceIdentityFunction2,615.000000
6437,com.google.javascript.jscomp.LooseTypeCheckTest#testScoping11,1073.000000
6438,com.google.javascript.jscomp.FunctionRewriterTest#testReplaceReturnConst2,600.000000
6439,com.google.javascript.jscomp.LooseTypeCheckTest#testObjectPropertyTypeInferredInLocalScope1,1087.000000
6440,com.google.javascript.jscomp.FunctionRewriterTest#testReplaceReturnConst3,656.000000
6441,com.google.javascript.jscomp.LooseTypeCheckTest#testObjectPropertyTypeInferredInLocalScope2,1120.000000
6442,com.google.javascript.jscomp.FunctionRewriterTest#testReplaceGetter2,598.000000
6443,com.google.javascript.jscomp.LooseTypeCheckTest#testObjectPropertyTypeInferredInLocalScope3,1120.000000
6444,com.google.javascript.jscomp.FunctionRewriterTest#testReplaceSetter2,661.000000
6445,com.google.javascript.jscomp.LooseTypeCheckTest#testGlobalThis1,1112.000000
6446,com.google.javascript.jscomp.FunctionRewriterTest#testReplaceSetter3,596.000000
6447,com.google.javascript.jscomp.LooseTypeCheckTest#testGlobalThis2,1106.000000
6448,com.google.javascript.jscomp.FunctionRewriterTest#testReplaceSetter4,603.000000
6449,com.google.javascript.jscomp.LooseTypeCheckTest#testGlobalThis3,1106.000000
6450,com.google.javascript.jscomp.FunctionRewriterTest#testReplaceEmptyFunction1,642.000000
6451,com.google.javascript.jscomp.LooseTypeCheckTest#testGlobalThis4,1107.000000
6452,com.google.javascript.jscomp.FunctionRewriterTest#testReplaceEmptyFunction2,560.000000
6453,com.google.javascript.jscomp.LooseTypeCheckTest#testGlobalThis5,1099.000000
6454,com.google.javascript.jscomp.FunctionRewriterTest#testReplaceEmptyFunction3,630.000000
6455,com.google.javascript.jscomp.LooseTypeCheckTest#testGlobalThis6,1110.000000
6456,com.google.javascript.jscomp.ProcessTweaksTest#testUnknownGetString,603.000000
6457,com.google.javascript.jscomp.LooseTypeCheckTest#testBadImplementsNonInterfaceType,1069.000000
6458,com.google.javascript.jscomp.ProcessTweaksTest#testUnknownGetBoolean,603.000000
6459,com.google.javascript.jscomp.LooseTypeCheckTest#testWhileRestrictsType1,1162.000000
6460,com.google.javascript.jscomp.ProcessTweaksTest#testStrippingWithExplicitDefaultValues,648.000000
6461,com.google.javascript.jscomp.LooseTypeCheckTest#testWhileRestrictsType2,1100.000000
6462,com.google.javascript.jscomp.ProcessTweaksTest#testInvalidId,548.000000
6463,com.google.javascript.jscomp.LooseTypeCheckTest#testPrintFunctionName1,1114.000000
6464,com.google.javascript.jscomp.ProcessTweaksTest#testBasicTweak1,596.000000
6465,com.google.javascript.jscomp.LooseTypeCheckTest#testPrintFunctionName2,1103.000000
6466,com.google.javascript.jscomp.ProcessTweaksTest#testBasicTweak2,596.000000
6467,com.google.javascript.jscomp.LooseTypeCheckTest#testBadImplementsAConstructor,1069.000000
6468,com.google.javascript.jscomp.ProcessTweaksTest#testBasicTweak3,596.000000
6469,com.google.javascript.jscomp.LooseTypeCheckTest#testOptionalParameterComparedToUndefined,1089.000000
6470,com.google.javascript.jscomp.ProcessTweaksTest#testBasicTweak4,591.000000
6471,com.google.javascript.jscomp.LooseTypeCheckTest#testAddingMethodsPrototypeIdiomAndObjectLiteralSimpleNamespace,1069.000000
6472,com.google.javascript.jscomp.ProcessTweaksTest#testBasicTweak5,610.000000
6473,com.google.javascript.jscomp.LooseTypeCheckTest#testIn1,1045.000000
6474,com.google.javascript.jscomp.ProcessTweaksTest#testBasicTweak6,621.000000
6475,com.google.javascript.jscomp.LooseTypeCheckTest#testIn2,1046.000000
6476,com.google.javascript.jscomp.ProcessTweaksTest#testDuplicateTweak,548.000000
6477,com.google.javascript.jscomp.LooseTypeCheckTest#testIn3,1041.000000
6478,com.google.javascript.jscomp.ProcessTweaksTest#testUnknownCompilerOverride,571.000000
6479,com.google.javascript.jscomp.LooseTypeCheckTest#testIn4,1077.000000
6480,com.google.javascript.jscomp.ProcessTweaksTest#testCompilerOverridesNoStripping2,643.000000
6481,com.google.javascript.jscomp.LooseTypeCheckTest#testIn5,1069.000000
6482,com.google.javascript.jscomp.ProcessTweaksTest#testInvalidDefaultValue1,622.000000
6483,com.google.javascript.jscomp.LooseTypeCheckTest#testIn6,1118.000000
6484,com.google.javascript.jscomp.ProcessTweaksTest#testInvalidDefaultValue2,629.000000
6485,com.google.javascript.jscomp.LooseTypeCheckTest#testIn7,1152.000000
6486,com.google.javascript.jscomp.ProcessTweaksTest#testStrippingWithImplicitDefaultValues,649.000000
6487,com.google.javascript.jscomp.LooseTypeCheckTest#testOr1,1067.000000
6488,com.google.javascript.jscomp.ProcessTweaksTest#testWrongGetter1,611.000000
6489,com.google.javascript.jscomp.LooseTypeCheckTest#testOr2,1092.000000
6490,com.google.javascript.jscomp.ProcessTweaksTest#testWrongGetter2,611.000000
6491,com.google.javascript.jscomp.LooseTypeCheckTest#testOr3,1090.000000
6492,com.google.javascript.jscomp.ProcessTweaksTest#testWrongGetter3,611.000000
6493,com.google.javascript.jscomp.LooseTypeCheckTest#testOr4,1099.000000
6494,com.google.javascript.jscomp.ProcessTweaksTest#testStrippingWithUnregisteredTweak2,634.000000
6495,com.google.javascript.jscomp.LooseTypeCheckTest#testOr5,1100.000000
6496,com.google.javascript.jscomp.ProcessTweaksTest#testStrippingWithUnregisteredTweak3,633.000000
6497,com.google.javascript.jscomp.LooseTypeCheckTest#testObjectLiteral,1074.000000
6498,com.google.javascript.jscomp.ProcessTweaksTest#testOverrideAfterRegister,548.000000
6499,com.google.javascript.jscomp.LooseTypeCheckTest#testOptionalAllType,1085.000000
6500,com.google.javascript.jscomp.ProcessTweaksTest#testWithNoTweaks,587.000000
6501,com.google.javascript.jscomp.LooseTypeCheckTest#testAnonymousType1,1107.000000
6502,com.google.javascript.jscomp.ProcessTweaksTest#testUnknownOverride,607.000000
6503,com.google.javascript.jscomp.LooseTypeCheckTest#testAnonymousType2,1116.000000
6504,com.google.javascript.jscomp.ProcessTweaksTest#testOverridesWithStripping,649.000000
6505,com.google.javascript.jscomp.LooseTypeCheckTest#testAnonymousType3,1138.000000
6506,com.google.javascript.jscomp.ProcessTweaksTest#testRegisterInNonGlobalScope,547.000000
6507,com.google.javascript.jscomp.LooseTypeCheckTest#testHookRestrictsType1,1119.000000
6508,com.google.javascript.jscomp.ProcessTweaksTest#testNonLiteralId1,545.000000
6509,com.google.javascript.jscomp.LooseTypeCheckTest#testHookRestrictsType2,1071.000000
6510,com.google.javascript.jscomp.ProcessTweaksTest#testNonLiteralId2,540.000000
6511,com.google.javascript.jscomp.LooseTypeCheckTest#testHookRestrictsType3,1075.000000
6512,com.google.javascript.jscomp.ProcessTweaksTest#testNonLiteralId3,550.000000
6513,com.google.javascript.jscomp.LooseTypeCheckTest#testHookRestrictsType4,1085.000000
6514,com.google.javascript.jscomp.ProcessTweaksTest#testStrippingOfManuallyRegistered1,652.000000
6515,com.google.javascript.jscomp.LooseTypeCheckTest#testHookRestrictsType5,1084.000000
6516,com.google.javascript.jscomp.ProcessTweaksTest#testUnknownGetNumber,603.000000
6517,com.google.javascript.jscomp.LooseTypeCheckTest#testHookRestrictsType6,1089.000000
6518,com.google.javascript.jscomp.ExtractPrototypeMemberDeclarationsTest#testWithDevirtualization,728.000000
6519,com.google.javascript.jscomp.LooseTypeCheckTest#testHookRestrictsType7,1089.000000
6520,com.google.javascript.jscomp.ExtractPrototypeMemberDeclarationsTest#testExtractingPrototypeWithNestedMembers,702.000000
6521,com.google.javascript.jscomp.LooseTypeCheckTest#testAddSingletonGetter,1093.000000
6522,com.google.javascript.jscomp.ExtractPrototypeMemberDeclarationsTest#testNotEnoughPrototypeToExtract,642.000000
6523,com.google.javascript.jscomp.LooseTypeCheckTest#testConstructorType1,1075.000000
6524,com.google.javascript.jscomp.ExtractPrototypeMemberDeclarationsTest#testExtractingTwoClassPrototype,691.000000
6525,com.google.javascript.jscomp.LooseTypeCheckTest#testConstructorType2,1092.000000
6526,com.google.javascript.jscomp.ExtractPrototypeMemberDeclarationsTest#testAnonWithSideFx,703.000000
6527,com.google.javascript.jscomp.LooseTypeCheckTest#testConstructorType3,1092.000000
6528,com.google.javascript.jscomp.ExtractPrototypeMemberDeclarationsTest#testExtractingTwoClassPrototypeInDifferentBlocks,715.000000
6529,com.google.javascript.jscomp.LooseTypeCheckTest#testConstructorType4,1099.000000
6530,com.google.javascript.jscomp.ExtractPrototypeMemberDeclarationsTest#testExtractingSingleClassPrototype,691.000000
6531,com.google.javascript.jscomp.LooseTypeCheckTest#testConstructorType5,1071.000000
6532,com.google.javascript.jscomp.ExtractPrototypeMemberDeclarationsTest#testAnonWithDevirtualization,734.000000
6533,com.google.javascript.jscomp.LooseTypeCheckTest#testConstructorType6,1045.000000
6534,com.google.javascript.jscomp.ExtractPrototypeMemberDeclarationsTest#testInterweaved,653.000000
6535,com.google.javascript.jscomp.LooseTypeCheckTest#testConstructorType7,1038.000000
6536,com.google.javascript.jscomp.ExtractPrototypeMemberDeclarationsTest#testAnonSimple,720.000000
6537,com.google.javascript.jscomp.LooseTypeCheckTest#testInheritanceCheck1,1052.000000
6538,com.google.javascript.jscomp.ExtractPrototypeMemberDeclarationsTest#testNoMemberDeclarations,639.000000
6539,com.google.javascript.jscomp.LooseTypeCheckTest#testInheritanceCheck2,1071.000000
6540,com.google.javascript.jscomp.ControlStructureCheckTest#testWhile,545.000000
6541,com.google.javascript.jscomp.LooseTypeCheckTest#testInheritanceCheck3,1069.000000
6542,com.google.javascript.jscomp.ControlStructureCheckTest#testContinueToSwitchWithNoCases,531.000000
6543,com.google.javascript.jscomp.LooseTypeCheckTest#testInheritanceCheck4,1055.000000
6544,com.google.javascript.jscomp.ControlStructureCheckTest#testContinueNotCrossFunction1,600.000000
6545,com.google.javascript.jscomp.LooseTypeCheckTest#testInheritanceCheck5,1069.000000
6546,com.google.javascript.jscomp.ControlStructureCheckTest#testUseOfWith2,605.000000
6547,com.google.javascript.jscomp.LooseTypeCheckTest#testInheritanceCheck6,1055.000000
6548,com.google.javascript.jscomp.ControlStructureCheckTest#testUseOfWith3,672.000000
6549,com.google.javascript.jscomp.LooseTypeCheckTest#testInheritanceCheck7,1080.000000
6550,com.google.javascript.jscomp.ControlStructureCheckTest#testContinueOutsideSwitch,583.000000
6551,com.google.javascript.jscomp.LooseTypeCheckTest#testInheritanceCheck8,1082.000000
6552,com.google.javascript.jscomp.ControlStructureCheckTest#testNextedWhile,545.000000
6553,com.google.javascript.jscomp.LooseTypeCheckTest#testNoPersistentTypeInferenceForFunctionProperties,1120.000000
6554,com.google.javascript.jscomp.ClosureRewriteClassTest#testComplete1,744.000000
6555,com.google.javascript.jscomp.LooseTypeCheckTest#testAdd10,1083.000000
6556,com.google.javascript.jscomp.ClosureRewriteClassTest#testComplete2,745.000000
6557,com.google.javascript.jscomp.LooseTypeCheckTest#testAdd11,1083.000000
6558,com.google.javascript.jscomp.ClosureRewriteClassTest#testBasic1,635.000000
6559,com.google.javascript.jscomp.LooseTypeCheckTest#testAdd12,1120.000000
6560,com.google.javascript.jscomp.ClosureRewriteClassTest#testBasic2,648.000000
6561,com.google.javascript.jscomp.LooseTypeCheckTest#testAdd13,1120.000000
6562,com.google.javascript.jscomp.ClosureRewriteClassTest#testBasic3,635.000000
6563,com.google.javascript.jscomp.LooseTypeCheckTest#testAdd14,1078.000000
6564,com.google.javascript.jscomp.ClosureRewriteClassTest#testInvalid2,531.000000
6565,com.google.javascript.jscomp.LooseTypeCheckTest#testAdd15,1120.000000
6566,com.google.javascript.jscomp.ClosureRewriteClassTest#testInvalid3,536.000000
6567,com.google.javascript.jscomp.LooseTypeCheckTest#testAdd16,1077.000000
6568,com.google.javascript.jscomp.ClosureRewriteClassTest#testInvalid4,580.000000
6569,com.google.javascript.jscomp.LooseTypeCheckTest#testAdd17,1077.000000
6570,com.google.javascript.jscomp.ClosureRewriteClassTest#testInvalid5,563.000000
6571,com.google.javascript.jscomp.LooseTypeCheckTest#testAdd18,1109.000000
6572,com.google.javascript.jscomp.ClosureRewriteClassTest#testInvalid6,542.000000
6573,com.google.javascript.jscomp.LooseTypeCheckTest#testAdd19,1056.000000
6574,com.google.javascript.jscomp.DevirtualizePrototypeMethodsTest#testRewriteNoVarArgs,706.000000
6575,com.google.javascript.jscomp.LooseTypeCheckTest#testAdd20,1056.000000
6576,com.google.javascript.jscomp.DevirtualizePrototypeMethodsTest#testRewriteNoNestedFunction,673.000000
6577,com.google.javascript.jscomp.LooseTypeCheckTest#testAdd21,1058.000000
6578,com.google.javascript.jscomp.DevirtualizePrototypeMethodsTest#testNoRewriteMultipleDefinition1,653.000000
6579,com.google.javascript.jscomp.LooseTypeCheckTest#testBang1,1075.000000
6580,com.google.javascript.jscomp.DevirtualizePrototypeMethodsTest#testNoRewriteMultipleDefinition2,653.000000
6581,com.google.javascript.jscomp.LooseTypeCheckTest#testBang2,1090.000000
6582,com.google.javascript.jscomp.DevirtualizePrototypeMethodsTest#testNoRewriteMultipleDefinition3,653.000000
6583,com.google.javascript.jscomp.LooseTypeCheckTest#testBang3,1061.000000
6584,com.google.javascript.jscomp.DevirtualizePrototypeMethodsTest#testNoRewriteExternalMethods1,602.000000
6585,com.google.javascript.jscomp.LooseTypeCheckTest#testBang4,1112.000000
6586,com.google.javascript.jscomp.DevirtualizePrototypeMethodsTest#testNoRewriteExternalMethods2,654.000000
6587,com.google.javascript.jscomp.LooseTypeCheckTest#testBang5,1105.000000
6588,com.google.javascript.jscomp.DevirtualizePrototypeMethodsTest#testNoRewriteVarArgs,672.000000
6589,com.google.javascript.jscomp.LooseTypeCheckTest#testBang6,1052.000000
6590,com.google.javascript.jscomp.DevirtualizePrototypeMethodsTest#testRewriteImplementedMethod2,682.000000
6591,com.google.javascript.jscomp.LooseTypeCheckTest#testBang7,1056.000000
6592,com.google.javascript.jscomp.DevirtualizePrototypeMethodsTest#testRewriteImplementedMethod3,685.000000
6593,com.google.javascript.jscomp.LooseTypeCheckTest#testCall1,1082.000000
6594,com.google.javascript.jscomp.DevirtualizePrototypeMethodsTest#testRewriteImplementedMethod4,677.000000
6595,com.google.javascript.jscomp.LooseTypeCheckTest#testCall2,1105.000000
6596,com.google.javascript.jscomp.DevirtualizePrototypeMethodsTest#testRewriteImplementedMethodInObj,728.000000
6597,com.google.javascript.jscomp.LooseTypeCheckTest#testCall3,1173.000000
6598,com.google.javascript.jscomp.DevirtualizePrototypeMethodsTest#testNoRewriteDeclUsedAsCallArgument,656.000000
6599,com.google.javascript.jscomp.LooseTypeCheckTest#testCall4,1107.000000
6600,com.google.javascript.jscomp.DevirtualizePrototypeMethodsTest#testRewritePrototypeMethods1,821.000000
6601,com.google.javascript.jscomp.LooseTypeCheckTest#testCall5,1107.000000
6602,com.google.javascript.jscomp.DevirtualizePrototypeMethodsTest#testNoRewriteNestedFunction,682.000000
6603,com.google.javascript.jscomp.LooseTypeCheckTest#testCall6,1101.000000
6604,com.google.javascript.jscomp.DevirtualizePrototypeMethodsTest#testNoRewriteGet1,703.000000
6605,com.google.javascript.jscomp.LooseTypeCheckTest#testCall7,1103.000000
6606,com.google.javascript.jscomp.DevirtualizePrototypeMethodsTest#testNoRewriteGet2,707.000000
6607,com.google.javascript.jscomp.LooseTypeCheckTest#testCall8,1086.000000
6608,com.google.javascript.jscomp.DevirtualizePrototypeMethodsTest#testNoRewriteSet1,703.000000
6609,com.google.javascript.jscomp.LooseTypeCheckTest#testCall9,1127.000000
6610,com.google.javascript.jscomp.DevirtualizePrototypeMethodsTest#testNoRewriteSet2,705.000000
6611,com.google.javascript.jscomp.LooseTypeCheckTest#testCast2,1064.000000
6612,com.google.javascript.jscomp.DevirtualizePrototypeMethodsTest#testRewriteCallReference,706.000000
6613,com.google.javascript.jscomp.LooseTypeCheckTest#testCast3,1075.000000
6614,com.google.javascript.jscomp.DevirtualizePrototypeMethodsTest#testRewritePrototypeObjectLiterals1,697.000000
6615,com.google.javascript.jscomp.LooseTypeCheckTest#testCast4,1071.000000
6616,com.google.javascript.jscomp.DevirtualizePrototypeMethodsTest#testRewriteInGlobalScope,706.000000
6617,com.google.javascript.jscomp.LooseTypeCheckTest#testCast5,1092.000000
6618,com.google.javascript.jscomp.DevirtualizePrototypeMethodsTest#testNoRewriteDeclUsedAsAssignmentRhs,669.000000
6619,com.google.javascript.jscomp.LooseTypeCheckTest#testCast6,1103.000000
6620,com.google.javascript.jscomp.DevirtualizePrototypeMethodsTest#testNoRewriteNonCallReference,683.000000
6621,com.google.javascript.jscomp.LooseTypeCheckTest#testCast7,1116.000000
6622,com.google.javascript.jscomp.DevirtualizePrototypeMethodsTest#testNoRewriteCodingConvention,631.000000
6623,com.google.javascript.jscomp.LooseTypeCheckTest#testCast8,1123.000000
6624,com.google.javascript.jscomp.DevirtualizePrototypeMethodsTest#testNoRewritePrototypeObjectLiterals2,679.000000
6625,com.google.javascript.jscomp.LooseTypeCheckTest#testCast9,1141.000000
6626,com.google.javascript.jscomp.DevirtualizePrototypeMethodsTest#testNoRewriteNamespaceFunctions,671.000000
6627,com.google.javascript.jscomp.LooseTypeCheckTest#testFunctionArguments1,1062.000000
6628,com.google.javascript.jscomp.DevirtualizePrototypeMethodsTest#testRewriteChained,683.000000
6629,com.google.javascript.jscomp.LooseTypeCheckTest#testFunctionArguments2,1064.000000
6630,com.google.javascript.jscomp.DevirtualizePrototypeMethodsTest#testRewriteSingleDefinition1,673.000000
6631,com.google.javascript.jscomp.LooseTypeCheckTest#testFunctionArguments3,1065.000000
6632,com.google.javascript.jscomp.DevirtualizePrototypeMethodsTest#testRewriteSingleDefinition2,673.000000
6633,com.google.javascript.jscomp.LooseTypeCheckTest#testFunctionArguments4,1067.000000
6634,com.google.javascript.jscomp.DevirtualizePrototypeMethodsTest#testNoRewriteIfNotInGlobalScope1,691.000000
6635,com.google.javascript.jscomp.LooseTypeCheckTest#testFunctionArguments5,1059.000000
6636,com.google.javascript.jscomp.DevirtualizePrototypeMethodsTest#testNoRewriteIfNotInGlobalScope2,673.000000
6637,com.google.javascript.jscomp.LooseTypeCheckTest#testFunctionArguments6,1059.000000
6638,com.google.javascript.jscomp.DevirtualizePrototypeMethodsTest#testNoRewriteNoReferences,674.000000
6639,com.google.javascript.jscomp.LooseTypeCheckTest#testFunctionArguments7,1038.000000
6640,com.google.javascript.jscomp.DevirtualizePrototypeMethodsTest#testWrapper,611.000000
6641,com.google.javascript.jscomp.LooseTypeCheckTest#testFunctionArguments8,1059.000000
6642,com.google.javascript.jscomp.DevirtualizePrototypeMethodsTest#testRewriteImplementedMethod,706.000000
6643,com.google.javascript.jscomp.LooseTypeCheckTest#testFunctionArguments9,1059.000000
6644,com.google.javascript.jscomp.DevirtualizePrototypeMethodsTest#testRewriteDeclIsExpressionStatement,673.000000
6645,com.google.javascript.jscomp.LooseTypeCheckTest#testDfa10,1164.000000
6646,com.google.javascript.jscomp.DevirtualizePrototypeMethodsTest#testNoRewriteNotImplementedMethod,657.000000
6647,com.google.javascript.jscomp.LooseTypeCheckTest#testDfa11,1102.000000
6648,com.google.javascript.jscomp.CheckUnreachableCodeTest#testVarDeclaration,607.000000
6649,com.google.javascript.jscomp.LooseTypeCheckTest#testDfa12,1181.000000
6650,com.google.javascript.jscomp.CheckUnreachableCodeTest#testUncheckedWhileInDo,616.000000
6651,com.google.javascript.jscomp.LooseTypeCheckTest#testDfa13,1108.000000
6652,com.google.javascript.jscomp.CheckUnreachableCodeTest#testSpuriousBreak,641.000000
6653,com.google.javascript.jscomp.LooseTypeCheckTest#testEnum1,1089.000000
6654,com.google.javascript.jscomp.CheckUnreachableCodeTest#testInfiniteLoop,681.000000
6655,com.google.javascript.jscomp.LooseTypeCheckTest#testEnum2,1088.000000
6656,com.google.javascript.jscomp.CheckUnreachableCodeTest#testIncorrectSimple,618.000000
6657,com.google.javascript.jscomp.LooseTypeCheckTest#testEnum3,1097.000000
6658,com.google.javascript.jscomp.CheckUnreachableCodeTest#testInCorrectLoopBreaksAndContinues,645.000000
6659,com.google.javascript.jscomp.LooseTypeCheckTest#testEnum4,1100.000000
6660,com.google.javascript.jscomp.CheckUnreachableCodeTest#testUnreachableLoop,583.000000
6661,com.google.javascript.jscomp.LooseTypeCheckTest#testEnum5,1102.000000
6662,com.google.javascript.jscomp.CheckUnreachableCodeTest#testUnreachableCatch,608.000000
6663,com.google.javascript.jscomp.LooseTypeCheckTest#testEnum6,1111.000000
6664,com.google.javascript.jscomp.CheckUnreachableCodeTest#testFalseCondition,593.000000
6665,com.google.javascript.jscomp.LooseTypeCheckTest#testEnum7,1096.000000
6666,com.google.javascript.jscomp.CheckUnreachableCodeTest#testCorrectSwitchReturn,676.000000
6667,com.google.javascript.jscomp.LooseTypeCheckTest#testNew10,1116.000000
6668,com.google.javascript.jscomp.CheckUnreachableCodeTest#testCorrectLoopBreaksAndContinues,700.000000
6669,com.google.javascript.jscomp.LooseTypeCheckTest#testNew11,1098.000000
6670,com.google.javascript.jscomp.CheckUnreachableCodeTest#testReachableTryCatchFinally,650.000000
6671,com.google.javascript.jscomp.LooseTypeCheckTest#testNew12,1061.000000
6672,com.google.javascript.jscomp.CheckUnreachableCodeTest#testFunctionDeclaration,630.000000
6673,com.google.javascript.jscomp.LooseTypeCheckTest#testNew13,1065.000000
6674,com.google.javascript.jscomp.CheckUnreachableCodeTest#testInstanceOfThrowsException,677.000000
6675,com.google.javascript.jscomp.LooseTypeCheckTest#testNew14,1065.000000
6676,com.google.javascript.jscomp.CheckUnreachableCodeTest#testInCorrectIfReturns,604.000000
6677,com.google.javascript.jscomp.LooseTypeCheckTest#testNew15,1074.000000
6678,com.google.javascript.jscomp.CheckUnreachableCodeTest#testCorrectSimple,670.000000
6679,com.google.javascript.jscomp.LooseTypeCheckTest#testNew16,1092.000000
6680,com.google.javascript.jscomp.CheckUnreachableCodeTest#testUncheckedConditionInFor,627.000000
6681,com.google.javascript.jscomp.LooseTypeCheckTest#testThis1,1099.000000
6682,com.google.javascript.jscomp.CheckUnreachableCodeTest#testInCorrectSwitchReturn,616.000000
6683,com.google.javascript.jscomp.LooseTypeCheckTest#testThis2,1104.000000
6684,com.google.javascript.jscomp.CheckUnreachableCodeTest#testCorrectIfReturns,653.000000
6685,com.google.javascript.jscomp.LooseTypeCheckTest#testThis3,1077.000000
6686,com.google.javascript.jscomp.ClosureOptimizePrimitivesTest#testObjectCreateOddParams,579.000000
6687,com.google.javascript.jscomp.LooseTypeCheckTest#testThis4,1112.000000
6688,com.google.javascript.jscomp.ClosureOptimizePrimitivesTest#testObjectCreate1,572.000000
6689,com.google.javascript.jscomp.LooseTypeCheckTest#testThis5,1078.000000
6690,com.google.javascript.jscomp.ClosureOptimizePrimitivesTest#testObjectCreate2,592.000000
6691,com.google.javascript.jscomp.LooseTypeCheckTest#testThis6,1097.000000
6692,com.google.javascript.jscomp.ClosureOptimizePrimitivesTest#testObjectCreate4,601.000000
6693,com.google.javascript.jscomp.LooseTypeCheckTest#testThis7,1078.000000
6694,com.google.javascript.jscomp.ClosureOptimizePrimitivesTest#testObjectCreate5,602.000000
6695,com.google.javascript.jscomp.LooseTypeCheckTest#testThis8,1095.000000
6696,com.google.javascript.jscomp.ClosureOptimizePrimitivesTest#testObjectCreateNonConstKey,579.000000
6697,com.google.javascript.jscomp.LooseTypeCheckTest#testThis9,1076.000000
6698,com.google.javascript.jscomp.CreateSyntheticBlocksTest#testFold2,717.000000
6699,com.google.javascript.jscomp.LooseTypeCheckTest#testVar10,1063.000000
6700,com.google.javascript.jscomp.CreateSyntheticBlocksTest#testFoldWithMarkers1a,698.000000
6701,com.google.javascript.jscomp.LooseTypeCheckTest#testVar11,1062.000000
6702,com.google.javascript.jscomp.CreateSyntheticBlocksTest#testFoldWithMarkers1,698.000000
6703,com.google.javascript.jscomp.LooseTypeCheckTest#testVar13,1055.000000
6704,com.google.javascript.jscomp.CreateSyntheticBlocksTest#testFoldWithMarkers2,709.000000
6705,com.google.javascript.jscomp.LooseTypeCheckTest#testVar14,1083.000000
6706,com.google.javascript.jscomp.CreateSyntheticBlocksTest#testUnmatchedEndMarker1,640.000000
6707,com.google.javascript.jscomp.LooseTypeCheckTest#testVar15,1125.000000
6708,com.google.javascript.jscomp.CreateSyntheticBlocksTest#testUnmatchedEndMarker2,668.000000
6709,com.google.javascript.jscomp.LooseTypeCheckTest#testComplexNamespace,1063.000000
6710,com.google.javascript.jscomp.CreateSyntheticBlocksTest#testUnmatchedStartMarker,639.000000
6711,com.google.javascript.jscomp.LooseTypeCheckTest#testAdd1,1092.000000
6712,com.google.javascript.jscomp.CreateSyntheticBlocksTest#testNonMarkingUse,662.000000
6713,com.google.javascript.jscomp.LooseTypeCheckTest#testAdd2,1094.000000
6714,com.google.javascript.jscomp.CreateSyntheticBlocksTest#testInvalid1,671.000000
6715,com.google.javascript.jscomp.LooseTypeCheckTest#testAdd3,1048.000000
6716,com.google.javascript.jscomp.CreateSyntheticBlocksTest#testInvalid2,648.000000
6717,com.google.javascript.jscomp.LooseTypeCheckTest#testAdd4,1053.000000
6718,com.google.javascript.jscomp.CreateSyntheticBlocksTest#testContainingBlockPreservation,660.000000
6719,com.google.javascript.jscomp.LooseTypeCheckTest#testAdd5,1053.000000
6720,com.google.javascript.jscomp.CheckDebuggerStatementTest#testCheckDebuggerStatement,572.000000
6721,com.google.javascript.jscomp.LooseTypeCheckTest#testAdd6,1049.000000
6722,com.google.javascript.jscomp.CheckDebuggerStatementTest#testCheckIsDisabledByDefault,566.000000
6723,com.google.javascript.jscomp.LooseTypeCheckTest#testAdd7,1073.000000
6724,com.google.javascript.jscomp.CheckDebuggerStatementTest#testNoWarningWhenExplicitlyDisabled,568.000000
6725,com.google.javascript.jscomp.LooseTypeCheckTest#testAdd8,1073.000000
6726,com.google.javascript.jscomp.CheckDebuggerStatementTest#testCheckDebuggerKeywordMayAppearInComments,503.000000
6727,com.google.javascript.jscomp.LooseTypeCheckTest#testAdd9,1069.000000
6728,com.google.javascript.jscomp.SideEffectsAnalysisTest#testVisibilityUnsafeMoves,747.000000
6729,com.google.javascript.jscomp.LooseTypeCheckTest#testAnd1,1067.000000
6730,com.google.javascript.jscomp.SideEffectsAnalysisTest#testVisibilitySafeMoves,749.000000
6731,com.google.javascript.jscomp.LooseTypeCheckTest#testAnd2,1092.000000
6732,com.google.javascript.jscomp.SideEffectsAnalysisTest#testDegenerateUnsafeMoves,638.000000
6733,com.google.javascript.jscomp.LooseTypeCheckTest#testAnd3,1103.000000
6734,com.google.javascript.jscomp.SideEffectsAnalysisTest#testVisibilityMergesParametersWithHeap,745.000000
6735,com.google.javascript.jscomp.LooseTypeCheckTest#testAnd4,1133.000000
6736,com.google.javascript.jscomp.SideEffectsAnalysisTest#testVisibilityMoveCalls,726.000000
6737,com.google.javascript.jscomp.LooseTypeCheckTest#testAnd5,1138.000000
6738,com.google.javascript.jscomp.MinimizeExitPointsTest#testForContinueOptimization,658.000000
6739,com.google.javascript.jscomp.LooseTypeCheckTest#testAnd6,1135.000000
6740,com.google.javascript.jscomp.MinimizeExitPointsTest#testWhileContinueOptimization,651.000000
6741,com.google.javascript.jscomp.LooseTypeCheckTest#testAnd7,1086.000000
6742,com.google.javascript.jscomp.MinimizeExitPointsTest#testDoContinueOptimization,657.000000
6743,com.google.javascript.jscomp.LooseTypeCheckTest#testDfa1,1062.000000
6744,com.google.javascript.jscomp.MinimizeExitPointsTest#testBreakOptimization,630.000000
6745,com.google.javascript.jscomp.LooseTypeCheckTest#testDfa2,1128.000000
6746,com.google.javascript.jscomp.MinimizeExitPointsTest#testCodeMotionDoesntBreakFunctionHoisting,606.000000
6747,com.google.javascript.jscomp.LooseTypeCheckTest#testDfa3,1127.000000
6748,com.google.javascript.jscomp.MinimizeExitPointsTest#testFunctionReturnOptimization,660.000000
6749,com.google.javascript.jscomp.LooseTypeCheckTest#testDfa4,1086.000000
6750,com.google.javascript.jscomp.RemoveUnusedVarsTest#testVarInControlStructure,729.000000
6751,com.google.javascript.jscomp.LooseTypeCheckTest#testDfa5,1134.000000
6752,com.google.javascript.jscomp.RemoveUnusedVarsTest#testRecursiveFunction1,691.000000
6753,com.google.javascript.jscomp.LooseTypeCheckTest#testDfa6,1144.000000
6754,com.google.javascript.jscomp.RemoveUnusedVarsTest#testRecursiveFunction2,724.000000
6755,com.google.javascript.jscomp.LooseTypeCheckTest#testDfa7,1117.000000
6756,com.google.javascript.jscomp.RemoveUnusedVarsTest#testFunctionArgRemovalCausingInconsistency,784.000000
6757,com.google.javascript.jscomp.LooseTypeCheckTest#testDfa8,1157.000000
6758,com.google.javascript.jscomp.RemoveUnusedVarsTest#testDoNotOptimizeJSCompiler_renameProperty,747.000000
6759,com.google.javascript.jscomp.LooseTypeCheckTest#testDfa9,1130.000000
6760,com.google.javascript.jscomp.RemoveUnusedVarsTest#testCallSiteInteraction_contructors,810.000000
6761,com.google.javascript.jscomp.LooseTypeCheckTest#testHook,1090.000000
6762,com.google.javascript.jscomp.RemoveUnusedVarsTest#testRemoveGlobal1,703.000000
6763,com.google.javascript.jscomp.LooseTypeCheckTest#testNew1,1063.000000
6764,com.google.javascript.jscomp.RemoveUnusedVarsTest#testRemoveGlobal2,702.000000
6765,com.google.javascript.jscomp.LooseTypeCheckTest#testNew2,1080.000000
6766,com.google.javascript.jscomp.RemoveUnusedVarsTest#testRemoveGlobal3,728.000000
6767,com.google.javascript.jscomp.LooseTypeCheckTest#testNew3,1050.000000
6768,com.google.javascript.jscomp.RemoveUnusedVarsTest#testRemoveGlobal4,704.000000
6769,com.google.javascript.jscomp.LooseTypeCheckTest#testNew4,1054.000000
6770,com.google.javascript.jscomp.RemoveUnusedVarsTest#testFunctionArgRemovalFromCallSites,792.000000
6771,com.google.javascript.jscomp.LooseTypeCheckTest#testNew5,1065.000000
6772,com.google.javascript.jscomp.RemoveUnusedVarsTest#testLocalVarReferencesGlobalVar1,730.000000
6773,com.google.javascript.jscomp.LooseTypeCheckTest#testNew6,1065.000000
6774,com.google.javascript.jscomp.RemoveUnusedVarsTest#testLocalVarReferencesGlobalVar2,802.000000
6775,com.google.javascript.jscomp.LooseTypeCheckTest#testNew7,1091.000000
6776,com.google.javascript.jscomp.RemoveUnusedVarsTest#testNestedAssign1,733.000000
6777,com.google.javascript.jscomp.LooseTypeCheckTest#testNew8,1053.000000
6778,com.google.javascript.jscomp.RemoveUnusedVarsTest#testNestedAssign2,731.000000
6779,com.google.javascript.jscomp.LooseTypeCheckTest#testNew9,1099.000000
6780,com.google.javascript.jscomp.RemoveUnusedVarsTest#testNestedAssign3,732.000000
6781,com.google.javascript.jscomp.LooseTypeCheckTest#testVar1,1045.000000
6782,com.google.javascript.jscomp.RemoveUnusedVarsTest#testUnusedAssign1,681.000000
6783,com.google.javascript.jscomp.LooseTypeCheckTest#testVar2,1039.000000
6784,com.google.javascript.jscomp.RemoveUnusedVarsTest#testUnusedAssign2,718.000000
6785,com.google.javascript.jscomp.LooseTypeCheckTest#testVar3,1052.000000
6786,com.google.javascript.jscomp.RemoveUnusedVarsTest#testUnusedAssign3,717.000000
6787,com.google.javascript.jscomp.LooseTypeCheckTest#testVar4,1066.000000
6788,com.google.javascript.jscomp.RemoveUnusedVarsTest#testUnusedAssign4,735.000000
6789,com.google.javascript.jscomp.LooseTypeCheckTest#testVar5,1085.000000
6790,com.google.javascript.jscomp.RemoveUnusedVarsTest#testUnusedAssign5,730.000000
6791,com.google.javascript.jscomp.LooseTypeCheckTest#testVar6,1080.000000
6792,com.google.javascript.jscomp.RemoveUnusedVarsTest#testUnusedAssign6,681.000000
6793,com.google.javascript.jscomp.LooseTypeCheckTest#testVar7,1067.000000
6794,com.google.javascript.jscomp.RemoveUnusedVarsTest#testUnusedAssign7,723.000000
6795,com.google.javascript.jscomp.LooseTypeCheckTest#testVar8,1053.000000
6796,com.google.javascript.jscomp.RemoveUnusedVarsTest#testUnusedAssign8,739.000000
6797,com.google.javascript.jscomp.LooseTypeCheckTest#testVar9,1063.000000
6798,com.google.javascript.jscomp.RemoveUnusedVarsTest#testUsedPropAssign1,734.000000
6799,com.google.javascript.jscomp.LooseTypeCheckTest#testInterfacePropertyNotImplemented,1100.000000
6800,com.google.javascript.jscomp.RemoveUnusedVarsTest#testUsedPropAssign2,716.000000
6801,com.google.javascript.jscomp.LooseTypeCheckTest#testMinimalConstructorAnnotation,1039.000000
6802,com.google.javascript.jscomp.RemoveUnusedVarsTest#testUsedPropAssign3,734.000000
6803,com.google.javascript.jscomp.LooseTypeCheckTest#testAssign1,1085.000000
6804,com.google.javascript.jscomp.RemoveUnusedVarsTest#testUsedPropAssign4,736.000000
6805,com.google.javascript.jscomp.LooseTypeCheckTest#testAssign2,1091.000000
6806,com.google.javascript.jscomp.RemoveUnusedVarsTest#testUsedPropAssign5,726.000000
6807,com.google.javascript.jscomp.LooseTypeCheckTest#testAssign3,1065.000000
6808,com.google.javascript.jscomp.RemoveUnusedVarsTest#testUsedPropAssign6,728.000000
6809,com.google.javascript.jscomp.LooseTypeCheckTest#testAssign4,1072.000000
6810,com.google.javascript.jscomp.RemoveUnusedVarsTest#testUsedPropAssign7,739.000000
6811,com.google.javascript.jscomp.LooseTypeCheckTest#testComparison2,1099.000000
6812,com.google.javascript.jscomp.RemoveUnusedVarsTest#testUsedPropAssign8,739.000000
6813,com.google.javascript.jscomp.LooseTypeCheckTest#testComparison3,1062.000000
6814,com.google.javascript.jscomp.RemoveUnusedVarsTest#testUsedPropAssign9,724.000000
6815,com.google.javascript.jscomp.LooseTypeCheckTest#testComparison4,1062.000000
6816,com.google.javascript.jscomp.RemoveUnusedVarsTest#testUnusedAssign5b,729.000000
6817,com.google.javascript.jscomp.LooseTypeCheckTest#testComparison5,1063.000000
6818,com.google.javascript.jscomp.RemoveUnusedVarsTest#testUnusedAssign6b,712.000000
6819,com.google.javascript.jscomp.LooseTypeCheckTest#testComparison6,1064.000000
6820,com.google.javascript.jscomp.RemoveUnusedVarsTest#testDependencies1,677.000000
6821,com.google.javascript.jscomp.LooseTypeCheckTest#testComparison7,1074.000000
6822,com.google.javascript.jscomp.RemoveUnusedVarsTest#testDependencies2,690.000000
6823,com.google.javascript.jscomp.LooseTypeCheckTest#testComparison8,1134.000000
6824,com.google.javascript.jscomp.RemoveUnusedVarsTest#testFunctionWithName1,707.000000
6825,com.google.javascript.jscomp.LooseTypeCheckTest#testComparison9,1119.000000
6826,com.google.javascript.jscomp.RemoveUnusedVarsTest#testFunctionWithName2,691.000000
6827,com.google.javascript.jscomp.LooseTypeCheckTest#testGetTypedPercent4,970.000000
6828,com.google.javascript.jscomp.RemoveUnusedVarsTest#testFunctionsDeadButEscaped,732.000000
6829,com.google.javascript.jscomp.LooseTypeCheckTest#testCallErrorConstructorAsFunction,1076.000000
6830,com.google.javascript.jscomp.RemoveUnusedVarsTest#testIssue618_1,749.000000
6831,com.google.javascript.jscomp.LooseTypeCheckTest#testNamespacedConstructor,1115.000000
6832,com.google.javascript.jscomp.RemoveUnusedVarsTest#testIssue618_2,714.000000
6833,com.google.javascript.jscomp.LooseTypeCheckTest#testFlowScopeBug1,1084.000000
6834,com.google.javascript.jscomp.RemoveUnusedVarsTest#testRValueHoisting,724.000000
6835,com.google.javascript.jscomp.LooseTypeCheckTest#testFlowScopeBug2,1126.000000
6836,com.google.javascript.jscomp.RemoveUnusedVarsTest#testUnusedPropAssign1,690.000000
6837,com.google.javascript.jscomp.LooseTypeCheckTest#testOptionalUnknownNamedType,1112.000000
6838,com.google.javascript.jscomp.RemoveUnusedVarsTest#testUnusedPropAssign2,693.000000
6839,com.google.javascript.jscomp.LooseTypeCheckTest#testConstructorAlias1,1095.000000
6840,com.google.javascript.jscomp.RemoveUnusedVarsTest#testUnusedPropAssign3,693.000000
6841,com.google.javascript.jscomp.LooseTypeCheckTest#testConstructorAlias2,1095.000000
6842,com.google.javascript.jscomp.RemoveUnusedVarsTest#testUnusedPropAssign4,704.000000
6843,com.google.javascript.jscomp.LooseTypeCheckTest#testConstructorAlias3,1095.000000
6844,com.google.javascript.jscomp.RemoveUnusedVarsTest#testUnusedPropAssign5,752.000000
6845,com.google.javascript.jscomp.LooseTypeCheckTest#testConstructorAlias4,1110.000000
6846,com.google.javascript.jscomp.RemoveUnusedVarsTest#testUnusedPropAssign6,682.000000
6847,com.google.javascript.jscomp.LooseTypeCheckTest#testConstructorAlias5,1095.000000
6848,com.google.javascript.jscomp.RemoveUnusedVarsTest#testUnusedPropAssign7,685.000000
6849,com.google.javascript.jscomp.LooseTypeCheckTest#testConstructorAlias6,1095.000000
6850,com.google.javascript.jscomp.RemoveUnusedVarsTest#testIssue168a,710.000000
6851,com.google.javascript.jscomp.LooseTypeCheckTest#testConstructorAlias7,1111.000000
6852,com.google.javascript.jscomp.RemoveUnusedVarsTest#testIssue168b,706.000000
6853,com.google.javascript.jscomp.LooseTypeCheckTest#testConstructorAlias8,1119.000000
6854,com.google.javascript.jscomp.RemoveUnusedVarsTest#testDoNotOptimizeSetters,690.000000
6855,com.google.javascript.jscomp.LooseTypeCheckTest#testConstructorAlias9,1119.000000
6856,com.google.javascript.jscomp.RemoveUnusedVarsTest#testUnusedPropAssign1b,722.000000
6857,com.google.javascript.jscomp.LooseTypeCheckTest#testTypeInferenceWithClosure1,1113.000000
6858,com.google.javascript.jscomp.RemoveUnusedVarsTest#testUnusedPropAssign2b,726.000000
6859,com.google.javascript.jscomp.LooseTypeCheckTest#testTypeInferenceWithClosure2,1141.000000
6860,com.google.javascript.jscomp.RemoveUnusedVarsTest#testUnusedPropAssign3b,730.000000
6861,com.google.javascript.jscomp.LooseTypeCheckTest#testUnknownPrototypeChain,1105.000000
6862,com.google.javascript.jscomp.RemoveUnusedVarsTest#testUnusedPropAssign7b,717.000000
6863,com.google.javascript.jscomp.LooseTypeCheckTest#testInterfacePropertyNotImplemented2,1106.000000
6864,com.google.javascript.jscomp.RemoveUnusedVarsTest#testUnusedPropAssign7c,717.000000
6865,com.google.javascript.jscomp.LooseTypeCheckTest#testInterfaceAssignment1,1093.000000
6866,com.google.javascript.jscomp.RemoveUnusedVarsTest#testDoNotOptimizeJSCompiler_ObjectPropertyString,748.000000
6867,com.google.javascript.jscomp.LooseTypeCheckTest#testInterfaceAssignment2,1100.000000
6868,com.google.javascript.jscomp.RemoveUnusedVarsTest#testDependencies1b,732.000000
6869,com.google.javascript.jscomp.LooseTypeCheckTest#testInterfaceAssignment3,1095.000000
6870,com.google.javascript.jscomp.RemoveUnusedVarsTest#testDependencies1c,712.000000
6871,com.google.javascript.jscomp.LooseTypeCheckTest#testInterfaceAssignment4,1095.000000
6872,com.google.javascript.jscomp.RemoveUnusedVarsTest#testDependencies2b,747.000000
6873,com.google.javascript.jscomp.LooseTypeCheckTest#testInterfaceAssignment5,1097.000000
6874,com.google.javascript.jscomp.RemoveUnusedVarsTest#testDependencies2c,725.000000
6875,com.google.javascript.jscomp.LooseTypeCheckTest#testInterfaceAssignment6,1098.000000
6876,com.google.javascript.jscomp.RemoveUnusedVarsTest#testFunctionArgRemoval,730.000000
6877,com.google.javascript.jscomp.LooseTypeCheckTest#testInterfaceAssignment7,1102.000000
6878,com.google.javascript.jscomp.RemoveUnusedVarsTest#testGlobalVarReferencesLocalVar,724.000000
6879,com.google.javascript.jscomp.LooseTypeCheckTest#testInterfaceAssignment8,1052.000000
6880,com.google.javascript.jscomp.RemoveUnusedVarsTest#testRemoveUnusedVarsPossibleNpeCase,816.000000
6881,com.google.javascript.jscomp.LooseTypeCheckTest#testInterfaceAssignment9,1148.000000
6882,com.google.javascript.jscomp.PeepholeSimplifyRegExpTest#testSingleCharAlterations,629.000000
6883,com.google.javascript.jscomp.LooseTypeCheckTest#testPropertyInferredPropagation,1154.000000
6884,com.google.javascript.jscomp.PeepholeSimplifyRegExpTest#testCharsetOptimizations,645.000000
6885,com.google.javascript.jscomp.LooseTypeCheckTest#testBitOperation1,1096.000000
6886,com.google.javascript.jscomp.PeepholeSimplifyRegExpTest#testEscapeSequencesAndNonLatinChars,591.000000
6887,com.google.javascript.jscomp.LooseTypeCheckTest#testBitOperation2,1114.000000
6888,com.google.javascript.jscomp.PeepholeSimplifyRegExpTest#testCharsetFixup,614.000000
6889,com.google.javascript.jscomp.LooseTypeCheckTest#testBitOperation3,1114.000000
6890,com.google.javascript.jscomp.PeepholeSimplifyRegExpTest#testMoreCharsets,673.000000
6891,com.google.javascript.jscomp.LooseTypeCheckTest#testBitOperation4,1114.000000
6892,com.google.javascript.jscomp.PeepholeSimplifyRegExpTest#testAlterations,597.000000
6893,com.google.javascript.jscomp.LooseTypeCheckTest#testBitOperation5,1114.000000
6894,com.google.javascript.jscomp.PeepholeSimplifyRegExpTest#testMalformedRegularExpressions,592.000000
6895,com.google.javascript.jscomp.LooseTypeCheckTest#testBitOperation6,1123.000000
6896,com.google.javascript.jscomp.PeepholeSimplifyRegExpTest#testPrecedence,597.000000
6897,com.google.javascript.jscomp.LooseTypeCheckTest#testBitOperation7,1069.000000
6898,com.google.javascript.jscomp.PeepholeSimplifyRegExpTest#testRepetitions,622.000000
6899,com.google.javascript.jscomp.LooseTypeCheckTest#testBitOperation8,1081.000000
6900,com.google.javascript.jscomp.PeepholeSimplifyRegExpTest#testNestedAlterations,588.000000
6901,com.google.javascript.jscomp.LooseTypeCheckTest#testBitOperation9,1105.000000
6902,com.google.javascript.jscomp.PeepholeSimplifyRegExpTest#testGroups,590.000000
6903,com.google.javascript.jscomp.LooseTypeCheckTest#testBadConstructorCall,1093.000000
6904,com.google.javascript.jscomp.DeadAssignmentsEliminationTest#testDeadVarDeclarations,723.000000
6905,com.google.javascript.jscomp.LooseTypeCheckTest#testPropertyUsedBeforeDefinition1,1117.000000
6906,com.google.javascript.jscomp.DeadAssignmentsEliminationTest#testAssignmentInArgs,733.000000
6907,com.google.javascript.jscomp.LooseTypeCheckTest#testPropertyUsedBeforeDefinition2,1139.000000
6908,com.google.javascript.jscomp.DeadAssignmentsEliminationTest#testUsedAsConditions,747.000000
6909,com.google.javascript.jscomp.LooseTypeCheckTest#testTypeCheck16a,1068.000000
6910,com.google.javascript.jscomp.DeadAssignmentsEliminationTest#testDeadButAlivePartiallyWithinTheExpression,740.000000
6911,com.google.javascript.jscomp.LooseTypeCheckTest#testTypeCheck16b,1068.000000
6912,com.google.javascript.jscomp.DeadAssignmentsEliminationTest#testAssignAndReadInCondition,747.000000
6913,com.google.javascript.jscomp.LooseTypeCheckTest#testStubFunctionDeclaration10,1067.000000
6914,com.google.javascript.jscomp.DeadAssignmentsEliminationTest#testDeadIncrement,731.000000
6915,com.google.javascript.jscomp.LooseTypeCheckTest#testPrototypePropertyTypes,1068.000000
6916,com.google.javascript.jscomp.DeadAssignmentsEliminationTest#testForIn,762.000000
6917,com.google.javascript.jscomp.LooseTypeCheckTest#testBooleanUnboxing,1077.000000
6918,com.google.javascript.jscomp.DeadAssignmentsEliminationTest#testLoops,771.000000
6919,com.google.javascript.jscomp.LooseTypeCheckTest#testAnnotatedPropertyOnInterface1,1064.000000
6920,com.google.javascript.jscomp.DeadAssignmentsEliminationTest#testSelfReAssignment,709.000000
6921,com.google.javascript.jscomp.LooseTypeCheckTest#testAnnotatedPropertyOnInterface2,1064.000000
6922,com.google.javascript.jscomp.DeadAssignmentsEliminationTest#testBug8730257,764.000000
6923,com.google.javascript.jscomp.LooseTypeCheckTest#testAnnotatedPropertyOnInterface3,1055.000000
6924,com.google.javascript.jscomp.DeadAssignmentsEliminationTest#testAssignmentOpUsedAsLhs,728.000000
6925,com.google.javascript.jscomp.LooseTypeCheckTest#testAnnotatedPropertyOnInterface4,1162.000000
6926,com.google.javascript.jscomp.DeadAssignmentsEliminationTest#testAssignmentOp,728.000000
6927,com.google.javascript.jscomp.LooseTypeCheckTest#testSuperClassDefinedAfterSubClass1,1098.000000
6928,com.google.javascript.jscomp.DeadAssignmentsEliminationTest#testIncrementalReassignmentInForLoops,748.000000
6929,com.google.javascript.jscomp.LooseTypeCheckTest#testSuperClassDefinedAfterSubClass2,1098.000000
6930,com.google.javascript.jscomp.DeadAssignmentsEliminationTest#testSelfIncrement,728.000000
6931,com.google.javascript.jscomp.LooseTypeCheckTest#testBooleanAutoboxing,1062.000000
6932,com.google.javascript.jscomp.DeadAssignmentsEliminationTest#testParameters,735.000000
6933,com.google.javascript.jscomp.LooseTypeCheckTest#testTypeCheckCustomExterns,1101.000000
6934,com.google.javascript.jscomp.DeadAssignmentsEliminationTest#testAssignmentInReturn,718.000000
6935,com.google.javascript.jscomp.LooseTypeCheckTest#testBadImplementsNonObjectType,1065.000000
6936,com.google.javascript.jscomp.DeadAssignmentsEliminationTest#testInExpression1,739.000000
6937,com.google.javascript.jscomp.LooseTypeCheckTest#testStringAutoboxing,1065.000000
6938,com.google.javascript.jscomp.DeadAssignmentsEliminationTest#testInExpression2,750.000000
6939,com.google.javascript.jscomp.LooseTypeCheckTest#testDirectPrototypeAssignment1,1110.000000
6940,com.google.javascript.jscomp.DeadAssignmentsEliminationTest#testAssignmentSamples,743.000000
6941,com.google.javascript.jscomp.LooseTypeCheckTest#testDirectPrototypeAssignment2,1098.000000
6942,com.google.javascript.jscomp.DeadAssignmentsEliminationTest#testDeadPartiallyWithinTheExpression,732.000000
6943,com.google.javascript.jscomp.LooseTypeCheckTest#testDefinePropertyOnNullableObject1,1107.000000
6944,com.google.javascript.jscomp.DeadAssignmentsEliminationTest#testIncDecInSubExpressions,741.000000
6945,com.google.javascript.jscomp.LooseTypeCheckTest#testDefinePropertyOnNullableObject2,1141.000000
6946,com.google.javascript.jscomp.DeadAssignmentsEliminationTest#testInnerFunctions,725.000000
6947,com.google.javascript.jscomp.LooseTypeCheckTest#testFunctionCall1,1089.000000
6948,com.google.javascript.jscomp.DeadAssignmentsEliminationTest#testMultiPaths,771.000000
6949,com.google.javascript.jscomp.LooseTypeCheckTest#testFunctionCall2,1110.000000
6950,com.google.javascript.jscomp.DeadAssignmentsEliminationTest#testMutipleDeadAssignmentsButAlivePartiallyWithinTheExpression,740.000000
6951,com.google.javascript.jscomp.LooseTypeCheckTest#testFunctionCall3,1096.000000
6952,com.google.javascript.jscomp.DeadAssignmentsEliminationTest#testInnerFunctions2,633.000000
6953,com.google.javascript.jscomp.LooseTypeCheckTest#testFunctionCall4,1120.000000
6954,com.google.javascript.jscomp.DeadAssignmentsEliminationTest#testUsedAsConditionsInSwitchStatements,749.000000
6955,com.google.javascript.jscomp.LooseTypeCheckTest#testFunctionCall5,1109.000000
6956,com.google.javascript.jscomp.DeadAssignmentsEliminationTest#testIssue297a,755.000000
6957,com.google.javascript.jscomp.LooseTypeCheckTest#testFunctionCall6,1106.000000
6958,com.google.javascript.jscomp.DeadAssignmentsEliminationTest#testIssue297b,754.000000
6959,com.google.javascript.jscomp.LooseTypeCheckTest#testFunctionCall7,1105.000000
6960,com.google.javascript.jscomp.DeadAssignmentsEliminationTest#testIssue297c,741.000000
6961,com.google.javascript.jscomp.LooseTypeCheckTest#testFunctionCall8,1102.000000
6962,com.google.javascript.jscomp.DeadAssignmentsEliminationTest#testIssue297d,738.000000
6963,com.google.javascript.jscomp.LooseTypeCheckTest#testBadExtends1,1097.000000
6964,com.google.javascript.jscomp.DeadAssignmentsEliminationTest#testIssue297e,738.000000
6965,com.google.javascript.jscomp.LooseTypeCheckTest#testBadExtends2,1132.000000
6966,com.google.javascript.jscomp.DeadAssignmentsEliminationTest#testIssue297f,742.000000
6967,com.google.javascript.jscomp.LooseTypeCheckTest#testBadExtends3,1060.000000
6968,com.google.javascript.jscomp.DeadAssignmentsEliminationTest#testIssue297g,735.000000
6969,com.google.javascript.jscomp.LooseTypeCheckTest#testTypeCheckBasicDowncast,1055.000000
6970,com.google.javascript.jscomp.DeadAssignmentsEliminationTest#testIssue297h,723.000000
6971,com.google.javascript.jscomp.LooseTypeCheckTest#testParameterizedObject1,1110.000000
6972,com.google.javascript.jscomp.DeadAssignmentsEliminationTest#testIssue384a,743.000000
6973,com.google.javascript.jscomp.LooseTypeCheckTest#testParameterizedObject2,1108.000000
6974,com.google.javascript.jscomp.DeadAssignmentsEliminationTest#testIssue384c,736.000000
6975,com.google.javascript.jscomp.LooseTypeCheckTest#testParameterizedObject3,1108.000000
6976,com.google.javascript.jscomp.DeadAssignmentsEliminationTest#testIssue384d,732.000000
6977,com.google.javascript.jscomp.LooseTypeCheckTest#testParameterizedObject4,1144.000000
6978,com.google.javascript.jscomp.DeadAssignmentsEliminationTest#testErrorHandling,764.000000
6979,com.google.javascript.jscomp.LooseTypeCheckTest#testDontAddMethodsIfNoConstructor,1075.000000
6980,com.google.javascript.jscomp.DeadAssignmentsEliminationTest#testAssignmentChain,737.000000
6981,com.google.javascript.jscomp.LooseTypeCheckTest#testConstructorAlias10,1095.000000
6982,com.google.javascript.jscomp.DeadAssignmentsEliminationTest#testAssignmentOpChain,740.000000
6983,com.google.javascript.jscomp.LooseTypeCheckTest#testOptionalArgFunctionParam,1079.000000
6984,com.google.javascript.jscomp.DeadAssignmentsEliminationTest#testGlobal,585.000000
6985,com.google.javascript.jscomp.LooseTypeCheckTest#testStubFunctionDeclaration1,1086.000000
6986,com.google.javascript.jscomp.DeadAssignmentsEliminationTest#testIdentityAssignments,709.000000
6987,com.google.javascript.jscomp.LooseTypeCheckTest#testStubFunctionDeclaration2,975.000000
6988,com.google.javascript.jscomp.DeadAssignmentsEliminationTest#testSimple,737.000000
6989,com.google.javascript.jscomp.LooseTypeCheckTest#testStubFunctionDeclaration3,1072.000000
6990,com.google.javascript.jscomp.DeadAssignmentsEliminationTest#testAssignToExtern,705.000000
6991,com.google.javascript.jscomp.LooseTypeCheckTest#testStubFunctionDeclaration4,1091.000000
6992,com.google.javascript.jscomp.DeadAssignmentsEliminationTest#testNestedReassignments,737.000000
6993,com.google.javascript.jscomp.LooseTypeCheckTest#testStubFunctionDeclaration5,1095.000000
6994,com.google.javascript.jscomp.RenameLocalVarsTest#testRenameLocalsClashingWithGlobals,626.000000
6995,com.google.javascript.jscomp.LooseTypeCheckTest#testStubFunctionDeclaration6,1082.000000
6996,com.google.javascript.jscomp.RenameLocalVarsTest#testRenameWithPrefix1,627.000000
6997,com.google.javascript.jscomp.LooseTypeCheckTest#testStubFunctionDeclaration7,1083.000000
6998,com.google.javascript.jscomp.RenameLocalVarsTest#testRenameWithPrefix2,641.000000
6999,com.google.javascript.jscomp.LooseTypeCheckTest#testStubFunctionDeclaration8,1065.000000
7000,com.google.javascript.jscomp.RenameLocalVarsTest#testRenameWithPrefix3,642.000000
7001,com.google.javascript.jscomp.LooseTypeCheckTest#testStubFunctionDeclaration9,1064.000000
7002,com.google.javascript.jscomp.RenameLocalVarsTest#testRenameGlobals,605.000000
7003,com.google.javascript.jscomp.LooseTypeCheckTest#testWarnDataPropertyOnInterface3,1083.000000
7004,com.google.javascript.jscomp.RenameLocalVarsTest#testDoNotRenameExportedName,568.000000
7005,com.google.javascript.jscomp.LooseTypeCheckTest#testWarnDataPropertyOnInterface4,1074.000000
7006,com.google.javascript.jscomp.RenameLocalVarsTest#testRenameWithNameOverlap,638.000000
7007,com.google.javascript.jscomp.LooseTypeCheckTest#testValueTypeBuiltInPrototypePropertyType,1085.000000
7008,com.google.javascript.jscomp.RenameLocalVarsTest#testRenameLocals,617.000000
7009,com.google.javascript.jscomp.LooseTypeCheckTest#testInterfaceInheritanceCheck11,1075.000000
7010,com.google.javascript.jscomp.RenameLocalVarsTest#testRenameNested,617.000000
7011,com.google.javascript.jscomp.LooseTypeCheckTest#testQualifiedNameReduction1,1097.000000
7012,com.google.javascript.jscomp.RenameLocalVarsTest#testRenameSimple,626.000000
7013,com.google.javascript.jscomp.LooseTypeCheckTest#testQualifiedNameReduction2,1090.000000
7014,com.google.javascript.jscomp.RenameLocalVarsTest#testRenameWithExterns1,638.000000
7015,com.google.javascript.jscomp.LooseTypeCheckTest#testQualifiedNameReduction3,1114.000000
7016,com.google.javascript.jscomp.RenameLocalVarsTest#testRenameWithExterns2,638.000000
7017,com.google.javascript.jscomp.LooseTypeCheckTest#testEnumStaticMethod1,1143.000000
7018,com.google.javascript.jscomp.ProcessCommonJSModulesTest#testModuleName,629.000000
7019,com.google.javascript.jscomp.LooseTypeCheckTest#testEnumStaticMethod2,1152.000000
7020,com.google.javascript.jscomp.ProcessCommonJSModulesTest#testDash,647.000000
7021,com.google.javascript.jscomp.LooseTypeCheckTest#testMissingProperty1,1075.000000
7022,com.google.javascript.jscomp.ProcessCommonJSModulesTest#testVarRenaming,661.000000
7023,com.google.javascript.jscomp.LooseTypeCheckTest#testMissingProperty2,1092.000000
7024,com.google.javascript.jscomp.ProcessCommonJSModulesTest#testWithoutExports,650.000000
7025,com.google.javascript.jscomp.LooseTypeCheckTest#testMissingProperty3,1083.000000
7026,com.google.javascript.jscomp.PeepholeReplaceKnownMethodsTest#testStringJoinAdd_b1992789,634.000000
7027,com.google.javascript.jscomp.LooseTypeCheckTest#testMissingProperty4,1100.000000
7028,com.google.javascript.jscomp.PeepholeReplaceKnownMethodsTest#testStringJoinAddSparse,628.000000
7029,com.google.javascript.jscomp.LooseTypeCheckTest#testMissingProperty5,1100.000000
7030,com.google.javascript.jscomp.PeepholeReplaceKnownMethodsTest#testStringJoinAdd,643.000000
7031,com.google.javascript.jscomp.LooseTypeCheckTest#testMissingProperty6,1087.000000
7032,com.google.javascript.jscomp.PeepholeReplaceKnownMethodsTest#testNoStringJoin,609.000000
7033,com.google.javascript.jscomp.LooseTypeCheckTest#testMissingProperty7,1092.000000
7034,com.google.javascript.jscomp.RenameLabelsTest#testRenameInFunction,613.000000
7035,com.google.javascript.jscomp.LooseTypeCheckTest#testMissingProperty8,1073.000000
7036,com.google.javascript.jscomp.RenameLabelsTest#testRenameReused,573.000000
7037,com.google.javascript.jscomp.LooseTypeCheckTest#testMissingProperty9,1099.000000
7038,com.google.javascript.jscomp.StrictModeCheckTest#testIllegalName10,606.000000
7039,com.google.javascript.jscomp.LooseTypeCheckTest#testErrorMismatchingPropertyOnInterface4,1081.000000
7040,com.google.javascript.jscomp.StrictModeCheckTest#testUnknownVariable,629.000000
7041,com.google.javascript.jscomp.LooseTypeCheckTest#testErrorMismatchingPropertyOnInterface5,1083.000000
7042,com.google.javascript.jscomp.StrictModeCheckTest#testArguments,588.000000
7043,com.google.javascript.jscomp.LooseTypeCheckTest#testErrorMismatchingPropertyOnInterface6,986.000000
7044,com.google.javascript.jscomp.StrictModeCheckTest#testEval2,588.000000
7045,com.google.javascript.jscomp.LooseTypeCheckTest#testImplicitCast,962.000000
7046,com.google.javascript.jscomp.StrictModeCheckTest#testEval3,626.000000
7047,com.google.javascript.jscomp.LooseTypeCheckTest#testTypeDef1,1129.000000
7048,com.google.javascript.jscomp.StrictModeCheckTest#testEval4,607.000000
7049,com.google.javascript.jscomp.LooseTypeCheckTest#testTypeDef2,1150.000000
7050,com.google.javascript.jscomp.StrictModeCheckTest#testEval5,586.000000
7051,com.google.javascript.jscomp.LooseTypeCheckTest#testTypeDef3,1147.000000
7052,com.google.javascript.jscomp.StrictModeCheckTest#testEval6,588.000000
7053,com.google.javascript.jscomp.LooseTypeCheckTest#testDeclareBuiltInConstructor,1119.000000
7054,com.google.javascript.jscomp.StrictModeCheckTest#testEval7,600.000000
7055,com.google.javascript.jscomp.LooseTypeCheckTest#testImplicitCastNotInExterns,975.000000
7056,com.google.javascript.jscomp.StrictModeCheckTest#testEval,567.000000
7057,com.google.javascript.jscomp.LooseTypeCheckTest#testDuplicateTypeDef,1089.000000
7058,com.google.javascript.jscomp.StrictModeCheckTest#testDeleteArgument,622.000000
7059,com.google.javascript.jscomp.LooseTypeCheckTest#testBadInterfaceExtends1,1102.000000
7060,com.google.javascript.jscomp.StrictModeCheckTest#testFunctionDecl2,529.000000
7061,com.google.javascript.jscomp.LooseTypeCheckTest#testBadInterfaceExtends2,1075.000000
7062,com.google.javascript.jscomp.StrictModeCheckTest#testEvalAssignment2,564.000000
7063,com.google.javascript.jscomp.LooseTypeCheckTest#testBadInterfaceExtends3,1075.000000
7064,com.google.javascript.jscomp.StrictModeCheckTest#testDeleteProperty,611.000000
7065,com.google.javascript.jscomp.LooseTypeCheckTest#testBadInterfaceExtends4,1055.000000
7066,com.google.javascript.jscomp.StrictModeCheckTest#testDeleteVar,612.000000
7067,com.google.javascript.jscomp.LooseTypeCheckTest#testBadInterfaceExtends5,1054.000000
7068,com.google.javascript.jscomp.StrictModeCheckTest#testArguments2,607.000000
7069,com.google.javascript.jscomp.LooseTypeCheckTest#testNumberAutoboxing,1065.000000
7070,com.google.javascript.jscomp.StrictModeCheckTest#testArguments3,586.000000
7071,com.google.javascript.jscomp.LooseTypeCheckTest#testTypeCheckNoDowncastToNumber,1075.000000
7072,com.google.javascript.jscomp.StrictModeCheckTest#testArguments4,588.000000
7073,com.google.javascript.jscomp.LooseTypeCheckTest#testBug592170,1113.000000
7074,com.google.javascript.jscomp.StrictModeCheckTest#testArguments5,600.000000
7075,com.google.javascript.jscomp.LooseTypeCheckTest#testObjectLiteralDeclaration1,1080.000000
7076,com.google.javascript.jscomp.StrictModeCheckTest#testFunctionDecl,641.000000
7077,com.google.javascript.jscomp.LooseTypeCheckTest#testTypeInferenceWithCast1,1118.000000
7078,com.google.javascript.jscomp.StrictModeCheckTest#testEvalAssignment,632.000000
7079,com.google.javascript.jscomp.LooseTypeCheckTest#testTypeInferenceWithCast2,1118.000000
7080,com.google.javascript.jscomp.StrictModeCheckTest#testUnknownVariable2,645.000000
7081,com.google.javascript.jscomp.LooseTypeCheckTest#testTypeInferenceWithCast3,1109.000000
7082,com.google.javascript.jscomp.StrictModeCheckTest#testUnknownVariable3,623.000000
7083,com.google.javascript.jscomp.LooseTypeCheckTest#testTypeInferenceWithCast4,1133.000000
7084,com.google.javascript.jscomp.StrictModeCheckTest#testIllegalName2,528.000000
7085,com.google.javascript.jscomp.LooseTypeCheckTest#testTypeInferenceWithCast5,1132.000000
7086,com.google.javascript.jscomp.StrictModeCheckTest#testIllegalName3,528.000000
7087,com.google.javascript.jscomp.LooseTypeCheckTest#testGoodExtends10,1079.000000
7088,com.google.javascript.jscomp.StrictModeCheckTest#testIllegalName4,535.000000
7089,com.google.javascript.jscomp.LooseTypeCheckTest#testGoodExtends11,1124.000000
7090,com.google.javascript.jscomp.StrictModeCheckTest#testIllegalName5,547.000000
7091,com.google.javascript.jscomp.LooseTypeCheckTest#testInterfaceExtends,1067.000000
7092,com.google.javascript.jscomp.StrictModeCheckTest#testIllegalName6,560.000000
7093,com.google.javascript.jscomp.LooseTypeCheckTest#testScoping1,1096.000000
7094,com.google.javascript.jscomp.StrictModeCheckTest#testIllegalName7,580.000000
7095,com.google.javascript.jscomp.LooseTypeCheckTest#testScoping2,1044.000000
7096,com.google.javascript.jscomp.StrictModeCheckTest#testIllegalName8,557.000000
7097,com.google.javascript.jscomp.LooseTypeCheckTest#testScoping3,1058.000000
7098,com.google.javascript.jscomp.StrictModeCheckTest#testIllegalName9,548.000000
7099,com.google.javascript.jscomp.LooseTypeCheckTest#testScoping4,1072.000000
7100,com.google.javascript.jscomp.StrictModeCheckTest#testAssignToArguments,632.000000
7101,com.google.javascript.jscomp.LooseTypeCheckTest#testScoping5,1077.000000
7102,com.google.javascript.jscomp.StrictModeCheckTest#testIllegalName,535.000000
7103,com.google.javascript.jscomp.LooseTypeCheckTest#testScoping6,1077.000000
7104,com.google.javascript.jscomp.AliasKeywordsTest#testAliasThrowKeywordLiteral,736.000000
7105,com.google.javascript.jscomp.LooseTypeCheckTest#testScoping7,1077.000000
7106,com.google.javascript.jscomp.AliasKeywordsTest#testExistingAliasDefinitionFails,638.000000
7107,com.google.javascript.jscomp.LooseTypeCheckTest#testScoping8,1077.000000
7108,com.google.javascript.jscomp.CollapseAnonymousFunctionsTest#testVarNotImmediatelyBelowScriptOrBlock1,666.000000
7109,com.google.javascript.jscomp.LooseTypeCheckTest#testScoping9,1077.000000
7110,com.google.javascript.jscomp.CollapseAnonymousFunctionsTest#testVarNotImmediatelyBelowScriptOrBlock2,709.000000
7111,com.google.javascript.jscomp.LooseTypeCheckTest#testSuperclassMatchWithMixin,1103.000000
7112,com.google.javascript.jscomp.CollapseAnonymousFunctionsTest#testVarNotImmediatelyBelowScriptOrBlock3,689.000000
7113,com.google.javascript.jscomp.LooseTypeCheckTest#testBug901455,1112.000000
7114,com.google.javascript.jscomp.CollapseAnonymousFunctionsTest#testConstantFunction1,672.000000
7115,com.google.javascript.jscomp.LooseTypeCheckTest#testBug908625,1067.000000
7116,com.google.javascript.jscomp.CollapseAnonymousFunctionsTest#testGlobalScope,656.000000
7117,com.google.javascript.jscomp.LooseTypeCheckTest#testBug908701,1117.000000
7118,com.google.javascript.jscomp.CollapseAnonymousFunctionsTest#testAlert,689.000000
7119,com.google.javascript.jscomp.LooseTypeCheckTest#testBug909000,1073.000000
7120,com.google.javascript.jscomp.CollapseAnonymousFunctionsTest#testRecursiveInternal2,679.000000
7121,com.google.javascript.jscomp.LooseTypeCheckTest#testBug911118,1099.000000
7122,com.google.javascript.jscomp.CollapseAnonymousFunctionsTest#testBothScopes,658.000000
7123,com.google.javascript.jscomp.LooseTypeCheckTest#testBug930117,1098.000000
7124,com.google.javascript.jscomp.CollapseAnonymousFunctionsTest#testMultipleVar,665.000000
7125,com.google.javascript.jscomp.LooseTypeCheckTest#testScopedConstructors,1154.000000
7126,com.google.javascript.jscomp.CollapseAnonymousFunctionsTest#testInnerFunction1,695.000000
7127,com.google.javascript.jscomp.LooseTypeCheckTest#testValueOfComparison1,1069.000000
7128,com.google.javascript.jscomp.CollapseAnonymousFunctionsTest#testLocalScope1,673.000000
7129,com.google.javascript.jscomp.LooseTypeCheckTest#testValueOfComparison2,1070.000000
7130,com.google.javascript.jscomp.CollapseAnonymousFunctionsTest#testLocalScope2,662.000000
7131,com.google.javascript.jscomp.LooseTypeCheckTest#testValueOfComparison3,1074.000000
7132,com.google.javascript.jscomp.CollapseAnonymousFunctionsTest#testLocalScopeOnly1,678.000000
7133,com.google.javascript.jscomp.LooseTypeCheckTest#testControlFlowRestrictsType2,1155.000000
7134,com.google.javascript.jscomp.CollapseAnonymousFunctionsTest#testLocalScopeOnly2,678.000000
7135,com.google.javascript.jscomp.LooseTypeCheckTest#testControlFlowRestrictsType3,1085.000000
7136,com.google.javascript.jscomp.CollapseAnonymousFunctionsTest#testMultipleVar2,665.000000
7137,com.google.javascript.jscomp.LooseTypeCheckTest#testControlFlowRestrictsType4,1123.000000
7138,com.google.javascript.jscomp.CollapseAnonymousFunctionsTest#testReturn,698.000000
7139,com.google.javascript.jscomp.LooseTypeCheckTest#testControlFlowRestrictsType5,1125.000000
7140,com.google.javascript.jscomp.CollapseAnonymousFunctionsTest#testRecursiveExternal1,680.000000
7141,com.google.javascript.jscomp.LooseTypeCheckTest#testControlFlowRestrictsType6,1147.000000
7142,com.google.javascript.jscomp.CollapseAnonymousFunctionsTest#testRecursiveExternal2,680.000000
7143,com.google.javascript.jscomp.LooseTypeCheckTest#testControlFlowRestrictsType7,1147.000000
7144,com.google.javascript.jscomp.ExportTestFunctionsTest#testFunctionsAreExported,603.000000
7145,com.google.javascript.jscomp.LooseTypeCheckTest#testControlFlowRestrictsType8,1138.000000
7146,com.google.javascript.jscomp.ExportTestFunctionsTest#testFunctionExpressionsAreExported,615.000000
7147,com.google.javascript.jscomp.LooseTypeCheckTest#testControlFlowRestrictsType9,1129.000000
7148,com.google.javascript.jscomp.GroupVariableDeclarationsTest#testGroupingVarsFirstStatementNotVar,582.000000
7149,com.google.javascript.jscomp.LooseTypeCheckTest#testGatherProperyWithoutAnnotation1,1047.000000
7150,com.google.javascript.jscomp.GroupVariableDeclarationsTest#testGroupingVarsInnerFunction,617.000000
7151,com.google.javascript.jscomp.LooseTypeCheckTest#testGatherProperyWithoutAnnotation2,1042.000000
7152,com.google.javascript.jscomp.GroupVariableDeclarationsTest#testGroupingVarsInForAndForInLoops,647.000000
7153,com.google.javascript.jscomp.LooseTypeCheckTest#testResolutionViaRegistry1,1106.000000
7154,com.google.javascript.jscomp.GroupVariableDeclarationsTest#testGroupingUninitializedVarsInScope,628.000000
7155,com.google.javascript.jscomp.LooseTypeCheckTest#testResolutionViaRegistry2,1112.000000
7156,com.google.javascript.jscomp.GroupVariableDeclarationsTest#testGroupingInitializedVarsInScope,628.000000
7157,com.google.javascript.jscomp.LooseTypeCheckTest#testResolutionViaRegistry3,1112.000000
7158,com.google.javascript.jscomp.GroupVariableDeclarationsTest#testGroupingVarsNestedFunction,602.000000
7159,com.google.javascript.jscomp.LooseTypeCheckTest#testResolutionViaRegistry4,1111.000000
7160,com.google.javascript.jscomp.VariableVisibilityAnalysisTest#testCapturedVariables,643.000000
7161,com.google.javascript.jscomp.LooseTypeCheckTest#testResolutionViaRegistry5,1048.000000
7162,com.google.javascript.jscomp.VariableVisibilityAnalysisTest#testGlobals,601.000000
7163,com.google.javascript.jscomp.LooseTypeCheckTest#testFunctionInference10,1070.000000
7164,com.google.javascript.jscomp.VariableVisibilityAnalysisTest#testParameters,610.000000
7165,com.google.javascript.jscomp.LooseTypeCheckTest#testFunctionInference11,1083.000000
7166,com.google.javascript.jscomp.VariableVisibilityAnalysisTest#testFunctions,633.000000
7167,com.google.javascript.jscomp.LooseTypeCheckTest#testFunctionInference12,1084.000000
7168,com.google.javascript.jscomp.ScopedAliasesTest#testPropertiesNotChanged,634.000000
7169,com.google.javascript.jscomp.LooseTypeCheckTest#testFunctionInference13,1115.000000
7170,com.google.javascript.jscomp.ScopedAliasesTest#testObjectJsDoc,741.000000
7171,com.google.javascript.jscomp.LooseTypeCheckTest#testFunctionInference14,1140.000000
7172,com.google.javascript.jscomp.ScopedAliasesTest#testArrayJsDoc,737.000000
7173,com.google.javascript.jscomp.LooseTypeCheckTest#testFunctionInference15,1067.000000
7174,com.google.javascript.jscomp.ScopedAliasesTest#testNoGoogScope,577.000000
7175,com.google.javascript.jscomp.LooseTypeCheckTest#testFunctionInference16,1082.000000
7176,com.google.javascript.jscomp.ScopedAliasesTest#testTwoLevel,639.000000
7177,com.google.javascript.jscomp.LooseTypeCheckTest#testFunctionInference17,1093.000000
7178,com.google.javascript.jscomp.ScopedAliasesTest#testJsDocSubType,735.000000
7179,com.google.javascript.jscomp.LooseTypeCheckTest#testFunctionInference18,1091.000000
7180,com.google.javascript.jscomp.ScopedAliasesTest#testWorksInClosures,654.000000
7181,com.google.javascript.jscomp.LooseTypeCheckTest#testFunctionInference19,1068.000000
7182,com.google.javascript.jscomp.ScopedAliasesTest#testOneLevel,639.000000
7183,com.google.javascript.jscomp.LooseTypeCheckTest#testFunctionInference20,1069.000000
7184,com.google.javascript.jscomp.ScopedAliasesTest#testJsDocReturn,725.000000
7185,com.google.javascript.jscomp.LooseTypeCheckTest#testInterfaceInstantiation,1071.000000
7186,com.google.javascript.jscomp.ScopedAliasesTest#testNullType,702.000000
7187,com.google.javascript.jscomp.LooseTypeCheckTest#testNumericComparison1,1058.000000
7188,com.google.javascript.jscomp.ScopedAliasesTest#testJsDocExtends,723.000000
7189,com.google.javascript.jscomp.LooseTypeCheckTest#testNumericComparison2,1087.000000
7190,com.google.javascript.jscomp.ScopedAliasesTest#testTwoSymbolsInTwoScopes,671.000000
7191,com.google.javascript.jscomp.LooseTypeCheckTest#testNumericComparison3,1058.000000
7192,com.google.javascript.jscomp.ScopedAliasesTest#testScopedThis,603.000000
7193,com.google.javascript.jscomp.LooseTypeCheckTest#testNumericComparison4,1063.000000
7194,com.google.javascript.jscomp.ScopedAliasesTest#testTransitiveInSameVar,639.000000
7195,com.google.javascript.jscomp.LooseTypeCheckTest#testNumericComparison5,1082.000000
7196,com.google.javascript.jscomp.ScopedAliasesTest#testUsingObjectLiteralToEscapeScoping,684.000000
7197,com.google.javascript.jscomp.LooseTypeCheckTest#testNumericComparison6,1135.000000
7198,com.google.javascript.jscomp.ScopedAliasesTest#testUsedImproperly,573.000000
7199,com.google.javascript.jscomp.LooseTypeCheckTest#testBooleanPreservation1,1122.000000
7200,com.google.javascript.jscomp.ScopedAliasesTest#testRecordMultipleAliases,643.000000
7201,com.google.javascript.jscomp.LooseTypeCheckTest#testBooleanPreservation2,1114.000000
7202,com.google.javascript.jscomp.ScopedAliasesTest#testJsDocTypedef,734.000000
7203,com.google.javascript.jscomp.LooseTypeCheckTest#testBooleanPreservation3,1135.000000
7204,com.google.javascript.jscomp.ScopedAliasesTest#testFunctionJsDoc,739.000000
7205,com.google.javascript.jscomp.LooseTypeCheckTest#testBooleanPreservation4,1141.000000
7206,com.google.javascript.jscomp.ScopedAliasesTest#testAliasOfSymbolInGoogScope,662.000000
7207,com.google.javascript.jscomp.LooseTypeCheckTest#testInnerFunction1,1093.000000
7208,com.google.javascript.jscomp.ScopedAliasesTest#testScopedFunctionReturnThis,660.000000
7209,com.google.javascript.jscomp.LooseTypeCheckTest#testInnerFunction2,1133.000000
7210,com.google.javascript.jscomp.ScopedAliasesTest#testShadowedScopedVarTwoScopes,694.000000
7211,com.google.javascript.jscomp.LooseTypeCheckTest#testInnerFunction3,1097.000000
7212,com.google.javascript.jscomp.ScopedAliasesTest#testJsDocEnum,732.000000
7213,com.google.javascript.jscomp.LooseTypeCheckTest#testInnerFunction4,1101.000000
7214,com.google.javascript.jscomp.ScopedAliasesTest#testJsDocType,735.000000
7215,com.google.javascript.jscomp.LooseTypeCheckTest#testInnerFunction5,1094.000000
7216,com.google.javascript.jscomp.ScopedAliasesTest#testMultipleTransitive,639.000000
7217,com.google.javascript.jscomp.LooseTypeCheckTest#testInnerFunction9,1119.000000
7218,com.google.javascript.jscomp.ScopedAliasesTest#testRecordOneAlias,640.000000
7219,com.google.javascript.jscomp.LooseTypeCheckTest#testNoTypeCheck1,1050.000000
7220,com.google.javascript.jscomp.ScopedAliasesTest#testTwoScopes,642.000000
7221,com.google.javascript.jscomp.LooseTypeCheckTest#testNoTypeCheck2,1052.000000
7222,com.google.javascript.jscomp.ScopedAliasesTest#testForwardJsDoc,765.000000
7223,com.google.javascript.jscomp.LooseTypeCheckTest#testNoTypeCheck3,1052.000000
7224,com.google.javascript.jscomp.ScopedAliasesTest#testFourLevel,639.000000
7225,com.google.javascript.jscomp.LooseTypeCheckTest#testNoTypeCheck4,1066.000000
7226,com.google.javascript.jscomp.ScopedAliasesTest#testNonAliasLocal,607.000000
7227,com.google.javascript.jscomp.LooseTypeCheckTest#testNoTypeCheck5,1066.000000
7228,com.google.javascript.jscomp.ScopedAliasesTest#testScopedReturn,590.000000
7229,com.google.javascript.jscomp.LooseTypeCheckTest#testNoTypeCheck6,1066.000000
7230,com.google.javascript.jscomp.ScopedAliasesTest#testIssue772,727.000000
7231,com.google.javascript.jscomp.LooseTypeCheckTest#testNoTypeCheck7,1066.000000
7232,com.google.javascript.jscomp.ScopedAliasesTest#testScopedFunctionThrows,667.000000
7233,com.google.javascript.jscomp.LooseTypeCheckTest#testNoTypeCheck8,1112.000000
7234,com.google.javascript.jscomp.ScopedAliasesTest#testJsDocParameter,722.000000
7235,com.google.javascript.jscomp.LooseTypeCheckTest#testOptionalArgFunctionReturn2,1103.000000
7236,com.google.javascript.jscomp.ScopedAliasesTest#testScopedFunctionAssignsToVar,671.000000
7237,com.google.javascript.jscomp.LooseTypeCheckTest#testInheritanceCheck12,1089.000000
7238,com.google.javascript.jscomp.ScopedAliasesTest#testBadParameters,589.000000
7239,com.google.javascript.jscomp.LooseTypeCheckTest#testInheritanceCheck13,1122.000000
7240,com.google.javascript.jscomp.ScopedAliasesTest#testOverridden,659.000000
7241,com.google.javascript.jscomp.LooseTypeCheckTest#testInheritanceCheck9_1,1071.000000
7242,com.google.javascript.jscomp.ScopedAliasesTest#testTransitive,639.000000
7243,com.google.javascript.jscomp.LooseTypeCheckTest#testInheritanceCheck9_2,1070.000000
7244,com.google.javascript.jscomp.ScopedAliasesTest#testAliasNonRedefinition,641.000000
7245,com.google.javascript.jscomp.LooseTypeCheckTest#testInheritanceCheck9_3,1094.000000
7246,com.google.javascript.jscomp.ScopedAliasesTest#testUnionJsDoc,739.000000
7247,com.google.javascript.jscomp.LooseTypeCheckTest#testFunctionAssignement,1055.000000
7248,com.google.javascript.jscomp.ScopedAliasesTest#testShadowedVar,671.000000
7249,com.google.javascript.jscomp.LooseTypeCheckTest#testReturn1,1076.000000
7250,com.google.javascript.jscomp.ScopedAliasesTest#testScopedThrow,577.000000
7251,com.google.javascript.jscomp.LooseTypeCheckTest#testReturn2,1066.000000
7252,com.google.javascript.jscomp.CallGraphTest#testFunctionGetCallsitesPossiblyTargetingFunction,676.000000
7253,com.google.javascript.jscomp.LooseTypeCheckTest#testReturn3,1074.000000
7254,com.google.javascript.jscomp.CallGraphTest#testGetAllFunctions,678.000000
7255,com.google.javascript.jscomp.LooseTypeCheckTest#testReturn4,1085.000000
7256,com.google.javascript.jscomp.CallGraphTest#testFindCallsiteTargetGlobalName,672.000000
7257,com.google.javascript.jscomp.LooseTypeCheckTest#testReturn5,1048.000000
7258,com.google.javascript.jscomp.CallGraphTest#testFindNewInFunction,667.000000
7259,com.google.javascript.jscomp.LooseTypeCheckTest#testReturn6,1075.000000
7260,com.google.javascript.jscomp.CallGraphTest#testGetAllCallsitesContainsConstructorSite,667.000000
7261,com.google.javascript.jscomp.LooseTypeCheckTest#testReturn7,1081.000000
7262,com.google.javascript.jscomp.CallGraphTest#testGetAllCallsitesContainsGlobalSite,664.000000
7263,com.google.javascript.jscomp.LooseTypeCheckTest#testReturn8,1079.000000
7264,com.google.javascript.jscomp.CallGraphTest#testFindCallsiteTargetAliasedGlobalProperty,681.000000
7265,com.google.javascript.jscomp.LooseTypeCheckTest#testStaticMethodDeclaration1,1109.000000
7266,com.google.javascript.jscomp.CallGraphTest#testGetDirectedGraph_forwardOnForward,701.000000
7267,com.google.javascript.jscomp.LooseTypeCheckTest#testStaticMethodDeclaration2,1160.000000
7268,com.google.javascript.jscomp.CallGraphTest#testCallsiteGetContainingFunction,675.000000
7269,com.google.javascript.jscomp.LooseTypeCheckTest#testStaticMethodDeclaration3,1153.000000
7270,com.google.javascript.jscomp.CallGraphTest#testGetAllFunctionsContainsNormalFunction,630.000000
7271,com.google.javascript.jscomp.LooseTypeCheckTest#testSuperclassMatch,1102.000000
7272,com.google.javascript.jscomp.CallGraphTest#testGetAllCallsitesContainsLocalSite,665.000000
7273,com.google.javascript.jscomp.LooseTypeCheckTest#testDirectPrototypeAssign,1061.000000
7274,com.google.javascript.jscomp.CallGraphTest#testFunctionGetCallsites,678.000000
7275,com.google.javascript.jscomp.LooseTypeCheckTest#testOptionalArgFunctionParamError,1064.000000
7276,com.google.javascript.jscomp.CallGraphTest#testCallsiteHasExternTarget,692.000000
7277,com.google.javascript.jscomp.LooseTypeCheckTest#testTypeCheck10,1093.000000
7278,com.google.javascript.jscomp.CallGraphTest#testFunctionGetCallsitesInFunction_ignoreInnerFunction,678.000000
7279,com.google.javascript.jscomp.LooseTypeCheckTest#testTypeCheck11,1066.000000
7280,com.google.javascript.jscomp.CallGraphTest#testGetAllFunctionsContainsLocalFunction,633.000000
7281,com.google.javascript.jscomp.LooseTypeCheckTest#testTypeCheck12,1123.000000
7282,com.google.javascript.jscomp.CallGraphTest#testCallsiteGetKnownTargets,675.000000
7283,com.google.javascript.jscomp.LooseTypeCheckTest#testTypeCheck13,1077.000000
7284,com.google.javascript.jscomp.CallGraphTest#testGetAllFunctionsContainsNamespaceAssignedLiteralFunction,657.000000
7285,com.google.javascript.jscomp.LooseTypeCheckTest#testTypeCheck14,1038.000000
7286,com.google.javascript.jscomp.CallGraphTest#testGetAllCallsitesContainsLiteralSite,648.000000
7287,com.google.javascript.jscomp.LooseTypeCheckTest#testTypeCheck15,1078.000000
7288,com.google.javascript.jscomp.CallGraphTest#testCallsiteGetAstNode,673.000000
7289,com.google.javascript.jscomp.LooseTypeCheckTest#testTypeCheck17,1065.000000
7290,com.google.javascript.jscomp.CallGraphTest#testThrowForForwardOpOnBackwardGraph,675.000000
7291,com.google.javascript.jscomp.LooseTypeCheckTest#testTypeCheck18,1063.000000
7292,com.google.javascript.jscomp.CallGraphTest#testFunctionGetCallsitesInFunction,674.000000
7293,com.google.javascript.jscomp.LooseTypeCheckTest#testTypeCheck19,1063.000000
7294,com.google.javascript.jscomp.CallGraphTest#testFunctionIsMain,673.000000
7295,com.google.javascript.jscomp.LooseTypeCheckTest#testTypeCheck20,1063.000000
7296,com.google.javascript.jscomp.CallGraphTest#testFunctionGetCallsitesInFunction_newIsCallsite,675.000000
7297,com.google.javascript.jscomp.LooseTypeCheckTest#testTypeCheck21,1059.000000
7298,com.google.javascript.jscomp.CallGraphTest#testFunctionGetName,673.000000
7299,com.google.javascript.jscomp.LooseTypeCheckTest#testTypeCheck22,1118.000000
7300,com.google.javascript.jscomp.CallGraphTest#testGetAllFunctionsContainsVarAssignedLiteralFunction,633.000000
7301,com.google.javascript.jscomp.LooseTypeCheckTest#testTypeCheck23,1051.000000
7302,com.google.javascript.jscomp.CallGraphTest#testGetDirectedGraph_backwardOnBackward,713.000000
7303,com.google.javascript.jscomp.LooseTypeCheckTest#testTypeCheck24,1054.000000
7304,com.google.javascript.jscomp.CallGraphTest#testGetAllCallsitesContainsMultiple,671.000000
7305,com.google.javascript.jscomp.LooseTypeCheckTest#testMismatchingOverridingInferredPropertyBeforeDeclaredProperty1,1086.000000
7306,com.google.javascript.jscomp.CallGraphTest#testGetAllFunctionsContainsAnonymousFunction,650.000000
7307,com.google.javascript.jscomp.LooseTypeCheckTest#testMismatchingOverridingInferredPropertyBeforeDeclaredProperty2,1080.000000
7308,com.google.javascript.jscomp.CallGraphTest#testFunctionGetAstNode,673.000000
7309,com.google.javascript.jscomp.LooseTypeCheckTest#testMismatchingOverridingInferredPropertyBeforeDeclaredProperty3,1109.000000
7310,com.google.javascript.jscomp.CallGraphTest#testThrowForBackwardOpOnForwardGraph,673.000000
7311,com.google.javascript.jscomp.LooseTypeCheckTest#testMismatchingOverridingInferredPropertyBeforeDeclaredProperty4,1104.000000
7312,com.google.javascript.jscomp.ReplaceMessagesForChromeTest#testReplaceTwoPlaceholdersNonAlphaOrder,721.000000
7313,com.google.javascript.jscomp.LooseTypeCheckTest#testParameterizedArray1,1110.000000
7314,com.google.javascript.jscomp.ReplaceMessagesForChromeTest#testReplaceExternalMessage,684.000000
7315,com.google.javascript.jscomp.LooseTypeCheckTest#testParameterizedArray2,1113.000000
7316,com.google.javascript.jscomp.ReplaceMessagesForChromeTest#testReplaceSinglePlaceholder,720.000000
7317,com.google.javascript.jscomp.LooseTypeCheckTest#testParameterizedArray3,1088.000000
7318,com.google.javascript.jscomp.ReplaceMessagesForChromeTest#testReplacePlaceholderMissingValue,629.000000
7319,com.google.javascript.jscomp.LooseTypeCheckTest#testParameterizedArray4,1106.000000
7320,com.google.javascript.jscomp.ReplaceMessagesForChromeTest#testReplaceSimpleMessage,700.000000
7321,com.google.javascript.jscomp.LooseTypeCheckTest#testParameterizedArray5,1084.000000
7322,com.google.javascript.jscomp.CheckSuspiciousCodeTest#testComparison2,577.000000
7323,com.google.javascript.jscomp.LooseTypeCheckTest#testParameterizedArray6,1110.000000
7324,com.google.javascript.jscomp.CheckSuspiciousCodeTest#testComparison3,589.000000
7325,com.google.javascript.jscomp.LooseTypeCheckTest#testParameterizedArray7,1123.000000
7326,com.google.javascript.jscomp.CheckSuspiciousCodeTest#testComparison4,589.000000
7327,com.google.javascript.jscomp.LooseTypeCheckTest#testIssue124b,1119.000000
7328,com.google.javascript.jscomp.CollapseVariableDeclarationsTest#testAggressiveRedeclarationInFor,623.000000
7329,com.google.javascript.jscomp.LooseTypeCheckTest#testQualifiedNameInference1,1129.000000
7330,com.google.javascript.jscomp.CollapseVariableDeclarationsTest#testIssue397,610.000000
7331,com.google.javascript.jscomp.LooseTypeCheckTest#testQualifiedNameInference2,1123.000000
7332,com.google.javascript.jscomp.CollapseVariableDeclarationsTest#testIssue820,621.000000
7333,com.google.javascript.jscomp.LooseTypeCheckTest#testQualifiedNameInference3,1124.000000
7334,com.google.javascript.jscomp.CollapseVariableDeclarationsTest#testCollapsing,590.000000
7335,com.google.javascript.jscomp.LooseTypeCheckTest#testQualifiedNameInference4,1121.000000
7336,com.google.javascript.jscomp.CollapseVariableDeclarationsTest#testIfElseVarDeclarations,596.000000
7337,com.google.javascript.jscomp.LooseTypeCheckTest#testInterfaceNonEmptyFunction,1089.000000
7338,com.google.javascript.jscomp.RenamePrototypesTest#testRenamePrototypesWithGetOrSet,728.000000
7339,com.google.javascript.jscomp.LooseTypeCheckTest#testUnknownConstructorInstanceType1,1057.000000
7340,com.google.javascript.jscomp.RenamePrototypesTest#testRenamePrototypes1,726.000000
7341,com.google.javascript.jscomp.LooseTypeCheckTest#testUnknownConstructorInstanceType2,1066.000000
7342,com.google.javascript.jscomp.RenamePrototypesTest#testRenamePrototypes2,739.000000
7343,com.google.javascript.jscomp.LooseTypeCheckTest#testUnknownConstructorInstanceType3,1092.000000
7344,com.google.javascript.jscomp.RenamePrototypesTest#testBoth,707.000000
7345,com.google.javascript.jscomp.LooseTypeCheckTest#testExtendFunction1,1093.000000
7346,com.google.javascript.jscomp.RenamePrototypesTest#testStableTrickyExternedMethods,734.000000
7347,com.google.javascript.jscomp.LooseTypeCheckTest#testExtendFunction2,1095.000000
7348,com.google.javascript.jscomp.RenamePrototypesTest#testStableSimple1,711.000000
7349,com.google.javascript.jscomp.LooseTypeCheckTest#testPropertyInference1,1105.000000
7350,com.google.javascript.jscomp.RenamePrototypesTest#testStableSimple2,720.000000
7351,com.google.javascript.jscomp.LooseTypeCheckTest#testPropertyInference2,1118.000000
7352,com.google.javascript.jscomp.RenamePrototypesTest#testStableSimple3,734.000000
7353,com.google.javascript.jscomp.LooseTypeCheckTest#testPropertyInference3,1129.000000
7354,com.google.javascript.jscomp.RenamePrototypesTest#testPropertyNameThatIsBothObjLitKeyAndPrototypeProperty,725.000000
7355,com.google.javascript.jscomp.LooseTypeCheckTest#testPropertyInference4,1103.000000
7356,com.google.javascript.jscomp.RescopeGlobalSymbolsTest#testVarDeclarations,691.000000
7357,com.google.javascript.jscomp.LooseTypeCheckTest#testPropertyInference5,1100.000000
7358,com.google.javascript.jscomp.RescopeGlobalSymbolsTest#testExterns,666.000000
7359,com.google.javascript.jscomp.LooseTypeCheckTest#testPropertyInference6,1083.000000
7360,com.google.javascript.jscomp.RescopeGlobalSymbolsTest#testTryCatch,650.000000
7361,com.google.javascript.jscomp.LooseTypeCheckTest#testPropertyInference7,1107.000000
7362,com.google.javascript.jscomp.RescopeGlobalSymbolsTest#testDeeperScopes,662.000000
7363,com.google.javascript.jscomp.LooseTypeCheckTest#testPropertyInference8,1113.000000
7364,com.google.javascript.jscomp.RescopeGlobalSymbolsTest#testFunctionStatements,692.000000
7365,com.google.javascript.jscomp.LooseTypeCheckTest#testResolvingNamedTypes,1084.000000
7366,com.google.javascript.jscomp.RescopeGlobalSymbolsTest#testShadow,678.000000
7367,com.google.javascript.jscomp.LooseTypeCheckTest#testTypeOfReduction1,1134.000000
7368,com.google.javascript.jscomp.GatherRawExportsTest#testExportsFound1,621.000000
7369,com.google.javascript.jscomp.LooseTypeCheckTest#testTypeOfReduction2,1135.000000
7370,com.google.javascript.jscomp.GatherRawExportsTest#testExportsFound3,635.000000
7371,com.google.javascript.jscomp.LooseTypeCheckTest#testTypeOfReduction3,1104.000000
7372,com.google.javascript.jscomp.GatherRawExportsTest#testExportsFound4,638.000000
7373,com.google.javascript.jscomp.LooseTypeCheckTest#testTypeOfReduction4,1117.000000
7374,com.google.javascript.jscomp.GatherRawExportsTest#testExportsFound5,636.000000
7375,com.google.javascript.jscomp.LooseTypeCheckTest#testTypeOfReduction5,1164.000000
7376,com.google.javascript.jscomp.GatherRawExportsTest#testExportsFound6,673.000000
7377,com.google.javascript.jscomp.LooseTypeCheckTest#testTypeOfReduction6,1145.000000
7378,com.google.javascript.jscomp.GatherRawExportsTest#testExportsFound7,667.000000
7379,com.google.javascript.jscomp.LooseTypeCheckTest#testTypeOfReduction7,1120.000000
7380,com.google.javascript.jscomp.GatherRawExportsTest#testExportsFound8,641.000000
7381,com.google.javascript.jscomp.LooseTypeCheckTest#testPropertyTypeOfUnionType,1120.000000
7382,com.google.javascript.jscomp.GatherRawExportsTest#testExportsFound9,663.000000
7383,com.google.javascript.jscomp.LooseTypeCheckTest#testBackwardsConstructor1,1091.000000
7384,com.google.javascript.jscomp.GatherRawExportsTest#testExportOntopFound2,635.000000
7385,com.google.javascript.jscomp.LooseTypeCheckTest#testBackwardsConstructor2,1091.000000
7386,com.google.javascript.jscomp.GatherRawExportsTest#testExportOnTopFound1,641.000000
7387,com.google.javascript.jscomp.LooseTypeCheckTest#testNativeCast1,1099.000000
7388,com.google.javascript.jscomp.GatherRawExportsTest#testExportsFound10,663.000000
7389,com.google.javascript.jscomp.LooseTypeCheckTest#testNativeCast2,1098.000000
7390,com.google.javascript.jscomp.GatherRawExportsTest#testExportsFound11,684.000000
7391,com.google.javascript.jscomp.LooseTypeCheckTest#testNativeCast3,1101.000000
7392,com.google.javascript.jscomp.GatherRawExportsTest#testExportsFound12,692.000000
7393,com.google.javascript.jscomp.LooseTypeCheckTest#testNativeCast4,1102.000000
7394,com.google.javascript.jscomp.GatherRawExportsTest#testExportsFound13,699.000000
7395,com.google.javascript.jscomp.LooseTypeCheckTest#testGoodImplements1,1061.000000
7396,com.google.javascript.jscomp.GatherRawExportsTest#testExportsFound14,670.000000
7397,com.google.javascript.jscomp.LooseTypeCheckTest#testGoodImplements2,1065.000000
7398,com.google.javascript.jscomp.GatherRawExportsTest#testExportsFound15,646.000000
7399,com.google.javascript.jscomp.LooseTypeCheckTest#testStringUnboxing,1080.000000
7400,com.google.javascript.jscomp.GatherRawExportsTest#testExportsFound16,650.000000
7401,com.google.javascript.jscomp.LooseTypeCheckTest#testCallDateConstructorAsFunction,1068.000000
7402,com.google.javascript.jscomp.DenormalizeTest#testFor,662.000000
7403,com.google.javascript.jscomp.LooseTypeCheckTest#testCircularTypeDef,1151.000000
7404,com.google.javascript.jscomp.DenormalizeTest#testForIn,650.000000
7405,com.google.javascript.jscomp.LooseTypeCheckTest#testPrototypePropertyReference,1098.000000
7406,com.google.javascript.jscomp.DenormalizeTest#testInOperatorNotInsideFor,666.000000
7407,com.google.javascript.jscomp.LooseTypeCheckTest#testInstanceOfReduction1,1118.000000
7408,com.google.javascript.jscomp.RenamePropertiesTest#testExternedPropertyName,725.000000
7409,com.google.javascript.jscomp.LooseTypeCheckTest#testInstanceOfReduction2,1107.000000
7410,com.google.javascript.jscomp.RenamePropertiesTest#testExternedPropertyNameDefinedByObjectLiteral,689.000000
7411,com.google.javascript.jscomp.LooseTypeCheckTest#testInstanceOfReduction3,1056.000000
7412,com.google.javascript.jscomp.RenamePropertiesTest#testSetQuotedPropertyOfThis,670.000000
7413,com.google.javascript.jscomp.LooseTypeCheckTest#testCall10,1072.000000
7414,com.google.javascript.jscomp.RenamePropertiesTest#testObjectLiteralInLocalScope,709.000000
7415,com.google.javascript.jscomp.LooseTypeCheckTest#testCall11,1090.000000
7416,com.google.javascript.jscomp.RenamePropertiesTest#testOverlappingOriginalAndGeneratedNamesStable,718.000000
7417,com.google.javascript.jscomp.LooseTypeCheckTest#testCast10,1123.000000
7418,com.google.javascript.jscomp.RenamePropertiesTest#testPropertyOfObjectOfUnknownType,696.000000
7419,com.google.javascript.jscomp.LooseTypeCheckTest#testCast11,1145.000000
7420,com.google.javascript.jscomp.RenamePropertiesTest#testPrototypeProperties,710.000000
7421,com.google.javascript.jscomp.LooseTypeCheckTest#testCast12,1146.000000
7422,com.google.javascript.jscomp.RenamePropertiesTest#testStaticAndInstanceMethodWithSameName,710.000000
7423,com.google.javascript.jscomp.LooseTypeCheckTest#testCast15,1197.000000
7424,com.google.javascript.jscomp.RenamePropertiesTest#testAvoidingConflictsBetQuotedAndUnquotedPropertyNamesStable,735.000000
7425,com.google.javascript.jscomp.LooseTypeCheckTest#testCast16,1053.000000
7426,com.google.javascript.jscomp.RenamePropertiesTest#testSetPropertyOfThis,683.000000
7427,com.google.javascript.jscomp.LooseTypeCheckTest#testComparison10,1098.000000
7428,com.google.javascript.jscomp.RenamePropertiesTest#testOverlappingOriginalAndGeneratedNames,714.000000
7429,com.google.javascript.jscomp.LooseTypeCheckTest#testFunctionArguments10,1059.000000
7430,com.google.javascript.jscomp.RenamePropertiesTest#testPropertyAffinityOff,715.000000
7431,com.google.javascript.jscomp.LooseTypeCheckTest#testFunctionArguments11,1059.000000
7432,com.google.javascript.jscomp.RenamePropertiesTest#testPrototypePropertiesAsObjLitKeysStable,739.000000
7433,com.google.javascript.jscomp.LooseTypeCheckTest#testFunctionArguments12,1055.000000
7434,com.google.javascript.jscomp.RenamePropertiesTest#testReadPropertyOfThis,674.000000
7435,com.google.javascript.jscomp.LooseTypeCheckTest#testFunctionArguments13,1138.000000
7436,com.google.javascript.jscomp.RenamePropertiesTest#testPrototypePropertiesAsObjLitKeys1,735.000000
7437,com.google.javascript.jscomp.LooseTypeCheckTest#testFunctionArguments14,1085.000000
7438,com.google.javascript.jscomp.RenamePropertiesTest#testPrototypePropertiesAsObjLitKeys2,730.000000
7439,com.google.javascript.jscomp.LooseTypeCheckTest#testFunctionArguments15,1109.000000
7440,com.google.javascript.jscomp.RenamePropertiesTest#testPrototypePropertiesAsObjLitKeys3,737.000000
7441,com.google.javascript.jscomp.LooseTypeCheckTest#testHigherOrderFunctions1,1103.000000
7442,com.google.javascript.jscomp.RenamePropertiesTest#testGeneratePseudoNames,697.000000
7443,com.google.javascript.jscomp.LooseTypeCheckTest#testHigherOrderFunctions2,1097.000000
7444,com.google.javascript.jscomp.RenamePropertiesTest#testRenamePropertiesFunctionCall1,707.000000
7445,com.google.javascript.jscomp.LooseTypeCheckTest#testHigherOrderFunctions3,1062.000000
7446,com.google.javascript.jscomp.RenamePropertiesTest#testRenamePropertiesFunctionCall2,713.000000
7447,com.google.javascript.jscomp.LooseTypeCheckTest#testHigherOrderFunctions4,1063.000000
7448,com.google.javascript.jscomp.RenamePropertiesTest#testMixedQuotedAndUnquotedObjLitKeysStable,727.000000
7449,com.google.javascript.jscomp.LooseTypeCheckTest#testImplicitCastSubclassAccess,983.000000
7450,com.google.javascript.jscomp.RenamePropertiesTest#testPropertyAddedToObjectStable,690.000000
7451,com.google.javascript.jscomp.LooseTypeCheckTest#testEnum10,1085.000000
7452,com.google.javascript.jscomp.RenamePropertiesTest#testQuotedPrototypeProperty,712.000000
7453,com.google.javascript.jscomp.LooseTypeCheckTest#testEnum11,1090.000000
7454,com.google.javascript.jscomp.RenamePropertiesTest#testStableWithTrickyExternsChanges,718.000000
7455,com.google.javascript.jscomp.LooseTypeCheckTest#testEnum12,1059.000000
7456,com.google.javascript.jscomp.RenamePropertiesTest#testSamePropertyNameQuotedAndUnquoted,724.000000
7457,com.google.javascript.jscomp.LooseTypeCheckTest#testEnum13,1078.000000
7458,com.google.javascript.jscomp.RenamePropertiesTest#testRenamePropertiesWithLeadingUnderscores,725.000000
7459,com.google.javascript.jscomp.LooseTypeCheckTest#testEnum14,1092.000000
7460,com.google.javascript.jscomp.RenamePropertiesTest#testMixedQuotedAndUnquotedObjLitKeys1,723.000000
7461,com.google.javascript.jscomp.LooseTypeCheckTest#testEnum15,1107.000000
7462,com.google.javascript.jscomp.RenamePropertiesTest#testMixedQuotedAndUnquotedObjLitKeys2,723.000000
7463,com.google.javascript.jscomp.LooseTypeCheckTest#testEnum16,1113.000000
7464,com.google.javascript.jscomp.RenamePropertiesTest#testPropertyAddedToFunction,712.000000
7465,com.google.javascript.jscomp.LooseTypeCheckTest#testEnum17,1116.000000
7466,com.google.javascript.jscomp.RenamePropertiesTest#testPropertyAddedToObject,686.000000
7467,com.google.javascript.jscomp.LooseTypeCheckTest#testEnum18,1091.000000
7468,com.google.javascript.jscomp.RenamePropertiesTest#testRenamePropertiesWithLeadingUnderscoresStable,729.000000
7469,com.google.javascript.jscomp.LooseTypeCheckTest#testEnum19,1114.000000
7470,com.google.javascript.jscomp.RenamePropertiesTest#testAvoidingConflictsBetweenQuotedAndUnquotedPropertyNames,731.000000
7471,com.google.javascript.jscomp.LooseTypeCheckTest#testEnum20,1107.000000
7472,com.google.javascript.jscomp.RenamePropertiesTest#testRemoveRenameFunctionStubs1,665.000000
7473,com.google.javascript.jscomp.LooseTypeCheckTest#testEnum21,1108.000000
7474,com.google.javascript.jscomp.RenamePropertiesTest#testRemoveRenameFunctionStubs2,733.000000
7475,com.google.javascript.jscomp.LooseTypeCheckTest#testEnum22,1110.000000
7476,com.google.javascript.jscomp.RenamePropertiesTest#testPrototypePropertiesStable,714.000000
7477,com.google.javascript.jscomp.LooseTypeCheckTest#testEnum23,1134.000000
7478,com.google.javascript.jscomp.RenamePropertiesTest#testIncorrectAttemptToAccessQuotedProperty,733.000000
7479,com.google.javascript.jscomp.LooseTypeCheckTest#testEnum24,1133.000000
7480,com.google.javascript.jscomp.SimpleDefinitionFinderTest#testFunctionArgumentsBasic,633.000000
7481,com.google.javascript.jscomp.LooseTypeCheckTest#testEnum25,1106.000000
7482,com.google.javascript.jscomp.SimpleDefinitionFinderTest#testDefineGet,623.000000
7483,com.google.javascript.jscomp.LooseTypeCheckTest#testEnum26,1126.000000
7484,com.google.javascript.jscomp.SimpleDefinitionFinderTest#testDefineSet,628.000000
7485,com.google.javascript.jscomp.LooseTypeCheckTest#testEnum27,1106.000000
7486,com.google.javascript.jscomp.SimpleDefinitionFinderTest#testDefineFunction,640.000000
7487,com.google.javascript.jscomp.LooseTypeCheckTest#testEnum28,1109.000000
7488,com.google.javascript.jscomp.SimpleDefinitionFinderTest#testFunctionArgumentsInExterns,641.000000
7489,com.google.javascript.jscomp.LooseTypeCheckTest#testEnum29,1112.000000
7490,com.google.javascript.jscomp.SimpleDefinitionFinderTest#testObjectLitInExterns,729.000000
7491,com.google.javascript.jscomp.LooseTypeCheckTest#testEnum30,1092.000000
7492,com.google.javascript.jscomp.SimpleDefinitionFinderTest#testDefinitionInExterns,634.000000
7493,com.google.javascript.jscomp.LooseTypeCheckTest#testEnum31,1135.000000
7494,com.google.javascript.jscomp.SimpleDefinitionFinderTest#testDefineNumber,674.000000
7495,com.google.javascript.jscomp.LooseTypeCheckTest#testEnum32,1111.000000
7496,com.google.javascript.jscomp.SimpleDefinitionFinderTest#testMultipleDefinition,664.000000
7497,com.google.javascript.jscomp.LooseTypeCheckTest#testEnum34,1101.000000
7498,com.google.javascript.jscomp.SimpleDefinitionFinderTest#testCallInExterns,664.000000
7499,com.google.javascript.jscomp.LooseTypeCheckTest#testEnum35,1159.000000
7500,com.google.javascript.jscomp.NameAnonymousFunctionsMappedTest#testAssignmentToPrototype2,619.000000
7501,com.google.javascript.jscomp.LooseTypeCheckTest#testEnum36,1179.000000
7502,com.google.javascript.jscomp.NameAnonymousFunctionsMappedTest#testAssignmentToPrototype3,625.000000
7503,com.google.javascript.jscomp.LooseTypeCheckTest#testEnum37,1106.000000
7504,com.google.javascript.jscomp.NameAnonymousFunctionsMappedTest#testAssignmentToPrototype4,619.000000
7505,com.google.javascript.jscomp.LooseTypeCheckTest#testEnum38,1098.000000
7506,com.google.javascript.jscomp.NameAnonymousFunctionsMappedTest#testAssignmentToPrototype5,625.000000
7507,com.google.javascript.jscomp.LooseTypeCheckTest#testEnum40,1171.000000
7508,com.google.javascript.jscomp.NameAnonymousFunctionsMappedTest#testDuplicateNames,611.000000
7509,com.google.javascript.jscomp.LooseTypeCheckTest#testAddingMethodsUsingPrototypeIdiomSimpleNamespace,1045.000000
7510,com.google.javascript.jscomp.NameAnonymousFunctionsMappedTest#testAssignmentToPrototype,615.000000
7511,com.google.javascript.jscomp.LooseTypeCheckTest#testControlFlowRestrictsType1a,1140.000000
7512,com.google.javascript.jscomp.NameAnonymousFunctionsMappedTest#testAssignmentToProperty,619.000000
7513,com.google.javascript.jscomp.LooseTypeCheckTest#testControlFlowRestrictsType1b,1137.000000
7514,com.google.javascript.jscomp.NameAnonymousFunctionsMappedTest#testAssignmentToGetElem,615.000000
7515,com.google.javascript.jscomp.LooseTypeCheckTest#testControlFlowRestrictsType1c,1136.000000
7516,com.google.javascript.jscomp.NameAnonymousFunctionsMappedTest#testSimpleVarAssignment1,597.000000
7517,com.google.javascript.jscomp.LooseTypeCheckTest#testGoodExtends1,1048.000000
7518,com.google.javascript.jscomp.NameAnonymousFunctionsMappedTest#testSimpleVarAssignment3,599.000000
7519,com.google.javascript.jscomp.LooseTypeCheckTest#testGoodExtends2,1079.000000
7520,com.google.javascript.jscomp.NameAnonymousFunctionsMappedTest#testAssignmentToPropertyOfCallReturnValue,618.000000
7521,com.google.javascript.jscomp.LooseTypeCheckTest#testGoodExtends3,1048.000000
7522,com.google.javascript.jscomp.NameAnonymousFunctionsMappedTest#testGetElemWithDashes,610.000000
7523,com.google.javascript.jscomp.LooseTypeCheckTest#testGoodExtends4,1069.000000
7524,com.google.javascript.jscomp.NameAnonymousFunctionsMappedTest#testAssignmentToPropertyOfArrayElement,655.000000
7525,com.google.javascript.jscomp.LooseTypeCheckTest#testGoodExtends5,1048.000000
7526,com.google.javascript.jscomp.ConvertToDottedPropertiesTest#testQuotedProps,564.000000
7527,com.google.javascript.jscomp.LooseTypeCheckTest#testGoodExtends6,1228.000000
7528,com.google.javascript.jscomp.ConvertToDottedPropertiesTest#testConvert,571.000000
7529,com.google.javascript.jscomp.LooseTypeCheckTest#testGoodExtends7,1131.000000
7530,com.google.javascript.jscomp.ConvertToDottedPropertiesTest#testDoNotConvert,583.000000
7531,com.google.javascript.jscomp.LooseTypeCheckTest#testGoodExtends8,1132.000000
7532,com.google.javascript.jscomp.RemoveUnusedPrototypePropertiesTest#testAliasing1,717.000000
7533,com.google.javascript.jscomp.LooseTypeCheckTest#testGoodExtends9,1073.000000
7534,com.google.javascript.jscomp.RemoveUnusedPrototypePropertiesTest#testAliasing2,716.000000
7535,com.google.javascript.jscomp.LooseTypeCheckTest#testTypeCheckDefaultExterns,1100.000000
7536,com.google.javascript.jscomp.RemoveUnusedPrototypePropertiesTest#testAliasing3,695.000000
7537,com.google.javascript.jscomp.LooseTypeCheckTest#testTypeRedefinition,1019.000000
7538,com.google.javascript.jscomp.RemoveUnusedPrototypePropertiesTest#testAliasing4,693.000000
7539,com.google.javascript.jscomp.LooseTypeCheckTest#testIssue124,1103.000000
7540,com.google.javascript.jscomp.RemoveUnusedPrototypePropertiesTest#testAliasing5,705.000000
7541,com.google.javascript.jscomp.LooseTypeCheckTest#testBadImplements1,1114.000000
7542,com.google.javascript.jscomp.RemoveUnusedPrototypePropertiesTest#testAliasing6,705.000000
7543,com.google.javascript.jscomp.LooseTypeCheckTest#testBadImplements2,1069.000000
7544,com.google.javascript.jscomp.RemoveUnusedPrototypePropertiesTest#testAliasing7,706.000000
7545,com.google.javascript.jscomp.LooseTypeCheckTest#testBadImplements3,1069.000000
7546,com.google.javascript.jscomp.RemoveUnusedPrototypePropertiesTest#testMethodsFromExternsFileNotExported,704.000000
7547,com.google.javascript.jscomp.LooseTypeCheckTest#testAssignInference,1112.000000
7548,com.google.javascript.jscomp.RemoveUnusedPrototypePropertiesTest#testGetterBaseline,727.000000
7549,com.google.javascript.jscomp.LooseTypeCheckTest#testSwitchCase1,1104.000000
7550,com.google.javascript.jscomp.RemoveUnusedPrototypePropertiesTest#testHook1,750.000000
7551,com.google.javascript.jscomp.LooseTypeCheckTest#testSwitchCase2,1086.000000
7552,com.google.javascript.jscomp.RemoveUnusedPrototypePropertiesTest#testHook2,782.000000
7553,com.google.javascript.jscomp.LooseTypeCheckTest#testSwitchCase3,1108.000000
7554,com.google.javascript.jscomp.RemoveUnusedPrototypePropertiesTest#testExternMethodsFromExternsFile,711.000000
7555,com.google.javascript.jscomp.LooseTypeCheckTest#testSwitchCase4,1098.000000
7556,com.google.javascript.jscomp.RemoveUnusedPrototypePropertiesTest#testGlobalFunctionsInGraph,680.000000
7557,com.google.javascript.jscomp.LooseTypeCheckTest#testSwitchCase6,1120.000000
7558,com.google.javascript.jscomp.RemoveUnusedPrototypePropertiesTest#testGetter1,730.000000
7559,com.google.javascript.jscomp.LooseTypeCheckTest#testSwitchCase7,1173.000000
7560,com.google.javascript.jscomp.RemoveUnusedPrototypePropertiesTest#testGlobalFunctionsInGraph2,713.000000
7561,com.google.javascript.jscomp.LooseTypeCheckTest#testSwitchCase8,1173.000000
7562,com.google.javascript.jscomp.RemoveUnusedPrototypePropertiesTest#testGlobalFunctionsInGraph3,721.000000
7563,com.google.javascript.jscomp.LooseTypeCheckTest#testUnionOfFunctionAndType,1062.000000
7564,com.google.javascript.jscomp.RemoveUnusedPrototypePropertiesTest#testGlobalFunctionsInGraph4,679.000000
7565,com.google.javascript.jscomp.LooseTypeCheckTest#testNumberUnboxing,1081.000000
7566,com.google.javascript.jscomp.RemoveUnusedPrototypePropertiesTest#testGlobalFunctionsInGraph5,718.000000
7567,com.google.javascript.jscomp.LooseTypeCheckTest#testSuperclassMismatch1,1121.000000
7568,com.google.javascript.jscomp.RemoveUnusedPrototypePropertiesTest#testGlobalFunctionsInGraph6,709.000000
7569,com.google.javascript.jscomp.LooseTypeCheckTest#testSuperclassMismatch2,1112.000000
7570,com.google.javascript.jscomp.RemoveUnusedPrototypePropertiesTest#testGlobalFunctionsInGraph7,702.000000
7571,com.google.javascript.jscomp.LooseTypeCheckTest#testInstanceof1,1095.000000
7572,com.google.javascript.jscomp.RemoveUnusedPrototypePropertiesTest#testNeverRemoveImplicitlyUsedProperties,707.000000
7573,com.google.javascript.jscomp.LooseTypeCheckTest#testInstanceof2,1122.000000
7574,com.google.javascript.jscomp.RemoveUnusedPrototypePropertiesTest#testAnalyzePrototypeProperties,736.000000
7575,com.google.javascript.jscomp.LooseTypeCheckTest#testInstanceof3,1096.000000
7576,com.google.javascript.jscomp.RemoveUnusedPrototypePropertiesTest#testExportedMethodsByNamingConventionAlwaysExported,707.000000
7577,com.google.javascript.jscomp.LooseTypeCheckTest#testInstanceof4,1110.000000
7578,com.google.javascript.jscomp.RemoveUnusedPrototypePropertiesTest#testExportedMethodsByNamingConvention,711.000000
7579,com.google.javascript.jscomp.LooseTypeCheckTest#testInstanceof5,1097.000000
7580,com.google.javascript.jscomp.RemoveUnusedPrototypePropertiesTest#testPropertiesDefinedWithGetElem,703.000000
7581,com.google.javascript.jscomp.LooseTypeCheckTest#testInstanceof6,1110.000000
7582,com.google.javascript.jscomp.RemoveUnusedPrototypePropertiesTest#testPropertyDefinedInBranch,711.000000
7583,com.google.javascript.jscomp.LooseTypeCheckTest#testCallArrayConstructorAsFunction,1069.000000
7584,com.google.javascript.jscomp.RemoveUnusedPrototypePropertiesTest#testStatementRestriction,705.000000
7585,com.google.javascript.jscomp.LooseTypeCheckTest#testFunctionInference1,1070.000000
7586,com.google.javascript.jscomp.RemoveUnusedPrototypePropertiesTest#testPropertyReferenceGraph,719.000000
7587,com.google.javascript.jscomp.LooseTypeCheckTest#testFunctionInference2,1070.000000
7588,com.google.javascript.jscomp.IgnoreCajaPropertiesTest#testFourChildFor,617.000000
7589,com.google.javascript.jscomp.LooseTypeCheckTest#testFunctionInference3,1071.000000
7590,com.google.javascript.jscomp.IgnoreCajaPropertiesTest#testFunctionPropertyKey,651.000000
7591,com.google.javascript.jscomp.LooseTypeCheckTest#testFunctionInference4,1071.000000
7592,com.google.javascript.jscomp.IgnoreCajaPropertiesTest#testPropertyKey,651.000000
7593,com.google.javascript.jscomp.LooseTypeCheckTest#testFunctionInference5,1070.000000
7594,com.google.javascript.jscomp.IgnoreCajaPropertiesTest#testVarKey,652.000000
7595,com.google.javascript.jscomp.LooseTypeCheckTest#testFunctionInference6,1071.000000
7596,com.google.javascript.jscomp.CheckGlobalThisTest#testStaticFunction1,576.000000
7597,com.google.javascript.jscomp.LooseTypeCheckTest#testFunctionInference7,1071.000000
7598,com.google.javascript.jscomp.CheckGlobalThisTest#testStaticFunction2,623.000000
7599,com.google.javascript.jscomp.LooseTypeCheckTest#testFunctionInference8,1066.000000
7600,com.google.javascript.jscomp.CheckGlobalThisTest#testStaticFunction3,586.000000
7601,com.google.javascript.jscomp.LooseTypeCheckTest#testFunctionInference9,1061.000000
7602,com.google.javascript.jscomp.CheckGlobalThisTest#testStaticFunction4,631.000000
7603,com.google.javascript.jscomp.LooseTypeCheckTest#testNullOr,1088.000000
7604,com.google.javascript.jscomp.CheckGlobalThisTest#testStaticFunction5,574.000000
7605,com.google.javascript.jscomp.LooseTypeCheckTest#testPropAccess,1146.000000
7606,com.google.javascript.jscomp.CheckGlobalThisTest#testStaticFunction6,608.000000
7607,com.google.javascript.jscomp.LooseTypeCheckTest#testTypeCheck1,1090.000000
7608,com.google.javascript.jscomp.CheckGlobalThisTest#testStaticFunction7,611.000000
7609,com.google.javascript.jscomp.LooseTypeCheckTest#testTypeCheck2,1114.000000
7610,com.google.javascript.jscomp.CheckGlobalThisTest#testStaticFunction8,612.000000
7611,com.google.javascript.jscomp.LooseTypeCheckTest#testTypeCheck4,1074.000000
7612,com.google.javascript.jscomp.CheckGlobalThisTest#testPropertyOfMethod,627.000000
7613,com.google.javascript.jscomp.LooseTypeCheckTest#testTypeCheck5,1111.000000
7614,com.google.javascript.jscomp.CheckGlobalThisTest#testThisJSDoc1,689.000000
7615,com.google.javascript.jscomp.LooseTypeCheckTest#testTypeCheck6,1128.000000
7616,com.google.javascript.jscomp.CheckGlobalThisTest#testThisJSDoc2,696.000000
7617,com.google.javascript.jscomp.LooseTypeCheckTest#testTypeCheck8,1087.000000
7618,com.google.javascript.jscomp.CheckGlobalThisTest#testThisJSDoc3,690.000000
7619,com.google.javascript.jscomp.LooseTypeCheckTest#testTypeCheck9,1090.000000
7620,com.google.javascript.jscomp.CheckGlobalThisTest#testThisJSDoc4,689.000000
7621,com.google.javascript.jscomp.LooseTypeCheckTest#testIssue86,1105.000000
7622,com.google.javascript.jscomp.CheckGlobalThisTest#testThisJSDoc5,690.000000
7623,com.google.javascript.jscomp.LooseTypeCheckTest#testMethodInference1,1092.000000
7624,com.google.javascript.jscomp.CheckGlobalThisTest#testGlobalThis1,560.000000
7625,com.google.javascript.jscomp.LooseTypeCheckTest#testMethodInference2,1114.000000
7626,com.google.javascript.jscomp.CheckGlobalThisTest#testGlobalThis2,594.000000
7627,com.google.javascript.jscomp.LooseTypeCheckTest#testMethodInference3,1092.000000
7628,com.google.javascript.jscomp.CheckGlobalThisTest#testGlobalThis3,595.000000
7629,com.google.javascript.jscomp.LooseTypeCheckTest#testMethodInference4,1092.000000
7630,com.google.javascript.jscomp.CheckGlobalThisTest#testGlobalThis4,592.000000
7631,com.google.javascript.jscomp.LooseTypeCheckTest#testMethodInference5,1107.000000
7632,com.google.javascript.jscomp.CheckGlobalThisTest#testGlobalThis5,599.000000
7633,com.google.javascript.jscomp.LooseTypeCheckTest#testMethodInference6,1101.000000
7634,com.google.javascript.jscomp.CheckGlobalThisTest#testGlobalThis6,565.000000
7635,com.google.javascript.jscomp.LooseTypeCheckTest#testMethodInference7,1078.000000
7636,com.google.javascript.jscomp.CheckGlobalThisTest#testGlobalThis7,584.000000
7637,com.google.javascript.jscomp.LooseTypeCheckTest#testMethodInference8,1102.000000
7638,com.google.javascript.jscomp.CheckGlobalThisTest#testConstructor1,668.000000
7639,com.google.javascript.jscomp.LooseTypeCheckTest#testMethodInference9,1072.000000
7640,com.google.javascript.jscomp.CheckGlobalThisTest#testConstructor2,675.000000
7641,com.google.javascript.jscomp.LooseTypeCheckTest#testThis10,1091.000000
7642,com.google.javascript.jscomp.CheckGlobalThisTest#testConstructor3,669.000000
7643,com.google.javascript.jscomp.LooseTypeCheckTest#testTypeof,1085.000000
7644,com.google.javascript.jscomp.CheckGlobalThisTest#testStaticFunctionInMethod1,606.000000
7645,com.google.javascript.jscomp.LooseTypeCheckTest#testBug1859535,1134.000000
7646,com.google.javascript.jscomp.CheckGlobalThisTest#testStaticFunctionInMethod2,606.000000
7647,com.google.javascript.jscomp.LooseTypeCheckTest#testBooleanType,1048.000000
7648,com.google.javascript.jscomp.CheckGlobalThisTest#testStaticMethod1,623.000000
7649,com.google.javascript.jscomp.LooseTypeCheckTest#testBug1940591,1092.000000
7650,com.google.javascript.jscomp.CheckGlobalThisTest#testStaticMethod2,608.000000
7651,com.google.javascript.jscomp.LooseTypeCheckTest#testBug1940769,1125.000000
7652,com.google.javascript.jscomp.CheckGlobalThisTest#testStaticMethod3,608.000000
7653,com.google.javascript.jscomp.LooseTypeCheckTest#testBug1942972,1071.000000
7654,com.google.javascript.jscomp.CheckGlobalThisTest#testSuppressWarning,701.000000
7655,com.google.javascript.jscomp.LooseTypeCheckTest#testBug1943776,1094.000000
7656,com.google.javascript.jscomp.CheckGlobalThisTest#testMethodInStaticFunction,606.000000
7657,com.google.javascript.jscomp.LooseTypeCheckTest#testBug1987544,1166.000000
7658,com.google.javascript.jscomp.CheckGlobalThisTest#testInnerFunction1,603.000000
7659,com.google.javascript.jscomp.LooseTypeCheckTest#testInterfaceAssignment10,1171.000000
7660,com.google.javascript.jscomp.CheckGlobalThisTest#testInnerFunction2,615.000000
7661,com.google.javascript.jscomp.LooseTypeCheckTest#testInterfaceAssignment11,1158.000000
7662,com.google.javascript.jscomp.CheckGlobalThisTest#testInnerFunction3,627.000000
7663,com.google.javascript.jscomp.LooseTypeCheckTest#testInterfaceAssignment12,1123.000000
7664,com.google.javascript.jscomp.CheckGlobalThisTest#testInnerFunction4,609.000000
7665,com.google.javascript.jscomp.LooseTypeCheckTest#testInterfaceAssignment13,1101.000000
7666,com.google.javascript.jscomp.CheckGlobalThisTest#testMethod1,604.000000
7667,com.google.javascript.jscomp.LooseTypeCheckTest#testNestedCasts,1159.000000
7668,com.google.javascript.jscomp.CheckGlobalThisTest#testMethod2,604.000000
7669,com.google.javascript.jscomp.LooseTypeCheckTest#testNullAnd,1087.000000
7670,com.google.javascript.jscomp.CheckGlobalThisTest#testMethod3,604.000000
7671,com.google.javascript.jscomp.LooseTypeCheckTest#testGenericRelationalExpression,1054.000000
7672,com.google.javascript.jscomp.CheckGlobalThisTest#testMethod4,615.000000
7673,com.google.javascript.jscomp.LooseTypeCheckTest#testStringComparison1,1056.000000
7674,com.google.javascript.jscomp.CheckGlobalThisTest#testIssue182a,628.000000
7675,com.google.javascript.jscomp.LooseTypeCheckTest#testStringComparison2,1066.000000
7676,com.google.javascript.jscomp.CheckGlobalThisTest#testIssue182b,646.000000
7677,com.google.javascript.jscomp.LooseTypeCheckTest#testStringComparison3,1057.000000
7678,com.google.javascript.jscomp.CheckGlobalThisTest#testIssue182c,635.000000
7679,com.google.javascript.jscomp.LooseTypeCheckTest#testStringComparison4,1061.000000
7680,com.google.javascript.jscomp.CheckGlobalThisTest#testIssue182d,621.000000
7681,com.google.javascript.jscomp.LooseTypeCheckTest#testStringComparison5,1059.000000
7682,com.google.javascript.jscomp.CheckGlobalThisTest#testLendsAnnotation1,700.000000
7683,com.google.javascript.jscomp.LooseTypeCheckTest#testStringComparison6,1136.000000
7684,com.google.javascript.jscomp.CheckGlobalThisTest#testLendsAnnotation3,695.000000
7685,com.google.javascript.jscomp.LooseTypeCheckTest#testTypeOfReduction12,1177.000000
7686,com.google.javascript.jscomp.RemoveUnusedClassPropertiesTest#testInc1,609.000000
7687,com.google.javascript.jscomp.LooseTypeCheckTest#testAssignToUntypedVariable,1055.000000
7688,com.google.javascript.jscomp.RemoveUnusedClassPropertiesTest#testInc2,617.000000
7689,com.google.javascript.jscomp.LooseTypeCheckTest#testMissingProperty10,1099.000000
7690,com.google.javascript.jscomp.RemoveUnusedClassPropertiesTest#testObjectKeys,610.000000
7691,com.google.javascript.jscomp.LooseTypeCheckTest#testMissingProperty11,1102.000000
7692,com.google.javascript.jscomp.RemoveUnusedClassPropertiesTest#testJSCompiler_renameProperty,618.000000
7693,com.google.javascript.jscomp.LooseTypeCheckTest#testMissingProperty12,1090.000000
7694,com.google.javascript.jscomp.RemoveUnusedClassPropertiesTest#testExport,615.000000
7695,com.google.javascript.jscomp.LooseTypeCheckTest#testMissingProperty13,1125.000000
7696,com.google.javascript.jscomp.RemoveUnusedClassPropertiesTest#testExtern,595.000000
7697,com.google.javascript.jscomp.LooseTypeCheckTest#testMissingProperty14,1134.000000
7698,com.google.javascript.jscomp.RemoveUnusedClassPropertiesTest#testIssue730,640.000000
7699,com.google.javascript.jscomp.LooseTypeCheckTest#testMissingProperty15,1113.000000
7700,com.google.javascript.jscomp.RemoveUnusedClassPropertiesTest#testObjLit,625.000000
7701,com.google.javascript.jscomp.LooseTypeCheckTest#testMissingProperty16,1134.000000
7702,com.google.javascript.jscomp.RemoveUnusedClassPropertiesTest#testSimple1,602.000000
7703,com.google.javascript.jscomp.LooseTypeCheckTest#testMissingProperty17,1143.000000
7704,com.google.javascript.jscomp.RemoveUnusedClassPropertiesTest#testSimple2,611.000000
7705,com.google.javascript.jscomp.LooseTypeCheckTest#testMissingProperty18,1135.000000
7706,com.google.javascript.jscomp.RemoveUnusedClassPropertiesTest#testSimple3,612.000000
7707,com.google.javascript.jscomp.LooseTypeCheckTest#testMissingProperty19,1136.000000
7708,com.google.javascript.jscomp.RemoveUnusedClassPropertiesTest#testAssignOp1,605.000000
7709,com.google.javascript.jscomp.LooseTypeCheckTest#testMissingProperty21,1119.000000
7710,com.google.javascript.jscomp.RemoveUnusedClassPropertiesTest#testAssignOp2,613.000000
7711,com.google.javascript.jscomp.LooseTypeCheckTest#testMissingProperty22,1116.000000
7712,com.google.javascript.jscomp.StatementFusionTest#testNothingToDo,600.000000
7713,com.google.javascript.jscomp.LooseTypeCheckTest#testMissingProperty23,1101.000000
7714,com.google.javascript.jscomp.StatementFusionTest#testNoGlobalSchopeChanges,559.000000
7715,com.google.javascript.jscomp.LooseTypeCheckTest#testMissingProperty25,1082.000000
7716,com.google.javascript.jscomp.StatementFusionTest#testNoFuseIntoDo,588.000000
7717,com.google.javascript.jscomp.LooseTypeCheckTest#testMissingProperty26,1081.000000
7718,com.google.javascript.jscomp.StatementFusionTest#testNoFunctionBlockChanges,582.000000
7719,com.google.javascript.jscomp.LooseTypeCheckTest#testMissingProperty28,1102.000000
7720,com.google.javascript.jscomp.StatementFusionTest#testFoldBlockIntoIf,620.000000
7721,com.google.javascript.jscomp.LooseTypeCheckTest#testWarnUnannotatedPropertyOnInterface5,1076.000000
7722,com.google.javascript.jscomp.StatementFusionTest#testFoldBlockReturn,613.000000
7723,com.google.javascript.jscomp.LooseTypeCheckTest#testWarnUnannotatedPropertyOnInterface6,1067.000000
7724,com.google.javascript.jscomp.StatementFusionTest#testNoFuseIntoWhile,589.000000
7725,com.google.javascript.jscomp.LooseTypeCheckTest#testNoForwardTypeDeclaration,1084.000000
7726,com.google.javascript.jscomp.StatementFusionTest#testFoldBlockThrow,614.000000
7727,com.google.javascript.jscomp.LooseTypeCheckTest#testLateExtends,1211.000000
7728,com.google.javascript.jscomp.StatementFusionTest#testFoldBlockWithStatements,619.000000
7729,com.google.javascript.jscomp.LooseTypeCheckTest#testInterfaceInheritanceCheck1,1101.000000
7730,com.google.javascript.jscomp.ClosureCodeRemovalTest#testDoNotRemoveNonQualifiedName,604.000000
7731,com.google.javascript.jscomp.LooseTypeCheckTest#testInterfaceInheritanceCheck2,1084.000000
7732,com.google.javascript.jscomp.ClosureCodeRemovalTest#testDoNotRemoveOverride,627.000000
7733,com.google.javascript.jscomp.LooseTypeCheckTest#testInterfaceInheritanceCheck3,1112.000000
7734,com.google.javascript.jscomp.ClosureCodeRemovalTest#testStopRemovalAtNonQualifiedName,635.000000
7735,com.google.javascript.jscomp.LooseTypeCheckTest#testInterfaceInheritanceCheck4,1095.000000
7736,com.google.javascript.jscomp.ClosureCodeRemovalTest#testDoNotRemoveNormal,611.000000
7737,com.google.javascript.jscomp.LooseTypeCheckTest#testInterfaceInheritanceCheck5,1115.000000
7738,com.google.javascript.jscomp.ClosureCodeRemovalTest#testAssertionRemoval1,597.000000
7739,com.google.javascript.jscomp.LooseTypeCheckTest#testInterfaceInheritanceCheck6,1122.000000
7740,com.google.javascript.jscomp.ClosureCodeRemovalTest#testAssertionRemoval2,574.000000
7741,com.google.javascript.jscomp.LooseTypeCheckTest#testInterfaceInheritanceCheck7,1100.000000
7742,com.google.javascript.jscomp.ClosureCodeRemovalTest#testAssertionRemoval3,568.000000
7743,com.google.javascript.jscomp.LooseTypeCheckTest#testNoPersistentTypeInferenceForObjectProperties,1119.000000
7744,com.google.javascript.jscomp.ClosureCodeRemovalTest#testAssertionRemoval4,609.000000
7745,com.google.javascript.jscomp.LooseTypeCheckTest#testUndefinedVar,1036.000000
7746,com.google.javascript.jscomp.ClosureCodeRemovalTest#testRemoveMultiplySetAbstract,607.000000
7747,com.google.javascript.jscomp.LooseTypeCheckTest#testDuplicateStaticMethodDecl1,1112.000000
7748,com.google.javascript.jscomp.NormalizeTest#testIsConstant,632.000000
7749,com.google.javascript.jscomp.LooseTypeCheckTest#testDuplicateStaticMethodDecl2,1095.000000
7750,com.google.javascript.jscomp.NormalizeTest#testNormalizeFunctionDeclarations,718.000000
7751,com.google.javascript.jscomp.LooseTypeCheckTest#testDuplicateStaticMethodDecl3,1093.000000
7752,com.google.javascript.jscomp.NormalizeTest#testFor,705.000000
7753,com.google.javascript.jscomp.LooseTypeCheckTest#testDuplicateStaticMethodDecl4,1094.000000
7754,com.google.javascript.jscomp.NormalizeTest#testUnhandled,639.000000
7755,com.google.javascript.jscomp.LooseTypeCheckTest#testDuplicateStaticMethodDecl5,1116.000000
7756,com.google.javascript.jscomp.NormalizeTest#testSplitVar,724.000000
7757,com.google.javascript.jscomp.CheckAccessControlsTest#testConstantProperty1,1170.000000
7758,com.google.javascript.jscomp.NormalizeTest#testIssue,651.000000
7759,com.google.javascript.jscomp.CheckAccessControlsTest#testConstantProperty2,1178.000000
7760,com.google.javascript.jscomp.NormalizeTest#testWhile,669.000000
7761,com.google.javascript.jscomp.CheckAccessControlsTest#testConstantProperty4,1150.000000
7762,com.google.javascript.jscomp.NormalizeTest#testRemoveDuplicateVarDeclarations1,722.000000
7763,com.google.javascript.jscomp.CheckAccessControlsTest#testConstantProperty5,1158.000000
7764,com.google.javascript.jscomp.NormalizeTest#testRemoveDuplicateVarDeclarations2,677.000000
7765,com.google.javascript.jscomp.CheckAccessControlsTest#testConstantProperty6,1151.000000
7766,com.google.javascript.jscomp.NormalizeTest#testSetterPropertyIsConstant,686.000000
7767,com.google.javascript.jscomp.CheckAccessControlsTest#testConstantProperty7,1239.000000
7768,com.google.javascript.jscomp.NormalizeTest#testMoveFunctions1,675.000000
7769,com.google.javascript.jscomp.CheckAccessControlsTest#testConstantProperty8,1220.000000
7770,com.google.javascript.jscomp.NormalizeTest#testMoveFunctions2,693.000000
7771,com.google.javascript.jscomp.CheckAccessControlsTest#testConstantProperty9,1212.000000
7772,com.google.javascript.jscomp.NormalizeTest#testGetterPropertyIsConstant,681.000000
7773,com.google.javascript.jscomp.CheckAccessControlsTest#testOkAssignmentOfDeprecatedProperty,1215.000000
7774,com.google.javascript.jscomp.NormalizeTest#testPropertyIsConstant1,654.000000
7775,com.google.javascript.jscomp.CheckAccessControlsTest#testNoWarningInGlobalScopeForCall,1171.000000
7776,com.google.javascript.jscomp.NormalizeTest#testPropertyIsConstant2,655.000000
7777,com.google.javascript.jscomp.CheckAccessControlsTest#testNullableDeprecatedProperty,1188.000000
7778,com.google.javascript.jscomp.NormalizeTest#testIssue166a,688.000000
7779,com.google.javascript.jscomp.CheckAccessControlsTest#testDeprecatedFunctionVariable,1181.000000
7780,com.google.javascript.jscomp.NormalizeTest#testIssue166b,699.000000
7781,com.google.javascript.jscomp.CheckAccessControlsTest#testNoWarningInDeprecatedFunction,1214.000000
7782,com.google.javascript.jscomp.NormalizeTest#testIssue166c,688.000000
7783,com.google.javascript.jscomp.CheckAccessControlsTest#testNoWarningInGlobalScope,1263.000000
7784,com.google.javascript.jscomp.NormalizeTest#testIssue166d,699.000000
7785,com.google.javascript.jscomp.CheckAccessControlsTest#testConstantProperty10,1211.000000
7786,com.google.javascript.jscomp.NormalizeTest#testIssue166e,664.000000
7787,com.google.javascript.jscomp.CheckAccessControlsTest#testConstantProperty11,1171.000000
7788,com.google.javascript.jscomp.NormalizeTest#testIssue166f,679.000000
7789,com.google.javascript.jscomp.CheckAccessControlsTest#testConstantProperty12,1220.000000
7790,com.google.javascript.jscomp.NormalizeTest#testForIn1,669.000000
7791,com.google.javascript.jscomp.CheckAccessControlsTest#testConstantProperty13,1169.000000
7792,com.google.javascript.jscomp.NormalizeTest#testForIn2,657.000000
7793,com.google.javascript.jscomp.CheckAccessControlsTest#testWarningOnDeprecatedConstVariable,1198.000000
7794,com.google.javascript.jscomp.NormalizeTest#testSkipRenamingExterns,631.000000
7795,com.google.javascript.jscomp.CheckAccessControlsTest#testNoWarningInDeprecatedStaticMethod,1236.000000
7796,com.google.javascript.jscomp.ReplaceIdGeneratorsTest#testConflictingIdGenerator,725.000000
7797,com.google.javascript.jscomp.CheckAccessControlsTest#testProtectedAccessForProperties1,1230.000000
7798,com.google.javascript.jscomp.ReplaceIdGeneratorsTest#testVar,699.000000
7799,com.google.javascript.jscomp.CheckAccessControlsTest#testProtectedAccessForProperties2,1239.000000
7800,com.google.javascript.jscomp.ReplaceIdGeneratorsTest#testReusePreviousSerialization2,597.000000
7801,com.google.javascript.jscomp.CheckAccessControlsTest#testProtectedAccessForProperties3,1238.000000
7802,com.google.javascript.jscomp.ReplaceIdGeneratorsTest#testReusePreviousSerializationConsistent1,677.000000
7803,com.google.javascript.jscomp.CheckAccessControlsTest#testProtectedAccessForProperties4,1227.000000
7804,com.google.javascript.jscomp.ReplaceIdGeneratorsTest#testSimpleConsistent,686.000000
7805,com.google.javascript.jscomp.CheckAccessControlsTest#testProtectedAccessForProperties5,1242.000000
7806,com.google.javascript.jscomp.ReplaceIdGeneratorsTest#testBackwardCompat,600.000000
7807,com.google.javascript.jscomp.CheckAccessControlsTest#testProtectedAccessForProperties6,1260.000000
7808,com.google.javascript.jscomp.ReplaceIdGeneratorsTest#testSimpleStable,685.000000
7809,com.google.javascript.jscomp.CheckAccessControlsTest#testBadOverrideOfProtectedProperty,1146.000000
7810,com.google.javascript.jscomp.ReplaceIdGeneratorsTest#testTwoGenerators,693.000000
7811,com.google.javascript.jscomp.CheckAccessControlsTest#testPrivateAccessForProperties1,1236.000000
7812,com.google.javascript.jscomp.ReplaceIdGeneratorsTest#testSerialization1,597.000000
7813,com.google.javascript.jscomp.CheckAccessControlsTest#testPrivateAccessForProperties2,1230.000000
7814,com.google.javascript.jscomp.ReplaceIdGeneratorsTest#testSerialization2,679.000000
7815,com.google.javascript.jscomp.CheckAccessControlsTest#testPrivateAccessForProperties3,1230.000000
7816,com.google.javascript.jscomp.ReplaceIdGeneratorsTest#testObjLit,706.000000
7817,com.google.javascript.jscomp.CheckAccessControlsTest#testNoPrivateAccessForProperties1,1177.000000
7818,com.google.javascript.jscomp.ReplaceIdGeneratorsTest#testMixedGenerators,702.000000
7819,com.google.javascript.jscomp.CheckAccessControlsTest#testNoPrivateAccessForProperties2,1177.000000
7820,com.google.javascript.jscomp.ReplaceIdGeneratorsTest#testSimple,691.000000
7821,com.google.javascript.jscomp.CheckAccessControlsTest#testNoPrivateAccessForProperties3,1176.000000
7822,com.google.javascript.jscomp.MakeDeclaredNamesUniqueTest#testOnlyInversion3,597.000000
7823,com.google.javascript.jscomp.CheckAccessControlsTest#testNoPrivateAccessForProperties4,1182.000000
7824,com.google.javascript.jscomp.MakeDeclaredNamesUniqueTest#testOnlyInversion4,608.000000
7825,com.google.javascript.jscomp.CheckAccessControlsTest#testNoPrivateAccessForProperties5,1182.000000
7826,com.google.javascript.jscomp.MakeDeclaredNamesUniqueTest#testArguments,619.000000
7827,com.google.javascript.jscomp.CheckAccessControlsTest#testNoPrivateAccessForProperties6,1150.000000
7828,com.google.javascript.jscomp.MakeDeclaredNamesUniqueTest#testConstRemovingRename1,604.000000
7829,com.google.javascript.jscomp.CheckAccessControlsTest#testNoPrivateAccessForProperties7,1188.000000
7830,com.google.javascript.jscomp.MakeDeclaredNamesUniqueTest#testConstRemovingRename2,577.000000
7831,com.google.javascript.jscomp.CheckAccessControlsTest#testNoPrivateAccessForProperties8,1161.000000
7832,com.google.javascript.jscomp.MakeDeclaredNamesUniqueTest#testMakeLocalNamesUniqueWithContext1,623.000000
7833,com.google.javascript.jscomp.CheckAccessControlsTest#testWarningForSubclassMethod,1216.000000
7834,com.google.javascript.jscomp.MakeDeclaredNamesUniqueTest#testMakeLocalNamesUniqueWithContext2,650.000000
7835,com.google.javascript.jscomp.CheckAccessControlsTest#testGoodOverrideOfProtectedProperty,1192.000000
7836,com.google.javascript.jscomp.MakeDeclaredNamesUniqueTest#testMakeLocalNamesUniqueWithContext3,574.000000
7837,com.google.javascript.jscomp.CheckAccessControlsTest#testNoWarningInDeprecatedClass,1236.000000
7838,com.google.javascript.jscomp.MakeDeclaredNamesUniqueTest#testMakeLocalNamesUniqueWithContext4,635.000000
7839,com.google.javascript.jscomp.CheckAccessControlsTest#testNoProtectedAccessForProperties1,1171.000000
7840,com.google.javascript.jscomp.MakeDeclaredNamesUniqueTest#testMakeLocalNamesUniqueWithContext5,653.000000
7841,com.google.javascript.jscomp.CheckAccessControlsTest#testNoProtectedAccessForProperties2,1176.000000
7842,com.google.javascript.jscomp.MakeDeclaredNamesUniqueTest#testOnlyInversion,627.000000
7843,com.google.javascript.jscomp.CheckAccessControlsTest#testNoProtectedAccessForProperties3,1185.000000
7844,com.google.javascript.jscomp.CheckAccessControlsTest#testNoProtectedAccessForProperties4,1185.000000
7845,com.google.javascript.jscomp.CheckAccessControlsTest#testNoProtectedAccessForProperties5,1207.000000
7846,com.google.javascript.jscomp.CheckAccessControlsTest#testWarningForDeprecatedClassInGlobalScope,1156.000000
7847,com.google.javascript.jscomp.CheckAccessControlsTest#testNoWarningForDeprecatedClassInstance,1197.000000
7848,com.google.javascript.jscomp.CheckAccessControlsTest#testWarningForDeprecatedClass,1164.000000
7849,com.google.javascript.jscomp.CheckAccessControlsTest#testNoWarningInDeprecatedClass2,1239.000000
7850,com.google.javascript.jscomp.CheckAccessControlsTest#testDeprecatedObjLitKey,1203.000000
7851,com.google.javascript.jscomp.CheckAccessControlsTest#testNullablePrivateProperty,1169.000000
7852,com.google.javascript.jscomp.CheckAccessControlsTest#testWarningForSuperClassWithDeprecatedSubclassMethod,1260.000000
7853,com.google.javascript.jscomp.CheckAccessControlsTest#testWarningInStaticMethod,1191.000000
7854,com.google.javascript.jscomp.CheckAccessControlsTest#testWarningForSuperclassMethod,1215.000000
7855,com.google.javascript.jscomp.CheckAccessControlsTest#testWarningInNormalClass,1188.000000
7856,com.google.javascript.jscomp.CheckAccessControlsTest#testInstanceofOfPrivateConstructor,1253.000000
7857,com.google.javascript.jscomp.CheckAccessControlsTest#testWarningForProperty1,1205.000000
7858,com.google.javascript.jscomp.CheckAccessControlsTest#testWarningForProperty2,1192.000000
7859,com.google.javascript.jscomp.CheckAccessControlsTest#testNoWarningOnDeprecatedPrototype,1209.000000
7860,com.google.javascript.jscomp.CheckAccessControlsTest#testAccessOfStaticMethodOnPrivateConstructor,1239.000000
7861,com.google.javascript.jscomp.CheckAccessControlsTest#testWarningForDeprecatedSuperClass,1173.000000
7862,com.google.javascript.jscomp.CheckAccessControlsTest#testWarningForSuperclassMethod2,1217.000000
7863,com.google.javascript.jscomp.CheckAccessControlsTest#testWarningForDeprecatedSuperClass2,1212.000000
7864,com.google.javascript.jscomp.CheckAccessControlsTest#testDeprecatedFunction,1180.000000
7865,com.google.javascript.jscomp.CheckAccessControlsTest#testSuppressConstantProperty,1238.000000
7866,com.google.javascript.jscomp.CheckAccessControlsTest#testBadOverrideOfPrivateProperty,1217.000000
7867,com.google.javascript.jscomp.CheckAccessControlsTest#testBadReadOfDeprecatedProperty,1172.000000
7868,com.google.javascript.jscomp.CheckAccessControlsTest#testNoExceptionsWithBadConstructors1,1232.000000
7869,com.google.javascript.jscomp.CheckAccessControlsTest#testNoExceptionsWithBadConstructors2,1226.000000
7870,com.google.javascript.jscomp.CheckAccessControlsTest#testThatNumbersArentDeprecated,1242.000000
7871,com.google.javascript.jscomp.CheckAccessControlsTest#testNoWarningForPrototypeCopying,1244.000000
7872,com.google.javascript.jscomp.CheckAccessControlsTest#testNoWarningForNumbers,1235.000000
7873,com.google.javascript.jscomp.CheckAccessControlsTest#testWarningForPrototypeProperty,1190.000000
7874,com.google.javascript.jscomp.CheckAccessControlsTest#testWarningForMethod1,1191.000000
7875,com.google.javascript.jscomp.CheckAccessControlsTest#testWarningForMethod2,1184.000000
