name;suspiciousness_value
org.apache.commons.lang$Entities#unescape(java.lang.String):813;0.5744269579035527
org.apache.commons.lang$Entities#Entities():38;0.4661490107484188
org.apache.commons.lang$Entities#fillWithHtml40Entities(org.apache.commons.lang.Entities):387;0.4661490107484188
org.apache.commons.lang$Entities#addEntities(java.lang.String[][]):700;0.4661490107484188
org.apache.commons.lang$Entities#addEntity(java.lang.String,int):712;0.4661490107484188
org.apache.commons.lang$Entities$PrimitiveEntityMap#Entities$PrimitiveEntityMap():418;0.4661490107484188
org.apache.commons.lang$Entities$PrimitiveEntityMap#add(java.lang.String,int):426;0.4661490107484188
org.apache.commons.lang$Entities$LookupEntityMap#Entities$LookupEntityMap():501;0.4661490107484188
org.apache.commons.lang$IntHashMap#rehash():257;0.4661490107484188
org.apache.commons.lang$IntHashMap#IntHashMap():95;0.43082021842766455
org.apache.commons.lang$IntHashMap#put(int,java.lang.Object):295;0.43082021842766455
org.apache.commons.lang$IntHashMap$Entry#IntHashMap$Entry(int,int,java.lang.Object,org.apache.commons.lang.IntHashMap$Entry):82;0.43082021842766455
org.apache.commons.lang$IntHashMap#IntHashMap(int,float):120;0.4264014327112209
org.apache.commons.lang$SystemUtils#isJavaVersionAtLeast(int):1277;0.21320071635561041
org.apache.commons.lang.exception$ExceptionUtils#isNestedThrowable(java.lang.Throwable):443;0.21320071635561041
org.apache.commons.lang.enums$EnumUtils#getEnumMap(java.lang.Class):80;0.15075567228888181
org.apache.commons.lang.enums$EnumUtils#getEnumList(java.lang.Class):100;0.15075567228888181
org.apache.commons.lang.enums$EnumUtils#iterator(java.lang.Class):120;0.15075567228888181
org.apache.commons.lang.oldenum$EnumUtils#getEnumMap(java.lang.Class):84;0.15075567228888181
org.apache.commons.lang.oldenum$EnumUtils#getEnumList(java.lang.Class):104;0.15075567228888181
org.apache.commons.lang.oldenum$EnumUtils#iterator(java.lang.Class):124;0.15075567228888181
org.apache.commons.lang.exception$ExceptionUtils#isThrowableNested():430;0.128564869306645
org.apache.commons.lang.enums$Enum#getEntry(java.lang.Class):461;0.1037571695799112
org.apache.commons.lang.oldenum$Enum#getEntry(java.lang.Class):464;0.1037571695799112
org.apache.commons.lang.exception$NestableRuntimeException#NestableRuntimeException():52;0.09534625892455924
org.apache.commons.lang.oldenum$Enum#getEnumClass():518;0.09534625892455922
org.apache.commons.lang$StringUtils#isEmpty(java.lang.String):185;0.09456150270769184
org.apache.commons.lang.enums$Enum#getEnumClass():515;0.09430419201928972
org.apache.commons.lang.oldenum$Enum#createEntry(java.lang.Class):483;0.08956221510397983
org.apache.commons.lang.oldenum$Enum$Entry#Enum$Entry():296;0.08956221510397983
org.apache.commons.lang.enums$Enum#createEntry(java.lang.Class):480;0.08869685939836239
org.apache.commons.lang.enums$Enum$Entry#Enum$Entry():293;0.08869685939836239
org.apache.commons.lang.oldenum$Enum#Enum(java.lang.String):311;0.08547043234472845
org.apache.commons.lang.oldenum$Enum#init(java.lang.String):326;0.08547043234472845
org.apache.commons.lang.enums$Enum#Enum(java.lang.String):308;0.08471737420873575
org.apache.commons.lang.enums$Enum#init(java.lang.String):323;0.08471737420873575
org.apache.commons.lang.enums$Enum#getEnumList(java.lang.Class):428;0.08362420100070908
org.apache.commons.lang.oldenum$Enum#getEnumList(java.lang.Class):431;0.08362420100070908
org.apache.commons.lang.exception$NestableException#NestableException(java.lang.Throwable):129;0.06502560887623551
org.apache.commons.lang.enums$Enum#getEnumMap(java.lang.Class):406;0.05698028822981897
org.apache.commons.lang.oldenum$Enum#getEnumMap(java.lang.Class):409;0.05698028822981897
org.apache.commons.lang.exception$NestableDelegate#NestableDelegate(org.apache.commons.lang.exception.Nestable):100;0.040841850030676544
org.apache.commons.lang$SystemUtils#getJavaVersionAsFloat():1118;0.032995933501778416
org.apache.commons.lang$SystemUtils#getJavaVersionAsInt():1147;0.032995933501778416
org.apache.commons.lang$SystemUtils#getJavaVersionTrimmed():1170;0.032995933501778416
org.apache.commons.lang$SystemUtils#getJavaVersionMatches(java.lang.String):1188;0.032995933501778416
org.apache.commons.lang$SystemUtils#getOSMatches(java.lang.String):1201;0.032995933501778416
org.apache.commons.lang$SystemUtils#getOSMatches(java.lang.String,java.lang.String):1215;0.032995933501778416
org.apache.commons.lang$SystemUtils#getSystemProperty(java.lang.String):1234;0.032995933501778416
org.apache.commons.lang$StringUtils#StringUtils():161;0.0
org.apache.commons.lang$StringUtils#isNotEmpty(java.lang.String):203;0.0
org.apache.commons.lang$StringUtils#isBlank(java.lang.String):223;0.0
org.apache.commons.lang$StringUtils#isNotBlank(java.lang.String):251;0.0
org.apache.commons.lang$StringUtils#clean(java.lang.String):276;0.0
org.apache.commons.lang$StringUtils#trim(java.lang.String):303;0.0
org.apache.commons.lang$StringUtils#trimToNull(java.lang.String):329;0.0
org.apache.commons.lang$StringUtils#trimToEmpty(java.lang.String):355;0.0
org.apache.commons.lang$StringUtils#strip(java.lang.String):383;0.0
org.apache.commons.lang$StringUtils#stripToNull(java.lang.String):410;0.0
org.apache.commons.lang$StringUtils#stripToEmpty(java.lang.String):440;0.0
org.apache.commons.lang$StringUtils#strip(java.lang.String,java.lang.String):470;0.0
org.apache.commons.lang$StringUtils#stripStart(java.lang.String,java.lang.String):503;0.0
org.apache.commons.lang$StringUtils#stripEnd(java.lang.String,java.lang.String):547;0.0
org.apache.commons.lang$StringUtils#stripAll(java.lang.String[]):587;0.0
org.apache.commons.lang$StringUtils#stripAll(java.lang.String[],java.lang.String):617;0.0
org.apache.commons.lang$StringUtils#equals(java.lang.String,java.lang.String):650;0.0
org.apache.commons.lang$StringUtils#equalsIgnoreCase(java.lang.String,java.lang.String):675;0.0
org.apache.commons.lang$StringUtils#indexOf(java.lang.String,char):700;0.0
org.apache.commons.lang$StringUtils#indexOf(java.lang.String,char,int):732;0.0
org.apache.commons.lang$StringUtils#indexOf(java.lang.String,java.lang.String):761;0.0
org.apache.commons.lang$StringUtils#ordinalIndexOf(java.lang.String,java.lang.String,int):795;0.0
org.apache.commons.lang$StringUtils#indexOf(java.lang.String,java.lang.String,int):845;0.0
org.apache.commons.lang$StringUtils#lastIndexOf(java.lang.String,char):877;0.0
org.apache.commons.lang$StringUtils#lastIndexOf(java.lang.String,char,int):911;0.0
org.apache.commons.lang$StringUtils#lastIndexOf(java.lang.String,java.lang.String):940;0.0
org.apache.commons.lang$StringUtils#lastIndexOf(java.lang.String,java.lang.String,int):975;0.0
org.apache.commons.lang$StringUtils#contains(java.lang.String,char):1003;0.0
org.apache.commons.lang$StringUtils#contains(java.lang.String,java.lang.String):1031;0.0
org.apache.commons.lang$StringUtils#containsIgnoreCase(java.lang.String,java.lang.String):1061;0.0
org.apache.commons.lang$StringUtils#indexOfAny(java.lang.String,char[]):1092;0.0
org.apache.commons.lang$StringUtils#indexOfAny(java.lang.String,java.lang.String):1129;0.0
org.apache.commons.lang$StringUtils#indexOfAnyBut(java.lang.String,char[]):1160;0.0
org.apache.commons.lang$StringUtils#indexOfAnyBut(java.lang.String,java.lang.String):1198;0.0
org.apache.commons.lang$StringUtils#containsOnly(java.lang.String,char[]):1234;0.0
org.apache.commons.lang$StringUtils#containsOnly(java.lang.String,java.lang.String):1269;0.0
org.apache.commons.lang$StringUtils#containsNone(java.lang.String,char[]):1300;0.0
org.apache.commons.lang$StringUtils#containsNone(java.lang.String,java.lang.String):1339;0.0
org.apache.commons.lang$StringUtils#indexOfAny(java.lang.String,java.lang.String[]):1374;0.0
org.apache.commons.lang$StringUtils#lastIndexOfAny(java.lang.String,java.lang.String[]):1427;0.0
org.apache.commons.lang$StringUtils#substring(java.lang.String,int):1473;0.0
org.apache.commons.lang$StringUtils#substring(java.lang.String,int,int):1528;0.0
org.apache.commons.lang$StringUtils#left(java.lang.String,int):1583;0.0
org.apache.commons.lang$StringUtils#right(java.lang.String,int):1617;0.0
org.apache.commons.lang$StringUtils#mid(java.lang.String,int,int):1655;0.0
org.apache.commons.lang$StringUtils#substringBefore(java.lang.String,java.lang.String):1699;0.0
org.apache.commons.lang$StringUtils#substringAfter(java.lang.String,java.lang.String):1739;0.0
org.apache.commons.lang$StringUtils#substringBeforeLast(java.lang.String,java.lang.String):1778;0.0
org.apache.commons.lang$StringUtils#substringAfterLast(java.lang.String,java.lang.String):1816;0.0
org.apache.commons.lang$StringUtils#substringBetween(java.lang.String,java.lang.String):1853;0.0
org.apache.commons.lang$StringUtils#substringBetween(java.lang.String,java.lang.String,java.lang.String):1882;0.0
org.apache.commons.lang$StringUtils#getNestedString(java.lang.String,java.lang.String):1920;0.0
org.apache.commons.lang$StringUtils#getNestedString(java.lang.String,java.lang.String,java.lang.String):1950;0.0
org.apache.commons.lang$StringUtils#split(java.lang.String):1978;0.0
org.apache.commons.lang$StringUtils#split(java.lang.String,char):2008;0.0
org.apache.commons.lang$StringUtils#split(java.lang.String,java.lang.String):2037;0.0
org.apache.commons.lang$StringUtils#split(java.lang.String,java.lang.String,int):2071;0.0
org.apache.commons.lang$StringUtils#splitByWholeSeparator(java.lang.String,java.lang.String):2098;0.0
org.apache.commons.lang$StringUtils#splitByWholeSeparator(java.lang.String,java.lang.String,int):2129;0.0
org.apache.commons.lang$StringUtils#splitPreserveAllTokens(java.lang.String):2212;0.0
org.apache.commons.lang$StringUtils#splitPreserveAllTokens(java.lang.String,char):2248;0.0
org.apache.commons.lang$StringUtils#splitWorker(java.lang.String,char,boolean):2266;0.0
org.apache.commons.lang$StringUtils#splitPreserveAllTokens(java.lang.String,java.lang.String):2332;0.0
org.apache.commons.lang$StringUtils#splitPreserveAllTokens(java.lang.String,java.lang.String,int):2372;0.0
org.apache.commons.lang$StringUtils#splitWorker(java.lang.String,java.lang.String,int,boolean):2394;0.0
org.apache.commons.lang$StringUtils#concatenate(java.lang.Object[]):2498;0.0
org.apache.commons.lang$StringUtils#join(java.lang.Object[]):2522;0.0
org.apache.commons.lang$StringUtils#join(java.lang.Object[],char):2548;0.0
org.apache.commons.lang$StringUtils#join(java.lang.Object[],java.lang.String):2590;0.0
org.apache.commons.lang$StringUtils#join(java.util.Iterator,char):2636;0.0
org.apache.commons.lang$StringUtils#join(java.util.Iterator,java.lang.String):2666;0.0
org.apache.commons.lang$StringUtils#deleteSpaces(java.lang.String):2711;0.0
org.apache.commons.lang$StringUtils#deleteWhitespace(java.lang.String):2732;0.0
org.apache.commons.lang$StringUtils#removeStart(java.lang.String,java.lang.String):2776;0.0
org.apache.commons.lang$StringUtils#removeEnd(java.lang.String,java.lang.String):2810;0.0
org.apache.commons.lang$StringUtils#remove(java.lang.String,java.lang.String):2843;0.0
org.apache.commons.lang$StringUtils#remove(java.lang.String,char):2869;0.0
org.apache.commons.lang$StringUtils#replaceOnce(java.lang.String,java.lang.String,java.lang.String):2908;0.0
org.apache.commons.lang$StringUtils#replace(java.lang.String,java.lang.String,java.lang.String):2935;0.0
org.apache.commons.lang$StringUtils#replace(java.lang.String,java.lang.String,java.lang.String,int):2967;0.0
org.apache.commons.lang$StringUtils#replaceChars(java.lang.String,char,char):3015;0.0
org.apache.commons.lang$StringUtils#replaceChars(java.lang.String,java.lang.String,java.lang.String):3058;0.0
org.apache.commons.lang$StringUtils#overlayString(java.lang.String,java.lang.String,int,int):3115;0.0
org.apache.commons.lang$StringUtils#overlay(java.lang.String,java.lang.String,int,int):3152;0.0
org.apache.commons.lang$StringUtils#chomp(java.lang.String):3211;0.0
org.apache.commons.lang$StringUtils#chomp(java.lang.String,java.lang.String):3264;0.0
org.apache.commons.lang$StringUtils#chompLast(java.lang.String):3284;0.0
org.apache.commons.lang$StringUtils#chompLast(java.lang.String,java.lang.String):3298;0.0
org.apache.commons.lang$StringUtils#getChomp(java.lang.String,java.lang.String):3322;0.0
org.apache.commons.lang$StringUtils#prechomp(java.lang.String,java.lang.String):3344;0.0
org.apache.commons.lang$StringUtils#getPrechomp(java.lang.String,java.lang.String):3365;0.0
org.apache.commons.lang$StringUtils#chop(java.lang.String):3399;0.0
org.apache.commons.lang$StringUtils#chopNewline(java.lang.String):3428;0.0
org.apache.commons.lang$StringUtils#escape(java.lang.String):3462;0.0
org.apache.commons.lang$StringUtils#repeat(java.lang.String,int):3488;0.0
org.apache.commons.lang$StringUtils#padding(int,char):3553;0.0
org.apache.commons.lang$StringUtils#rightPad(java.lang.String,int):3583;0.0
org.apache.commons.lang$StringUtils#rightPad(java.lang.String,int,char):3608;0.0
org.apache.commons.lang$StringUtils#rightPad(java.lang.String,int,java.lang.String):3645;0.0
org.apache.commons.lang$StringUtils#leftPad(java.lang.String,int):3695;0.0
org.apache.commons.lang$StringUtils#leftPad(java.lang.String,int,char):3720;0.0
org.apache.commons.lang$StringUtils#leftPad(java.lang.String,int,java.lang.String):3757;0.0
org.apache.commons.lang$StringUtils#center(java.lang.String,int):3813;0.0
org.apache.commons.lang$StringUtils#center(java.lang.String,int,char):3841;0.0
org.apache.commons.lang$StringUtils#center(java.lang.String,int,java.lang.String):3881;0.0
org.apache.commons.lang$StringUtils#upperCase(java.lang.String):3914;0.0
org.apache.commons.lang$StringUtils#lowerCase(java.lang.String):3935;0.0
org.apache.commons.lang$StringUtils#capitalize(java.lang.String):3963;0.0
org.apache.commons.lang$StringUtils#capitalise(java.lang.String):3982;0.0
org.apache.commons.lang$StringUtils#uncapitalize(java.lang.String):4007;0.0
org.apache.commons.lang$StringUtils#uncapitalise(java.lang.String):4026;0.0
org.apache.commons.lang$StringUtils#swapCase(java.lang.String):4058;0.0
org.apache.commons.lang$StringUtils#capitaliseAllWords(java.lang.String):4091;0.0
org.apache.commons.lang$StringUtils#countMatches(java.lang.String,java.lang.String):4116;0.0
org.apache.commons.lang$StringUtils#isAlpha(java.lang.String):4149;0.0
org.apache.commons.lang$StringUtils#isAlphaSpace(java.lang.String):4183;0.0
org.apache.commons.lang$StringUtils#isAlphanumeric(java.lang.String):4216;0.0
org.apache.commons.lang$StringUtils#isAlphanumericSpace(java.lang.String):4250;0.0
org.apache.commons.lang$StringUtils#isAsciiPrintable(java.lang.String):4288;0.0
org.apache.commons.lang$StringUtils#isNumeric(java.lang.String):4322;0.0
org.apache.commons.lang$StringUtils#isNumericSpace(java.lang.String):4358;0.0
org.apache.commons.lang$StringUtils#isWhitespace(java.lang.String):4390;0.0
org.apache.commons.lang$StringUtils#defaultString(java.lang.String):4421;0.0
org.apache.commons.lang$StringUtils#defaultString(java.lang.String,java.lang.String):4442;0.0
org.apache.commons.lang$StringUtils#defaultIfEmpty(java.lang.String,java.lang.String):4462;0.0
org.apache.commons.lang$StringUtils#reverse(java.lang.String):4482;0.0
org.apache.commons.lang$StringUtils#reverseDelimited(java.lang.String,char):4508;0.0
org.apache.commons.lang$StringUtils#reverseDelimitedString(java.lang.String,java.lang.String):4541;0.0
org.apache.commons.lang$StringUtils#abbreviate(java.lang.String,int):4589;0.0
org.apache.commons.lang$StringUtils#abbreviate(java.lang.String,int,int):4628;0.0
org.apache.commons.lang$StringUtils#difference(java.lang.String,java.lang.String):4683;0.0
org.apache.commons.lang$StringUtils#indexOfDifference(java.lang.String,java.lang.String):4720;0.0
org.apache.commons.lang$StringUtils#getLevenshteinDistance(java.lang.String,java.lang.String):4775;0.0
org.apache.commons.lang$LocaleUtils#LocaleUtils():62;0.0
org.apache.commons.lang$LocaleUtils#toLocale(java.lang.String):94;0.0
org.apache.commons.lang$LocaleUtils#localeLookupList(java.util.Locale):142;0.0
org.apache.commons.lang$LocaleUtils#localeLookupList(java.util.Locale,java.util.Locale):164;0.0
org.apache.commons.lang$LocaleUtils#availableLocaleList():191;0.0
org.apache.commons.lang$LocaleUtils#availableLocaleSet():205;0.0
org.apache.commons.lang$LocaleUtils#isAvailableLocale(java.util.Locale):222;0.0
org.apache.commons.lang$LocaleUtils#languagesByCountry(java.lang.String):236;0.0
org.apache.commons.lang$LocaleUtils#countriesByLanguage(java.lang.String):268;0.0
org.apache.commons.lang.mutable$MutableFloat#MutableFloat():39;0.0
org.apache.commons.lang.mutable$MutableFloat#MutableFloat(float):49;0.0
org.apache.commons.lang.mutable$MutableFloat#MutableFloat(java.lang.Number):62;0.0
org.apache.commons.lang.mutable$MutableFloat#getValue():73;0.0
org.apache.commons.lang.mutable$MutableFloat#setValue(float):83;0.0
org.apache.commons.lang.mutable$MutableFloat#setValue(java.lang.Object):97;0.0
org.apache.commons.lang.mutable$MutableFloat#increment():107;0.0
org.apache.commons.lang.mutable$MutableFloat#decrement():116;0.0
org.apache.commons.lang.mutable$MutableFloat#add(float):129;0.0
org.apache.commons.lang.mutable$MutableFloat#add(java.lang.Number):143;0.0
org.apache.commons.lang.mutable$MutableFloat#subtract(float):155;0.0
org.apache.commons.lang.mutable$MutableFloat#subtract(java.lang.Number):169;0.0
org.apache.commons.lang.mutable$MutableFloat#intValue():180;0.0
org.apache.commons.lang.mutable$MutableFloat#longValue():189;0.0
org.apache.commons.lang.mutable$MutableFloat#floatValue():198;0.0
org.apache.commons.lang.mutable$MutableFloat#doubleValue():207;0.0
org.apache.commons.lang.mutable$MutableFloat#isNaN():216;0.0
org.apache.commons.lang.mutable$MutableFloat#isInfinite():225;0.0
org.apache.commons.lang.mutable$MutableFloat#toFloat():235;0.0
org.apache.commons.lang.mutable$MutableFloat#equals(java.lang.Object):272;0.0
org.apache.commons.lang.mutable$MutableFloat#hashCode():283;0.0
org.apache.commons.lang.mutable$MutableFloat#compareTo(java.lang.Object):294;0.0
org.apache.commons.lang.mutable$MutableFloat#toString():305;0.0
org.apache.commons.lang.math$NumberUtils#NumberUtils():85;0.0
org.apache.commons.lang.math$NumberUtils#stringToInt(java.lang.String):108;0.0
org.apache.commons.lang.math$NumberUtils#toInt(java.lang.String):129;0.0
org.apache.commons.lang.math$NumberUtils#stringToInt(java.lang.String,int):151;0.0
org.apache.commons.lang.math$NumberUtils#toInt(java.lang.String,int):172;0.0
org.apache.commons.lang.math$NumberUtils#toLong(java.lang.String):200;0.0
org.apache.commons.lang.math$NumberUtils#toLong(java.lang.String,long):221;0.0
org.apache.commons.lang.math$NumberUtils#toFloat(java.lang.String):250;0.0
org.apache.commons.lang.math$NumberUtils#toFloat(java.lang.String,float):273;0.0
org.apache.commons.lang.math$NumberUtils#toDouble(java.lang.String):302;0.0
org.apache.commons.lang.math$NumberUtils#toDouble(java.lang.String,double):325;0.0
org.apache.commons.lang.math$NumberUtils#createNumber(java.lang.String):398;0.0
org.apache.commons.lang.math$NumberUtils#isAllZeros(java.lang.String):556;0.0
org.apache.commons.lang.math$NumberUtils#createFloat(java.lang.String):578;0.0
org.apache.commons.lang.math$NumberUtils#createDouble(java.lang.String):594;0.0
org.apache.commons.lang.math$NumberUtils#createInteger(java.lang.String):611;0.0
org.apache.commons.lang.math$NumberUtils#createLong(java.lang.String):628;0.0
org.apache.commons.lang.math$NumberUtils#createBigInteger(java.lang.String):644;0.0
org.apache.commons.lang.math$NumberUtils#createBigDecimal(java.lang.String):660;0.0
org.apache.commons.lang.math$NumberUtils#min(long[]):682;0.0
org.apache.commons.lang.math$NumberUtils#min(int[]):709;0.0
org.apache.commons.lang.math$NumberUtils#min(short[]):736;0.0
org.apache.commons.lang.math$NumberUtils#min(double[]):763;0.0
org.apache.commons.lang.math$NumberUtils#min(float[]):790;0.0
org.apache.commons.lang.math$NumberUtils#max(long[]):819;0.0
org.apache.commons.lang.math$NumberUtils#max(int[]):846;0.0
org.apache.commons.lang.math$NumberUtils#max(short[]):873;0.0
org.apache.commons.lang.math$NumberUtils#max(double[]):900;0.0
org.apache.commons.lang.math$NumberUtils#max(float[]):927;0.0
org.apache.commons.lang.math$NumberUtils#min(long,long,long):955;0.0
org.apache.commons.lang.math$NumberUtils#min(int,int,int):973;0.0
org.apache.commons.lang.math$NumberUtils#min(short,short,short):991;0.0
org.apache.commons.lang.math$NumberUtils#min(byte,byte,byte):1009;0.0
org.apache.commons.lang.math$NumberUtils#min(double,double,double):1030;0.0
org.apache.commons.lang.math$NumberUtils#min(float,float,float):1045;0.0
org.apache.commons.lang.math$NumberUtils#max(long,long,long):1059;0.0
org.apache.commons.lang.math$NumberUtils#max(int,int,int):1077;0.0
org.apache.commons.lang.math$NumberUtils#max(short,short,short):1095;0.0
org.apache.commons.lang.math$NumberUtils#max(byte,byte,byte):1113;0.0
org.apache.commons.lang.math$NumberUtils#max(double,double,double):1134;0.0
org.apache.commons.lang.math$NumberUtils#max(float,float,float):1149;0.0
org.apache.commons.lang.math$NumberUtils#compare(double,double):1188;0.0
org.apache.commons.lang.math$NumberUtils#compare(float,float):1249;0.0
org.apache.commons.lang.math$NumberUtils#isDigits(java.lang.String):1289;0.0
org.apache.commons.lang.math$NumberUtils#isNumber(java.lang.String):1314;0.0
org.apache.commons.lang.mutable$MutableLong#MutableLong():37;0.0
org.apache.commons.lang.mutable$MutableLong#MutableLong(long):47;0.0
org.apache.commons.lang.mutable$MutableLong#MutableLong(java.lang.Number):60;0.0
org.apache.commons.lang.mutable$MutableLong#getValue():71;0.0
org.apache.commons.lang.mutable$MutableLong#setValue(long):81;0.0
org.apache.commons.lang.mutable$MutableLong#setValue(java.lang.Object):95;0.0
org.apache.commons.lang.mutable$MutableLong#increment():105;0.0
org.apache.commons.lang.mutable$MutableLong#decrement():114;0.0
org.apache.commons.lang.mutable$MutableLong#add(long):127;0.0
org.apache.commons.lang.mutable$MutableLong#add(java.lang.Number):141;0.0
org.apache.commons.lang.mutable$MutableLong#subtract(long):153;0.0
org.apache.commons.lang.mutable$MutableLong#subtract(java.lang.Number):167;0.0
org.apache.commons.lang.mutable$MutableLong#intValue():178;0.0
org.apache.commons.lang.mutable$MutableLong#longValue():187;0.0
org.apache.commons.lang.mutable$MutableLong#floatValue():196;0.0
org.apache.commons.lang.mutable$MutableLong#doubleValue():205;0.0
org.apache.commons.lang.mutable$MutableLong#toLong():215;0.0
org.apache.commons.lang.mutable$MutableLong#equals(java.lang.Object):229;0.0
org.apache.commons.lang.mutable$MutableLong#hashCode():241;0.0
org.apache.commons.lang.mutable$MutableLong#compareTo(java.lang.Object):253;0.0
org.apache.commons.lang.mutable$MutableLong#toString():264;0.0
org.apache.commons.lang.mutable$MutableInt#MutableInt():37;0.0
org.apache.commons.lang.mutable$MutableInt#MutableInt(int):47;0.0
org.apache.commons.lang.mutable$MutableInt#MutableInt(java.lang.Number):60;0.0
org.apache.commons.lang.mutable$MutableInt#getValue():71;0.0
org.apache.commons.lang.mutable$MutableInt#setValue(int):81;0.0
org.apache.commons.lang.mutable$MutableInt#setValue(java.lang.Object):95;0.0
org.apache.commons.lang.mutable$MutableInt#increment():105;0.0
org.apache.commons.lang.mutable$MutableInt#decrement():114;0.0
org.apache.commons.lang.mutable$MutableInt#add(int):127;0.0
org.apache.commons.lang.mutable$MutableInt#add(java.lang.Number):141;0.0
org.apache.commons.lang.mutable$MutableInt#subtract(int):153;0.0
org.apache.commons.lang.mutable$MutableInt#subtract(java.lang.Number):167;0.0
org.apache.commons.lang.mutable$MutableInt#intValue():178;0.0
org.apache.commons.lang.mutable$MutableInt#longValue():187;0.0
org.apache.commons.lang.mutable$MutableInt#floatValue():196;0.0
org.apache.commons.lang.mutable$MutableInt#doubleValue():205;0.0
org.apache.commons.lang.mutable$MutableInt#toInteger():215;0.0
org.apache.commons.lang.mutable$MutableInt#equals(java.lang.Object):229;0.0
org.apache.commons.lang.mutable$MutableInt#hashCode():241;0.0
org.apache.commons.lang.mutable$MutableInt#compareTo(java.lang.Object):253;0.0
org.apache.commons.lang.mutable$MutableInt#toString():264;0.0
org.apache.commons.lang.mutable$MutableBoolean#MutableBoolean():41;0.0
org.apache.commons.lang.mutable$MutableBoolean#MutableBoolean(boolean):51;0.0
org.apache.commons.lang.mutable$MutableBoolean#MutableBoolean(java.lang.Boolean):64;0.0
org.apache.commons.lang.mutable$MutableBoolean#booleanValue():75;0.0
org.apache.commons.lang.mutable$MutableBoolean#compareTo(java.lang.Object):90;0.0
org.apache.commons.lang.mutable$MutableBoolean#equals(java.lang.Object):106;0.0
org.apache.commons.lang.mutable$MutableBoolean#getValue():119;0.0
org.apache.commons.lang.mutable$MutableBoolean#hashCode():129;0.0
org.apache.commons.lang.mutable$MutableBoolean#setValue(boolean):139;0.0
org.apache.commons.lang.mutable$MutableBoolean#setValue(java.lang.Object):153;0.0
org.apache.commons.lang.mutable$MutableBoolean#toString():162;0.0
org.apache.commons.lang.mutable$MutableDouble#MutableDouble():39;0.0
org.apache.commons.lang.mutable$MutableDouble#MutableDouble(double):49;0.0
org.apache.commons.lang.mutable$MutableDouble#MutableDouble(java.lang.Number):62;0.0
org.apache.commons.lang.mutable$MutableDouble#getValue():73;0.0
org.apache.commons.lang.mutable$MutableDouble#setValue(double):83;0.0
org.apache.commons.lang.mutable$MutableDouble#setValue(java.lang.Object):97;0.0
org.apache.commons.lang.mutable$MutableDouble#intValue():108;0.0
org.apache.commons.lang.mutable$MutableDouble#longValue():117;0.0
org.apache.commons.lang.mutable$MutableDouble#floatValue():126;0.0
org.apache.commons.lang.mutable$MutableDouble#doubleValue():135;0.0
org.apache.commons.lang.mutable$MutableDouble#isNaN():144;0.0
org.apache.commons.lang.mutable$MutableDouble#isInfinite():153;0.0
org.apache.commons.lang.mutable$MutableDouble#toDouble():163;0.0
org.apache.commons.lang.mutable$MutableDouble#increment():173;0.0
org.apache.commons.lang.mutable$MutableDouble#decrement():182;0.0
org.apache.commons.lang.mutable$MutableDouble#add(double):195;0.0
org.apache.commons.lang.mutable$MutableDouble#add(java.lang.Number):209;0.0
org.apache.commons.lang.mutable$MutableDouble#subtract(double):221;0.0
org.apache.commons.lang.mutable$MutableDouble#subtract(java.lang.Number):235;0.0
org.apache.commons.lang.mutable$MutableDouble#equals(java.lang.Object):270;0.0
org.apache.commons.lang.mutable$MutableDouble#hashCode():280;0.0
org.apache.commons.lang.mutable$MutableDouble#compareTo(java.lang.Object):293;0.0
org.apache.commons.lang.mutable$MutableDouble#toString():304;0.0
org.apache.commons.lang.mutable$MutableByte#MutableByte():37;0.0
org.apache.commons.lang.mutable$MutableByte#MutableByte(byte):47;0.0
org.apache.commons.lang.mutable$MutableByte#MutableByte(java.lang.Number):60;0.0
org.apache.commons.lang.mutable$MutableByte#getValue():71;0.0
org.apache.commons.lang.mutable$MutableByte#setValue(byte):81;0.0
org.apache.commons.lang.mutable$MutableByte#setValue(java.lang.Object):95;0.0
org.apache.commons.lang.mutable$MutableByte#byteValue():106;0.0
org.apache.commons.lang.mutable$MutableByte#intValue():115;0.0
org.apache.commons.lang.mutable$MutableByte#longValue():124;0.0
org.apache.commons.lang.mutable$MutableByte#floatValue():133;0.0
org.apache.commons.lang.mutable$MutableByte#doubleValue():142;0.0
org.apache.commons.lang.mutable$MutableByte#toByte():152;0.0
org.apache.commons.lang.mutable$MutableByte#increment():162;0.0
org.apache.commons.lang.mutable$MutableByte#decrement():171;0.0
org.apache.commons.lang.mutable$MutableByte#add(byte):184;0.0
org.apache.commons.lang.mutable$MutableByte#add(java.lang.Number):198;0.0
org.apache.commons.lang.mutable$MutableByte#subtract(byte):210;0.0
org.apache.commons.lang.mutable$MutableByte#subtract(java.lang.Number):224;0.0
org.apache.commons.lang.mutable$MutableByte#equals(java.lang.Object):238;0.0
org.apache.commons.lang.mutable$MutableByte#hashCode():250;0.0
org.apache.commons.lang.mutable$MutableByte#compareTo(java.lang.Object):262;0.0
org.apache.commons.lang.mutable$MutableByte#toString():273;0.0
org.apache.commons.lang.mutable$MutableObject#MutableObject():39;0.0
org.apache.commons.lang.mutable$MutableObject#MutableObject(java.lang.Object):49;0.0
org.apache.commons.lang.mutable$MutableObject#getValue():60;0.0
org.apache.commons.lang.mutable$MutableObject#setValue(java.lang.Object):70;0.0
org.apache.commons.lang.mutable$MutableObject#equals(java.lang.Object):84;0.0
org.apache.commons.lang.mutable$MutableObject#hashCode():97;0.0
org.apache.commons.lang.mutable$MutableObject#toString():106;0.0
org.apache.commons.lang.mutable$MutableShort#MutableShort():37;0.0
org.apache.commons.lang.mutable$MutableShort#MutableShort(short):47;0.0
org.apache.commons.lang.mutable$MutableShort#MutableShort(java.lang.Number):60;0.0
org.apache.commons.lang.mutable$MutableShort#getValue():71;0.0
org.apache.commons.lang.mutable$MutableShort#setValue(short):81;0.0
org.apache.commons.lang.mutable$MutableShort#setValue(java.lang.Object):95;0.0
org.apache.commons.lang.mutable$MutableShort#increment():105;0.0
org.apache.commons.lang.mutable$MutableShort#decrement():114;0.0
org.apache.commons.lang.mutable$MutableShort#add(short):127;0.0
org.apache.commons.lang.mutable$MutableShort#add(java.lang.Number):141;0.0
org.apache.commons.lang.mutable$MutableShort#subtract(short):153;0.0
org.apache.commons.lang.mutable$MutableShort#subtract(java.lang.Number):167;0.0
org.apache.commons.lang.mutable$MutableShort#shortValue():178;0.0
org.apache.commons.lang.mutable$MutableShort#intValue():187;0.0
org.apache.commons.lang.mutable$MutableShort#longValue():196;0.0
org.apache.commons.lang.mutable$MutableShort#floatValue():205;0.0
org.apache.commons.lang.mutable$MutableShort#doubleValue():214;0.0
org.apache.commons.lang.mutable$MutableShort#toShort():224;0.0
org.apache.commons.lang.mutable$MutableShort#equals(java.lang.Object):238;0.0
org.apache.commons.lang.mutable$MutableShort#hashCode():250;0.0
org.apache.commons.lang.mutable$MutableShort#compareTo(java.lang.Object):262;0.0
org.apache.commons.lang.mutable$MutableShort#toString():273;0.0
org.apache.commons.lang$NullArgumentException#NullArgumentException(java.lang.String):56;0.0
org.apache.commons.lang$IncompleteArgumentException#IncompleteArgumentException(java.lang.String):58;0.0
org.apache.commons.lang$IncompleteArgumentException#IncompleteArgumentException(java.lang.String,java.lang.String[]):68;0.0
org.apache.commons.lang$IncompleteArgumentException#safeArrayToString(java.lang.Object[]):81;0.0
org.apache.commons.lang$ArrayUtils#ArrayUtils():143;0.0
org.apache.commons.lang$ArrayUtils#toString(java.lang.Object):160;0.0
org.apache.commons.lang$ArrayUtils#toString(java.lang.Object,java.lang.String):176;0.0
org.apache.commons.lang$ArrayUtils#hashCode(java.lang.Object):191;0.0
org.apache.commons.lang$ArrayUtils#isEquals(java.lang.Object,java.lang.Object):205;0.0
org.apache.commons.lang$ArrayUtils#toMap(java.lang.Object[]):236;0.0
org.apache.commons.lang$ArrayUtils#clone(java.lang.Object[]):277;0.0
org.apache.commons.lang$ArrayUtils#clone(long[]):293;0.0
org.apache.commons.lang$ArrayUtils#clone(int[]):309;0.0
org.apache.commons.lang$ArrayUtils#clone(short[]):325;0.0
org.apache.commons.lang$ArrayUtils#clone(char[]):341;0.0
org.apache.commons.lang$ArrayUtils#clone(byte[]):357;0.0
org.apache.commons.lang$ArrayUtils#clone(double[]):373;0.0
org.apache.commons.lang$ArrayUtils#clone(float[]):389;0.0
org.apache.commons.lang$ArrayUtils#clone(boolean[]):405;0.0
org.apache.commons.lang$ArrayUtils#subarray(java.lang.Object[],int,int):441;0.0
org.apache.commons.lang$ArrayUtils#subarray(long[],int,int):480;0.0
org.apache.commons.lang$ArrayUtils#subarray(int[],int,int):519;0.0
org.apache.commons.lang$ArrayUtils#subarray(short[],int,int):558;0.0
org.apache.commons.lang$ArrayUtils#subarray(char[],int,int):597;0.0
org.apache.commons.lang$ArrayUtils#subarray(byte[],int,int):636;0.0
org.apache.commons.lang$ArrayUtils#subarray(double[],int,int):675;0.0
org.apache.commons.lang$ArrayUtils#subarray(float[],int,int):714;0.0
org.apache.commons.lang$ArrayUtils#subarray(boolean[],int,int):753;0.0
org.apache.commons.lang$ArrayUtils#isSameLength(java.lang.Object[],java.lang.Object[]):786;0.0
org.apache.commons.lang$ArrayUtils#isSameLength(long[],long[]):804;0.0
org.apache.commons.lang$ArrayUtils#isSameLength(int[],int[]):822;0.0
org.apache.commons.lang$ArrayUtils#isSameLength(short[],short[]):840;0.0
org.apache.commons.lang$ArrayUtils#isSameLength(char[],char[]):858;0.0
org.apache.commons.lang$ArrayUtils#isSameLength(byte[],byte[]):876;0.0
org.apache.commons.lang$ArrayUtils#isSameLength(double[],double[]):894;0.0
org.apache.commons.lang$ArrayUtils#isSameLength(float[],float[]):912;0.0
org.apache.commons.lang$ArrayUtils#isSameLength(boolean[],boolean[]):930;0.0
org.apache.commons.lang$ArrayUtils#getLength(java.lang.Object):960;0.0
org.apache.commons.lang$ArrayUtils#isSameType(java.lang.Object,java.lang.Object):976;0.0
org.apache.commons.lang$ArrayUtils#reverse(java.lang.Object[]):994;0.0
org.apache.commons.lang$ArrayUtils#reverse(long[]):1017;0.0
org.apache.commons.lang$ArrayUtils#reverse(int[]):1040;0.0
org.apache.commons.lang$ArrayUtils#reverse(short[]):1063;0.0
org.apache.commons.lang$ArrayUtils#reverse(char[]):1086;0.0
org.apache.commons.lang$ArrayUtils#reverse(byte[]):1109;0.0
org.apache.commons.lang$ArrayUtils#reverse(double[]):1132;0.0
org.apache.commons.lang$ArrayUtils#reverse(float[]):1155;0.0
org.apache.commons.lang$ArrayUtils#reverse(boolean[]):1178;0.0
org.apache.commons.lang$ArrayUtils#indexOf(java.lang.Object[],java.lang.Object):1209;0.0
org.apache.commons.lang$ArrayUtils#indexOf(java.lang.Object[],java.lang.Object,int):1227;0.0
org.apache.commons.lang$ArrayUtils#lastIndexOf(java.lang.Object[],java.lang.Object):1260;0.0
org.apache.commons.lang$ArrayUtils#lastIndexOf(java.lang.Object[],java.lang.Object,int):1278;0.0
org.apache.commons.lang$ArrayUtils#contains(java.lang.Object[],java.lang.Object):1312;0.0
org.apache.commons.lang$ArrayUtils#indexOf(long[],long):1328;0.0
org.apache.commons.lang$ArrayUtils#indexOf(long[],long,int):1346;0.0
org.apache.commons.lang$ArrayUtils#lastIndexOf(long[],long):1371;0.0
org.apache.commons.lang$ArrayUtils#lastIndexOf(long[],long,int):1389;0.0
org.apache.commons.lang$ArrayUtils#contains(long[],long):1415;0.0
org.apache.commons.lang$ArrayUtils#indexOf(int[],int):1431;0.0
org.apache.commons.lang$ArrayUtils#indexOf(int[],int,int):1449;0.0
org.apache.commons.lang$ArrayUtils#lastIndexOf(int[],int):1474;0.0
org.apache.commons.lang$ArrayUtils#lastIndexOf(int[],int,int):1492;0.0
org.apache.commons.lang$ArrayUtils#contains(int[],int):1518;0.0
org.apache.commons.lang$ArrayUtils#indexOf(short[],short):1534;0.0
org.apache.commons.lang$ArrayUtils#indexOf(short[],short,int):1552;0.0
org.apache.commons.lang$ArrayUtils#lastIndexOf(short[],short):1577;0.0
org.apache.commons.lang$ArrayUtils#lastIndexOf(short[],short,int):1595;0.0
org.apache.commons.lang$ArrayUtils#contains(short[],short):1621;0.0
org.apache.commons.lang$ArrayUtils#indexOf(char[],char):1638;0.0
org.apache.commons.lang$ArrayUtils#indexOf(char[],char,int):1657;0.0
org.apache.commons.lang$ArrayUtils#lastIndexOf(char[],char):1683;0.0
org.apache.commons.lang$ArrayUtils#lastIndexOf(char[],char,int):1702;0.0
org.apache.commons.lang$ArrayUtils#contains(char[],char):1729;0.0
org.apache.commons.lang$ArrayUtils#indexOf(byte[],byte):1745;0.0
org.apache.commons.lang$ArrayUtils#indexOf(byte[],byte,int):1763;0.0
org.apache.commons.lang$ArrayUtils#lastIndexOf(byte[],byte):1788;0.0
org.apache.commons.lang$ArrayUtils#lastIndexOf(byte[],byte,int):1806;0.0
org.apache.commons.lang$ArrayUtils#contains(byte[],byte):1832;0.0
org.apache.commons.lang$ArrayUtils#indexOf(double[],double):1848;0.0
org.apache.commons.lang$ArrayUtils#indexOf(double[],double,double):1865;0.0
org.apache.commons.lang$ArrayUtils#indexOf(double[],double,int):1883;0.0
org.apache.commons.lang$ArrayUtils#indexOf(double[],double,int,double):1915;0.0
org.apache.commons.lang$ArrayUtils#lastIndexOf(double[],double):1942;0.0
org.apache.commons.lang$ArrayUtils#lastIndexOf(double[],double,double):1959;0.0
org.apache.commons.lang$ArrayUtils#lastIndexOf(double[],double,int):1977;0.0
org.apache.commons.lang$ArrayUtils#lastIndexOf(double[],double,int,double):2011;0.0
org.apache.commons.lang$ArrayUtils#contains(double[],double):2039;0.0
org.apache.commons.lang$ArrayUtils#contains(double[],double,double):2056;0.0
org.apache.commons.lang$ArrayUtils#indexOf(float[],float):2072;0.0
org.apache.commons.lang$ArrayUtils#indexOf(float[],float,int):2090;0.0
org.apache.commons.lang$ArrayUtils#lastIndexOf(float[],float):2115;0.0
org.apache.commons.lang$ArrayUtils#lastIndexOf(float[],float,int):2133;0.0
org.apache.commons.lang$ArrayUtils#contains(float[],float):2159;0.0
org.apache.commons.lang$ArrayUtils#indexOf(boolean[],boolean):2175;0.0
org.apache.commons.lang$ArrayUtils#indexOf(boolean[],boolean,int):2194;0.0
org.apache.commons.lang$ArrayUtils#lastIndexOf(boolean[],boolean):2220;0.0
org.apache.commons.lang$ArrayUtils#lastIndexOf(boolean[],boolean,int):2238;0.0
org.apache.commons.lang$ArrayUtils#contains(boolean[],boolean):2264;0.0
org.apache.commons.lang$ArrayUtils#toPrimitive(java.lang.Character[]):2282;0.0
org.apache.commons.lang$ArrayUtils#toPrimitive(java.lang.Character[],char):2304;0.0
org.apache.commons.lang$ArrayUtils#toObject(char[]):2326;0.0
org.apache.commons.lang$ArrayUtils#toPrimitive(java.lang.Long[]):2350;0.0
org.apache.commons.lang$ArrayUtils#toPrimitive(java.lang.Long[],long):2372;0.0
org.apache.commons.lang$ArrayUtils#toObject(long[]):2394;0.0
org.apache.commons.lang$ArrayUtils#toPrimitive(java.lang.Integer[]):2418;0.0
org.apache.commons.lang$ArrayUtils#toPrimitive(java.lang.Integer[],int):2440;0.0
org.apache.commons.lang$ArrayUtils#toObject(int[]):2462;0.0
org.apache.commons.lang$ArrayUtils#toPrimitive(java.lang.Short[]):2486;0.0
org.apache.commons.lang$ArrayUtils#toPrimitive(java.lang.Short[],short):2508;0.0
org.apache.commons.lang$ArrayUtils#toObject(short[]):2530;0.0
org.apache.commons.lang$ArrayUtils#toPrimitive(java.lang.Byte[]):2554;0.0
org.apache.commons.lang$ArrayUtils#toPrimitive(java.lang.Byte[],byte):2576;0.0
org.apache.commons.lang$ArrayUtils#toObject(byte[]):2598;0.0
org.apache.commons.lang$ArrayUtils#toPrimitive(java.lang.Double[]):2622;0.0
org.apache.commons.lang$ArrayUtils#toPrimitive(java.lang.Double[],double):2644;0.0
org.apache.commons.lang$ArrayUtils#toObject(double[]):2666;0.0
org.apache.commons.lang$ArrayUtils#toPrimitive(java.lang.Float[]):2690;0.0
org.apache.commons.lang$ArrayUtils#toPrimitive(java.lang.Float[],float):2712;0.0
org.apache.commons.lang$ArrayUtils#toObject(float[]):2734;0.0
org.apache.commons.lang$ArrayUtils#toPrimitive(java.lang.Boolean[]):2758;0.0
org.apache.commons.lang$ArrayUtils#toPrimitive(java.lang.Boolean[],boolean):2780;0.0
org.apache.commons.lang$ArrayUtils#toObject(boolean[]):2802;0.0
org.apache.commons.lang$ArrayUtils#isEmpty(java.lang.Object[]):2823;0.0
org.apache.commons.lang$ArrayUtils#isEmpty(long[]):2837;0.0
org.apache.commons.lang$ArrayUtils#isEmpty(int[]):2851;0.0
org.apache.commons.lang$ArrayUtils#isEmpty(short[]):2865;0.0
org.apache.commons.lang$ArrayUtils#isEmpty(char[]):2879;0.0
org.apache.commons.lang$ArrayUtils#isEmpty(byte[]):2893;0.0
org.apache.commons.lang$ArrayUtils#isEmpty(double[]):2907;0.0
org.apache.commons.lang$ArrayUtils#isEmpty(float[]):2921;0.0
org.apache.commons.lang$ArrayUtils#isEmpty(boolean[]):2935;0.0
org.apache.commons.lang$ArrayUtils#addAll(java.lang.Object[],java.lang.Object[]):2963;0.0
org.apache.commons.lang$ArrayUtils#addAll(boolean[],boolean[]):2993;0.0
org.apache.commons.lang$ArrayUtils#addAll(char[],char[]):3022;0.0
org.apache.commons.lang$ArrayUtils#addAll(byte[],byte[]):3051;0.0
org.apache.commons.lang$ArrayUtils#addAll(short[],short[]):3080;0.0
org.apache.commons.lang$ArrayUtils#addAll(int[],int[]):3109;0.0
org.apache.commons.lang$ArrayUtils#addAll(long[],long[]):3138;0.0
org.apache.commons.lang$ArrayUtils#addAll(float[],float[]):3167;0.0
org.apache.commons.lang$ArrayUtils#addAll(double[],double[]):3196;0.0
org.apache.commons.lang$ArrayUtils#add(java.lang.Object[],java.lang.Object):3231;0.0
org.apache.commons.lang$ArrayUtils#add(boolean[],boolean):3259;0.0
org.apache.commons.lang$ArrayUtils#add(byte[],byte):3286;0.0
org.apache.commons.lang$ArrayUtils#add(char[],char):3313;0.0
org.apache.commons.lang$ArrayUtils#add(double[],double):3340;0.0
org.apache.commons.lang$ArrayUtils#add(float[],float):3367;0.0
org.apache.commons.lang$ArrayUtils#add(int[],int):3394;0.0
org.apache.commons.lang$ArrayUtils#add(long[],long):3421;0.0
org.apache.commons.lang$ArrayUtils#add(short[],short):3448;0.0
org.apache.commons.lang$ArrayUtils#copyArrayGrow1(java.lang.Object,java.lang.Class):3463;0.0
org.apache.commons.lang$ArrayUtils#add(java.lang.Object[],int,java.lang.Object):3501;0.0
org.apache.commons.lang$ArrayUtils#add(boolean[],int,boolean):3541;0.0
org.apache.commons.lang$ArrayUtils#add(char[],int,char):3573;0.0
org.apache.commons.lang$ArrayUtils#add(byte[],int,byte):3604;0.0
org.apache.commons.lang$ArrayUtils#add(short[],int,short):3635;0.0
org.apache.commons.lang$ArrayUtils#add(int[],int,int):3666;0.0
org.apache.commons.lang$ArrayUtils#add(long[],int,long):3697;0.0
org.apache.commons.lang$ArrayUtils#add(float[],int,float):3728;0.0
org.apache.commons.lang$ArrayUtils#add(double[],int,double):3759;0.0
org.apache.commons.lang$ArrayUtils#add(java.lang.Object,int,java.lang.Object,java.lang.Class):3774;0.0
org.apache.commons.lang$ArrayUtils#remove(java.lang.Object[],int):3824;0.0
org.apache.commons.lang$ArrayUtils#removeElement(java.lang.Object[],java.lang.Object):3853;0.0
org.apache.commons.lang$ArrayUtils#remove(boolean[],int):3889;0.0
org.apache.commons.lang$ArrayUtils#removeElement(boolean[],boolean):3918;0.0
org.apache.commons.lang$ArrayUtils#remove(byte[],int):3954;0.0
org.apache.commons.lang$ArrayUtils#removeElement(byte[],byte):3983;0.0
org.apache.commons.lang$ArrayUtils#remove(char[],int):4019;0.0
org.apache.commons.lang$ArrayUtils#removeElement(char[],char):4048;0.0
org.apache.commons.lang$ArrayUtils#remove(double[],int):4084;0.0
org.apache.commons.lang$ArrayUtils#removeElement(double[],double):4113;0.0
org.apache.commons.lang$ArrayUtils#remove(float[],int):4149;0.0
org.apache.commons.lang$ArrayUtils#removeElement(float[],float):4178;0.0
org.apache.commons.lang$ArrayUtils#remove(int[],int):4214;0.0
org.apache.commons.lang$ArrayUtils#removeElement(int[],int):4243;0.0
org.apache.commons.lang$ArrayUtils#remove(long[],int):4279;0.0
org.apache.commons.lang$ArrayUtils#removeElement(long[],long):4308;0.0
org.apache.commons.lang$ArrayUtils#remove(short[],int):4344;0.0
org.apache.commons.lang$ArrayUtils#removeElement(short[],short):4373;0.0
org.apache.commons.lang$ArrayUtils#remove(java.lang.Object,int):4402;0.0
org.apache.commons.lang$BooleanUtils#BooleanUtils():43;0.0
org.apache.commons.lang$BooleanUtils#negate(java.lang.Boolean):63;0.0
org.apache.commons.lang$BooleanUtils#isTrue(java.lang.Boolean):85;0.0
org.apache.commons.lang$BooleanUtils#isFalse(java.lang.Boolean):105;0.0
org.apache.commons.lang$BooleanUtils#toBooleanObject(boolean):125;0.0
org.apache.commons.lang$BooleanUtils#toBoolean(java.lang.Boolean):143;0.0
org.apache.commons.lang$BooleanUtils#toBooleanDefaultIfNull(java.lang.Boolean,boolean):163;0.0
org.apache.commons.lang$BooleanUtils#toBoolean(int):186;0.0
org.apache.commons.lang$BooleanUtils#toBooleanObject(int):204;0.0
org.apache.commons.lang$BooleanUtils#toBooleanObject(java.lang.Integer):224;0.0
org.apache.commons.lang$BooleanUtils#toBoolean(int,int,int):247;0.0
org.apache.commons.lang$BooleanUtils#toBoolean(java.lang.Integer,java.lang.Integer,java.lang.Integer):276;0.0
org.apache.commons.lang$BooleanUtils#toBooleanObject(int,int,int,int):308;0.0
org.apache.commons.lang$BooleanUtils#toBooleanObject(java.lang.Integer,java.lang.Integer,java.lang.Integer,java.lang.Integer):339;0.0
org.apache.commons.lang$BooleanUtils#toInteger(boolean):373;0.0
org.apache.commons.lang$BooleanUtils#toIntegerObject(boolean):389;0.0
org.apache.commons.lang$BooleanUtils#toIntegerObject(java.lang.Boolean):407;0.0
org.apache.commons.lang$BooleanUtils#toInteger(boolean,int,int):427;0.0
org.apache.commons.lang$BooleanUtils#toInteger(java.lang.Boolean,int,int,int):446;0.0
org.apache.commons.lang$BooleanUtils#toIntegerObject(boolean,java.lang.Integer,java.lang.Integer):468;0.0
org.apache.commons.lang$BooleanUtils#toIntegerObject(java.lang.Boolean,java.lang.Integer,java.lang.Integer,java.lang.Integer):490;0.0
org.apache.commons.lang$BooleanUtils#toBooleanObject(java.lang.String):523;0.0
org.apache.commons.lang$BooleanUtils#toBooleanObject(java.lang.String,java.lang.String,java.lang.String,java.lang.String):560;0.0
org.apache.commons.lang$BooleanUtils#toBoolean(java.lang.String):613;0.0
org.apache.commons.lang$BooleanUtils#toBoolean(java.lang.String,java.lang.String,java.lang.String):689;0.0
org.apache.commons.lang$BooleanUtils#toStringTrueFalse(java.lang.Boolean):721;0.0
org.apache.commons.lang$BooleanUtils#toStringOnOff(java.lang.Boolean):739;0.0
org.apache.commons.lang$BooleanUtils#toStringYesNo(java.lang.Boolean):757;0.0
org.apache.commons.lang$BooleanUtils#toString(java.lang.Boolean,java.lang.String,java.lang.String,java.lang.String):779;0.0
org.apache.commons.lang$BooleanUtils#toStringTrueFalse(boolean):801;0.0
org.apache.commons.lang$BooleanUtils#toStringOnOff(boolean):818;0.0
org.apache.commons.lang$BooleanUtils#toStringYesNo(boolean):835;0.0
org.apache.commons.lang$BooleanUtils#toString(boolean,java.lang.String,java.lang.String):854;0.0
org.apache.commons.lang$BooleanUtils#xor(boolean[]):875;0.0
org.apache.commons.lang$BooleanUtils#xor(java.lang.Boolean[]):915;0.0
org.apache.commons.lang$CharUtils#CharUtils():86;0.0
org.apache.commons.lang$CharUtils#toCharacterObject(char):105;0.0
org.apache.commons.lang$CharUtils#toCharacterObject(java.lang.String):129;0.0
org.apache.commons.lang$CharUtils#toChar(java.lang.Character):150;0.0
org.apache.commons.lang$CharUtils#toChar(java.lang.Character,char):170;0.0
org.apache.commons.lang$CharUtils#toChar(java.lang.String):193;0.0
org.apache.commons.lang$CharUtils#toChar(java.lang.String,char):215;0.0
org.apache.commons.lang$CharUtils#toIntValue(char):238;0.0
org.apache.commons.lang$CharUtils#toIntValue(char,int):260;0.0
org.apache.commons.lang$CharUtils#toIntValue(java.lang.Character):283;0.0
org.apache.commons.lang$CharUtils#toIntValue(java.lang.Character,int):306;0.0
org.apache.commons.lang$CharUtils#toString(char):328;0.0
org.apache.commons.lang$CharUtils#toString(java.lang.Character):352;0.0
org.apache.commons.lang$CharUtils#unicodeEscaped(char):373;0.0
org.apache.commons.lang$CharUtils#unicodeEscaped(java.lang.Character):400;0.0
org.apache.commons.lang$CharUtils#isAscii(char):423;0.0
org.apache.commons.lang$CharUtils#isAsciiPrintable(char):442;0.0
org.apache.commons.lang$CharUtils#isAsciiControl(char):461;0.0
org.apache.commons.lang$CharUtils#isAsciiAlpha(char):480;0.0
org.apache.commons.lang$CharUtils#isAsciiAlphaUpper(char):499;0.0
org.apache.commons.lang$CharUtils#isAsciiAlphaLower(char):518;0.0
org.apache.commons.lang$CharUtils#isAsciiNumeric(char):537;0.0
org.apache.commons.lang$CharUtils#isAsciiAlphanumeric(char):556;0.0
org.apache.commons.lang$Validate#Validate():47;0.0
org.apache.commons.lang$Validate#isTrue(boolean,java.lang.String,java.lang.Object):75;0.0
org.apache.commons.lang$Validate#isTrue(boolean,java.lang.String,long):101;0.0
org.apache.commons.lang$Validate#isTrue(boolean,java.lang.String,double):128;0.0
org.apache.commons.lang$Validate#isTrue(boolean,java.lang.String):155;0.0
org.apache.commons.lang$Validate#isTrue(boolean):179;0.0
org.apache.commons.lang$Validate#notNull(java.lang.Object,java.lang.String):201;0.0
org.apache.commons.lang$Validate#notNull(java.lang.Object):220;0.0
org.apache.commons.lang$Validate#notEmpty(java.lang.Object[],java.lang.String):241;0.0
org.apache.commons.lang$Validate#notEmpty(java.lang.Object[]):260;0.0
org.apache.commons.lang$Validate#notEmpty(java.util.Collection,java.lang.String):281;0.0
org.apache.commons.lang$Validate#notEmpty(java.util.Collection):300;0.0
org.apache.commons.lang$Validate#notEmpty(java.util.Map,java.lang.String):321;0.0
org.apache.commons.lang$Validate#notEmpty(java.util.Map):340;0.0
org.apache.commons.lang$Validate#notEmpty(java.lang.String,java.lang.String):361;0.0
org.apache.commons.lang$Validate#notEmpty(java.lang.String):380;0.0
org.apache.commons.lang$Validate#noNullElements(java.lang.Object[],java.lang.String):406;0.0
org.apache.commons.lang$Validate#noNullElements(java.lang.Object[]):433;0.0
org.apache.commons.lang$Validate#noNullElements(java.util.Collection,java.lang.String):462;0.0
org.apache.commons.lang$Validate#noNullElements(java.util.Collection):488;0.0
org.apache.commons.lang$Validate#allElementsOfType(java.util.Collection,java.lang.Class,java.lang.String):512;0.0
org.apache.commons.lang$Validate#allElementsOfType(java.util.Collection,java.lang.Class):542;0.0
org.apache.commons.lang$SystemUtils#SystemUtils():1082;0.0
org.apache.commons.lang$SystemUtils#getJavaVersion():1100;0.0
org.apache.commons.lang$SystemUtils#isJavaVersionAtLeast(float):1259;0.0
org.apache.commons.lang$SystemUtils#isJavaAwtHeadless():1291;0.0
org.apache.commons.lang$SystemUtils#getJavaHome():1304;0.0
org.apache.commons.lang$SystemUtils#getJavaIoTmpDir():1318;0.0
org.apache.commons.lang$SystemUtils#getUserDir():1332;0.0
org.apache.commons.lang$SystemUtils#getUserHome():1346;0.0
org.apache.commons.lang$IllegalClassException#IllegalClassException(java.lang.Class,java.lang.Object):57;0.0
org.apache.commons.lang$IllegalClassException#IllegalClassException(java.lang.Class,java.lang.Class):71;0.0
org.apache.commons.lang$IllegalClassException#IllegalClassException(java.lang.String):84;0.0
org.apache.commons.lang$IllegalClassException#safeGetClassName(java.lang.Class):95;0.0
org.apache.commons.lang$NumberRange#NumberRange(java.lang.Number):51;0.0
org.apache.commons.lang$NumberRange#NumberRange(java.lang.Number,java.lang.Number):72;0.0
org.apache.commons.lang$NumberRange#getMinimum():93;0.0
org.apache.commons.lang$NumberRange#getMaximum():102;0.0
org.apache.commons.lang$NumberRange#includesNumber(java.lang.Number):114;0.0
org.apache.commons.lang$NumberRange#includesRange(org.apache.commons.lang.NumberRange):131;0.0
org.apache.commons.lang$NumberRange#overlaps(org.apache.commons.lang.NumberRange):147;0.0
org.apache.commons.lang$NumberRange#equals(java.lang.Object):164;0.0
org.apache.commons.lang$NumberRange#hashCode():180;0.0
org.apache.commons.lang$NumberRange#toString():196;0.0
org.apache.commons.lang$NotImplementedException#NotImplementedException():77;0.0
org.apache.commons.lang$NotImplementedException#NotImplementedException(java.lang.String):87;0.0
org.apache.commons.lang$NotImplementedException#NotImplementedException(java.lang.Throwable):98;0.0
org.apache.commons.lang$NotImplementedException#NotImplementedException(java.lang.String,java.lang.Throwable):111;0.0
org.apache.commons.lang$NotImplementedException#NotImplementedException(java.lang.Class):122;0.0
org.apache.commons.lang$NotImplementedException#getCause():133;0.0
org.apache.commons.lang$NotImplementedException#getMessage():143;0.0
org.apache.commons.lang$NotImplementedException#getMessage(int):164;0.0
org.apache.commons.lang$NotImplementedException#getMessages():179;0.0
org.apache.commons.lang$NotImplementedException#getThrowable(int):192;0.0
org.apache.commons.lang$NotImplementedException#getThrowableCount():203;0.0
org.apache.commons.lang$NotImplementedException#getThrowables():215;0.0
org.apache.commons.lang$NotImplementedException#indexOfThrowable(java.lang.Class):228;0.0
org.apache.commons.lang$NotImplementedException#indexOfThrowable(java.lang.Class,int):244;0.0
org.apache.commons.lang$NotImplementedException#printStackTrace():254;0.0
org.apache.commons.lang$NotImplementedException#printStackTrace(java.io.PrintStream):265;0.0
org.apache.commons.lang$NotImplementedException#printStackTrace(java.io.PrintWriter):276;0.0
org.apache.commons.lang$NotImplementedException#printPartialStackTrace(java.io.PrintWriter):287;0.0
org.apache.commons.lang.exception$NestableException#NestableException():108;0.0
org.apache.commons.lang.exception$NestableException#NestableException(java.lang.String):118;0.0
org.apache.commons.lang.exception$NestableException#NestableException(java.lang.String,java.lang.Throwable):142;0.0
org.apache.commons.lang.exception$NestableException#getCause():150;0.0
org.apache.commons.lang.exception$NestableException#getMessage():161;0.0
org.apache.commons.lang.exception$NestableException#getMessage(int):174;0.0
org.apache.commons.lang.exception$NestableException#getMessages():185;0.0
org.apache.commons.lang.exception$NestableException#getThrowable(int):192;0.0
org.apache.commons.lang.exception$NestableException#getThrowableCount():199;0.0
org.apache.commons.lang.exception$NestableException#getThrowables():206;0.0
org.apache.commons.lang.exception$NestableException#indexOfThrowable(java.lang.Class):213;0.0
org.apache.commons.lang.exception$NestableException#indexOfThrowable(java.lang.Class,int):220;0.0
org.apache.commons.lang.exception$NestableException#printStackTrace():227;0.0
org.apache.commons.lang.exception$NestableException#printStackTrace(java.io.PrintStream):234;0.0
org.apache.commons.lang.exception$NestableException#printStackTrace(java.io.PrintWriter):241;0.0
org.apache.commons.lang.exception$NestableException#printPartialStackTrace(java.io.PrintWriter):248;0.0
org.apache.commons.lang.exception$NestableDelegate#getMessage(int):122;0.0
org.apache.commons.lang.exception$NestableDelegate#getMessage(java.lang.String):140;0.0
org.apache.commons.lang.exception$NestableDelegate#getMessages():161;0.0
org.apache.commons.lang.exception$NestableDelegate#getThrowable(int):185;0.0
org.apache.commons.lang.exception$NestableDelegate#getThrowableCount():200;0.0
org.apache.commons.lang.exception$NestableDelegate#getThrowables():212;0.0
org.apache.commons.lang.exception$NestableDelegate#indexOfThrowable(java.lang.Class,int):240;0.0
org.apache.commons.lang.exception$NestableDelegate#printStackTrace():272;0.0
org.apache.commons.lang.exception$NestableDelegate#printStackTrace(java.io.PrintStream):283;0.0
org.apache.commons.lang.exception$NestableDelegate#printStackTrace(java.io.PrintWriter):303;0.0
org.apache.commons.lang.exception$NestableDelegate#getStackFrames(java.lang.Throwable):357;0.0
org.apache.commons.lang.exception$NestableDelegate#trimStackFrames(java.util.List):378;0.0
org.apache.commons.lang.exception$ExceptionUtils#ExceptionUtils():109;0.0
org.apache.commons.lang.exception$ExceptionUtils#addCauseMethodName(java.lang.String):122;0.0
org.apache.commons.lang.exception$ExceptionUtils#removeCauseMethodName(java.lang.String):139;0.0
org.apache.commons.lang.exception$ExceptionUtils#setCause(java.lang.Throwable,java.lang.Throwable):176;0.0
org.apache.commons.lang.exception$ExceptionUtils#toArray(java.util.List):211;0.0
org.apache.commons.lang.exception$ExceptionUtils#getCauseMethodNameList():220;0.0
org.apache.commons.lang.exception$ExceptionUtils#isCauseMethodName(java.lang.String):233;0.0
org.apache.commons.lang.exception$ExceptionUtils#getCause(java.lang.Throwable):269;0.0
org.apache.commons.lang.exception$ExceptionUtils#getCause(java.lang.Throwable,java.lang.String[]):291;0.0
org.apache.commons.lang.exception$ExceptionUtils#getRootCause(java.lang.Throwable):334;0.0
org.apache.commons.lang.exception$ExceptionUtils#getCauseUsingWellKnownTypes(java.lang.Throwable):349;0.0
org.apache.commons.lang.exception$ExceptionUtils#getCauseUsingMethodName(java.lang.Throwable,java.lang.String):368;0.0
org.apache.commons.lang.exception$ExceptionUtils#getCauseUsingFieldName(java.lang.Throwable,java.lang.String):399;0.0
org.apache.commons.lang.exception$ExceptionUtils#getThrowableCount(java.lang.Throwable):503;0.0
org.apache.commons.lang.exception$ExceptionUtils#getThrowables(java.lang.Throwable):526;0.0
org.apache.commons.lang.exception$ExceptionUtils#getThrowableList(java.lang.Throwable):550;0.0
org.apache.commons.lang.exception$ExceptionUtils#indexOfThrowable(java.lang.Throwable,java.lang.Class):574;0.0
org.apache.commons.lang.exception$ExceptionUtils#indexOfThrowable(java.lang.Throwable,java.lang.Class,int):597;0.0
org.apache.commons.lang.exception$ExceptionUtils#indexOfType(java.lang.Throwable,java.lang.Class):617;0.0
org.apache.commons.lang.exception$ExceptionUtils#indexOfType(java.lang.Throwable,java.lang.Class,int):641;0.0
org.apache.commons.lang.exception$ExceptionUtils#indexOf(java.lang.Throwable,java.lang.Class,int,boolean):656;0.0
org.apache.commons.lang.exception$ExceptionUtils#printRootCauseStackTrace(java.lang.Throwable):702;0.0
org.apache.commons.lang.exception$ExceptionUtils#printRootCauseStackTrace(java.lang.Throwable,java.io.PrintStream):725;0.0
org.apache.commons.lang.exception$ExceptionUtils#printRootCauseStackTrace(java.lang.Throwable,java.io.PrintWriter):758;0.0
org.apache.commons.lang.exception$ExceptionUtils#getRootCauseStackTrace(java.lang.Throwable):786;0.0
org.apache.commons.lang.exception$ExceptionUtils#removeCommonFrames(java.util.List,java.util.List):820;0.0
org.apache.commons.lang.exception$ExceptionUtils#getFullStackTrace(java.lang.Throwable):850;0.0
org.apache.commons.lang.exception$ExceptionUtils#getStackTrace(java.lang.Throwable):876;0.0
org.apache.commons.lang.exception$ExceptionUtils#getStackFrames(java.lang.Throwable):896;0.0
org.apache.commons.lang.exception$ExceptionUtils#getStackFrames(java.lang.String):916;0.0
org.apache.commons.lang.exception$ExceptionUtils#getStackFrameList(java.lang.Throwable):938;0.0
org.apache.commons.lang.exception$ExceptionUtils#getMessage(java.lang.Throwable):969;0.0
org.apache.commons.lang.exception$ExceptionUtils#getRootCauseMessage(java.lang.Throwable):989;0.0
org.apache.commons.lang.exception$NestableRuntimeException#NestableRuntimeException(java.lang.String):62;0.0
org.apache.commons.lang.exception$NestableRuntimeException#NestableRuntimeException(java.lang.Throwable):73;0.0
org.apache.commons.lang.exception$NestableRuntimeException#NestableRuntimeException(java.lang.String,java.lang.Throwable):86;0.0
org.apache.commons.lang.exception$NestableRuntimeException#getCause():94;0.0
org.apache.commons.lang.exception$NestableRuntimeException#getMessage():105;0.0
org.apache.commons.lang.exception$NestableRuntimeException#getMessage(int):118;0.0
org.apache.commons.lang.exception$NestableRuntimeException#getMessages():129;0.0
org.apache.commons.lang.exception$NestableRuntimeException#getThrowable(int):136;0.0
org.apache.commons.lang.exception$NestableRuntimeException#getThrowableCount():143;0.0
org.apache.commons.lang.exception$NestableRuntimeException#getThrowables():150;0.0
org.apache.commons.lang.exception$NestableRuntimeException#indexOfThrowable(java.lang.Class):157;0.0
org.apache.commons.lang.exception$NestableRuntimeException#indexOfThrowable(java.lang.Class,int):164;0.0
org.apache.commons.lang.exception$NestableRuntimeException#printStackTrace():171;0.0
org.apache.commons.lang.exception$NestableRuntimeException#printStackTrace(java.io.PrintStream):178;0.0
org.apache.commons.lang.exception$NestableRuntimeException#printStackTrace(java.io.PrintWriter):185;0.0
org.apache.commons.lang.exception$NestableRuntimeException#printPartialStackTrace(java.io.PrintWriter):192;0.0
org.apache.commons.lang$SerializationException#SerializationException():39;0.0
org.apache.commons.lang$SerializationException#SerializationException(java.lang.String):49;0.0
org.apache.commons.lang$SerializationException#SerializationException(java.lang.Throwable):60;0.0
org.apache.commons.lang$SerializationException#SerializationException(java.lang.String,java.lang.Throwable):72;0.0
org.apache.commons.lang$SerializationUtils#SerializationUtils():60;0.0
org.apache.commons.lang$SerializationUtils#clone(java.io.Serializable):79;0.0
org.apache.commons.lang$SerializationUtils#serialize(java.io.Serializable,java.io.OutputStream):100;0.0
org.apache.commons.lang$SerializationUtils#serialize(java.io.Serializable):131;0.0
org.apache.commons.lang$SerializationUtils#deserialize(java.io.InputStream):154;0.0
org.apache.commons.lang$SerializationUtils#deserialize(byte[]):187;0.0
org.apache.commons.lang$ObjectUtils#ObjectUtils():65;0.0
org.apache.commons.lang$ObjectUtils#defaultIfNull(java.lang.Object,java.lang.Object):87;0.0
org.apache.commons.lang$ObjectUtils#equals(java.lang.Object,java.lang.Object):110;0.0
org.apache.commons.lang$ObjectUtils#hashCode(java.lang.Object):133;0.0
org.apache.commons.lang$ObjectUtils#identityToString(java.lang.Object):155;0.0
org.apache.commons.lang$ObjectUtils#appendIdentityToString(java.lang.StringBuffer,java.lang.Object):180;0.0
org.apache.commons.lang$ObjectUtils#toString(java.lang.Object):212;0.0
org.apache.commons.lang$ObjectUtils#toString(java.lang.Object,java.lang.String):235;0.0
org.apache.commons.lang$ObjectUtils$Null#ObjectUtils$Null():262;0.0
org.apache.commons.lang$ObjectUtils$Null#readResolve():271;0.0
org.apache.commons.lang.enums$Enum#readResolve():364;0.0
org.apache.commons.lang.enums$Enum#getEnum(java.lang.Class,java.lang.String):385;0.0
org.apache.commons.lang.enums$Enum#iterator(java.lang.Class):450;0.0
org.apache.commons.lang.enums$Enum#getName():501;0.0
org.apache.commons.lang.enums$Enum#equals(java.lang.Object):532;0.0
org.apache.commons.lang.enums$Enum#hashCode():556;0.0
org.apache.commons.lang.enums$Enum#compareTo(java.lang.Object):576;0.0
org.apache.commons.lang.enums$Enum#getNameInOtherClassLoader(java.lang.Object):595;0.0
org.apache.commons.lang.enums$Enum#toString():616;0.0
org.apache.commons.lang.enums$ValuedEnum#ValuedEnum(java.lang.String,int):120;0.0
org.apache.commons.lang.enums$ValuedEnum#getEnum(java.lang.Class,int):137;0.0
org.apache.commons.lang.enums$ValuedEnum#getValue():156;0.0
org.apache.commons.lang.enums$ValuedEnum#compareTo(java.lang.Object):173;0.0
org.apache.commons.lang.enums$ValuedEnum#toString():184;0.0
org.apache.commons.lang.enums$EnumUtils#EnumUtils():39;0.0
org.apache.commons.lang.enums$EnumUtils#getEnum(java.lang.Class,java.lang.String):51;0.0
org.apache.commons.lang.enums$EnumUtils#getEnum(java.lang.Class,int):63;0.0
org.apache.commons.lang$ClassUtils#ClassUtils():102;0.0
org.apache.commons.lang$ClassUtils#getShortClassName(java.lang.Object,java.lang.String):115;0.0
org.apache.commons.lang$ClassUtils#getShortClassName(java.lang.Class):128;0.0
org.apache.commons.lang$ClassUtils#getShortClassName(java.lang.String):143;0.0
org.apache.commons.lang$ClassUtils#getPackageName(java.lang.Object,java.lang.String):171;0.0
org.apache.commons.lang$ClassUtils#getPackageName(java.lang.Class):184;0.0
org.apache.commons.lang$ClassUtils#getPackageName(java.lang.String):200;0.0
org.apache.commons.lang$ClassUtils#getAllSuperclasses(java.lang.Class):220;0.0
org.apache.commons.lang$ClassUtils#getAllInterfaces(java.lang.Class):246;0.0
org.apache.commons.lang$ClassUtils#convertClassNamesToClasses(java.util.List):284;0.0
org.apache.commons.lang$ClassUtils#convertClassesToClassNames(java.util.List):312;0.0
org.apache.commons.lang$ClassUtils#isAssignable(java.lang.Class[],java.lang.Class[]):361;0.0
org.apache.commons.lang$ClassUtils#isAssignable(java.lang.Class,java.lang.Class):405;0.0
org.apache.commons.lang$ClassUtils#primitiveToWrapper(java.lang.Class):475;0.0
org.apache.commons.lang$ClassUtils#primitivesToWrappers(java.lang.Class[]):493;0.0
org.apache.commons.lang$ClassUtils#isInnerClass(java.lang.Class):518;0.0
org.apache.commons.lang$ClassUtils#getClass(java.lang.ClassLoader,java.lang.String,boolean):540;0.0
org.apache.commons.lang$ClassUtils#getClass(java.lang.ClassLoader,java.lang.String):561;0.0
org.apache.commons.lang$ClassUtils#getClass(java.lang.String):575;0.0
org.apache.commons.lang$ClassUtils#getClass(java.lang.String,boolean):590;0.0
org.apache.commons.lang$ClassUtils#getPublicMethod(java.lang.Class,java.lang.String,java.lang.Class[]):621;0.0
org.apache.commons.lang$ClassUtils#toProperClassName(java.lang.String):658;0.0
org.apache.commons.lang$BitField#BitField(int):43;0.0
org.apache.commons.lang$BitField#getValue(int):72;0.0
org.apache.commons.lang$BitField#getShortValue(short):90;0.0
org.apache.commons.lang$BitField#getRawValue(int):101;0.0
org.apache.commons.lang$BitField#getShortRawValue(short):112;0.0
org.apache.commons.lang$BitField#isSet(int):129;0.0
org.apache.commons.lang$BitField#isAllSet(int):145;0.0
org.apache.commons.lang$BitField#setValue(int,int):159;0.0
org.apache.commons.lang$BitField#setShortValue(short,short):173;0.0
org.apache.commons.lang$BitField#clear(int):185;0.0
org.apache.commons.lang$BitField#clearShort(short):197;0.0
org.apache.commons.lang$BitField#clearByte(byte):210;0.0
org.apache.commons.lang$BitField#set(int):222;0.0
org.apache.commons.lang$BitField#setShort(short):234;0.0
org.apache.commons.lang$BitField#setByte(byte):247;0.0
org.apache.commons.lang$BitField#setBoolean(int,boolean):260;0.0
org.apache.commons.lang$BitField#setShortBoolean(short,boolean):273;0.0
org.apache.commons.lang$BitField#setByteBoolean(byte,boolean):286;0.0
org.apache.commons.lang$RandomStringUtils#RandomStringUtils():57;0.0
org.apache.commons.lang$RandomStringUtils#random(int):72;0.0
org.apache.commons.lang$RandomStringUtils#randomAscii(int):86;0.0
org.apache.commons.lang$RandomStringUtils#randomAlphabetic(int):100;0.0
org.apache.commons.lang$RandomStringUtils#randomAlphanumeric(int):114;0.0
org.apache.commons.lang$RandomStringUtils#randomNumeric(int):128;0.0
org.apache.commons.lang$RandomStringUtils#random(int,boolean,boolean):146;0.0
org.apache.commons.lang$RandomStringUtils#random(int,int,int,boolean,boolean):166;0.0
org.apache.commons.lang$RandomStringUtils#random(int,int,int,boolean,boolean,char[]):190;0.0
org.apache.commons.lang$RandomStringUtils#random(int,int,int,boolean,boolean,char[],java.util.Random):228;0.0
org.apache.commons.lang$RandomStringUtils#random(int,java.lang.String):301;0.0
org.apache.commons.lang$RandomStringUtils#random(int,char[]):320;0.0
org.apache.commons.lang.oldenum$Enum#readResolve():367;0.0
org.apache.commons.lang.oldenum$Enum#getEnum(java.lang.Class,java.lang.String):388;0.0
org.apache.commons.lang.oldenum$Enum#iterator(java.lang.Class):453;0.0
org.apache.commons.lang.oldenum$Enum#getName():504;0.0
org.apache.commons.lang.oldenum$Enum#equals(java.lang.Object):535;0.0
org.apache.commons.lang.oldenum$Enum#hashCode():559;0.0
org.apache.commons.lang.oldenum$Enum#compareTo(java.lang.Object):579;0.0
org.apache.commons.lang.oldenum$Enum#getNameInOtherClassLoader(java.lang.Object):598;0.0
org.apache.commons.lang.oldenum$Enum#toString():619;0.0
org.apache.commons.lang.oldenum$ValuedEnum#ValuedEnum(java.lang.String,int):121;0.0
org.apache.commons.lang.oldenum$ValuedEnum#getEnum(java.lang.Class,int):138;0.0
org.apache.commons.lang.oldenum$ValuedEnum#getValue():157;0.0
org.apache.commons.lang.oldenum$ValuedEnum#compareTo(java.lang.Object):174;0.0
org.apache.commons.lang.oldenum$ValuedEnum#toString():185;0.0
org.apache.commons.lang.oldenum$EnumUtils#EnumUtils():43;0.0
org.apache.commons.lang.oldenum$EnumUtils#getEnum(java.lang.Class,java.lang.String):55;0.0
org.apache.commons.lang.oldenum$EnumUtils#getEnum(java.lang.Class,int):67;0.0
org.apache.commons.lang$CharSetUtils#CharSetUtils():43;0.0
org.apache.commons.lang$CharSetUtils#evaluateSet(java.lang.String[]):70;0.0
org.apache.commons.lang$CharSetUtils#squeeze(java.lang.String,java.lang.String):97;0.0
org.apache.commons.lang$CharSetUtils#squeeze(java.lang.String,java.lang.String[]):120;0.0
org.apache.commons.lang$CharSetUtils#count(java.lang.String,java.lang.String):163;0.0
org.apache.commons.lang$CharSetUtils#count(java.lang.String,java.lang.String[]):186;0.0
org.apache.commons.lang$CharSetUtils#keep(java.lang.String,java.lang.String):223;0.0
org.apache.commons.lang$CharSetUtils#keep(java.lang.String,java.lang.String[]):251;0.0
org.apache.commons.lang$CharSetUtils#delete(java.lang.String,java.lang.String):281;0.0
org.apache.commons.lang$CharSetUtils#delete(java.lang.String,java.lang.String[]):305;0.0
org.apache.commons.lang$CharSetUtils#modify(java.lang.String,java.lang.String[],boolean):321;0.0
org.apache.commons.lang$CharSetUtils#translate(java.lang.String,java.lang.String,java.lang.String):368;0.0
org.apache.commons.lang$CharSet#CharSet(java.lang.String):153;0.0
org.apache.commons.lang$CharSet#CharSet(java.lang.String[]):165;0.0
org.apache.commons.lang$CharSet#getInstance(java.lang.String):138;0.0
org.apache.commons.lang$CharSet#add(java.lang.String):179;0.0
org.apache.commons.lang$CharSet#getCharRanges():215;0.0
org.apache.commons.lang$CharSet#contains(char):227;0.0
org.apache.commons.lang$CharSet#equals(java.lang.Object):250;0.0
org.apache.commons.lang$CharSet#hashCode():267;0.0
org.apache.commons.lang$CharSet#toString():276;0.0
org.apache.commons.lang$CharRange#CharRange(char):54;0.0
org.apache.commons.lang$CharRange#CharRange(char,boolean):67;0.0
org.apache.commons.lang$CharRange#CharRange(char,char):77;0.0
org.apache.commons.lang$CharRange#CharRange(char,char,boolean):95;0.0
org.apache.commons.lang$CharRange#getStart():115;0.0
org.apache.commons.lang$CharRange#getEnd():124;0.0
org.apache.commons.lang$CharRange#isNegated():136;0.0
org.apache.commons.lang$CharRange#contains(char):148;0.0
org.apache.commons.lang$CharRange#contains(org.apache.commons.lang.CharRange):160;0.0
org.apache.commons.lang$CharRange#equals(java.lang.Object):188;0.0
org.apache.commons.lang$CharRange#hashCode():204;0.0
org.apache.commons.lang$CharRange#toString():213;0.0
org.apache.commons.lang$StringEscapeUtils#StringEscapeUtils():55;0.0
org.apache.commons.lang$StringEscapeUtils#escapeJava(java.lang.String):82;0.0
org.apache.commons.lang$StringEscapeUtils#escapeJava(java.io.Writer,java.lang.String):98;0.0
org.apache.commons.lang$StringEscapeUtils#escapeJavaScript(java.lang.String):123;0.0
org.apache.commons.lang$StringEscapeUtils#escapeJavaScript(java.io.Writer,java.lang.String):139;0.0
org.apache.commons.lang$StringEscapeUtils#escapeJavaStyleString(java.lang.String,boolean):150;0.0
org.apache.commons.lang$StringEscapeUtils#escapeJavaStyleString(java.io.Writer,java.lang.String,boolean):173;0.0
org.apache.commons.lang$StringEscapeUtils#hex(char):253;0.0
org.apache.commons.lang$StringEscapeUtils#unescapeJava(java.lang.String):266;0.0
org.apache.commons.lang$StringEscapeUtils#unescapeJava(java.io.Writer,java.lang.String):296;0.0
org.apache.commons.lang$StringEscapeUtils#unescapeJavaScript(java.lang.String):391;0.0
org.apache.commons.lang$StringEscapeUtils#unescapeJavaScript(java.io.Writer,java.lang.String):411;0.0
org.apache.commons.lang$StringEscapeUtils#escapeHtml(java.lang.String):443;0.0
org.apache.commons.lang$StringEscapeUtils#escapeHtml(java.io.Writer,java.lang.String):488;0.0
org.apache.commons.lang$StringEscapeUtils#unescapeHtml(java.lang.String):515;0.0
org.apache.commons.lang$StringEscapeUtils#unescapeHtml(java.io.Writer,java.lang.String):549;0.0
org.apache.commons.lang$StringEscapeUtils#escapeXml(java.io.Writer,java.lang.String):579;0.0
org.apache.commons.lang$StringEscapeUtils#escapeXml(java.lang.String):606;0.0
org.apache.commons.lang$StringEscapeUtils#unescapeXml(java.io.Writer,java.lang.String):631;0.0
org.apache.commons.lang$StringEscapeUtils#unescapeXml(java.lang.String):656;0.0
org.apache.commons.lang$StringEscapeUtils#escapeSql(java.lang.String):682;0.0
org.apache.commons.lang$WordUtils#WordUtils():44;0.0
org.apache.commons.lang$WordUtils#wrap(java.lang.String,int):142;0.0
org.apache.commons.lang$WordUtils#wrap(java.lang.String,int,java.lang.String,boolean):164;0.0
org.apache.commons.lang$WordUtils#capitalize(java.lang.String):243;0.0
org.apache.commons.lang$WordUtils#capitalize(java.lang.String,char[]):276;0.0
org.apache.commons.lang$WordUtils#capitalizeFully(java.lang.String):320;0.0
org.apache.commons.lang$WordUtils#capitalizeFully(java.lang.String,char[]):350;0.0
org.apache.commons.lang$WordUtils#uncapitalize(java.lang.String):377;0.0
org.apache.commons.lang$WordUtils#uncapitalize(java.lang.String,char[]):406;0.0
org.apache.commons.lang$WordUtils#swapCase(java.lang.String):454;0.0
org.apache.commons.lang$WordUtils#initials(java.lang.String):508;0.0
org.apache.commons.lang$WordUtils#initials(java.lang.String,char[]):539;0.0
org.apache.commons.lang$WordUtils#isDelimiter(char,char[]):573;0.0
org.apache.commons.lang.math$Range#Range():35;0.0
org.apache.commons.lang.math$Range#getMinimumLong():57;0.0
org.apache.commons.lang.math$Range#getMinimumInteger():69;0.0
org.apache.commons.lang.math$Range#getMinimumDouble():81;0.0
org.apache.commons.lang.math$Range#getMinimumFloat():93;0.0
org.apache.commons.lang.math$Range#getMaximumLong():112;0.0
org.apache.commons.lang.math$Range#getMaximumInteger():124;0.0
org.apache.commons.lang.math$Range#getMaximumDouble():136;0.0
org.apache.commons.lang.math$Range#getMaximumFloat():148;0.0
org.apache.commons.lang.math$Range#containsLong(java.lang.Number):183;0.0
org.apache.commons.lang.math$Range#containsLong(long):201;0.0
org.apache.commons.lang.math$Range#containsInteger(java.lang.Number):217;0.0
org.apache.commons.lang.math$Range#containsInteger(int):235;0.0
org.apache.commons.lang.math$Range#containsDouble(java.lang.Number):251;0.0
org.apache.commons.lang.math$Range#containsDouble(double):269;0.0
org.apache.commons.lang.math$Range#containsFloat(java.lang.Number):287;0.0
org.apache.commons.lang.math$Range#containsFloat(float):305;0.0
org.apache.commons.lang.math$Range#containsRange(org.apache.commons.lang.math.Range):331;0.0
org.apache.commons.lang.math$Range#overlapsRange(org.apache.commons.lang.math.Range):357;0.0
org.apache.commons.lang.math$Range#equals(java.lang.Object):381;0.0
org.apache.commons.lang.math$Range#hashCode():402;0.0
org.apache.commons.lang.math$Range#toString():421;0.0
org.apache.commons.lang.math$FloatRange#FloatRange(float):65;0.0
org.apache.commons.lang.math$FloatRange#FloatRange(java.lang.Number):83;0.0
org.apache.commons.lang.math$FloatRange#FloatRange(float,float):110;0.0
org.apache.commons.lang.math$FloatRange#FloatRange(java.lang.Number,java.lang.Number):136;0.0
org.apache.commons.lang.math$FloatRange#getMinimumNumber():175;0.0
org.apache.commons.lang.math$FloatRange#getMinimumLong():189;0.0
org.apache.commons.lang.math$FloatRange#getMinimumInteger():200;0.0
org.apache.commons.lang.math$FloatRange#getMinimumDouble():209;0.0
org.apache.commons.lang.math$FloatRange#getMinimumFloat():218;0.0
org.apache.commons.lang.math$FloatRange#getMaximumNumber():227;0.0
org.apache.commons.lang.math$FloatRange#getMaximumLong():241;0.0
org.apache.commons.lang.math$FloatRange#getMaximumInteger():252;0.0
org.apache.commons.lang.math$FloatRange#getMaximumDouble():261;0.0
org.apache.commons.lang.math$FloatRange#getMaximumFloat():270;0.0
org.apache.commons.lang.math$FloatRange#containsNumber(java.lang.Number):286;0.0
org.apache.commons.lang.math$FloatRange#containsFloat(float):304;0.0
org.apache.commons.lang.math$FloatRange#containsRange(org.apache.commons.lang.math.Range):321;0.0
org.apache.commons.lang.math$FloatRange#overlapsRange(org.apache.commons.lang.math.Range):338;0.0
org.apache.commons.lang.math$FloatRange#equals(java.lang.Object):358;0.0
org.apache.commons.lang.math$FloatRange#hashCode():375;0.0
org.apache.commons.lang.math$FloatRange#toString():392;0.0
org.apache.commons.lang.math$NumberRange#NumberRange(java.lang.Number):60;0.0
org.apache.commons.lang.math$NumberRange#NumberRange(java.lang.Number,java.lang.Number):96;0.0
org.apache.commons.lang.math$NumberRange#getMinimumNumber():138;0.0
org.apache.commons.lang.math$NumberRange#getMaximumNumber():147;0.0
org.apache.commons.lang.math$NumberRange#containsNumber(java.lang.Number):164;0.0
org.apache.commons.lang.math$NumberRange#equals(java.lang.Object):191;0.0
org.apache.commons.lang.math$NumberRange#hashCode():207;0.0
org.apache.commons.lang.math$NumberRange#toString():224;0.0
org.apache.commons.lang.math$LongRange#LongRange(long):64;0.0
org.apache.commons.lang.math$LongRange#LongRange(java.lang.Number):78;0.0
org.apache.commons.lang.math$LongRange#LongRange(long,long):101;0.0
org.apache.commons.lang.math$LongRange#LongRange(java.lang.Number,java.lang.Number):123;0.0
org.apache.commons.lang.math$LongRange#getMinimumNumber():159;0.0
org.apache.commons.lang.math$LongRange#getMinimumLong():171;0.0
org.apache.commons.lang.math$LongRange#getMinimumInteger():182;0.0
org.apache.commons.lang.math$LongRange#getMinimumDouble():193;0.0
org.apache.commons.lang.math$LongRange#getMinimumFloat():204;0.0
org.apache.commons.lang.math$LongRange#getMaximumNumber():213;0.0
org.apache.commons.lang.math$LongRange#getMaximumLong():225;0.0
org.apache.commons.lang.math$LongRange#getMaximumInteger():236;0.0
org.apache.commons.lang.math$LongRange#getMaximumDouble():247;0.0
org.apache.commons.lang.math$LongRange#getMaximumFloat():258;0.0
org.apache.commons.lang.math$LongRange#containsNumber(java.lang.Number):274;0.0
org.apache.commons.lang.math$LongRange#containsLong(long):292;0.0
org.apache.commons.lang.math$LongRange#containsRange(org.apache.commons.lang.math.Range):309;0.0
org.apache.commons.lang.math$LongRange#overlapsRange(org.apache.commons.lang.math.Range):326;0.0
org.apache.commons.lang.math$LongRange#equals(java.lang.Object):346;0.0
org.apache.commons.lang.math$LongRange#hashCode():362;0.0
org.apache.commons.lang.math$LongRange#toString():379;0.0
org.apache.commons.lang.math$IntRange#IntRange(int):64;0.0
org.apache.commons.lang.math$IntRange#IntRange(java.lang.Number):77;0.0
org.apache.commons.lang.math$IntRange#IntRange(int,int):100;0.0
org.apache.commons.lang.math$IntRange#IntRange(java.lang.Number,java.lang.Number):122;0.0
org.apache.commons.lang.math$IntRange#getMinimumNumber():158;0.0
org.apache.commons.lang.math$IntRange#getMinimumLong():170;0.0
org.apache.commons.lang.math$IntRange#getMinimumInteger():179;0.0
org.apache.commons.lang.math$IntRange#getMinimumDouble():188;0.0
org.apache.commons.lang.math$IntRange#getMinimumFloat():197;0.0
org.apache.commons.lang.math$IntRange#getMaximumNumber():206;0.0
org.apache.commons.lang.math$IntRange#getMaximumLong():218;0.0
org.apache.commons.lang.math$IntRange#getMaximumInteger():227;0.0
org.apache.commons.lang.math$IntRange#getMaximumDouble():236;0.0
org.apache.commons.lang.math$IntRange#getMaximumFloat():245;0.0
org.apache.commons.lang.math$IntRange#containsNumber(java.lang.Number):261;0.0
org.apache.commons.lang.math$IntRange#containsInteger(int):279;0.0
org.apache.commons.lang.math$IntRange#containsRange(org.apache.commons.lang.math.Range):296;0.0
org.apache.commons.lang.math$IntRange#overlapsRange(org.apache.commons.lang.math.Range):313;0.0
org.apache.commons.lang.math$IntRange#equals(java.lang.Object):333;0.0
org.apache.commons.lang.math$IntRange#hashCode():349;0.0
org.apache.commons.lang.math$IntRange#toString():366;0.0
org.apache.commons.lang.math$RandomUtils#RandomUtils():30;0.0
org.apache.commons.lang.math$RandomUtils#nextInt():49;0.0
org.apache.commons.lang.math$RandomUtils#nextInt(java.util.Random):60;0.0
org.apache.commons.lang.math$RandomUtils#nextInt(int):72;0.0
org.apache.commons.lang.math$RandomUtils#nextInt(java.util.Random,int):86;0.0
org.apache.commons.lang.math$RandomUtils#nextLong():96;0.0
org.apache.commons.lang.math$RandomUtils#nextLong(java.util.Random):107;0.0
org.apache.commons.lang.math$RandomUtils#nextBoolean():117;0.0
org.apache.commons.lang.math$RandomUtils#nextBoolean(java.util.Random):128;0.0
org.apache.commons.lang.math$RandomUtils#nextFloat():139;0.0
org.apache.commons.lang.math$RandomUtils#nextFloat(java.util.Random):151;0.0
org.apache.commons.lang.math$RandomUtils#nextDouble():162;0.0
org.apache.commons.lang.math$RandomUtils#nextDouble(java.util.Random):174;0.0
org.apache.commons.lang.math$JVMRandom#JVMRandom():39;0.0
org.apache.commons.lang.math$JVMRandom#setSeed(long):50;0.0
org.apache.commons.lang.math$JVMRandom#nextGaussian():62;0.0
org.apache.commons.lang.math$JVMRandom#nextBytes(byte[]):72;0.0
org.apache.commons.lang.math$JVMRandom#nextInt():82;0.0
org.apache.commons.lang.math$JVMRandom#nextInt(int):94;0.0
org.apache.commons.lang.math$JVMRandom#nextLong():109;0.0
org.apache.commons.lang.math$JVMRandom#nextLong(long):123;0.0
org.apache.commons.lang.math$JVMRandom#nextBoolean():139;0.0
org.apache.commons.lang.math$JVMRandom#nextFloat():149;0.0
org.apache.commons.lang.math$JVMRandom#nextDouble():157;0.0
org.apache.commons.lang.math$Fraction#Fraction(int,int):121;0.0
org.apache.commons.lang.math$Fraction#getFraction(int,int):138;0.0
org.apache.commons.lang.math$Fraction#getFraction(int,int,int):169;0.0
org.apache.commons.lang.math$Fraction#getReducedFraction(int,int):206;0.0
org.apache.commons.lang.math$Fraction#getFraction(double):246;0.0
org.apache.commons.lang.math$Fraction#getFraction(java.lang.String):316;0.0
org.apache.commons.lang.math$Fraction#getNumerator():364;0.0
org.apache.commons.lang.math$Fraction#getDenominator():373;0.0
org.apache.commons.lang.math$Fraction#getProperNumerator():388;0.0
org.apache.commons.lang.math$Fraction#getProperWhole():403;0.0
org.apache.commons.lang.math$Fraction#intValue():416;0.0
org.apache.commons.lang.math$Fraction#longValue():426;0.0
org.apache.commons.lang.math$Fraction#floatValue():436;0.0
org.apache.commons.lang.math$Fraction#doubleValue():446;0.0
org.apache.commons.lang.math$Fraction#reduce():462;0.0
org.apache.commons.lang.math$Fraction#invert():479;0.0
org.apache.commons.lang.math$Fraction#negate():501;0.0
org.apache.commons.lang.math$Fraction#abs():517;0.0
org.apache.commons.lang.math$Fraction#pow(int):536;0.0
org.apache.commons.lang.math$Fraction#greatestCommonDivisor(int,int):571;0.0
org.apache.commons.lang.math$Fraction#mulAndCheck(int,int):619;0.0
org.apache.commons.lang.math$Fraction#mulPosAndCheck(int,int):638;0.0
org.apache.commons.lang.math$Fraction#addAndCheck(int,int):655;0.0
org.apache.commons.lang.math$Fraction#subAndCheck(int,int):673;0.0
org.apache.commons.lang.math$Fraction#add(org.apache.commons.lang.math.Fraction):692;0.0
org.apache.commons.lang.math$Fraction#subtract(org.apache.commons.lang.math.Fraction):706;0.0
org.apache.commons.lang.math$Fraction#addSub(org.apache.commons.lang.math.Fraction,boolean):720;0.0
org.apache.commons.lang.math$Fraction#multiplyBy(org.apache.commons.lang.math.Fraction):776;0.0
org.apache.commons.lang.math$Fraction#divideBy(org.apache.commons.lang.math.Fraction):802;0.0
org.apache.commons.lang.math$Fraction#equals(java.lang.Object):823;0.0
org.apache.commons.lang.math$Fraction#hashCode():840;0.0
org.apache.commons.lang.math$Fraction#compareTo(java.lang.Object):860;0.0
org.apache.commons.lang.math$Fraction#toString():888;0.0
org.apache.commons.lang.math$Fraction#toProperString():907;0.0
org.apache.commons.lang.math$DoubleRange#DoubleRange(double):65;0.0
org.apache.commons.lang.math$DoubleRange#DoubleRange(java.lang.Number):83;0.0
org.apache.commons.lang.math$DoubleRange#DoubleRange(double,double):110;0.0
org.apache.commons.lang.math$DoubleRange#DoubleRange(java.lang.Number,java.lang.Number):136;0.0
org.apache.commons.lang.math$DoubleRange#getMinimumNumber():175;0.0
org.apache.commons.lang.math$DoubleRange#getMinimumLong():189;0.0
org.apache.commons.lang.math$DoubleRange#getMinimumInteger():200;0.0
org.apache.commons.lang.math$DoubleRange#getMinimumDouble():209;0.0
org.apache.commons.lang.math$DoubleRange#getMinimumFloat():220;0.0
org.apache.commons.lang.math$DoubleRange#getMaximumNumber():229;0.0
org.apache.commons.lang.math$DoubleRange#getMaximumLong():243;0.0
org.apache.commons.lang.math$DoubleRange#getMaximumInteger():254;0.0
org.apache.commons.lang.math$DoubleRange#getMaximumDouble():263;0.0
org.apache.commons.lang.math$DoubleRange#getMaximumFloat():274;0.0
org.apache.commons.lang.math$DoubleRange#containsNumber(java.lang.Number):290;0.0
org.apache.commons.lang.math$DoubleRange#containsDouble(double):308;0.0
org.apache.commons.lang.math$DoubleRange#containsRange(org.apache.commons.lang.math.Range):325;0.0
org.apache.commons.lang.math$DoubleRange#overlapsRange(org.apache.commons.lang.math.Range):342;0.0
org.apache.commons.lang.math$DoubleRange#equals(java.lang.Object):362;0.0
org.apache.commons.lang.math$DoubleRange#hashCode():379;0.0
org.apache.commons.lang.math$DoubleRange#toString():398;0.0
org.apache.commons.lang.time$DateUtils#DateUtils():123;0.0
org.apache.commons.lang.time$DateUtils#isSameDay(java.util.Date,java.util.Date):141;0.0
org.apache.commons.lang.time$DateUtils#isSameDay(java.util.Calendar,java.util.Calendar):165;0.0
org.apache.commons.lang.time$DateUtils#isSameInstant(java.util.Date,java.util.Date):186;0.0
org.apache.commons.lang.time$DateUtils#isSameInstant(java.util.Calendar,java.util.Calendar):204;0.0
org.apache.commons.lang.time$DateUtils#isSameLocalTime(java.util.Calendar,java.util.Calendar):224;0.0
org.apache.commons.lang.time$DateUtils#parseDate(java.lang.String,java.lang.String[]):252;0.0
org.apache.commons.lang.time$DateUtils#addYears(java.util.Date,int):284;0.0
org.apache.commons.lang.time$DateUtils#addMonths(java.util.Date,int):298;0.0
org.apache.commons.lang.time$DateUtils#addWeeks(java.util.Date,int):312;0.0
org.apache.commons.lang.time$DateUtils#addDays(java.util.Date,int):326;0.0
org.apache.commons.lang.time$DateUtils#addHours(java.util.Date,int):340;0.0
org.apache.commons.lang.time$DateUtils#addMinutes(java.util.Date,int):354;0.0
org.apache.commons.lang.time$DateUtils#addSeconds(java.util.Date,int):368;0.0
org.apache.commons.lang.time$DateUtils#addMilliseconds(java.util.Date,int):382;0.0
org.apache.commons.lang.time$DateUtils#add(java.util.Date,int,int):397;0.0
org.apache.commons.lang.time$DateUtils#round(java.util.Date,int):436;0.0
org.apache.commons.lang.time$DateUtils#round(java.util.Calendar,int):474;0.0
org.apache.commons.lang.time$DateUtils#round(java.lang.Object,int):513;0.0
org.apache.commons.lang.time$DateUtils#truncate(java.util.Date,int):543;0.0
org.apache.commons.lang.time$DateUtils#truncate(java.util.Calendar,int):569;0.0
org.apache.commons.lang.time$DateUtils#truncate(java.lang.Object,int):598;0.0
org.apache.commons.lang.time$DateUtils#modify(java.util.Calendar,int,boolean):620;0.0
org.apache.commons.lang.time$DateUtils#iterator(java.util.Date,int):771;0.0
org.apache.commons.lang.time$DateUtils#iterator(java.util.Calendar,int):804;0.0
org.apache.commons.lang.time$DateUtils#iterator(java.lang.Object,int):895;0.0
org.apache.commons.lang.time$DateUtils$DateIterator#DateUtils$DateIterator(java.util.Calendar,java.util.Calendar):921;0.0
org.apache.commons.lang.time$DateUtils$DateIterator#hasNext():933;0.0
org.apache.commons.lang.time$DateUtils$DateIterator#next():942;0.0
org.apache.commons.lang.time$DateUtils$DateIterator#remove():956;0.0
org.apache.commons.lang.time$DurationFormatUtils#DurationFormatUtils():56;0.0
org.apache.commons.lang.time$DurationFormatUtils#formatDurationHMS(long):79;0.0
org.apache.commons.lang.time$DurationFormatUtils#formatDurationISO(long):94;0.0
org.apache.commons.lang.time$DurationFormatUtils#formatDuration(long,java.lang.String):109;0.0
org.apache.commons.lang.time$DurationFormatUtils#formatDuration(long,java.lang.String,boolean):127;0.0
org.apache.commons.lang.time$DurationFormatUtils#formatDurationWords(long,boolean,boolean):177;0.0
org.apache.commons.lang.time$DurationFormatUtils#formatPeriodISO(long,long):233;0.0
org.apache.commons.lang.time$DurationFormatUtils#formatPeriod(long,long,java.lang.String):246;0.0
org.apache.commons.lang.time$DurationFormatUtils#formatPeriod(long,long,java.lang.String,boolean,java.util.TimeZone):264;0.0
org.apache.commons.lang.time$DurationFormatUtils#format(org.apache.commons.lang.time.DurationFormatUtils$Token[],int,int,int,int,int,int,int,boolean):376;0.0
org.apache.commons.lang.time$DurationFormatUtils#reduceAndCorrect(java.util.Calendar,java.util.Calendar,int,int):440;0.0
org.apache.commons.lang.time$DurationFormatUtils#lexx(java.lang.String):467;0.0
org.apache.commons.lang.time$DurationFormatUtils$Token#DurationFormatUtils$Token(java.lang.Object):552;0.0
org.apache.commons.lang.time$DurationFormatUtils$Token#DurationFormatUtils$Token(java.lang.Object,int):564;0.0
org.apache.commons.lang.time$DurationFormatUtils$Token#containsTokenWithValue(org.apache.commons.lang.time.DurationFormatUtils$Token[],java.lang.Object):535;0.0
org.apache.commons.lang.time$DurationFormatUtils$Token#increment():573;0.0
org.apache.commons.lang.time$DurationFormatUtils$Token#getCount():582;0.0
org.apache.commons.lang.time$DurationFormatUtils$Token#getValue():591;0.0
org.apache.commons.lang.time$DurationFormatUtils$Token#equals(java.lang.Object):601;0.0
org.apache.commons.lang.time$DurationFormatUtils$Token#hashCode():629;0.0
org.apache.commons.lang.time$DurationFormatUtils$Token#toString():638;0.0
org.apache.commons.lang.time$DateFormatUtils#DateFormatUtils():115;0.0
org.apache.commons.lang.time$DateFormatUtils#formatUTC(long,java.lang.String):126;0.0
org.apache.commons.lang.time$DateFormatUtils#formatUTC(java.util.Date,java.lang.String):137;0.0
org.apache.commons.lang.time$DateFormatUtils#formatUTC(long,java.lang.String,java.util.Locale):149;0.0
org.apache.commons.lang.time$DateFormatUtils#formatUTC(java.util.Date,java.lang.String,java.util.Locale):161;0.0
org.apache.commons.lang.time$DateFormatUtils#format(long,java.lang.String):172;0.0
org.apache.commons.lang.time$DateFormatUtils#format(java.util.Date,java.lang.String):183;0.0
org.apache.commons.lang.time$DateFormatUtils#format(long,java.lang.String,java.util.TimeZone):195;0.0
org.apache.commons.lang.time$DateFormatUtils#format(java.util.Date,java.lang.String,java.util.TimeZone):207;0.0
org.apache.commons.lang.time$DateFormatUtils#format(long,java.lang.String,java.util.Locale):219;0.0
org.apache.commons.lang.time$DateFormatUtils#format(java.util.Date,java.lang.String,java.util.Locale):231;0.0
org.apache.commons.lang.time$DateFormatUtils#format(long,java.lang.String,java.util.TimeZone,java.util.Locale):244;0.0
org.apache.commons.lang.time$DateFormatUtils#format(java.util.Date,java.lang.String,java.util.TimeZone,java.util.Locale):257;0.0
org.apache.commons.lang.time$FastDateFormat#FastDateFormat(java.lang.String,java.util.TimeZone,java.util.Locale):528;0.0
org.apache.commons.lang.time$FastDateFormat#getInstance():143;0.0
org.apache.commons.lang.time$FastDateFormat#getInstance(java.lang.String):156;0.0
org.apache.commons.lang.time$FastDateFormat#getInstance(java.lang.String,java.util.TimeZone):171;0.0
org.apache.commons.lang.time$FastDateFormat#getInstance(java.lang.String,java.util.Locale):185;0.0
org.apache.commons.lang.time$FastDateFormat#getInstance(java.lang.String,java.util.TimeZone,java.util.Locale):202;0.0
org.apache.commons.lang.time$FastDateFormat#getDateInstance(int):224;0.0
org.apache.commons.lang.time$FastDateFormat#getDateInstance(int,java.util.Locale):239;0.0
org.apache.commons.lang.time$FastDateFormat#getDateInstance(int,java.util.TimeZone):255;0.0
org.apache.commons.lang.time$FastDateFormat#getDateInstance(int,java.util.TimeZone,java.util.Locale):270;0.0
org.apache.commons.lang.time$FastDateFormat#getTimeInstance(int):309;0.0
org.apache.commons.lang.time$FastDateFormat#getTimeInstance(int,java.util.Locale):324;0.0
org.apache.commons.lang.time$FastDateFormat#getTimeInstance(int,java.util.TimeZone):340;0.0
org.apache.commons.lang.time$FastDateFormat#getTimeInstance(int,java.util.TimeZone,java.util.Locale):356;0.0
org.apache.commons.lang.time$FastDateFormat#getDateTimeInstance(int,int):397;0.0
org.apache.commons.lang.time$FastDateFormat#getDateTimeInstance(int,int,java.util.Locale):414;0.0
org.apache.commons.lang.time$FastDateFormat#getDateTimeInstance(int,int,java.util.TimeZone):432;0.0
org.apache.commons.lang.time$FastDateFormat#getDateTimeInstance(int,int,java.util.TimeZone,java.util.Locale):450;0.0
org.apache.commons.lang.time$FastDateFormat#getTimeZoneDisplay(java.util.TimeZone,boolean,int,java.util.Locale):490;0.0
org.apache.commons.lang.time$FastDateFormat#getDefaultPattern():506;0.0
org.apache.commons.lang.time$FastDateFormat#init():551;0.0
org.apache.commons.lang.time$FastDateFormat#parsePattern():571;0.0
org.apache.commons.lang.time$FastDateFormat#parseToken(java.lang.String,int[]):701;0.0
org.apache.commons.lang.time$FastDateFormat#selectNumberRule(int,int):760;0.0
org.apache.commons.lang.time$FastDateFormat#format(java.lang.Object,java.lang.StringBuffer,java.text.FieldPosition):782;0.0
org.apache.commons.lang.time$FastDateFormat#format(long):802;0.0
org.apache.commons.lang.time$FastDateFormat#format(java.util.Date):812;0.0
org.apache.commons.lang.time$FastDateFormat#format(java.util.Calendar):824;0.0
org.apache.commons.lang.time$FastDateFormat#format(long,java.lang.StringBuffer):837;0.0
org.apache.commons.lang.time$FastDateFormat#format(java.util.Date,java.lang.StringBuffer):849;0.0
org.apache.commons.lang.time$FastDateFormat#format(java.util.Calendar,java.lang.StringBuffer):863;0.0
org.apache.commons.lang.time$FastDateFormat#applyRules(java.util.Calendar,java.lang.StringBuffer):879;0.0
org.apache.commons.lang.time$FastDateFormat#parseObject(java.lang.String,java.text.ParsePosition):897;0.0
org.apache.commons.lang.time$FastDateFormat#getPattern():910;0.0
org.apache.commons.lang.time$FastDateFormat#getTimeZone():924;0.0
org.apache.commons.lang.time$FastDateFormat#getTimeZoneOverridesCalendar():935;0.0
org.apache.commons.lang.time$FastDateFormat#getLocale():944;0.0
org.apache.commons.lang.time$FastDateFormat#getMaxLengthEstimate():957;0.0
org.apache.commons.lang.time$FastDateFormat#equals(java.lang.Object):969;0.0
org.apache.commons.lang.time$FastDateFormat#hashCode():991;0.0
org.apache.commons.lang.time$FastDateFormat#toString():1006;0.0
org.apache.commons.lang.time$FastDateFormat$PaddedNumberField#FastDateFormat$PaddedNumberField(int,int):1247;0.0
org.apache.commons.lang.time$FastDateFormat$PaddedNumberField#estimateLength():1260;0.0
org.apache.commons.lang.time$FastDateFormat$PaddedNumberField#appendTo(java.lang.StringBuffer,java.util.Calendar):1267;0.0
org.apache.commons.lang.time$FastDateFormat$PaddedNumberField#appendTo(java.lang.StringBuffer,int):1274;0.0
org.apache.commons.lang.time$FastDateFormat$CharacterLiteral#FastDateFormat$CharacterLiteral(char):1056;0.0
org.apache.commons.lang.time$FastDateFormat$CharacterLiteral#estimateLength():1064;0.0
org.apache.commons.lang.time$FastDateFormat$CharacterLiteral#appendTo(java.lang.StringBuffer,java.util.Calendar):1071;0.0
org.apache.commons.lang.time$FastDateFormat$TwoDigitMonthField#FastDateFormat$TwoDigitMonthField():1384;0.0
org.apache.commons.lang.time$FastDateFormat$TwoDigitMonthField#estimateLength():1391;0.0
org.apache.commons.lang.time$FastDateFormat$TwoDigitMonthField#appendTo(java.lang.StringBuffer,java.util.Calendar):1398;0.0
org.apache.commons.lang.time$FastDateFormat$TwoDigitMonthField#appendTo(java.lang.StringBuffer,int):1405;0.0
org.apache.commons.lang.time$FastDateFormat$TwoDigitNumberField#FastDateFormat$TwoDigitNumberField(int):1307;0.0
org.apache.commons.lang.time$FastDateFormat$TwoDigitNumberField#estimateLength():1315;0.0
org.apache.commons.lang.time$FastDateFormat$TwoDigitNumberField#appendTo(java.lang.StringBuffer,java.util.Calendar):1322;0.0
org.apache.commons.lang.time$FastDateFormat$TwoDigitNumberField#appendTo(java.lang.StringBuffer,int):1329;0.0
org.apache.commons.lang.time$FastDateFormat$TimeZoneNumberRule#FastDateFormat$TimeZoneNumberRule(boolean):1577;0.0
org.apache.commons.lang.time$FastDateFormat$TimeZoneNumberRule#estimateLength():1585;0.0
org.apache.commons.lang.time$FastDateFormat$TimeZoneNumberRule#appendTo(java.lang.StringBuffer,java.util.Calendar):1592;0.0
org.apache.commons.lang.time$FastDateFormat$TextField#FastDateFormat$TextField(int,java.lang.String[]):1120;0.0
org.apache.commons.lang.time$FastDateFormat$TextField#estimateLength():1129;0.0
org.apache.commons.lang.time$FastDateFormat$TextField#appendTo(java.lang.StringBuffer,java.util.Calendar):1143;0.0
org.apache.commons.lang.time$FastDateFormat$StringLiteral#FastDateFormat$StringLiteral(java.lang.String):1087;0.0
org.apache.commons.lang.time$FastDateFormat$StringLiteral#estimateLength():1095;0.0
org.apache.commons.lang.time$FastDateFormat$StringLiteral#appendTo(java.lang.StringBuffer,java.util.Calendar):1102;0.0
org.apache.commons.lang.time$FastDateFormat$UnpaddedMonthField#FastDateFormat$UnpaddedMonthField():1204;0.0
org.apache.commons.lang.time$FastDateFormat$UnpaddedMonthField#estimateLength():1211;0.0
org.apache.commons.lang.time$FastDateFormat$UnpaddedMonthField#appendTo(java.lang.StringBuffer,java.util.Calendar):1218;0.0
org.apache.commons.lang.time$FastDateFormat$UnpaddedMonthField#appendTo(java.lang.StringBuffer,int):1225;0.0
org.apache.commons.lang.time$FastDateFormat$UnpaddedNumberField#FastDateFormat$UnpaddedNumberField(int):1160;0.0
org.apache.commons.lang.time$FastDateFormat$UnpaddedNumberField#estimateLength():1168;0.0
org.apache.commons.lang.time$FastDateFormat$UnpaddedNumberField#appendTo(java.lang.StringBuffer,java.util.Calendar):1175;0.0
org.apache.commons.lang.time$FastDateFormat$UnpaddedNumberField#appendTo(java.lang.StringBuffer,int):1182;0.0
org.apache.commons.lang.time$FastDateFormat$Pair#FastDateFormat$Pair(java.lang.Object,java.lang.Object):1683;0.0
org.apache.commons.lang.time$FastDateFormat$Pair#equals(java.lang.Object):1692;0.0
org.apache.commons.lang.time$FastDateFormat$Pair#hashCode():1714;0.0
org.apache.commons.lang.time$FastDateFormat$Pair#toString():1722;0.0
org.apache.commons.lang.time$FastDateFormat$TwoDigitYearField#FastDateFormat$TwoDigitYearField():1348;0.0
org.apache.commons.lang.time$FastDateFormat$TwoDigitYearField#estimateLength():1355;0.0
org.apache.commons.lang.time$FastDateFormat$TwoDigitYearField#appendTo(java.lang.StringBuffer,java.util.Calendar):1362;0.0
org.apache.commons.lang.time$FastDateFormat$TwoDigitYearField#appendTo(java.lang.StringBuffer,int):1369;0.0
org.apache.commons.lang.time$StopWatch#StopWatch():85;0.0
org.apache.commons.lang.time$StopWatch#start():96;0.0
org.apache.commons.lang.time$StopWatch#stop():115;0.0
org.apache.commons.lang.time$StopWatch#reset():128;0.0
org.apache.commons.lang.time$StopWatch#split():144;0.0
org.apache.commons.lang.time$StopWatch#unsplit():160;0.0
org.apache.commons.lang.time$StopWatch#suspend():176;0.0
org.apache.commons.lang.time$StopWatch#resume():192;0.0
org.apache.commons.lang.time$StopWatch#getTime():209;0.0
org.apache.commons.lang.time$StopWatch#getSplitTime():232;0.0
org.apache.commons.lang.time$StopWatch#toString():247;0.0
org.apache.commons.lang.time$StopWatch#toSplitString():260;0.0
org.apache.commons.lang$Entities#entityName(int):722;0.0
org.apache.commons.lang$Entities#entityValue(java.lang.String):732;0.0
org.apache.commons.lang$Entities#escape(java.lang.String):746;0.0
org.apache.commons.lang$Entities#escape(java.io.Writer,java.lang.String):783;0.0
org.apache.commons.lang$Entities#unescape(java.io.Writer,java.lang.String):879;0.0
org.apache.commons.lang$Entities$PrimitiveEntityMap#name(int):434;0.0
org.apache.commons.lang$Entities$PrimitiveEntityMap#value(java.lang.String):441;0.0
org.apache.commons.lang$Entities$LookupEntityMap#name(int):509;0.0
org.apache.commons.lang$Entities$LookupEntityMap#lookupTable():522;0.0
org.apache.commons.lang$Entities$LookupEntityMap#createLookupTable():532;0.0
org.apache.commons.lang$IntHashMap#IntHashMap(int):107;0.0
org.apache.commons.lang$IntHashMap#size():142;0.0
org.apache.commons.lang$IntHashMap#isEmpty():152;0.0
org.apache.commons.lang$IntHashMap#contains(java.lang.Object):174;0.0
org.apache.commons.lang$IntHashMap#containsValue(java.lang.Object):202;0.0
org.apache.commons.lang$IntHashMap#containsKey(int):215;0.0
org.apache.commons.lang$IntHashMap#get(int):236;0.0
org.apache.commons.lang$IntHashMap#remove(int):333;0.0
org.apache.commons.lang$IntHashMap#clear():356;0.0
org.apache.commons.lang$UnhandledException#UnhandledException(java.lang.Throwable):55;0.0
org.apache.commons.lang$UnhandledException#UnhandledException(java.lang.String,java.lang.Throwable):65;0.0
org.apache.commons.lang$NumberUtils#NumberUtils():47;0.0
org.apache.commons.lang$NumberUtils#stringToInt(java.lang.String):61;0.0
org.apache.commons.lang$NumberUtils#stringToInt(java.lang.String,int):74;0.0
org.apache.commons.lang$NumberUtils#createNumber(java.lang.String):139;0.0
org.apache.commons.lang$NumberUtils#isAllZeros(java.lang.String):298;0.0
org.apache.commons.lang$NumberUtils#createFloat(java.lang.String):319;0.0
org.apache.commons.lang$NumberUtils#createDouble(java.lang.String):330;0.0
org.apache.commons.lang$NumberUtils#createInteger(java.lang.String):343;0.0
org.apache.commons.lang$NumberUtils#createLong(java.lang.String):354;0.0
org.apache.commons.lang$NumberUtils#createBigInteger(java.lang.String):365;0.0
org.apache.commons.lang$NumberUtils#createBigDecimal(java.lang.String):377;0.0
org.apache.commons.lang$NumberUtils#minimum(long,long,long):392;0.0
org.apache.commons.lang$NumberUtils#minimum(int,int,int):410;0.0
org.apache.commons.lang$NumberUtils#maximum(long,long,long):428;0.0
org.apache.commons.lang$NumberUtils#maximum(int,int,int):446;0.0
org.apache.commons.lang$NumberUtils#compare(double,double):492;0.0
org.apache.commons.lang$NumberUtils#compare(float,float):553;0.0
org.apache.commons.lang$NumberUtils#isDigits(java.lang.String):594;0.0
org.apache.commons.lang$NumberUtils#isNumber(java.lang.String):619;0.0
org.apache.commons.lang$Entities$ArrayEntityMap#Entities$ArrayEntityMap():548;0.0
org.apache.commons.lang$Entities$ArrayEntityMap#Entities$ArrayEntityMap(int):559;0.0
org.apache.commons.lang$Entities$ArrayEntityMap#add(java.lang.String,int):569;0.0
org.apache.commons.lang$Entities$ArrayEntityMap#ensureCapacity(int):581;0.0
org.apache.commons.lang$Entities$ArrayEntityMap#name(int):596;0.0
org.apache.commons.lang$Entities$ArrayEntityMap#value(java.lang.String):608;0.0
org.apache.commons.lang$Entities$BinaryEntityMap#Entities$BinaryEntityMap():623;0.0
org.apache.commons.lang$Entities$BinaryEntityMap#Entities$BinaryEntityMap(int):633;0.0
org.apache.commons.lang$Entities$BinaryEntityMap#binarySearch(int):644;0.0
org.apache.commons.lang$Entities$BinaryEntityMap#add(java.lang.String,int):666;0.0
org.apache.commons.lang$Entities$BinaryEntityMap#name(int):683;0.0
org.apache.commons.lang$Entities$MapIntMap#Entities$MapIntMap():450;0.0
org.apache.commons.lang$Entities$MapIntMap#add(java.lang.String,int):458;0.0
org.apache.commons.lang$Entities$MapIntMap#name(int):466;0.0
org.apache.commons.lang$Entities$MapIntMap#value(java.lang.String):473;0.0
org.apache.commons.lang$Entities$HashEntityMap#Entities$HashEntityMap():485;0.0
org.apache.commons.lang$Entities$TreeEntityMap#Entities$TreeEntityMap():495;0.0
org.apache.commons.lang.text$CompositeFormat#CompositeFormat(java.text.Format,java.text.Format):48;0.0
org.apache.commons.lang.text$CompositeFormat#format(java.lang.Object,java.lang.StringBuffer,java.text.FieldPosition):59;0.0
org.apache.commons.lang.text$CompositeFormat#parseObject(java.lang.String,java.text.ParsePosition):68;0.0
org.apache.commons.lang.text$CompositeFormat#getParser():77;0.0
org.apache.commons.lang.text$CompositeFormat#getFormatter():86;0.0
org.apache.commons.lang.text$CompositeFormat#reformat(java.lang.String):97;0.0
org.apache.commons.lang.text$StrMatcher#StrMatcher():215;0.0
org.apache.commons.lang.text$StrMatcher#commaMatcher():79;0.0
org.apache.commons.lang.text$StrMatcher#tabMatcher():88;0.0
org.apache.commons.lang.text$StrMatcher#spaceMatcher():97;0.0
org.apache.commons.lang.text$StrMatcher#splitMatcher():107;0.0
org.apache.commons.lang.text$StrMatcher#trimMatcher():116;0.0
org.apache.commons.lang.text$StrMatcher#singleQuoteMatcher():125;0.0
org.apache.commons.lang.text$StrMatcher#doubleQuoteMatcher():134;0.0
org.apache.commons.lang.text$StrMatcher#quoteMatcher():143;0.0
org.apache.commons.lang.text$StrMatcher#noneMatcher():152;0.0
org.apache.commons.lang.text$StrMatcher#charMatcher(char):162;0.0
org.apache.commons.lang.text$StrMatcher#charSetMatcher(char[]):172;0.0
org.apache.commons.lang.text$StrMatcher#charSetMatcher(java.lang.String):188;0.0
org.apache.commons.lang.text$StrMatcher#stringMatcher(java.lang.String):204;0.0
org.apache.commons.lang.text$StrMatcher$CharMatcher#StrMatcher$CharMatcher(char):292;0.0
org.apache.commons.lang.text$StrMatcher$CharMatcher#isMatch(char[],int,int,int):306;0.0
org.apache.commons.lang.text$StrMatcher$CharSetMatcher#StrMatcher$CharSetMatcher(char[]):259;0.0
org.apache.commons.lang.text$StrMatcher$CharSetMatcher#isMatch(char[],int,int,int):274;0.0
org.apache.commons.lang.text$StrMatcher$TrimMatcher#StrMatcher$TrimMatcher():388;0.0
org.apache.commons.lang.text$StrMatcher$TrimMatcher#isMatch(char[],int,int,int):401;0.0
org.apache.commons.lang.text$StrMatcher$NoMatcher#StrMatcher$NoMatcher():361;0.0
org.apache.commons.lang.text$StrMatcher$NoMatcher#isMatch(char[],int,int,int):374;0.0
org.apache.commons.lang.text$StrBuilder#StrBuilder():92;0.0
org.apache.commons.lang.text$StrBuilder#StrBuilder(int):101;0.0
org.apache.commons.lang.text$StrBuilder#StrBuilder(java.lang.String):115;0.0
org.apache.commons.lang.text$StrBuilder#getNewLineText():131;0.0
org.apache.commons.lang.text$StrBuilder#setNewLineText(java.lang.String):141;0.0
org.apache.commons.lang.text$StrBuilder#getNullText():152;0.0
org.apache.commons.lang.text$StrBuilder#setNullText(java.lang.String):162;0.0
org.apache.commons.lang.text$StrBuilder#length():176;0.0
org.apache.commons.lang.text$StrBuilder#setLength(int):188;0.0
org.apache.commons.lang.text$StrBuilder#capacity():212;0.0
org.apache.commons.lang.text$StrBuilder#ensureCapacity(int):222;0.0
org.apache.commons.lang.text$StrBuilder#minimizeCapacity():236;0.0
org.apache.commons.lang.text$StrBuilder#size():254;0.0
org.apache.commons.lang.text$StrBuilder#isEmpty():266;0.0
org.apache.commons.lang.text$StrBuilder#clear():281;0.0
org.apache.commons.lang.text$StrBuilder#charAt(int):296;0.0
org.apache.commons.lang.text$StrBuilder#setCharAt(int,char):313;0.0
org.apache.commons.lang.text$StrBuilder#deleteCharAt(int):330;0.0
org.apache.commons.lang.text$StrBuilder#toCharArray():344;0.0
org.apache.commons.lang.text$StrBuilder#toCharArray(int,int):363;0.0
org.apache.commons.lang.text$StrBuilder#getChars(char[]):380;0.0
org.apache.commons.lang.text$StrBuilder#getChars(int,int,char[],int):399;0.0
org.apache.commons.lang.text$StrBuilder#appendNewLine():422;0.0
org.apache.commons.lang.text$StrBuilder#appendNull():435;0.0
org.apache.commons.lang.text$StrBuilder#append(java.lang.Object):449;0.0
org.apache.commons.lang.text$StrBuilder#append(java.lang.String):463;0.0
org.apache.commons.lang.text$StrBuilder#append(java.lang.String,int,int):486;0.0
org.apache.commons.lang.text$StrBuilder#append(java.lang.StringBuffer):512;0.0
org.apache.commons.lang.text$StrBuilder#append(java.lang.StringBuffer,int,int):535;0.0
org.apache.commons.lang.text$StrBuilder#append(org.apache.commons.lang.text.StrBuilder):561;0.0
org.apache.commons.lang.text$StrBuilder#append(org.apache.commons.lang.text.StrBuilder,int,int):584;0.0
org.apache.commons.lang.text$StrBuilder#append(char[]):610;0.0
org.apache.commons.lang.text$StrBuilder#append(char[],int,int):633;0.0
org.apache.commons.lang.text$StrBuilder#append(boolean):658;0.0
org.apache.commons.lang.text$StrBuilder#append(char):682;0.0
org.apache.commons.lang.text$StrBuilder#append(int):695;0.0
org.apache.commons.lang.text$StrBuilder#append(long):705;0.0
org.apache.commons.lang.text$StrBuilder#append(float):715;0.0
org.apache.commons.lang.text$StrBuilder#append(double):725;0.0
org.apache.commons.lang.text$StrBuilder#appendWithSeparators(java.lang.Object[],java.lang.String):740;0.0
org.apache.commons.lang.text$StrBuilder#appendWithSeparators(java.util.Collection,java.lang.String):762;0.0
org.apache.commons.lang.text$StrBuilder#appendWithSeparators(java.util.Iterator,java.lang.String):786;0.0
org.apache.commons.lang.text$StrBuilder#appendPadding(int,char):807;0.0
org.apache.commons.lang.text$StrBuilder#appendFixedWidthPadLeft(java.lang.Object,int,char):829;0.0
org.apache.commons.lang.text$StrBuilder#appendFixedWidthPadLeft(int,int,char):858;0.0
org.apache.commons.lang.text$StrBuilder#appendFixedWidthPadRight(java.lang.Object,int,char):873;0.0
org.apache.commons.lang.text$StrBuilder#appendFixedWidthPadRight(int,int,char):902;0.0
org.apache.commons.lang.text$StrBuilder#insert(int,java.lang.Object):916;0.0
org.apache.commons.lang.text$StrBuilder#insert(int,java.lang.String):932;0.0
org.apache.commons.lang.text$StrBuilder#insert(int,char[]):957;0.0
org.apache.commons.lang.text$StrBuilder#insert(int,char[],int,int):983;0.0
org.apache.commons.lang.text$StrBuilder#insert(int,boolean):1011;0.0
org.apache.commons.lang.text$StrBuilder#insert(int,char):1042;0.0
org.apache.commons.lang.text$StrBuilder#insert(int,int):1059;0.0
org.apache.commons.lang.text$StrBuilder#insert(int,long):1071;0.0
org.apache.commons.lang.text$StrBuilder#insert(int,float):1083;0.0
org.apache.commons.lang.text$StrBuilder#insert(int,double):1095;0.0
org.apache.commons.lang.text$StrBuilder#deleteImpl(int,int,int):1108;0.0
org.apache.commons.lang.text$StrBuilder#delete(int,int):1122;0.0
org.apache.commons.lang.text$StrBuilder#deleteAll(char):1138;0.0
org.apache.commons.lang.text$StrBuilder#deleteFirst(char):1161;0.0
org.apache.commons.lang.text$StrBuilder#deleteAll(java.lang.String):1178;0.0
org.apache.commons.lang.text$StrBuilder#deleteFirst(java.lang.String):1196;0.0
org.apache.commons.lang.text$StrBuilder#deleteAll(org.apache.commons.lang.text.StrMatcher):1218;0.0
org.apache.commons.lang.text$StrBuilder#deleteFirst(org.apache.commons.lang.text.StrMatcher):1232;0.0
org.apache.commons.lang.text$StrBuilder#replaceImpl(int,int,int,java.lang.String,int):1247;0.0
org.apache.commons.lang.text$StrBuilder#replace(int,int,java.lang.String):1270;0.0
org.apache.commons.lang.text$StrBuilder#replaceAll(char,char):1286;0.0
org.apache.commons.lang.text$StrBuilder#replaceFirst(char,char):1305;0.0
org.apache.commons.lang.text$StrBuilder#replaceAll(java.lang.String,java.lang.String):1325;0.0
org.apache.commons.lang.text$StrBuilder#replaceFirst(java.lang.String,java.lang.String):1345;0.0
org.apache.commons.lang.text$StrBuilder#replaceAll(org.apache.commons.lang.text.StrMatcher,java.lang.String):1369;0.0
org.apache.commons.lang.text$StrBuilder#replaceFirst(org.apache.commons.lang.text.StrMatcher,java.lang.String):1384;0.0
org.apache.commons.lang.text$StrBuilder#replace(org.apache.commons.lang.text.StrMatcher,java.lang.String,int,int,int):1407;0.0
org.apache.commons.lang.text$StrBuilder#replaceImpl(org.apache.commons.lang.text.StrMatcher,java.lang.String,int,int,int):1429;0.0
org.apache.commons.lang.text$StrBuilder#reverse():1455;0.0
org.apache.commons.lang.text$StrBuilder#trim():1477;0.0
org.apache.commons.lang.text$StrBuilder#startsWith(java.lang.String):1508;0.0
org.apache.commons.lang.text$StrBuilder#endsWith(java.lang.String):1535;0.0
org.apache.commons.lang.text$StrBuilder#substring(int):1563;0.0
org.apache.commons.lang.text$StrBuilder#substring(int,int):1580;0.0
org.apache.commons.lang.text$StrBuilder#leftString(int):1597;0.0
org.apache.commons.lang.text$StrBuilder#rightString(int):1619;0.0
org.apache.commons.lang.text$StrBuilder#midString(int,int):1645;0.0
org.apache.commons.lang.text$StrBuilder#contains(char):1666;0.0
org.apache.commons.lang.text$StrBuilder#contains(java.lang.String):1682;0.0
org.apache.commons.lang.text$StrBuilder#contains(org.apache.commons.lang.text.StrMatcher):1697;0.0
org.apache.commons.lang.text$StrBuilder#indexOf(char):1708;0.0
org.apache.commons.lang.text$StrBuilder#indexOf(char,int):1719;0.0
org.apache.commons.lang.text$StrBuilder#indexOf(java.lang.String):1741;0.0
org.apache.commons.lang.text$StrBuilder#indexOf(java.lang.String,int):1755;0.0
org.apache.commons.lang.text$StrBuilder#indexOf(org.apache.commons.lang.text.StrMatcher):1793;0.0
org.apache.commons.lang.text$StrBuilder#indexOf(org.apache.commons.lang.text.StrMatcher,int):1809;0.0
org.apache.commons.lang.text$StrBuilder#lastIndexOf(char):1831;0.0
org.apache.commons.lang.text$StrBuilder#lastIndexOf(char,int):1842;0.0
org.apache.commons.lang.text$StrBuilder#lastIndexOf(java.lang.String):1863;0.0
org.apache.commons.lang.text$StrBuilder#lastIndexOf(java.lang.String,int):1877;0.0
org.apache.commons.lang.text$StrBuilder#lastIndexOf(org.apache.commons.lang.text.StrMatcher):1914;0.0
org.apache.commons.lang.text$StrBuilder#lastIndexOf(org.apache.commons.lang.text.StrMatcher,int):1930;0.0
org.apache.commons.lang.text$StrBuilder#asTokenizer():1960;0.0
org.apache.commons.lang.text$StrBuilder#asReader():1984;0.0
org.apache.commons.lang.text$StrBuilder#asWriter():2009;0.0
org.apache.commons.lang.text$StrBuilder#equalsIgnoreCase(org.apache.commons.lang.text.StrBuilder):2051;0.0
org.apache.commons.lang.text$StrBuilder#equals(org.apache.commons.lang.text.StrBuilder):2077;0.0
org.apache.commons.lang.text$StrBuilder#equals(java.lang.Object):2101;0.0
org.apache.commons.lang.text$StrBuilder#hashCode():2113;0.0
org.apache.commons.lang.text$StrBuilder#toString():2132;0.0
org.apache.commons.lang.text$StrBuilder#toStringBuffer():2142;0.0
org.apache.commons.lang.text$StrBuilder#validateRange(int,int):2156;0.0
org.apache.commons.lang.text$StrBuilder#validateIndex(int):2175;0.0
org.apache.commons.lang.text$StrMatcher$StringMatcher#StrMatcher$StringMatcher(java.lang.String):324;0.0
org.apache.commons.lang.text$StrMatcher$StringMatcher#isMatch(char[],int,int,int):338;0.0
org.apache.commons.lang.text$StrBuilder$StrBuilderReader#StrBuilder$StrBuilderReader(org.apache.commons.lang.text.StrBuilder):2191;0.0
org.apache.commons.lang.text$StrBuilder$StrBuilderReader#close():2198;0.0
org.apache.commons.lang.text$StrBuilder$StrBuilderReader#read():2202;0.0
org.apache.commons.lang.text$StrBuilder$StrBuilderReader#read(char[],int,int):2210;0.0
org.apache.commons.lang.text$StrBuilder$StrBuilderReader#skip(long):2230;0.0
org.apache.commons.lang.text$StrBuilder$StrBuilderReader#ready():2242;0.0
org.apache.commons.lang.text$StrBuilder$StrBuilderReader#markSupported():2247;0.0
org.apache.commons.lang.text$StrBuilder$StrBuilderReader#mark(int):2252;0.0
org.apache.commons.lang.text$StrBuilder$StrBuilderReader#reset():2257;0.0
org.apache.commons.lang.text$StrBuilder$StrBuilderWriter#StrBuilder$StrBuilderWriter(org.apache.commons.lang.text.StrBuilder):2268;0.0
org.apache.commons.lang.text$StrBuilder$StrBuilderWriter#close():2275;0.0
org.apache.commons.lang.text$StrBuilder$StrBuilderWriter#flush():2280;0.0
org.apache.commons.lang.text$StrBuilder$StrBuilderWriter#write(int):2284;0.0
org.apache.commons.lang.text$StrBuilder$StrBuilderWriter#write(char[]):2289;0.0
org.apache.commons.lang.text$StrBuilder$StrBuilderWriter#write(char[],int,int):2294;0.0
org.apache.commons.lang.text$StrBuilder$StrBuilderWriter#write(java.lang.String):2299;0.0
org.apache.commons.lang.text$StrBuilder$StrBuilderWriter#write(java.lang.String,int,int):2304;0.0
org.apache.commons.lang.text$VariableFormatter#VariableFormatter():556;0.0
org.apache.commons.lang.text$VariableFormatter#VariableFormatter(java.util.Map):567;0.0
org.apache.commons.lang.text$VariableFormatter#VariableFormatter(java.util.Map,java.lang.String,java.lang.String):581;0.0
org.apache.commons.lang.text$VariableFormatter#VariableFormatter(java.util.Map,java.lang.String,java.lang.String,char):597;0.0
org.apache.commons.lang.text$VariableFormatter#VariableFormatter(org.apache.commons.lang.text.VariableFormatter$VariableResolver,java.lang.String,java.lang.String,char):612;0.0
org.apache.commons.lang.text$VariableFormatter#replace(java.util.Map,java.lang.Object):503;0.0
org.apache.commons.lang.text$VariableFormatter#replace(java.util.Map,java.lang.String,java.lang.String,java.lang.Object):522;0.0
org.apache.commons.lang.text$VariableFormatter#replaceSystemProperties(java.lang.Object):534;0.0
org.apache.commons.lang.text$VariableFormatter#replace(char[]):629;0.0
org.apache.commons.lang.text$VariableFormatter#replace(char[],int,int):645;0.0
org.apache.commons.lang.text$VariableFormatter#replace(java.lang.Object):659;0.0
org.apache.commons.lang.text$VariableFormatter#replaceObject(java.lang.Object):677;0.0
org.apache.commons.lang.text$VariableFormatter#doReplace(java.lang.Object,java.util.List):693;0.0
org.apache.commons.lang.text$VariableFormatter#doReplace(char[],int,int,java.lang.Object,java.util.List):718;0.0
org.apache.commons.lang.text$VariableFormatter#getLength(java.text.FieldPosition):804;0.0
org.apache.commons.lang.text$VariableFormatter#createParser(char[],int,int):819;0.0
org.apache.commons.lang.text$VariableFormatter#resolveVariable(java.lang.String):837;0.0
org.apache.commons.lang.text$VariableFormatter#getEscapeCharacter():850;0.0
org.apache.commons.lang.text$VariableFormatter#setEscapeCharacter(char):862;0.0
org.apache.commons.lang.text$VariableFormatter#getVariablePrefix():871;0.0
org.apache.commons.lang.text$VariableFormatter#setVariablePrefix(java.lang.String):883;0.0
org.apache.commons.lang.text$VariableFormatter#getVariableSuffix():895;0.0
org.apache.commons.lang.text$VariableFormatter#setVariableSuffix(java.lang.String):907;0.0
org.apache.commons.lang.text$VariableFormatter#getVariableResolver():919;0.0
org.apache.commons.lang.text$VariableFormatter#setVariableResolver(org.apache.commons.lang.text.VariableFormatter$VariableResolver):929;0.0
org.apache.commons.lang.text$VariableFormatter$MapVariableResolver#VariableFormatter$MapVariableResolver(java.util.Map):129;0.0
org.apache.commons.lang.text$VariableFormatter$MapVariableResolver#getMap():139;0.0
org.apache.commons.lang.text$VariableFormatter$MapVariableResolver#resolveVariable(java.lang.String):150;0.0
org.apache.commons.lang.text$VariableFormatter$MapVariableResolver#setMap(java.util.Map):163;0.0
org.apache.commons.lang.text$VariableFormatter$VariableParser#VariableFormatter$VariableParser(org.apache.commons.lang.text.StrMatcher,org.apache.commons.lang.text.StrMatcher,org.apache.commons.lang.text.StrMatcher,int,int):275;0.0
org.apache.commons.lang.text$VariableFormatter$VariableParser#newEscapedVariableToken(int,int):192;0.0
org.apache.commons.lang.text$VariableFormatter$VariableParser#newTextToken(int,int):205;0.0
org.apache.commons.lang.text$VariableFormatter$VariableParser#newToken(int,int,int):220;0.0
org.apache.commons.lang.text$VariableFormatter$VariableParser#newVariableToken(int,int):236;0.0
org.apache.commons.lang.text$VariableFormatter$VariableParser#checkTextToken(int):292;0.0
org.apache.commons.lang.text$VariableFormatter$VariableParser#getEndIndex():301;0.0
org.apache.commons.lang.text$VariableFormatter$VariableParser#getEscVarMatcher():308;0.0
org.apache.commons.lang.text$VariableFormatter$VariableParser#getLength():315;0.0
org.apache.commons.lang.text$VariableFormatter$VariableParser#getPos():322;0.0
org.apache.commons.lang.text$VariableFormatter$VariableParser#getTokenList():329;0.0
org.apache.commons.lang.text$VariableFormatter$VariableParser#getVarEndMatcher():336;0.0
org.apache.commons.lang.text$VariableFormatter$VariableParser#getVarStartMatcher():343;0.0
org.apache.commons.lang.text$VariableFormatter$VariableParser#hasNext():353;0.0
org.apache.commons.lang.text$VariableFormatter$VariableParser#nextToken(char[]):364;0.0
org.apache.commons.lang.text$VariableFormatter$VariableParser#setEndIndex(int):408;0.0
org.apache.commons.lang.text$VariableFormatter$VariableParser#setEscVarMatcher(org.apache.commons.lang.text.StrMatcher):416;0.0
org.apache.commons.lang.text$VariableFormatter$VariableParser#setLength(int):424;0.0
org.apache.commons.lang.text$VariableFormatter$VariableParser#setPos(int):432;0.0
org.apache.commons.lang.text$VariableFormatter$VariableParser#setTokenList(java.util.LinkedList):440;0.0
org.apache.commons.lang.text$VariableFormatter$VariableParser#setVarEndMatcher(org.apache.commons.lang.text.StrMatcher):448;0.0
org.apache.commons.lang.text$VariableFormatter$VariableParser#setVarStartMatcher(org.apache.commons.lang.text.StrMatcher):456;0.0
org.apache.commons.lang.text$StrTokenizer#StrTokenizer():243;0.0
org.apache.commons.lang.text$StrTokenizer#StrTokenizer(java.lang.String):255;0.0
org.apache.commons.lang.text$StrTokenizer#StrTokenizer(java.lang.String,char):271;0.0
org.apache.commons.lang.text$StrTokenizer#StrTokenizer(java.lang.String,java.lang.String):282;0.0
org.apache.commons.lang.text$StrTokenizer#StrTokenizer(java.lang.String,org.apache.commons.lang.text.StrMatcher):293;0.0
org.apache.commons.lang.text$StrTokenizer#StrTokenizer(java.lang.String,char,char):306;0.0
org.apache.commons.lang.text$StrTokenizer#StrTokenizer(java.lang.String,org.apache.commons.lang.text.StrMatcher,org.apache.commons.lang.text.StrMatcher):319;0.0
org.apache.commons.lang.text$StrTokenizer#StrTokenizer(char[]):333;0.0
org.apache.commons.lang.text$StrTokenizer#StrTokenizer(char[],char):348;0.0
org.apache.commons.lang.text$StrTokenizer#StrTokenizer(char[],java.lang.String):362;0.0
org.apache.commons.lang.text$StrTokenizer#StrTokenizer(char[],org.apache.commons.lang.text.StrMatcher):376;0.0
org.apache.commons.lang.text$StrTokenizer#StrTokenizer(char[],char,char):392;0.0
org.apache.commons.lang.text$StrTokenizer#StrTokenizer(char[],org.apache.commons.lang.text.StrMatcher,org.apache.commons.lang.text.StrMatcher):408;0.0
org.apache.commons.lang.text$StrTokenizer#getCSVClone():141;0.0
org.apache.commons.lang.text$StrTokenizer#getCSVInstance():154;0.0
org.apache.commons.lang.text$StrTokenizer#getCSVInstance(java.lang.String):167;0.0
org.apache.commons.lang.text$StrTokenizer#getCSVInstance(char[]):182;0.0
org.apache.commons.lang.text$StrTokenizer#getTSVClone():193;0.0
org.apache.commons.lang.text$StrTokenizer#getTSVInstance():206;0.0
org.apache.commons.lang.text$StrTokenizer#getTSVInstance(java.lang.String):217;0.0
org.apache.commons.lang.text$StrTokenizer#getTSVInstance(char[]):230;0.0
org.apache.commons.lang.text$StrTokenizer#size():420;0.0
org.apache.commons.lang.text$StrTokenizer#nextToken():430;0.0
org.apache.commons.lang.text$StrTokenizer#previousToken():442;0.0
org.apache.commons.lang.text$StrTokenizer#getAllTokens():454;0.0
org.apache.commons.lang.text$StrTokenizer#reset():466;0.0
org.apache.commons.lang.text$StrTokenizer#reset(java.lang.String):480;0.0
org.apache.commons.lang.text$StrTokenizer#reset(char[]):502;0.0
org.apache.commons.lang.text$StrTokenizer#hasNext():516;0.0
org.apache.commons.lang.text$StrTokenizer#next():526;0.0
org.apache.commons.lang.text$StrTokenizer#nextIndex():538;0.0
org.apache.commons.lang.text$StrTokenizer#hasPrevious():547;0.0
org.apache.commons.lang.text$StrTokenizer#previous():557;0.0
org.apache.commons.lang.text$StrTokenizer#previousIndex():569;0.0
org.apache.commons.lang.text$StrTokenizer#remove():578;0.0
org.apache.commons.lang.text$StrTokenizer#set(java.lang.Object):587;0.0
org.apache.commons.lang.text$StrTokenizer#add(java.lang.Object):596;0.0
org.apache.commons.lang.text$StrTokenizer#tokenize():605;0.0
org.apache.commons.lang.text$StrTokenizer#readTokens():616;0.0
org.apache.commons.lang.text$StrTokenizer#addToken(java.util.List,java.lang.String):647;0.0
org.apache.commons.lang.text$StrTokenizer#readNextToken(char[],int,int,org.apache.commons.lang.text.StrBuilder,java.util.List):672;0.0
org.apache.commons.lang.text$StrTokenizer#readWithQuotes(char[],int,int,org.apache.commons.lang.text.StrBuilder,java.util.List,int,int):724;0.0
org.apache.commons.lang.text$StrTokenizer#isQuote(char[],int,int,int,int):819;0.0
org.apache.commons.lang.text$StrTokenizer#getDelimiterMatcher():835;0.0
org.apache.commons.lang.text$StrTokenizer#setDelimiterMatcher(org.apache.commons.lang.text.StrMatcher):847;0.0
org.apache.commons.lang.text$StrTokenizer#setDelimiterChar(char):862;0.0
org.apache.commons.lang.text$StrTokenizer#setDelimiterString(java.lang.String):872;0.0
org.apache.commons.lang.text$StrTokenizer#getQuoteMatcher():887;0.0
org.apache.commons.lang.text$StrTokenizer#setQuoteMatcher(org.apache.commons.lang.text.StrMatcher):900;0.0
org.apache.commons.lang.text$StrTokenizer#setQuoteChar(char):916;0.0
org.apache.commons.lang.text$StrTokenizer#getIgnoredMatcher():931;0.0
org.apache.commons.lang.text$StrTokenizer#setIgnoredMatcher(org.apache.commons.lang.text.StrMatcher):944;0.0
org.apache.commons.lang.text$StrTokenizer#setIgnoredChar(char):960;0.0
org.apache.commons.lang.text$StrTokenizer#getTrimmerMatcher():975;0.0
org.apache.commons.lang.text$StrTokenizer#setTrimmerMatcher(org.apache.commons.lang.text.StrMatcher):988;0.0
org.apache.commons.lang.text$StrTokenizer#isEmptyTokenAsNull():1002;0.0
org.apache.commons.lang.text$StrTokenizer#setEmptyTokenAsNull(boolean):1013;0.0
org.apache.commons.lang.text$StrTokenizer#isIgnoreEmptyTokens():1025;0.0
org.apache.commons.lang.text$StrTokenizer#setIgnoreEmptyTokens(boolean):1036;0.0
org.apache.commons.lang.text$StrTokenizer#getContent():1047;0.0
org.apache.commons.lang.text$StrTokenizer#clone():1062;0.0
org.apache.commons.lang.text$StrTokenizer#cloneReset():1076;0.0
org.apache.commons.lang.builder$ToStringBuilder#ToStringBuilder(java.lang.Object):197;0.0
org.apache.commons.lang.builder$ToStringBuilder#ToStringBuilder(java.lang.Object,org.apache.commons.lang.builder.ToStringStyle):213;0.0
org.apache.commons.lang.builder$ToStringBuilder#ToStringBuilder(java.lang.Object,org.apache.commons.lang.builder.ToStringStyle,java.lang.StringBuffer):229;0.0
org.apache.commons.lang.builder$ToStringBuilder#getDefaultStyle():114;0.0
org.apache.commons.lang.builder$ToStringBuilder#reflectionToString(java.lang.Object):123;0.0
org.apache.commons.lang.builder$ToStringBuilder#reflectionToString(java.lang.Object,org.apache.commons.lang.builder.ToStringStyle):132;0.0
org.apache.commons.lang.builder$ToStringBuilder#reflectionToString(java.lang.Object,org.apache.commons.lang.builder.ToStringStyle,boolean):141;0.0
org.apache.commons.lang.builder$ToStringBuilder#reflectionToString(java.lang.Object,org.apache.commons.lang.builder.ToStringStyle,boolean,java.lang.Class):155;0.0
org.apache.commons.lang.builder$ToStringBuilder#setDefaultStyle(org.apache.commons.lang.builder.ToStringStyle):165;0.0
org.apache.commons.lang.builder$ToStringBuilder#append(boolean):253;0.0
org.apache.commons.lang.builder$ToStringBuilder#append(boolean[]):267;0.0
org.apache.commons.lang.builder$ToStringBuilder#append(byte):281;0.0
org.apache.commons.lang.builder$ToStringBuilder#append(byte[]):295;0.0
org.apache.commons.lang.builder$ToStringBuilder#append(char):309;0.0
org.apache.commons.lang.builder$ToStringBuilder#append(char[]):323;0.0
org.apache.commons.lang.builder$ToStringBuilder#append(double):337;0.0
org.apache.commons.lang.builder$ToStringBuilder#append(double[]):351;0.0
org.apache.commons.lang.builder$ToStringBuilder#append(float):365;0.0
org.apache.commons.lang.builder$ToStringBuilder#append(float[]):379;0.0
org.apache.commons.lang.builder$ToStringBuilder#append(int):393;0.0
org.apache.commons.lang.builder$ToStringBuilder#append(int[]):407;0.0
org.apache.commons.lang.builder$ToStringBuilder#append(long):421;0.0
org.apache.commons.lang.builder$ToStringBuilder#append(long[]):435;0.0
org.apache.commons.lang.builder$ToStringBuilder#append(java.lang.Object):449;0.0
org.apache.commons.lang.builder$ToStringBuilder#append(java.lang.Object[]):463;0.0
org.apache.commons.lang.builder$ToStringBuilder#append(short):477;0.0
org.apache.commons.lang.builder$ToStringBuilder#append(short[]):491;0.0
org.apache.commons.lang.builder$ToStringBuilder#append(java.lang.String,boolean):504;0.0
org.apache.commons.lang.builder$ToStringBuilder#append(java.lang.String,boolean[]):517;0.0
org.apache.commons.lang.builder$ToStringBuilder#append(java.lang.String,boolean[],boolean):537;0.0
org.apache.commons.lang.builder$ToStringBuilder#append(java.lang.String,byte):550;0.0
org.apache.commons.lang.builder$ToStringBuilder#append(java.lang.String,byte[]):562;0.0
org.apache.commons.lang.builder$ToStringBuilder#append(java.lang.String,byte[],boolean):582;0.0
org.apache.commons.lang.builder$ToStringBuilder#append(java.lang.String,char):595;0.0
org.apache.commons.lang.builder$ToStringBuilder#append(java.lang.String,char[]):608;0.0
org.apache.commons.lang.builder$ToStringBuilder#append(java.lang.String,char[],boolean):628;0.0
org.apache.commons.lang.builder$ToStringBuilder#append(java.lang.String,double):641;0.0
org.apache.commons.lang.builder$ToStringBuilder#append(java.lang.String,double[]):654;0.0
org.apache.commons.lang.builder$ToStringBuilder#append(java.lang.String,double[],boolean):674;0.0
org.apache.commons.lang.builder$ToStringBuilder#append(java.lang.String,float):687;0.0
org.apache.commons.lang.builder$ToStringBuilder#append(java.lang.String,float[]):700;0.0
org.apache.commons.lang.builder$ToStringBuilder#append(java.lang.String,float[],boolean):720;0.0
org.apache.commons.lang.builder$ToStringBuilder#append(java.lang.String,int):733;0.0
org.apache.commons.lang.builder$ToStringBuilder#append(java.lang.String,int[]):746;0.0
org.apache.commons.lang.builder$ToStringBuilder#append(java.lang.String,int[],boolean):766;0.0
org.apache.commons.lang.builder$ToStringBuilder#append(java.lang.String,long):779;0.0
org.apache.commons.lang.builder$ToStringBuilder#append(java.lang.String,long[]):792;0.0
org.apache.commons.lang.builder$ToStringBuilder#append(java.lang.String,long[],boolean):812;0.0
org.apache.commons.lang.builder$ToStringBuilder#append(java.lang.String,java.lang.Object):825;0.0
org.apache.commons.lang.builder$ToStringBuilder#append(java.lang.String,java.lang.Object,boolean):840;0.0
org.apache.commons.lang.builder$ToStringBuilder#append(java.lang.String,java.lang.Object[]):853;0.0
org.apache.commons.lang.builder$ToStringBuilder#append(java.lang.String,java.lang.Object[],boolean):873;0.0
org.apache.commons.lang.builder$ToStringBuilder#append(java.lang.String,short):886;0.0
org.apache.commons.lang.builder$ToStringBuilder#append(java.lang.String,short[]):899;0.0
org.apache.commons.lang.builder$ToStringBuilder#append(java.lang.String,short[],boolean):919;0.0
org.apache.commons.lang.builder$ToStringBuilder#appendAsObjectToString(java.lang.Object):933;0.0
org.apache.commons.lang.builder$ToStringBuilder#appendSuper(java.lang.String):952;0.0
org.apache.commons.lang.builder$ToStringBuilder#appendToString(java.lang.String):986;0.0
org.apache.commons.lang.builder$ToStringBuilder#getObject():999;0.0
org.apache.commons.lang.builder$ToStringBuilder#getStringBuffer():1008;0.0
org.apache.commons.lang.builder$ToStringBuilder#getStyle():1020;0.0
org.apache.commons.lang.builder$ToStringBuilder#toString():1034;0.0
org.apache.commons.lang.builder$ToStringStyle#ToStringStyle():203;0.0
org.apache.commons.lang.builder$ToStringStyle#appendSuper(java.lang.StringBuffer,java.lang.String):218;0.0
org.apache.commons.lang.builder$ToStringStyle#appendToString(java.lang.StringBuffer,java.lang.String):231;0.0
org.apache.commons.lang.builder$ToStringStyle#appendStart(java.lang.StringBuffer,java.lang.Object):252;0.0
org.apache.commons.lang.builder$ToStringStyle#appendEnd(java.lang.StringBuffer,java.lang.Object):270;0.0
org.apache.commons.lang.builder$ToStringStyle#removeLastFieldSeparator(java.lang.StringBuffer):283;0.0
org.apache.commons.lang.builder$ToStringStyle#append(java.lang.StringBuffer,java.lang.String,java.lang.Object,java.lang.Boolean):313;0.0
org.apache.commons.lang.builder$ToStringStyle#appendInternal(java.lang.StringBuffer,java.lang.String,java.lang.Object,boolean):345;0.0
org.apache.commons.lang.builder$ToStringStyle#appendDetail(java.lang.StringBuffer,java.lang.String,java.lang.Object):445;0.0
org.apache.commons.lang.builder$ToStringStyle#appendDetail(java.lang.StringBuffer,java.lang.String,java.util.Collection):457;0.0
org.apache.commons.lang.builder$ToStringStyle#appendDetail(java.lang.StringBuffer,java.lang.String,java.util.Map):469;0.0
org.apache.commons.lang.builder$ToStringStyle#appendSummary(java.lang.StringBuffer,java.lang.String,java.lang.Object):482;0.0
org.apache.commons.lang.builder$ToStringStyle#append(java.lang.StringBuffer,java.lang.String,long):498;0.0
org.apache.commons.lang.builder$ToStringStyle#appendDetail(java.lang.StringBuffer,java.lang.String,long):512;0.0
org.apache.commons.lang.builder$ToStringStyle#append(java.lang.StringBuffer,java.lang.String,int):526;0.0
org.apache.commons.lang.builder$ToStringStyle#appendDetail(java.lang.StringBuffer,java.lang.String,int):540;0.0
org.apache.commons.lang.builder$ToStringStyle#append(java.lang.StringBuffer,java.lang.String,short):554;0.0
org.apache.commons.lang.builder$ToStringStyle#appendDetail(java.lang.StringBuffer,java.lang.String,short):568;0.0
org.apache.commons.lang.builder$ToStringStyle#append(java.lang.StringBuffer,java.lang.String,byte):582;0.0
org.apache.commons.lang.builder$ToStringStyle#appendDetail(java.lang.StringBuffer,java.lang.String,byte):596;0.0
org.apache.commons.lang.builder$ToStringStyle#append(java.lang.StringBuffer,java.lang.String,char):610;0.0
org.apache.commons.lang.builder$ToStringStyle#appendDetail(java.lang.StringBuffer,java.lang.String,char):624;0.0
org.apache.commons.lang.builder$ToStringStyle#append(java.lang.StringBuffer,java.lang.String,double):638;0.0
org.apache.commons.lang.builder$ToStringStyle#appendDetail(java.lang.StringBuffer,java.lang.String,double):652;0.0
org.apache.commons.lang.builder$ToStringStyle#append(java.lang.StringBuffer,java.lang.String,float):666;0.0
org.apache.commons.lang.builder$ToStringStyle#appendDetail(java.lang.StringBuffer,java.lang.String,float):680;0.0
org.apache.commons.lang.builder$ToStringStyle#append(java.lang.StringBuffer,java.lang.String,boolean):694;0.0
org.apache.commons.lang.builder$ToStringStyle#appendDetail(java.lang.StringBuffer,java.lang.String,boolean):708;0.0
org.apache.commons.lang.builder$ToStringStyle#append(java.lang.StringBuffer,java.lang.String,java.lang.Object[],java.lang.Boolean):722;0.0
org.apache.commons.lang.builder$ToStringStyle#appendDetail(java.lang.StringBuffer,java.lang.String,java.lang.Object[]):749;0.0
org.apache.commons.lang.builder$ToStringStyle#reflectionAppendArrayDetail(java.lang.StringBuffer,java.lang.String,java.lang.Object):775;0.0
org.apache.commons.lang.builder$ToStringStyle#appendSummary(java.lang.StringBuffer,java.lang.String,java.lang.Object[]):802;0.0
org.apache.commons.lang.builder$ToStringStyle#append(java.lang.StringBuffer,java.lang.String,long[],java.lang.Boolean):818;0.0
org.apache.commons.lang.builder$ToStringStyle#appendDetail(java.lang.StringBuffer,java.lang.String,long[]):843;0.0
org.apache.commons.lang.builder$ToStringStyle#appendSummary(java.lang.StringBuffer,java.lang.String,long[]):863;0.0
org.apache.commons.lang.builder$ToStringStyle#append(java.lang.StringBuffer,java.lang.String,int[],java.lang.Boolean):879;0.0
org.apache.commons.lang.builder$ToStringStyle#appendDetail(java.lang.StringBuffer,java.lang.String,int[]):904;0.0
org.apache.commons.lang.builder$ToStringStyle#appendSummary(java.lang.StringBuffer,java.lang.String,int[]):924;0.0
org.apache.commons.lang.builder$ToStringStyle#append(java.lang.StringBuffer,java.lang.String,short[],java.lang.Boolean):940;0.0
org.apache.commons.lang.builder$ToStringStyle#appendDetail(java.lang.StringBuffer,java.lang.String,short[]):965;0.0
org.apache.commons.lang.builder$ToStringStyle#appendSummary(java.lang.StringBuffer,java.lang.String,short[]):985;0.0
org.apache.commons.lang.builder$ToStringStyle#append(java.lang.StringBuffer,java.lang.String,byte[],java.lang.Boolean):1001;0.0
org.apache.commons.lang.builder$ToStringStyle#appendDetail(java.lang.StringBuffer,java.lang.String,byte[]):1026;0.0
org.apache.commons.lang.builder$ToStringStyle#appendSummary(java.lang.StringBuffer,java.lang.String,byte[]):1046;0.0
org.apache.commons.lang.builder$ToStringStyle#append(java.lang.StringBuffer,java.lang.String,char[],java.lang.Boolean):1062;0.0
org.apache.commons.lang.builder$ToStringStyle#appendDetail(java.lang.StringBuffer,java.lang.String,char[]):1087;0.0
org.apache.commons.lang.builder$ToStringStyle#appendSummary(java.lang.StringBuffer,java.lang.String,char[]):1107;0.0
org.apache.commons.lang.builder$ToStringStyle#append(java.lang.StringBuffer,java.lang.String,double[],java.lang.Boolean):1123;0.0
org.apache.commons.lang.builder$ToStringStyle#appendDetail(java.lang.StringBuffer,java.lang.String,double[]):1148;0.0
org.apache.commons.lang.builder$ToStringStyle#appendSummary(java.lang.StringBuffer,java.lang.String,double[]):1168;0.0
org.apache.commons.lang.builder$ToStringStyle#append(java.lang.StringBuffer,java.lang.String,float[],java.lang.Boolean):1184;0.0
org.apache.commons.lang.builder$ToStringStyle#appendDetail(java.lang.StringBuffer,java.lang.String,float[]):1209;0.0
org.apache.commons.lang.builder$ToStringStyle#appendSummary(java.lang.StringBuffer,java.lang.String,float[]):1229;0.0
org.apache.commons.lang.builder$ToStringStyle#append(java.lang.StringBuffer,java.lang.String,boolean[],java.lang.Boolean):1245;0.0
org.apache.commons.lang.builder$ToStringStyle#appendDetail(java.lang.StringBuffer,java.lang.String,boolean[]):1270;0.0
org.apache.commons.lang.builder$ToStringStyle#appendSummary(java.lang.StringBuffer,java.lang.String,boolean[]):1290;0.0
org.apache.commons.lang.builder$ToStringStyle#appendClassName(java.lang.StringBuffer,java.lang.Object):1302;0.0
org.apache.commons.lang.builder$ToStringStyle#appendIdentityHashCode(java.lang.StringBuffer,java.lang.Object):1318;0.0
org.apache.commons.lang.builder$ToStringStyle#appendContentStart(java.lang.StringBuffer):1330;0.0
org.apache.commons.lang.builder$ToStringStyle#appendContentEnd(java.lang.StringBuffer):1339;0.0
org.apache.commons.lang.builder$ToStringStyle#appendNullText(java.lang.StringBuffer,java.lang.String):1351;0.0
org.apache.commons.lang.builder$ToStringStyle#appendFieldSeparator(java.lang.StringBuffer):1360;0.0
org.apache.commons.lang.builder$ToStringStyle#appendFieldStart(java.lang.StringBuffer,java.lang.String):1370;0.0
org.apache.commons.lang.builder$ToStringStyle#appendFieldEnd(java.lang.StringBuffer,java.lang.String):1383;0.0
org.apache.commons.lang.builder$ToStringStyle#appendSummarySize(java.lang.StringBuffer,java.lang.String,int):1402;0.0
org.apache.commons.lang.builder$ToStringStyle#isFullDetail(java.lang.Boolean):1422;0.0
org.apache.commons.lang.builder$ToStringStyle#getShortClassName(java.lang.Class):1438;0.0
org.apache.commons.lang.builder$ToStringStyle#isUseClassName():1452;0.0
org.apache.commons.lang.builder$ToStringStyle#setUseClassName(boolean):1461;0.0
org.apache.commons.lang.builder$ToStringStyle#isUseShortClassName():1473;0.0
org.apache.commons.lang.builder$ToStringStyle#isShortClassName():1484;0.0
org.apache.commons.lang.builder$ToStringStyle#setUseShortClassName(boolean):1494;0.0
org.apache.commons.lang.builder$ToStringStyle#setShortClassName(boolean):1505;0.0
org.apache.commons.lang.builder$ToStringStyle#isUseIdentityHashCode():1516;0.0
org.apache.commons.lang.builder$ToStringStyle#setUseIdentityHashCode(boolean):1525;0.0
org.apache.commons.lang.builder$ToStringStyle#isUseFieldNames():1536;0.0
org.apache.commons.lang.builder$ToStringStyle#setUseFieldNames(boolean):1545;0.0
org.apache.commons.lang.builder$ToStringStyle#isDefaultFullDetail():1557;0.0
org.apache.commons.lang.builder$ToStringStyle#setDefaultFullDetail(boolean):1567;0.0
org.apache.commons.lang.builder$ToStringStyle#isArrayContentDetail():1578;0.0
org.apache.commons.lang.builder$ToStringStyle#setArrayContentDetail(boolean):1587;0.0
org.apache.commons.lang.builder$ToStringStyle#getArrayStart():1598;0.0
org.apache.commons.lang.builder$ToStringStyle#setArrayStart(java.lang.String):1610;0.0
org.apache.commons.lang.builder$ToStringStyle#getArrayEnd():1624;0.0
org.apache.commons.lang.builder$ToStringStyle#setArrayEnd(java.lang.String):1636;0.0
org.apache.commons.lang.builder$ToStringStyle#getArraySeparator():1650;0.0
org.apache.commons.lang.builder$ToStringStyle#setArraySeparator(java.lang.String):1662;0.0
org.apache.commons.lang.builder$ToStringStyle#getContentStart():1676;0.0
org.apache.commons.lang.builder$ToStringStyle#setContentStart(java.lang.String):1688;0.0
org.apache.commons.lang.builder$ToStringStyle#getContentEnd():1702;0.0
org.apache.commons.lang.builder$ToStringStyle#setContentEnd(java.lang.String):1714;0.0
org.apache.commons.lang.builder$ToStringStyle#getFieldNameValueSeparator():1728;0.0
org.apache.commons.lang.builder$ToStringStyle#setFieldNameValueSeparator(java.lang.String):1740;0.0
org.apache.commons.lang.builder$ToStringStyle#getFieldSeparator():1754;0.0
org.apache.commons.lang.builder$ToStringStyle#setFieldSeparator(java.lang.String):1766;0.0
org.apache.commons.lang.builder$ToStringStyle#isFieldSeparatorAtStart():1782;0.0
org.apache.commons.lang.builder$ToStringStyle#setFieldSeparatorAtStart(boolean):1793;0.0
org.apache.commons.lang.builder$ToStringStyle#isFieldSeparatorAtEnd():1806;0.0
org.apache.commons.lang.builder$ToStringStyle#setFieldSeparatorAtEnd(boolean):1817;0.0
org.apache.commons.lang.builder$ToStringStyle#getNullText():1828;0.0
org.apache.commons.lang.builder$ToStringStyle#setNullText(java.lang.String):1840;0.0
org.apache.commons.lang.builder$ToStringStyle#getSizeStartText():1857;0.0
org.apache.commons.lang.builder$ToStringStyle#setSizeStartText(java.lang.String):1872;0.0
org.apache.commons.lang.builder$ToStringStyle#getSizeEndText():1889;0.0
org.apache.commons.lang.builder$ToStringStyle#setSizeEndText(java.lang.String):1904;0.0
org.apache.commons.lang.builder$ToStringStyle#getSummaryObjectStartText():1921;0.0
org.apache.commons.lang.builder$ToStringStyle#setSummaryObjectStartText(java.lang.String):1936;0.0
org.apache.commons.lang.builder$ToStringStyle#getSummaryObjectEndText():1953;0.0
org.apache.commons.lang.builder$ToStringStyle#setSummaryObjectEndText(java.lang.String):1968;0.0
org.apache.commons.lang.builder$ToStringStyle$DefaultToStringStyle#ToStringStyle$DefaultToStringStyle():1990;0.0
org.apache.commons.lang.builder$ToStringStyle$DefaultToStringStyle#readResolve():1999;0.0
org.apache.commons.lang.builder$ToStringStyle$MultiLineToStringStyle#ToStringStyle$MultiLineToStringStyle():2117;0.0
org.apache.commons.lang.builder$ToStringStyle$MultiLineToStringStyle#readResolve():2130;0.0
org.apache.commons.lang.builder$ToStringStyle$NoFieldNameToStringStyle#ToStringStyle$NoFieldNameToStringStyle():2021;0.0
org.apache.commons.lang.builder$ToStringStyle$NoFieldNameToStringStyle#readResolve():2031;0.0
org.apache.commons.lang.builder$ToStringStyle$ShortPrefixToStringStyle#ToStringStyle$ShortPrefixToStringStyle():2053;0.0
org.apache.commons.lang.builder$ToStringStyle$ShortPrefixToStringStyle#readResolve():2063;0.0
org.apache.commons.lang.builder$ToStringStyle$SimpleToStringStyle#ToStringStyle$SimpleToStringStyle():2083;0.0
org.apache.commons.lang.builder$ToStringStyle$SimpleToStringStyle#readResolve():2096;0.0
org.apache.commons.lang.builder$ReflectionToStringBuilder#ReflectionToStringBuilder(java.lang.Object):515;0.0
org.apache.commons.lang.builder$ReflectionToStringBuilder#ReflectionToStringBuilder(java.lang.Object,org.apache.commons.lang.builder.ToStringStyle):535;0.0
org.apache.commons.lang.builder$ReflectionToStringBuilder#ReflectionToStringBuilder(java.lang.Object,org.apache.commons.lang.builder.ToStringStyle,java.lang.StringBuffer):561;0.0
org.apache.commons.lang.builder$ReflectionToStringBuilder#ReflectionToStringBuilder(java.lang.Object,org.apache.commons.lang.builder.ToStringStyle,java.lang.StringBuffer,java.lang.Class,boolean):582;0.0
org.apache.commons.lang.builder$ReflectionToStringBuilder#ReflectionToStringBuilder(java.lang.Object,org.apache.commons.lang.builder.ToStringStyle,java.lang.StringBuffer,java.lang.Class,boolean,boolean):606;0.0
org.apache.commons.lang.builder$ReflectionToStringBuilder#getRegistry():120;0.0
org.apache.commons.lang.builder$ReflectionToStringBuilder#isRegistered(java.lang.Object):134;0.0
org.apache.commons.lang.builder$ReflectionToStringBuilder#register(java.lang.Object):146;0.0
org.apache.commons.lang.builder$ReflectionToStringBuilder#toString(java.lang.Object):172;0.0
org.apache.commons.lang.builder$ReflectionToStringBuilder#toString(java.lang.Object,org.apache.commons.lang.builder.ToStringStyle):204;0.0
org.apache.commons.lang.builder$ReflectionToStringBuilder#toString(java.lang.Object,org.apache.commons.lang.builder.ToStringStyle,boolean):242;0.0
org.apache.commons.lang.builder$ReflectionToStringBuilder#toString(java.lang.Object,org.apache.commons.lang.builder.ToStringStyle,boolean,boolean):288;0.0
org.apache.commons.lang.builder$ReflectionToStringBuilder#toString(java.lang.Object,org.apache.commons.lang.builder.ToStringStyle,boolean,boolean,java.lang.Class):338;0.0
org.apache.commons.lang.builder$ReflectionToStringBuilder#toString(java.lang.Object,org.apache.commons.lang.builder.ToStringStyle,boolean,java.lang.Class):385;0.0
org.apache.commons.lang.builder$ReflectionToStringBuilder#toStringExclude(java.lang.Object,java.lang.String):398;0.0
org.apache.commons.lang.builder$ReflectionToStringBuilder#toStringExclude(java.lang.Object,java.util.Collection):411;0.0
org.apache.commons.lang.builder$ReflectionToStringBuilder#toNoNullStringArray(java.util.Collection):424;0.0
org.apache.commons.lang.builder$ReflectionToStringBuilder#toNoNullStringArray(java.lang.Object[]):440;0.0
org.apache.commons.lang.builder$ReflectionToStringBuilder#toStringExclude(java.lang.Object,java.lang.String[]):461;0.0
org.apache.commons.lang.builder$ReflectionToStringBuilder#unregister(java.lang.Object):477;0.0
org.apache.commons.lang.builder$ReflectionToStringBuilder#accept(java.lang.reflect.Field):625;0.0
org.apache.commons.lang.builder$ReflectionToStringBuilder#appendFieldsIn(java.lang.Class):659;0.0
org.apache.commons.lang.builder$ReflectionToStringBuilder#getExcludeFieldNames():720;0.0
org.apache.commons.lang.builder$ReflectionToStringBuilder#getUpToClass():731;0.0
org.apache.commons.lang.builder$ReflectionToStringBuilder#getValue(java.lang.reflect.Field):751;0.0
org.apache.commons.lang.builder$ReflectionToStringBuilder#isAppendStatics():763;0.0
org.apache.commons.lang.builder$ReflectionToStringBuilder#isAppendTransients():774;0.0
org.apache.commons.lang.builder$ReflectionToStringBuilder#reflectionAppendArray(java.lang.Object):787;0.0
org.apache.commons.lang.builder$ReflectionToStringBuilder#registerObject():797;0.0
org.apache.commons.lang.builder$ReflectionToStringBuilder#setAppendStatics(boolean):810;0.0
org.apache.commons.lang.builder$ReflectionToStringBuilder#setAppendTransients(boolean):822;0.0
org.apache.commons.lang.builder$ReflectionToStringBuilder#setExcludeFieldNames(java.lang.String[]):833;0.0
org.apache.commons.lang.builder$ReflectionToStringBuilder#setUpToClass(java.lang.Class):851;0.0
org.apache.commons.lang.builder$ReflectionToStringBuilder#toString():862;0.0
org.apache.commons.lang.builder$ReflectionToStringBuilder#unregisterObject():880;0.0
org.apache.commons.lang.builder$ReflectionToStringBuilder$1#initialValue():107;0.0
org.apache.commons.lang$CharEncoding#CharEncoding():41;0.0
org.apache.commons.lang$CharEncoding#isSupported(java.lang.String):141;0.0
org.apache.commons.lang.builder$HashCodeBuilder#HashCodeBuilder():98;0.0
org.apache.commons.lang.builder$HashCodeBuilder#HashCodeBuilder(int,int):114;0.0
org.apache.commons.lang.builder$HashCodeBuilder#reflectionHashCode(java.lang.Object):154;0.0
org.apache.commons.lang.builder$HashCodeBuilder#reflectionHashCode(java.lang.Object,java.util.Collection):179;0.0
org.apache.commons.lang.builder$HashCodeBuilder#reflectionHashCode(java.lang.Object,java.lang.String[]):204;0.0
org.apache.commons.lang.builder$HashCodeBuilder#reflectionHashCode(java.lang.Object,boolean):230;0.0
org.apache.commons.lang.builder$HashCodeBuilder#reflectionHashCode(int,int,java.lang.Object):259;0.0
org.apache.commons.lang.builder$HashCodeBuilder#reflectionHashCode(int,int,java.lang.Object,boolean):291;0.0
org.apache.commons.lang.builder$HashCodeBuilder#reflectionHashCode(int,int,java.lang.Object,boolean,java.lang.Class,java.lang.String[]):336;0.0
org.apache.commons.lang.builder$HashCodeBuilder#reflectionAppend(java.lang.Object,java.lang.Class,org.apache.commons.lang.builder.HashCodeBuilder,boolean,java.lang.String[]):365;0.0
org.apache.commons.lang.builder$HashCodeBuilder#appendSuper(int):395;0.0
org.apache.commons.lang.builder$HashCodeBuilder#append(java.lang.Object):408;0.0
org.apache.commons.lang.builder$HashCodeBuilder#append(long):451;0.0
org.apache.commons.lang.builder$HashCodeBuilder#append(int):462;0.0
org.apache.commons.lang.builder$HashCodeBuilder#append(short):473;0.0
org.apache.commons.lang.builder$HashCodeBuilder#append(char):484;0.0
org.apache.commons.lang.builder$HashCodeBuilder#append(byte):495;0.0
org.apache.commons.lang.builder$HashCodeBuilder#append(double):506;0.0
org.apache.commons.lang.builder$HashCodeBuilder#append(float):516;0.0
org.apache.commons.lang.builder$HashCodeBuilder#append(boolean):530;0.0
org.apache.commons.lang.builder$HashCodeBuilder#append(java.lang.Object[]):541;0.0
org.apache.commons.lang.builder$HashCodeBuilder#append(long[]):558;0.0
org.apache.commons.lang.builder$HashCodeBuilder#append(int[]):575;0.0
org.apache.commons.lang.builder$HashCodeBuilder#append(short[]):592;0.0
org.apache.commons.lang.builder$HashCodeBuilder#append(char[]):609;0.0
org.apache.commons.lang.builder$HashCodeBuilder#append(byte[]):626;0.0
org.apache.commons.lang.builder$HashCodeBuilder#append(double[]):643;0.0
org.apache.commons.lang.builder$HashCodeBuilder#append(float[]):660;0.0
org.apache.commons.lang.builder$HashCodeBuilder#append(boolean[]):677;0.0
org.apache.commons.lang.builder$HashCodeBuilder#toHashCode():693;0.0
org.apache.commons.lang.builder$StandardToStringStyle#StandardToStringStyle():39;0.0
org.apache.commons.lang.builder$StandardToStringStyle#isUseClassName():50;0.0
org.apache.commons.lang.builder$StandardToStringStyle#setUseClassName(boolean):59;0.0
org.apache.commons.lang.builder$StandardToStringStyle#isUseShortClassName():71;0.0
org.apache.commons.lang.builder$StandardToStringStyle#isShortClassName():82;0.0
org.apache.commons.lang.builder$StandardToStringStyle#setUseShortClassName(boolean):92;0.0
org.apache.commons.lang.builder$StandardToStringStyle#setShortClassName(boolean):103;0.0
org.apache.commons.lang.builder$StandardToStringStyle#isUseIdentityHashCode():113;0.0
org.apache.commons.lang.builder$StandardToStringStyle#setUseIdentityHashCode(boolean):122;0.0
org.apache.commons.lang.builder$StandardToStringStyle#isUseFieldNames():133;0.0
org.apache.commons.lang.builder$StandardToStringStyle#setUseFieldNames(boolean):142;0.0
org.apache.commons.lang.builder$StandardToStringStyle#isDefaultFullDetail():154;0.0
org.apache.commons.lang.builder$StandardToStringStyle#setDefaultFullDetail(boolean):164;0.0
org.apache.commons.lang.builder$StandardToStringStyle#isArrayContentDetail():175;0.0
org.apache.commons.lang.builder$StandardToStringStyle#setArrayContentDetail(boolean):184;0.0
org.apache.commons.lang.builder$StandardToStringStyle#getArrayStart():195;0.0
org.apache.commons.lang.builder$StandardToStringStyle#setArrayStart(java.lang.String):207;0.0
org.apache.commons.lang.builder$StandardToStringStyle#getArrayEnd():218;0.0
org.apache.commons.lang.builder$StandardToStringStyle#setArrayEnd(java.lang.String):230;0.0
org.apache.commons.lang.builder$StandardToStringStyle#getArraySeparator():241;0.0
org.apache.commons.lang.builder$StandardToStringStyle#setArraySeparator(java.lang.String):253;0.0
org.apache.commons.lang.builder$StandardToStringStyle#getContentStart():264;0.0
org.apache.commons.lang.builder$StandardToStringStyle#setContentStart(java.lang.String):276;0.0
org.apache.commons.lang.builder$StandardToStringStyle#getContentEnd():287;0.0
org.apache.commons.lang.builder$StandardToStringStyle#setContentEnd(java.lang.String):299;0.0
org.apache.commons.lang.builder$StandardToStringStyle#getFieldNameValueSeparator():310;0.0
org.apache.commons.lang.builder$StandardToStringStyle#setFieldNameValueSeparator(java.lang.String):322;0.0
org.apache.commons.lang.builder$StandardToStringStyle#getFieldSeparator():333;0.0
org.apache.commons.lang.builder$StandardToStringStyle#setFieldSeparator(java.lang.String):345;0.0
org.apache.commons.lang.builder$StandardToStringStyle#isFieldSeparatorAtStart():358;0.0
org.apache.commons.lang.builder$StandardToStringStyle#setFieldSeparatorAtStart(boolean):369;0.0
org.apache.commons.lang.builder$StandardToStringStyle#isFieldSeparatorAtEnd():382;0.0
org.apache.commons.lang.builder$StandardToStringStyle#setFieldSeparatorAtEnd(boolean):393;0.0
org.apache.commons.lang.builder$StandardToStringStyle#getNullText():404;0.0
org.apache.commons.lang.builder$StandardToStringStyle#setNullText(java.lang.String):416;0.0
org.apache.commons.lang.builder$StandardToStringStyle#getSizeStartText():430;0.0
org.apache.commons.lang.builder$StandardToStringStyle#setSizeStartText(java.lang.String):445;0.0
org.apache.commons.lang.builder$StandardToStringStyle#getSizeEndText():459;0.0
org.apache.commons.lang.builder$StandardToStringStyle#setSizeEndText(java.lang.String):474;0.0
org.apache.commons.lang.builder$StandardToStringStyle#getSummaryObjectStartText():488;0.0
org.apache.commons.lang.builder$StandardToStringStyle#setSummaryObjectStartText(java.lang.String):503;0.0
org.apache.commons.lang.builder$StandardToStringStyle#getSummaryObjectEndText():517;0.0
org.apache.commons.lang.builder$StandardToStringStyle#setSummaryObjectEndText(java.lang.String):532;0.0
org.apache.commons.lang.builder$CompareToBuilder#CompareToBuilder():109;0.0
org.apache.commons.lang.builder$CompareToBuilder#reflectionCompare(java.lang.Object,java.lang.Object):141;0.0
org.apache.commons.lang.builder$CompareToBuilder#reflectionCompare(java.lang.Object,java.lang.Object,boolean):173;0.0
org.apache.commons.lang.builder$CompareToBuilder#reflectionCompare(java.lang.Object,java.lang.Object,java.util.Collection):205;0.0
org.apache.commons.lang.builder$CompareToBuilder#reflectionCompare(java.lang.Object,java.lang.Object,java.lang.String[]):237;0.0
org.apache.commons.lang.builder$CompareToBuilder#reflectionCompare(java.lang.Object,java.lang.Object,boolean,java.lang.Class,java.lang.String[]):279;0.0
org.apache.commons.lang.builder$CompareToBuilder#reflectionAppend(java.lang.Object,java.lang.Object,java.lang.Class,org.apache.commons.lang.builder.CompareToBuilder,boolean,java.lang.String[]):317;0.0
org.apache.commons.lang.builder$CompareToBuilder#appendSuper(int):347;0.0
org.apache.commons.lang.builder$CompareToBuilder#append(java.lang.Object,java.lang.Object):375;0.0
org.apache.commons.lang.builder$CompareToBuilder#append(java.lang.Object,java.lang.Object,java.util.Comparator):404;0.0
org.apache.commons.lang.builder$CompareToBuilder#append(long,long):464;0.0
org.apache.commons.lang.builder$CompareToBuilder#append(int,int):480;0.0
org.apache.commons.lang.builder$CompareToBuilder#append(short,short):496;0.0
org.apache.commons.lang.builder$CompareToBuilder#append(char,char):512;0.0
org.apache.commons.lang.builder$CompareToBuilder#append(byte,byte):528;0.0
org.apache.commons.lang.builder$CompareToBuilder#append(double,double):549;0.0
org.apache.commons.lang.builder$CompareToBuilder#append(float,float):570;0.0
org.apache.commons.lang.builder$CompareToBuilder#append(boolean,boolean):586;0.0
org.apache.commons.lang.builder$CompareToBuilder#append(java.lang.Object[],java.lang.Object[]):622;0.0
org.apache.commons.lang.builder$CompareToBuilder#append(java.lang.Object[],java.lang.Object[],java.util.Comparator):649;0.0
org.apache.commons.lang.builder$CompareToBuilder#append(long[],long[]):689;0.0
org.apache.commons.lang.builder$CompareToBuilder#append(int[],int[]):729;0.0
org.apache.commons.lang.builder$CompareToBuilder#append(short[],short[]):769;0.0
org.apache.commons.lang.builder$CompareToBuilder#append(char[],char[]):809;0.0
org.apache.commons.lang.builder$CompareToBuilder#append(byte[],byte[]):849;0.0
org.apache.commons.lang.builder$CompareToBuilder#append(double[],double[]):889;0.0
org.apache.commons.lang.builder$CompareToBuilder#append(float[],float[]):929;0.0
org.apache.commons.lang.builder$CompareToBuilder#append(boolean[],boolean[]):969;0.0
org.apache.commons.lang.builder$CompareToBuilder#toComparison():1003;0.0
org.apache.commons.lang.builder$EqualsBuilder#EqualsBuilder():100;0.0
org.apache.commons.lang.builder$EqualsBuilder#reflectionEquals(java.lang.Object,java.lang.Object):125;0.0
org.apache.commons.lang.builder$EqualsBuilder#reflectionEquals(java.lang.Object,java.lang.Object,java.util.Collection):148;0.0
org.apache.commons.lang.builder$EqualsBuilder#reflectionEquals(java.lang.Object,java.lang.Object,java.lang.String[]):171;0.0
org.apache.commons.lang.builder$EqualsBuilder#reflectionEquals(java.lang.Object,java.lang.Object,boolean):195;0.0
org.apache.commons.lang.builder$EqualsBuilder#reflectionEquals(java.lang.Object,java.lang.Object,boolean,java.lang.Class):224;0.0
org.apache.commons.lang.builder$EqualsBuilder#reflectionEquals(java.lang.Object,java.lang.Object,boolean,java.lang.Class,java.lang.String[]):255;0.0
org.apache.commons.lang.builder$EqualsBuilder#reflectionAppend(java.lang.Object,java.lang.Object,java.lang.Class,org.apache.commons.lang.builder.EqualsBuilder,boolean,java.lang.String[]):320;0.0
org.apache.commons.lang.builder$EqualsBuilder#appendSuper(boolean):350;0.0
org.apache.commons.lang.builder$EqualsBuilder#append(java.lang.Object,java.lang.Object):368;0.0
org.apache.commons.lang.builder$EqualsBuilder#append(long,long):423;0.0
org.apache.commons.lang.builder$EqualsBuilder#append(int,int):438;0.0
org.apache.commons.lang.builder$EqualsBuilder#append(short,short):453;0.0
org.apache.commons.lang.builder$EqualsBuilder#append(char,char):468;0.0
org.apache.commons.lang.builder$EqualsBuilder#append(byte,byte):483;0.0
org.apache.commons.lang.builder$EqualsBuilder#append(double,double):504;0.0
org.apache.commons.lang.builder$EqualsBuilder#append(float,float):524;0.0
org.apache.commons.lang.builder$EqualsBuilder#append(boolean,boolean):538;0.0
org.apache.commons.lang.builder$EqualsBuilder#append(java.lang.Object[],java.lang.Object[]):556;0.0
org.apache.commons.lang.builder$EqualsBuilder#append(long[],long[]):587;0.0
org.apache.commons.lang.builder$EqualsBuilder#append(int[],int[]):618;0.0
org.apache.commons.lang.builder$EqualsBuilder#append(short[],short[]):649;0.0
org.apache.commons.lang.builder$EqualsBuilder#append(char[],char[]):680;0.0
org.apache.commons.lang.builder$EqualsBuilder#append(byte[],byte[]):711;0.0
org.apache.commons.lang.builder$EqualsBuilder#append(double[],double[]):742;0.0
org.apache.commons.lang.builder$EqualsBuilder#append(float[],float[]):773;0.0
org.apache.commons.lang.builder$EqualsBuilder#append(boolean[],boolean[]):804;0.0
org.apache.commons.lang.builder$EqualsBuilder#isEquals():831;0.0
org.apache.commons.lang.builder$EqualsBuilder#setEquals(boolean):841;0.0
org.apache.commons.lang.exception$NestableError#NestableError():48;0.0
org.apache.commons.lang.exception$NestableError#NestableError(java.lang.String):58;0.0
org.apache.commons.lang.exception$NestableError#NestableError(java.lang.Throwable):69;0.0
org.apache.commons.lang.exception$NestableError#NestableError(java.lang.String,java.lang.Throwable):82;0.0
org.apache.commons.lang.exception$NestableError#getCause():90;0.0
org.apache.commons.lang.exception$NestableError#getMessage():101;0.0
org.apache.commons.lang.exception$NestableError#getMessage(int):114;0.0
org.apache.commons.lang.exception$NestableError#getMessages():125;0.0
org.apache.commons.lang.exception$NestableError#getThrowable(int):132;0.0
org.apache.commons.lang.exception$NestableError#getThrowableCount():139;0.0
org.apache.commons.lang.exception$NestableError#getThrowables():146;0.0
org.apache.commons.lang.exception$NestableError#indexOfThrowable(java.lang.Class):153;0.0
org.apache.commons.lang.exception$NestableError#indexOfThrowable(java.lang.Class,int):160;0.0
org.apache.commons.lang.exception$NestableError#printStackTrace():167;0.0
org.apache.commons.lang.exception$NestableError#printStackTrace(java.io.PrintStream):174;0.0
org.apache.commons.lang.exception$NestableError#printStackTrace(java.io.PrintWriter):181;0.0
org.apache.commons.lang.exception$NestableError#printPartialStackTrace(java.io.PrintWriter):188;0.0
