rank,test,score
1,org.apache.commons.math3.ode.sampling.NordsieckStepInterpolatorTest#serialization,253.000000
2,org.apache.commons.math3.geometry.euclidean.threed.PolyhedronsSetTest#testIsometry,248.000000
3,org.apache.commons.math3.optimization.general.AbstractLeastSquaresOptimizerTestValidation#testParametersErrorMonteCarloObservations,232.000000
4,org.apache.commons.math3.optimization.general.LevenbergMarquardtOptimizerTest#testCircleFitting2,218.000000
5,org.apache.commons.math3.optim.nonlinear.vector.jacobian.AbstractLeastSquaresOptimizerTestValidation#testParametersErrorMonteCarloObservations,211.000000
6,org.apache.commons.math3.optim.nonlinear.scalar.noderiv.CMAESOptimizerTest#testElliRotated,196.000000
7,org.apache.commons.math3.analysis.interpolation.SmoothingPolynomialBicubicSplineInterpolatorTest#testPreconditions,194.000000
8,org.apache.commons.math3.geometry.euclidean.twod.PolygonsSetTest#testIssue880Complete,192.000000
9,org.apache.commons.math3.optim.nonlinear.vector.jacobian.LevenbergMarquardtOptimizerTest#testCircleFitting2,189.000000
10,org.apache.commons.math3.optimization.fitting.GaussianFitterTest#testMath519,186.000000
11,org.apache.commons.math3.optimization.direct.CMAESOptimizerTest#testConstrainedRosen,182.000000
12,org.apache.commons.math3.fitting.GaussianFitterTest#testMath519,177.000000
13,org.apache.commons.math3.optimization.fitting.PolynomialFitterTest#testMath798WithToleranceTooLowButNoException,176.000000
14,org.apache.commons.math3.distribution.fitting.MultivariateNormalMixtureExpectationMaximizationTest#testConvergenceException,169.000000
15,org.apache.commons.math3.linear.UnmodifiableOpenMapRealVectorTest#testAllButExcluded,169.000000
16,org.apache.commons.math3.fitting.leastsquares.LevenbergMarquardtOptimizerTest#testCircleFitting2,165.000000
17,org.apache.commons.math3.ode.nonstiff.AdamsMoultonIntegratorTest#testMinStep,163.000000
18,org.apache.commons.math3.stat.regression.GLSMultipleLinearRegressionTest#testGLSEfficiency,162.000000
19,org.apache.commons.math3.fitting.leastsquares.AbstractLeastSquaresOptimizerTestValidation#testParametersErrorMonteCarloObservations,158.000000
20,org.apache.commons.math3.random.EmpiricalDistributionTest#testDensityIntegrals,153.000000
21,org.apache.commons.math3.ode.JacobianMatricesTest#testInternalDifferentiation,147.000000
22,org.apache.commons.math3.ode.nonstiff.DormandPrince54IntegratorTest#testEvents,147.000000
23,org.apache.commons.math3.ode.nonstiff.GraggBulirschStoerIntegratorTest#testEvents,144.000000
24,org.apache.commons.math3.stat.regression.OLSMultipleLinearRegressionTest#testSwissFertility,143.000000
25,org.apache.commons.math3.optim.linear.SimplexSolverTest#testMath434PivotRowSelection2,141.000000
26,org.apache.commons.math3.fitting.leastsquares.AbstractLeastSquaresOptimizerTestValidation#testParametersErrorMonteCarloParameters,139.000000
27,org.apache.commons.math3.linear.UnmodifiableArrayRealVectorTest#testAllButExcluded,134.000000
28,org.apache.commons.math3.optimization.MultivariateDifferentiableMultiStartOptimizerTest#testCircleFitting,131.000000
29,org.apache.commons.math3.geometry.euclidean.twod.PolygonsSetTest#testLineIntersection,127.000000
30,org.apache.commons.math3.geometry.euclidean.threed.FieldRotationDfpTest#testDoubleRotations,122.000000
31,org.apache.commons.math3.random.ISAACTest#testNextF,119.000000
32,org.apache.commons.math3.stat.inference.TestUtilsTest#testTwoSampleTHeterscedastic,119.000000
33,org.apache.commons.math3.random.ValueServerTest#testFixedSeed,118.000000
34,org.apache.commons.math3.stat.descriptive.DescriptiveStatisticsTest#testSummaryConsistency,117.000000
35,org.apache.commons.math3.optim.nonlinear.scalar.MultiStartMultivariateOptimizerTest#testCircleFitting,115.000000
36,org.apache.commons.math3.random.ISAACTest#testNextPoissonConsistency,114.000000
37,org.apache.commons.math3.stat.correlation.PearsonsCorrelationTest#testCovarianceConsistency,114.000000
38,org.apache.commons.math3.geometry.euclidean.threed.FieldRotationDfpTest#testAngles,113.000000
39,org.apache.commons.math3.optimization.linear.SimplexSolverTest#testMath434PivotRowSelection2,111.000000
40,org.apache.commons.math3.ode.nonstiff.AdamsMoultonIntegratorTest#dimensionCheck,110.000000
41,org.apache.commons.math3.stat.descriptive.SynchronizedMultivariateSummaryStatisticsTest#testEqualsAndHashCode,107.000000
42,org.apache.commons.math3.optim.nonlinear.scalar.noderiv.PowellOptimizerTest#testSumSinc,106.000000
43,org.apache.commons.math3.linear.EigenDecompositionTest#testUnsymmetric,105.000000
44,org.apache.commons.math3.optimization.general.AbstractLeastSquaresOptimizerTest#testGetRMS,105.000000
45,org.apache.commons.math3.stat.descriptive.SynchronizedSummaryStatisticsTest#testCopy,105.000000
46,org.apache.commons.math3.stat.descriptive.AggregateSummaryStatisticsTest#testAggregationConsistency,104.000000
47,org.apache.commons.math3.analysis.solvers.BracketingNthOrderBrentSolverTest#testFasterThanNewton,102.000000
48,org.apache.commons.math3.linear.ArrayRealVectorTest#testMap,102.000000
49,org.apache.commons.math3.stat.descriptive.SynchronizedDescriptiveStatisticsTest#testShuffledStatistics,99.000000
50,org.apache.commons.math3.distribution.ChiSquaredDistributionTest#testDensityIntegrals,98.000000
51,org.apache.commons.math3.linear.SchurTransformerTest#testRandomDataNormalDistribution,98.000000
52,org.apache.commons.math3.geometry.euclidean.threed.FieldRotationDSTest#testDerivatives,97.000000
53,org.apache.commons.math3.geometry.euclidean.threed.FieldRotationDSTest#testAngles,96.000000
54,org.apache.commons.math3.geometry.euclidean.twod.PolygonsSetTest#testSqueezedHexa,96.000000
55,org.apache.commons.math3.filter.KalmanFilterTest#testConstantAcceleration,95.000000
56,org.apache.commons.math3.optim.nonlinear.vector.MultiStartMultivariateVectorOptimizerTest#testNoOptimum,95.000000
57,org.apache.commons.math3.linear.SymmLQTest#testPreconditionedSolution2,91.000000
58,org.apache.commons.math3.optim.nonlinear.scalar.MultivariateFunctionMappingAdapterTest#testStartSimplexInsideRange,90.000000
59,org.apache.commons.math3.optim.nonlinear.scalar.noderiv.BOBYQAOptimizerTest#testElliRotated,89.000000
60,org.apache.commons.math3.optim.linear.SimplexTableauTest#testSerial,83.000000
61,org.apache.commons.math3.geometry.euclidean.twod.SubLineTest#testSeveralSegments,82.000000
62,org.apache.commons.math3.optimization.direct.BOBYQAOptimizerTest#testConstrainedRosen,78.000000
63,org.apache.commons.math3.distribution.KolmogorovSmirnovDistributionTest#testCumulativeDensityFunction,77.000000
64,org.apache.commons.math3.ode.events.EventStateTest#closeEvents,77.000000
65,org.apache.commons.math3.stat.correlation.CovarianceTest#testConsistency,77.000000
66,org.apache.commons.math3.optimization.direct.SimplexOptimizerNelderMeadTest#testLeastSquares3,74.000000
67,org.apache.commons.math3.stat.correlation.SpearmansRankCorrelationTest#testConsistency,69.000000
68,org.apache.commons.math3.analysis.interpolation.MicrosphereInterpolatorTest#testLinearFunction2D,65.000000
69,org.apache.commons.math3.analysis.FunctionUtilsTest#testMultiplyDifferentiable,64.000000
70,org.apache.commons.math3.random.ValueServerTest#testModes,64.000000
71,org.apache.commons.math3.fitting.leastsquares.LevenbergMarquardtOptimizerTest#testShallowCopy,62.000000
72,org.apache.commons.math3.analysis.interpolation.TricubicSplineInterpolatorTest#testPreconditions,56.000000
73,org.apache.commons.math3.ode.nonstiff.AdamsMoultonIntegratorTest#exceedMaxEvaluations,246.000000
74,org.apache.commons.math3.geometry.euclidean.threed.PolyhedronsSetTest#testIssue780,242.000000
75,org.apache.commons.math3.optimization.general.GaussNewtonOptimizerTest#testCircleFitting,211.000000
76,org.apache.commons.math3.optimization.general.AbstractLeastSquaresOptimizerTestValidation#testParametersErrorMonteCarloParameters,195.000000
77,org.apache.commons.math3.optim.nonlinear.scalar.noderiv.CMAESOptimizerTest#testFitAccuracyDependsOnBoundary,193.000000
78,org.apache.commons.math3.analysis.interpolation.SmoothingPolynomialBicubicSplineInterpolatorTest#testPlane,190.000000
79,org.apache.commons.math3.geometry.euclidean.twod.PolygonsSetTest#testXor,189.000000
80,org.apache.commons.math3.optim.nonlinear.vector.jacobian.GaussNewtonOptimizerTest#testCircleFitting,188.000000
81,org.apache.commons.math3.optimization.direct.CMAESOptimizerTest#testFitAccuracyDependsOnBoundary,177.000000
82,org.apache.commons.math3.optimization.general.AbstractLeastSquaresOptimizerTest#testComputeSigma,167.000000
83,org.apache.commons.math3.optim.nonlinear.vector.MultiStartMultivariateVectorOptimizerTest#testIssue914,165.000000
84,org.apache.commons.math3.optimization.general.GaussNewtonOptimizerTest#testMaxEvaluations,165.000000
85,org.apache.commons.math3.ode.nonstiff.AdamsBashforthIntegratorTest#testMinStep,163.000000
86,org.apache.commons.math3.fitting.GaussianCurveFitterTest#testMath519,153.000000
87,org.apache.commons.math3.ode.events.EventFilterTest#testTwoOppositeFilters,145.000000
88,org.apache.commons.math3.random.EmpiricalDistributionTest#testSampling,142.000000
89,org.apache.commons.math3.optim.linear.SimplexSolverTest#testUnboundedSolution,132.000000
90,org.apache.commons.math3.optimization.general.NonLinearConjugateGradientOptimizerTest#testIllConditioned,127.000000
91,org.apache.commons.math3.stat.regression.OLSMultipleLinearRegressionTest#testPerfectFit,126.000000
92,org.apache.commons.math3.geometry.euclidean.twod.PolygonsSetTest#testChoppedHexagon,122.000000
93,org.apache.commons.math3.ode.JacobianMatricesTest#testFinalResult,118.000000
94,org.apache.commons.math3.ode.nonstiff.DormandPrince853StepInterpolatorTest#serialization,116.000000
95,org.apache.commons.math3.distribution.MultivariateNormalMixtureModelDistributionTest#testSampling,115.000000
96,org.apache.commons.math3.geometry.euclidean.threed.FieldRotationDfpTest#testDoubleVectors,114.000000
97,org.apache.commons.math3.optim.nonlinear.scalar.gradient.NonLinearConjugateGradientOptimizerTest#testIllConditioned,112.000000
98,org.apache.commons.math3.stat.regression.SimpleRegressionTest#testAppend,111.000000
99,org.apache.commons.math3.ode.nonstiff.AdamsBashforthIntegratorTest#dimensionCheck,110.000000
100,org.apache.commons.math3.fitting.leastsquares.AbstractLeastSquaresOptimizerTest#testComputeSigma,108.000000
101,org.apache.commons.math3.analysis.function.SincTest#testDerivativeShortcut,105.000000
102,org.apache.commons.math3.linear.EigenDecompositionTest#testMath848,105.000000
103,org.apache.commons.math3.linear.RealVectorTest#testMap,101.000000
104,org.apache.commons.math3.linear.RRQRSolverTest#testSolve,97.000000
105,org.apache.commons.math3.geometry.euclidean.twod.PolygonsSetTest#testIssue880Simplified,95.000000
106,org.apache.commons.math3.filter.KalmanFilterTest#testConstant,93.000000
107,org.apache.commons.math3.geometry.euclidean.threed.FieldVector3DTest#testAngularSeparation,93.000000
108,org.apache.commons.math3.optim.univariate.BrentOptimizerTest#testQuinticMinStatistics,92.000000
109,org.apache.commons.math3.random.ValueServerTest#testNextDigest,91.000000
110,org.apache.commons.math3.stat.descriptive.SynchronizedMultivariateSummaryStatisticsTest#testShuffledStatistics,91.000000
111,org.apache.commons.math3.optim.nonlinear.scalar.noderiv.SimplexOptimizerNelderMeadTest#testLeastSquares3,89.000000
112,org.apache.commons.math3.optim.nonlinear.scalar.noderiv.BOBYQAOptimizerTest#testMaxEvaluations,84.000000
113,org.apache.commons.math3.stat.inference.TestUtilsTest#testChiSquareIndependence,84.000000
114,org.apache.commons.math3.linear.SparseRealMatrixTest#testTranspose,83.000000
115,org.apache.commons.math3.optim.linear.SimplexTableauTest#testDropPhase1Objective,83.000000
116,org.apache.commons.math3.optimization.linear.SimplexTableauTest#testSerial,83.000000
117,org.apache.commons.math3.stat.correlation.SpearmansRankCorrelationTest#testPValueNearZero,83.000000
118,org.apache.commons.math3.analysis.polynomials.PolynomialsUtilsTest#testJacobiOrthogonality,82.000000
119,org.apache.commons.math3.stat.inference.TestUtilsTest#testOneWayAnovaUtils,81.000000
120,org.apache.commons.math3.stat.data.LotteryTest#testCertifiedValues,79.000000
121,org.apache.commons.math3.analysis.solvers.BrentSolverTest#testMath832,78.000000
122,org.apache.commons.math3.geometry.euclidean.oned.IntervalsSetTest#testMultiple,76.000000
123,org.apache.commons.math3.optimization.direct.MultivariateFunctionMappingAdapterTest#testStartSimplexInsideRange,74.000000
124,org.apache.commons.math3.optimization.MultivariateDifferentiableVectorMultiStartOptimizerTest#testNoOptimum,71.000000
125,org.apache.commons.math3.optimization.direct.BOBYQAOptimizerTest#testMaxEvaluations,71.000000
126,org.apache.commons.math3.linear.ConjugateGradientTest#testPreconditionedResidual,70.000000
127,org.apache.commons.math3.optim.nonlinear.vector.jacobian.LevenbergMarquardtOptimizerTest#testConstraintsUnsupported,69.000000
128,org.apache.commons.math3.optim.univariate.BrentOptimizerTest#testSinMin,69.000000
129,org.apache.commons.math3.linear.RRQRSolverTest#testOverdetermined,67.000000
130,org.apache.commons.math3.stat.correlation.CovarianceTest#testSwissFertility,66.000000
131,org.apache.commons.math3.analysis.interpolation.MicrosphereInterpolatorTest#testParaboloid2D,65.000000
132,org.apache.commons.math3.fitting.leastsquares.AbstractLeastSquaresOptimizerTest#testComputeRMS,59.000000
133,org.apache.commons.math3.stat.descriptive.AggregateSummaryStatisticsTest#testAggregation,57.000000
134,org.apache.commons.math3.analysis.FunctionUtilsTest#testComposeDifferentiable,54.000000
135,org.apache.commons.math3.ode.nonstiff.AdamsMoultonIntegratorTest#backward,240.000000
136,org.apache.commons.math3.geometry.euclidean.threed.PolyhedronsSetTest#testBox,228.000000
137,org.apache.commons.math3.optimization.general.LevenbergMarquardtOptimizerTest#testCircleFitting,199.000000
138,org.apache.commons.math3.optim.nonlinear.scalar.noderiv.CMAESOptimizerTest#testConstrainedRosen,195.000000
139,org.apache.commons.math3.analysis.interpolation.SmoothingPolynomialBicubicSplineInterpolatorTest#testParaboloid,190.000000
140,org.apache.commons.math3.geometry.euclidean.twod.PolygonsSetTest#testIntersection,185.000000
141,org.apache.commons.math3.optimization.direct.CMAESOptimizerTest#testElliRotated,179.000000
142,org.apache.commons.math3.optimization.fitting.PolynomialFitterTest#testFit,179.000000
143,org.apache.commons.math3.optimization.MultivariateDifferentiableVectorMultiStartOptimizerTest#testTrivial,173.000000
144,org.apache.commons.math3.fitting.PolynomialFitterTest#testFit,170.000000
145,org.apache.commons.math3.optim.nonlinear.vector.jacobian.LevenbergMarquardtOptimizerTest#testNonInvertible,160.000000
146,org.apache.commons.math3.ode.nonstiff.HighamHall54IntegratorTest#testEventsNoConvergence,139.000000
147,org.apache.commons.math3.optim.linear.SimplexSolverTest#testMath930,134.000000
148,org.apache.commons.math3.optimization.general.NonLinearConjugateGradientOptimizerTest#testNoDependency,128.000000
149,org.apache.commons.math3.geometry.euclidean.twod.PolygonsSetTest#testConcentric,121.000000
150,org.apache.commons.math3.fitting.leastsquares.GaussNewtonOptimizerTest#testMaxEvaluations,119.000000
151,org.apache.commons.math3.ode.JacobianMatricesTest#testLowAccuracyExternalDifferentiation,117.000000
152,org.apache.commons.math3.stat.descriptive.SynchronizedDescriptiveStatisticsTest#testSummaryConsistency,117.000000
153,org.apache.commons.math3.stat.regression.OLSMultipleLinearRegressionTest#testWampler1,117.000000
154,org.apache.commons.math3.random.MersenneTwisterTest#testNextGamma,115.000000
155,org.apache.commons.math3.stat.inference.TestUtilsTest#testOneSampleTTest,115.000000
156,org.apache.commons.math3.optim.nonlinear.scalar.gradient.NonLinearConjugateGradientOptimizerTest#testNoDependency,113.000000
157,org.apache.commons.math3.distribution.MultivariateNormalDistributionTest#testUnivariateDistribution,107.000000
158,org.apache.commons.math3.random.EmpiricalDistributionTest#testSerialization,107.000000
159,org.apache.commons.math3.optimization.linear.SimplexSolverTest#testUnboundedSolution,105.000000
160,org.apache.commons.math3.optimization.general.AbstractLeastSquaresOptimizerTest#testGetChiSquare,104.000000
161,org.apache.commons.math3.ode.sampling.StepNormalizerTest#testBoundaries,101.000000
162,org.apache.commons.math3.linear.RealVectorTest#testMapToSelf,100.000000
163,org.apache.commons.math3.dfp.BracketingNthOrderBrentSolverDFPTest#testNeta,95.000000
164,org.apache.commons.math3.geometry.euclidean.threed.FieldRotationDSTest#testDoubleRotations,90.000000
165,org.apache.commons.math3.optim.nonlinear.scalar.noderiv.BOBYQAOptimizerTest#testConstrainedRosen,88.000000
166,org.apache.commons.math3.stat.descriptive.SynchronizedMultivariateSummaryStatisticsTest#testToString,88.000000
167,org.apache.commons.math3.stat.correlation.SpearmansRankCorrelationTest#testSwissFertility,87.000000
168,org.apache.commons.math3.optim.nonlinear.scalar.MultiStartMultivariateOptimizerTest#testRosenbrock,85.000000
169,org.apache.commons.math3.stat.regression.MillerUpdatingRegressionTest#testHdiag,84.000000
170,org.apache.commons.math3.random.MersenneTwisterTest#testNextHypergeometric,83.000000
171,org.apache.commons.math3.optimization.direct.PowellOptimizerTest#testSumSinc,81.000000
172,org.apache.commons.math3.geometry.euclidean.threed.SubLineTest#testSeveralSegments,75.000000
173,org.apache.commons.math3.optimization.direct.BOBYQAOptimizerTest#testElliRotated,75.000000
174,org.apache.commons.math3.analysis.integration.IterativeLegendreGaussIntegratorTest#testIssue464,72.000000
175,org.apache.commons.math3.stat.descriptive.SynchronizedDescriptiveStatisticsTest#testCopy,72.000000
176,org.apache.commons.math3.optim.nonlinear.vector.jacobian.GaussNewtonOptimizerTest#testConstraintsUnsupported,71.000000
177,org.apache.commons.math3.optim.linear.SimplexTableauTest#testInitialization,68.000000
178,org.apache.commons.math3.optim.univariate.MultiStartUnivariateOptimizerTest#testSinMin,68.000000
179,org.apache.commons.math3.linear.SymmLQTest#testNonSelfAdjointPreconditioner,65.000000
180,org.apache.commons.math3.optimization.direct.SimplexOptimizerNelderMeadTest#testMaxIterations,65.000000
181,org.apache.commons.math3.fitting.leastsquares.GaussNewtonOptimizerTest#testShallowCopy,57.000000
182,org.apache.commons.math3.stat.correlation.CovarianceTest#testOneColumn,48.000000
183,org.apache.commons.math3.linear.BlockRealMatrixTest#testWalk,41.000000
184,org.apache.commons.math3.ode.sampling.NordsieckStepInterpolatorTest#derivativesConsistency,233.000000
185,org.apache.commons.math3.geometry.euclidean.threed.PolyhedronsSetTest#testCross,231.000000
186,org.apache.commons.math3.optim.nonlinear.scalar.noderiv.CMAESOptimizerTest#testEllipse,196.000000
187,org.apache.commons.math3.optimization.direct.CMAESOptimizerTest#testEllipse,179.000000
188,org.apache.commons.math3.optimization.fitting.HarmonicFitterTest#test1PercentError,175.000000
189,org.apache.commons.math3.optim.nonlinear.vector.jacobian.AbstractLeastSquaresOptimizerTestValidation#testParametersErrorMonteCarloParameters,174.000000
190,org.apache.commons.math3.geometry.euclidean.twod.PolygonsSetTest#testBug20040520,171.000000
191,org.apache.commons.math3.distribution.fitting.MultivariateNormalMixtureExpectationMaximizationTest#testFit,167.000000
192,org.apache.commons.math3.fitting.HarmonicFitterTest#test1PercentError,166.000000
193,org.apache.commons.math3.optimization.general.GaussNewtonOptimizerTest#testHahn1,156.000000
194,org.apache.commons.math3.ode.events.OverlappingEventsTest#testOverlappingEvents0,130.000000
195,org.apache.commons.math3.optimization.general.NonLinearConjugateGradientOptimizerTest#testRedundantEquations,128.000000
196,org.apache.commons.math3.ode.JacobianMatricesTest#testHighAccuracyExternalDifferentiation,119.000000
197,org.apache.commons.math3.geometry.euclidean.twod.PolygonsSetTest#testEmptyDifference,117.000000
198,org.apache.commons.math3.stat.regression.OLSMultipleLinearRegressionTest#testWampler2,117.000000
199,org.apache.commons.math3.optim.linear.SimplexSolverTest#testMath290LEQ,116.000000
200,org.apache.commons.math3.optim.nonlinear.scalar.gradient.NonLinearConjugateGradientOptimizerTest#testRedundantEquations,113.000000
201,org.apache.commons.math3.fitting.leastsquares.MinpackTest#testMinpackHelicalValley,110.000000
202,org.apache.commons.math3.linear.ArrayRealVectorTest#testMapToSelf,99.000000
203,org.apache.commons.math3.random.EmpiricalDistributionTest#testIllegalArguments,98.000000
204,org.apache.commons.math3.random.AbstractRandomGeneratorTest#testNextInversionDeviate,95.000000
205,org.apache.commons.math3.stat.data.LewTest#testCertifiedValues,90.000000
206,org.apache.commons.math3.optim.nonlinear.scalar.noderiv.BOBYQAOptimizerTest#testEllipse,89.000000
207,org.apache.commons.math3.distribution.ExponentialDistributionTest#testDensityIntegrals,87.000000
208,org.apache.commons.math3.random.RandomGeneratorFactoryTest#testNextPascal,84.000000
209,org.apache.commons.math3.stat.correlation.PearsonsCorrelationTest#testStdErrorConsistency,84.000000
210,org.apache.commons.math3.linear.SymmLQTest#testPreconditionedNormOfResidual,83.000000
211,org.apache.commons.math3.linear.SparseFieldVectorTest#testBasicFunctions,82.000000
212,org.apache.commons.math3.ode.nonstiff.HighamHall54IntegratorTest#testMinStep,81.000000
213,org.apache.commons.math3.optim.nonlinear.scalar.noderiv.SimplexOptimizerNelderMeadTest#testMaxIterations,80.000000
214,org.apache.commons.math3.optimization.univariate.BrentOptimizerTest#testQuinticMinStatistics,78.000000
215,org.apache.commons.math3.stat.inference.TestUtilsTest#testPaired,78.000000
216,org.apache.commons.math3.geometry.euclidean.threed.FieldVector3DTest#testConstructors,75.000000
217,org.apache.commons.math3.optimization.direct.BOBYQAOptimizerTest#testEllipse,75.000000
218,org.apache.commons.math3.optimization.linear.SimplexTableauTest#testInitialization,68.000000
219,org.apache.commons.math3.util.FastMathTest#testHyperbolicInverses,68.000000
220,org.apache.commons.math3.optim.univariate.BrentOptimizerTest#testKeepInitIfBest,67.000000
221,org.apache.commons.math3.stat.correlation.CovarianceTest#testLongly,66.000000
222,org.apache.commons.math3.optimization.MultivariateMultiStartOptimizerTest#testRosenbrock,64.000000
223,org.apache.commons.math3.linear.MatrixUtilsTest#testBigFractionConverter,60.000000
224,org.apache.commons.math3.fitting.leastsquares.AbstractLeastSquaresOptimizerTest#testComputeCost,58.000000
225,org.apache.commons.math3.optim.linear.SimplexTableauTest#testTableauWithNoArtificialVars,58.000000
226,org.apache.commons.math3.stat.descriptive.SynchronizedMultivariateSummaryStatisticsTest#testSetterIllegalState,37.000000
227,org.apache.commons.math3.linear.Array2DRowRealMatrixTest#testWalk,36.000000
228,org.apache.commons.math3.ode.nonstiff.AdamsMoultonIntegratorTest#polynomial,238.000000
229,org.apache.commons.math3.geometry.euclidean.threed.PolyhedronsSetTest#testBuildBox,227.000000
230,org.apache.commons.math3.optim.nonlinear.scalar.noderiv.CMAESOptimizerTest#testTwoAxes,196.000000
231,org.apache.commons.math3.geometry.euclidean.twod.PolygonsSetTest#testStair,183.000000
232,org.apache.commons.math3.optimization.direct.CMAESOptimizerTest#testTwoAxes,179.000000
233,org.apache.commons.math3.optimization.fitting.PolynomialFitterTest#testRedundantUnsolvable,174.000000
234,org.apache.commons.math3.optimization.general.LevenbergMarquardtOptimizerTest#testControlParameters,167.000000
235,org.apache.commons.math3.distribution.fitting.MultivariateNormalMixtureExpectationMaximizationTest#testThresholdPositive,147.000000
236,org.apache.commons.math3.optim.nonlinear.vector.jacobian.GaussNewtonOptimizerTest#testCircleFittingGoodInit,145.000000
237,org.apache.commons.math3.optim.nonlinear.vector.jacobian.AbstractLeastSquaresOptimizerTest#testComputeSigma,143.000000
238,org.apache.commons.math3.ode.JacobianMatricesTest#testAnalyticalDifferentiation,135.000000
239,org.apache.commons.math3.optim.linear.SimplexSolverTest#testRestrictVariablesToNonNegative,135.000000
240,org.apache.commons.math3.ode.nonstiff.GillIntegratorTest#testDecreasingSteps,129.000000
241,org.apache.commons.math3.optimization.general.NonLinearConjugateGradientOptimizerTest#testTrivial,128.000000
242,org.apache.commons.math3.stat.regression.OLSMultipleLinearRegressionTest#testWampler3,117.000000
243,org.apache.commons.math3.fitting.leastsquares.GaussNewtonOptimizerTest#testHahn1,116.000000
244,org.apache.commons.math3.optim.nonlinear.scalar.gradient.NonLinearConjugateGradientOptimizerTest#testTrivial,113.000000
245,org.apache.commons.math3.geometry.euclidean.threed.FieldRotationDfpTest#testVectorTwoPairs,105.000000
246,org.apache.commons.math3.stat.inference.TestUtilsTest#testTwoSampleTHomoscedastic,103.000000
247,org.apache.commons.math3.random.EmpiricalDistributionTest#testLoad,97.000000
248,org.apache.commons.math3.distribution.TDistributionTest#testDensityIntegrals,94.000000
249,org.apache.commons.math3.distribution.ChiSquaredDistributionTest#testSmallDf,93.000000
250,org.apache.commons.math3.optimization.linear.SimplexSolverTest#testMath290LEQ,90.000000
251,org.apache.commons.math3.optim.nonlinear.scalar.noderiv.BOBYQAOptimizerTest#testTwoAxes,89.000000
252,org.apache.commons.math3.stat.correlation.PearsonsCorrelationTest#testSwissFertility,87.000000
253,org.apache.commons.math3.linear.EigenSolverTest#testSolveDimensionErrors,80.000000
254,org.apache.commons.math3.optimization.direct.BOBYQAOptimizerTest#testTwoAxes,75.000000
255,org.apache.commons.math3.ode.FirstOrderConverterTest#testSmallStep,74.000000
256,org.apache.commons.math3.distribution.ZipfDistributionTest#testSampling,71.000000
257,org.apache.commons.math3.optim.nonlinear.scalar.MultivariateFunctionPenaltyAdapterTest#testOptimumOutsideRange,70.000000
258,org.apache.commons.math3.geometry.euclidean.threed.FieldRotationDSTest#testIssue639,63.000000
259,org.apache.commons.math3.linear.ConjugateGradientTest#testEventManagement,61.000000
260,org.apache.commons.math3.geometry.euclidean.threed.FieldVector3DTest#testSubtract,58.000000
261,org.apache.commons.math3.optim.univariate.MultiStartUnivariateOptimizerTest#testQuinticMin,55.000000
262,org.apache.commons.math3.optimization.direct.MultivariateFunctionPenaltyAdapterTest#testOptimumOutsideRange,54.000000
263,org.apache.commons.math3.stat.regression.MillerUpdatingRegressionTest#testPCorr,51.000000
264,org.apache.commons.math3.stat.descriptive.SynchronizedMultivariateSummaryStatisticsTest#testSetterInjection,47.000000
265,org.apache.commons.math3.util.ResizableDoubleArrayTest#testAddElementRolling,46.000000
266,org.apache.commons.math3.ode.nonstiff.AdamsMoultonIntegratorTest#testIncreasingTolerance,239.000000
267,org.apache.commons.math3.geometry.euclidean.threed.PolyhedronsSetTest#testTetrahedron,228.000000
268,org.apache.commons.math3.optim.nonlinear.scalar.noderiv.CMAESOptimizerTest#testCigar,196.000000
269,org.apache.commons.math3.geometry.euclidean.twod.PolygonsSetTest#testOppositeHyperplanes,181.000000
270,org.apache.commons.math3.optimization.direct.CMAESOptimizerTest#testCigar,179.000000
271,org.apache.commons.math3.optimization.general.GaussNewtonOptimizerTest#testTrivial,163.000000
272,org.apache.commons.math3.optim.nonlinear.vector.MultiStartMultivariateVectorOptimizerTest#testTrivial,160.000000
273,org.apache.commons.math3.optimization.general.LevenbergMarquardtOptimizerTest#testTrivial,158.000000
274,org.apache.commons.math3.optim.nonlinear.vector.jacobian.LevenbergMarquardtOptimizerTest#testBevington,154.000000
275,org.apache.commons.math3.fitting.GaussianCurveFitterTest#testWithMaxIterations2,146.000000
276,org.apache.commons.math3.optim.linear.SimplexSolverTest#testEpsilon,136.000000
277,org.apache.commons.math3.ode.JacobianMatricesTest#testParameterizable,128.000000
278,org.apache.commons.math3.optimization.general.NonLinearConjugateGradientOptimizerTest#testTwoSets,125.000000
279,org.apache.commons.math3.ode.events.EventStateTest#testIssue965,123.000000
280,org.apache.commons.math3.stat.regression.OLSMultipleLinearRegressionTest#testWampler4,117.000000
281,org.apache.commons.math3.random.EmpiricalDistributionTest#testKernelOverrideUniform,113.000000
282,org.apache.commons.math3.optim.nonlinear.scalar.gradient.NonLinearConjugateGradientOptimizerTest#testTwoSets,110.000000
283,org.apache.commons.math3.distribution.LogNormalDistributionTest#testSampling,109.000000
284,org.apache.commons.math3.distribution.fitting.MultivariateNormalMixtureExpectationMaximizationTest#testIncompatibleIntialMixture,107.000000
285,org.apache.commons.math3.optimization.linear.SimplexSolverTest#testRestrictVariablesToNonNegative,107.000000
286,org.apache.commons.math3.stat.descriptive.SynchronizedMultivariateSummaryStatisticsTest#testSerialization,96.000000
287,org.apache.commons.math3.optim.nonlinear.scalar.noderiv.BOBYQAOptimizerTest#testCigar,89.000000
288,org.apache.commons.math3.random.AbstractRandomGeneratorTest#testNextBinomial,83.000000
289,org.apache.commons.math3.stat.correlation.PearsonsCorrelationTest#testPValueNearZero,83.000000
290,org.apache.commons.math3.ode.nonstiff.GillIntegratorTest#testBackward,75.000000
291,org.apache.commons.math3.optimization.direct.BOBYQAOptimizerTest#testCigar,75.000000
292,org.apache.commons.math3.stat.inference.OneWayAnovaTest#testAnovaPValueSummaryStatistics,75.000000
293,org.apache.commons.math3.geometry.euclidean.threed.FieldRotationDSTest#testMatrix,73.000000
294,org.apache.commons.math3.optim.nonlinear.scalar.noderiv.SimplexOptimizerMultiDirectionalTest#testMaximize1,72.000000
295,org.apache.commons.math3.analysis.integration.IterativeLegendreGaussIntegratorTest#testSinFunction,68.000000
296,org.apache.commons.math3.random.CorrelatedRandomVectorGeneratorTest#testSampleWithZeroCovariance,68.000000
297,org.apache.commons.math3.linear.SymmLQTest#testUnpreconditionedInPlaceSolutionWithInitialGuess,67.000000
298,org.apache.commons.math3.optim.nonlinear.scalar.gradient.NonLinearConjugateGradientOptimizerTest#testBoundsUnsupported,65.000000
299,org.apache.commons.math3.dfp.DfpDecTest#testNextAfter,63.000000
300,org.apache.commons.math3.stat.correlation.SpearmansRankCorrelationTest#testMath891Matrix,63.000000
301,org.apache.commons.math3.random.StableRandomGeneratorTest#testCauchyCase,62.000000
302,org.apache.commons.math3.optimization.direct.SimplexOptimizerMultiDirectionalTest#testMaximize1,57.000000
303,org.apache.commons.math3.optim.univariate.MultiStartUnivariateOptimizerTest#testMissingSearchInterval,34.000000
304,org.apache.commons.math3.ode.nonstiff.AdamsBashforthIntegratorTest#polynomial,235.000000
305,org.apache.commons.math3.optim.nonlinear.scalar.noderiv.CMAESOptimizerTest#testRosen,196.000000
306,org.apache.commons.math3.geometry.euclidean.twod.PolygonsSetTest#testDisjointPolygons,184.000000
307,org.apache.commons.math3.optimization.direct.CMAESOptimizerTest#testRosen,179.000000
308,org.apache.commons.math3.optim.nonlinear.vector.jacobian.LevenbergMarquardtOptimizerTest#testCircleFitting,174.000000
309,org.apache.commons.math3.optimization.general.GaussNewtonOptimizerTest#testInconsistentSizes1,162.000000
310,org.apache.commons.math3.optimization.general.MinpackTest#testMinpackHelicalValley,161.000000
311,org.apache.commons.math3.distribution.fitting.MultivariateNormalMixtureExpectationMaximizationTest#testInitialMixture,143.000000
312,org.apache.commons.math3.stat.regression.OLSMultipleLinearRegressionTest#testLongly,143.000000
313,org.apache.commons.math3.optim.nonlinear.vector.jacobian.GaussNewtonOptimizerTest#testHahn1,138.000000
314,org.apache.commons.math3.ode.nonstiff.ThreeEighthesIntegratorTest#testDecreasingSteps,129.000000
315,org.apache.commons.math3.fitting.leastsquares.GaussNewtonOptimizerTest#testInconsistentSizes1,126.000000
316,org.apache.commons.math3.optimization.general.NonLinearConjugateGradientOptimizerTest#testMoreEstimatedParametersSimple,126.000000
317,org.apache.commons.math3.optim.linear.SimplexSolverTest#testSingleVariableAndConstraint,124.000000
318,org.apache.commons.math3.optim.nonlinear.scalar.gradient.NonLinearConjugateGradientOptimizerTest#testMoreEstimatedParametersSimple,111.000000
319,org.apache.commons.math3.optimization.linear.SimplexSolverTest#testEpsilon,108.000000
320,org.apache.commons.math3.stat.inference.TTestTest#testOneSampleTTest,106.000000
321,org.apache.commons.math3.distribution.ParetoDistributionTest#testSampling,97.000000
322,org.apache.commons.math3.stat.descriptive.SynchronizedMultivariateSummaryStatisticsTest#testStats,95.000000
323,org.apache.commons.math3.distribution.NormalDistributionTest#testDensityIntegrals,93.000000
324,org.apache.commons.math3.random.EmpiricalDistributionTest#testLoadNullDoubleArray,93.000000
325,org.apache.commons.math3.geometry.euclidean.threed.FieldRotationDfpTest#testCompose,91.000000
326,org.apache.commons.math3.optim.nonlinear.scalar.noderiv.BOBYQAOptimizerTest#testRosen,89.000000
327,org.apache.commons.math3.optim.nonlinear.scalar.MultivariateFunctionMappingAdapterTest#testHalfBounded,87.000000
328,org.apache.commons.math3.stat.correlation.PearsonsCorrelationTest#testLongly,85.000000
329,org.apache.commons.math3.geometry.euclidean.threed.FieldRotationDSTest#testDoubleVectors,83.000000
330,org.apache.commons.math3.optimization.direct.BOBYQAOptimizerTest#testRosen,75.000000
331,org.apache.commons.math3.ode.nonstiff.ThreeEighthesIntegratorTest#testBackward,74.000000
332,org.apache.commons.math3.optimization.direct.MultivariateFunctionMappingAdapterTest#testHalfBounded,71.000000
333,org.apache.commons.math3.random.Well44497bTest#testNextPermutation,64.000000
334,org.apache.commons.math3.stat.regression.GLSMultipleLinearRegressionTest#testNewSample2,63.000000
335,org.apache.commons.math3.linear.SymmLQTest#testNonPositiveDefinitePreconditioner,62.000000
336,org.apache.commons.math3.stat.descriptive.SynchronizedDescriptiveStatisticsTest#testWindowSize,59.000000
337,org.apache.commons.math3.geometry.euclidean.twod.SubLineTest#testEndPoints,56.000000
338,org.apache.commons.math3.optim.univariate.MultiStartUnivariateOptimizerTest#testBadFunction,47.000000
339,org.apache.commons.math3.stat.correlation.SpearmansRankCorrelationTest#testInsufficientData,47.000000
340,org.apache.commons.math3.ode.nonstiff.AdamsBashforthIntegratorTest#exceedMaxEvaluations,243.000000
341,org.apache.commons.math3.optim.nonlinear.scalar.noderiv.CMAESOptimizerTest#testRastrigin,196.000000
342,org.apache.commons.math3.optimization.direct.CMAESOptimizerTest#testRastrigin,179.000000
343,org.apache.commons.math3.fitting.PolynomialFitterTest#testMath798WithToleranceTooLowButNoException,170.000000
344,org.apache.commons.math3.geometry.euclidean.twod.PolygonsSetTest#testBug20041003,161.000000
345,org.apache.commons.math3.optimization.fitting.PolynomialFitterTest#testMath798WithToleranceTooLow,161.000000
346,org.apache.commons.math3.optimization.general.MinpackTest#testMinpackJennrichSampson,151.000000
347,org.apache.commons.math3.optim.linear.SimplexSolverTest#testSimplexSolver,135.000000
348,org.apache.commons.math3.optimization.general.NonLinearConjugateGradientOptimizerTest#testMoreEstimatedParametersUnsorted,126.000000
349,org.apache.commons.math3.fitting.leastsquares.GaussNewtonOptimizerTest#testTrivial,119.000000
350,org.apache.commons.math3.ode.nonstiff.GraggBulirschStoerStepInterpolatorTest#serialization,117.000000
351,org.apache.commons.math3.ode.nonstiff.ClassicalRungeKuttaIntegratorTest#testMissedEndEvent,112.000000
352,org.apache.commons.math3.optim.nonlinear.scalar.gradient.NonLinearConjugateGradientOptimizerTest#testMoreEstimatedParametersUnsorted,111.000000
353,org.apache.commons.math3.random.RandomGeneratorFactoryTest#testNextBeta,111.000000
354,org.apache.commons.math3.random.EmpiricalDistributionTest#testGeneratorConfig,100.000000
355,org.apache.commons.math3.distribution.MultivariateNormalMixtureModelDistributionTest#testWeightSumOverFlow,98.000000
356,org.apache.commons.math3.optimization.linear.SimplexSolverTest#testSingleVariableAndConstraint,96.000000
357,org.apache.commons.math3.optim.nonlinear.scalar.noderiv.BOBYQAOptimizerTest#testRastrigin,89.000000
358,org.apache.commons.math3.stat.inference.TTestTest#testSmallSamples,89.000000
359,org.apache.commons.math3.dfp.DfpTest#testLinearCombinationDaFa,78.000000
360,org.apache.commons.math3.distribution.CauchyDistributionTest#testDensityIntegrals,77.000000
361,org.apache.commons.math3.optim.nonlinear.scalar.noderiv.SimplexOptimizerMultiDirectionalTest#testMath283,77.000000
362,org.apache.commons.math3.optimization.direct.BOBYQAOptimizerTest#testRastrigin,75.000000
363,org.apache.commons.math3.stat.regression.OLSMultipleLinearRegressionTest#testYVariance,68.000000
364,org.apache.commons.math3.random.Well19937aTest#testNextCauchy,63.000000
365,org.apache.commons.math3.stat.descriptive.SynchronizedDescriptiveStatisticsTest#testRemoval,62.000000
366,org.apache.commons.math3.optimization.direct.SimplexOptimizerMultiDirectionalTest#testMath283,61.000000
367,org.apache.commons.math3.linear.SymmLQTest#testSolveSaunders1,59.000000
368,org.apache.commons.math3.random.ISAACTest#testReseed,59.000000
369,org.apache.commons.math3.geometry.euclidean.threed.FieldRotationDSTest#testArray,55.000000
370,org.apache.commons.math3.linear.QRSolverTest#testUnderdetermined,55.000000
371,org.apache.commons.math3.stat.descriptive.SynchronizedMultivariateSummaryStatisticsTest#testNaNContracts,49.000000
372,org.apache.commons.math3.optim.univariate.MultiStartUnivariateOptimizerTest#testMissingMaxEval,36.000000
373,org.apache.commons.math3.ode.nonstiff.AdamsBashforthIntegratorTest#testIncreasingTolerance,236.000000
374,org.apache.commons.math3.optim.nonlinear.scalar.noderiv.CMAESOptimizerTest#testMath864,192.000000
375,org.apache.commons.math3.geometry.euclidean.twod.PolygonsSetTest#testUnion,183.000000
376,org.apache.commons.math3.optimization.direct.CMAESOptimizerTest#testMath864,176.000000
377,org.apache.commons.math3.optimization.fitting.PolynomialFitterTest#testMath798,176.000000
378,org.apache.commons.math3.optimization.general.LevenbergMarquardtOptimizerTest#testCircleFittingBadInit,158.000000
379,org.apache.commons.math3.optim.nonlinear.vector.jacobian.LevenbergMarquardtOptimizerTest#testControlParameters,139.000000
380,org.apache.commons.math3.ode.nonstiff.MidpointIntegratorTest#testDecreasingSteps,129.000000
381,org.apache.commons.math3.optimization.general.NonLinearConjugateGradientOptimizerTest#testColumnsPermutation,128.000000
382,org.apache.commons.math3.optim.linear.SimplexSolverTest#testMath290GEQ,115.000000
383,org.apache.commons.math3.optim.nonlinear.scalar.gradient.NonLinearConjugateGradientOptimizerTest#testColumnsPermutation,113.000000
384,org.apache.commons.math3.optimization.linear.SimplexSolverTest#testSimplexSolver,108.000000
385,org.apache.commons.math3.stat.inference.TTestTest#testTwoSampleTHeterscedastic,108.000000
386,org.apache.commons.math3.fitting.leastsquares.GaussNewtonOptimizerTest#testGetIterations,105.000000
387,org.apache.commons.math3.distribution.MultivariateNormalMixtureModelDistributionTest#testPreconditionPositiveWeights,102.000000
388,org.apache.commons.math3.stat.regression.SimpleRegressionTest#testRemoveSingle,93.000000
389,org.apache.commons.math3.distribution.LogNormalDistributionTest#testDensityIntegrals,92.000000
390,org.apache.commons.math3.optim.nonlinear.scalar.noderiv.BOBYQAOptimizerTest#testSsDiffPow,89.000000
391,org.apache.commons.math3.random.EmpiricalDistributionTest#testGetBinUpperBounds,89.000000
392,org.apache.commons.math3.optim.nonlinear.scalar.MultivariateFunctionMappingAdapterTest#testUnbounded,75.000000
393,org.apache.commons.math3.optimization.direct.BOBYQAOptimizerTest#testSsDiffPow,75.000000
394,org.apache.commons.math3.analysis.interpolation.FieldHermiteInterpolatorTest#testRandomPolynomialsFirstDerivative,74.000000
395,org.apache.commons.math3.stat.inference.TestUtilsTest#testGTestIndependance,71.000000
396,org.apache.commons.math3.geometry.euclidean.threed.FieldRotationDSTest#testRevert,68.000000
397,org.apache.commons.math3.stat.descriptive.SynchronizedMultivariateSummaryStatisticsTest#testN0andN1Conditions,68.000000
398,org.apache.commons.math3.linear.SymmLQTest#testUnpreconditionedSolutionWithInitialGuess,67.000000
399,org.apache.commons.math3.linear.MatrixUtilsTest#testBlockInverse,66.000000
400,org.apache.commons.math3.ode.nonstiff.MidpointStepInterpolatorTest#testDerivativesConsistency,66.000000
401,org.apache.commons.math3.stat.correlation.SpearmansRankCorrelationTest#testSwiss,63.000000
402,org.apache.commons.math3.optimization.direct.MultivariateFunctionMappingAdapterTest#testUnbounded,59.000000
403,org.apache.commons.math3.genetics.GeneticAlgorithmTestPermutations#test,51.000000
404,org.apache.commons.math3.stat.descriptive.MixedListUnivariateImplTest#testProductAndGeometricMean,50.000000
405,org.apache.commons.math3.optim.univariate.BrentOptimizerTest#testBoundaries,43.000000
406,org.apache.commons.math3.ode.nonstiff.AdamsBashforthIntegratorTest#backward,237.000000
407,org.apache.commons.math3.geometry.euclidean.twod.PolygonsSetTest#testHole,179.000000
408,org.apache.commons.math3.optimization.direct.CMAESOptimizerTest#testSsDiffPow,179.000000
409,org.apache.commons.math3.fitting.leastsquares.GaussNewtonOptimizerTest#testCircleFitting,163.000000
410,org.apache.commons.math3.optimization.fitting.CurveFitterTest#testMath372,157.000000
411,org.apache.commons.math3.optim.nonlinear.scalar.noderiv.CMAESOptimizerTest#testDiagonalRosen,152.000000
412,org.apache.commons.math3.optimization.general.GaussNewtonOptimizerTest#testMoreEstimatedParametersSimple,143.000000
413,org.apache.commons.math3.optim.linear.SimplexSolverTest#testTrivialModel,132.000000
414,org.apache.commons.math3.ode.nonstiff.EulerIntegratorTest#testDecreasingSteps,129.000000
415,org.apache.commons.math3.optim.nonlinear.vector.jacobian.MinpackTest#testMinpackHelicalValley,128.000000
416,org.apache.commons.math3.optimization.general.NonLinearConjugateGradientOptimizerTest#testNonInversible,126.000000
417,org.apache.commons.math3.random.Well44497bTest#testNextT,112.000000
418,org.apache.commons.math3.optim.nonlinear.scalar.gradient.NonLinearConjugateGradientOptimizerTest#testNonInversible,111.000000
419,org.apache.commons.math3.stat.inference.TTestTest#testOneSampleT,105.000000
420,org.apache.commons.math3.distribution.MultivariateNormalDistributionTest#testDensities,101.000000
421,org.apache.commons.math3.random.EmpiricalDistributionTest#testIsSupportUpperBoundInclusive,101.000000
422,org.apache.commons.math3.geometry.euclidean.threed.FieldRotationDfpTest#testMatrix,98.000000
423,org.apache.commons.math3.optim.nonlinear.scalar.noderiv.BOBYQAOptimizerTest#testMaximize,89.000000
424,org.apache.commons.math3.optimization.linear.SimplexSolverTest#testMath290GEQ,88.000000
425,org.apache.commons.math3.stat.descriptive.MultivariateSummaryStatisticsTest#testSerialization,83.000000
426,org.apache.commons.math3.geometry.euclidean.threed.FieldRotationDSTest#testSingularities,80.000000
427,org.apache.commons.math3.optimization.direct.BOBYQAOptimizerTest#testMaximize,78.000000
428,org.apache.commons.math3.random.Well512aTest#testNextGaussian,78.000000
429,org.apache.commons.math3.distribution.ParetoDistributionTest#testDensityIntegrals,75.000000
430,org.apache.commons.math3.optim.nonlinear.scalar.noderiv.SimplexOptimizerMultiDirectionalTest#testRosenbrock,69.000000
431,org.apache.commons.math3.ode.nonstiff.EulerStepInterpolatorTest#derivativesConsistency,66.000000
432,org.apache.commons.math3.filter.KalmanFilterTest#testTransitionMeasurementMatrixMismatch,58.000000
433,org.apache.commons.math3.analysis.solvers.LaguerreSolverTest#testQuadraticFunction,55.000000
434,org.apache.commons.math3.optim.univariate.BrentOptimizerTest#testQuinticMax,54.000000
435,org.apache.commons.math3.optimization.direct.SimplexOptimizerMultiDirectionalTest#testRosenbrock,54.000000
436,org.apache.commons.math3.linear.ConjugateGradientTest#testUnpreconditionedInPlaceSolutionWithInitialGuess,52.000000
437,org.apache.commons.math3.stat.descriptive.SynchronizedDescriptiveStatisticsTest#testGetValues,52.000000
438,org.apache.commons.math3.stat.correlation.PearsonsCorrelationTest#testConsistency,49.000000
439,org.apache.commons.math3.optim.nonlinear.scalar.noderiv.CMAESOptimizerTest#testSsDiffPow,196.000000
440,org.apache.commons.math3.geometry.euclidean.twod.PolygonsSetTest#testDifference,189.000000
441,org.apache.commons.math3.optimization.direct.CMAESOptimizerTest#testAckley,179.000000
442,org.apache.commons.math3.fitting.CurveFitterTest#testMath372,149.000000
443,org.apache.commons.math3.optimization.general.MinpackTest#testMinpackWatson,149.000000
444,org.apache.commons.math3.distribution.MultivariateNormalDistributionTest#testSampling,145.000000
445,org.apache.commons.math3.optimization.general.GaussNewtonOptimizerTest#testMoreEstimatedParametersUnsorted,143.000000
446,org.apache.commons.math3.optimization.general.NonLinearConjugateGradientOptimizerTest#testInconsistentEquations,126.000000
447,org.apache.commons.math3.optim.linear.SimplexSolverTest#testInfeasibleSolution,125.000000
448,org.apache.commons.math3.random.EmpiricalDistributionTest#testNext,119.000000
449,org.apache.commons.math3.optim.nonlinear.scalar.gradient.NonLinearConjugateGradientOptimizerTest#testInconsistentEquations,111.000000
450,org.apache.commons.math3.ode.nonstiff.GillIntegratorTest#testUnstableDerivative,107.000000
451,org.apache.commons.math3.fitting.leastsquares.GaussNewtonOptimizerTest#testMoreEstimatedParametersSimple,105.000000
452,org.apache.commons.math3.optimization.linear.SimplexSolverTest#testTrivialModel,104.000000
453,org.apache.commons.math3.random.Well19937aTest#testNextChiSquare,103.000000
454,org.apache.commons.math3.ode.nonstiff.DormandPrince54IntegratorTest#testIncreasingTolerance,99.000000
455,org.apache.commons.math3.distribution.FDistributionTest#testDensityIntegrals,92.000000
456,org.apache.commons.math3.optim.nonlinear.scalar.noderiv.BOBYQAOptimizerTest#testCigTab,89.000000
457,org.apache.commons.math3.dfp.DfpTest#testCbrt,85.000000
458,org.apache.commons.math3.optim.nonlinear.scalar.noderiv.SimplexOptimizerNelderMeadTest#testLeastSquares1,83.000000
459,org.apache.commons.math3.stat.descriptive.MultivariateSummaryStatisticsTest#testStats,82.000000
460,org.apache.commons.math3.linear.RRQRDecompositionTest#testAPEqualQR,80.000000
461,org.apache.commons.math3.stat.inference.TTestTest#testPaired,80.000000
462,org.apache.commons.math3.optimization.direct.BOBYQAOptimizerTest#testCigTab,75.000000
463,org.apache.commons.math3.stat.descriptive.SynchronizedDescriptiveStatisticsTest#testToString,71.000000
464,org.apache.commons.math3.optimization.direct.SimplexOptimizerNelderMeadTest#testLeastSquares1,68.000000
465,org.apache.commons.math3.linear.ConjugateGradientTest#testPreconditionedNormOfResidual,65.000000
466,org.apache.commons.math3.geometry.euclidean.threed.FieldRotationDSTest#testCompose,64.000000
467,org.apache.commons.math3.distribution.GeometricDistributionTest#testSampling,63.000000
468,org.apache.commons.math3.linear.QRSolverTest#testOverdetermined,58.000000
469,org.apache.commons.math3.ode.ContinuousOutputModelTest#testErrorConditions,51.000000
470,org.apache.commons.math3.optim.univariate.BrentOptimizerTest#testQuinticMin,45.000000
471,org.apache.commons.math3.optim.nonlinear.scalar.noderiv.CMAESOptimizerTest#testMaximize,196.000000
472,org.apache.commons.math3.geometry.euclidean.twod.PolygonsSetTest#testUnlimitedSubHyperplane,184.000000
473,org.apache.commons.math3.optimization.direct.CMAESOptimizerTest#testDiffPow,179.000000
474,org.apache.commons.math3.optimization.general.GaussNewtonOptimizerTest#testCircleFittingBadInit,163.000000
475,org.apache.commons.math3.fitting.PolynomialFitterTest#testLargeSample,149.000000
476,org.apache.commons.math3.optimization.general.MinpackTest#testMinpackBard,145.000000
477,org.apache.commons.math3.ode.nonstiff.ClassicalRungeKuttaIntegratorTest#testDecreasingSteps,131.000000
478,org.apache.commons.math3.optim.linear.SimplexSolverTest#testMath713NegativeVariable,129.000000
479,org.apache.commons.math3.optimization.general.NonLinearConjugateGradientOptimizerTest#testCircleFitting,116.000000
480,org.apache.commons.math3.random.EmpiricalDistributionTest#testKernelOverrideConstant,111.000000
481,org.apache.commons.math3.ode.events.ReappearingEventTest#testGragg,106.000000
482,org.apache.commons.math3.fitting.leastsquares.GaussNewtonOptimizerTest#testMoreEstimatedParametersUnsorted,105.000000
483,org.apache.commons.math3.optim.nonlinear.scalar.gradient.NonLinearConjugateGradientOptimizerTest#testCircleFitting,98.000000
484,org.apache.commons.math3.optimization.linear.SimplexSolverTest#testInfeasibleSolution,98.000000
485,org.apache.commons.math3.stat.inference.TTestTest#testTwoSampleTHomoscedastic,97.000000
486,org.apache.commons.math3.distribution.LevyDistributionTest#testDensityIntegrals,89.000000
487,org.apache.commons.math3.optim.nonlinear.scalar.noderiv.BOBYQAOptimizerTest#testSphere,89.000000
488,org.apache.commons.math3.distribution.MultivariateNormalDistributionTest#testGetMean,88.000000
489,org.apache.commons.math3.optim.nonlinear.scalar.noderiv.SimplexOptimizerNelderMeadTest#testLeastSquares2,83.000000
490,org.apache.commons.math3.util.FastMathTest#testAcosAccuracy,83.000000
491,org.apache.commons.math3.distribution.FDistributionTest#testLargeDegreesOfFreedom,80.000000
492,org.apache.commons.math3.stat.descriptive.MultivariateSummaryStatisticsTest#testToString,76.000000
493,org.apache.commons.math3.optimization.direct.BOBYQAOptimizerTest#testSphere,75.000000
494,org.apache.commons.math3.linear.ConjugateGradientTest#testNonPositiveDefiniteLinearOperator,72.000000
495,org.apache.commons.math3.optimization.direct.SimplexOptimizerNelderMeadTest#testLeastSquares2,68.000000
496,org.apache.commons.math3.geometry.euclidean.threed.FieldRotationDSTest#testComposeInverse,66.000000
497,org.apache.commons.math3.linear.RRQRSolverTest#testUnderdetermined,64.000000
498,org.apache.commons.math3.linear.BlockFieldMatrixTest#testTranspose,63.000000
499,org.apache.commons.math3.random.Well44497aTest#testNextWeibull,59.000000
500,org.apache.commons.math3.linear.MatrixUtilsTest#testFractionConverter,55.000000
501,org.apache.commons.math3.optim.univariate.BrentOptimizerTest#testMinEndpoints,54.000000
502,org.apache.commons.math3.stat.descriptive.DescriptiveStatisticsTest#testPercentileSetter,47.000000
503,org.apache.commons.math3.optim.nonlinear.scalar.noderiv.CMAESOptimizerTest#testAckley,196.000000
504,org.apache.commons.math3.geometry.euclidean.twod.PolygonsSetTest#testSingularPoint,181.000000
505,org.apache.commons.math3.optimization.direct.CMAESOptimizerTest#testSphere,179.000000
506,org.apache.commons.math3.optimization.general.LevenbergMarquardtOptimizerTest#testNonInvertible,174.000000
507,org.apache.commons.math3.optimization.general.GaussNewtonOptimizerTest#testCircleFittingGoodInit,167.000000
508,org.apache.commons.math3.ode.nonstiff.HighamHall54IntegratorTest#testEvents,145.000000
509,org.apache.commons.math3.optim.nonlinear.vector.jacobian.GaussNewtonOptimizerTest#testGetIterations,137.000000
510,org.apache.commons.math3.optim.linear.SimplexSolverTest#testMath272,131.000000
511,org.apache.commons.math3.optimization.general.NonLinearConjugateGradientOptimizerTest#testOneSet,128.000000
512,org.apache.commons.math3.fitting.leastsquares.GaussNewtonOptimizerTest#testCircleFittingBadInit,118.000000
513,org.apache.commons.math3.ode.ContinuousOutputModelTest#testModelsMerging,117.000000
514,org.apache.commons.math3.optim.nonlinear.scalar.gradient.NonLinearConjugateGradientOptimizerTest#testOneSet,113.000000
515,org.apache.commons.math3.random.Well512aTest#testNextF,112.000000
516,org.apache.commons.math3.optimization.linear.SimplexSolverTest#testMath713NegativeVariable,101.000000
517,org.apache.commons.math3.random.EmpiricalDistributionTest#testNexFail,92.000000
518,org.apache.commons.math3.distribution.MultivariateNormalDistributionTest#testGetCovarianceMatrix,91.000000
519,org.apache.commons.math3.optim.nonlinear.scalar.noderiv.BOBYQAOptimizerTest#testTablet,89.000000
520,org.apache.commons.math3.stat.inference.TestUtilsTest#testSmallSamples,86.000000
521,org.apache.commons.math3.dfp.DfpTest#testTan,79.000000
522,org.apache.commons.math3.geometry.euclidean.threed.FieldRotationDSTest#testVectorOnePair,76.000000
523,org.apache.commons.math3.distribution.TriangularDistributionTest#testDensityIntegrals,75.000000
524,org.apache.commons.math3.optimization.direct.BOBYQAOptimizerTest#testTablet,75.000000
525,org.apache.commons.math3.optim.nonlinear.scalar.MultivariateFunctionPenaltyAdapterTest#testStartSimplexInsideRange,71.000000
526,org.apache.commons.math3.linear.SymmLQTest#testNonSelfAdjointOperator,62.000000
527,org.apache.commons.math3.stat.correlation.SpearmansRankCorrelationTest#testLongly,61.000000
528,org.apache.commons.math3.random.CorrelatedRandomVectorGeneratorTest#testMeanAndCovariance,60.000000
529,org.apache.commons.math3.distribution.LevyDistributionTest#testSampling,59.000000
530,org.apache.commons.math3.optimization.direct.MultivariateFunctionPenaltyAdapterTest#testStartSimplexInsideRange,55.000000
531,org.apache.commons.math3.stat.StatUtilsTest#testNormalize1,50.000000
532,org.apache.commons.math3.linear.SparseRealVectorTest#testProjectionSameType,47.000000
533,org.apache.commons.math3.optim.univariate.BrentOptimizerTest#testMath832,43.000000
534,org.apache.commons.math3.stat.descriptive.MultivariateSummaryStatisticsTest#testNaNContracts,42.000000
535,org.apache.commons.math3.optim.nonlinear.scalar.noderiv.CMAESOptimizerTest#testCigTab,196.000000
536,org.apache.commons.math3.geometry.euclidean.twod.PolygonsSetTest#testSimplyConnected,183.000000
537,org.apache.commons.math3.optimization.direct.CMAESOptimizerTest#testTablet,179.000000
538,org.apache.commons.math3.optimization.fitting.GaussianFitterTest#testFit01,174.000000
539,org.apache.commons.math3.fitting.GaussianFitterTest#testFit01,165.000000
540,org.apache.commons.math3.optimization.general.GaussNewtonOptimizerTest#testNoDependency,154.000000
541,org.apache.commons.math3.distribution.fitting.MultivariateNormalMixtureExpectationMaximizationTest#testMaxIterationsPositive,147.000000
542,org.apache.commons.math3.optim.linear.SimplexSolverTest#testMath286,135.000000
543,org.apache.commons.math3.fitting.leastsquares.GaussNewtonOptimizerTest#testCircleFittingGoodInit,121.000000
544,org.apache.commons.math3.random.Well44497aTest#testNextF,112.000000
545,org.apache.commons.math3.stat.inference.TestUtilsTest#testOneSampleT,112.000000
546,org.apache.commons.math3.ode.nonstiff.HighamHall54IntegratorTest#testEventsErrors,108.000000
547,org.apache.commons.math3.optimization.linear.SimplexSolverTest#testMath272,103.000000
548,org.apache.commons.math3.random.EmpiricalDistributionTest#testIsSupportLowerBoundInclusive,100.000000
549,org.apache.commons.math3.ode.nonstiff.HighamHall54StepInterpolatorTest#derivativesConsistency,88.000000
550,org.apache.commons.math3.distribution.WeibullDistributionTest#testDensityIntegrals,76.000000
551,org.apache.commons.math3.geometry.euclidean.threed.FieldRotationDSTest#testQuaternion,71.000000
552,org.apache.commons.math3.optim.nonlinear.scalar.MultivariateFunctionPenaltyAdapterTest#testUnbounded,70.000000
553,org.apache.commons.math3.stat.inference.TestUtilsTest#testGTestGoodnesOfFit,70.000000
554,org.apache.commons.math3.dfp.DfpTest#testHypot,69.000000
555,org.apache.commons.math3.optim.univariate.BrentOptimizerTest#testMath855,68.000000
556,org.apache.commons.math3.linear.SymmLQTest#testSolveSaunders2,65.000000
557,org.apache.commons.math3.stat.descriptive.MixedListUnivariateImplTest#testSkewAndKurtosis,63.000000
558,org.apache.commons.math3.stat.descriptive.MultivariateSummaryStatisticsTest#testN0andN1Conditions,62.000000
559,org.apache.commons.math3.linear.CholeskySolverTest#testSolve,60.000000
560,org.apache.commons.math3.stat.inference.WilcoxonSignedRankTestTest#testWilcoxonSignedRankSimple,58.000000
561,org.apache.commons.math3.optimization.direct.MultivariateFunctionPenaltyAdapterTest#testUnbounded,54.000000
562,org.apache.commons.math3.optim.nonlinear.scalar.noderiv.CMAESOptimizerTest#testDiffPow,196.000000
563,org.apache.commons.math3.optimization.direct.CMAESOptimizerTest#testCigarWithBoundaries,182.000000
564,org.apache.commons.math3.optimization.fitting.GaussianFitterTest#testFit04,182.000000
565,org.apache.commons.math3.fitting.GaussianFitterTest#testFit04,173.000000
566,org.apache.commons.math3.optimization.general.GaussNewtonOptimizerTest#testRedundantEquations,155.000000
567,org.apache.commons.math3.ode.nonstiff.DormandPrince853IntegratorTest#testMissedEndEvent,131.000000
568,org.apache.commons.math3.optim.linear.SimplexSolverTest#testMath288,125.000000
569,org.apache.commons.math3.fitting.leastsquares.GaussNewtonOptimizerTest#testNoDependency,118.000000
570,org.apache.commons.math3.random.Well1024aTest#testNextF,112.000000
571,org.apache.commons.math3.distribution.MultivariateNormalMixtureModelDistributionTest#testDensities,107.000000
572,org.apache.commons.math3.optimization.linear.SimplexSolverTest#testMath286,107.000000
573,org.apache.commons.math3.random.EmpiricalDistributionTest#testBinIndexOverflow,86.000000
574,org.apache.commons.math3.linear.EigenDecompositionTest#testSquareRootNonSymmetric,81.000000
575,org.apache.commons.math3.ode.nonstiff.GraggBulirschStoerIntegratorTest#testMinStep,78.000000
576,org.apache.commons.math3.random.Well1024aTest#testNextExponential,77.000000
577,org.apache.commons.math3.stat.inference.OneWayAnovaTest#testAnovaTest,77.000000
578,org.apache.commons.math3.distribution.UniformRealDistributionTest#testDensityIntegrals,74.000000
579,org.apache.commons.math3.optim.nonlinear.scalar.MultivariateFunctionPenaltyAdapterTest#testStartSimplexOutsideRange,71.000000
580,org.apache.commons.math3.stat.descriptive.MultivariateSummaryStatisticsTest#testShuffledStatistics,68.000000
581,org.apache.commons.math3.geometry.euclidean.threed.FieldVector3DTest#testAngle,65.000000
582,org.apache.commons.math3.stat.descriptive.DescriptiveStatisticsTest#testCopy,65.000000
583,org.apache.commons.math3.dfp.BracketingNthOrderBrentSolverDFPTest#testInsufficientOrder3,60.000000
584,org.apache.commons.math3.linear.SymmLQTest#testSolveSaunders3,59.000000
585,org.apache.commons.math3.optim.univariate.BrentOptimizerTest#testSinMinWithValueChecker,59.000000
586,org.apache.commons.math3.optimization.direct.MultivariateFunctionPenaltyAdapterTest#testStartSimplexOutsideRange,55.000000
587,org.apache.commons.math3.analysis.integration.gauss.HermiteParametricTest#testAllMonomials[1],37.000000
588,org.apache.commons.math3.optim.nonlinear.scalar.noderiv.CMAESOptimizerTest#testSphere,196.000000
589,org.apache.commons.math3.optimization.fitting.GaussianFitterTest#testFit05,174.000000
590,org.apache.commons.math3.fitting.GaussianFitterTest#testFit05,165.000000
591,org.apache.commons.math3.optimization.general.GaussNewtonOptimizerTest#testQRColumnsPermutation,155.000000
592,org.apache.commons.math3.optim.linear.SimplexSolverTest#testMath293,135.000000
593,org.apache.commons.math3.ode.nonstiff.DormandPrince853IntegratorTest#testUnstableDerivative,124.000000
594,org.apache.commons.math3.random.EmpiricalDistributionTest#testGridTooFat,119.000000
595,org.apache.commons.math3.fitting.leastsquares.GaussNewtonOptimizerTest#testRedundantEquations,118.000000
596,org.apache.commons.math3.optimization.linear.SimplexSolverTest#testMath288,95.000000
597,org.apache.commons.math3.distribution.MultivariateNormalMixtureModelDistributionTest#testNonUnitWeightSum,94.000000
598,org.apache.commons.math3.distribution.TDistributionTest#testSmallDf,92.000000
599,org.apache.commons.math3.optim.nonlinear.scalar.noderiv.PowellOptimizerTest#testQuadratic,91.000000
600,org.apache.commons.math3.ode.nonstiff.GraggBulirschStoerIntegratorTest#testTooLargeFirstStep,82.000000
601,org.apache.commons.math3.stat.inference.OneWayAnovaTest#testAnovaPValue,76.000000
602,org.apache.commons.math3.optim.nonlinear.scalar.MultivariateFunctionPenaltyAdapterTest#testHalfBounded,71.000000
603,org.apache.commons.math3.analysis.integration.IterativeLegendreGaussIntegratorTest#testNormalDistributionWithLargeSigma,63.000000
604,org.apache.commons.math3.linear.SymmLQTest#testSolveSaunders4,59.000000
605,org.apache.commons.math3.distribution.UniformRealDistributionTest#testSampling,57.000000
606,org.apache.commons.math3.optimization.direct.MultivariateFunctionPenaltyAdapterTest#testHalfBounded,55.000000
607,org.apache.commons.math3.geometry.euclidean.threed.FieldVector3DTest#testOrthogonal,53.000000
608,org.apache.commons.math3.util.FastMathTest#testMinMaxFloat,51.000000
609,org.apache.commons.math3.stat.regression.GLSMultipleLinearRegressionTest#testYVariance,45.000000
610,org.apache.commons.math3.linear.BiDiagonalTransformerTest#testDimensions,41.000000
611,org.apache.commons.math3.stat.descriptive.MultivariateSummaryStatisticsTest#testSetterInjection,41.000000
612,org.apache.commons.math3.util.ResizableDoubleArrayTest#testMinMax,32.000000
613,org.apache.commons.math3.optim.nonlinear.scalar.noderiv.CMAESOptimizerTest#testTablet,196.000000
614,org.apache.commons.math3.optimization.fitting.GaussianFitterTest#testFit06,182.000000
615,org.apache.commons.math3.fitting.GaussianFitterTest#testFit06,173.000000
616,org.apache.commons.math3.optimization.general.GaussNewtonOptimizerTest#testInconsistentSizes2,162.000000
617,org.apache.commons.math3.ode.nonstiff.DormandPrince853IntegratorTest#testEvents,147.000000
618,org.apache.commons.math3.optim.linear.SimplexSolverTest#testMath781,137.000000
619,org.apache.commons.math3.fitting.leastsquares.GaussNewtonOptimizerTest#testQRColumnsPermutation,119.000000
620,org.apache.commons.math3.optimization.linear.SimplexSolverTest#testMath293,107.000000
621,org.apache.commons.math3.stat.regression.SimpleRegressionTest#testInference,98.000000
622,org.apache.commons.math3.random.EmpiricalDistributionTest#testDoubleLoad,93.000000
623,org.apache.commons.math3.optim.nonlinear.scalar.noderiv.PowellOptimizerTest#testRelativeToleranceOnScaledValues,92.000000
624,org.apache.commons.math3.ode.nonstiff.DormandPrince54IntegratorTest#testSmallLastStep,89.000000
625,org.apache.commons.math3.analysis.polynomials.PolynomialsUtilsTest#testLaguerreOrthogonality,79.000000
626,org.apache.commons.math3.optim.nonlinear.scalar.noderiv.SimplexOptimizerMultiDirectionalTest#testMaximize2,71.000000
627,org.apache.commons.math3.distribution.TriangularDistributionTest#testSampling,59.000000
628,org.apache.commons.math3.linear.SymmLQTest#testSolveSaunders5,59.000000
629,org.apache.commons.math3.optimization.direct.SimplexOptimizerMultiDirectionalTest#testMaximize2,56.000000
630,org.apache.commons.math3.dfp.DfpTest#testSignPredicates,52.000000
631,org.apache.commons.math3.linear.RRQRDecompositionTest#testRank,51.000000
632,org.apache.commons.math3.stat.CertifiedDataTest#testDescriptiveStatistics,51.000000
633,org.apache.commons.math3.geometry.euclidean.threed.FieldVector3DTest#testNormalize,39.000000
634,org.apache.commons.math3.ml.clustering.MultiKMeansPlusPlusClustererTest#dimension2,38.000000
635,org.apache.commons.math3.stat.descriptive.MultivariateSummaryStatisticsTest#testSetterIllegalState,34.000000
636,org.apache.commons.math3.optim.nonlinear.scalar.noderiv.CMAESOptimizerTest#testCigarWithBoundaries,195.000000
637,org.apache.commons.math3.optimization.fitting.GaussianFitterTest#testFit07,174.000000
638,org.apache.commons.math3.fitting.GaussianFitterTest#testFit07,165.000000
639,org.apache.commons.math3.optimization.general.GaussNewtonOptimizerTest#testTwoSets,154.000000
640,org.apache.commons.math3.ode.nonstiff.DormandPrince853IntegratorTest#testEventsScheduling,138.000000
641,org.apache.commons.math3.optim.linear.SimplexSolverTest#testMath828,135.000000
642,org.apache.commons.math3.fitting.leastsquares.GaussNewtonOptimizerTest#testInconsistentSizes2,126.000000
643,org.apache.commons.math3.random.EmpiricalDistributionTest#testGridTooFine,119.000000
644,org.apache.commons.math3.optimization.linear.SimplexSolverTest#testMath781,109.000000
645,org.apache.commons.math3.random.AbstractRandomGeneratorTest#testNextGamma,101.000000
646,org.apache.commons.math3.stat.descriptive.MultivariateSummaryStatisticsTest#testEqualsAndHashCode,93.000000
647,org.apache.commons.math3.optim.nonlinear.scalar.noderiv.PowellOptimizerTest#testMaximizeQuadratic,91.000000
648,org.apache.commons.math3.ode.nonstiff.DormandPrince54IntegratorTest#testMinStep,83.000000
649,org.apache.commons.math3.stat.inference.TestUtilsTest#testChiSquare,83.000000
650,org.apache.commons.math3.geometry.euclidean.threed.FieldRotationDSTest#testAxisAngle,81.000000
651,org.apache.commons.math3.analysis.polynomials.PolynomialsUtilsTest#testHermiteOrthogonality,79.000000
652,org.apache.commons.math3.optim.nonlinear.scalar.noderiv.SimplexOptimizerMultiDirectionalTest#testMinimize1,72.000000
653,org.apache.commons.math3.linear.EigenDecompositionTest#testDimensions,70.000000
654,org.apache.commons.math3.linear.SymmLQTest#testSolveSaunders6,65.000000
655,org.apache.commons.math3.optimization.direct.SimplexOptimizerMultiDirectionalTest#testMinimize1,57.000000
656,org.apache.commons.math3.dfp.DfpTest#testPower10,54.000000
657,org.apache.commons.math3.stat.StatUtilsTest#testNormalize2,51.000000
658,org.apache.commons.math3.stat.regression.SimpleRegressionTest#testRegressIfaceMethod,29.000000
659,org.apache.commons.math3.optimization.fitting.GaussianFitterTest#testMath798,181.000000
660,org.apache.commons.math3.fitting.GaussianFitterTest#testMath798,172.000000
661,org.apache.commons.math3.optimization.general.GaussNewtonOptimizerTest#testIllConditioned,154.000000
662,org.apache.commons.math3.ode.events.OverlappingEventsTest#testOverlappingEvents1,130.000000
663,org.apache.commons.math3.optim.linear.SimplexSolverTest#testModelWithNoArtificialVars,124.000000
664,org.apache.commons.math3.fitting.leastsquares.GaussNewtonOptimizerTest#testTwoSets,118.000000
665,org.apache.commons.math3.optimization.linear.SimplexSolverTest#testMath828,105.000000
666,org.apache.commons.math3.random.RandomGeneratorFactoryTest#testNextGamma,102.000000
667,org.apache.commons.math3.random.EmpiricalDistributionTest#testLoadNullFile,94.000000
668,org.apache.commons.math3.geometry.euclidean.threed.FieldRotationDSTest#testVectorTwoPairs,86.000000
669,org.apache.commons.math3.ode.nonstiff.DormandPrince853IntegratorTest#testMinStep,83.000000
670,org.apache.commons.math3.analysis.polynomials.PolynomialsUtilsTest#testChebyshevOrthogonality,78.000000
671,org.apache.commons.math3.optim.nonlinear.scalar.noderiv.SimplexOptimizerMultiDirectionalTest#testMinimize2,72.000000
672,org.apache.commons.math3.random.RandomDataGeneratorTest#testNextSecureIntNegativeToPositiveRange,71.000000
673,org.apache.commons.math3.dfp.DfpTest#testRemainderDouble,68.000000
674,org.apache.commons.math3.linear.SymmLQTest#testSolveSaunders7,65.000000
675,org.apache.commons.math3.optimization.direct.SimplexOptimizerMultiDirectionalTest#testMinimize2,57.000000
676,org.apache.commons.math3.linear.EigenDecompositionTest#testMathpbx02,56.000000
677,org.apache.commons.math3.stat.descriptive.MixedListUnivariateImplTest#testStats,53.000000
678,org.apache.commons.math3.fraction.BigFractionFormatTest#testParseProper,30.000000
679,org.apache.commons.math3.optimization.fitting.CurveFitterTest#testMath303,145.000000
680,org.apache.commons.math3.optimization.general.GaussNewtonOptimizerTest#testNonInvertible,143.000000
681,org.apache.commons.math3.fitting.CurveFitterTest#testMath303,136.000000
682,org.apache.commons.math3.optim.linear.SimplexSolverTest#testMinimization,132.000000
683,org.apache.commons.math3.ode.events.EventStateTest#testIssue695,130.000000
684,org.apache.commons.math3.fitting.leastsquares.GaussNewtonOptimizerTest#testIllConditioned,118.000000
685,org.apache.commons.math3.optimization.linear.SimplexSolverTest#testModelWithNoArtificialVars,96.000000
686,org.apache.commons.math3.random.EmpiricalDistributionTest#testLoadNullURL,94.000000
687,org.apache.commons.math3.distribution.BetaDistributionTest#testCumulative,84.000000
688,org.apache.commons.math3.dfp.DfpTest#testExp,79.000000
689,org.apache.commons.math3.analysis.polynomials.PolynomialsUtilsTest#testLegendreOrthogonality,78.000000
690,org.apache.commons.math3.ode.FirstOrderConverterTest#testDecreasingSteps,75.000000
691,org.apache.commons.math3.optim.nonlinear.scalar.noderiv.SimplexOptimizerMultiDirectionalTest#testPowell,72.000000
692,org.apache.commons.math3.linear.SymmLQTest#testSolveSaunders8,67.000000
693,org.apache.commons.math3.optimization.direct.SimplexOptimizerMultiDirectionalTest#testPowell,57.000000
694,org.apache.commons.math3.distribution.ChiSquaredDistributionTest#testCumulativeProbabilities,54.000000
695,org.apache.commons.math3.linear.LUDecompositionTest#testPAEqualLU,49.000000
696,org.apache.commons.math3.geometry.euclidean.threed.FieldRotationDSTest#testIdentity,46.000000
697,org.apache.commons.math3.stat.descriptive.MixedListUnivariateImplTest#testN0andN1Conditions,45.000000
698,org.apache.commons.math3.linear.ArrayFieldVectorTest#testDataInOut,44.000000
699,org.apache.commons.math3.optimization.general.GaussNewtonOptimizerTest#testInconsistentEquations,154.000000
700,org.apache.commons.math3.optimization.fitting.CurveFitterTest#testMath304,145.000000
701,org.apache.commons.math3.ode.events.EventFilterTest#testIncreasingOnly,143.000000
702,org.apache.commons.math3.fitting.CurveFitterTest#testMath304,136.000000
703,org.apache.commons.math3.optim.linear.SimplexSolverTest#testDegeneracy,129.000000
704,org.apache.commons.math3.random.EmpiricalDistributionTest#testReSeed,119.000000
705,org.apache.commons.math3.fitting.leastsquares.GaussNewtonOptimizerTest#testNonInvertible,105.000000
706,org.apache.commons.math3.optimization.linear.SimplexSolverTest#testMinimization,104.000000
707,org.apache.commons.math3.dfp.DfpTest#testAcosh,83.000000
708,org.apache.commons.math3.distribution.TDistributionTest#testInverseCumulativeProbabilities,79.000000
709,org.apache.commons.math3.ode.FirstOrderConverterTest#testBigStep,74.000000
710,org.apache.commons.math3.optim.nonlinear.scalar.noderiv.SimplexOptimizerNelderMeadTest#testMaximize1,70.000000
711,org.apache.commons.math3.linear.SymmLQTest#testSolveSaunders9,65.000000
712,org.apache.commons.math3.analysis.integration.IterativeLegendreGaussIntegratorTest#testExactIntegration,61.000000
713,org.apache.commons.math3.geometry.euclidean.threed.FieldRotationDSTest#testApplyInverseTo,61.000000
714,org.apache.commons.math3.linear.SingularValueDecompositionTest#testHadamard,61.000000
715,org.apache.commons.math3.optimization.direct.SimplexOptimizerNelderMeadTest#testMaximize1,55.000000
716,org.apache.commons.math3.distribution.PascalDistributionTest#testDegenerate0,54.000000
717,org.apache.commons.math3.stat.inference.ChiSquareTestTest#testChiSquareDataSetsComparisonEqualCounts,42.000000
718,org.apache.commons.math3.stat.descriptive.DescriptiveStatisticsTest#test20090720,40.000000
719,org.apache.commons.math3.optimization.fitting.HarmonicFitterTest#testTinyVariationsData,172.000000
720,org.apache.commons.math3.fitting.HarmonicFitterTest#testTinyVariationsData,163.000000
721,org.apache.commons.math3.optimization.general.GaussNewtonOptimizerTest#testKirby2,157.000000
722,org.apache.commons.math3.ode.events.EventFilterTest#testDecreasingOnly,143.000000
723,org.apache.commons.math3.optim.linear.SimplexSolverTest#testMath434PivotRowSelection,132.000000
724,org.apache.commons.math3.fitting.leastsquares.GaussNewtonOptimizerTest#testInconsistentEquations,118.000000
725,org.apache.commons.math3.distribution.TDistributionTest#testSampling,111.000000
726,org.apache.commons.math3.optimization.linear.SimplexSolverTest#testDegeneracy,105.000000
727,org.apache.commons.math3.random.EmpiricalDistributionTest#testDensities,99.000000
728,org.apache.commons.math3.ode.sampling.StepNormalizerOutputTest#testMulNeitherRev,98.000000
729,org.apache.commons.math3.dfp.DfpTest#testExpm1,77.000000
730,org.apache.commons.math3.geometry.euclidean.threed.FieldRotationDSTest#testIssue801,76.000000
731,org.apache.commons.math3.linear.SymmLQTest#testUnpreconditionedNormOfResidual,70.000000
732,org.apache.commons.math3.optim.nonlinear.scalar.noderiv.SimplexOptimizerNelderMeadTest#testMaximize2,70.000000
733,org.apache.commons.math3.random.Well19937cTest#testNextLongNegativeRange,69.000000
734,org.apache.commons.math3.stat.descriptive.DescriptiveStatisticsTest#testToString,62.000000
735,org.apache.commons.math3.analysis.integration.IterativeLegendreGaussIntegratorTest#testQuinticFunction,57.000000
736,org.apache.commons.math3.optimization.direct.SimplexOptimizerNelderMeadTest#testMaximize2,55.000000
737,org.apache.commons.math3.linear.Array2DRowRealMatrixTest#testPower,52.000000
738,org.apache.commons.math3.stat.FrequencyTest#testCounts,25.000000
739,org.apache.commons.math3.optimization.fitting.HarmonicFitterTest#testInitialGuess,166.000000
740,org.apache.commons.math3.fitting.HarmonicFitterTest#testInitialGuess,157.000000
741,org.apache.commons.math3.optimization.general.GaussNewtonOptimizerTest#testOneSet,154.000000
742,org.apache.commons.math3.optim.linear.SimplexSolverTest#testMath828Cycle,135.000000
743,org.apache.commons.math3.ode.events.ReappearingEventTest#testDormandPrince,110.000000
744,org.apache.commons.math3.fitting.leastsquares.GaussNewtonOptimizerTest#testKirby2,108.000000
745,org.apache.commons.math3.optimization.linear.SimplexSolverTest#testMath434PivotRowSelection,104.000000
746,org.apache.commons.math3.random.EmpiricalDistributionTest#testInverseCumulativeProbabilities,104.000000
747,org.apache.commons.math3.ode.sampling.StepNormalizerOutputTest#testIncNeither,98.000000
748,org.apache.commons.math3.distribution.GammaDistributionTest#testDensityIntegrals,94.000000
749,org.apache.commons.math3.stat.descriptive.DescriptiveStatisticsTest#testShuffledStatistics,93.000000
750,org.apache.commons.math3.distribution.TDistributionTest#testDistributionClone,89.000000
751,org.apache.commons.math3.stat.regression.OLSMultipleLinearRegressionTest#testHat,89.000000
752,org.apache.commons.math3.dfp.DfpTest#testLog1p,80.000000
753,org.apache.commons.math3.random.AbstractRandomGeneratorTest#testNextHex,76.000000
754,org.apache.commons.math3.linear.SymmLQTest#testPreconditionedSolution,74.000000
755,org.apache.commons.math3.optim.nonlinear.scalar.noderiv.SimplexOptimizerNelderMeadTest#testRosenbrock,69.000000
756,org.apache.commons.math3.optimization.direct.SimplexOptimizerNelderMeadTest#testRosenbrock,54.000000
757,org.apache.commons.math3.geometry.euclidean.threed.PlaneTest#testIntersection,31.000000
758,org.apache.commons.math3.optimization.fitting.HarmonicFitterTest#testUnsorted,175.000000
759,org.apache.commons.math3.fitting.HarmonicFitterTest#testUnsorted,166.000000
760,org.apache.commons.math3.optim.linear.SimplexSolverTest#testLargeModel,131.000000
761,org.apache.commons.math3.fitting.leastsquares.GaussNewtonOptimizerTest#testOneSet,118.000000
762,org.apache.commons.math3.random.EmpiricalDistributionTest#testCumulativeProbabilities,111.000000
763,org.apache.commons.math3.optimization.linear.SimplexSolverTest#testMath828Cycle,105.000000
764,org.apache.commons.math3.ode.sampling.StepNormalizerOutputTest#testMulLastRev,98.000000
765,org.apache.commons.math3.dfp.DfpTest#testPowDouble,93.000000
766,org.apache.commons.math3.distribution.LogNormalDistributionTest#testInverseCumulativeProbabilities,76.000000
767,org.apache.commons.math3.random.AbstractRandomGeneratorTest#testNextIntNegativeToPositiveRange,72.000000
768,org.apache.commons.math3.optim.nonlinear.scalar.noderiv.SimplexOptimizerNelderMeadTest#testMinimize1,70.000000
769,org.apache.commons.math3.linear.SymmLQTest#testUnpreconditionedSolution,67.000000
770,org.apache.commons.math3.linear.RRQRDecompositionTest#testNonInvertible,59.000000
771,org.apache.commons.math3.optimization.direct.SimplexOptimizerNelderMeadTest#testMinimize1,55.000000
772,org.apache.commons.math3.analysis.interpolation.BicubicSplineInterpolatorTest#testInterpolation1,41.000000
773,org.apache.commons.math3.stat.descriptive.DescriptiveStatisticsTest#testSetterInjection,37.000000
774,org.apache.commons.math3.optimization.fitting.HarmonicFitterTest#testNoError,175.000000
775,org.apache.commons.math3.fitting.HarmonicFitterTest#testNoError,166.000000
776,org.apache.commons.math3.optim.linear.SimplexSolverTest#testSolutionWithNegativeDecisionVariable,136.000000
777,org.apache.commons.math3.random.EmpiricalDistributionTest#testDistributionClone,116.000000
778,org.apache.commons.math3.fitting.leastsquares.MinpackTest#testMinpackLinearRank1,108.000000
779,org.apache.commons.math3.optimization.linear.SimplexSolverTest#testLargeModel,101.000000
780,org.apache.commons.math3.ode.sampling.StepNormalizerOutputTest#testMulBothRev,98.000000
781,org.apache.commons.math3.distribution.ChiSquaredDistributionTest#testInverseCumulativeProbabilities,84.000000
782,org.apache.commons.math3.optim.nonlinear.scalar.noderiv.SimplexOptimizerNelderMeadTest#testMinimize2,70.000000
783,org.apache.commons.math3.linear.SymmLQTest#testEventManagement,67.000000
784,org.apache.commons.math3.dfp.DfpTest#testCopySignDouble,66.000000
785,org.apache.commons.math3.random.RandomDataGeneratorTest#testNextSecureHex,66.000000
786,org.apache.commons.math3.linear.RRQRDecompositionTest#testHTrapezoidal,60.000000
787,org.apache.commons.math3.distribution.AbstractRealDistributionTest#testDiscontinuous,55.000000
788,org.apache.commons.math3.optimization.direct.SimplexOptimizerNelderMeadTest#testMinimize2,55.000000
789,org.apache.commons.math3.stat.descriptive.DescriptiveStatisticsTest#testRemoval,55.000000
790,org.apache.commons.math3.fitting.PolynomialFitterTest#testMath798WithToleranceTooLow,154.000000
791,org.apache.commons.math3.optimization.fitting.PolynomialFitterTest#testSmallError,152.000000
792,org.apache.commons.math3.fitting.leastsquares.MinpackTest#testMinpackBrownDennis,124.000000
793,org.apache.commons.math3.optim.linear.SimplexSolverTest#testMath434UnfeasibleSolution,119.000000
794,org.apache.commons.math3.optimization.linear.SimplexSolverTest#testSolutionWithNegativeDecisionVariable,108.000000
795,org.apache.commons.math3.random.EmpiricalDistributionTest#testConsistency,106.000000
796,org.apache.commons.math3.distribution.ChiSquaredDistributionTest#testSampling,101.000000
797,org.apache.commons.math3.ode.sampling.StepNormalizerOutputTest#testIncFirstRev,98.000000
798,org.apache.commons.math3.dfp.DfpTest#testLinearCombinationDF2,78.000000
799,org.apache.commons.math3.linear.EigenDecompositionTest#testEigenvectors,72.000000
800,org.apache.commons.math3.optim.nonlinear.scalar.noderiv.SimplexOptimizerNelderMeadTest#testPowell,70.000000
801,org.apache.commons.math3.linear.SymmLQTest#testSolveSaunders10,67.000000
802,org.apache.commons.math3.distribution.UniformIntegerDistributionTest#testSampling,58.000000
803,org.apache.commons.math3.optimization.direct.SimplexOptimizerNelderMeadTest#testPowell,55.000000
804,org.apache.commons.math3.stat.descriptive.DescriptiveStatisticsTest#testWindowSize,52.000000
805,org.apache.commons.math3.util.ResizableDoubleArrayTest#testConstructors,35.000000
806,org.apache.commons.math3.fitting.PolynomialFitterTest#testMath798,170.000000
807,org.apache.commons.math3.optimization.fitting.PolynomialFitterTest#testRedundantSolvable,152.000000
808,org.apache.commons.math3.optim.linear.SimplexSolverTest#testMath434NegativeVariable,137.000000
809,org.apache.commons.math3.fitting.leastsquares.MinpackTest#testMinpackJennrichSampson,114.000000
810,org.apache.commons.math3.ode.sampling.StepNormalizerOutputTest#testIncFirst,98.000000
811,org.apache.commons.math3.distribution.ChiSquaredDistributionTest#testDistributionClone,94.000000
812,org.apache.commons.math3.optimization.linear.SimplexSolverTest#testMath434UnfeasibleSolution,92.000000
813,org.apache.commons.math3.optim.nonlinear.scalar.MultivariateFunctionMappingAdapterTest#testOptimumOutsideRange,90.000000
814,org.apache.commons.math3.linear.EigenSolverTest#testSolve,86.000000
815,org.apache.commons.math3.dfp.DfpTest#testLinearCombinationDF3,78.000000
816,org.apache.commons.math3.optimization.direct.MultivariateFunctionMappingAdapterTest#testOptimumOutsideRange,74.000000
817,org.apache.commons.math3.distribution.NormalDistributionTest#testSampling,70.000000
818,org.apache.commons.math3.linear.SymmLQTest#testSolveSaunders11,59.000000
819,org.apache.commons.math3.optimization.direct.CMAESOptimizerTest#testInputSigmaOutOfRange,47.000000
820,org.apache.commons.math3.stat.descriptive.DescriptiveStatisticsTest#testGetValues,44.000000
821,org.apache.commons.math3.optimization.fitting.PolynomialFitterTest#testNoError,153.000000
822,org.apache.commons.math3.fitting.PolynomialFitterTest#testSmallError,143.000000
823,org.apache.commons.math3.optimization.linear.SimplexSolverTest#testMath434NegativeVariable,109.000000
824,org.apache.commons.math3.fitting.leastsquares.MinpackTest#testMinpackRosenbrok,108.000000
825,org.apache.commons.math3.ode.sampling.StepNormalizerOutputTest#testMulBoth,98.000000
826,org.apache.commons.math3.dfp.DfpTest#testLinearCombinationDF4,78.000000
827,org.apache.commons.math3.linear.SymmLQTest#testSolveSaunders12,65.000000
828,org.apache.commons.math3.distribution.ParetoDistributionTest#testInverseCumulativeProbabilities,63.000000
829,org.apache.commons.math3.stat.inference.GTestTest#testGTestGoodnesOfFit3,52.000000
830,org.apache.commons.math3.stat.descriptive.ListUnivariateImplTest#testProductAndGeometricMean,47.000000
831,org.apache.commons.math3.linear.Array2DRowRealMatrixTest#testPlusMinus,45.000000
832,org.apache.commons.math3.linear.ArrayRealVectorTest#testConstructors,36.000000
833,org.apache.commons.math3.optimization.fitting.PolynomialFitterTest#testLargeSample,158.000000
834,org.apache.commons.math3.fitting.PolynomialFitterTest#testRedundantSolvable,143.000000
835,org.apache.commons.math3.fitting.leastsquares.MinpackTest#testMinpackBox3Dimensional,113.000000
836,org.apache.commons.math3.ode.sampling.StepNormalizerOutputTest#testMulLast,98.000000
837,org.apache.commons.math3.distribution.FDistributionTest#testSmallDegreesOfFreedom,80.000000
838,org.apache.commons.math3.dfp.DfpTest#testPowInt,66.000000
839,org.apache.commons.math3.random.Well19937cTest#testNextIntDirect,62.000000
840,org.apache.commons.math3.linear.SymmLQTest#testSolveSaunders13,59.000000
841,org.apache.commons.math3.optimization.linear.SimplexTableauTest#testTableauWithNoArtificialVars,58.000000
842,org.apache.commons.math3.stat.descriptive.ListUnivariateImplTest#testSerialization,50.000000
843,org.apache.commons.math3.distribution.HypergeometricDistributionTest#testMath1021,49.000000
844,org.apache.commons.math3.linear.Array2DRowRealMatrixTest#testEqualsAndHashCode,37.000000
845,org.apache.commons.math3.fitting.PolynomialFitterTest#testNoError,144.000000
846,org.apache.commons.math3.optimization.general.MinpackTest#testMinpackLinearRank1,144.000000
847,org.apache.commons.math3.fitting.leastsquares.MinpackTest#testMinpackMeyer,125.000000
848,org.apache.commons.math3.ode.sampling.StepNormalizerOutputTest#testMulNeither,98.000000
849,org.apache.commons.math3.optimization.linear.SimplexTableauTest#testDropPhase1Objective,83.000000
850,org.apache.commons.math3.distribution.FDistributionTest#testMath785,80.000000
851,org.apache.commons.math3.linear.SingularValueSolverTest#testSolve,77.000000
852,org.apache.commons.math3.dfp.DfpTest#testSignum,67.000000
853,org.apache.commons.math3.linear.SymmLQTest#testSolveSaunders14,59.000000
854,org.apache.commons.math3.random.Well19937cTest#testNexBytes,58.000000
855,org.apache.commons.math3.stat.descriptive.ListUnivariateImplTest#testStats,50.000000
856,org.apache.commons.math3.stat.regression.MillerUpdatingRegressionTest#testSubsetRegression,30.000000
857,org.apache.commons.math3.fitting.PolynomialFitterTest#testRedundantUnsolvable,168.000000
858,org.apache.commons.math3.optimization.general.MinpackTest#testMinpackBrownDennis,159.000000
859,org.apache.commons.math3.fitting.leastsquares.MinpackTest#testMinpackLinearFullRank,107.000000
860,org.apache.commons.math3.ode.sampling.StepNormalizerOutputTest#testIncLastRev,98.000000
861,org.apache.commons.math3.random.Well19937cTest#testNextPoisson,91.000000
862,org.apache.commons.math3.distribution.FDistributionTest#testInverseCumulativeProbabilities,82.000000
863,org.apache.commons.math3.dfp.BracketingNthOrderBrentSolverDFPTest#testConvergenceOnFunctionAccuracy,68.000000
864,org.apache.commons.math3.linear.SymmLQTest#testSolveSaunders15,59.000000
865,org.apache.commons.math3.geometry.euclidean.threed.FieldVector3DTest#testAngular,54.000000
866,org.apache.commons.math3.linear.CholeskyDecompositionTest#testMatricesValues,49.000000
867,org.apache.commons.math3.stat.descriptive.ListUnivariateImplTest#testN0andN1Conditions,42.000000
868,org.apache.commons.math3.optimization.general.MinpackTest#testMinpackRosenbrok,144.000000
869,org.apache.commons.math3.distribution.FDistributionTest#testSampling,111.000000
870,org.apache.commons.math3.fitting.leastsquares.MinpackTest#testMinpackFreudensteinRoth,108.000000
871,org.apache.commons.math3.ode.sampling.StepNormalizerOutputTest#testMulFirst,98.000000
872,org.apache.commons.math3.optim.nonlinear.vector.jacobian.AbstractLeastSquaresOptimizerTest#testGetChiSquare,91.000000
873,org.apache.commons.math3.geometry.euclidean.threed.FieldRotationDfpTest#testArray,79.000000
874,org.apache.commons.math3.random.Well19937cTest#testNextZipf,72.000000
875,org.apache.commons.math3.linear.SymmLQTest#testSolveSaunders16,65.000000
876,org.apache.commons.math3.stat.descriptive.ListUnivariateImplTest#testSkewAndKurtosis,63.000000
877,org.apache.commons.math3.stat.regression.OLSMultipleLinearRegressionTest#testNewSampleDataXNull,56.000000
878,org.apache.commons.math3.geometry.partitioning.utilities.AVLTreeTest#testDelete1,19.000000
879,org.apache.commons.math3.optimization.general.MinpackTest#testMinpackBox3Dimensional,149.000000
880,org.apache.commons.math3.fitting.leastsquares.MinpackTest#testMinpackOsborne1,114.000000
881,org.apache.commons.math3.ode.sampling.StepNormalizerOutputTest#testIncBothRev,98.000000
882,org.apache.commons.math3.geometry.euclidean.threed.FieldRotationDfpTest#testVectorOnePair,95.000000
883,org.apache.commons.math3.optim.nonlinear.vector.jacobian.AbstractLeastSquaresOptimizerTest#testGetRMS,93.000000
884,org.apache.commons.math3.distribution.FDistributionTest#testDistributionClone,92.000000
885,org.apache.commons.math3.stat.regression.OLSMultipleLinearRegressionTest#canEstimateRegressionParametersVariance,72.000000
886,org.apache.commons.math3.random.AbstractRandomGeneratorTest#testNextGaussian,67.000000
887,org.apache.commons.math3.linear.SymmLQTest#testSolveSaunders17,65.000000
888,org.apache.commons.math3.stat.descriptive.SynchronizedDescriptiveStatisticsTest#testPercentileSetter,53.000000
889,org.apache.commons.math3.transform.FastFourierTransformerTest#test2DData,23.000000
890,org.apache.commons.math3.optimization.general.MinpackTest#testMinpackMeyer,165.000000
891,org.apache.commons.math3.optim.nonlinear.vector.jacobian.GaussNewtonOptimizerTest#testMoreEstimatedParametersSimple,127.000000
892,org.apache.commons.math3.fitting.leastsquares.MinpackTest#testMinpackOsborne2,114.000000
893,org.apache.commons.math3.geometry.euclidean.threed.FieldRotationDfpTest#testSingularities,101.000000
894,org.apache.commons.math3.ode.sampling.StepNormalizerOutputTest#testMulFirstRev,98.000000
895,org.apache.commons.math3.distribution.GammaDistributionTest#testValues,79.000000
896,org.apache.commons.math3.stat.regression.GLSMultipleLinearRegressionTest#canEstimateRegressionParameters,70.000000
897,org.apache.commons.math3.random.RandomDataGeneratorTest#testNextSecureLongPositiveRange,68.000000
898,org.apache.commons.math3.linear.SymmLQTest#testSolveSaunders18,65.000000
899,org.apache.commons.math3.stat.descriptive.SynchronizedDescriptiveStatisticsTest#test20090720,40.000000
900,org.apache.commons.math3.analysis.interpolation.FieldHermiteInterpolatorTest#testWikipedia,25.000000
901,org.apache.commons.math3.optimization.general.MinpackTest#testMinpackLinearFullRank,144.000000
902,org.apache.commons.math3.optim.nonlinear.vector.jacobian.GaussNewtonOptimizerTest#testMoreEstimatedParametersUnsorted,127.000000
903,org.apache.commons.math3.fitting.leastsquares.MinpackTest#testMinpackWatson,108.000000
904,org.apache.commons.math3.ode.sampling.StepNormalizerOutputTest#testIncBoth,98.000000
905,org.apache.commons.math3.analysis.function.SincTest#testShortcut,80.000000
906,org.apache.commons.math3.distribution.GammaDistributionTest#testInverseCumulativeProbabilities,79.000000
907,org.apache.commons.math3.linear.SymmLQTest#testSolveSaunders19,65.000000
908,org.apache.commons.math3.random.RandomGeneratorFactoryTest#testNextIntDirect,61.000000
909,org.apache.commons.math3.linear.RectangularCholeskyDecompositionTest#testMath789,51.000000
910,org.apache.commons.math3.stat.descriptive.SynchronizedDescriptiveStatisticsTest#testSetterInjection,43.000000
911,org.apache.commons.math3.util.BigRealTest#testConstructor,18.000000
912,org.apache.commons.math3.optimization.general.MinpackTest#testMinpackFreudensteinRoth,143.000000
913,org.apache.commons.math3.optim.nonlinear.vector.jacobian.GaussNewtonOptimizerTest#testMaxEvaluations,141.000000
914,org.apache.commons.math3.distribution.GammaDistributionTest#testSampling,111.000000
915,org.apache.commons.math3.fitting.leastsquares.MinpackTest#testMinpackKowalikOsborne,108.000000
916,org.apache.commons.math3.ode.sampling.StepNormalizerOutputTest#testIncLast,98.000000
917,org.apache.commons.math3.random.RandomGeneratorFactoryTest#testNextGaussian,67.000000
918,org.apache.commons.math3.linear.EigenDecompositionTest#testRepeatedEigenvalue,65.000000
919,org.apache.commons.math3.linear.SymmLQTest#testSolveSaunders20,65.000000
920,org.apache.commons.math3.util.FastMathTest#testDoubleNextAfterSpecialCases,50.000000
921,org.apache.commons.math3.linear.BlockRealMatrixTest#testGetSubMatrix,45.000000
922,org.apache.commons.math3.optimization.general.MinpackTest#testMinpackOsborne1,152.000000
923,org.apache.commons.math3.optim.nonlinear.vector.jacobian.GaussNewtonOptimizerTest#testCircleFittingBadInit,140.000000
924,org.apache.commons.math3.fitting.leastsquares.MinpackTest#testMinpackPowellSingular,107.000000
925,org.apache.commons.math3.ode.sampling.StepNormalizerOutputTest#testIncNeitherRev,98.000000
926,org.apache.commons.math3.stat.regression.SimpleRegressionTest#testRemoveXY,92.000000
927,org.apache.commons.math3.linear.EigenSolverTest#testNonInvertible,73.000000
928,org.apache.commons.math3.distribution.ExponentialDistributionTest#testSampling,68.000000
929,org.apache.commons.math3.linear.ConjugateGradientTest#testUnpreconditionedResidual,63.000000
930,org.apache.commons.math3.util.FastMathTest#testAtan2SpecialCases,50.000000
931,org.apache.commons.math3.stat.clustering.KMeansPlusPlusClustererTest#testCertainSpace,29.000000
932,org.apache.commons.math3.optimization.general.MinpackTest#testMinpackOsborne2,153.000000
933,org.apache.commons.math3.optim.nonlinear.vector.jacobian.GaussNewtonOptimizerTest#testNoDependency,142.000000
934,org.apache.commons.math3.fitting.leastsquares.MinpackTest#testMinpackChebyquad,108.000000
935,org.apache.commons.math3.ode.sampling.StepNormalizerOutputOverlapTest#testMulNeitherRev,98.000000
936,org.apache.commons.math3.stat.regression.SimpleRegressionTest#testRemoveMultiple,93.000000
937,org.apache.commons.math3.distribution.HypergeometricDistributionTest#testSampling,80.000000
938,org.apache.commons.math3.linear.ConjugateGradientTest#testNonPositiveDefinitePreconditioner,70.000000
939,org.apache.commons.math3.linear.QRDecompositionTest#testNonInvertible,53.000000
940,org.apache.commons.math3.util.FastMathTest#testMinMaxDouble,51.000000
941,org.apache.commons.math3.stat.descriptive.moment.KurtosisTest#testCopyConsistency,40.000000
942,org.apache.commons.math3.optimization.general.MinpackTest#testMinpackKowalikOsborne,148.000000
943,org.apache.commons.math3.optim.nonlinear.vector.jacobian.GaussNewtonOptimizerTest#testRedundantEquations,142.000000
944,org.apache.commons.math3.random.Well19937cTest#testNextF,112.000000
945,org.apache.commons.math3.fitting.leastsquares.MinpackTest#testMinpackLinearRank1ZeroColsAndRows,108.000000
946,org.apache.commons.math3.ode.sampling.StepNormalizerOutputOverlapTest#testIncNeither,98.000000
947,org.apache.commons.math3.distribution.PascalDistributionTest#testSampling,86.000000
948,org.apache.commons.math3.linear.ConjugateGradientTest#testPreconditionedSolution2,76.000000
949,org.apache.commons.math3.util.FastMathTest#testToRadians,70.000000
950,org.apache.commons.math3.stat.descriptive.AggregateSummaryStatisticsTest#testAggregate,69.000000
951,org.apache.commons.math3.linear.LUDecompositionTest#testMatricesValues1,44.000000
952,org.apache.commons.math3.optim.nonlinear.vector.jacobian.GaussNewtonOptimizerTest#testTrivial,143.000000
953,org.apache.commons.math3.optimization.general.MinpackTest#testMinpackPowellSingular,143.000000
954,org.apache.commons.math3.random.Well19937cTest#testNextT,112.000000
955,org.apache.commons.math3.fitting.leastsquares.MinpackTest#testMinpackBard,108.000000
956,org.apache.commons.math3.ode.sampling.StepNormalizerOutputOverlapTest#testMulLastRev,98.000000
957,org.apache.commons.math3.distribution.BinomialDistributionTest#testSampling,81.000000
958,org.apache.commons.math3.linear.ConjugateGradientTest#testUnpreconditionedNormOfResidual,58.000000
959,org.apache.commons.math3.util.FastMathTest#testLogWithBase,53.000000
960,org.apache.commons.math3.geometry.euclidean.oned.IntervalsSetTest#testInfinite,52.000000
961,org.apache.commons.math3.linear.SingularValueDecompositionTest#testDimensions,39.000000
962,org.apache.commons.math3.optimization.general.MinpackTest#testMinpackChebyquad,149.000000
963,org.apache.commons.math3.optim.nonlinear.vector.jacobian.GaussNewtonOptimizerTest#testQRColumnsPermutation,143.000000
964,org.apache.commons.math3.fitting.leastsquares.MinpackTest#testMinpackBrownAlmostLinear,108.000000
965,org.apache.commons.math3.random.Well19937cTest#testNextChiSquare,103.000000
966,org.apache.commons.math3.ode.sampling.StepNormalizerOutputOverlapTest#testMulBothRev,98.000000
967,org.apache.commons.math3.distribution.PoissonDistributionTest#testSampling,75.000000
968,org.apache.commons.math3.linear.BlockRealMatrixTest#testExamples,53.000000
969,org.apache.commons.math3.linear.ConjugateGradientTest#testUnpreconditionedSolutionWithInitialGuess,52.000000
970,org.apache.commons.math3.util.FastMathTest#testFloatScalbSpecialCases,50.000000
971,org.apache.commons.math3.linear.BlockFieldMatrixTest#testWalk,43.000000
972,org.apache.commons.math3.optim.nonlinear.vector.jacobian.GaussNewtonOptimizerTest#testInconsistentSizes1,150.000000
973,org.apache.commons.math3.optimization.general.MinpackTest#testMinpackLinearRank1ZeroColsAndRows,146.000000
974,org.apache.commons.math3.fitting.leastsquares.LevenbergMarquardtOptimizerTest#testBevington,130.000000
975,org.apache.commons.math3.ode.sampling.StepNormalizerOutputOverlapTest#testIncFirstRev,98.000000
976,org.apache.commons.math3.random.Well19937cTest#testNextInversionDeviate,92.000000
977,org.apache.commons.math3.util.FastMathTest#testToDegrees,70.000000
978,org.apache.commons.math3.linear.ConjugateGradientTest#testPreconditionedSolution,59.000000
979,org.apache.commons.math3.linear.ArrayFieldVectorTest#testBasicFunctions,52.000000
980,org.apache.commons.math3.distribution.ChiSquaredDistributionTest#testConsistency,49.000000
981,org.apache.commons.math3.linear.Array2DRowRealMatrixTest#testScalarAdd,34.000000
982,org.apache.commons.math3.optim.nonlinear.vector.jacobian.GaussNewtonOptimizerTest#testInconsistentSizes2,150.000000
983,org.apache.commons.math3.optimization.general.MinpackTest#testMinpackBrownAlmostLinear,145.000000
984,org.apache.commons.math3.fitting.leastsquares.LevenbergMarquardtOptimizerTest#testNonInvertible,135.000000
985,org.apache.commons.math3.random.Well19937cTest#testNextGamma,112.000000
986,org.apache.commons.math3.ode.sampling.StepNormalizerOutputOverlapTest#testIncFirst,98.000000
987,org.apache.commons.math3.linear.UnmodifiableOpenMapRealVectorTest#testSparseIterator,55.000000
988,org.apache.commons.math3.linear.ConjugateGradientTest#testUnpreconditionedSolution,52.000000
989,org.apache.commons.math3.util.FastMathTest#testSignumFloat,50.000000
990,org.apache.commons.math3.linear.Array2DRowRealMatrixTest#testMultiply,44.000000
991,org.apache.commons.math3.distribution.GammaDistributionTest#testProbabilities,42.000000
992,org.apache.commons.math3.optimization.general.LevenbergMarquardtOptimizerTest#testBevington,181.000000
993,org.apache.commons.math3.optim.nonlinear.vector.jacobian.GaussNewtonOptimizerTest#testTwoSets,142.000000
994,org.apache.commons.math3.fitting.leastsquares.LevenbergMarquardtOptimizerTest#testControlParameters,121.000000
995,org.apache.commons.math3.random.Well19937cTest#testNextBeta,111.000000
996,org.apache.commons.math3.ode.sampling.StepNormalizerOutputOverlapTest#testMulBoth,98.000000
997,org.apache.commons.math3.distribution.GammaDistributionTest#testCumulativeProbabilities,51.000000
998,org.apache.commons.math3.util.FastMathTest#testFloatNextAfterSpecialCases,50.000000
999,org.apache.commons.math3.linear.Array2DRowRealMatrixTest#testPremultiply,44.000000
1000,org.apache.commons.math3.stat.StatUtilsTest#testStats,38.000000
1001,org.apache.commons.math3.optimization.general.LevenbergMarquardtOptimizerTest#testCircleFittingGoodInit,154.000000
1002,org.apache.commons.math3.optim.nonlinear.vector.jacobian.GaussNewtonOptimizerTest#testIllConditioned,142.000000
1003,org.apache.commons.math3.random.AbstractRandomGeneratorTest#testNextF,111.000000
1004,org.apache.commons.math3.fitting.leastsquares.LevenbergMarquardtOptimizerTest#testCircleFittingGoodInit,104.000000
1005,org.apache.commons.math3.ode.sampling.StepNormalizerOutputOverlapTest#testMulLast,98.000000
1006,org.apache.commons.math3.util.FastMathTest#testLog10Accuracy,83.000000
1007,org.apache.commons.math3.linear.HessenbergTransformerTest#testRandomData,55.000000
1008,org.apache.commons.math3.distribution.GammaDistributionTest#testConsistency,46.000000
1009,org.apache.commons.math3.random.SynchronizedRandomGeneratorTest#testAdapter,36.000000
1010,org.apache.commons.math3.optimization.general.LevenbergMarquardtOptimizerTest#testNoDependency,148.000000
1011,org.apache.commons.math3.optim.nonlinear.vector.jacobian.GaussNewtonOptimizerTest#testNonInvertible,127.000000
1012,org.apache.commons.math3.random.AbstractRandomGeneratorTest#testNextT,111.000000
1013,org.apache.commons.math3.fitting.leastsquares.LevenbergMarquardtOptimizerTest#testNoDependency,109.000000
1014,org.apache.commons.math3.ode.sampling.StepNormalizerOutputOverlapTest#testMulNeither,98.000000
1015,org.apache.commons.math3.util.FastMathTest#testAtanAccuracy,78.000000
1016,org.apache.commons.math3.stat.inference.TestUtilsTest#testChiSquareZeroCount,70.000000
1017,org.apache.commons.math3.linear.BiDiagonalTransformerTest#testUpperOrLower,39.000000
1018,org.apache.commons.math3.fitting.GaussianCurveFitterTest#testFit03,24.000000
1019,org.apache.commons.math3.optimization.general.LevenbergMarquardtOptimizerTest#testRedundantEquations,149.000000
1020,org.apache.commons.math3.optim.nonlinear.vector.jacobian.GaussNewtonOptimizerTest#testInconsistentEquations,140.000000
1021,org.apache.commons.math3.fitting.leastsquares.LevenbergMarquardtOptimizerTest#testRedundantEquations,109.000000
1022,org.apache.commons.math3.random.AbstractRandomGeneratorTest#testNextChiSquare,102.000000
1023,org.apache.commons.math3.ode.sampling.StepNormalizerOutputOverlapTest#testIncLastRev,98.000000
1024,org.apache.commons.math3.stat.inference.TestUtilsTest#testChiSquareLargeTestStatistic,68.000000
1025,org.apache.commons.math3.analysis.solvers.SecantSolverTest#testSolutionRightSide,50.000000
1026,org.apache.commons.math3.linear.RRQRSolverTest#testRank,50.000000
1027,org.apache.commons.math3.util.FastMathTest#testAsinSpecialCases,50.000000
1028,org.apache.commons.math3.optimization.general.LevenbergMarquardtOptimizerTest#testQRColumnsPermutation,150.000000
1029,org.apache.commons.math3.optim.nonlinear.vector.jacobian.GaussNewtonOptimizerTest#testKirby2,140.000000
1030,org.apache.commons.math3.fitting.leastsquares.LevenbergMarquardtOptimizerTest#testTrivial,111.000000
1031,org.apache.commons.math3.random.AbstractRandomGeneratorTest#testNextBeta,110.000000
1032,org.apache.commons.math3.ode.sampling.StepNormalizerOutputOverlapTest#testMulFirst,98.000000
1033,org.apache.commons.math3.stat.inference.ChiSquareTestTest#testChiSquareIndependence,65.000000
1034,org.apache.commons.math3.linear.TriDiagonalTransformerTest#testAEqualQTQt,52.000000
1035,org.apache.commons.math3.dfp.DfpTest#testRound,48.000000
1036,org.apache.commons.math3.random.ValueServerTest#testEmptyDigestFile,45.000000
1037,org.apache.commons.math3.optimization.general.LevenbergMarquardtOptimizerTest#testInconsistentSizes1,156.000000
1038,org.apache.commons.math3.optim.nonlinear.vector.jacobian.GaussNewtonOptimizerTest#testOneSet,142.000000
1039,org.apache.commons.math3.random.ISAACTest#testNextT,119.000000
1040,org.apache.commons.math3.fitting.leastsquares.LevenbergMarquardtOptimizerTest#testQRColumnsPermutation,111.000000
1041,org.apache.commons.math3.ode.sampling.StepNormalizerOutputOverlapTest#testIncBothRev,98.000000
1042,org.apache.commons.math3.stat.regression.OLSMultipleLinearRegressionTest#testNewSampleInsufficientData,59.000000
1043,org.apache.commons.math3.dfp.DfpTest#testCeil,51.000000
1044,org.apache.commons.math3.stat.inference.ChiSquareTestTest#testChiSquareDataSetsComparisonUnEqualCounts,50.000000
1045,org.apache.commons.math3.random.AbstractRandomGeneratorTest#testConfig,31.000000
1046,org.apache.commons.math3.optimization.general.LevenbergMarquardtOptimizerTest#testInconsistentSizes2,156.000000
1047,org.apache.commons.math3.optim.nonlinear.vector.jacobian.MinpackTest#testMinpackLinearRank1,126.000000
1048,org.apache.commons.math3.fitting.leastsquares.LevenbergMarquardtOptimizerTest#testInconsistentSizes1,117.000000
1049,org.apache.commons.math3.random.ISAACTest#testNextChiSquare,110.000000
1050,org.apache.commons.math3.ode.sampling.StepNormalizerOutputOverlapTest#testMulFirstRev,98.000000
1051,org.apache.commons.math3.stat.regression.GLSMultipleLinearRegressionTest#canEstimateRegressionParametersVariance,64.000000
1052,org.apache.commons.math3.stat.inference.ChiSquareTestTest#testChiSquareZeroCount,52.000000
1053,org.apache.commons.math3.dfp.DfpTest#testToString,47.000000
1054,org.apache.commons.math3.fraction.FractionFormatTest#testParseProper,33.000000
1055,org.apache.commons.math3.optimization.general.LevenbergMarquardtOptimizerTest#testTwoSets,148.000000
1056,org.apache.commons.math3.optim.nonlinear.vector.jacobian.MinpackTest#testMinpackBrownDennis,142.000000
1057,org.apache.commons.math3.fitting.leastsquares.LevenbergMarquardtOptimizerTest#testInconsistentSizes2,117.000000
1058,org.apache.commons.math3.random.ISAACTest#testNextInversionDeviate,101.000000
1059,org.apache.commons.math3.ode.sampling.StepNormalizerOutputOverlapTest#testIncBoth,98.000000
1060,org.apache.commons.math3.dfp.DfpTest#testNextAfter,51.000000
1061,org.apache.commons.math3.stat.inference.ChiSquareTestTest#testChiSquareLargeTestStatistic,51.000000
1062,org.apache.commons.math3.random.CorrelatedRandomVectorGeneratorTest#testRank,46.000000
1063,org.apache.commons.math3.ode.nonstiff.HighamHall54IntegratorTest#testSanityChecks,44.000000
1064,org.apache.commons.math3.optimization.general.LevenbergMarquardtOptimizerTest#testHahn1,145.000000
1065,org.apache.commons.math3.optim.nonlinear.vector.jacobian.MinpackTest#testMinpackJennrichSampson,132.000000
1066,org.apache.commons.math3.random.ISAACTest#testNextGamma,119.000000
1067,org.apache.commons.math3.fitting.leastsquares.LevenbergMarquardtOptimizerTest#testTwoSets,109.000000
1068,org.apache.commons.math3.ode.sampling.StepNormalizerOutputOverlapTest#testIncLast,98.000000
1069,org.apache.commons.math3.dfp.DfpTest#testDivideDouble,66.000000
1070,org.apache.commons.math3.stat.inference.ChiSquareTestTest#testChiSquare,64.000000
1071,org.apache.commons.math3.random.CorrelatedRandomVectorGeneratorTest#testMath226,54.000000
1072,org.apache.commons.math3.stat.correlation.StorelessCovarianceTest#testSwissFertilityByRow,48.000000
1073,org.apache.commons.math3.optimization.general.LevenbergMarquardtOptimizerTest#testMoreEstimatedParametersSimple,148.000000
1074,org.apache.commons.math3.optim.nonlinear.vector.jacobian.MinpackTest#testMinpackRosenbrok,126.000000
1075,org.apache.commons.math3.random.ISAACTest#testNextBeta,118.000000
1076,org.apache.commons.math3.fitting.leastsquares.LevenbergMarquardtOptimizerTest#testHahn1,101.000000
1077,org.apache.commons.math3.ode.sampling.StepNormalizerOutputOverlapTest#testIncNeitherRev,98.000000
1078,org.apache.commons.math3.dfp.DfpTest#testAsinh,83.000000
1079,org.apache.commons.math3.stat.inference.GTestTest#testGTestIndependance1,52.000000
1080,org.apache.commons.math3.random.CorrelatedRandomVectorGeneratorTest#testRootMatrix,46.000000
1081,org.apache.commons.math3.stat.inference.GTestTest#testNegativeObservedCounts,44.000000
1082,org.apache.commons.math3.optimization.general.LevenbergMarquardtOptimizerTest#testMoreEstimatedParametersUnsorted,149.000000
1083,org.apache.commons.math3.optim.nonlinear.vector.jacobian.MinpackTest#testMinpackBox3Dimensional,131.000000
1084,org.apache.commons.math3.fitting.leastsquares.LevenbergMarquardtOptimizerTest#testMoreEstimatedParametersSimple,109.000000
1085,org.apache.commons.math3.random.RandomDataGeneratorTest#testNextF,109.000000
1086,org.apache.commons.math3.ode.sampling.StepNormalizerTest#testBeforeEnd,101.000000
1087,org.apache.commons.math3.dfp.DfpTest#testAtanh,82.000000
1088,org.apache.commons.math3.linear.RRQRDecompositionTest#testDimensions,61.000000
1089,org.apache.commons.math3.stat.inference.GTestTest#testGTestIndependance2,52.000000
1090,org.apache.commons.math3.geometry.euclidean.threed.RotationTest#testVectorTwoPairs,34.000000
1091,org.apache.commons.math3.optimization.general.LevenbergMarquardtOptimizerTest#testIllConditioned,148.000000
1092,org.apache.commons.math3.optim.nonlinear.vector.jacobian.MinpackTest#testMinpackMeyer,143.000000
1093,org.apache.commons.math3.fitting.leastsquares.LevenbergMarquardtOptimizerTest#testMoreEstimatedParametersUnsorted,109.000000
1094,org.apache.commons.math3.random.RandomDataGeneratorTest#testNextT,109.000000
1095,org.apache.commons.math3.ode.nonstiff.GillIntegratorTest#testSmallStep,75.000000
1096,org.apache.commons.math3.dfp.DfpTest#testScalb,66.000000
1097,org.apache.commons.math3.linear.RRQRDecompositionTest#testRUpperTriangular,60.000000
1098,org.apache.commons.math3.stat.inference.GTestTest#testGTestIndependance3,44.000000
1099,org.apache.commons.math3.complex.ComplexFormatTest#testPaseNegativeInfinity,17.000000
1100,org.apache.commons.math3.optimization.general.LevenbergMarquardtOptimizerTest#testInconsistentEquations,148.000000
1101,org.apache.commons.math3.optim.nonlinear.vector.jacobian.MinpackTest#testMinpackLinearFullRank,125.000000
1102,org.apache.commons.math3.fitting.leastsquares.LevenbergMarquardtOptimizerTest#testIllConditioned,109.000000
1103,org.apache.commons.math3.random.RandomDataGeneratorTest#testNextChiSquare,100.000000
1104,org.apache.commons.math3.dfp.DfpTest#testCosh,79.000000
1105,org.apache.commons.math3.linear.RRQRDecompositionTest#testQOrthogonal,79.000000
1106,org.apache.commons.math3.ode.nonstiff.GillIntegratorTest#testBigStep,74.000000
1107,org.apache.commons.math3.stat.inference.GTestTest#testGTestGoodnesOfFit1,43.000000
1108,org.apache.commons.math3.linear.DiagonalMatrixTest#testPreMultiplyVector,39.000000
1109,org.apache.commons.math3.optimization.general.LevenbergMarquardtOptimizerTest#testKirby2,144.000000
1110,org.apache.commons.math3.optim.nonlinear.vector.jacobian.MinpackTest#testMinpackFreudensteinRoth,126.000000
1111,org.apache.commons.math3.fitting.leastsquares.LevenbergMarquardtOptimizerTest#testGetIterations,100.000000
1112,org.apache.commons.math3.random.RandomDataGeneratorTest#testNextInversionDeviate,92.000000
1113,org.apache.commons.math3.ode.nonstiff.GillIntegratorTest#testKepler,74.000000
1114,org.apache.commons.math3.linear.MatrixUtilsTest#testBlockInverseNonInvertible,70.000000
1115,org.apache.commons.math3.dfp.DfpTest#testHash,53.000000
1116,org.apache.commons.math3.stat.inference.GTestTest#testGTestGoodnesOfFit2,51.000000
1117,org.apache.commons.math3.ode.events.EventFilterTest#testHistoryIncreasingForward,33.000000
1118,org.apache.commons.math3.optimization.general.LevenbergMarquardtOptimizerTest#testOneSet,148.000000
1119,org.apache.commons.math3.optim.nonlinear.vector.jacobian.MinpackTest#testMinpackOsborne1,132.000000
1120,org.apache.commons.math3.fitting.leastsquares.LevenbergMarquardtOptimizerTest#testInconsistentEquations,109.000000
1121,org.apache.commons.math3.random.RandomDataGeneratorTest#testNextGamma,109.000000
1122,org.apache.commons.math3.linear.QRSolverTest#testSolve,84.000000
1123,org.apache.commons.math3.dfp.DfpTest#testSinh,80.000000
1124,org.apache.commons.math3.ode.nonstiff.GillIntegratorTest#testStepSize,65.000000
1125,org.apache.commons.math3.analysis.differentiation.FiniteDifferencesDifferentiatorTest#testGaussian,56.000000
1126,org.apache.commons.math3.stat.inference.GTestTest#testScaling,42.000000
1127,org.apache.commons.math3.fitting.leastsquares.LevenbergMarquardtOptimizerTest#testCircleFitting,148.000000
1128,org.apache.commons.math3.optim.nonlinear.vector.jacobian.MinpackTest#testMinpackOsborne2,132.000000
1129,org.apache.commons.math3.random.RandomDataGeneratorTest#testNextBeta,108.000000
1130,org.apache.commons.math3.random.Well19937cTest#testNextPascal,87.000000
1131,org.apache.commons.math3.dfp.DfpTest#testTanh,80.000000
1132,org.apache.commons.math3.ode.nonstiff.ThreeEighthesIntegratorTest#testSmallStep,74.000000
1133,org.apache.commons.math3.linear.FieldMatrixImplTest#testCopySubMatrix,45.000000
1134,org.apache.commons.math3.linear.QRSolverTest#testRank,43.000000
1135,org.apache.commons.math3.optim.nonlinear.vector.jacobian.MinpackTest#testMinpackWatson,126.000000
1136,org.apache.commons.math3.random.Well44497bTest#testNextF,112.000000
1137,org.apache.commons.math3.fitting.leastsquares.LevenbergMarquardtOptimizerTest#testKirby2,100.000000
1138,org.apache.commons.math3.dfp.DfpTest#testLinearCombinationFaFa,76.000000
1139,org.apache.commons.math3.ode.nonstiff.ThreeEighthesIntegratorTest#testBigStep,73.000000
1140,org.apache.commons.math3.random.Well19937cTest#testNextIntNegativeToPositiveRange,72.000000
1141,org.apache.commons.math3.linear.QRSolverTest#testSolveRankErrors,61.000000
1142,org.apache.commons.math3.optim.nonlinear.scalar.noderiv.CMAESOptimizerTest#testInputSigmaDimensionMismatch,55.000000
1143,org.apache.commons.math3.optim.nonlinear.vector.jacobian.MinpackTest#testMinpackKowalikOsborne,126.000000
1144,org.apache.commons.math3.fitting.leastsquares.LevenbergMarquardtOptimizerTest#testOneSet,109.000000
1145,org.apache.commons.math3.random.Well44497bTest#testNextChiSquare,103.000000
1146,org.apache.commons.math3.random.Well19937cTest#testNextGaussian,78.000000
1147,org.apache.commons.math3.dfp.DfpTest#testLinearCombinationFF4,76.000000
1148,org.apache.commons.math3.ode.nonstiff.ThreeEighthesIntegratorTest#testKepler,74.000000
1149,org.apache.commons.math3.linear.QRSolverTest#testSolveDimensionErrors,61.000000
1150,org.apache.commons.math3.optim.nonlinear.vector.MultiStartMultivariateVectorOptimizerTest#testGetOptimaBeforeOptimize,26.000000
1151,org.apache.commons.math3.optim.nonlinear.vector.jacobian.MinpackTest#testMinpackPowellSingular,125.000000
1152,org.apache.commons.math3.fitting.leastsquares.LevenbergMarquardtOptimizerTest#testCircleFittingBadInit,107.000000
1153,org.apache.commons.math3.random.Well19937cTest#testNextPoissonConsistency,107.000000
1154,org.apache.commons.math3.random.Well44497bTest#testNextInversionDeviate,93.000000
1155,org.apache.commons.math3.dfp.DfpTest#testCopySignField,66.000000
1156,org.apache.commons.math3.ode.nonstiff.ThreeEighthesIntegratorTest#testStepSize,64.000000
1157,org.apache.commons.math3.geometry.euclidean.threed.FieldVector3DTest#testVectorialProducts,57.000000
1158,org.apache.commons.math3.linear.RectangularCholeskyDecompositionTest#testDecomposition3x3,49.000000
1159,org.apache.commons.math3.fitting.GaussianCurveFitterTest#testWithStartPoint,140.000000
1160,org.apache.commons.math3.optim.nonlinear.vector.jacobian.MinpackTest#testMinpackChebyquad,126.000000
1161,org.apache.commons.math3.random.Well44497bTest#testNextGamma,112.000000
1162,org.apache.commons.math3.dfp.DfpTest#testPowField,92.000000
1163,org.apache.commons.math3.ode.nonstiff.DormandPrince54StepInterpolatorTest#derivativesConsistency,90.000000
1164,org.apache.commons.math3.random.Well19937cTest#testNextHypergeometric,81.000000
1165,org.apache.commons.math3.linear.RectangularCholeskyDecompositionTest#testFullRank,49.000000
1166,org.apache.commons.math3.exception.util.ExceptionContextTest#testSerialize,17.000000
1167,org.apache.commons.math3.fitting.GaussianCurveFitterTest#testFit01,141.000000
1168,org.apache.commons.math3.optim.nonlinear.vector.jacobian.MinpackTest#testMinpackLinearRank1ZeroColsAndRows,126.000000
1169,org.apache.commons.math3.random.Well44497bTest#testNextBeta,111.000000
1170,org.apache.commons.math3.ode.nonstiff.DormandPrince54StepInterpolatorTest#checkClone,90.000000
1171,org.apache.commons.math3.random.Well19937cTest#testNextLongNegativeToPositiveRange,69.000000
1172,org.apache.commons.math3.linear.EigenDecompositionTest#testDimension4WithoutSplit,60.000000
1173,org.apache.commons.math3.dfp.BracketingNthOrderBrentSolverDFPTest#testConstructorOK,53.000000
1174,org.apache.commons.math3.analysis.FunctionUtilsTest#testAdd,12.000000
1175,org.apache.commons.math3.fitting.GaussianCurveFitterTest#testFit04,149.000000
1176,org.apache.commons.math3.optim.nonlinear.vector.jacobian.MinpackTest#testMinpackBard,126.000000
1177,org.apache.commons.math3.ode.nonstiff.DormandPrince54StepInterpolatorTest#serialization,114.000000
1178,org.apache.commons.math3.random.BitsStreamGeneratorTest#testNextF,109.000000
1179,org.apache.commons.math3.geometry.euclidean.threed.FieldRotationDfpTest#testComposeInverse,92.000000
1180,org.apache.commons.math3.random.Well19937cTest#testNextUniformUniformMaximalInterval,69.000000
1181,org.apache.commons.math3.linear.EigenDecompositionTest#testTridiagonal,54.000000
1182,org.apache.commons.math3.analysis.solvers.NewtonSolverTest#testSinZero,42.000000
1183,org.apache.commons.math3.fitting.GaussianCurveFitterTest#testFit05,141.000000
1184,org.apache.commons.math3.optim.nonlinear.vector.jacobian.MinpackTest#testMinpackBrownAlmostLinear,126.000000
1185,org.apache.commons.math3.random.BitsStreamGeneratorTest#testNextT,109.000000
1186,org.apache.commons.math3.geometry.euclidean.threed.FieldRotationDfpTest#testIssue801,93.000000
1187,org.apache.commons.math3.random.Well19937cTest#testNextExponential,77.000000
1188,org.apache.commons.math3.ode.nonstiff.ClassicalRungeKuttaIntegratorTest#testBackward,74.000000
1189,org.apache.commons.math3.linear.EigenDecompositionTest#testDimension1,59.000000
1190,org.apache.commons.math3.analysis.interpolation.DividedDifferenceInterpolatorTest#testExpm1Function,22.000000
1191,org.apache.commons.math3.fitting.GaussianCurveFitterTest#testFit06,149.000000
1192,org.apache.commons.math3.optim.nonlinear.vector.jacobian.LevenbergMarquardtOptimizerTest#testCircleFittingGoodInit,129.000000
1193,org.apache.commons.math3.random.BitsStreamGeneratorTest#testNextChiSquare,100.000000
1194,org.apache.commons.math3.geometry.euclidean.threed.FieldRotationDfpTest#testRevert,80.000000
1195,org.apache.commons.math3.ode.nonstiff.ClassicalRungeKuttaIntegratorTest#testSmallStep,74.000000
1196,org.apache.commons.math3.random.Well19937cTest#testNextUniformUniformNegativeToPositiveBounds,69.000000
1197,org.apache.commons.math3.linear.EigenDecompositionTest#testDimension2,60.000000
1198,org.apache.commons.math3.util.MultidimensionalCounterTest#testIterationConsistency,13.000000
1199,org.apache.commons.math3.fitting.GaussianCurveFitterTest#testFit07,141.000000
1200,org.apache.commons.math3.optim.nonlinear.vector.jacobian.LevenbergMarquardtOptimizerTest#testNoDependency,134.000000
1201,org.apache.commons.math3.random.BitsStreamGeneratorTest#testNextInversionDeviate,92.000000
1202,org.apache.commons.math3.analysis.interpolation.FieldHermiteInterpolatorTest#testSine,77.000000
1203,org.apache.commons.math3.ode.nonstiff.ClassicalRungeKuttaIntegratorTest#testBigStep,73.000000
1204,org.apache.commons.math3.random.Well19937cTest#testNextPermutation,64.000000
1205,org.apache.commons.math3.linear.EigenDecompositionTest#testDimension3,60.000000
1206,org.apache.commons.math3.optimization.fitting.GaussianFitterTest#testFit03,23.000000
1207,org.apache.commons.math3.fitting.GaussianCurveFitterTest#testMath798,148.000000
1208,org.apache.commons.math3.optim.nonlinear.vector.jacobian.LevenbergMarquardtOptimizerTest#testRedundantEquations,134.000000
1209,org.apache.commons.math3.random.BitsStreamGeneratorTest#testNextGamma,109.000000
1210,org.apache.commons.math3.ode.nonstiff.ClassicalRungeKuttaIntegratorTest#testKepler,74.000000
1211,org.apache.commons.math3.analysis.interpolation.FieldHermiteInterpolatorTest#testRandomPolynomialsValuesOnly,72.000000
1212,org.apache.commons.math3.random.Well19937cTest#testNextIntPositiveRange,72.000000
1213,org.apache.commons.math3.linear.EigenDecompositionTest#testSquareRootNonPositiveDefinite,66.000000
1214,org.apache.commons.math3.distribution.LogNormalDistributionTest#testQuantiles,54.000000
1215,org.apache.commons.math3.fitting.GaussianCurveFitterTest#testWithMaxIterations1,141.000000
1216,org.apache.commons.math3.optim.nonlinear.vector.jacobian.LevenbergMarquardtOptimizerTest#testTrivial,136.000000
1217,org.apache.commons.math3.random.BitsStreamGeneratorTest#testNextBeta,108.000000
1218,org.apache.commons.math3.random.Well19937cTest#testNextUniformUniformNegaiveBounds,69.000000
1219,org.apache.commons.math3.analysis.interpolation.FieldHermiteInterpolatorTest#testSquareRoot,68.000000
1220,org.apache.commons.math3.ode.nonstiff.ClassicalRungeKuttaIntegratorTest#testStepSize,64.000000
1221,org.apache.commons.math3.linear.EigenDecompositionTest#testEigenvalues,60.000000
1222,org.apache.commons.math3.distribution.ZipfDistributionTest#testInverseCumulativeProbabilities,34.000000
1223,org.apache.commons.math3.optim.nonlinear.vector.jacobian.LevenbergMarquardtOptimizerTest#testQRColumnsPermutation,136.000000
1224,org.apache.commons.math3.random.Well19937aTest#testNextF,112.000000
1225,org.apache.commons.math3.ode.nonstiff.GraggBulirschStoerIntegratorTest#testBackward,92.000000
1226,org.apache.commons.math3.random.Well19937cTest#testNextBinomial,84.000000
1227,org.apache.commons.math3.linear.EigenDecompositionTest#testAEqualVDVt,77.000000
1228,org.apache.commons.math3.util.FastMathTest#testLogSpecialCases,52.000000
1229,org.apache.commons.math3.stat.correlation.SpearmansRankCorrelationTest#testMath891Array,28.000000
1230,org.apache.commons.math3.optim.nonlinear.vector.jacobian.LevenbergMarquardtOptimizerTest#testInconsistentSizes1,142.000000
1231,org.apache.commons.math3.random.Well19937aTest#testNextT,112.000000
1232,org.apache.commons.math3.ode.nonstiff.GraggBulirschStoerIntegratorTest#testVariableSteps,88.000000
1233,org.apache.commons.math3.random.Well19937cTest#testNextIntNegativeRange,72.000000
1234,org.apache.commons.math3.linear.EigenDecompositionTest#testMath308,54.000000
1235,org.apache.commons.math3.util.FastMathTest#testIndicatorDouble,50.000000
1236,org.apache.commons.math3.stat.descriptive.moment.StandardDeviationTest#testPopulation,37.000000
1237,org.apache.commons.math3.optim.nonlinear.vector.jacobian.LevenbergMarquardtOptimizerTest#testInconsistentSizes2,142.000000
1238,org.apache.commons.math3.ode.nonstiff.GraggBulirschStoerIntegratorTest#testIntegratorControls,100.000000
1239,org.apache.commons.math3.random.Well19937aTest#testNextInversionDeviate,93.000000
1240,org.apache.commons.math3.util.FastMathTest#testCbrtAccuracy,86.000000
1241,org.apache.commons.math3.random.Well19937cTest#testNextHex,67.000000
1242,org.apache.commons.math3.linear.EigenDecompositionTest#testDiagonal,60.000000
1243,org.apache.commons.math3.ml.clustering.FuzzyKMeansClustererTest#testCluster,37.000000
1244,org.apache.commons.math3.optim.nonlinear.vector.jacobian.LevenbergMarquardtOptimizerTest#testTwoSets,134.000000
1245,org.apache.commons.math3.ode.nonstiff.GraggBulirschStoerIntegratorTest#testUnstableDerivative,127.000000
1246,org.apache.commons.math3.random.Well19937aTest#testNextGamma,112.000000
1247,org.apache.commons.math3.linear.EigenDecompositionTest#testSymmetric,77.000000
1248,org.apache.commons.math3.random.Well19937cTest#testNextLongPositiveRange,69.000000
1249,org.apache.commons.math3.util.FastMathTest#testAtan2,52.000000
1250,org.apache.commons.math3.analysis.integration.LegendreGaussIntegratorTest#testIssue464,49.000000
1251,org.apache.commons.math3.optim.nonlinear.vector.jacobian.LevenbergMarquardtOptimizerTest#testHahn1,125.000000
1252,org.apache.commons.math3.random.Well19937aTest#testNextBeta,111.000000
1253,org.apache.commons.math3.ode.nonstiff.GraggBulirschStoerIntegratorTest#testIssue596,87.000000
1254,org.apache.commons.math3.linear.EigenDecompositionTest#testDistinctEigenvalues,65.000000
1255,org.apache.commons.math3.random.Well19937cTest#testNextCauchy,63.000000
1256,org.apache.commons.math3.util.FastMathTest#checkMissingFastMathClasses,49.000000
1257,org.apache.commons.math3.analysis.interpolation.HermiteInterpolatorTest#testMixedDerivatives,46.000000
1258,org.apache.commons.math3.optim.nonlinear.vector.jacobian.LevenbergMarquardtOptimizerTest#testMoreEstimatedParametersSimple,132.000000
1259,org.apache.commons.math3.random.Well512aTest#testNextT,112.000000
1260,org.apache.commons.math3.ode.nonstiff.GraggBulirschStoerIntegratorTest#testKepler,100.000000
1261,org.apache.commons.math3.util.FastMathTest#testLogAccuracy,82.000000
1262,org.apache.commons.math3.linear.EigenDecompositionTest#testVOrthogonal,71.000000
1263,org.apache.commons.math3.random.Well19937cTest#testNextUniformUniformPositiveBounds,69.000000
1264,org.apache.commons.math3.util.Decimal64Test#testLinearCombinationDaFa,19.000000
1265,org.apache.commons.math3.optim.nonlinear.vector.jacobian.LevenbergMarquardtOptimizerTest#testMoreEstimatedParametersUnsorted,134.000000
1266,org.apache.commons.math3.random.Well512aTest#testNextChiSquare,103.000000
1267,org.apache.commons.math3.ode.nonstiff.GraggBulirschStoerIntegratorTest#testIncreasingTolerance,93.000000
1268,org.apache.commons.math3.linear.EigenDecompositionTest#testSquareRoot,66.000000
1269,org.apache.commons.math3.random.Well19937cTest#testNextWeibull,59.000000
1270,org.apache.commons.math3.util.FastMathTest#testLog1pSpecialCases,50.000000
1271,org.apache.commons.math3.complex.QuaternionTest#testProductQuaternionQuaternion,23.000000
1272,org.apache.commons.math3.optim.nonlinear.vector.jacobian.LevenbergMarquardtOptimizerTest#testIllConditioned,134.000000
1273,org.apache.commons.math3.random.Well512aTest#testNextInversionDeviate,93.000000
1274,org.apache.commons.math3.ode.nonstiff.GraggBulirschStoerStepInterpolatorTest#derivativesConsistency,88.000000
1275,org.apache.commons.math3.random.AbstractRandomGeneratorTest#testNextIntDirect,62.000000
1276,org.apache.commons.math3.linear.EigenDecompositionTest#testDimension3MultipleRoot,60.000000
1277,org.apache.commons.math3.util.FastMathTest#testAcosSpecialCases,50.000000
1278,org.apache.commons.math3.linear.BlockFieldMatrixTest#testSeveralBlocks,47.000000
1279,org.apache.commons.math3.optim.nonlinear.vector.jacobian.LevenbergMarquardtOptimizerTest#testGetIterations,124.000000
1280,org.apache.commons.math3.random.Well512aTest#testNextGamma,112.000000
1281,org.apache.commons.math3.ode.nonstiff.GraggBulirschStoerStepInterpolatorTest#checklone,94.000000
1282,org.apache.commons.math3.random.AbstractRandomGeneratorTest#testNexBytes,59.000000
1283,org.apache.commons.math3.util.FastMathTest#testPowSpecialCases,57.000000
1284,org.apache.commons.math3.linear.EigenDecompositionTest#testMathpbx03,56.000000
1285,org.apache.commons.math3.stat.clustering.DBSCANClustererTest#testCluster,17.000000
1286,org.apache.commons.math3.optim.nonlinear.vector.jacobian.LevenbergMarquardtOptimizerTest#testInconsistentEquations,132.000000
1287,org.apache.commons.math3.random.Well512aTest#testNextBeta,111.000000
1288,org.apache.commons.math3.random.AbstractRandomGeneratorTest#testNextPascal,83.000000
1289,org.apache.commons.math3.linear.EigenDecompositionTest#testBigMatrix,74.000000
1290,org.apache.commons.math3.ode.nonstiff.ThreeEighthesStepInterpolatorTest#derivativesConsistency,66.000000
1291,org.apache.commons.math3.util.FastMathTest#testDoubleScalbSpecialCases,50.000000
1292,org.apache.commons.math3.stat.descriptive.rank.MedianTest#testCopy,23.000000
1293,org.apache.commons.math3.optim.nonlinear.vector.jacobian.LevenbergMarquardtOptimizerTest#testKirby2,124.000000
1294,org.apache.commons.math3.random.Well44497aTest#testNextT,112.000000
1295,org.apache.commons.math3.ode.nonstiff.ThreeEighthesStepInterpolatorTest#serialization,90.000000
1296,org.apache.commons.math3.util.FastMathTest#testTanhAccuracy,82.000000
1297,org.apache.commons.math3.random.AbstractRandomGeneratorTest#testNextLongNegativeRange,69.000000
1298,org.apache.commons.math3.linear.EigenDecompositionTest#testDimension4WithSplit,60.000000
1299,org.apache.commons.math3.geometry.euclidean.threed.SphericalCoordinatesTest#testSerialization,31.000000
1300,org.apache.commons.math3.optim.nonlinear.vector.jacobian.LevenbergMarquardtOptimizerTest#testOneSet,134.000000
1301,org.apache.commons.math3.random.Well44497aTest#testNextChiSquare,103.000000
1302,org.apache.commons.math3.random.AbstractRandomGeneratorTest#testNextPoissonConsistency,96.000000
1303,org.apache.commons.math3.ode.nonstiff.MidpointStepInterpolatorTest#serialization,85.000000
1304,org.apache.commons.math3.linear.EigenDecompositionTest#testZeroDivide,65.000000
1305,org.apache.commons.math3.util.FastMathTest#testMath905LargePositive,60.000000
1306,org.apache.commons.math3.random.RandomAdaptorTest#testAdaptor,11.000000
1307,org.apache.commons.math3.optim.nonlinear.vector.jacobian.LevenbergMarquardtOptimizerTest#testCircleFittingBadInit,132.000000
1308,org.apache.commons.math3.random.Well44497aTest#testNextInversionDeviate,93.000000
1309,org.apache.commons.math3.ode.nonstiff.HighamHall54StepInterpolatorTest#checkClone,88.000000
1310,org.apache.commons.math3.random.AbstractRandomGeneratorTest#testNextHypergeometric,80.000000
1311,org.apache.commons.math3.linear.EigenSolverTest#testInvertible,76.000000
1312,org.apache.commons.math3.util.FastMathTest#testMath905LargeNegative,60.000000
1313,org.apache.commons.math3.fraction.BigFractionTest#testConstructor,30.000000
1314,org.apache.commons.math3.ode.nonstiff.HighamHall54StepInterpolatorTest#serialization,112.000000
1315,org.apache.commons.math3.random.Well44497aTest#testNextGamma,112.000000
1316,org.apache.commons.math3.linear.QRDecompositionTest#testAEqualQR,75.000000
1317,org.apache.commons.math3.random.AbstractRandomGeneratorTest#testNextLongNegativeToPositiveRange,69.000000
1318,org.apache.commons.math3.util.FastMathTest#testConstants,49.000000
1319,org.apache.commons.math3.analysis.polynomials.PolynomialsUtilsTest#testJacobiLegendre,28.000000
1320,org.apache.commons.math3.random.Well44497aTest#testNextBeta,111.000000
1321,org.apache.commons.math3.ode.nonstiff.EulerStepInterpolatorTest#serialization,85.000000
1322,org.apache.commons.math3.util.FastMathTest#testTanAccuracy,85.000000
1323,org.apache.commons.math3.random.AbstractRandomGeneratorTest#testNextUniformUniformMaximalInterval,60.000000
1324,org.apache.commons.math3.linear.QRDecompositionTest#testMatricesValues,53.000000
1325,org.apache.commons.math3.optimization.univariate.UnivariateMultiStartOptimizerTest#testSinMin,51.000000
1326,org.apache.commons.math3.random.RandomGeneratorFactoryTest#testNextF,112.000000
1327,org.apache.commons.math3.ode.nonstiff.DormandPrince853StepInterpolatorTest#derivativesConsistency,90.000000
1328,org.apache.commons.math3.random.AbstractRandomGeneratorTest#testNextExponential,76.000000
1329,org.apache.commons.math3.linear.QRDecompositionTest#testDimensions,58.000000
1330,org.apache.commons.math3.util.FastMathTest#testMath904,57.000000
1331,org.apache.commons.math3.linear.SymmLQTest#testNonSquareOperator,37.000000
1332,org.apache.commons.math3.random.RandomGeneratorFactoryTest#testNextT,112.000000
1333,org.apache.commons.math3.ode.nonstiff.DormandPrince853StepInterpolatorTest#checklone,90.000000
1334,org.apache.commons.math3.random.AbstractRandomGeneratorTest#testNextPoisson,90.000000
1335,org.apache.commons.math3.util.FastMathTest#testSinAccuracy,84.000000
1336,org.apache.commons.math3.linear.SparseFieldVectorTest#testMapFunctions,69.000000
1337,org.apache.commons.math3.linear.QRDecompositionTest#testRUpperTriangular,57.000000
1338,org.apache.commons.math3.random.RandomGeneratorFactoryTest#testNextChiSquare,103.000000
1339,org.apache.commons.math3.ode.nonstiff.DormandPrince54IntegratorTest#testBackward,94.000000
1340,org.apache.commons.math3.util.FastMathTest#testAtan2Accuracy,80.000000
1341,org.apache.commons.math3.linear.QRDecompositionTest#testQOrthogonal,76.000000
1342,org.apache.commons.math3.random.AbstractRandomGeneratorTest#testNextUniformUniformNegativeToPositiveBounds,60.000000
1343,org.apache.commons.math3.linear.CholeskySolverTest#testSolveDimensionErrors,50.000000
1344,org.apache.commons.math3.random.RandomGeneratorFactoryTest#testNextInversionDeviate,94.000000
1345,org.apache.commons.math3.ode.nonstiff.DormandPrince54IntegratorTest#testVariableSteps,89.000000
1346,org.apache.commons.math3.util.FastMathTest#testExpm1Accuracy,82.000000
1347,org.apache.commons.math3.random.AbstractRandomGeneratorTest#testNextPermutation,64.000000
1348,org.apache.commons.math3.linear.QRDecompositionTest#testHTrapezoidal,57.000000
1349,org.apache.commons.math3.optim.nonlinear.scalar.noderiv.PowellOptimizerTest#testBoundsUnsupported,50.000000
1350,org.apache.commons.math3.random.MersenneTwisterTest#testNextF,115.000000
1351,org.apache.commons.math3.ode.nonstiff.DormandPrince54IntegratorTest#testKepler,102.000000
1352,org.apache.commons.math3.random.AbstractRandomGeneratorTest#testNextIntPositiveRange,72.000000
1353,org.apache.commons.math3.linear.LUDecompositionTest#testPPermutation,51.000000
1354,org.apache.commons.math3.util.FastMathTest#testSignumDouble,50.000000
1355,org.apache.commons.math3.geometry.euclidean.threed.RotationTest#testSingularities,29.000000
1356,org.apache.commons.math3.random.MersenneTwisterTest#testNextT,115.000000
1357,org.apache.commons.math3.ode.nonstiff.MidpointIntegratorTest#testBackward,74.000000
1358,org.apache.commons.math3.util.FastMathTest#testHyperbolic,62.000000
1359,org.apache.commons.math3.random.AbstractRandomGeneratorTest#testNextUniformUniformNegaiveBounds,60.000000
1360,org.apache.commons.math3.linear.LUDecompositionTest#testMatricesValues2,44.000000
1361,org.apache.commons.math3.geometry.euclidean.threed.Vector3DTest#testToString,15.000000
1362,org.apache.commons.math3.random.MersenneTwisterTest#testNextChiSquare,106.000000
1363,org.apache.commons.math3.util.FastMathTest#testCoshAccuracy,81.000000
1364,org.apache.commons.math3.ode.nonstiff.MidpointIntegratorTest#testSmallStep,74.000000
1365,org.apache.commons.math3.random.AbstractRandomGeneratorTest#testNextIntNegativeRange,72.000000
1366,org.apache.commons.math3.linear.SchurTransformerTest#testPOrthogonal,68.000000
1367,org.apache.commons.math3.geometry.euclidean.threed.SubLineTest#testEndPoints,51.000000
1368,org.apache.commons.math3.random.MersenneTwisterTest#testNextInversionDeviate,94.000000
1369,org.apache.commons.math3.ode.nonstiff.MidpointIntegratorTest#testBigStep,73.000000
1370,org.apache.commons.math3.random.AbstractRandomGeneratorTest#testNextLongPositiveRange,69.000000
1371,org.apache.commons.math3.linear.SchurTransformerTest#testRandomData,68.000000
1372,org.apache.commons.math3.util.FastMathTest#testIntPow,68.000000
1373,org.apache.commons.math3.random.UncorrelatedRandomVectorGeneratorTest#testMeanAndCorrelation,37.000000
1374,org.apache.commons.math3.random.MersenneTwisterTest#testNextBeta,114.000000
1375,org.apache.commons.math3.linear.SchurTransformerTest#testAEqualPTPt,68.000000
1376,org.apache.commons.math3.ode.nonstiff.MidpointIntegratorTest#testStepSize,64.000000
1377,org.apache.commons.math3.random.AbstractRandomGeneratorTest#testNextCauchy,62.000000
1378,org.apache.commons.math3.util.FastMathTest#testIndicatorFloat,50.000000
1379,org.apache.commons.math3.fitting.GaussianFitterTest#testFit03,27.000000
1380,org.apache.commons.math3.random.Well1024aTest#testNextT,112.000000
1381,org.apache.commons.math3.util.FastMathTest#testPowAccuracy,93.000000
1382,org.apache.commons.math3.linear.SchurTransformerTest#testMath848,68.000000
1383,org.apache.commons.math3.ode.nonstiff.ClassicalRungeKuttaStepInterpolatorTest#derivativesConsistency,66.000000
1384,org.apache.commons.math3.random.AbstractRandomGeneratorTest#testNextUniformUniformPositiveBounds,60.000000
1385,org.apache.commons.math3.analysis.FunctionUtilsTest#testCollector,15.000000
1386,org.apache.commons.math3.random.Well1024aTest#testNextChiSquare,103.000000
1387,org.apache.commons.math3.ode.nonstiff.ClassicalRungeKuttaStepInterpolatorTest#serialization,90.000000
1388,org.apache.commons.math3.linear.SchurTransformerTest#testPTOrthogonal,69.000000
1389,org.apache.commons.math3.random.AbstractRandomGeneratorTest#testNextWeibull,58.000000
1390,org.apache.commons.math3.util.FastMathTest#testExpSpecialCases,55.000000
1391,org.apache.commons.math3.analysis.function.LogisticTest#testCompareDerivativeSigmoid,48.000000
1392,org.apache.commons.math3.random.Well1024aTest#testNextInversionDeviate,93.000000
1393,org.apache.commons.math3.ode.nonstiff.HighamHall54IntegratorTest#testBackward,92.000000
1394,org.apache.commons.math3.random.AbstractRandomGeneratorTest#testNextZipf,71.000000
1395,org.apache.commons.math3.util.FastMathTest#testNextAfter,50.000000
1396,org.apache.commons.math3.linear.SchurTransformerTest#testSchurForm,45.000000
1397,org.apache.commons.math3.analysis.polynomials.PolynomialFunctionLagrangeFormTest#testQuadraticFunction,17.000000
1398,org.apache.commons.math3.random.Well1024aTest#testNextGamma,112.000000
1399,org.apache.commons.math3.util.FastMathTest#testLog1pAccuracy,82.000000
1400,org.apache.commons.math3.random.ISAACTest#testNextIntDirect,69.000000
1401,org.apache.commons.math3.ode.nonstiff.HighamHall54IntegratorTest#testWrongDerivative,59.000000
1402,org.apache.commons.math3.linear.SingularValueDecompositionTest#testUOrthogonal,55.000000
1403,org.apache.commons.math3.util.CombinatoricsUtilsTest#testCombinationsIterator,13.000000
1404,org.apache.commons.math3.random.Well1024aTest#testNextBeta,111.000000
1405,org.apache.commons.math3.ode.nonstiff.HighamHall54IntegratorTest#testKepler,101.000000
1406,org.apache.commons.math3.util.FastMathTest#testAsinAccuracy,80.000000
1407,org.apache.commons.math3.random.ISAACTest#testNexBytes,57.000000
1408,org.apache.commons.math3.linear.SingularValueDecompositionTest#testMoreColumns,49.000000
1409,org.apache.commons.math3.util.ResizableDoubleArrayTest#testEqualsAndHashCode,24.000000
1410,org.apache.commons.math3.ode.nonstiff.HighamHall54IntegratorTest#testIncreasingTolerance,94.000000
1411,org.apache.commons.math3.random.ISAACTest#testNextPascal,94.000000
1412,org.apache.commons.math3.util.FastMathTest#testCosAccuracy,82.000000
1413,org.apache.commons.math3.linear.SingularValueDecompositionTest#testAEqualUSVt,57.000000
1414,org.apache.commons.math3.linear.ArrayFieldVectorTest#testMapFunctions,40.000000
1415,org.apache.commons.math3.util.FastMathTest#testExpAccuracy,81.000000
1416,org.apache.commons.math3.random.ISAACTest#testNextLongNegativeRange,76.000000
1417,org.apache.commons.math3.ode.nonstiff.GillStepInterpolatorTest#testDerivativesConsistency,66.000000
1418,org.apache.commons.math3.linear.SingularValueDecompositionTest#testStability2,42.000000
1419,org.apache.commons.math3.distribution.WeibullDistributionTest#testMoments,32.000000
1420,org.apache.commons.math3.ode.nonstiff.GillStepInterpolatorTest#serialization,90.000000
1421,org.apache.commons.math3.util.FastMathTest#testSinhAccuracy,82.000000
1422,org.apache.commons.math3.random.ISAACTest#testNextIntNegativeToPositiveRange,79.000000
1423,org.apache.commons.math3.linear.SingularValueDecompositionTest#testMoreRows,42.000000
1424,org.apache.commons.math3.distribution.EnumeratedRealDistributionTest#testSample,33.000000
1425,org.apache.commons.math3.ode.nonstiff.DormandPrince853IntegratorTest#testBackward,94.000000
1426,org.apache.commons.math3.random.ISAACTest#testNextGaussian,85.000000
1427,org.apache.commons.math3.linear.SingularValueDecompositionTest#testVOrthogonal,55.000000
1428,org.apache.commons.math3.dfp.DfpTest#testAdd,47.000000
1429,org.apache.commons.math3.optim.nonlinear.scalar.noderiv.SimplexOptimizerMultiDirectionalTest#testBoundsUnsupported,43.000000
1430,org.apache.commons.math3.ode.nonstiff.DormandPrince853IntegratorTest#testVariableSteps,90.000000
1431,org.apache.commons.math3.random.ISAACTest#testNextHypergeometric,88.000000
1432,org.apache.commons.math3.linear.BlockRealMatrixTest#testTranspose,61.000000
1433,org.apache.commons.math3.dfp.DfpTest#testSpecialConstructors,48.000000
1434,org.apache.commons.math3.geometry.euclidean.threed.Vector3DTest#testSpace,10.000000
1435,org.apache.commons.math3.ode.nonstiff.DormandPrince853IntegratorTest#testKepler,102.000000
1436,org.apache.commons.math3.random.ISAACTest#testNextLongNegativeToPositiveRange,76.000000
1437,org.apache.commons.math3.dfp.DfpTest#testFloor,49.000000
1438,org.apache.commons.math3.linear.Array2DRowRealMatrixTest#testExamples,48.000000
1439,org.apache.commons.math3.transform.FastCosineTransformerTest#testTransformFunction[0],35.000000
1440,org.apache.commons.math3.ode.nonstiff.DormandPrince853IntegratorTest#testIncreasingTolerance,96.000000
1441,org.apache.commons.math3.random.ISAACTest#testNextUniformUniformMaximalInterval,76.000000
1442,org.apache.commons.math3.dfp.DfpTest#testLog10,47.000000
1443,org.apache.commons.math3.analysis.FunctionUtilsTest#testToDifferentiableMultivariateFunction,40.000000
1444,org.apache.commons.math3.linear.Array2DRowRealMatrixTest#testMultiply2,35.000000
1445,org.apache.commons.math3.random.ISAACTest#testNextExponential,92.000000
1446,org.apache.commons.math3.ode.nonstiff.DormandPrince853IntegratorTest#testTooLargeFirstStep,86.000000
1447,org.apache.commons.math3.analysis.solvers.NewtonRaphsonSolverTest#testSinZero,60.000000
1448,org.apache.commons.math3.dfp.DfpTest#testRint,52.000000
1449,org.apache.commons.math3.linear.Array2DRowRealMatrixTest#testTranspose,52.000000
1450,org.apache.commons.math3.random.ISAACTest#testNextPoisson,106.000000
1451,org.apache.commons.math3.ode.nonstiff.EulerIntegratorTest#testBackward,74.000000
1452,org.apache.commons.math3.linear.LUSolverTest#testSolve,60.000000
1453,org.apache.commons.math3.dfp.DfpTest#testSqrt,47.000000
1454,org.apache.commons.math3.analysis.differentiation.DerivativeStructureTest#testExpression,40.000000
1455,org.apache.commons.math3.random.ISAACTest#testNextUniformUniformNegativeToPositiveBounds,76.000000
1456,org.apache.commons.math3.ode.nonstiff.EulerIntegratorTest#testSmallStep,74.000000
1457,org.apache.commons.math3.linear.SingularValueSolverTest#testSolveDimensionErrors,73.000000
1458,org.apache.commons.math3.dfp.DfpTest#testReciprocal,49.000000
1459,org.apache.commons.math3.analysis.interpolation.LoessInterpolatorTest#testIncreasingBandwidthIncreasesSmoothness,26.000000
1460,org.apache.commons.math3.random.ISAACTest#testNextPermutation,79.000000
1461,org.apache.commons.math3.ode.nonstiff.EulerIntegratorTest#testBigStep,73.000000
1462,org.apache.commons.math3.linear.SingularValueSolverTest#testLeastSquareSolve,66.000000
1463,org.apache.commons.math3.dfp.DfpTest#testDivideInt,47.000000
1464,org.apache.commons.math3.linear.BlockRealMatrixTest#testSeveralBlocks,35.000000
1465,org.apache.commons.math3.random.ISAACTest#testNextIntPositiveRange,79.000000
1466,org.apache.commons.math3.ode.nonstiff.EulerIntegratorTest#testStepSize,64.000000
1467,org.apache.commons.math3.linear.SingularValueSolverTest#testMath320B,58.000000
1468,org.apache.commons.math3.dfp.DfpTest#testCopySign,48.000000
1469,org.apache.commons.math3.linear.BlockRealMatrixTest#testSetRowVector,47.000000
1470,org.apache.commons.math3.ode.ContinuousOutputModelTest#testBoundaries,99.000000
1471,org.apache.commons.math3.random.ISAACTest#testNextUniformUniformNegaiveBounds,76.000000
1472,org.apache.commons.math3.dfp.DfpTest#testCompare,47.000000
1473,org.apache.commons.math3.linear.CholeskyDecompositionTest#testDimensions,41.000000
1474,org.apache.commons.math3.linear.FieldMatrixImplTest#testWalk,37.000000
1475,org.apache.commons.math3.ode.ContinuousOutputModelTest#testRandomAccess,109.000000
1476,org.apache.commons.math3.random.ISAACTest#testNextBinomial,91.000000
1477,org.apache.commons.math3.dfp.DfpTest#testByteConstructor,47.000000
1478,org.apache.commons.math3.distribution.BinomialDistributionTest#testMath718,46.000000
1479,org.apache.commons.math3.linear.CholeskyDecompositionTest#testLLowerTriangular,42.000000
1480,org.apache.commons.math3.random.ISAACTest#testNextIntNegativeRange,79.000000
1481,org.apache.commons.math3.dfp.DfpTest#testIntValue,53.000000
1482,org.apache.commons.math3.linear.CholeskyDecompositionTest#testLTTransposed,49.000000
1483,org.apache.commons.math3.distribution.ParetoDistributionTest#testQuantiles,34.000000
1484,org.apache.commons.math3.random.ISAACTest#testNextHex,74.000000
1485,org.apache.commons.math3.linear.CholeskyDecompositionTest#testAEqualLLT,51.000000
1486,org.apache.commons.math3.dfp.DfpTest#testDivide,47.000000
1487,org.apache.commons.math3.distribution.FDistributionTest#testMoments,18.000000
1488,org.apache.commons.math3.random.ISAACTest#testNextLongPositiveRange,76.000000
1489,org.apache.commons.math3.linear.HessenbergTransformerTest#testPOrthogonal,55.000000
1490,org.apache.commons.math3.dfp.DfpTest#testMultiply,50.000000
1491,org.apache.commons.math3.stat.descriptive.moment.SkewnessTest#testSerialization,27.000000
1492,org.apache.commons.math3.linear.HessenbergTransformerTest#testRandomDataNormalDistribution,85.000000
1493,org.apache.commons.math3.random.ISAACTest#testNextCauchy,70.000000
1494,org.apache.commons.math3.stat.descriptive.moment.VarianceTest#testWeightedConsistency,61.000000
1495,org.apache.commons.math3.dfp.DfpTest#testIssue567,51.000000
1496,org.apache.commons.math3.random.ISAACTest#testNextUniformUniformPositiveBounds,76.000000
1497,org.apache.commons.math3.stat.descriptive.SynchronizedSummaryStatisticsTest#testSetterInjection,56.000000
1498,org.apache.commons.math3.linear.HessenbergTransformerTest#testAEqualPHPt,55.000000
1499,org.apache.commons.math3.dfp.DfpTest#testIsZero,54.000000
1500,org.apache.commons.math3.random.ISAACTest#testNextWeibull,66.000000
1501,org.apache.commons.math3.linear.HessenbergTransformerTest#testPTOrthogonal,56.000000
1502,org.apache.commons.math3.dfp.DfpTest#testIntConstructor,46.000000
1503,org.apache.commons.math3.ml.clustering.DBSCANClustererTest#testSingleLink,21.000000
1504,org.apache.commons.math3.random.ISAACTest#testNextZipf,79.000000
1505,org.apache.commons.math3.dfp.DfpTest#testLog10K,47.000000
1506,org.apache.commons.math3.linear.HessenbergTransformerTest#testMatricesValues3,45.000000
1507,org.apache.commons.math3.random.Well44497bTest#testNextSample,43.000000
1508,org.apache.commons.math3.random.RandomDataGeneratorTest#testNextPascal,84.000000
1509,org.apache.commons.math3.dfp.DfpTest#testRemainder,51.000000
1510,org.apache.commons.math3.linear.HessenbergTransformerTest#testMatricesValues5,45.000000
1511,org.apache.commons.math3.analysis.integration.gauss.LegendreTest#testInverse,30.000000
1512,org.apache.commons.math3.random.RandomDataGeneratorTest#testNextLongNegativeRange,66.000000
1513,org.apache.commons.math3.dfp.DfpTest#testPower10K,52.000000
1514,org.apache.commons.math3.linear.BiDiagonalTransformerTest#testBBiDiagonal,40.000000
1515,org.apache.commons.math3.analysis.function.LogisticTest#testGradientComponent0Component4,16.000000
1516,org.apache.commons.math3.random.RandomDataGeneratorTest#testNextIntNegativeToPositiveRange,69.000000
1517,org.apache.commons.math3.linear.BiDiagonalTransformerTest#testUOrthogonal,53.000000
1518,org.apache.commons.math3.dfp.DfpTest#testLongConstructor,46.000000
1519,org.apache.commons.math3.analysis.differentiation.DerivativeStructureTest#testSinhAsinh,41.000000
1520,org.apache.commons.math3.random.RandomDataGeneratorTest#testNextGaussian,75.000000
1521,org.apache.commons.math3.dfp.DfpTest#testDivideField,64.000000
1522,org.apache.commons.math3.linear.BiDiagonalTransformerTest#testSingularMatrix,43.000000
1523,org.apache.commons.math3.util.ArithmeticUtilsTest#testPow,15.000000
1524,org.apache.commons.math3.random.RandomDataGeneratorTest#testNextPoissonConsistency,104.000000
1525,org.apache.commons.math3.dfp.DfpTest#testGetField,63.000000
1526,org.apache.commons.math3.linear.FieldLUDecompositionTest#testPAEqualLU,49.000000
1527,org.apache.commons.math3.linear.BiDiagonalTransformerTest#testMatricesValues,43.000000
1528,org.apache.commons.math3.random.RandomDataGeneratorTest#testNextHypergeometric,78.000000
1529,org.apache.commons.math3.dfp.DfpTest#testAbs,65.000000
1530,org.apache.commons.math3.linear.BiDiagonalTransformerTest#testAEqualUSVt,53.000000
1531,org.apache.commons.math3.linear.SparseFieldMatrixTest#testEqualsAndHashCode,53.000000
1532,org.apache.commons.math3.dfp.DfpTest#testCos,76.000000
1533,org.apache.commons.math3.random.RandomDataGeneratorTest#testNextSecureIntPositiveRange,71.000000
1534,org.apache.commons.math3.linear.BiDiagonalTransformerTest#testVOrthogonal,53.000000
1535,org.apache.commons.math3.distribution.BetaDistributionTest#testMoments,17.000000
1536,org.apache.commons.math3.dfp.DfpTest#testLog,80.000000
1537,org.apache.commons.math3.linear.RRQRSolverTest#testSolveRankErrors,69.000000
1538,org.apache.commons.math3.random.RandomDataGeneratorTest#testNextLongNegativeToPositiveRange,66.000000
1539,org.apache.commons.math3.distribution.CauchyDistributionTest#testDistributionClone,28.000000
1540,org.apache.commons.math3.dfp.DfpTest#testSin,77.000000
1541,org.apache.commons.math3.linear.RRQRSolverTest#testSolveDimensionErrors,70.000000
1542,org.apache.commons.math3.random.RandomDataGeneratorTest#testNextUniformUniformMaximalInterval,66.000000
1543,org.apache.commons.math3.distribution.GeometricDistributionTest#testInverseCumulativeProbabilities,22.000000
1544,org.apache.commons.math3.dfp.DfpTest#testAtan2,79.000000
1545,org.apache.commons.math3.random.RandomDataGeneratorTest#testNextExponential,74.000000
1546,org.apache.commons.math3.linear.TriDiagonalTransformerTest#testQTOrthogonal,52.000000
1547,org.apache.commons.math3.ode.nonstiff.GraggBulirschStoerIntegratorTest#testNullIntervalCheck,36.000000
1548,org.apache.commons.math3.dfp.DfpTest#testRootN,91.000000
1549,org.apache.commons.math3.random.RandomDataGeneratorTest#testNextSecureLongNegativeRange,68.000000
1550,org.apache.commons.math3.linear.TriDiagonalTransformerTest#testNoAccessBelowDiagonal,52.000000
1551,org.apache.commons.math3.genetics.ListPopulationTest#testChromosomes,17.000000
1552,org.apache.commons.math3.dfp.DfpTest#testAcos,81.000000
1553,org.apache.commons.math3.random.RandomDataGeneratorTest#testNextSecureIntNegativeRange,71.000000
1554,org.apache.commons.math3.linear.TriDiagonalTransformerTest#testQOrthogonal,53.000000
1555,org.apache.commons.math3.geometry.euclidean.threed.FieldVector3DTest#testDistanceInf,39.000000
1556,org.apache.commons.math3.random.RandomDataGeneratorTest#testNextPoisson,88.000000
1557,org.apache.commons.math3.dfp.DfpTest#testAsin,78.000000
1558,org.apache.commons.math3.linear.TriDiagonalTransformerTest#testMatricesValues3,50.000000
1559,org.apache.commons.math3.random.RandomGeneratorFactoryTest#testSeeding,22.000000
1560,org.apache.commons.math3.dfp.DfpTest#testAtan,76.000000
1561,org.apache.commons.math3.random.RandomDataGeneratorTest#testNextUniformUniformNegativeToPositiveBounds,66.000000
1562,org.apache.commons.math3.linear.TriDiagonalTransformerTest#testMatricesValues5,50.000000
1563,org.apache.commons.math3.exception.NonMonotonicSequenceExceptionTest#testAccessors,14.000000
1564,org.apache.commons.math3.dfp.DfpTest#testAddField,64.000000
1565,org.apache.commons.math3.random.RandomDataGeneratorTest#testNextPermutation,61.000000
1566,org.apache.commons.math3.stat.regression.OLSMultipleLinearRegressionTest#testNewSampleDataYNull,56.000000
1567,org.apache.commons.math3.analysis.solvers.BracketingNthOrderBrentSolverTest#testConstructorsOK,14.000000
1568,org.apache.commons.math3.random.RandomDataGeneratorTest#testNextIntPositiveRange,69.000000
1569,org.apache.commons.math3.dfp.DfpTest#testMultiplyDouble,66.000000
1570,org.apache.commons.math3.stat.regression.OLSMultipleLinearRegressionTest#cannotAddSampleDataWithSizeMismatch,57.000000
1571,org.apache.commons.math3.analysis.solvers.MullerSolver2Test#testParameters,46.000000
1572,org.apache.commons.math3.random.RandomDataGeneratorTest#testNextUniformUniformNegaiveBounds,66.000000
1573,org.apache.commons.math3.dfp.DfpTest#testMultiplyInt,65.000000
1574,org.apache.commons.math3.stat.regression.OLSMultipleLinearRegressionTest#testNewSample2,63.000000
1575,org.apache.commons.math3.analysis.solvers.MullerSolverTest#testExpm1Function,47.000000
1576,org.apache.commons.math3.random.RandomDataGeneratorTest#testNextBinomial,81.000000
1577,org.apache.commons.math3.dfp.DfpTest#testAddDouble,66.000000
1578,org.apache.commons.math3.stat.regression.OLSMultipleLinearRegressionTest#canEstimateResiduals,66.000000
1579,org.apache.commons.math3.analysis.function.HarmonicOscillatorTest#testParametricValue,15.000000
1580,org.apache.commons.math3.dfp.DfpTest#testSubtractDouble,66.000000
1581,org.apache.commons.math3.random.RandomDataGeneratorTest#testNextSecureLongNegativeToPositiveRange,60.000000
1582,org.apache.commons.math3.stat.regression.OLSMultipleLinearRegressionTest#canEstimateRegressandVariance,49.000000
1583,org.apache.commons.math3.analysis.function.LogitTest#testParametricValue,9.000000
1584,org.apache.commons.math3.random.RandomDataGeneratorTest#testNextIntNegativeRange,69.000000
1585,org.apache.commons.math3.dfp.DfpTest#testRemainderField,66.000000
1586,org.apache.commons.math3.stat.regression.OLSMultipleLinearRegressionTest#testNewSample,66.000000
1587,org.apache.commons.math3.analysis.differentiation.DerivativeStructureTest#testTanhAtanh,39.000000
1588,org.apache.commons.math3.dfp.DfpTest#testLinearCombinationFF2,76.000000
1589,org.apache.commons.math3.random.RandomDataGeneratorTest#testNextHex,72.000000
1590,org.apache.commons.math3.stat.regression.OLSMultipleLinearRegressionTest#canEstimateRegressionParameters,60.000000
1591,org.apache.commons.math3.analysis.differentiation.DerivativeStructureTest#testLog10Definition,33.000000
1592,org.apache.commons.math3.dfp.DfpTest#testLinearCombinationFF3,76.000000
1593,org.apache.commons.math3.random.RandomDataGeneratorTest#testNextLongPositiveRange,66.000000
1594,org.apache.commons.math3.stat.regression.OLSMultipleLinearRegressionTest#testNewSampleNullData,58.000000
1595,org.apache.commons.math3.analysis.interpolation.UnivariatePeriodicInterpolatorTest#testLessThanOnePeriodCoverage,34.000000
1596,org.apache.commons.math3.random.RandomDataGeneratorTest#testNextCauchy,60.000000
1597,org.apache.commons.math3.stat.regression.OLSMultipleLinearRegressionTest#testXSampleDataNull,56.000000
1598,org.apache.commons.math3.dfp.DfpTest#testEquals,52.000000
1599,org.apache.commons.math3.analysis.interpolation.TricubicSplineInterpolatingFunctionTest#testPlane,11.000000
1600,org.apache.commons.math3.random.RandomDataGeneratorTest#testNextUniformUniformPositiveBounds,66.000000
1601,org.apache.commons.math3.dfp.DfpTest#testMultiplyField,64.000000
1602,org.apache.commons.math3.stat.regression.OLSMultipleLinearRegressionTest#testNewSampleInvalidData,59.000000
1603,org.apache.commons.math3.util.PrecisionTest#testRoundFloat,14.000000
1604,org.apache.commons.math3.dfp.DfpTest#testSubtractField,64.000000
1605,org.apache.commons.math3.random.RandomDataGeneratorTest#testNextWeibull,56.000000
1606,org.apache.commons.math3.stat.regression.OLSMultipleLinearRegressionTest#testYSampleDataNull,56.000000
1607,org.apache.commons.math3.util.TransformerMapTest#testRemoveTransformer,6.000000
1608,org.apache.commons.math3.stat.regression.MillerUpdatingRegressionTest#testHdiagConstant,83.000000
1609,org.apache.commons.math3.dfp.DfpMathTest#testPow,77.000000
1610,org.apache.commons.math3.random.RandomDataGeneratorTest#testNextZipf,69.000000
1611,org.apache.commons.math3.complex.RootsOfUnityTest#testComputeRoots,17.000000
1612,org.apache.commons.math3.stat.regression.GLSMultipleLinearRegressionTest#testGLSOLSConsistency,84.000000
1613,org.apache.commons.math3.dfp.DfpMathTest#testSin,68.000000
1614,org.apache.commons.math3.random.Well44497bTest#testNextIntDirect,62.000000
1615,org.apache.commons.math3.complex.ComplexTest#testScalarPow,37.000000
1616,org.apache.commons.math3.stat.regression.GLSMultipleLinearRegressionTest#canEstimateResiduals,73.000000
1617,org.apache.commons.math3.random.Well44497bTest#testNexBytes,58.000000
1618,org.apache.commons.math3.dfp.DfpDecTest#testRound,51.000000
1619,org.apache.commons.math3.optimization.PointVectorValuePairTest#testSerial,9.000000
1620,org.apache.commons.math3.random.Well44497bTest#testNextPascal,87.000000
1621,org.apache.commons.math3.dfp.DfpDecTest#testRoundDecimal10,51.000000
1622,org.apache.commons.math3.stat.regression.GLSMultipleLinearRegressionTest#testNewSample,48.000000
1623,org.apache.commons.math3.linear.ArrayFieldVectorTest#testConstructors,37.000000
1624,org.apache.commons.math3.geometry.euclidean.threed.FieldRotationDfpTest#testAxisAngle,102.000000
1625,org.apache.commons.math3.random.Well44497bTest#testNextLongNegativeRange,69.000000
1626,org.apache.commons.math3.filter.KalmanFilterTest#testTransitionControlMatrixMismatch,56.000000
1627,org.apache.commons.math3.linear.RealVectorTest#testUnitVector,20.000000
1628,org.apache.commons.math3.geometry.euclidean.threed.FieldRotationDfpTest#testIdentity,74.000000
1629,org.apache.commons.math3.random.Well44497bTest#testNextIntNegativeToPositiveRange,72.000000
1630,org.apache.commons.math3.linear.Array2DRowRealMatrixTest#testCopySubMatrix,42.000000
1631,org.apache.commons.math3.geometry.euclidean.threed.FieldRotationDfpTest#testApplyInverseTo,91.000000
1632,org.apache.commons.math3.random.Well44497bTest#testNextGaussian,78.000000
1633,org.apache.commons.math3.linear.UnmodifiableArrayRealVectorTest#testSparseIterator,34.000000
1634,org.apache.commons.math3.random.Well44497bTest#testNextPoissonConsistency,107.000000
1635,org.apache.commons.math3.geometry.euclidean.threed.FieldRotationDfpTest#testIssue639,82.000000
1636,org.apache.commons.math3.linear.MatrixDimensionMismatchExceptionTest#testAccessors,13.000000
1637,org.apache.commons.math3.geometry.euclidean.threed.FieldRotationDfpTest#testQuaternion,91.000000
1638,org.apache.commons.math3.random.Well44497bTest#testNextHypergeometric,81.000000
1639,org.apache.commons.math3.distribution.TDistributionTest#testMoments,16.000000
1640,org.apache.commons.math3.random.Well44497bTest#testNextLongNegativeToPositiveRange,69.000000
1641,org.apache.commons.math3.distribution.PoissonDistributionTest#testLargeMeanInverseCumulativeProbability,61.000000
1642,org.apache.commons.math3.random.Well44497bTest#testNextUniformUniformMaximalInterval,61.000000
1643,org.apache.commons.math3.distribution.EnumeratedIntegerDistributionTest#testSample,33.000000
1644,org.apache.commons.math3.random.Well44497bTest#testNextExponential,77.000000
1645,org.apache.commons.math3.optim.SimpleVectorValueCheckerTest#testIterationCheckDisabled,12.000000
1646,org.apache.commons.math3.random.Well44497bTest#testNextPoisson,99.000000
1647,org.apache.commons.math3.ode.nonstiff.EulerStepInterpolatorTest#interpolationAtBounds,27.000000
1648,org.apache.commons.math3.random.Well44497bTest#testNextUniformUniformNegativeToPositiveBounds,61.000000
1649,org.apache.commons.math3.stat.StatUtilsTest#testGeometricMean,39.000000
1650,org.apache.commons.math3.random.Well44497bTest#testNextIntPositiveRange,72.000000
1651,org.apache.commons.math3.stat.inference.MannWhitneyUTestTest#testBigDataSet,48.000000
1652,org.apache.commons.math3.random.Well44497bTest#testNextUniformUniformNegaiveBounds,61.000000
1653,org.apache.commons.math3.stat.inference.TestUtilsTest#testRootLogLikelihood,24.000000
1654,org.apache.commons.math3.random.Well44497bTest#testNextBinomial,84.000000
1655,org.apache.commons.math3.stat.descriptive.moment.SemiVarianceTest#testVarianceDecompNonMeanCutoff,9.000000
1656,org.apache.commons.math3.random.Well44497bTest#testNextIntNegativeRange,72.000000
1657,org.apache.commons.math3.stat.descriptive.moment.StandardDeviationTest#testCopyConsistency,39.000000
1658,org.apache.commons.math3.random.Well44497bTest#testNextHex,67.000000
1659,org.apache.commons.math3.ml.clustering.FuzzyKMeansClustererTest#testGetters,10.000000
1660,org.apache.commons.math3.random.Well44497bTest#testNextLongPositiveRange,69.000000
1661,org.apache.commons.math3.genetics.CycleCrossoverTest#testCrossoverDimensionMismatchException,19.000000
1662,org.apache.commons.math3.random.Well44497bTest#testNextCauchy,63.000000
1663,org.apache.commons.math3.geometry.euclidean.threed.SphericalCoordinatesTest#testHessian,58.000000
1664,org.apache.commons.math3.random.Well44497bTest#testNextUniformUniformPositiveBounds,61.000000
1665,org.apache.commons.math3.geometry.euclidean.threed.FrenchVector3DFormatTest#testParseSimpleWithDecimals,15.000000
1666,org.apache.commons.math3.random.Well44497bTest#testNextWeibull,59.000000
1667,org.apache.commons.math3.geometry.euclidean.threed.FieldVector3DTest#testAdd,54.000000
1668,org.apache.commons.math3.random.Well44497bTest#testNextZipf,72.000000
1669,org.apache.commons.math3.random.AbstractRandomGeneratorTest#testSeeding,26.000000
1670,org.apache.commons.math3.random.BitsStreamGeneratorTest#testNextIntDirect,59.000000
1671,org.apache.commons.math3.random.SobolSequenceGeneratorTest#testSkip,7.000000
1672,org.apache.commons.math3.random.BitsStreamGeneratorTest#testNexBytes,47.000000
1673,org.apache.commons.math3.random.HaltonSequenceGeneratorTest#testSkip,7.000000
1674,org.apache.commons.math3.random.BitsStreamGeneratorTest#testNextPascal,81.000000
1675,org.apache.commons.math3.fraction.BigFractionFormatTest#testFormatImproperNegative,23.000000
1676,org.apache.commons.math3.random.BitsStreamGeneratorTest#testNextLongNegativeRange,66.000000
1677,org.apache.commons.math3.primes.PrimesTest#testPrimeFactors,15.000000
1678,org.apache.commons.math3.random.BitsStreamGeneratorTest#testNextIntNegativeToPositiveRange,69.000000
1679,org.apache.commons.math3.analysis.FunctionUtilsTest#testAddDifferentiable,52.000000
1680,org.apache.commons.math3.random.BitsStreamGeneratorTest#testNextGaussian,75.000000
1681,org.apache.commons.math3.analysis.differentiation.DerivativeStructureTest#testCoshAcosh,41.000000
1682,org.apache.commons.math3.random.BitsStreamGeneratorTest#testNextPoissonConsistency,104.000000
1683,org.apache.commons.math3.util.ResizableDoubleArrayTest#testGetArrayRef,12.000000
1684,org.apache.commons.math3.random.BitsStreamGeneratorTest#testNextHypergeometric,78.000000
1685,org.apache.commons.math3.util.OpenIntToFieldTest#testPutAndGetWith0ExpectedSize,31.000000
1686,org.apache.commons.math3.random.BitsStreamGeneratorTest#testNextLongNegativeToPositiveRange,66.000000
1687,org.apache.commons.math3.complex.ComplexFormatTest#testDefaultFormatComplex,18.000000
1688,org.apache.commons.math3.random.BitsStreamGeneratorTest#testNextUniformUniformMaximalInterval,66.000000
1689,org.apache.commons.math3.optimization.fitting.HarmonicFitterTest#testMath844,11.000000
1690,org.apache.commons.math3.random.BitsStreamGeneratorTest#testNextExponential,74.000000
1691,org.apache.commons.math3.optimization.direct.BOBYQAOptimizerTest#testProblemDimensionTooSmall,30.000000
1692,org.apache.commons.math3.random.BitsStreamGeneratorTest#testNextPoisson,88.000000
1693,org.apache.commons.math3.linear.FieldLUSolverTest#testSolve,65.000000
1694,org.apache.commons.math3.random.BitsStreamGeneratorTest#testNextUniformUniformNegativeToPositiveBounds,66.000000
1695,org.apache.commons.math3.linear.SparseRealVectorTest#testConstructors,30.000000
1696,org.apache.commons.math3.random.BitsStreamGeneratorTest#testNextPermutation,69.000000
1697,org.apache.commons.math3.linear.ArrayRealVectorTest#testCosineMixedTypes,25.000000
1698,org.apache.commons.math3.random.BitsStreamGeneratorTest#testNextIntPositiveRange,69.000000
1699,org.apache.commons.math3.distribution.LevyDistributionTest#testSupport,14.000000
1700,org.apache.commons.math3.random.BitsStreamGeneratorTest#testNextUniformUniformNegaiveBounds,66.000000
1701,org.apache.commons.math3.distribution.TriangularDistributionTest#testIsSupportLowerBoundInclusive,18.000000
1702,org.apache.commons.math3.random.BitsStreamGeneratorTest#testNextBinomial,81.000000
1703,org.apache.commons.math3.distribution.ExponentialDistributionTest#testMoments,29.000000
1704,org.apache.commons.math3.random.BitsStreamGeneratorTest#testNextIntNegativeRange,69.000000
1705,org.apache.commons.math3.distribution.UniformIntegerDistributionTest#testInverseCumulativeProbabilities,21.000000
1706,org.apache.commons.math3.random.BitsStreamGeneratorTest#testNextHex,64.000000
1707,org.apache.commons.math3.distribution.NormalDistributionTest#testQuantiles,53.000000
1708,org.apache.commons.math3.random.BitsStreamGeneratorTest#testNextLongPositiveRange,66.000000
1709,org.apache.commons.math3.optim.univariate.BracketFinderTest#testCubicMax,14.000000
1710,org.apache.commons.math3.random.BitsStreamGeneratorTest#testNextCauchy,60.000000
1711,org.apache.commons.math3.optim.nonlinear.scalar.noderiv.BOBYQAOptimizerTest#testProblemDimensionTooSmall,43.000000
1712,org.apache.commons.math3.random.BitsStreamGeneratorTest#testNextUniformUniformPositiveBounds,66.000000
1713,org.apache.commons.math3.stat.descriptive.moment.SkewnessTest#testCopy,25.000000
1714,org.apache.commons.math3.stat.descriptive.SynchronizedSummaryStatisticsTest#testSerialization,81.000000
1715,org.apache.commons.math3.random.BitsStreamGeneratorTest#testNextWeibull,56.000000
1716,org.apache.commons.math3.random.BitsStreamGeneratorTest#testNextZipf,69.000000
1717,org.apache.commons.math3.stat.descriptive.SynchronizedMultivariateSummaryStatisticsTest#testDimension,24.000000
1718,org.apache.commons.math3.random.Well19937aTest#testNextIntDirect,62.000000
1719,org.apache.commons.math3.stat.descriptive.summary.ProductTest#testCopyConsistency,25.000000
1720,org.apache.commons.math3.random.Well19937aTest#testNexBytes,50.000000
1721,org.apache.commons.math3.geometry.euclidean.threed.RotationTest#testIssue801,24.000000
1722,org.apache.commons.math3.random.Well19937aTest#testNextPascal,84.000000
1723,org.apache.commons.math3.geometry.euclidean.threed.FieldVector3DTest#testDistance,44.000000
1724,org.apache.commons.math3.random.Well19937aTest#testNextLongNegativeRange,69.000000
1725,org.apache.commons.math3.geometry.euclidean.threed.FieldVector3DTest#testDistance1,39.000000
1726,org.apache.commons.math3.random.Well19937aTest#testNextIntNegativeToPositiveRange,72.000000
1727,org.apache.commons.math3.geometry.euclidean.threed.FieldVector3DTest#testDistanceSq,39.000000
1728,org.apache.commons.math3.random.Well19937aTest#testNextGaussian,78.000000
1729,org.apache.commons.math3.geometry.euclidean.twod.LineTest#testTransform,26.000000
1730,org.apache.commons.math3.random.Well19937aTest#testNextPoissonConsistency,107.000000
1731,org.apache.commons.math3.transform.FastHadamardTransformerTest#test8Points,10.000000
1732,org.apache.commons.math3.random.Well19937aTest#testNextHypergeometric,81.000000
1733,org.apache.commons.math3.transform.FastSineTransformerTest#testSinFunction[0],31.000000
1734,org.apache.commons.math3.random.Well19937aTest#testNextLongNegativeToPositiveRange,69.000000
1735,org.apache.commons.math3.analysis.FunctionUtilsTest#testFixingArguments,18.000000
1736,org.apache.commons.math3.random.Well19937aTest#testNextUniformUniformMaximalInterval,61.000000
1737,org.apache.commons.math3.analysis.FunctionUtilsTest#testToDifferentiableUnivariateFunction,37.000000
1738,org.apache.commons.math3.random.Well19937aTest#testNextExponential,77.000000
1739,org.apache.commons.math3.analysis.solvers.BracketingNthOrderBrentSolverTest#testSolutionRightSide,45.000000
1740,org.apache.commons.math3.random.Well19937aTest#testNextPoisson,91.000000
1741,org.apache.commons.math3.analysis.solvers.RegulaFalsiSolverTest#testIssue631,42.000000
1742,org.apache.commons.math3.random.Well19937aTest#testNextUniformUniformNegativeToPositiveBounds,61.000000
1743,org.apache.commons.math3.analysis.function.LogisticTest#testCompareSigmoid,16.000000
1744,org.apache.commons.math3.random.Well19937aTest#testNextPermutation,64.000000
1745,org.apache.commons.math3.analysis.differentiation.DerivativeStructureTest#testCeilFloorRintLong,33.000000
1746,org.apache.commons.math3.random.Well19937aTest#testNextIntPositiveRange,72.000000
1747,org.apache.commons.math3.analysis.differentiation.DerivativeStructureTest#testLog1pExpm1,39.000000
1748,org.apache.commons.math3.random.Well19937aTest#testNextUniformUniformNegaiveBounds,61.000000
1749,org.apache.commons.math3.analysis.differentiation.DerivativeStructureTest#testPowDoubleDS,48.000000
1750,org.apache.commons.math3.random.Well19937aTest#testNextBinomial,84.000000
1751,org.apache.commons.math3.analysis.differentiation.DerivativeStructureTest#testDegRad,28.000000
1752,org.apache.commons.math3.random.Well19937aTest#testNextIntNegativeRange,72.000000
1753,org.apache.commons.math3.analysis.differentiation.DerivativeStructureTest#testTaylorAtan2,39.000000
1754,org.apache.commons.math3.random.Well19937aTest#testNextHex,67.000000
1755,org.apache.commons.math3.analysis.polynomials.PolynomialsUtilsTest#testFirstChebyshevPolynomials,22.000000
1756,org.apache.commons.math3.random.Well19937aTest#testNextLongPositiveRange,69.000000
1757,org.apache.commons.math3.util.BigRealFieldTest#testOne,5.000000
1758,org.apache.commons.math3.random.Well19937aTest#testNextUniformUniformPositiveBounds,61.000000
1759,org.apache.commons.math3.util.BigRealTest#testReciprocal,9.000000
1760,org.apache.commons.math3.random.Well19937aTest#testNextWeibull,59.000000
1761,org.apache.commons.math3.complex.QuaternionTest#testPolarForm,25.000000
1762,org.apache.commons.math3.random.Well19937aTest#testNextZipf,72.000000
1763,org.apache.commons.math3.linear.BlockFieldMatrixTest#testGetSetRowMatrixLarge,30.000000
1764,org.apache.commons.math3.linear.SparseRealMatrixTest#testMultiply,82.000000
1765,org.apache.commons.math3.random.Well512aTest#testNextIntDirect,62.000000
1766,org.apache.commons.math3.random.Well512aTest#testNexBytes,50.000000
1767,org.apache.commons.math3.linear.BlockRealMatrixTest#testGetSetColumnMatrixLarge,26.000000
1768,org.apache.commons.math3.random.Well512aTest#testNextPascal,87.000000
1769,org.apache.commons.math3.linear.SparseFieldMatrixTest#testSubMatrix,60.000000
1770,org.apache.commons.math3.random.Well512aTest#testNextLongNegativeRange,69.000000
1771,org.apache.commons.math3.linear.RealVectorTest#testMinMax,13.000000
1772,org.apache.commons.math3.random.Well512aTest#testNextIntNegativeToPositiveRange,72.000000
1773,org.apache.commons.math3.linear.Array2DRowRealMatrixTest#testFrobeniusNorm,20.000000
1774,org.apache.commons.math3.random.Well512aTest#testNextPoissonConsistency,107.000000
1775,org.apache.commons.math3.linear.Array2DRowRealMatrixTest#testToString,25.000000
1776,org.apache.commons.math3.random.Well512aTest#testNextHypergeometric,81.000000
1777,org.apache.commons.math3.linear.DiagonalMatrixTest#testSetNonDiagonalZero,21.000000
1778,org.apache.commons.math3.random.Well512aTest#testNextLongNegativeToPositiveRange,69.000000
1779,org.apache.commons.math3.linear.SparseRealVectorTest#testConcurrentModification,39.000000
1780,org.apache.commons.math3.linear.FieldMatrixImplTest#testPower,62.000000
1781,org.apache.commons.math3.random.Well512aTest#testNextUniformUniformMaximalInterval,61.000000
1782,org.apache.commons.math3.random.Well512aTest#testNextExponential,77.000000
1783,org.apache.commons.math3.linear.FieldMatrixImplTest#testSetRowVector,49.000000
1784,org.apache.commons.math3.random.Well512aTest#testNextPoisson,91.000000
1785,org.apache.commons.math3.distribution.ChiSquaredDistributionTest#testMoments,32.000000
1786,org.apache.commons.math3.random.Well512aTest#testNextUniformUniformNegativeToPositiveBounds,61.000000
1787,org.apache.commons.math3.distribution.ChiSquaredDistributionTest#testIsSupportLowerBoundInclusive,32.000000
1788,org.apache.commons.math3.random.Well512aTest#testNextPermutation,64.000000
1789,org.apache.commons.math3.optim.PointVectorValuePairTest#testSerial,9.000000
1790,org.apache.commons.math3.random.Well512aTest#testNextIntPositiveRange,72.000000
1791,org.apache.commons.math3.stat.ranking.NaturalRankingTest#testDefault,22.000000
1792,org.apache.commons.math3.random.Well512aTest#testNextUniformUniformNegaiveBounds,61.000000
1793,org.apache.commons.math3.stat.correlation.CovarianceTest#testInsufficientData,28.000000
1794,org.apache.commons.math3.random.Well512aTest#testNextBinomial,84.000000
1795,org.apache.commons.math3.stat.inference.OneWayAnovaTest#testAnovaFValue,42.000000
1796,org.apache.commons.math3.random.Well512aTest#testNextIntNegativeRange,72.000000
1797,org.apache.commons.math3.stat.descriptive.moment.MeanTest#testCopyConsistency,30.000000
1798,org.apache.commons.math3.random.Well512aTest#testNextHex,67.000000
1799,org.apache.commons.math3.stat.FrequencyTest#testMergeCollection,12.000000
1800,org.apache.commons.math3.random.Well512aTest#testNextLongPositiveRange,69.000000
1801,org.apache.commons.math3.geometry.euclidean.threed.RotationTest#testMatrix,28.000000
1802,org.apache.commons.math3.random.Well512aTest#testNextCauchy,63.000000
1803,org.apache.commons.math3.geometry.euclidean.threed.FieldVector3DTest#testHash,25.000000
1804,org.apache.commons.math3.random.Well512aTest#testNextUniformUniformPositiveBounds,61.000000
1805,org.apache.commons.math3.geometry.euclidean.threed.SubLineTest#testIntersectionInsideInside,43.000000
1806,org.apache.commons.math3.random.Well512aTest#testNextWeibull,59.000000
1807,org.apache.commons.math3.geometry.euclidean.threed.PlaneTest#testIntersection2,29.000000
1808,org.apache.commons.math3.random.Well512aTest#testNextZipf,72.000000
1809,org.apache.commons.math3.geometry.euclidean.twod.SubLineTest#testNoEndPoints,45.000000
1810,org.apache.commons.math3.random.Well44497aTest#testNextIntDirect,62.000000
1811,org.apache.commons.math3.geometry.partitioning.utilities.AVLTreeTest#testRepetition,17.000000
1812,org.apache.commons.math3.random.Well44497aTest#testNexBytes,58.000000
1813,org.apache.commons.math3.random.ValueServerTest#testFill,15.000000
1814,org.apache.commons.math3.random.Well44497aTest#testNextPascal,84.000000
1815,org.apache.commons.math3.fraction.BigFractionTest#testDivide,19.000000
1816,org.apache.commons.math3.random.Well44497aTest#testNextLongNegativeRange,69.000000
1817,org.apache.commons.math3.primes.PrimesTest#testNextPrime,13.000000
1818,org.apache.commons.math3.random.Well44497aTest#testNextIntNegativeToPositiveRange,72.000000
1819,org.apache.commons.math3.fitting.HarmonicFitterTest#testPreconditions1,23.000000
1820,org.apache.commons.math3.random.Well44497aTest#testNextGaussian,78.000000
1821,org.apache.commons.math3.analysis.integration.MidPointIntegratorTest#testSinFunction,36.000000
1822,org.apache.commons.math3.random.Well44497aTest#testNextPoissonConsistency,107.000000
1823,org.apache.commons.math3.analysis.solvers.BisectionSolverTest#testMath369,35.000000
1824,org.apache.commons.math3.random.Well44497aTest#testNextHypergeometric,81.000000
1825,org.apache.commons.math3.analysis.solvers.RiddersSolverTest#testParameters,44.000000
1826,org.apache.commons.math3.random.Well44497aTest#testNextLongNegativeToPositiveRange,69.000000
1827,org.apache.commons.math3.analysis.function.GaussianTest#testParametricUsage1,10.000000
1828,org.apache.commons.math3.random.Well44497aTest#testNextUniformUniformMaximalInterval,69.000000
1829,org.apache.commons.math3.analysis.function.LogitTest#testDerivativesWithInverseFunction,49.000000
1830,org.apache.commons.math3.random.Well44497aTest#testNextExponential,77.000000
1831,org.apache.commons.math3.analysis.differentiation.FiniteDifferencesDifferentiatorTest#testVectorFunction,52.000000
1832,org.apache.commons.math3.random.Well44497aTest#testNextPoisson,91.000000
1833,org.apache.commons.math3.analysis.differentiation.FiniteDifferencesDifferentiatorTest#testMatrixFunction,56.000000
1834,org.apache.commons.math3.random.Well44497aTest#testNextUniformUniformNegativeToPositiveBounds,69.000000
1835,org.apache.commons.math3.analysis.differentiation.DerivativeStructureTest#testTanAtan,34.000000
1836,org.apache.commons.math3.random.Well44497aTest#testNextPermutation,72.000000
1837,org.apache.commons.math3.analysis.differentiation.DerivativeStructureTest#testSerialization,26.000000
1838,org.apache.commons.math3.random.Well44497aTest#testNextIntPositiveRange,72.000000
1839,org.apache.commons.math3.analysis.differentiation.DerivativeStructureTest#testRemainder,29.000000
1840,org.apache.commons.math3.random.Well44497aTest#testNextUniformUniformNegaiveBounds,69.000000
1841,org.apache.commons.math3.analysis.polynomials.PolynomialSplineFunctionTest#testConstructor,22.000000
1842,org.apache.commons.math3.random.Well44497aTest#testNextBinomial,84.000000
1843,org.apache.commons.math3.analysis.polynomials.PolynomialFunctionNewtonFormTest#testLinearFunction,8.000000
1844,org.apache.commons.math3.random.Well44497aTest#testNextIntNegativeRange,72.000000
1845,org.apache.commons.math3.analysis.interpolation.LoessInterpolatorTest#testNotAllFiniteReal1,13.000000
1846,org.apache.commons.math3.random.Well44497aTest#testNextHex,75.000000
1847,org.apache.commons.math3.util.OpenIntToDoubleHashMapTest#testPutAndGetWithExpectedSize,19.000000
1848,org.apache.commons.math3.random.Well44497aTest#testNextLongPositiveRange,69.000000
1849,org.apache.commons.math3.util.CombinatoricsUtilsTest#testBinomialCoefficient,14.000000
1850,org.apache.commons.math3.random.Well44497aTest#testNextCauchy,63.000000
1851,org.apache.commons.math3.util.ResizableDoubleArrayTest#testMutators,25.000000
1852,org.apache.commons.math3.random.Well44497aTest#testNextUniformUniformPositiveBounds,69.000000
1853,org.apache.commons.math3.complex.ComplexFieldTest#testOne,5.000000
1854,org.apache.commons.math3.random.Well44497aTest#testNextZipf,72.000000
1855,org.apache.commons.math3.complex.ComplexTest#testAcosInf,18.000000
1856,org.apache.commons.math3.random.RandomGeneratorFactoryTest#testNexBytes,49.000000
1857,org.apache.commons.math3.complex.QuaternionTest#testIsPureQuaternion,6.000000
1858,org.apache.commons.math3.random.RandomGeneratorFactoryTest#testNextLongNegativeRange,68.000000
1859,org.apache.commons.math3.optimization.SimpleVectorValueCheckerTest#testIterationCheckDisabled,12.000000
1860,org.apache.commons.math3.random.RandomGeneratorFactoryTest#testNextIntNegativeToPositiveRange,71.000000
1861,org.apache.commons.math3.optimization.PointValuePairTest#testSerial,8.000000
1862,org.apache.commons.math3.random.RandomGeneratorFactoryTest#testNextPoissonConsistency,96.000000
1863,org.apache.commons.math3.optimization.univariate.BrentOptimizerTest#testMath855,54.000000
1864,org.apache.commons.math3.random.RandomGeneratorFactoryTest#testNextHypergeometric,81.000000
1865,org.apache.commons.math3.linear.MatrixUtilsTest#testCheckSymmetric2,36.000000
1866,org.apache.commons.math3.random.RandomGeneratorFactoryTest#testNextLongNegativeToPositiveRange,68.000000
1867,org.apache.commons.math3.linear.BlockFieldMatrixTest#testGetSetRowVectorLarge,35.000000
1868,org.apache.commons.math3.random.RandomGeneratorFactoryTest#testNextUniformUniformMaximalInterval,60.000000
1869,org.apache.commons.math3.linear.BlockFieldMatrixTest#testGetSetColumnMatrixLarge,31.000000
1870,org.apache.commons.math3.random.RandomGeneratorFactoryTest#testNextExponential,77.000000
1871,org.apache.commons.math3.linear.BlockFieldMatrixTest#testGetSetColumnVectorLarge,36.000000
1872,org.apache.commons.math3.random.RandomGeneratorFactoryTest#testNextPoisson,91.000000
1873,org.apache.commons.math3.linear.SparseRealMatrixTest#testSubMatrix,51.000000
1874,org.apache.commons.math3.random.RandomGeneratorFactoryTest#testNextUniformUniformNegativeToPositiveBounds,60.000000
1875,org.apache.commons.math3.linear.LUDecompositionTest#testDimensions,33.000000
1876,org.apache.commons.math3.random.RandomGeneratorFactoryTest#testNextPermutation,63.000000
1877,org.apache.commons.math3.linear.FrenchRealVectorFormatTest#testDefaultFormatRealVectorImpl,14.000000
1878,org.apache.commons.math3.random.RandomGeneratorFactoryTest#testNextIntPositiveRange,71.000000
1879,org.apache.commons.math3.linear.ConjugateGradientTest#testMismatchedOperatorDimensions,36.000000
1880,org.apache.commons.math3.random.RandomGeneratorFactoryTest#testNextUniformUniformNegaiveBounds,60.000000
1881,org.apache.commons.math3.linear.BlockRealMatrixTest#testGetSetColumnVectorLarge,36.000000
1882,org.apache.commons.math3.random.RandomGeneratorFactoryTest#testNextBinomial,84.000000
1883,org.apache.commons.math3.linear.SparseFieldMatrixTest#testPlusMinus,62.000000
1884,org.apache.commons.math3.random.RandomGeneratorFactoryTest#testNextIntNegativeRange,71.000000
1885,org.apache.commons.math3.linear.RealVectorTest#testWalkInOptimizedOrderChangingVisitor2,12.000000
1886,org.apache.commons.math3.random.RandomGeneratorFactoryTest#testNextHex,74.000000
1887,org.apache.commons.math3.linear.RealVectorTest#testMapSubtract,18.000000
1888,org.apache.commons.math3.random.RandomGeneratorFactoryTest#testNextLongPositiveRange,68.000000
1889,org.apache.commons.math3.linear.Array2DRowRealMatrixTest#testSetRowVector,49.000000
1890,org.apache.commons.math3.random.RandomGeneratorFactoryTest#testNextCauchy,63.000000
1891,org.apache.commons.math3.linear.SparseRealVectorTest#testAppendVector,33.000000
1892,org.apache.commons.math3.random.RandomGeneratorFactoryTest#testNextUniformUniformPositiveBounds,60.000000
1893,org.apache.commons.math3.linear.UnmodifiableArrayRealVectorTest#testIterator,32.000000
1894,org.apache.commons.math3.random.RandomGeneratorFactoryTest#testNextWeibull,59.000000
1895,org.apache.commons.math3.linear.FieldMatrixImplTest#testToString,26.000000
1896,org.apache.commons.math3.random.RandomGeneratorFactoryTest#testNextZipf,72.000000
1897,org.apache.commons.math3.linear.HessenbergTransformerTest#testHessenbergForm,32.000000
1898,org.apache.commons.math3.random.MersenneTwisterTest#testNextIntDirect,62.000000
1899,org.apache.commons.math3.linear.TriDiagonalTransformerTest#testTTriDiagonal,28.000000
1900,org.apache.commons.math3.random.MersenneTwisterTest#testNexBytes,50.000000
1901,org.apache.commons.math3.distribution.LevyDistributionTest#testInverseCumulativeProbabilities,17.000000
1902,org.apache.commons.math3.random.MersenneTwisterTest#testNextPascal,90.000000
1903,org.apache.commons.math3.distribution.UniformRealDistributionTest#testIsSupportLowerBoundInclusive,15.000000
1904,org.apache.commons.math3.random.MersenneTwisterTest#testNextLongNegativeRange,69.000000
1905,org.apache.commons.math3.distribution.TDistributionTest#testIsSupportLowerBoundInclusive,26.000000
1906,org.apache.commons.math3.random.MersenneTwisterTest#testNextIntNegativeToPositiveRange,72.000000
1907,org.apache.commons.math3.distribution.TDistributionTest#testCumulativeProbabilities,49.000000
1908,org.apache.commons.math3.random.MersenneTwisterTest#testNextGaussian,81.000000
1909,org.apache.commons.math3.distribution.WeibullDistributionTest#testIsSupportLowerBoundInclusive,23.000000
1910,org.apache.commons.math3.random.MersenneTwisterTest#testNextPoissonConsistency,107.000000
1911,org.apache.commons.math3.distribution.ExponentialDistributionTest#testIsSupportLowerBoundInclusive,35.000000
1912,org.apache.commons.math3.random.MersenneTwisterTest#testNextLongNegativeToPositiveRange,69.000000
1913,org.apache.commons.math3.distribution.CauchyDistributionTest#testIsSupportLowerBoundInclusive,16.000000
1914,org.apache.commons.math3.random.MersenneTwisterTest#testNextUniformUniformMaximalInterval,69.000000
1915,org.apache.commons.math3.distribution.EnumeratedRealDistributionTest#testDensity,20.000000
1916,org.apache.commons.math3.random.MersenneTwisterTest#testNextExponential,88.000000
1917,org.apache.commons.math3.distribution.FDistributionTest#testIsSupportLowerBoundInclusive,33.000000
1918,org.apache.commons.math3.random.MersenneTwisterTest#testNextPoisson,94.000000
1919,org.apache.commons.math3.optim.PointValuePairTest#testSerial,8.000000
1920,org.apache.commons.math3.random.MersenneTwisterTest#testNextUniformUniformNegativeToPositiveBounds,69.000000
1921,org.apache.commons.math3.optim.univariate.SimpleUnivariateValueCheckerTest#testIterationCheckDisabled,9.000000
1922,org.apache.commons.math3.random.MersenneTwisterTest#testNextPermutation,64.000000
1923,org.apache.commons.math3.ode.nonstiff.ClassicalRungeKuttaIntegratorTest#testSanityChecks,33.000000
1924,org.apache.commons.math3.random.MersenneTwisterTest#testNextIntPositiveRange,72.000000
1925,org.apache.commons.math3.ode.nonstiff.DormandPrince853IntegratorTest#testDimensionCheck,31.000000
1926,org.apache.commons.math3.random.MersenneTwisterTest#testNextUniformUniformNegaiveBounds,69.000000
1927,org.apache.commons.math3.stat.correlation.StorelessCovarianceTest#testEquivalence,18.000000
1928,org.apache.commons.math3.random.MersenneTwisterTest#testNextBinomial,87.000000
1929,org.apache.commons.math3.stat.StatUtilsTest#testDifferenceStats,43.000000
1930,org.apache.commons.math3.random.MersenneTwisterTest#testNextIntNegativeRange,72.000000
1931,org.apache.commons.math3.stat.StatUtilsTest#testPercentile,32.000000
1932,org.apache.commons.math3.random.MersenneTwisterTest#testNextHex,67.000000
1933,org.apache.commons.math3.stat.StatUtilsTest#testMode,28.000000
1934,org.apache.commons.math3.random.MersenneTwisterTest#testNextLongPositiveRange,69.000000
1935,org.apache.commons.math3.stat.StatUtilsTest#testProduct,27.000000
1936,org.apache.commons.math3.random.MersenneTwisterTest#testNextCauchy,66.000000
1937,org.apache.commons.math3.stat.StatUtilsTest#testPopulationVariance,35.000000
1938,org.apache.commons.math3.random.MersenneTwisterTest#testNextUniformUniformPositiveBounds,69.000000
1939,org.apache.commons.math3.stat.inference.ChiSquareTestTest#testChiSquareDataSetsComparisonBadCounts,43.000000
1940,org.apache.commons.math3.random.MersenneTwisterTest#testNextWeibull,62.000000
1941,org.apache.commons.math3.stat.descriptive.moment.KurtosisTest#testConsistency,38.000000
1942,org.apache.commons.math3.random.MersenneTwisterTest#testNextZipf,83.000000
1943,org.apache.commons.math3.stat.descriptive.moment.GeometricMeanTest#testCopyConsistency,40.000000
1944,org.apache.commons.math3.random.Well1024aTest#testNextIntDirect,62.000000
1945,org.apache.commons.math3.stat.regression.SimpleRegressionTest#testRemoveMultipleToEmpty,7.000000
1946,org.apache.commons.math3.random.Well1024aTest#testNexBytes,58.000000
1947,org.apache.commons.math3.stat.FrequencyTest#testPcts,18.000000
1948,org.apache.commons.math3.random.Well1024aTest#testNextPascal,84.000000
1949,org.apache.commons.math3.ml.distance.ChebyshevDistanceTest#testZero,5.000000
1950,org.apache.commons.math3.random.Well1024aTest#testNextLongNegativeRange,69.000000
1951,org.apache.commons.math3.ml.distance.ManhattanDistanceTest#testZero,4.000000
1952,org.apache.commons.math3.random.Well1024aTest#testNextIntNegativeToPositiveRange,72.000000
1953,org.apache.commons.math3.genetics.GeneticAlgorithmTestBinary#test,48.000000
1954,org.apache.commons.math3.random.Well1024aTest#testNextGaussian,78.000000
1955,org.apache.commons.math3.genetics.ChromosomeTest#testFindSameChromosome,7.000000
1956,org.apache.commons.math3.random.Well1024aTest#testNextPoissonConsistency,107.000000
1957,org.apache.commons.math3.genetics.OrderedCrossoverTest#testCrossoverDimensionMismatchException,18.000000
1958,org.apache.commons.math3.random.Well1024aTest#testNextHypergeometric,81.000000
1959,org.apache.commons.math3.genetics.UniformCrossoverTest#testCrossoverDimensionMismatchException,18.000000
1960,org.apache.commons.math3.random.Well1024aTest#testNextLongNegativeToPositiveRange,69.000000
1961,org.apache.commons.math3.genetics.NPointCrossoverTest#testNumberIsTooLargeException,18.000000
1962,org.apache.commons.math3.random.Well1024aTest#testNextUniformUniformMaximalInterval,61.000000
1963,org.apache.commons.math3.geometry.euclidean.threed.LineTest#testRevert,16.000000
1964,org.apache.commons.math3.random.Well1024aTest#testNextPoisson,91.000000
1965,org.apache.commons.math3.geometry.euclidean.threed.Vector3DTest#testDistanceInf,7.000000
1966,org.apache.commons.math3.random.Well1024aTest#testNextUniformUniformNegativeToPositiveBounds,61.000000
1967,org.apache.commons.math3.geometry.euclidean.threed.Vector3DTest#testConstructors,20.000000
1968,org.apache.commons.math3.random.Well1024aTest#testNextPermutation,64.000000
1969,org.apache.commons.math3.geometry.euclidean.threed.Vector3DTest#testDistance1,6.000000
1970,org.apache.commons.math3.random.Well1024aTest#testNextIntPositiveRange,72.000000
1971,org.apache.commons.math3.geometry.euclidean.threed.Vector3DTest#testDistanceSq,6.000000
1972,org.apache.commons.math3.random.Well1024aTest#testNextUniformUniformNegaiveBounds,61.000000
1973,org.apache.commons.math3.geometry.euclidean.threed.FieldVector3DTest#testEquals,30.000000
1974,org.apache.commons.math3.random.Well1024aTest#testNextBinomial,87.000000
1975,org.apache.commons.math3.geometry.euclidean.threed.PlaneTest#testTranslate,24.000000
1976,org.apache.commons.math3.random.Well1024aTest#testNextIntNegativeRange,72.000000
1977,org.apache.commons.math3.geometry.euclidean.twod.SubLineTest#testIntersectionParallel,32.000000
1978,org.apache.commons.math3.random.Well1024aTest#testNextHex,67.000000
1979,org.apache.commons.math3.random.ValueServerTest#testProperties,14.000000
1980,org.apache.commons.math3.random.Well1024aTest#testNextLongPositiveRange,69.000000
1981,org.apache.commons.math3.random.ValueServerTest#testEmptyReplayFile,20.000000
1982,org.apache.commons.math3.random.Well1024aTest#testNextCauchy,63.000000
1983,org.apache.commons.math3.random.Well512aTest#testReferenceCode,18.000000
1984,org.apache.commons.math3.random.Well1024aTest#testNextUniformUniformPositiveBounds,61.000000
1985,org.apache.commons.math3.random.Well44497aTest#testReferenceCode,18.000000
1986,org.apache.commons.math3.random.Well1024aTest#testNextWeibull,59.000000
1987,org.apache.commons.math3.fraction.BigFractionTest#testAdd,19.000000
1988,org.apache.commons.math3.random.Well1024aTest#testNextZipf,72.000000
1989,org.apache.commons.math3.fraction.BigFractionTest#testPow,12.000000
1990,org.apache.commons.math3.fraction.BigFractionTest#testBigDecimalValue,8.000000
1991,org.apache.commons.math3.fraction.FractionFormatTest#testFormatImproperNegative,22.000000
1992,org.apache.commons.math3.fitting.HarmonicFitterTest#testMath844,11.000000
1993,org.apache.commons.math3.fitting.WeightedObservedPointsTest#testClear,5.000000
1994,org.apache.commons.math3.analysis.FunctionUtilsTest#testToMultivariateDifferentiableFunction,41.000000
1995,org.apache.commons.math3.analysis.FunctionUtilsTest#testSinc,16.000000
1996,org.apache.commons.math3.analysis.FunctionUtilsTest#testMultiply,18.000000
1997,org.apache.commons.math3.analysis.FunctionUtilsTest#testToUnivariateDifferential,38.000000
1998,org.apache.commons.math3.analysis.integration.gauss.LegendreHighPrecisionParametricTest#testAllMonomials[0],25.000000
1999,org.apache.commons.math3.analysis.integration.SimpsonIntegratorTest#testParameters,23.000000
2000,org.apache.commons.math3.analysis.solvers.PegasusSolverTest#testSolutionRightSide,43.000000
2001,org.apache.commons.math3.analysis.solvers.LaguerreSolverTest#testQuinticFunction2,43.000000
2002,org.apache.commons.math3.analysis.solvers.UnivariateSolverUtilsTest#testNullFunction,9.000000
2003,org.apache.commons.math3.analysis.function.SqrtTest#testComparison,3.000000
2004,org.apache.commons.math3.analysis.differentiation.FiniteDifferencesDifferentiatorTest#testSerialization,6.000000
2005,org.apache.commons.math3.analysis.differentiation.JacobianFunctionTest#testSphere,45.000000
2006,org.apache.commons.math3.analysis.differentiation.DerivativeStructureTest#testCosAcos,38.000000
2007,org.apache.commons.math3.analysis.differentiation.DerivativeStructureTest#testCbrtPow3,30.000000
2008,org.apache.commons.math3.analysis.differentiation.DerivativeStructureTest#testLinearCombinationDaFa,43.000000
2009,org.apache.commons.math3.analysis.differentiation.GradientFunctionTest#test3DDistance,38.000000
2010,org.apache.commons.math3.analysis.polynomials.PolynomialsUtilsTest#testLaguerreDifferentials,26.000000
2011,org.apache.commons.math3.analysis.polynomials.PolynomialsUtilsTest#testHermiteDifferentials,26.000000
2012,org.apache.commons.math3.analysis.interpolation.NevilleInterpolatorTest#testParameters,20.000000
2013,org.apache.commons.math3.util.CombinatoricsUtilsTest#testFactorialFail,18.000000
2014,org.apache.commons.math3.util.FastMathStrictComparisonTest#test1[42],2.000000
2015,org.apache.commons.math3.util.FastMathStrictComparisonTest#test1[52],2.000000
2016,org.apache.commons.math3.util.ArithmeticUtilsTest#testLcmLong,10.000000
2017,org.apache.commons.math3.util.BigRealTest#testNegate,5.000000
2018,org.apache.commons.math3.util.Decimal64Test#testAdd,3.000000
2019,org.apache.commons.math3.util.PrecisionTest#testRoundDouble,2.000000
2020,org.apache.commons.math3.util.TransformerMapTest#testPutTransformer,5.000000
2021,org.apache.commons.math3.complex.ComplexTest#testTanhInf,6.000000
2022,org.apache.commons.math3.complex.ComplexTest#testConjugateNaN,3.000000
2023,org.apache.commons.math3.complex.ComplexTest#testNthRoot_normal_fourthRoot,31.000000
2024,org.apache.commons.math3.complex.QuaternionTest#testSubtractQuaternionQuaternion,7.000000
2025,org.apache.commons.math3.complex.QuaternionTest#testObjectEquals,8.000000
2026,org.apache.commons.math3.complex.QuaternionTest#testDotProductQuaternionQuaternion,7.000000
2027,org.apache.commons.math3.complex.QuaternionTest#testAddQuaternionQuaternion,7.000000
2028,org.apache.commons.math3.optimization.fitting.HarmonicFitterTest#testPreconditions1,19.000000
2029,org.apache.commons.math3.optimization.SimplePointCheckerTest#testIterationCheck,3.000000
2030,org.apache.commons.math3.optimization.SimpleValueCheckerTest#testIterationCheck,3.000000
2031,org.apache.commons.math3.linear.MatrixUtilsTest#testCreateRowFieldMatrix,51.000000
2032,org.apache.commons.math3.linear.SymmLQTest#testDimensionMismatchRightHandSide,37.000000
2033,org.apache.commons.math3.linear.BlockFieldMatrixTest#testOperatePremultiplyLarge,34.000000
2034,org.apache.commons.math3.linear.BlockFieldMatrixTest#testOperate,42.000000
2035,org.apache.commons.math3.linear.SparseRealMatrixTest#testOperate,50.000000
2036,org.apache.commons.math3.linear.SparseRealMatrixTest#testPlusMinus,64.000000
2037,org.apache.commons.math3.linear.SparseRealMatrixTest#testEqualsAndHashCode,46.000000
2038,org.apache.commons.math3.linear.FrenchRealVectorFormatTest#testParseSimpleWithDecimals,18.000000
2039,org.apache.commons.math3.linear.SingularValueDecompositionTest#testRank,29.000000
2040,org.apache.commons.math3.linear.BlockRealMatrixTest#testOperatePremultiplyLarge,25.000000
2041,org.apache.commons.math3.linear.BlockRealMatrixTest#testGetSetRowMatrixLarge,25.000000
2042,org.apache.commons.math3.linear.BlockRealMatrixTest#testGetSetMatrixLarge,30.000000
2043,org.apache.commons.math3.linear.BlockRealMatrixTest#testOperateLarge,26.000000
2044,org.apache.commons.math3.linear.RealVectorTest#testWalkInOptimizedOrderChangingVisitor1,4.000000
2045,org.apache.commons.math3.linear.RealVectorTest#testCombineMixedTypes,6.000000
2046,org.apache.commons.math3.linear.RealVectorTest#testWalkInOptimizedOrderPreservingVisitor1,4.000000
2047,org.apache.commons.math3.linear.RealVectorTest#testWalkInOptimizedOrderPreservingVisitor2,12.000000
2048,org.apache.commons.math3.linear.Array2DRowRealMatrixTest#testSetColumnMatrix,36.000000
2049,org.apache.commons.math3.linear.LUSolverTest#testSolveSingularityErrors,46.000000
2050,org.apache.commons.math3.linear.DiagonalMatrixTest#testMultiply2,33.000000
2051,org.apache.commons.math3.linear.SparseRealVectorTest#testAddMixedTypes,33.000000
2052,org.apache.commons.math3.linear.SparseRealVectorTest#testSubtractSameType,42.000000
2053,org.apache.commons.math3.linear.SparseRealVectorTest#testGetLInfDistanceMixedTypes,33.000000
2054,org.apache.commons.math3.linear.SparseRealVectorTest#testGetDistanceSameType,33.000000
2055,org.apache.commons.math3.linear.SparseRealVectorTest#testGetL1DistanceSameType,32.000000
2056,org.apache.commons.math3.linear.SparseRealVectorTest#testUnitVectorNullVector,37.000000
2057,org.apache.commons.math3.linear.SparseRealVectorTest#testEquals,36.000000
2058,org.apache.commons.math3.linear.SparseRealVectorTest#testMapAdd,34.000000
2059,org.apache.commons.math3.linear.ArrayRealVectorTest#testWalkInOptimizedOrderChangingVisitor1,10.000000
2060,org.apache.commons.math3.linear.ArrayRealVectorTest#testWalkInOptimizedOrderChangingVisitor2,19.000000
2061,org.apache.commons.math3.linear.ArrayRealVectorTest#testCombineMixedTypes,16.000000
2062,org.apache.commons.math3.linear.ArrayRealVectorTest#testSetSubVectorInvalidIndex1,18.000000
2063,org.apache.commons.math3.linear.ArrayRealVectorTest#testUnitize,13.000000
2064,org.apache.commons.math3.linear.ArrayRealVectorTest#testMapAdd,13.000000
2065,org.apache.commons.math3.linear.ArrayRealVectorTest#testWalkInOptimizedOrderPreservingVisitor1,9.000000
2066,org.apache.commons.math3.linear.ArrayRealVectorTest#testWalkInOptimizedOrderPreservingVisitor2,19.000000
2067,org.apache.commons.math3.linear.RealMatrixFormatTest#testParseSimpleWithDecimals,28.000000
2068,org.apache.commons.math3.linear.UnmodifiableArrayRealVectorTest#testGetSubVector,13.000000
2069,org.apache.commons.math3.linear.FieldMatrixImplTest#testMath209,27.000000
2070,org.apache.commons.math3.linear.FieldMatrixImplTest#testSetColumnMatrix,40.000000
2071,org.apache.commons.math3.distribution.LevyDistributionTest#testIsSupportLowerBoundInclusive,16.000000
2072,org.apache.commons.math3.distribution.UniformRealDistributionTest#testMeanVariance,14.000000
2073,org.apache.commons.math3.distribution.UniformRealDistributionTest#testIsSupportUpperBoundInclusive,15.000000
2074,org.apache.commons.math3.distribution.BetaDistributionTest#testDensity,29.000000
2075,org.apache.commons.math3.distribution.TriangularDistributionTest#testMeanVariance,17.000000
2076,org.apache.commons.math3.distribution.TriangularDistributionTest#testIsSupportUpperBoundInclusive,18.000000
2077,org.apache.commons.math3.distribution.TDistributionTest#testIsSupportUpperBoundInclusive,26.000000
2078,org.apache.commons.math3.distribution.WeibullDistributionTest#testIsSupportUpperBoundInclusive,19.000000
2079,org.apache.commons.math3.distribution.ExponentialDistributionTest#testIsSupportUpperBoundInclusive,31.000000
2080,org.apache.commons.math3.distribution.LogNormalDistributionTest#testMeanVariance,22.000000
2081,org.apache.commons.math3.distribution.LogNormalDistributionTest#testInverseCumulativeProbabilityExtremes,17.000000
2082,org.apache.commons.math3.distribution.HypergeometricDistributionTest#testMath644,37.000000
2083,org.apache.commons.math3.distribution.CauchyDistributionTest#testMoments,15.000000
2084,org.apache.commons.math3.distribution.CauchyDistributionTest#testIsSupportUpperBoundInclusive,16.000000
2085,org.apache.commons.math3.distribution.ChiSquaredDistributionTest#testIsSupportUpperBoundInclusive,33.000000
2086,org.apache.commons.math3.distribution.EnumeratedRealDistributionTest#testIssue942,22.000000
2087,org.apache.commons.math3.distribution.NormalDistributionTest#testMoments,18.000000
2088,org.apache.commons.math3.distribution.NormalDistributionTest#testIsSupportLowerBoundInclusive,19.000000
2089,org.apache.commons.math3.distribution.NormalDistributionTest#testIsSupportUpperBoundInclusive,19.000000
2090,org.apache.commons.math3.distribution.ParetoDistributionTest#testMeanVariance,15.000000
2091,org.apache.commons.math3.distribution.ParetoDistributionTest#testInverseCumulativeProbabilityExtremes,16.000000
2092,org.apache.commons.math3.distribution.FDistributionTest#testIsSupportUpperBoundInclusive,33.000000
2093,org.apache.commons.math3.distribution.GammaDistributionTest#testParameterAccessors,27.000000
2094,org.apache.commons.math3.distribution.GammaDistributionTest#testMoments,27.000000
2095,org.apache.commons.math3.distribution.GammaDistributionTest#testInverseCumulativeProbabilityExtremes,28.000000
2096,org.apache.commons.math3.optim.SimplePointCheckerTest#testIterationCheck,3.000000
2097,org.apache.commons.math3.optim.SimpleValueCheckerTest#testIterationCheck,3.000000
2098,org.apache.commons.math3.special.GammaTest#testRegularizedGammaPositivePositive,18.000000
2099,org.apache.commons.math3.ode.FirstOrderConverterTest#testDoubleDimension,2.000000
2100,org.apache.commons.math3.ode.sampling.DummyStepInterpolatorTest#testSerialization,16.000000
2101,org.apache.commons.math3.ode.nonstiff.GillIntegratorTest#testDimensionCheck,24.000000
2102,org.apache.commons.math3.ode.nonstiff.ThreeEighthesIntegratorTest#testDimensionCheck,23.000000
2103,org.apache.commons.math3.ode.nonstiff.MidpointIntegratorTest#testDimensionCheck,23.000000
2104,org.apache.commons.math3.stat.ranking.NaturalRankingTest#testNaNsFixedTiesRandom,22.000000
2105,org.apache.commons.math3.stat.correlation.PearsonsCorrelationTest#testInsufficientData,26.000000
2106,org.apache.commons.math3.stat.clustering.KMeansPlusPlusClustererTest#testPerformClusterAnalysisDegenerate,19.000000
2107,org.apache.commons.math3.stat.inference.GTestTest#testBadAlpha,10.000000
2108,org.apache.commons.math3.stat.descriptive.moment.SemiVarianceTest#testInsufficientData,19.000000
2109,org.apache.commons.math3.stat.descriptive.moment.InteractionTest#testInteraction,21.000000
2110,org.apache.commons.math3.stat.descriptive.SynchronizedSummaryStatisticsTest#testStats,62.000000
2111,org.apache.commons.math3.stat.descriptive.StatisticalSummaryValuesTest#testSerialization,18.000000
2112,org.apache.commons.math3.stat.descriptive.summary.ProductTest#testWeightedConsistency,52.000000
2113,org.apache.commons.math3.stat.regression.MillerUpdatingRegressionTest#testOneRedundantColumn,28.000000
2114,org.apache.commons.math3.stat.regression.MillerUpdatingRegressionTest#testAddObsGetNClear,9.000000
2115,org.apache.commons.math3.ml.distance.EarthMoversDistanceTest#testZero2,3.000000
2116,org.apache.commons.math3.genetics.RandomKeyTest#testConstructor1,11.000000
2117,org.apache.commons.math3.genetics.RandomKeyTest#testComparatorPermutation,11.000000
2118,org.apache.commons.math3.genetics.FixedElapsedTimeTest#testIsSatisfied,3.000000
2119,org.apache.commons.math3.geometry.euclidean.threed.RotationTest#testArray,17.000000
2120,org.apache.commons.math3.geometry.euclidean.threed.FieldVector3DTest#testToString,33.000000
2121,org.apache.commons.math3.geometry.euclidean.twod.LineTest#testPointAt,28.000000
2122,org.apache.commons.math3.random.UniformRandomGeneratorTest#testMeanAndStandardDeviation,33.000000
2123,org.apache.commons.math3.random.UnitSphereRandomVectorGeneratorTest#test2DDistribution,8.000000
2124,org.apache.commons.math3.random.Well19937aTest#testReferenceCode,18.000000
2125,org.apache.commons.math3.random.StableRandomGeneratorTest#testGaussianCase,47.000000
2126,org.apache.commons.math3.random.Well1024aTest#testReferenceCode,18.000000
2127,org.apache.commons.math3.fraction.BigFractionTest#testFloatValueForLargeNumeratorAndDenominator,7.000000
2128,org.apache.commons.math3.fraction.BigFractionTest#testAbs,9.000000
2129,org.apache.commons.math3.exception.TooManyEvaluationsExceptionTest#testMessage,15.000000
2130,org.apache.commons.math3.exception.OutOfRangeExceptionTest#testAccessors,11.000000
2131,org.apache.commons.math3.exception.NotPositiveExceptionTest#testAccessors,12.000000
2132,org.apache.commons.math3.exception.NumberIsTooLargeExceptionTest#testAccessors,11.000000
2133,org.apache.commons.math3.analysis.integration.RombergIntegratorTest#testParameters,23.000000
2134,org.apache.commons.math3.analysis.integration.TrapezoidIntegratorTest#testParameters,23.000000
2135,org.apache.commons.math3.analysis.integration.TrapezoidIntegratorTest#testSinFunction,36.000000
2136,org.apache.commons.math3.analysis.integration.gauss.LegendreParametricTest#testAllMonomials[0],25.000000
2137,org.apache.commons.math3.analysis.integration.gauss.LegendreHighPrecisionTest#testCos,30.000000
2138,org.apache.commons.math3.analysis.integration.SimpsonIntegratorTest#testSinFunction,37.000000
2139,org.apache.commons.math3.analysis.integration.MidPointIntegratorTest#testParameters,23.000000
2140,org.apache.commons.math3.analysis.integration.MidPointIntegratorTest#testLowAccuracy,23.000000
2141,org.apache.commons.math3.analysis.solvers.BracketingNthOrderBrentSolverTest#testConvergenceOnFunctionAccuracy,31.000000
2142,org.apache.commons.math3.analysis.solvers.IllinoisSolverTest#testSolutionRightSide,43.000000
2143,org.apache.commons.math3.analysis.solvers.UnivariateSolverUtilsTest#testSolveNoRoot,40.000000
2144,org.apache.commons.math3.analysis.function.SincTest#testDerivatives1Dot2Unnormalized,33.000000
2145,org.apache.commons.math3.analysis.function.HarmonicOscillatorTest#testDerivative,37.000000
2146,org.apache.commons.math3.analysis.function.HarmonicOscillatorTest#testParametricUsage3,10.000000
2147,org.apache.commons.math3.analysis.function.SqrtTest#testDerivativeComparison,27.000000
2148,org.apache.commons.math3.analysis.function.LogisticTest#testParametricUsage1,10.000000
2149,org.apache.commons.math3.analysis.function.SigmoidTest#testParametricValue,12.000000
2150,org.apache.commons.math3.analysis.function.GaussianTest#testSomeValues,12.000000
2151,org.apache.commons.math3.analysis.function.GaussianTest#testParametricUsage4,10.000000
2152,org.apache.commons.math3.analysis.function.LogitTest#testParametricUsage3,10.000000
2153,org.apache.commons.math3.analysis.differentiation.DerivativeStructureTest#testLinearCombination1DSDS,36.000000
2154,org.apache.commons.math3.analysis.differentiation.DerivativeStructureTest#testLinearCombination2DSDS,45.000000
2155,org.apache.commons.math3.analysis.differentiation.DerivativeStructureTest#testLinearCombination2DoubleDS,44.000000
2156,org.apache.commons.math3.analysis.differentiation.DerivativeStructureTest#testCreateConstant,27.000000
2157,org.apache.commons.math3.analysis.differentiation.DerivativeStructureTest#testPrimitiveRemainder,27.000000
2158,org.apache.commons.math3.analysis.differentiation.DerivativeStructureTest#testCopySign,20.000000
2159,org.apache.commons.math3.analysis.differentiation.DerivativeStructureTest#testSignum,22.000000
2160,org.apache.commons.math3.analysis.differentiation.DerivativeStructureTest#testCopySignField,20.000000
2161,org.apache.commons.math3.analysis.polynomials.PolynomialFunctionTest#testfirstDerivativeComparison,7.000000
2162,org.apache.commons.math3.analysis.polynomials.PolynomialFunctionTest#testSerial,3.000000
2163,org.apache.commons.math3.analysis.polynomials.PolynomialsUtilsTest#testShift,15.000000
2164,org.apache.commons.math3.analysis.polynomials.PolynomialSplineFunctionTest#testIsValidPoint,20.000000
2165,org.apache.commons.math3.analysis.polynomials.PolynomialFunctionNewtonFormTest#testDerivative,33.000000
2166,org.apache.commons.math3.analysis.interpolation.BicubicSplineInterpolatingFunctionTest#testIsValidPoint,21.000000
2167,org.apache.commons.math3.analysis.interpolation.UnivariatePeriodicInterpolatorTest#testTooFewSamples,12.000000
2168,org.apache.commons.math3.analysis.interpolation.FieldHermiteInterpolatorTest#testEmptySampleDerivative,13.000000
2169,org.apache.commons.math3.util.IncrementorTest#testBulkIncrement,7.000000
2170,org.apache.commons.math3.util.IncrementorTest#testCanIncrement1,4.000000
2171,org.apache.commons.math3.util.OpenIntToDoubleHashMapTest#testPutAbsentOnExisting,18.000000
2172,org.apache.commons.math3.util.ContinuedFractionTest#testGoldenRatio,7.000000
2173,org.apache.commons.math3.util.CombinatoricsUtilsTest#testStirlingS2Overflow,9.000000
2174,org.apache.commons.math3.util.BigRealFieldTest#testZero,5.000000
2175,org.apache.commons.math3.util.BigRealFieldTest#testSerial,3.000000
2176,org.apache.commons.math3.util.DefaultTransformerTest#testTransformDouble,2.000000
2177,org.apache.commons.math3.util.MultidimensionalCounterTest#testAccessors,6.000000
2178,org.apache.commons.math3.util.FastMathStrictComparisonTest#test1[4],6.000000
2179,org.apache.commons.math3.util.FastMathStrictComparisonTest#test1[13],1.000000
2180,org.apache.commons.math3.util.FastMathStrictComparisonTest#test1[18],1.000000
2181,org.apache.commons.math3.util.FastMathStrictComparisonTest#test1[19],1.000000
2182,org.apache.commons.math3.util.FastMathStrictComparisonTest#test1[27],1.000000
2183,org.apache.commons.math3.util.FastMathStrictComparisonTest#test1[28],1.000000
2184,org.apache.commons.math3.util.FastMathStrictComparisonTest#test1[40],2.000000
2185,org.apache.commons.math3.util.ResizableDoubleArrayTest#testSubstitute,14.000000
2186,org.apache.commons.math3.util.ResizableDoubleArrayTest#testCompute,10.000000
2187,org.apache.commons.math3.util.ResizableDoubleArrayTest#testSetNumberOfElements,17.000000
2188,org.apache.commons.math3.util.ArithmeticUtilsTest#testLcm,11.000000
2189,org.apache.commons.math3.util.ArithmeticUtilsTest#testSubAndCheckLong,7.000000
2190,org.apache.commons.math3.util.ArithmeticUtilsTest#testSubAndCheckErrorMessage,11.000000
2191,org.apache.commons.math3.util.BigRealTest#testCompareTo,3.000000
2192,org.apache.commons.math3.util.BigRealTest#testBigDecimalValue,3.000000
2193,org.apache.commons.math3.util.BigRealTest#testDivisionByZero,7.000000
2194,org.apache.commons.math3.util.BigRealTest#testMultiply,5.000000
2195,org.apache.commons.math3.util.BigRealTest#testEqualsAndHashCode,4.000000
2196,org.apache.commons.math3.util.Decimal64Test#testSubtract,3.000000
2197,org.apache.commons.math3.util.Decimal64Test#testIsInfinite,2.000000
2198,org.apache.commons.math3.util.Decimal64Test#testIsNaN,2.000000
2199,org.apache.commons.math3.util.Decimal64Test#testReciprocal,3.000000
2200,org.apache.commons.math3.util.Decimal64Test#testDivide,3.000000
2201,org.apache.commons.math3.util.Decimal64Test#testMultiply,3.000000
2202,org.apache.commons.math3.util.Decimal64Test#testNegate,3.000000
2203,org.apache.commons.math3.util.Decimal64Test#testRemainderDouble,5.000000
2204,org.apache.commons.math3.util.Decimal64Test#testGetField,8.000000
2205,org.apache.commons.math3.util.Decimal64Test#testDivideDouble,4.000000
2206,org.apache.commons.math3.util.Decimal64Test#testAbs,4.000000
2207,org.apache.commons.math3.util.Decimal64Test#testCos,9.000000
2208,org.apache.commons.math3.util.Decimal64Test#testExp,10.000000
2209,org.apache.commons.math3.util.Decimal64Test#testLog,7.000000
2210,org.apache.commons.math3.util.Decimal64Test#testSin,8.000000
2211,org.apache.commons.math3.util.Decimal64Test#testTan,8.000000
2212,org.apache.commons.math3.util.Decimal64Test#testAcosh,9.000000
2213,org.apache.commons.math3.util.Decimal64Test#testAsinh,9.000000
2214,org.apache.commons.math3.util.Decimal64Test#testAtan2,7.000000
2215,org.apache.commons.math3.util.Decimal64Test#testAtanh,8.000000
2216,org.apache.commons.math3.util.Decimal64Test#testExpm1,8.000000
2217,org.apache.commons.math3.util.Decimal64Test#testFloor,5.000000
2218,org.apache.commons.math3.util.Decimal64Test#testHypot,8.000000
2219,org.apache.commons.math3.util.Decimal64Test#testLog1p,7.000000
2220,org.apache.commons.math3.util.Decimal64Test#testRootN,12.000000
2221,org.apache.commons.math3.util.Decimal64Test#testRound,4.000000
2222,org.apache.commons.math3.util.Decimal64Test#testScalb,5.000000
2223,org.apache.commons.math3.util.Decimal64Test#testAcos,8.000000
2224,org.apache.commons.math3.util.Decimal64Test#testAsin,7.000000
2225,org.apache.commons.math3.util.Decimal64Test#testAtan,6.000000
2226,org.apache.commons.math3.util.Decimal64Test#testCbrt,5.000000
2227,org.apache.commons.math3.util.Decimal64Test#testCeil,6.000000
2228,org.apache.commons.math3.util.Decimal64Test#testCosh,10.000000
2229,org.apache.commons.math3.util.Decimal64Test#testHash,2.000000
2230,org.apache.commons.math3.util.Decimal64Test#testRint,6.000000
2231,org.apache.commons.math3.util.Decimal64Test#testSinh,11.000000
2232,org.apache.commons.math3.util.Decimal64Test#testSqrt,5.000000
2233,org.apache.commons.math3.util.Decimal64Test#testTanh,11.000000
2234,org.apache.commons.math3.util.Decimal64Test#testMultiplyDouble,4.000000
2235,org.apache.commons.math3.util.Decimal64Test#testMultiplyInt,4.000000
2236,org.apache.commons.math3.util.Decimal64Test#testLinearCombinationFaFa,19.000000
2237,org.apache.commons.math3.util.Decimal64Test#testAddDouble,4.000000
2238,org.apache.commons.math3.util.Decimal64Test#testPowDouble,12.000000
2239,org.apache.commons.math3.util.Decimal64Test#testSubtractDouble,4.000000
2240,org.apache.commons.math3.util.Decimal64Test#testRemainderField,5.000000
2241,org.apache.commons.math3.util.Decimal64Test#testCopySignDouble,5.000000
2242,org.apache.commons.math3.util.Decimal64Test#testLinearCombinationDF2,19.000000
2243,org.apache.commons.math3.util.Decimal64Test#testLinearCombinationDF3,19.000000
2244,org.apache.commons.math3.util.Decimal64Test#testLinearCombinationDF4,19.000000
2245,org.apache.commons.math3.util.Decimal64Test#testLinearCombinationFF2,19.000000
2246,org.apache.commons.math3.util.Decimal64Test#testLinearCombinationFF3,19.000000
2247,org.apache.commons.math3.util.Decimal64Test#testLinearCombinationFF4,19.000000
2248,org.apache.commons.math3.util.Decimal64Test#testCopySignField,5.000000
2249,org.apache.commons.math3.util.Decimal64Test#testPowField,12.000000
2250,org.apache.commons.math3.util.Decimal64Test#testPowInt,5.000000
2251,org.apache.commons.math3.util.Decimal64Test#testSignum,5.000000
2252,org.apache.commons.math3.util.PairTest#testHashCode,2.000000
2253,org.apache.commons.math3.util.PairTest#testEquals,2.000000
2254,org.apache.commons.math3.util.OpenIntToFieldTest#testPutKeysWithCollision2,34.000000
2255,org.apache.commons.math3.util.OpenIntToFieldTest#testPutAndGetWithExpectedSize,30.000000
2256,org.apache.commons.math3.util.MathUtilsTest#testPermutedArrayHash,33.000000
2257,org.apache.commons.math3.util.MathUtilsTest#testCopySignByte,1.000000
2258,org.apache.commons.math3.util.MathUtilsTest#testCheckFinite,10.000000
2259,org.apache.commons.math3.util.MathUtilsTest#testSignLong,1.000000
2260,org.apache.commons.math3.util.MathUtilsTest#testIndicatorShort,1.000000
2261,org.apache.commons.math3.util.PrecisionTest#testRepresentableDelta,1.000000
2262,org.apache.commons.math3.util.PrecisionTest#testCompareToEpsilon,5.000000
2263,org.apache.commons.math3.util.PrecisionTest#testEqualsIncludingNaNWithAllowedUlps,6.000000
2264,org.apache.commons.math3.util.PrecisionTest#testEqualsWithRelativeTolerance,5.000000
2265,org.apache.commons.math3.util.PrecisionTest#testFloatEqualsWithAllowedUlps,5.000000
2266,org.apache.commons.math3.util.MathArraysTest#testEbeMultiplyPrecondition,9.000000
2267,org.apache.commons.math3.util.MathArraysTest#testScale,4.000000
2268,org.apache.commons.math3.util.MathArraysTest#testL1DistanceInt,2.000000
2269,org.apache.commons.math3.util.MathArraysTest#testEbeDivide,1.000000
2270,org.apache.commons.math3.util.MathArraysTest#testIsMonotonic,4.000000
2271,org.apache.commons.math3.util.MathArraysTest#testArrayEqualsIncludingNaN,5.000000
2272,org.apache.commons.math3.util.MathArraysTest#testIsMonotonicComparable,3.000000
2273,org.apache.commons.math3.util.MathArraysTest#testConvolve,12.000000
2274,org.apache.commons.math3.util.MathArraysTest#testLInfDistanceInt,3.000000
2275,org.apache.commons.math3.util.MathArraysTest#testCheckNonNegative2D,10.000000
2276,org.apache.commons.math3.util.MathArraysTest#testEbeAddPrecondition,9.000000
2277,org.apache.commons.math3.util.MathArraysTest#testEbeSubtract,1.000000
2278,org.apache.commons.math3.util.MathArraysTest#testSortInPlaceDecresasingOrder,6.000000
2279,org.apache.commons.math3.util.MathArraysTest#testCheckRectangular,11.000000
2280,org.apache.commons.math3.util.TransformerMapTest#testClear,5.000000
2281,org.apache.commons.math3.util.TransformerMapTest#testTransformers,4.000000
2282,org.apache.commons.math3.util.TransformerMapTest#testClasses,4.000000
2283,org.apache.commons.math3.util.TransformerMapTest#testSerial,5.000000
2284,org.apache.commons.math3.complex.ComplexFormatTest#testFormatNumber,13.000000
2285,org.apache.commons.math3.complex.ComplexFieldTest#testZero,5.000000
2286,org.apache.commons.math3.complex.ComplexFieldTest#testSerial,3.000000
2287,org.apache.commons.math3.complex.ComplexUtilsTest#testPolar2ComplexInf,14.000000
2288,org.apache.commons.math3.complex.ComplexTest#testReciprocalReal,5.000000
2289,org.apache.commons.math3.complex.ComplexTest#testScalarDivideInf,10.000000
2290,org.apache.commons.math3.complex.ComplexTest#testCos,22.000000
2291,org.apache.commons.math3.complex.ComplexTest#testSin,22.000000
2292,org.apache.commons.math3.complex.ComplexTest#testTan,22.000000
2293,org.apache.commons.math3.complex.ComplexTest#testScalarAdd,9.000000
2294,org.apache.commons.math3.complex.ComplexTest#testAtanI,14.000000
2295,org.apache.commons.math3.complex.ComplexTest#testAsin,23.000000
2296,org.apache.commons.math3.complex.ComplexTest#testCosh,22.000000
2297,org.apache.commons.math3.complex.ComplexTest#testSinh,22.000000
2298,org.apache.commons.math3.complex.ComplexTest#testScalarMultiply,8.000000
2299,org.apache.commons.math3.complex.ComplexTest#testScalarSubtractInf,9.000000
2300,org.apache.commons.math3.complex.ComplexTest#testHashCode,3.000000
2301,org.apache.commons.math3.complex.ComplexTest#testSerial,8.000000
2302,org.apache.commons.math3.complex.QuaternionTest#testGetInverse,14.000000
2303,org.apache.commons.math3.complex.QuaternionTest#testToString,2.000000
2304,org.apache.commons.math3.complex.QuaternionTest#testQuaternionEquals2,10.000000
2305,org.apache.commons.math3.complex.QuaternionTest#testScalarMultiplyDouble,6.000000
2306,org.apache.commons.math3.optimization.SimpleVectorValueCheckerTest#testIterationCheck,3.000000
2307,org.apache.commons.math3.optimization.SimplePointCheckerTest#testIterationCheckDisabled,11.000000
2308,org.apache.commons.math3.optimization.direct.PowellOptimizerTest#testRelativeToleranceOnScaledValues,69.000000
2309,org.apache.commons.math3.optimization.SimpleValueCheckerTest#testIterationCheckDisabled,11.000000
2310,org.apache.commons.math3.optimization.univariate.SimpleUnivariateValueCheckerTest#testIterationCheck,3.000000
2311,org.apache.commons.math3.optimization.univariate.BrentOptimizerTest#testSinMin,56.000000
2312,org.apache.commons.math3.linear.MatrixUtilsTest#testCreateRowRealMatrix,46.000000
2313,org.apache.commons.math3.linear.MatrixUtilsTest#testcreateFieldMatrix,50.000000
2314,org.apache.commons.math3.linear.MatrixUtilsTest#testIsSymmetricTolerance,30.000000
2315,org.apache.commons.math3.linear.MatrixUtilsTest#testSolveUpperTriangularSystem,38.000000
2316,org.apache.commons.math3.linear.MatrixUtilsTest#testCreateColumnRealMatrix,46.000000
2317,org.apache.commons.math3.linear.MatrixUtilsTest#testCreateColumnFieldMatrix,51.000000
2318,org.apache.commons.math3.linear.MatrixUtilsTest#testSolveLowerTriangularSystem,38.000000
2319,org.apache.commons.math3.linear.SymmLQTest#testMismatchedOperatorDimensions,36.000000
2320,org.apache.commons.math3.linear.SparseFieldVectorTest#testMisc,39.000000
2321,org.apache.commons.math3.linear.SparseFieldVectorTest#testPredicates,38.000000
2322,org.apache.commons.math3.linear.BlockFieldMatrixTest#testGetSetColumnLarge,26.000000
2323,org.apache.commons.math3.linear.BlockFieldMatrixTest#testTrace,39.000000
2324,org.apache.commons.math3.linear.BlockFieldMatrixTest#testGetSetMatrixLarge,35.000000
2325,org.apache.commons.math3.linear.BlockFieldMatrixTest#testPlusMinus,51.000000
2326,org.apache.commons.math3.linear.BlockFieldMatrixTest#testGetSubMatrix,51.000000
2327,org.apache.commons.math3.linear.BlockFieldMatrixTest#testEqualsAndHashCode,34.000000
2328,org.apache.commons.math3.linear.BlockFieldMatrixTest#testSerial,28.000000
2329,org.apache.commons.math3.linear.BlockFieldMatrixTest#testPremultiply,47.000000
2330,org.apache.commons.math3.linear.FieldLUDecompositionTest#testMatricesValues1,42.000000
2331,org.apache.commons.math3.linear.CholeskySolverTest#testDeterminant,26.000000
2332,org.apache.commons.math3.linear.SparseRealMatrixTest#testAddFail,38.000000
2333,org.apache.commons.math3.linear.SparseRealMatrixTest#testScalarAdd,55.000000
2334,org.apache.commons.math3.linear.SparseRealMatrixTest#testTrace,40.000000
2335,org.apache.commons.math3.linear.SparseRealMatrixTest#testPremultiplyVector,47.000000
2336,org.apache.commons.math3.linear.SparseRealMatrixTest#testSerial,34.000000
2337,org.apache.commons.math3.linear.SparseRealMatrixTest#testPremultiply,67.000000
2338,org.apache.commons.math3.linear.SparseRealMatrixTest#testSetSubMatrix,50.000000
2339,org.apache.commons.math3.linear.LUDecompositionTest#testSingular,26.000000
2340,org.apache.commons.math3.linear.FrenchRealVectorFormatTest#testConstructorSingleFormat,5.000000
2341,org.apache.commons.math3.linear.SchurTransformerTest#testNonSquare,27.000000
2342,org.apache.commons.math3.linear.FieldLUSolverTest#testDeterminant,34.000000
2343,org.apache.commons.math3.linear.SingularValueDecompositionTest#testConditionNumber,29.000000
2344,org.apache.commons.math3.linear.SingularValueDecompositionTest#testInverseConditionNumber,29.000000
2345,org.apache.commons.math3.linear.SingularValueDecompositionTest#testIssue947,28.000000
2346,org.apache.commons.math3.linear.ConjugateGradientTest#testDimensionMismatchRightHandSide,38.000000
2347,org.apache.commons.math3.linear.ArrayFieldVectorTest#testMisc,23.000000
2348,org.apache.commons.math3.linear.ArrayFieldVectorTest#testSerial,15.000000
2349,org.apache.commons.math3.linear.BlockRealMatrixTest#testFrobeniusNorm,15.000000
2350,org.apache.commons.math3.linear.BlockRealMatrixTest#testPlusMinus,37.000000
2351,org.apache.commons.math3.linear.BlockRealMatrixTest#testCopySubMatrix,42.000000
2352,org.apache.commons.math3.linear.BlockRealMatrixTest#testEqualsAndHashCode,29.000000
2353,org.apache.commons.math3.linear.SparseFieldMatrixTest#testOperate,62.000000
2354,org.apache.commons.math3.linear.SparseFieldMatrixTest#testExamples,78.000000
2355,org.apache.commons.math3.linear.SparseFieldMatrixTest#testScalarAdd,46.000000
2356,org.apache.commons.math3.linear.SparseFieldMatrixTest#testPremultiplyVector,60.000000
2357,org.apache.commons.math3.linear.SparseFieldMatrixTest#testSetSubMatrix,56.000000
2358,org.apache.commons.math3.linear.RealVectorTest#testOuterProductMixedTypes,21.000000
2359,org.apache.commons.math3.linear.RealVectorTest#testToArray,3.000000
2360,org.apache.commons.math3.linear.RealVectorTest#testSubtractSameType,20.000000
2361,org.apache.commons.math3.linear.RealVectorTest#testSet,10.000000
2362,org.apache.commons.math3.linear.RealVectorTest#testGetL1DistanceDimensionMismatch,12.000000
2363,org.apache.commons.math3.linear.RealVectorTest#testAddToEntry,6.000000
2364,org.apache.commons.math3.linear.RealVectorTest#testGetDistanceDimensionMismatch,12.000000
2365,org.apache.commons.math3.linear.RealVectorTest#testIterator,16.000000
2366,org.apache.commons.math3.linear.Array2DRowRealMatrixTest#testOperate,36.000000
2367,org.apache.commons.math3.linear.Array2DRowRealMatrixTest#testAddFail,25.000000
2368,org.apache.commons.math3.linear.Array2DRowRealMatrixTest#testSetRowMatrix,36.000000
2369,org.apache.commons.math3.linear.Array2DRowRealMatrixTest#testGetSubMatrix,44.000000
2370,org.apache.commons.math3.linear.Array2DRowRealMatrixTest#testSetColumn,32.000000
2371,org.apache.commons.math3.linear.Array2DRowRealMatrixTest#testSetRow,32.000000
2372,org.apache.commons.math3.linear.Array2DRowRealMatrixTest#testSetColumnVector,44.000000
2373,org.apache.commons.math3.linear.LUSolverTest#testDeterminant,24.000000
2374,org.apache.commons.math3.linear.DiagonalMatrixTest#testAdd,21.000000
2375,org.apache.commons.math3.linear.DiagonalMatrixTest#testSubtract,21.000000
2376,org.apache.commons.math3.linear.DiagonalMatrixTest#testCreateError,18.000000
2377,org.apache.commons.math3.linear.DiagonalMatrixTest#testCopy,20.000000
2378,org.apache.commons.math3.linear.DiagonalMatrixTest#testMultiplyNonDiagonalZero,18.000000
2379,org.apache.commons.math3.linear.DiagonalMatrixTest#testAddToEntry,20.000000
2380,org.apache.commons.math3.linear.SparseRealVectorTest#testAppendScalar,26.000000
2381,org.apache.commons.math3.linear.SparseRealVectorTest#testToArray,23.000000
2382,org.apache.commons.math3.linear.SparseRealVectorTest#testSet,29.000000
2383,org.apache.commons.math3.linear.SparseRealVectorTest#testSetSubVectorInvalidIndex1,21.000000
2384,org.apache.commons.math3.linear.SparseRealVectorTest#testGetLInfNorm,30.000000
2385,org.apache.commons.math3.linear.SparseRealVectorTest#testAddSameType,43.000000
2386,org.apache.commons.math3.linear.SparseRealVectorTest#testGetL1Norm,29.000000
2387,org.apache.commons.math3.linear.SparseRealVectorTest#testGetLInfDistanceSameType,33.000000
2388,org.apache.commons.math3.linear.ArrayRealVectorTest#testPredicates,10.000000
2389,org.apache.commons.math3.linear.ArrayRealVectorTest#testAddMixedTypes,19.000000
2390,org.apache.commons.math3.linear.ArrayRealVectorTest#testProjectionSameType,16.000000
2391,org.apache.commons.math3.linear.ArrayRealVectorTest#testAppendScalar,10.000000
2392,org.apache.commons.math3.linear.ArrayRealVectorTest#testOuterProductMixedTypes,27.000000
2393,org.apache.commons.math3.linear.ArrayRealVectorTest#testAppendVector,13.000000
2394,org.apache.commons.math3.linear.ArrayRealVectorTest#testSubtractSameType,11.000000
2395,org.apache.commons.math3.linear.ArrayRealVectorTest#testIsInfinite,10.000000
2396,org.apache.commons.math3.linear.ArrayRealVectorTest#testGetLInfDistanceMixedTypes,13.000000
2397,org.apache.commons.math3.linear.ArrayRealVectorTest#testGetL1DistanceDimensionMismatch,18.000000
2398,org.apache.commons.math3.linear.ArrayRealVectorTest#testMapSubtractToSelf,10.000000
2399,org.apache.commons.math3.linear.ArrayRealVectorTest#testGetLInfNorm,10.000000
2400,org.apache.commons.math3.linear.ArrayRealVectorTest#testAddToEntry,14.000000
2401,org.apache.commons.math3.linear.ArrayRealVectorTest#testGetDistanceDimensionMismatch,18.000000
2402,org.apache.commons.math3.linear.ArrayRealVectorTest#testGetL1Norm,9.000000
2403,org.apache.commons.math3.linear.RealMatrixFormatTest#testDefaultFormat,25.000000
2404,org.apache.commons.math3.linear.UnmodifiableArrayRealVectorTest#testSetSubVector,17.000000
2405,org.apache.commons.math3.linear.UnmodifiableArrayRealVectorTest#testGetEntry,11.000000
2406,org.apache.commons.math3.linear.UnmodifiableArrayRealVectorTest#testAddToEntry,16.000000
2407,org.apache.commons.math3.linear.UnmodifiableArrayRealVectorTest#testSetEntry,16.000000
2408,org.apache.commons.math3.linear.FieldMatrixImplTest#testAddFail,29.000000
2409,org.apache.commons.math3.linear.FieldMatrixImplTest#testSetRowMatrix,40.000000
2410,org.apache.commons.math3.linear.FieldMatrixImplTest#testPlusMinus,51.000000
2411,org.apache.commons.math3.linear.FieldMatrixImplTest#testPremultiplyVector,40.000000
2412,org.apache.commons.math3.linear.FieldMatrixImplTest#testSetColumn,37.000000
2413,org.apache.commons.math3.linear.FieldMatrixImplTest#testMultiply,42.000000
2414,org.apache.commons.math3.linear.FieldMatrixImplTest#testSetRow,37.000000
2415,org.apache.commons.math3.linear.FieldMatrixImplTest#testSetColumnVector,45.000000
2416,org.apache.commons.math3.linear.CholeskyDecompositionTest#testMath274,35.000000
2417,org.apache.commons.math3.distribution.LevyDistributionTest#testParameters,12.000000
2418,org.apache.commons.math3.distribution.LevyDistributionTest#testCumulativeProbabilities,45.000000
2419,org.apache.commons.math3.distribution.LevyDistributionTest#testIsSupportUpperBoundInclusive,20.000000
2420,org.apache.commons.math3.distribution.UniformRealDistributionTest#testInverseCumulativeDistribution,13.000000
2421,org.apache.commons.math3.distribution.UniformRealDistributionTest#testCumulativeProbabilities,22.000000
2422,org.apache.commons.math3.distribution.TriangularDistributionTest#testInverseCumulativeProbabilities,17.000000
2423,org.apache.commons.math3.distribution.TriangularDistributionTest#testCumulativeProbabilities,25.000000
2424,org.apache.commons.math3.distribution.WeibullDistributionTest#testInverseCumulativeProbabilityExtremes,14.000000
2425,org.apache.commons.math3.distribution.WeibullDistributionTest#testCumulativeProbabilities,32.000000
2426,org.apache.commons.math3.distribution.fitting.MultivariateNormalMixtureExpectationMaximizationTest#testNonJaggedData,11.000000
2427,org.apache.commons.math3.distribution.ExponentialDistributionTest#testCumulativeProbability2,35.000000
2428,org.apache.commons.math3.distribution.ExponentialDistributionTest#testInverseCumulativeProbabilityExtremes,27.000000
2429,org.apache.commons.math3.distribution.ExponentialDistributionTest#testDistributionClone,36.000000
2430,org.apache.commons.math3.distribution.LogNormalDistributionTest#testIsSupportLowerBoundInclusive,17.000000
2431,org.apache.commons.math3.distribution.LogNormalDistributionTest#testDistributionClone,40.000000
2432,org.apache.commons.math3.distribution.LogNormalDistributionTest#testIsSupportUpperBoundInclusive,21.000000
2433,org.apache.commons.math3.distribution.HypergeometricDistributionTest#testIllegalArguments,23.000000
2434,org.apache.commons.math3.distribution.UniformIntegerDistributionTest#testDensities,13.000000
2435,org.apache.commons.math3.distribution.BinomialDistributionTest#testDegenerate0,52.000000
2436,org.apache.commons.math3.distribution.CauchyDistributionTest#testScale,14.000000
2437,org.apache.commons.math3.distribution.CauchyDistributionTest#testMedian,14.000000
2438,org.apache.commons.math3.distribution.CauchyDistributionTest#testCumulativeProbabilities,25.000000
2439,org.apache.commons.math3.distribution.PoissonDistributionTest#testNormalApproximateProbability,56.000000
2440,org.apache.commons.math3.distribution.PoissonDistributionTest#testDensities,49.000000
2441,org.apache.commons.math3.distribution.ZipfDistributionTest#testDensities,22.000000
2442,org.apache.commons.math3.distribution.EnumeratedRealDistributionTest#testIsSupportLowerBoundInclusive,18.000000
2443,org.apache.commons.math3.distribution.EnumeratedRealDistributionTest#testGetSupportUpperBound,19.000000
2444,org.apache.commons.math3.distribution.EnumeratedRealDistributionTest#testCumulativeProbability,19.000000
2445,org.apache.commons.math3.distribution.EnumeratedRealDistributionTest#testIsSupportUpperBoundInclusive,18.000000
2446,org.apache.commons.math3.distribution.EnumeratedRealDistributionTest#testGetSupportLowerBound,19.000000
2447,org.apache.commons.math3.distribution.EnumeratedRealDistributionTest#testIsSupportConnected,18.000000
2448,org.apache.commons.math3.distribution.NormalDistributionTest#testMath280,19.000000
2449,org.apache.commons.math3.distribution.ParetoDistributionTest#testIsSupportLowerBoundInclusive,24.000000
2450,org.apache.commons.math3.distribution.ParetoDistributionTest#testDistributionClone,31.000000
2451,org.apache.commons.math3.distribution.ParetoDistributionTest#testIsSupportUpperBoundInclusive,24.000000
2452,org.apache.commons.math3.distribution.FDistributionTest#testCumulativeProbabilityExtremes,23.000000
2453,org.apache.commons.math3.distribution.GammaDistributionTest#testMath753Shape100,67.000000
2454,org.apache.commons.math3.distribution.GammaDistributionTest#testIsSupportLowerBoundInclusive,28.000000
2455,org.apache.commons.math3.distribution.GammaDistributionTest#testDistributionClone,42.000000
2456,org.apache.commons.math3.distribution.GammaDistributionTest#testIsSupportUpperBoundInclusive,29.000000
2457,org.apache.commons.math3.distribution.EnumeratedIntegerDistributionTest#testProbability,19.000000
2458,org.apache.commons.math3.distribution.EnumeratedIntegerDistributionTest#testGetSupportUpperBound,19.000000
2459,org.apache.commons.math3.distribution.EnumeratedIntegerDistributionTest#testCumulativeProbability,19.000000
2460,org.apache.commons.math3.distribution.EnumeratedIntegerDistributionTest#testGetSupportLowerBound,19.000000
2461,org.apache.commons.math3.distribution.EnumeratedIntegerDistributionTest#testIsSupportConnected,18.000000
2462,org.apache.commons.math3.distribution.GeometricDistributionTest#testDensities,14.000000
2463,org.apache.commons.math3.optim.SimpleVectorValueCheckerTest#testIterationCheck,3.000000
2464,org.apache.commons.math3.optim.SimplePointCheckerTest#testIterationCheckDisabled,11.000000
2465,org.apache.commons.math3.optim.univariate.SimpleUnivariateValueCheckerTest#testIterationCheck,3.000000
2466,org.apache.commons.math3.special.GammaTest#testTrigamma,4.000000
2467,org.apache.commons.math3.special.GammaTest#testDigammaLargeArgs,4.000000
2468,org.apache.commons.math3.ode.nonstiff.EulerIntegratorTest#testDimensionCheck,23.000000
2469,org.apache.commons.math3.ode.events.EventFilterTest#testHistoryDecreasingBackward,33.000000
2470,org.apache.commons.math3.stat.ranking.NaturalRankingTest#testNaNsMinimalTiesAverage,15.000000
2471,org.apache.commons.math3.stat.correlation.SpearmansRankCorrelationTest#testConstant,28.000000
2472,org.apache.commons.math3.stat.clustering.EuclideanDoublePointTest#testCentroid,3.000000
2473,org.apache.commons.math3.stat.clustering.KMeansPlusPlusClustererTest#dimension2,28.000000
2474,org.apache.commons.math3.stat.clustering.DBSCANClustererTest#testSingleLink,17.000000
2475,org.apache.commons.math3.stat.clustering.DBSCANClustererTest#testGetMinPts,2.000000
2476,org.apache.commons.math3.stat.clustering.DBSCANClustererTest#testGetEps,2.000000
2477,org.apache.commons.math3.stat.StatUtilsTest#testArrayIndexConditions,28.000000
2478,org.apache.commons.math3.stat.StatUtilsTest#testMax,28.000000
2479,org.apache.commons.math3.stat.StatUtilsTest#testMin,28.000000
2480,org.apache.commons.math3.stat.StatUtilsTest#testSumSq,27.000000
2481,org.apache.commons.math3.stat.StatUtilsTest#testMean,27.000000
2482,org.apache.commons.math3.stat.StatUtilsTest#testVariance,33.000000
2483,org.apache.commons.math3.stat.descriptive.SummaryStatisticsTest#testOverrideGeoMeanWithMathClass,43.000000
2484,org.apache.commons.math3.stat.descriptive.SummaryStatisticsTest#testOverrideVarianceWithMathClass,42.000000
2485,org.apache.commons.math3.stat.descriptive.moment.SemiVarianceTest#testSingleUp,14.000000
2486,org.apache.commons.math3.stat.descriptive.moment.ThirdMomentTest#testMomentSmallSamples,10.000000
2487,org.apache.commons.math3.stat.descriptive.moment.StandardDeviationTest#testSerialization,29.000000
2488,org.apache.commons.math3.stat.descriptive.moment.StandardDeviationTest#testEvaluateArraySegment,21.000000
2489,org.apache.commons.math3.stat.descriptive.moment.MeanTest#testSerialization,21.000000
2490,org.apache.commons.math3.stat.descriptive.moment.MeanTest#testWeightedConsistency,52.000000
2491,org.apache.commons.math3.stat.descriptive.moment.FirstMomentTest#testSerialization,17.000000
2492,org.apache.commons.math3.stat.descriptive.moment.VectorialMeanTest#testBasicStats,13.000000
2493,org.apache.commons.math3.stat.descriptive.moment.VectorialMeanTest#testMismatch,16.000000
2494,org.apache.commons.math3.stat.descriptive.moment.VectorialMeanTest#testSerial,19.000000
2495,org.apache.commons.math3.stat.descriptive.moment.VectorialCovarianceTest#testBasicStats,23.000000
2496,org.apache.commons.math3.stat.descriptive.moment.VectorialCovarianceTest#testSerial,2.000000
2497,org.apache.commons.math3.stat.descriptive.StatisticalSummaryValuesTest#testToString,10.000000
2498,org.apache.commons.math3.stat.descriptive.rank.MinTest#testSerialization,17.000000
2499,org.apache.commons.math3.stat.descriptive.rank.MaxTest#testSerialization,17.000000
2500,org.apache.commons.math3.stat.descriptive.rank.PercentileTest#testSetQuantile,12.000000
2501,org.apache.commons.math3.stat.descriptive.summary.ProductTest#testSerialization,17.000000
2502,org.apache.commons.math3.stat.descriptive.summary.SumSqTest#testSerialization,17.000000
2503,org.apache.commons.math3.stat.regression.MillerUpdatingRegressionTest#testNegativeTestAddObs,14.000000
2504,org.apache.commons.math3.stat.regression.MillerUpdatingRegressionTest#testHasIntercept,3.000000
2505,org.apache.commons.math3.stat.regression.SimpleRegressionTest#testClear,10.000000
2506,org.apache.commons.math3.stat.regression.SimpleRegressionTest#testNaNs,19.000000
2507,org.apache.commons.math3.stat.regression.SimpleRegressionTest#testPerfect,47.000000
2508,org.apache.commons.math3.stat.regression.GLSMultipleLinearRegressionTest#testNewSampleInsufficientData,35.000000
2509,org.apache.commons.math3.stat.FrequencyTest#testToString,14.000000
2510,org.apache.commons.math3.stat.FrequencyTest#testSerial,6.000000
2511,org.apache.commons.math3.ml.distance.CanberraDistanceTest#testZero2,3.000000
2512,org.apache.commons.math3.ml.clustering.DBSCANClustererTest#testGetMinPts,5.000000
2513,org.apache.commons.math3.ml.clustering.DBSCANClustererTest#testGetEps,5.000000
2514,org.apache.commons.math3.genetics.RandomKeyTest#testIdentityPermutation,10.000000
2515,org.apache.commons.math3.genetics.RandomKeyTest#testIsSame,10.000000
2516,org.apache.commons.math3.genetics.BinaryChromosomeTest#testIsSame,8.000000
2517,org.apache.commons.math3.geometry.euclidean.threed.LineTest#testLineDistance,17.000000
2518,org.apache.commons.math3.geometry.euclidean.threed.LineTest#testSimilar,26.000000
2519,org.apache.commons.math3.geometry.euclidean.threed.RotationTest#testVectorOnePair,27.000000
2520,org.apache.commons.math3.geometry.euclidean.threed.RotationTest#testRevert,16.000000
2521,org.apache.commons.math3.geometry.euclidean.threed.Vector3DTest#testAdd,8.000000
2522,org.apache.commons.math3.geometry.euclidean.threed.Vector3DTest#testSubtract,8.000000
2523,org.apache.commons.math3.geometry.euclidean.threed.Vector3DTest#testAngular,13.000000
2524,org.apache.commons.math3.geometry.euclidean.threed.Vector3DTest#testHash,4.000000
2525,org.apache.commons.math3.geometry.euclidean.threed.Vector3DTest#testZero,4.000000
2526,org.apache.commons.math3.geometry.euclidean.threed.Vector3DTest#testInfinite,3.000000
2527,org.apache.commons.math3.geometry.euclidean.threed.SphericalCoordinatesTest#testGradient,57.000000
2528,org.apache.commons.math3.geometry.euclidean.threed.FrenchVector3DFormatTest#testConstructorSingleFormat,6.000000
2529,org.apache.commons.math3.geometry.euclidean.threed.FrenchVector3DFormatTest#testForgottenSeparator,13.000000
2530,org.apache.commons.math3.geometry.euclidean.threed.FieldVector3DTest#testCrossProductCancellation,41.000000
2531,org.apache.commons.math3.geometry.euclidean.threed.FieldVector3DTest#testNorm1,27.000000
2532,org.apache.commons.math3.geometry.euclidean.threed.FieldVector3DTest#testWrongDimension,24.000000
2533,org.apache.commons.math3.geometry.euclidean.threed.FieldVector3DTest#testScalarProduct,23.000000
2534,org.apache.commons.math3.geometry.euclidean.threed.FieldVector3DTest#testInfinite,19.000000
2535,org.apache.commons.math3.geometry.euclidean.threed.FieldVector3DTest#testCoordinates,28.000000
2536,org.apache.commons.math3.geometry.euclidean.threed.FieldVector3DTest#testNegate,25.000000
2537,org.apache.commons.math3.geometry.euclidean.threed.FieldVector3DTest#testNormSq,27.000000
2538,org.apache.commons.math3.geometry.euclidean.threed.SubLineTest#testNoEndPoints,35.000000
2539,org.apache.commons.math3.geometry.euclidean.threed.RotationOrderTest#testName,3.000000
2540,org.apache.commons.math3.geometry.euclidean.threed.PlaneTest#testPoint,17.000000
2541,org.apache.commons.math3.geometry.euclidean.threed.PlaneTest#testRotate,33.000000
2542,org.apache.commons.math3.geometry.euclidean.threed.PlaneTest#testSimilar,24.000000
2543,org.apache.commons.math3.geometry.euclidean.oned.IntervalTest#testInfinite,14.000000
2544,org.apache.commons.math3.geometry.euclidean.oned.IntervalsSetTest#testInterval,37.000000
2545,org.apache.commons.math3.geometry.euclidean.twod.SegmentTest#testDistance,25.000000
2546,org.apache.commons.math3.geometry.euclidean.twod.LineTest#testOriginOffset,23.000000
2547,org.apache.commons.math3.geometry.euclidean.twod.LineTest#testContains,21.000000
2548,org.apache.commons.math3.geometry.euclidean.twod.LineTest#testDistance,25.000000
2549,org.apache.commons.math3.geometry.euclidean.twod.LineTest#testParallel,24.000000
2550,org.apache.commons.math3.geometry.partitioning.utilities.AVLTreeTest#testNavigation,14.000000
2551,org.apache.commons.math3.random.Well19937cTest#testReferenceCode,18.000000
2552,org.apache.commons.math3.random.Well19937cTest#testSeeding,38.000000
2553,org.apache.commons.math3.random.Well19937cTest#testNextIntExtremeValues,22.000000
2554,org.apache.commons.math3.random.ValueServerTest#testNextDigestFail,18.000000
2555,org.apache.commons.math3.random.ISAACTest#testReference,25.000000
2556,org.apache.commons.math3.random.ISAACTest#testSeeding,45.000000
2557,org.apache.commons.math3.random.RandomDataGeneratorTest#testNextSecureIntIAE,26.000000
2558,org.apache.commons.math3.random.Well44497bTest#testReferenceCode,18.000000
2559,org.apache.commons.math3.random.SobolSequenceGeneratorTest#testConstructor2,13.000000
2560,org.apache.commons.math3.random.MersenneTwisterTest#testMakotoNishimura,20.000000
2561,org.apache.commons.math3.fraction.BigFractionFormatTest#testNumeratorFormat,12.000000
2562,org.apache.commons.math3.fraction.BigFractionFormatTest#testLongFormat,23.000000
2563,org.apache.commons.math3.fraction.BigFractionFormatTest#testDenominatorFormat,12.000000
2564,org.apache.commons.math3.fraction.BigFractionFormatTest#testDoubleFormat,23.000000
2565,org.apache.commons.math3.fraction.BigFractionTest#testPercentage,8.000000
2566,org.apache.commons.math3.fraction.BigFractionTest#testGetReducedFraction,15.000000
2567,org.apache.commons.math3.fraction.BigFractionTest#testCompareTo,7.000000
2568,org.apache.commons.math3.fraction.BigFractionTest#testLongValue,6.000000
2569,org.apache.commons.math3.fraction.BigFractionTest#testDigitLimitConstructor,12.000000
2570,org.apache.commons.math3.fraction.BigFractionTest#testIntValue,6.000000
2571,org.apache.commons.math3.fraction.BigFractionTest#testMultiply,16.000000
2572,org.apache.commons.math3.fraction.BigFractionTest#testEqualsAndHashCode,8.000000
2573,org.apache.commons.math3.fraction.BigFractionTest#testGoldenRatio,18.000000
2574,org.apache.commons.math3.fraction.FractionTest#testFloatValue,6.000000
2575,org.apache.commons.math3.fraction.FractionTest#testPercentage,6.000000
2576,org.apache.commons.math3.fraction.FractionTest#testAbs,8.000000
2577,org.apache.commons.math3.fraction.FractionTest#testAdd,19.000000
2578,org.apache.commons.math3.fraction.FractionTest#testSubtract,20.000000
2579,org.apache.commons.math3.fraction.FractionTest#testCompareTo,6.000000
2580,org.apache.commons.math3.fraction.FractionTest#testLongValue,6.000000
2581,org.apache.commons.math3.fraction.FractionTest#testDigitLimitConstructor,11.000000
2582,org.apache.commons.math3.fraction.FractionTest#testIntValue,6.000000
2583,org.apache.commons.math3.fraction.FractionTest#testDivide,20.000000
2584,org.apache.commons.math3.fraction.FractionTest#testMultiply,16.000000
2585,org.apache.commons.math3.fraction.BigFractionFieldTest#testSerial,3.000000
2586,org.apache.commons.math3.exception.util.ExceptionContextTest#testSerializeUnserializable,13.000000
2587,org.apache.commons.math3.exception.util.ExceptionContextTest#testMessageChain,7.000000
2588,org.apache.commons.math3.exception.util.LocalizedFormatsTest#testNoOpEnglishTranslation,3.000000
2589,org.apache.commons.math3.transform.FastFourierTransformerTest#testTransformFunctionNotStrictlyPositiveNumberOfSamples,14.000000
2590,org.apache.commons.math3.primes.PrimesTest#testIsPrime,2.000000
2591,org.apache.commons.math3.fitting.GaussianFitterTest#testFit02,24.000000
2592,org.apache.commons.math3.fitting.GaussianCurveFitterTest#testFit02,18.000000
2593,org.apache.commons.math3.fitting.WeightedObservedPointsTest#testAdd1,10.000000
2594,org.apache.commons.math3.fitting.WeightedObservedPointsTest#testAdd2,10.000000
2595,org.apache.commons.math3.fitting.WeightedObservedPointsTest#testAdd3,11.000000
2596,org.apache.commons.math3.fitting.WeightedObservedPointsTest#testToListCopy,5.000000
2597,org.apache.commons.math3.analysis.FunctionUtilsTest#testSampleNegativeNumberOfPoints,10.000000
2598,org.apache.commons.math3.analysis.FunctionUtilsTest#testSampleNullNumberOfPoints,10.000000
2599,org.apache.commons.math3.analysis.FunctionUtilsTest#testSampleWrongBounds,10.000000
2600,org.apache.commons.math3.analysis.FunctionUtilsTest#testCombine,12.000000
2601,org.apache.commons.math3.analysis.FunctionUtilsTest#testCompose,20.000000
2602,org.apache.commons.math3.analysis.FunctionUtilsTest#testSample,12.000000
2603,org.apache.commons.math3.analysis.integration.RombergIntegratorTest#testSinFunction,38.000000
2604,org.apache.commons.math3.analysis.integration.RombergIntegratorTest#testQuinticFunction,26.000000
2605,org.apache.commons.math3.analysis.integration.TrapezoidIntegratorTest#testQuinticFunction,25.000000
2606,org.apache.commons.math3.analysis.integration.gauss.GaussIntegratorTest#testIntegrate,11.000000
2607,org.apache.commons.math3.analysis.integration.gauss.GaussIntegratorTest#testGetPoints,10.000000
2608,org.apache.commons.math3.analysis.integration.gauss.GaussIntegratorTest#testGetWeights,10.000000
2609,org.apache.commons.math3.analysis.integration.gauss.HermiteParametricTest#testAllMonomials[0],28.000000
2610,org.apache.commons.math3.analysis.integration.gauss.HermiteParametricTest#testAllMonomials[2],37.000000
2611,org.apache.commons.math3.analysis.integration.gauss.HermiteParametricTest#testAllMonomials[3],37.000000
2612,org.apache.commons.math3.analysis.integration.gauss.HermiteParametricTest#testAllMonomials[4],37.000000
2613,org.apache.commons.math3.analysis.integration.gauss.HermiteParametricTest#testAllMonomials[5],37.000000
2614,org.apache.commons.math3.analysis.integration.gauss.HermiteParametricTest#testAllMonomials[6],37.000000
2615,org.apache.commons.math3.analysis.integration.gauss.HermiteParametricTest#testAllMonomials[7],37.000000
2616,org.apache.commons.math3.analysis.integration.gauss.HermiteParametricTest#testAllMonomials[8],37.000000
2617,org.apache.commons.math3.analysis.integration.gauss.HermiteParametricTest#testAllMonomials[9],37.000000
2618,org.apache.commons.math3.analysis.integration.gauss.HermiteParametricTest#testAllMonomials[10],37.000000
2619,org.apache.commons.math3.analysis.integration.gauss.HermiteParametricTest#testAllMonomials[11],37.000000
2620,org.apache.commons.math3.analysis.integration.gauss.HermiteParametricTest#testAllMonomials[12],37.000000
2621,org.apache.commons.math3.analysis.integration.gauss.HermiteParametricTest#testAllMonomials[13],37.000000
2622,org.apache.commons.math3.analysis.integration.gauss.HermiteParametricTest#testAllMonomials[14],37.000000
2623,org.apache.commons.math3.analysis.integration.gauss.HermiteParametricTest#testAllMonomials[15],37.000000
2624,org.apache.commons.math3.analysis.integration.gauss.HermiteParametricTest#testAllMonomials[16],37.000000
2625,org.apache.commons.math3.analysis.integration.gauss.HermiteParametricTest#testAllMonomials[17],37.000000
2626,org.apache.commons.math3.analysis.integration.gauss.HermiteParametricTest#testAllMonomials[18],37.000000
2627,org.apache.commons.math3.analysis.integration.gauss.HermiteParametricTest#testAllMonomials[19],37.000000
2628,org.apache.commons.math3.analysis.integration.gauss.HermiteParametricTest#testAllMonomials[20],37.000000
2629,org.apache.commons.math3.analysis.integration.gauss.HermiteParametricTest#testAllMonomials[21],37.000000
2630,org.apache.commons.math3.analysis.integration.gauss.HermiteParametricTest#testAllMonomials[22],37.000000
2631,org.apache.commons.math3.analysis.integration.gauss.HermiteParametricTest#testAllMonomials[23],37.000000
2632,org.apache.commons.math3.analysis.integration.gauss.HermiteParametricTest#testAllMonomials[24],37.000000
2633,org.apache.commons.math3.analysis.integration.gauss.HermiteParametricTest#testAllMonomials[25],37.000000
2634,org.apache.commons.math3.analysis.integration.gauss.HermiteParametricTest#testAllMonomials[26],37.000000
2635,org.apache.commons.math3.analysis.integration.gauss.HermiteParametricTest#testAllMonomials[27],37.000000
2636,org.apache.commons.math3.analysis.integration.gauss.HermiteParametricTest#testAllMonomials[28],37.000000
2637,org.apache.commons.math3.analysis.integration.gauss.HermiteParametricTest#testAllMonomials[29],37.000000
2638,org.apache.commons.math3.analysis.integration.gauss.HermiteTest#testNormalMean,27.000000
2639,org.apache.commons.math3.analysis.integration.gauss.HermiteTest#testNormalDistribution,25.000000
2640,org.apache.commons.math3.analysis.integration.gauss.HermiteTest#testNormalVariance,27.000000
2641,org.apache.commons.math3.analysis.integration.gauss.LegendreParametricTest#testAllMonomials[1],33.000000
2642,org.apache.commons.math3.analysis.integration.gauss.LegendreParametricTest#testAllMonomials[2],33.000000
2643,org.apache.commons.math3.analysis.integration.gauss.LegendreParametricTest#testAllMonomials[3],33.000000
2644,org.apache.commons.math3.analysis.integration.gauss.LegendreParametricTest#testAllMonomials[4],33.000000
2645,org.apache.commons.math3.analysis.integration.gauss.LegendreParametricTest#testAllMonomials[5],33.000000
2646,org.apache.commons.math3.analysis.integration.gauss.LegendreParametricTest#testAllMonomials[6],33.000000
2647,org.apache.commons.math3.analysis.integration.gauss.LegendreParametricTest#testAllMonomials[7],33.000000
2648,org.apache.commons.math3.analysis.integration.gauss.LegendreParametricTest#testAllMonomials[8],33.000000
2649,org.apache.commons.math3.analysis.integration.gauss.LegendreParametricTest#testAllMonomials[9],33.000000
2650,org.apache.commons.math3.analysis.integration.gauss.LegendreParametricTest#testAllMonomials[10],33.000000
2651,org.apache.commons.math3.analysis.integration.gauss.LegendreParametricTest#testAllMonomials[11],33.000000
2652,org.apache.commons.math3.analysis.integration.gauss.LegendreParametricTest#testAllMonomials[12],33.000000
2653,org.apache.commons.math3.analysis.integration.gauss.LegendreParametricTest#testAllMonomials[13],33.000000
2654,org.apache.commons.math3.analysis.integration.gauss.LegendreParametricTest#testAllMonomials[14],33.000000
2655,org.apache.commons.math3.analysis.integration.gauss.LegendreParametricTest#testAllMonomials[15],33.000000
2656,org.apache.commons.math3.analysis.integration.gauss.LegendreParametricTest#testAllMonomials[16],33.000000
2657,org.apache.commons.math3.analysis.integration.gauss.LegendreParametricTest#testAllMonomials[17],33.000000
2658,org.apache.commons.math3.analysis.integration.gauss.LegendreParametricTest#testAllMonomials[18],33.000000
2659,org.apache.commons.math3.analysis.integration.gauss.LegendreParametricTest#testAllMonomials[19],33.000000
2660,org.apache.commons.math3.analysis.integration.gauss.LegendreParametricTest#testAllMonomials[20],33.000000
2661,org.apache.commons.math3.analysis.integration.gauss.LegendreParametricTest#testAllMonomials[21],33.000000
2662,org.apache.commons.math3.analysis.integration.gauss.LegendreParametricTest#testAllMonomials[22],33.000000
2663,org.apache.commons.math3.analysis.integration.gauss.LegendreParametricTest#testAllMonomials[23],33.000000
2664,org.apache.commons.math3.analysis.integration.gauss.LegendreParametricTest#testAllMonomials[24],33.000000
2665,org.apache.commons.math3.analysis.integration.gauss.LegendreParametricTest#testAllMonomials[25],33.000000
2666,org.apache.commons.math3.analysis.integration.gauss.LegendreParametricTest#testAllMonomials[26],33.000000
2667,org.apache.commons.math3.analysis.integration.gauss.LegendreParametricTest#testAllMonomials[27],33.000000
2668,org.apache.commons.math3.analysis.integration.gauss.LegendreParametricTest#testAllMonomials[28],33.000000
2669,org.apache.commons.math3.analysis.integration.gauss.LegendreParametricTest#testAllMonomials[29],33.000000
2670,org.apache.commons.math3.analysis.integration.gauss.BaseRuleFactoryTest#testConcurrentCreation,8.000000
2671,org.apache.commons.math3.analysis.integration.gauss.LegendreHighPrecisionParametricTest#testAllMonomials[1],33.000000
2672,org.apache.commons.math3.analysis.integration.gauss.LegendreHighPrecisionParametricTest#testAllMonomials[2],33.000000
2673,org.apache.commons.math3.analysis.integration.gauss.LegendreHighPrecisionParametricTest#testAllMonomials[3],33.000000
2674,org.apache.commons.math3.analysis.integration.gauss.LegendreHighPrecisionParametricTest#testAllMonomials[4],33.000000
2675,org.apache.commons.math3.analysis.integration.gauss.LegendreHighPrecisionParametricTest#testAllMonomials[5],33.000000
2676,org.apache.commons.math3.analysis.integration.gauss.LegendreHighPrecisionParametricTest#testAllMonomials[6],33.000000
2677,org.apache.commons.math3.analysis.integration.gauss.LegendreHighPrecisionParametricTest#testAllMonomials[7],33.000000
2678,org.apache.commons.math3.analysis.integration.gauss.LegendreHighPrecisionParametricTest#testAllMonomials[8],33.000000
2679,org.apache.commons.math3.analysis.integration.gauss.LegendreHighPrecisionParametricTest#testAllMonomials[9],33.000000
2680,org.apache.commons.math3.analysis.integration.gauss.LegendreHighPrecisionParametricTest#testAllMonomials[10],33.000000
2681,org.apache.commons.math3.analysis.integration.gauss.LegendreHighPrecisionParametricTest#testAllMonomials[11],33.000000
2682,org.apache.commons.math3.analysis.integration.gauss.LegendreHighPrecisionParametricTest#testAllMonomials[12],33.000000
2683,org.apache.commons.math3.analysis.integration.gauss.LegendreHighPrecisionParametricTest#testAllMonomials[13],33.000000
2684,org.apache.commons.math3.analysis.integration.gauss.LegendreHighPrecisionParametricTest#testAllMonomials[14],33.000000
2685,org.apache.commons.math3.analysis.integration.gauss.LegendreHighPrecisionParametricTest#testAllMonomials[15],33.000000
2686,org.apache.commons.math3.analysis.integration.gauss.LegendreHighPrecisionParametricTest#testAllMonomials[16],33.000000
2687,org.apache.commons.math3.analysis.integration.gauss.LegendreHighPrecisionParametricTest#testAllMonomials[17],33.000000
2688,org.apache.commons.math3.analysis.integration.gauss.LegendreHighPrecisionParametricTest#testAllMonomials[18],33.000000
2689,org.apache.commons.math3.analysis.integration.gauss.LegendreHighPrecisionParametricTest#testAllMonomials[19],33.000000
2690,org.apache.commons.math3.analysis.integration.gauss.LegendreHighPrecisionParametricTest#testAllMonomials[20],33.000000
2691,org.apache.commons.math3.analysis.integration.gauss.LegendreHighPrecisionParametricTest#testAllMonomials[21],33.000000
2692,org.apache.commons.math3.analysis.integration.gauss.LegendreHighPrecisionParametricTest#testAllMonomials[22],33.000000
2693,org.apache.commons.math3.analysis.integration.gauss.LegendreHighPrecisionParametricTest#testAllMonomials[23],33.000000
2694,org.apache.commons.math3.analysis.integration.gauss.LegendreHighPrecisionParametricTest#testAllMonomials[24],33.000000
2695,org.apache.commons.math3.analysis.integration.gauss.LegendreHighPrecisionParametricTest#testAllMonomials[25],33.000000
2696,org.apache.commons.math3.analysis.integration.gauss.LegendreHighPrecisionParametricTest#testAllMonomials[26],33.000000
2697,org.apache.commons.math3.analysis.integration.gauss.LegendreHighPrecisionParametricTest#testAllMonomials[27],33.000000
2698,org.apache.commons.math3.analysis.integration.gauss.LegendreHighPrecisionParametricTest#testAllMonomials[28],33.000000
2699,org.apache.commons.math3.analysis.integration.gauss.LegendreHighPrecisionParametricTest#testAllMonomials[29],33.000000
2700,org.apache.commons.math3.analysis.integration.gauss.LegendreTest#testCos,30.000000
2701,org.apache.commons.math3.analysis.integration.gauss.LegendreHighPrecisionTest#testInverse,30.000000
2702,org.apache.commons.math3.analysis.integration.LegendreGaussIntegratorTest#testExactIntegration,38.000000
2703,org.apache.commons.math3.analysis.integration.LegendreGaussIntegratorTest#testSinFunction,45.000000
2704,org.apache.commons.math3.analysis.integration.LegendreGaussIntegratorTest#testQuinticFunction,34.000000
2705,org.apache.commons.math3.analysis.integration.SimpsonIntegratorTest#testQuinticFunction,26.000000
2706,org.apache.commons.math3.analysis.integration.MidPointIntegratorTest#testQuinticFunction,25.000000
2707,org.apache.commons.math3.analysis.solvers.BracketingNthOrderBrentSolverTest#testInsufficientOrder1,15.000000
2708,org.apache.commons.math3.analysis.solvers.BracketingNthOrderBrentSolverTest#testInsufficientOrder2,15.000000
2709,org.apache.commons.math3.analysis.solvers.BracketingNthOrderBrentSolverTest#testInsufficientOrder3,14.000000
2710,org.apache.commons.math3.analysis.solvers.BracketingNthOrderBrentSolverTest#testIssue716,31.000000
2711,org.apache.commons.math3.analysis.solvers.BracketingNthOrderBrentSolverTest#testSolutionAboveSide,45.000000
2712,org.apache.commons.math3.analysis.solvers.BracketingNthOrderBrentSolverTest#testSolutionBelowSide,45.000000
2713,org.apache.commons.math3.analysis.solvers.BracketingNthOrderBrentSolverTest#testSolutionLeftSide,45.000000
2714,org.apache.commons.math3.analysis.solvers.BracketingNthOrderBrentSolverTest#testBadEndpoints,42.000000
2715,org.apache.commons.math3.analysis.solvers.BracketingNthOrderBrentSolverTest#testRootEndpoints,27.000000
2716,org.apache.commons.math3.analysis.solvers.BracketingNthOrderBrentSolverTest#testQuinticZero,35.000000
2717,org.apache.commons.math3.analysis.solvers.BracketingNthOrderBrentSolverTest#testSinZero,46.000000
2718,org.apache.commons.math3.analysis.solvers.MullerSolver2Test#testSinFunction,39.000000
2719,org.apache.commons.math3.analysis.solvers.MullerSolver2Test#testExpm1Function,37.000000
2720,org.apache.commons.math3.analysis.solvers.MullerSolver2Test#testQuinticFunction,28.000000
2721,org.apache.commons.math3.analysis.solvers.NewtonSolverTest#testQuinticZero,49.000000
2722,org.apache.commons.math3.analysis.solvers.RegulaFalsiSolverTest#testSolutionRightSide,43.000000
2723,org.apache.commons.math3.analysis.solvers.RegulaFalsiSolverTest#testSolutionAboveSide,43.000000
2724,org.apache.commons.math3.analysis.solvers.RegulaFalsiSolverTest#testSolutionBelowSide,43.000000
2725,org.apache.commons.math3.analysis.solvers.RegulaFalsiSolverTest#testSolutionLeftSide,43.000000
2726,org.apache.commons.math3.analysis.solvers.RegulaFalsiSolverTest#testBadEndpoints,43.000000
2727,org.apache.commons.math3.analysis.solvers.RegulaFalsiSolverTest#testRootEndpoints,24.000000
2728,org.apache.commons.math3.analysis.solvers.RegulaFalsiSolverTest#testQuinticZero,35.000000
2729,org.apache.commons.math3.analysis.solvers.RegulaFalsiSolverTest#testSinZero,46.000000
2730,org.apache.commons.math3.analysis.solvers.SecantSolverTest#testSolutionAboveSide,50.000000
2731,org.apache.commons.math3.analysis.solvers.SecantSolverTest#testSolutionBelowSide,50.000000
2732,org.apache.commons.math3.analysis.solvers.SecantSolverTest#testSolutionLeftSide,50.000000
2733,org.apache.commons.math3.analysis.solvers.SecantSolverTest#testBadEndpoints,38.000000
2734,org.apache.commons.math3.analysis.solvers.SecantSolverTest#testRootEndpoints,19.000000
2735,org.apache.commons.math3.analysis.solvers.SecantSolverTest#testQuinticZero,30.000000
2736,org.apache.commons.math3.analysis.solvers.SecantSolverTest#testSinZero,41.000000
2737,org.apache.commons.math3.analysis.solvers.PegasusSolverTest#testSolutionAboveSide,43.000000
2738,org.apache.commons.math3.analysis.solvers.PegasusSolverTest#testSolutionBelowSide,43.000000
2739,org.apache.commons.math3.analysis.solvers.PegasusSolverTest#testSolutionLeftSide,43.000000
2740,org.apache.commons.math3.analysis.solvers.PegasusSolverTest#testBadEndpoints,43.000000
2741,org.apache.commons.math3.analysis.solvers.PegasusSolverTest#testRootEndpoints,24.000000
2742,org.apache.commons.math3.analysis.solvers.PegasusSolverTest#testQuinticZero,35.000000
2743,org.apache.commons.math3.analysis.solvers.PegasusSolverTest#testSinZero,46.000000
2744,org.apache.commons.math3.analysis.solvers.MullerSolverTest#testParameters,49.000000
2745,org.apache.commons.math3.analysis.solvers.MullerSolverTest#testSinFunction,48.000000
2746,org.apache.commons.math3.analysis.solvers.MullerSolverTest#testQuinticFunction,38.000000
2747,org.apache.commons.math3.analysis.solvers.BrentSolverTest#testBadEndpoints,41.000000
2748,org.apache.commons.math3.analysis.solvers.BrentSolverTest#testInitialGuess,41.000000
2749,org.apache.commons.math3.analysis.solvers.BrentSolverTest#testRootEndpoints,38.000000
2750,org.apache.commons.math3.analysis.solvers.BrentSolverTest#testQuinticZero,46.000000
2751,org.apache.commons.math3.analysis.solvers.BrentSolverTest#testSinZero,45.000000
2752,org.apache.commons.math3.analysis.solvers.BisectionSolverTest#testQuinticZero,27.000000
2753,org.apache.commons.math3.analysis.solvers.BisectionSolverTest#testSinZero,36.000000
2754,org.apache.commons.math3.analysis.solvers.LaguerreSolverTest#testLinearFunction,52.000000
2755,org.apache.commons.math3.analysis.solvers.LaguerreSolverTest#testParameters,40.000000
2756,org.apache.commons.math3.analysis.solvers.LaguerreSolverTest#testQuinticFunction,55.000000
2757,org.apache.commons.math3.analysis.solvers.NewtonRaphsonSolverTest#testQuinticZero,49.000000
2758,org.apache.commons.math3.analysis.solvers.IllinoisSolverTest#testSolutionAboveSide,43.000000
2759,org.apache.commons.math3.analysis.solvers.IllinoisSolverTest#testSolutionBelowSide,43.000000
2760,org.apache.commons.math3.analysis.solvers.IllinoisSolverTest#testSolutionLeftSide,43.000000
2761,org.apache.commons.math3.analysis.solvers.IllinoisSolverTest#testBadEndpoints,43.000000
2762,org.apache.commons.math3.analysis.solvers.IllinoisSolverTest#testRootEndpoints,24.000000
2763,org.apache.commons.math3.analysis.solvers.IllinoisSolverTest#testQuinticZero,35.000000
2764,org.apache.commons.math3.analysis.solvers.IllinoisSolverTest#testSinZero,46.000000
2765,org.apache.commons.math3.analysis.solvers.RiddersSolverTest#testSinFunction,42.000000
2766,org.apache.commons.math3.analysis.solvers.RiddersSolverTest#testExpm1Function,40.000000
2767,org.apache.commons.math3.analysis.solvers.RiddersSolverTest#testQuinticFunction,31.000000
2768,org.apache.commons.math3.analysis.solvers.UnivariateSolverUtilsTest#testSolveSin,44.000000
2769,org.apache.commons.math3.analysis.solvers.UnivariateSolverUtilsTest#testSolveAccuracySin,43.000000
2770,org.apache.commons.math3.analysis.solvers.UnivariateSolverUtilsTest#testSolveBadAccuracy,37.000000
2771,org.apache.commons.math3.analysis.solvers.UnivariateSolverUtilsTest#testMisc,34.000000
2772,org.apache.commons.math3.analysis.solvers.UnivariateSolverUtilsTest#testSolveNull,8.000000
2773,org.apache.commons.math3.analysis.solvers.UnivariateSolverUtilsTest#testBracketSin,12.000000
2774,org.apache.commons.math3.analysis.solvers.UnivariateSolverUtilsTest#testBadInitial,12.000000
2775,org.apache.commons.math3.analysis.solvers.UnivariateSolverUtilsTest#testBadMaximumIterations,10.000000
2776,org.apache.commons.math3.analysis.solvers.UnivariateSolverUtilsTest#testBadEndpoints,12.000000
2777,org.apache.commons.math3.analysis.solvers.UnivariateSolverUtilsTest#testBracketEndpointRoot,17.000000
2778,org.apache.commons.math3.analysis.solvers.UnivariateSolverUtilsTest#testSolveAccuracyNull,8.000000
2779,org.apache.commons.math3.analysis.solvers.UnivariateSolverUtilsTest#testSolveBadEndpoints,30.000000
2780,org.apache.commons.math3.analysis.function.SincTest#testEuler,14.000000
2781,org.apache.commons.math3.analysis.function.SincTest#testZero,4.000000
2782,org.apache.commons.math3.analysis.function.SincTest#testDerivativeZero,26.000000
2783,org.apache.commons.math3.analysis.function.SincTest#testDerivatives1Dot2Normalized,37.000000
2784,org.apache.commons.math3.analysis.function.SincTest#testCrossings,12.000000
2785,org.apache.commons.math3.analysis.function.HarmonicOscillatorTest#testSomeValues,11.000000
2786,org.apache.commons.math3.analysis.function.HarmonicOscillatorTest#testParametricUsage1,10.000000
2787,org.apache.commons.math3.analysis.function.HarmonicOscillatorTest#testParametricUsage2,11.000000
2788,org.apache.commons.math3.analysis.function.HarmonicOscillatorTest#testParametricUsage4,11.000000
2789,org.apache.commons.math3.analysis.function.HarmonicOscillatorTest#testParametricGradient,14.000000
2790,org.apache.commons.math3.analysis.function.SqrtTest#testDerivativesHighOrder,26.000000
2791,org.apache.commons.math3.analysis.function.LogisticTest#testSomeValues,13.000000
2792,org.apache.commons.math3.analysis.function.LogisticTest#testParametricUsage2,11.000000
2793,org.apache.commons.math3.analysis.function.LogisticTest#testParametricUsage3,10.000000
2794,org.apache.commons.math3.analysis.function.LogisticTest#testParametricUsage4,11.000000
2795,org.apache.commons.math3.analysis.function.LogisticTest#testParametricUsage5,12.000000
2796,org.apache.commons.math3.analysis.function.LogisticTest#testParametricUsage6,12.000000
2797,org.apache.commons.math3.analysis.function.LogisticTest#testGradientComponent5,14.000000
2798,org.apache.commons.math3.analysis.function.LogisticTest#testPreconditions1,10.000000
2799,org.apache.commons.math3.analysis.function.LogisticTest#testPreconditions2,10.000000
2800,org.apache.commons.math3.analysis.function.LogisticTest#testGradientComponent1Component2Component3,13.000000
2801,org.apache.commons.math3.analysis.function.SigmoidTest#testDerivative,32.000000
2802,org.apache.commons.math3.analysis.function.SigmoidTest#testSomeValues,10.000000
2803,org.apache.commons.math3.analysis.function.SigmoidTest#testParametricUsage1,10.000000
2804,org.apache.commons.math3.analysis.function.SigmoidTest#testParametricUsage2,11.000000
2805,org.apache.commons.math3.analysis.function.SigmoidTest#testParametricUsage3,10.000000
2806,org.apache.commons.math3.analysis.function.SigmoidTest#testParametricUsage4,11.000000
2807,org.apache.commons.math3.analysis.function.SigmoidTest#testDerivativeLargeArguments,27.000000
2808,org.apache.commons.math3.analysis.function.SigmoidTest#testDerivativesHighOrder,32.000000
2809,org.apache.commons.math3.analysis.function.GaussianTest#testParametricValue,12.000000
2810,org.apache.commons.math3.analysis.function.GaussianTest#testPreconditions,10.000000
2811,org.apache.commons.math3.analysis.function.GaussianTest#testParametricUsage2,11.000000
2812,org.apache.commons.math3.analysis.function.GaussianTest#testParametricUsage3,12.000000
2813,org.apache.commons.math3.analysis.function.GaussianTest#testParametricUsage5,11.000000
2814,org.apache.commons.math3.analysis.function.GaussianTest#testParametricUsage6,12.000000
2815,org.apache.commons.math3.analysis.function.GaussianTest#testDerivativesNaN,34.000000
2816,org.apache.commons.math3.analysis.function.GaussianTest#testLargeArguments,8.000000
2817,org.apache.commons.math3.analysis.function.GaussianTest#testDerivatives,32.000000
2818,org.apache.commons.math3.analysis.function.GaussianTest#testDerivativeLargeArguments,29.000000
2819,org.apache.commons.math3.analysis.function.GaussianTest#testParametricGradient,10.000000
2820,org.apache.commons.math3.analysis.function.StepFunctionTest#testSomeValues,10.000000
2821,org.apache.commons.math3.analysis.function.StepFunctionTest#testEndpointBehavior,10.000000
2822,org.apache.commons.math3.analysis.function.StepFunctionTest#testPreconditions1,8.000000
2823,org.apache.commons.math3.analysis.function.StepFunctionTest#testPreconditions2,8.000000
2824,org.apache.commons.math3.analysis.function.StepFunctionTest#testPreconditions3,8.000000
2825,org.apache.commons.math3.analysis.function.StepFunctionTest#testPreconditions4,8.000000
2826,org.apache.commons.math3.analysis.function.StepFunctionTest#testPreconditions5,9.000000
2827,org.apache.commons.math3.analysis.function.StepFunctionTest#testPreconditions6,13.000000
2828,org.apache.commons.math3.analysis.function.StepFunctionTest#testHeaviside,10.000000
2829,org.apache.commons.math3.analysis.function.LogitTest#testDerivative,27.000000
2830,org.apache.commons.math3.analysis.function.LogitTest#testSomeValues,5.000000
2831,org.apache.commons.math3.analysis.function.LogitTest#testParametricUsage1,10.000000
2832,org.apache.commons.math3.analysis.function.LogitTest#testParametricUsage2,11.000000
2833,org.apache.commons.math3.analysis.function.LogitTest#testParametricUsage4,11.000000
2834,org.apache.commons.math3.analysis.function.LogitTest#testParametricUsage5,12.000000
2835,org.apache.commons.math3.analysis.function.LogitTest#testParametricUsage6,12.000000
2836,org.apache.commons.math3.analysis.function.LogitTest#testPreconditions1,11.000000
2837,org.apache.commons.math3.analysis.function.LogitTest#testPreconditions2,11.000000
2838,org.apache.commons.math3.analysis.function.LogitTest#testDerivativeLargeArguments,26.000000
2839,org.apache.commons.math3.analysis.function.LogitTest#testValueWithInverseFunction,43.000000
2840,org.apache.commons.math3.analysis.function.LogitTest#testDerivativesHighOrder,29.000000
2841,org.apache.commons.math3.analysis.differentiation.FiniteDifferencesDifferentiatorTest#testBoundedSqrt,40.000000
2842,org.apache.commons.math3.analysis.differentiation.FiniteDifferencesDifferentiatorTest#testStepSizeUnstability,43.000000
2843,org.apache.commons.math3.analysis.differentiation.FiniteDifferencesDifferentiatorTest#testTooLargeStep,9.000000
2844,org.apache.commons.math3.analysis.differentiation.FiniteDifferencesDifferentiatorTest#testWrongOrderMatrix,32.000000
2845,org.apache.commons.math3.analysis.differentiation.FiniteDifferencesDifferentiatorTest#testWrongOrder,32.000000
2846,org.apache.commons.math3.analysis.differentiation.FiniteDifferencesDifferentiatorTest#testWrongOrderVector,32.000000
2847,org.apache.commons.math3.analysis.differentiation.FiniteDifferencesDifferentiatorTest#testWrongNumberOfPoints,10.000000
2848,org.apache.commons.math3.analysis.differentiation.FiniteDifferencesDifferentiatorTest#testConstant,41.000000
2849,org.apache.commons.math3.analysis.differentiation.FiniteDifferencesDifferentiatorTest#testSeveralFreeParameters,60.000000
2850,org.apache.commons.math3.analysis.differentiation.FiniteDifferencesDifferentiatorTest#testWrongStepSize,11.000000
2851,org.apache.commons.math3.analysis.differentiation.FiniteDifferencesDifferentiatorTest#testBounds,51.000000
2852,org.apache.commons.math3.analysis.differentiation.FiniteDifferencesDifferentiatorTest#testLinear,41.000000
2853,org.apache.commons.math3.analysis.differentiation.DSCompilerTest#testSymmetry,15.000000
2854,org.apache.commons.math3.analysis.differentiation.DSCompilerTest#testSize,14.000000
2855,org.apache.commons.math3.analysis.differentiation.DSCompilerTest#testIncompatibleOrder,21.000000
2856,org.apache.commons.math3.analysis.differentiation.DSCompilerTest#testIncompatibleParams,21.000000
2857,org.apache.commons.math3.analysis.differentiation.DSCompilerTest#testMultiplicationRules,13.000000
2858,org.apache.commons.math3.analysis.differentiation.DSCompilerTest#testIndices,13.000000
2859,org.apache.commons.math3.analysis.differentiation.DSCompilerTest#testCompositionRules,13.000000
2860,org.apache.commons.math3.analysis.differentiation.DerivativeStructureTest#testPrimitiveAdd,23.000000
2861,org.apache.commons.math3.analysis.differentiation.DerivativeStructureTest#testSqrtDefinition,38.000000
2862,org.apache.commons.math3.analysis.differentiation.DerivativeStructureTest#testHypotDefinition,38.000000
2863,org.apache.commons.math3.analysis.differentiation.DerivativeStructureTest#testLog1pDefinition,37.000000
2864,org.apache.commons.math3.analysis.differentiation.DerivativeStructureTest#testExpm1Definition,39.000000
2865,org.apache.commons.math3.analysis.differentiation.DerivativeStructureTest#testCoshDefinition,43.000000
2866,org.apache.commons.math3.analysis.differentiation.DerivativeStructureTest#testAtan2SpecialCases,34.000000
2867,org.apache.commons.math3.analysis.differentiation.DerivativeStructureTest#testAbs,20.000000
2868,org.apache.commons.math3.analysis.differentiation.DerivativeStructureTest#testAdd,25.000000
2869,org.apache.commons.math3.analysis.differentiation.DerivativeStructureTest#testExp,28.000000
2870,org.apache.commons.math3.analysis.differentiation.DerivativeStructureTest#testLog,28.000000
2871,org.apache.commons.math3.analysis.differentiation.DerivativeStructureTest#testPow,34.000000
2872,org.apache.commons.math3.analysis.differentiation.DerivativeStructureTest#testWrongVariableIndex,23.000000
2873,org.apache.commons.math3.analysis.differentiation.DerivativeStructureTest#testSubtract,25.000000
2874,org.apache.commons.math3.analysis.differentiation.DerivativeStructureTest#testAtan2,43.000000
2875,org.apache.commons.math3.analysis.differentiation.DerivativeStructureTest#testField,27.000000
2876,org.apache.commons.math3.analysis.differentiation.DerivativeStructureTest#testTrigo,51.000000
2877,org.apache.commons.math3.analysis.differentiation.DerivativeStructureTest#testOneParameterConstructor,45.000000
2878,org.apache.commons.math3.analysis.differentiation.DerivativeStructureTest#testReciprocal,29.000000
2879,org.apache.commons.math3.analysis.differentiation.DerivativeStructureTest#testToRadiansDefinition,23.000000
2880,org.apache.commons.math3.analysis.differentiation.DerivativeStructureTest#testVariable,21.000000
2881,org.apache.commons.math3.analysis.differentiation.DerivativeStructureTest#testPrimitiveMultiply,24.000000
2882,org.apache.commons.math3.analysis.differentiation.DerivativeStructureTest#testHypotSpecial,21.000000
2883,org.apache.commons.math3.analysis.differentiation.DerivativeStructureTest#testCompositionOneVariableX,34.000000
2884,org.apache.commons.math3.analysis.differentiation.DerivativeStructureTest#testCompositionOneVariableY,34.000000
2885,org.apache.commons.math3.analysis.differentiation.DerivativeStructureTest#testSqrtPow2,30.000000
2886,org.apache.commons.math3.analysis.differentiation.DerivativeStructureTest#testSinhDefinition,41.000000
2887,org.apache.commons.math3.analysis.differentiation.DerivativeStructureTest#testConstant,20.000000
2888,org.apache.commons.math3.analysis.differentiation.DerivativeStructureTest#testMissingOrders,26.000000
2889,org.apache.commons.math3.analysis.differentiation.DerivativeStructureTest#testTangentDefinition,43.000000
2890,org.apache.commons.math3.analysis.differentiation.DerivativeStructureTest#testCompose,40.000000
2891,org.apache.commons.math3.analysis.differentiation.DerivativeStructureTest#testComposeMismatchedDimensions,27.000000
2892,org.apache.commons.math3.analysis.differentiation.DerivativeStructureTest#testLinearCombination1DoubleDS,35.000000
2893,org.apache.commons.math3.analysis.differentiation.DerivativeStructureTest#testHypotNoOverflow,37.000000
2894,org.apache.commons.math3.analysis.differentiation.DerivativeStructureTest#testTaylorPolynomial,27.000000
2895,org.apache.commons.math3.analysis.differentiation.DerivativeStructureTest#testPrimitiveSubtract,24.000000
2896,org.apache.commons.math3.analysis.differentiation.DerivativeStructureTest#testMultiply,23.000000
2897,org.apache.commons.math3.analysis.differentiation.DerivativeStructureTest#testTooLargeOrder,26.000000
2898,org.apache.commons.math3.analysis.differentiation.DerivativeStructureTest#testPowReciprocalPow,41.000000
2899,org.apache.commons.math3.analysis.differentiation.DerivativeStructureTest#testLogExp,37.000000
2900,org.apache.commons.math3.analysis.differentiation.DerivativeStructureTest#testNegate,22.000000
2901,org.apache.commons.math3.analysis.differentiation.DerivativeStructureTest#testHypotNeglectible,27.000000
2902,org.apache.commons.math3.analysis.differentiation.DerivativeStructureTest#testSinAsin,37.000000
2903,org.apache.commons.math3.analysis.differentiation.DerivativeStructureTest#testSinCos,30.000000
2904,org.apache.commons.math3.analysis.differentiation.DerivativeStructureTest#testRootNSingularity,28.000000
2905,org.apache.commons.math3.analysis.differentiation.DerivativeStructureTest#testVariableWithoutDerivative0,15.000000
2906,org.apache.commons.math3.analysis.differentiation.DerivativeStructureTest#testVariableWithoutDerivative1,26.000000
2907,org.apache.commons.math3.analysis.differentiation.DerivativeStructureTest#testToDegreesDefinition,23.000000
2908,org.apache.commons.math3.analysis.differentiation.DerivativeStructureTest#testLog10Power,41.000000
2909,org.apache.commons.math3.analysis.differentiation.DerivativeStructureTest#testTanhDefinition,44.000000
2910,org.apache.commons.math3.analysis.differentiation.DerivativeStructureTest#testOneOrderConstructor,41.000000
2911,org.apache.commons.math3.analysis.differentiation.DerivativeStructureTest#testCbrtDefinition,38.000000
2912,org.apache.commons.math3.analysis.differentiation.DerivativeStructureTest#testDivideField,24.000000
2913,org.apache.commons.math3.analysis.differentiation.DerivativeStructureTest#testRemainderDouble,20.000000
2914,org.apache.commons.math3.analysis.differentiation.DerivativeStructureTest#testGetField,22.000000
2915,org.apache.commons.math3.analysis.differentiation.DerivativeStructureTest#testDivideDouble,19.000000
2916,org.apache.commons.math3.analysis.differentiation.DerivativeStructureTest#testCos,26.000000
2917,org.apache.commons.math3.analysis.differentiation.DerivativeStructureTest#testSin,26.000000
2918,org.apache.commons.math3.analysis.differentiation.DerivativeStructureTest#testTan,24.000000
2919,org.apache.commons.math3.analysis.differentiation.DerivativeStructureTest#testAcosh,25.000000
2920,org.apache.commons.math3.analysis.differentiation.DerivativeStructureTest#testAsinh,25.000000
2921,org.apache.commons.math3.analysis.differentiation.DerivativeStructureTest#testAtanh,24.000000
2922,org.apache.commons.math3.analysis.differentiation.DerivativeStructureTest#testExpm1,28.000000
2923,org.apache.commons.math3.analysis.differentiation.DerivativeStructureTest#testFloor,21.000000
2924,org.apache.commons.math3.analysis.differentiation.DerivativeStructureTest#testHypot,36.000000
2925,org.apache.commons.math3.analysis.differentiation.DerivativeStructureTest#testLog1p,23.000000
2926,org.apache.commons.math3.analysis.differentiation.DerivativeStructureTest#testRootN,31.000000
2927,org.apache.commons.math3.analysis.differentiation.DerivativeStructureTest#testRound,18.000000
2928,org.apache.commons.math3.analysis.differentiation.DerivativeStructureTest#testScalb,19.000000
2929,org.apache.commons.math3.analysis.differentiation.DerivativeStructureTest#testAcos,24.000000
2930,org.apache.commons.math3.analysis.differentiation.DerivativeStructureTest#testAsin,23.000000
2931,org.apache.commons.math3.analysis.differentiation.DerivativeStructureTest#testAtan,22.000000
2932,org.apache.commons.math3.analysis.differentiation.DerivativeStructureTest#testCbrt,22.000000
2933,org.apache.commons.math3.analysis.differentiation.DerivativeStructureTest#testCeil,22.000000
2934,org.apache.commons.math3.analysis.differentiation.DerivativeStructureTest#testCosh,28.000000
2935,org.apache.commons.math3.analysis.differentiation.DerivativeStructureTest#testHash,21.000000
2936,org.apache.commons.math3.analysis.differentiation.DerivativeStructureTest#testRint,22.000000
2937,org.apache.commons.math3.analysis.differentiation.DerivativeStructureTest#testSinh,28.000000
2938,org.apache.commons.math3.analysis.differentiation.DerivativeStructureTest#testSqrt,22.000000
2939,org.apache.commons.math3.analysis.differentiation.DerivativeStructureTest#testTanh,27.000000
2940,org.apache.commons.math3.analysis.differentiation.DerivativeStructureTest#testAddField,21.000000
2941,org.apache.commons.math3.analysis.differentiation.DerivativeStructureTest#testMultiplyDouble,19.000000
2942,org.apache.commons.math3.analysis.differentiation.DerivativeStructureTest#testMultiplyInt,20.000000
2943,org.apache.commons.math3.analysis.differentiation.DerivativeStructureTest#testLinearCombinationFaFa,44.000000
2944,org.apache.commons.math3.analysis.differentiation.DerivativeStructureTest#testAddDouble,19.000000
2945,org.apache.commons.math3.analysis.differentiation.DerivativeStructureTest#testPowDouble,28.000000
2946,org.apache.commons.math3.analysis.differentiation.DerivativeStructureTest#testSubtractDouble,20.000000
2947,org.apache.commons.math3.analysis.differentiation.DerivativeStructureTest#testRemainderField,23.000000
2948,org.apache.commons.math3.analysis.differentiation.DerivativeStructureTest#testCopySignDouble,20.000000
2949,org.apache.commons.math3.analysis.differentiation.DerivativeStructureTest#testLinearCombinationDF2,43.000000
2950,org.apache.commons.math3.analysis.differentiation.DerivativeStructureTest#testLinearCombinationDF3,43.000000
2951,org.apache.commons.math3.analysis.differentiation.DerivativeStructureTest#testLinearCombinationDF4,43.000000
2952,org.apache.commons.math3.analysis.differentiation.DerivativeStructureTest#testLinearCombinationFF2,44.000000
2953,org.apache.commons.math3.analysis.differentiation.DerivativeStructureTest#testLinearCombinationFF3,44.000000
2954,org.apache.commons.math3.analysis.differentiation.DerivativeStructureTest#testLinearCombinationFF4,44.000000
2955,org.apache.commons.math3.analysis.differentiation.DerivativeStructureTest#testEquals,24.000000
2956,org.apache.commons.math3.analysis.differentiation.DerivativeStructureTest#testPowField,34.000000
2957,org.apache.commons.math3.analysis.differentiation.DerivativeStructureTest#testPowInt,21.000000
2958,org.apache.commons.math3.analysis.differentiation.DerivativeStructureTest#testMultiplyField,20.000000
2959,org.apache.commons.math3.analysis.differentiation.DerivativeStructureTest#testSubtractField,21.000000
2960,org.apache.commons.math3.analysis.differentiation.GradientFunctionTest#test2DDistance,38.000000
2961,org.apache.commons.math3.analysis.polynomials.PolynomialFunctionTest#testQuadratic,4.000000
2962,org.apache.commons.math3.analysis.polynomials.PolynomialFunctionTest#testMultiplication,8.000000
2963,org.apache.commons.math3.analysis.polynomials.PolynomialFunctionTest#testAddition,10.000000
2964,org.apache.commons.math3.analysis.polynomials.PolynomialFunctionTest#testConstants,8.000000
2965,org.apache.commons.math3.analysis.polynomials.PolynomialFunctionTest#testQuintic,5.000000
2966,org.apache.commons.math3.analysis.polynomials.PolynomialFunctionTest#testMath341,7.000000
2967,org.apache.commons.math3.analysis.polynomials.PolynomialFunctionTest#testLinear,8.000000
2968,org.apache.commons.math3.analysis.polynomials.PolynomialFunctionTest#testString,5.000000
2969,org.apache.commons.math3.analysis.polynomials.PolynomialFunctionTest#testSubtraction,10.000000
2970,org.apache.commons.math3.analysis.polynomials.PolynomialsUtilsTest#testHighDegreeLegendre,21.000000
2971,org.apache.commons.math3.analysis.polynomials.PolynomialsUtilsTest#testChebyshevBounds,22.000000
2972,org.apache.commons.math3.analysis.polynomials.PolynomialsUtilsTest#testFirstHermitePolynomials,22.000000
2973,org.apache.commons.math3.analysis.polynomials.PolynomialsUtilsTest#testFirstLegendrePolynomials,25.000000
2974,org.apache.commons.math3.analysis.polynomials.PolynomialsUtilsTest#testChebyshevDifferentials,26.000000
2975,org.apache.commons.math3.analysis.polynomials.PolynomialsUtilsTest#testFirstLaguerrePolynomials,25.000000
2976,org.apache.commons.math3.analysis.polynomials.PolynomialsUtilsTest#testJacobiEvaluationAt1,28.000000
2977,org.apache.commons.math3.analysis.polynomials.PolynomialsUtilsTest#testLegendreDifferentials,26.000000
2978,org.apache.commons.math3.analysis.polynomials.PolynomialFunctionLagrangeFormTest#testLinearFunction,11.000000
2979,org.apache.commons.math3.analysis.polynomials.PolynomialFunctionLagrangeFormTest#testParameters,11.000000
2980,org.apache.commons.math3.analysis.polynomials.PolynomialFunctionLagrangeFormTest#testQuinticFunction,17.000000
2981,org.apache.commons.math3.analysis.polynomials.PolynomialSplineFunctionTest#testValues,23.000000
2982,org.apache.commons.math3.analysis.polynomials.PolynomialFunctionNewtonFormTest#testQuadraticFunction,8.000000
2983,org.apache.commons.math3.analysis.polynomials.PolynomialFunctionNewtonFormTest#testParameters,10.000000
2984,org.apache.commons.math3.analysis.polynomials.PolynomialFunctionNewtonFormTest#testQuinticFunction,8.000000
2985,org.apache.commons.math3.analysis.interpolation.BicubicSplineInterpolatingFunctionTest#testPreconditions,17.000000
2986,org.apache.commons.math3.analysis.interpolation.BicubicSplineInterpolatingFunctionTest#testInterpolation1,25.000000
2987,org.apache.commons.math3.analysis.interpolation.BicubicSplineInterpolatingFunctionTest#testInterpolation2,25.000000
2988,org.apache.commons.math3.analysis.interpolation.UnivariatePeriodicInterpolatorTest#testSine,34.000000
2989,org.apache.commons.math3.analysis.interpolation.UnivariatePeriodicInterpolatorTest#testMoreThanOnePeriodCoverage,34.000000
2990,org.apache.commons.math3.analysis.interpolation.UnivariatePeriodicInterpolatorTest#testUnsortedSamples,16.000000
2991,org.apache.commons.math3.analysis.interpolation.NevilleInterpolatorTest#testSinFunction,21.000000
2992,org.apache.commons.math3.analysis.interpolation.NevilleInterpolatorTest#testExpm1Function,19.000000
2993,org.apache.commons.math3.analysis.interpolation.HermiteInterpolatorTest#testWikipedia,46.000000
2994,org.apache.commons.math3.analysis.interpolation.HermiteInterpolatorTest#testOnePointParabola,46.000000
2995,org.apache.commons.math3.analysis.interpolation.HermiteInterpolatorTest#testSine,47.000000
2996,org.apache.commons.math3.analysis.interpolation.HermiteInterpolatorTest#testZero,45.000000
2997,org.apache.commons.math3.analysis.interpolation.HermiteInterpolatorTest#testQuadratic,45.000000
2998,org.apache.commons.math3.analysis.interpolation.HermiteInterpolatorTest#testDuplicatedAbscissa,9.000000
2999,org.apache.commons.math3.analysis.interpolation.HermiteInterpolatorTest#testRandomPolynomialsValuesOnly,17.000000
3000,org.apache.commons.math3.analysis.interpolation.HermiteInterpolatorTest#testEmptySample,9.000000
3001,org.apache.commons.math3.analysis.interpolation.HermiteInterpolatorTest#testSquareRoot,37.000000
3002,org.apache.commons.math3.analysis.interpolation.HermiteInterpolatorTest#testRandomPolynomialsFirstDerivative,49.000000
3003,org.apache.commons.math3.analysis.interpolation.TricubicSplineInterpolatingFunctionTest#testWave,21.000000
3004,org.apache.commons.math3.analysis.interpolation.TricubicSplineInterpolatingFunctionTest#testPreconditions,17.000000
3005,org.apache.commons.math3.analysis.interpolation.LoessInterpolatorTest#testOnStraightLine,15.000000
3006,org.apache.commons.math3.analysis.interpolation.LoessInterpolatorTest#testInsufficientBandwidth,17.000000
3007,org.apache.commons.math3.analysis.interpolation.LoessInterpolatorTest#testNotAllFiniteReal2,13.000000
3008,org.apache.commons.math3.analysis.interpolation.LoessInterpolatorTest#testNotAllFiniteReal3,13.000000
3009,org.apache.commons.math3.analysis.interpolation.LoessInterpolatorTest#testNotAllFiniteReal4,13.000000
3010,org.apache.commons.math3.analysis.interpolation.LoessInterpolatorTest#testNotAllFiniteReal5,13.000000
3011,org.apache.commons.math3.analysis.interpolation.LoessInterpolatorTest#testNotAllFiniteReal6,13.000000
3012,org.apache.commons.math3.analysis.interpolation.LoessInterpolatorTest#testOnTwoPoints,10.000000
3013,org.apache.commons.math3.analysis.interpolation.LoessInterpolatorTest#testEmptyData,10.000000
3014,org.apache.commons.math3.analysis.interpolation.LoessInterpolatorTest#testNonStrictlyIncreasing1,17.000000
3015,org.apache.commons.math3.analysis.interpolation.LoessInterpolatorTest#testNonStrictlyIncreasing2,17.000000
3016,org.apache.commons.math3.analysis.interpolation.LoessInterpolatorTest#testOnOnePoint,9.000000
3017,org.apache.commons.math3.analysis.interpolation.LoessInterpolatorTest#testCompletelyIncorrectBandwidth1,8.000000
3018,org.apache.commons.math3.analysis.interpolation.LoessInterpolatorTest#testCompletelyIncorrectBandwidth2,8.000000
3019,org.apache.commons.math3.analysis.interpolation.LoessInterpolatorTest#testIncreasingRobustnessItersIncreasesSmoothnessWithOutliers,25.000000
3020,org.apache.commons.math3.analysis.interpolation.LoessInterpolatorTest#testOnDistortedSine,26.000000
3021,org.apache.commons.math3.analysis.interpolation.LoessInterpolatorTest#testUnequalSizeArguments,10.000000
3022,org.apache.commons.math3.analysis.interpolation.LoessInterpolatorTest#testMath296withoutWeights,15.000000
3023,org.apache.commons.math3.analysis.interpolation.SplineInterpolatorTest#testInterpolateSin,24.000000
3024,org.apache.commons.math3.analysis.interpolation.SplineInterpolatorTest#testInterpolateLinearDegenerateTwoSegment,19.000000
3025,org.apache.commons.math3.analysis.interpolation.SplineInterpolatorTest#testIllegalArguments,17.000000
3026,org.apache.commons.math3.analysis.interpolation.SplineInterpolatorTest#testInterpolateLinear,19.000000
3027,org.apache.commons.math3.analysis.interpolation.SplineInterpolatorTest#testInterpolateLinearDegenerateThreeSegment,19.000000
3028,org.apache.commons.math3.analysis.interpolation.FieldHermiteInterpolatorTest#testOnePointParabola,25.000000
3029,org.apache.commons.math3.analysis.interpolation.FieldHermiteInterpolatorTest#testZero,23.000000
3030,org.apache.commons.math3.analysis.interpolation.FieldHermiteInterpolatorTest#testQuadratic,26.000000
3031,org.apache.commons.math3.analysis.interpolation.FieldHermiteInterpolatorTest#testDuplicatedAbscissa,20.000000
3032,org.apache.commons.math3.analysis.interpolation.FieldHermiteInterpolatorTest#testEmptySampleValue,13.000000
3033,org.apache.commons.math3.analysis.interpolation.FieldHermiteInterpolatorTest#testMixedDerivatives,23.000000
3034,org.apache.commons.math3.analysis.interpolation.LinearInterpolatorTest#testInterpolateLinearDegenerateTwoSegment,19.000000
3035,org.apache.commons.math3.analysis.interpolation.LinearInterpolatorTest#testIllegalArguments,17.000000
3036,org.apache.commons.math3.analysis.interpolation.LinearInterpolatorTest#testInterpolateLinear,19.000000
3037,org.apache.commons.math3.analysis.interpolation.LinearInterpolatorTest#testInterpolateLinearDegenerateThreeSegment,19.000000
3038,org.apache.commons.math3.analysis.interpolation.DividedDifferenceInterpolatorTest#testParameters,13.000000
3039,org.apache.commons.math3.analysis.interpolation.DividedDifferenceInterpolatorTest#testSinFunction,24.000000
3040,org.apache.commons.math3.analysis.interpolation.BicubicSplineInterpolatorTest#testPreconditions,33.000000
3041,org.apache.commons.math3.analysis.interpolation.BicubicSplineInterpolatorTest#testInterpolation2,41.000000
3042,org.apache.commons.math3.util.IncrementorTest#testAboveMaxCount,15.000000
3043,org.apache.commons.math3.util.IncrementorTest#testBelowMaxCount,6.000000
3044,org.apache.commons.math3.util.IncrementorTest#testAccessor,6.000000
3045,org.apache.commons.math3.util.IncrementorTest#testReset,7.000000
3046,org.apache.commons.math3.util.IncrementorTest#testConstructor1,5.000000
3047,org.apache.commons.math3.util.IncrementorTest#testConstructor2,4.000000
3048,org.apache.commons.math3.util.IncrementorTest#testCanIncrement2,14.000000
3049,org.apache.commons.math3.util.IncrementorTest#testAlternateException,12.000000
3050,org.apache.commons.math3.util.OpenIntToDoubleHashMapTest#testPutKeysWithCollision2,20.000000
3051,org.apache.commons.math3.util.OpenIntToDoubleHashMapTest#testPutKeysWithCollisions,20.000000
3052,org.apache.commons.math3.util.OpenIntToDoubleHashMapTest#testCopy,19.000000
3053,org.apache.commons.math3.util.OpenIntToDoubleHashMapTest#testContainsKey,17.000000
3054,org.apache.commons.math3.util.OpenIntToDoubleHashMapTest#testRemoveAbsent,17.000000
3055,org.apache.commons.math3.util.OpenIntToDoubleHashMapTest#testPutAndGet,18.000000
3056,org.apache.commons.math3.util.OpenIntToDoubleHashMapTest#testPutAndGetWith0ExpectedSize,16.000000
3057,org.apache.commons.math3.util.OpenIntToDoubleHashMapTest#testRemove2,21.000000
3058,org.apache.commons.math3.util.OpenIntToDoubleHashMapTest#testConcurrentModification,16.000000
3059,org.apache.commons.math3.util.OpenIntToDoubleHashMapTest#testGetAbsent,15.000000
3060,org.apache.commons.math3.util.OpenIntToDoubleHashMapTest#testGetFromEmpty,8.000000
3061,org.apache.commons.math3.util.OpenIntToDoubleHashMapTest#testPutOnExisting,19.000000
3062,org.apache.commons.math3.util.OpenIntToDoubleHashMapTest#testRemove,20.000000
3063,org.apache.commons.math3.util.OpenIntToDoubleHashMapTest#testIterator,23.000000
3064,org.apache.commons.math3.util.OpenIntToDoubleHashMapTest#testRemoveFromEmpty,8.000000
3065,org.apache.commons.math3.util.CombinatoricsUtilsTest#testStirlingS2,3.000000
3066,org.apache.commons.math3.util.CombinatoricsUtilsTest#testBinomialCoefficientLarge,19.000000
3067,org.apache.commons.math3.util.CombinatoricsUtilsTest#testStirlingS2NegativeN,10.000000
3068,org.apache.commons.math3.util.CombinatoricsUtilsTest#testFactorial,6.000000
3069,org.apache.commons.math3.util.CombinatoricsUtilsTest#testCombinationsIteratorFail,11.000000
3070,org.apache.commons.math3.util.CombinatoricsUtilsTest#testBinomialCoefficientFail,18.000000
3071,org.apache.commons.math3.util.CombinatoricsUtilsTest#testStirlingS2LargeK,9.000000
3072,org.apache.commons.math3.util.CombinatoricsUtilsTest#test0Choose0,4.000000
3073,org.apache.commons.math3.util.DefaultTransformerTest#testTransformBigDecimal,2.000000
3074,org.apache.commons.math3.util.DefaultTransformerTest#testTransformObject,7.000000
3075,org.apache.commons.math3.util.DefaultTransformerTest#testTransformString,2.000000
3076,org.apache.commons.math3.util.DefaultTransformerTest#testTransformInteger,2.000000
3077,org.apache.commons.math3.util.DefaultTransformerTest#testTransformNull,8.000000
3078,org.apache.commons.math3.util.DefaultTransformerTest#testSerial,2.000000
3079,org.apache.commons.math3.util.MultidimensionalCounterTest#testIteratorPreconditions,7.000000
3080,org.apache.commons.math3.util.MultidimensionalCounterTest#testMulti2UniConversion,5.000000
3081,org.apache.commons.math3.util.MultidimensionalCounterTest#testPreconditions,19.000000
3082,org.apache.commons.math3.util.FastMathStrictComparisonTest#test1[0],1.000000
3083,org.apache.commons.math3.util.FastMathStrictComparisonTest#test1[1],1.000000
3084,org.apache.commons.math3.util.FastMathStrictComparisonTest#test1[2],1.000000
3085,org.apache.commons.math3.util.FastMathStrictComparisonTest#test1[3],1.000000
3086,org.apache.commons.math3.util.FastMathStrictComparisonTest#test1[5],6.000000
3087,org.apache.commons.math3.util.FastMathStrictComparisonTest#test1[6],5.000000
3088,org.apache.commons.math3.util.FastMathStrictComparisonTest#test1[7],4.000000
3089,org.apache.commons.math3.util.FastMathStrictComparisonTest#test1[8],1.000000
3090,org.apache.commons.math3.util.FastMathStrictComparisonTest#test1[9],3.000000
3091,org.apache.commons.math3.util.FastMathStrictComparisonTest#test1[10],3.000000
3092,org.apache.commons.math3.util.FastMathStrictComparisonTest#test1[11],8.000000
3093,org.apache.commons.math3.util.FastMathStrictComparisonTest#test1[12],6.000000
3094,org.apache.commons.math3.util.FastMathStrictComparisonTest#test1[14],1.000000
3095,org.apache.commons.math3.util.FastMathStrictComparisonTest#test1[15],1.000000
3096,org.apache.commons.math3.util.FastMathStrictComparisonTest#test1[16],1.000000
3097,org.apache.commons.math3.util.FastMathStrictComparisonTest#test1[17],1.000000
3098,org.apache.commons.math3.util.FastMathStrictComparisonTest#test1[20],1.000000
3099,org.apache.commons.math3.util.FastMathStrictComparisonTest#test1[21],1.000000
3100,org.apache.commons.math3.util.FastMathStrictComparisonTest#test1[22],2.000000
3101,org.apache.commons.math3.util.FastMathStrictComparisonTest#test1[23],2.000000
3102,org.apache.commons.math3.util.FastMathStrictComparisonTest#test1[24],1.000000
3103,org.apache.commons.math3.util.FastMathStrictComparisonTest#test1[25],1.000000
3104,org.apache.commons.math3.util.FastMathStrictComparisonTest#test1[26],1.000000
3105,org.apache.commons.math3.util.FastMathStrictComparisonTest#test1[29],1.000000
3106,org.apache.commons.math3.util.FastMathStrictComparisonTest#test1[30],1.000000
3107,org.apache.commons.math3.util.FastMathStrictComparisonTest#test1[31],1.000000
3108,org.apache.commons.math3.util.FastMathStrictComparisonTest#test1[32],3.000000
3109,org.apache.commons.math3.util.FastMathStrictComparisonTest#test1[33],4.000000
3110,org.apache.commons.math3.util.FastMathStrictComparisonTest#test1[34],2.000000
3111,org.apache.commons.math3.util.FastMathStrictComparisonTest#test1[35],2.000000
3112,org.apache.commons.math3.util.FastMathStrictComparisonTest#test1[36],2.000000
3113,org.apache.commons.math3.util.FastMathStrictComparisonTest#test1[37],1.000000
3114,org.apache.commons.math3.util.FastMathStrictComparisonTest#test1[38],1.000000
3115,org.apache.commons.math3.util.FastMathStrictComparisonTest#test1[39],2.000000
3116,org.apache.commons.math3.util.FastMathStrictComparisonTest#test1[41],2.000000
3117,org.apache.commons.math3.util.FastMathStrictComparisonTest#test1[43],6.000000
3118,org.apache.commons.math3.util.FastMathStrictComparisonTest#test1[44],7.000000
3119,org.apache.commons.math3.util.FastMathStrictComparisonTest#test1[45],4.000000
3120,org.apache.commons.math3.util.FastMathStrictComparisonTest#test1[46],5.000000
3121,org.apache.commons.math3.util.FastMathStrictComparisonTest#test1[47],5.000000
3122,org.apache.commons.math3.util.FastMathStrictComparisonTest#test1[48],3.000000
3123,org.apache.commons.math3.util.FastMathStrictComparisonTest#test1[49],1.000000
3124,org.apache.commons.math3.util.FastMathStrictComparisonTest#test1[50],1.000000
3125,org.apache.commons.math3.util.FastMathStrictComparisonTest#test1[51],2.000000
3126,org.apache.commons.math3.util.ResizableDoubleArrayTest#testAddElements,14.000000
3127,org.apache.commons.math3.util.ResizableDoubleArrayTest#testAdd1000,14.000000
3128,org.apache.commons.math3.util.ResizableDoubleArrayTest#testSetElementArbitraryExpansion1,12.000000
3129,org.apache.commons.math3.util.ResizableDoubleArrayTest#testSetElementArbitraryExpansion2,17.000000
3130,org.apache.commons.math3.util.ResizableDoubleArrayTest#testWithInitialCapacityAndExpansionFactor,29.000000
3131,org.apache.commons.math3.util.ResizableDoubleArrayTest#testWithInitialCapacity,27.000000
3132,org.apache.commons.math3.util.ResizableDoubleArrayTest#testDiscard,22.000000
3133,org.apache.commons.math3.util.ResizableDoubleArrayTest#testGetValues,10.000000
3134,org.apache.commons.math3.util.ArithmeticUtilsTest#testGcdConsistency,27.000000
3135,org.apache.commons.math3.util.ArithmeticUtilsTest#testGcd,8.000000
3136,org.apache.commons.math3.util.ArithmeticUtilsTest#testIsPowerOfTwo,1.000000
3137,org.apache.commons.math3.util.ArithmeticUtilsTest#testGcdLong,7.000000
3138,org.apache.commons.math3.util.ArithmeticUtilsTest#testSubAndCheck,6.000000
3139,org.apache.commons.math3.util.ArithmeticUtilsTest#testMulAndCheckLong,6.000000
3140,org.apache.commons.math3.util.ArithmeticUtilsTest#testMulAndCheck,6.000000
3141,org.apache.commons.math3.util.ArithmeticUtilsTest#testAddAndCheckLong,7.000000
3142,org.apache.commons.math3.util.ArithmeticUtilsTest#testAddAndCheck,6.000000
3143,org.apache.commons.math3.util.BigRealTest#testAdd,4.000000
3144,org.apache.commons.math3.util.BigRealTest#testSubtract,4.000000
3145,org.apache.commons.math3.util.BigRealTest#testReciprocalOfZero,7.000000
3146,org.apache.commons.math3.util.BigRealTest#testDivide,4.000000
3147,org.apache.commons.math3.util.BigRealTest#testSerial,4.000000
3148,org.apache.commons.math3.util.BigRealTest#testDoubleValue,3.000000
3149,org.apache.commons.math3.util.Decimal64Test#testDivideField,4.000000
3150,org.apache.commons.math3.util.Decimal64Test#testAddField,4.000000
3151,org.apache.commons.math3.util.Decimal64Test#testEquals,2.000000
3152,org.apache.commons.math3.util.Decimal64Test#testMultiplyField,4.000000
3153,org.apache.commons.math3.util.Decimal64Test#testSubtractField,4.000000
3154,org.apache.commons.math3.util.PairTest#testAccessor2,5.000000
3155,org.apache.commons.math3.util.PairTest#testAccessor,3.000000
3156,org.apache.commons.math3.util.OpenIntToFieldTest#testPutAbsentOnExisting,32.000000
3157,org.apache.commons.math3.util.OpenIntToFieldTest#testPutKeysWithCollisions,34.000000
3158,org.apache.commons.math3.util.OpenIntToFieldTest#testCopy,32.000000
3159,org.apache.commons.math3.util.OpenIntToFieldTest#testContainsKey,31.000000
3160,org.apache.commons.math3.util.OpenIntToFieldTest#testRemoveAbsent,32.000000
3161,org.apache.commons.math3.util.OpenIntToFieldTest#testPutAndGet,31.000000
3162,org.apache.commons.math3.util.OpenIntToFieldTest#testRemove2,34.000000
3163,org.apache.commons.math3.util.OpenIntToFieldTest#testConcurrentModification,30.000000
3164,org.apache.commons.math3.util.OpenIntToFieldTest#testGetAbsent,30.000000
3165,org.apache.commons.math3.util.OpenIntToFieldTest#testGetFromEmpty,24.000000
3166,org.apache.commons.math3.util.OpenIntToFieldTest#testPutOnExisting,32.000000
3167,org.apache.commons.math3.util.OpenIntToFieldTest#testRemove,33.000000
3168,org.apache.commons.math3.util.OpenIntToFieldTest#testIterator,38.000000
3169,org.apache.commons.math3.util.OpenIntToFieldTest#testRemoveFromEmpty,24.000000
3170,org.apache.commons.math3.util.MathUtilsTest#testNormalizeAngle,3.000000
3171,org.apache.commons.math3.util.MathUtilsTest#testIndicatorInt,1.000000
3172,org.apache.commons.math3.util.MathUtilsTest#testReduceComparedWithNormalizeAngle,4.000000
3173,org.apache.commons.math3.util.MathUtilsTest#testHash,1.000000
3174,org.apache.commons.math3.util.MathUtilsTest#testArrayHash,2.000000
3175,org.apache.commons.math3.util.MathUtilsTest#testSignByte,1.000000
3176,org.apache.commons.math3.util.MathUtilsTest#testCopySignByte2,6.000000
3177,org.apache.commons.math3.util.MathUtilsTest#testIndicatorByte,1.000000
3178,org.apache.commons.math3.util.MathUtilsTest#testIndicatorLong,1.000000
3179,org.apache.commons.math3.util.MathUtilsTest#testCheckNotNull1,8.000000
3180,org.apache.commons.math3.util.MathUtilsTest#testCheckNotNull2,7.000000
3181,org.apache.commons.math3.util.MathUtilsTest#testReduce,3.000000
3182,org.apache.commons.math3.util.MathUtilsTest#testSignInt,1.000000
3183,org.apache.commons.math3.util.MathUtilsTest#testSignShort,1.000000
3184,org.apache.commons.math3.util.FastMathTestPerformance#testAbs,1.000000
3185,org.apache.commons.math3.util.FastMathTestPerformance#testCos,9.000000
3186,org.apache.commons.math3.util.FastMathTestPerformance#testExp,6.000000
3187,org.apache.commons.math3.util.FastMathTestPerformance#testLog,3.000000
3188,org.apache.commons.math3.util.FastMathTestPerformance#testPow,8.000000
3189,org.apache.commons.math3.util.FastMathTestPerformance#testSin,9.000000
3190,org.apache.commons.math3.util.FastMathTestPerformance#testTan,8.000000
3191,org.apache.commons.math3.util.FastMathTestPerformance#testSimpleBenchmark,74.000000
3192,org.apache.commons.math3.util.FastMathTestPerformance#testAtan2,5.000000
3193,org.apache.commons.math3.util.FastMathTestPerformance#testExpm1,7.000000
3194,org.apache.commons.math3.util.FastMathTestPerformance#testHypot,5.000000
3195,org.apache.commons.math3.util.FastMathTestPerformance#testLog10,3.000000
3196,org.apache.commons.math3.util.FastMathTestPerformance#testLog1p,3.000000
3197,org.apache.commons.math3.util.FastMathTestPerformance#testAcos,4.000000
3198,org.apache.commons.math3.util.FastMathTestPerformance#testAsin,3.000000
3199,org.apache.commons.math3.util.FastMathTestPerformance#testAtan,2.000000
3200,org.apache.commons.math3.util.FastMathTestPerformance#testCbrt,1.000000
3201,org.apache.commons.math3.util.FastMathTestPerformance#testCosh,7.000000
3202,org.apache.commons.math3.util.FastMathTestPerformance#testSinh,8.000000
3203,org.apache.commons.math3.util.FastMathTestPerformance#testSqrt,1.000000
3204,org.apache.commons.math3.util.FastMathTestPerformance#testTanh,7.000000
3205,org.apache.commons.math3.util.PrecisionTest#testEqualsIncludingNaNWithAllowedDelta,5.000000
3206,org.apache.commons.math3.util.PrecisionTest#testMath475,6.000000
3207,org.apache.commons.math3.util.PrecisionTest#testMath843,1.000000
3208,org.apache.commons.math3.util.PrecisionTest#testEqualsWithAllowedUlps,5.000000
3209,org.apache.commons.math3.util.PrecisionTest#testEqualsWithAllowedDelta,4.000000
3210,org.apache.commons.math3.util.PrecisionTest#testIssue721,1.000000
3211,org.apache.commons.math3.util.PrecisionTest#testCompareToMaxUlps,5.000000
3212,org.apache.commons.math3.util.PrecisionTest#testEqualsIncludingNaN,3.000000
3213,org.apache.commons.math3.util.MathArraysTest#testCopyOfInt,3.000000
3214,org.apache.commons.math3.util.MathArraysTest#testCopyOfDouble2,2.000000
3215,org.apache.commons.math3.util.MathArraysTest#testCopyOfDouble3,2.000000
3216,org.apache.commons.math3.util.MathArraysTest#testSortInPlace,7.000000
3217,org.apache.commons.math3.util.MathArraysTest#testCopyOfInt2,2.000000
3218,org.apache.commons.math3.util.MathArraysTest#testCopyOfInt3,2.000000
3219,org.apache.commons.math3.util.MathArraysTest#testLinearCombinationWithSingleElementArray,1.000000
3220,org.apache.commons.math3.util.MathArraysTest#testNormalizeArray,11.000000
3221,org.apache.commons.math3.util.MathArraysTest#testL1DistanceDouble,4.000000
3222,org.apache.commons.math3.util.MathArraysTest#testCheckOrder,11.000000
3223,org.apache.commons.math3.util.MathArraysTest#testEbeMultiply,1.000000
3224,org.apache.commons.math3.util.MathArraysTest#testL2DistanceInt,4.000000
3225,org.apache.commons.math3.util.MathArraysTest#testLInfDistanceDouble,5.000000
3226,org.apache.commons.math3.util.MathArraysTest#testArrayEquals,5.000000
3227,org.apache.commons.math3.util.MathArraysTest#testShuffleHead,16.000000
3228,org.apache.commons.math3.util.MathArraysTest#testShuffleTail,16.000000
3229,org.apache.commons.math3.util.MathArraysTest#testL2DistanceDouble,4.000000
3230,org.apache.commons.math3.util.MathArraysTest#testLinearCombinationInfinite,4.000000
3231,org.apache.commons.math3.util.MathArraysTest#testSortInPlaceExample,7.000000
3232,org.apache.commons.math3.util.MathArraysTest#testLinearCombination1,3.000000
3233,org.apache.commons.math3.util.MathArraysTest#testLinearCombination2,10.000000
3234,org.apache.commons.math3.util.MathArraysTest#testEbeDividePrecondition,9.000000
3235,org.apache.commons.math3.util.MathArraysTest#testCheckPositive,10.000000
3236,org.apache.commons.math3.util.MathArraysTest#testScaleInPlace,1.000000
3237,org.apache.commons.math3.util.MathArraysTest#testCheckNonNegative,10.000000
3238,org.apache.commons.math3.util.MathArraysTest#testEbeAdd,1.000000
3239,org.apache.commons.math3.util.MathArraysTest#testCopyOfDouble,3.000000
3240,org.apache.commons.math3.util.MathArraysTest#testSortInPlaceFailures,13.000000
3241,org.apache.commons.math3.util.MathArraysTest#testEbeSubtractPrecondition,9.000000
3242,org.apache.commons.math3.util.TransformerMapTest#testContainsTransformer,4.000000
3243,org.apache.commons.math3.util.TransformerMapTest#testContainsClass,4.000000
3244,org.apache.commons.math3.complex.ComplexFormatTest#testParseNegativeImaginary,16.000000
3245,org.apache.commons.math3.complex.ComplexFormatTest#testConstructorSingleFormat,7.000000
3246,org.apache.commons.math3.complex.ComplexFormatTest#testParseSimpleWithDecimals,16.000000
3247,org.apache.commons.math3.complex.ComplexFormatTest#testZeroImaginary,13.000000
3248,org.apache.commons.math3.complex.ComplexFormatTest#testDifferentImaginaryChar,16.000000
3249,org.apache.commons.math3.complex.ComplexFormatTest#testNan,16.000000
3250,org.apache.commons.math3.complex.ComplexFormatTest#testSimpleWithDecimalsTrunc,16.000000
3251,org.apache.commons.math3.complex.ComplexFormatTest#testGetRealFormat,7.000000
3252,org.apache.commons.math3.complex.ComplexFormatTest#testParseNegativeBoth,16.000000
3253,org.apache.commons.math3.complex.ComplexFormatTest#testParseNegativeReal,16.000000
3254,org.apache.commons.math3.complex.ComplexFormatTest#testGetImaginaryFormat,7.000000
3255,org.apache.commons.math3.complex.ComplexFormatTest#testParseSimpleWithDecimalsTrunc,16.000000
3256,org.apache.commons.math3.complex.ComplexFormatTest#testNegativeInfinity,16.000000
3257,org.apache.commons.math3.complex.ComplexFormatTest#testTrimOneImaginary,16.000000
3258,org.apache.commons.math3.complex.ComplexFormatTest#testParseDifferentImaginaryChar,16.000000
3259,org.apache.commons.math3.complex.ComplexFormatTest#testSimpleNoDecimals,16.000000
3260,org.apache.commons.math3.complex.ComplexFormatTest#testZeroReal,16.000000
3261,org.apache.commons.math3.complex.ComplexFormatTest#testNegativeBoth,16.000000
3262,org.apache.commons.math3.complex.ComplexFormatTest#testNegativeReal,16.000000
3263,org.apache.commons.math3.complex.ComplexFormatTest#testNegativeImaginary,16.000000
3264,org.apache.commons.math3.complex.ComplexFormatTest#testParseSimpleNoDecimals,16.000000
3265,org.apache.commons.math3.complex.ComplexFormatTest#testPositiveInfinity,16.000000
3266,org.apache.commons.math3.complex.ComplexFormatTest#testForgottenImaginaryCharacter,15.000000
3267,org.apache.commons.math3.complex.ComplexFormatTest#testParseZeroReal,16.000000
3268,org.apache.commons.math3.complex.ComplexFormatTest#testParseNan,17.000000
3269,org.apache.commons.math3.complex.ComplexFormatTest#testParseZeroImaginary,14.000000
3270,org.apache.commons.math3.complex.ComplexFormatTest#testParsePositiveInfinity,17.000000
3271,org.apache.commons.math3.complex.ComplexFormatTest#testSimpleWithDecimals,16.000000
3272,org.apache.commons.math3.complex.RootsOfUnityTest#testZeroNumberOfRoots,9.000000
3273,org.apache.commons.math3.complex.RootsOfUnityTest#testMathIllegalState1,7.000000
3274,org.apache.commons.math3.complex.RootsOfUnityTest#testMathIllegalState2,7.000000
3275,org.apache.commons.math3.complex.RootsOfUnityTest#testMathIllegalState3,7.000000
3276,org.apache.commons.math3.complex.RootsOfUnityTest#testGetNumberOfRoots,10.000000
3277,org.apache.commons.math3.complex.ComplexUtilsTest#testPolar2ComplexNaN,10.000000
3278,org.apache.commons.math3.complex.ComplexUtilsTest#testPolar2ComplexIllegalModulus,7.000000
3279,org.apache.commons.math3.complex.ComplexUtilsTest#testConvertToComplex,3.000000
3280,org.apache.commons.math3.complex.ComplexUtilsTest#testPolar2Complex,25.000000
3281,org.apache.commons.math3.complex.ComplexTest#testReciprocalZero,3.000000
3282,org.apache.commons.math3.complex.ComplexTest#testNthRoot_cornercase_NAN_Inf,4.000000
3283,org.apache.commons.math3.complex.ComplexTest#testTanhNaN,3.000000
3284,org.apache.commons.math3.complex.ComplexTest#testScalarDivideNaN,6.000000
3285,org.apache.commons.math3.complex.ComplexTest#testScalarMultiplyInf,6.000000
3286,org.apache.commons.math3.complex.ComplexTest#testScalarMultiplyNaN,6.000000
3287,org.apache.commons.math3.complex.ComplexTest#testDivideImaginary,9.000000
3288,org.apache.commons.math3.complex.ComplexTest#testAcosNaN,3.000000
3289,org.apache.commons.math3.complex.ComplexTest#testEqualsClass,2.000000
3290,org.apache.commons.math3.complex.ComplexTest#testAbs,5.000000
3291,org.apache.commons.math3.complex.ComplexTest#testAdd,6.000000
3292,org.apache.commons.math3.complex.ComplexTest#testExp,24.000000
3293,org.apache.commons.math3.complex.ComplexTest#testLog,15.000000
3294,org.apache.commons.math3.complex.ComplexTest#testPow,35.000000
3295,org.apache.commons.math3.complex.ComplexTest#testSubtract,6.000000
3296,org.apache.commons.math3.complex.ComplexTest#testDivideNaNInf,8.000000
3297,org.apache.commons.math3.complex.ComplexTest#testAcos,24.000000
3298,org.apache.commons.math3.complex.ComplexTest#testAtan,21.000000
3299,org.apache.commons.math3.complex.ComplexTest#testTanh,22.000000
3300,org.apache.commons.math3.complex.ComplexTest#testAsinInf,18.000000
3301,org.apache.commons.math3.complex.ComplexTest#testAsinNaN,3.000000
3302,org.apache.commons.math3.complex.ComplexTest#testAtanInf,13.000000
3303,org.apache.commons.math3.complex.ComplexTest#testAtanNaN,3.000000
3304,org.apache.commons.math3.complex.ComplexTest#testReciprocal,7.000000
3305,org.apache.commons.math3.complex.ComplexTest#testScalarAddInf,9.000000
3306,org.apache.commons.math3.complex.ComplexTest#testScalarAddNaN,6.000000
3307,org.apache.commons.math3.complex.ComplexTest#testScalarPowZero,30.000000
3308,org.apache.commons.math3.complex.ComplexTest#testScalarDivide,11.000000
3309,org.apache.commons.math3.complex.ComplexTest#testDivideInf,9.000000
3310,org.apache.commons.math3.complex.ComplexTest#testDivideNaN,4.000000
3311,org.apache.commons.math3.complex.ComplexTest#testEqualsRealDifference,2.000000
3312,org.apache.commons.math3.complex.ComplexTest#testNegateNaN,3.000000
3313,org.apache.commons.math3.complex.ComplexTest#testTanhCritical,22.000000
3314,org.apache.commons.math3.complex.ComplexTest#testPowZero,31.000000
3315,org.apache.commons.math3.complex.ComplexTest#testScalarPowInf,19.000000
3316,org.apache.commons.math3.complex.ComplexTest#testSqrtImaginaryZero,10.000000
3317,org.apache.commons.math3.complex.ComplexTest#testSqrtRealPositive,9.000000
3318,org.apache.commons.math3.complex.ComplexTest#testEqualsNull,2.000000
3319,org.apache.commons.math3.complex.ComplexTest#testEqualsSame,2.000000
3320,org.apache.commons.math3.complex.ComplexTest#testEqualsTrue,2.000000
3321,org.apache.commons.math3.complex.ComplexTest#testSqrt1zNaN,8.000000
3322,org.apache.commons.math3.complex.ComplexTest#testSqrtRealNegative,10.000000
3323,org.apache.commons.math3.complex.ComplexTest#testScalarPowNaNBase,10.000000
3324,org.apache.commons.math3.complex.ComplexTest#testGetArgument,7.000000
3325,org.apache.commons.math3.complex.ComplexTest#testSqrtPolar,21.000000
3326,org.apache.commons.math3.complex.ComplexTest#testMultiplyNaN,4.000000
3327,org.apache.commons.math3.complex.ComplexTest#testLogZero,11.000000
3328,org.apache.commons.math3.complex.ComplexTest#testConjugate,5.000000
3329,org.apache.commons.math3.complex.ComplexTest#testMultiplyInfInf,4.000000
3330,org.apache.commons.math3.complex.ComplexTest#testMultiplyNaNInf,6.000000
3331,org.apache.commons.math3.complex.ComplexTest#testEqualsImaginaryDifference,2.000000
3332,org.apache.commons.math3.complex.ComplexTest#testScalarSubtractNaN,6.000000
3333,org.apache.commons.math3.complex.ComplexTest#testTanCritical,22.000000
3334,org.apache.commons.math3.complex.ComplexTest#testPowNaNBase,7.000000
3335,org.apache.commons.math3.complex.ComplexTest#testMath221,5.000000
3336,org.apache.commons.math3.complex.ComplexTest#testNthRoot_cornercase_thirdRoot_imaginaryPartEmpty,29.000000
3337,org.apache.commons.math3.complex.ComplexTest#testGetArgumentInf,5.000000
3338,org.apache.commons.math3.complex.ComplexTest#testGetArgumentNaN,5.000000
3339,org.apache.commons.math3.complex.ComplexTest#testConstructorNaN,2.000000
3340,org.apache.commons.math3.complex.ComplexTest#testCoshInf,19.000000
3341,org.apache.commons.math3.complex.ComplexTest#testCoshNaN,3.000000
3342,org.apache.commons.math3.complex.ComplexTest#testPowNaNExponent,18.000000
3343,org.apache.commons.math3.complex.ComplexTest#testSqrtRealZero,9.000000
3344,org.apache.commons.math3.complex.ComplexTest#testSqrtImaginaryNegative,10.000000
3345,org.apache.commons.math3.complex.ComplexTest#testReciprocalInf,3.000000
3346,org.apache.commons.math3.complex.ComplexTest#testReciprocalNaN,3.000000
3347,org.apache.commons.math3.complex.ComplexTest#testNthRoot_cornercase_thirdRoot_realPartZero,29.000000
3348,org.apache.commons.math3.complex.ComplexTest#testScalarDivideZero,6.000000
3349,org.apache.commons.math3.complex.ComplexTest#testScalarSubtract,9.000000
3350,org.apache.commons.math3.complex.ComplexTest#testAbsNaN,2.000000
3351,org.apache.commons.math3.complex.ComplexTest#testAddInf,6.000000
3352,org.apache.commons.math3.complex.ComplexTest#testAddNaN,3.000000
3353,org.apache.commons.math3.complex.ComplexTest#testCosInf,19.000000
3354,org.apache.commons.math3.complex.ComplexTest#testCosNaN,3.000000
3355,org.apache.commons.math3.complex.ComplexTest#testDivide,8.000000
3356,org.apache.commons.math3.complex.ComplexTest#testExpInf,17.000000
3357,org.apache.commons.math3.complex.ComplexTest#testExpNaN,3.000000
3358,org.apache.commons.math3.complex.ComplexTest#testMultiply,6.000000
3359,org.apache.commons.math3.complex.ComplexTest#testDivideReal,9.000000
3360,org.apache.commons.math3.complex.ComplexTest#testDivideZero,6.000000
3361,org.apache.commons.math3.complex.ComplexTest#testEqualsNaN,2.000000
3362,org.apache.commons.math3.complex.ComplexTest#testLogInf,10.000000
3363,org.apache.commons.math3.complex.ComplexTest#testLogNaN,3.000000
3364,org.apache.commons.math3.complex.ComplexTest#testNegate,5.000000
3365,org.apache.commons.math3.complex.ComplexTest#testPowInf,20.000000
3366,org.apache.commons.math3.complex.ComplexTest#testConjugateInfiinite,4.000000
3367,org.apache.commons.math3.complex.ComplexTest#testSinhInf,19.000000
3368,org.apache.commons.math3.complex.ComplexTest#testSinhNaN,3.000000
3369,org.apache.commons.math3.complex.ComplexTest#testSinInf,19.000000
3370,org.apache.commons.math3.complex.ComplexTest#testSinNaN,3.000000
3371,org.apache.commons.math3.complex.ComplexTest#testSqrt1z,13.000000
3372,org.apache.commons.math3.complex.ComplexTest#testTanInf,6.000000
3373,org.apache.commons.math3.complex.ComplexTest#testTanNaN,3.000000
3374,org.apache.commons.math3.complex.ComplexTest#testNthRoot_normal_thirdRoot,31.000000
3375,org.apache.commons.math3.complex.ComplexTest#testpowNull,10.000000
3376,org.apache.commons.math3.complex.ComplexTest#testSubtractInf,6.000000
3377,org.apache.commons.math3.complex.ComplexTest#testSubtractNaN,3.000000
3378,org.apache.commons.math3.complex.ComplexTest#testAbsInfinite,3.000000
3379,org.apache.commons.math3.complex.ComplexTest#testSqrtInf,10.000000
3380,org.apache.commons.math3.complex.ComplexTest#testSqrtNaN,3.000000
3381,org.apache.commons.math3.complex.ComplexTest#testDivideZeroZero,6.000000
3382,org.apache.commons.math3.complex.ComplexTest#testConstructor,3.000000
3383,org.apache.commons.math3.complex.ComplexTest#testScalarPowNaNExponent,21.000000
3384,org.apache.commons.math3.complex.ComplexTest#testReciprocalImaginary,5.000000
3385,org.apache.commons.math3.complex.FrenchComplexFormatTest#testParseNegativeImaginary,16.000000
3386,org.apache.commons.math3.complex.FrenchComplexFormatTest#testConstructorSingleFormat,7.000000
3387,org.apache.commons.math3.complex.FrenchComplexFormatTest#testParseSimpleWithDecimals,16.000000
3388,org.apache.commons.math3.complex.FrenchComplexFormatTest#testZeroImaginary,13.000000
3389,org.apache.commons.math3.complex.FrenchComplexFormatTest#testDifferentImaginaryChar,16.000000
3390,org.apache.commons.math3.complex.FrenchComplexFormatTest#testFormatNumber,13.000000
3391,org.apache.commons.math3.complex.FrenchComplexFormatTest#testNan,16.000000
3392,org.apache.commons.math3.complex.FrenchComplexFormatTest#testSimpleWithDecimalsTrunc,16.000000
3393,org.apache.commons.math3.complex.FrenchComplexFormatTest#testGetRealFormat,7.000000
3394,org.apache.commons.math3.complex.FrenchComplexFormatTest#testParseNegativeBoth,16.000000
3395,org.apache.commons.math3.complex.FrenchComplexFormatTest#testParseNegativeReal,16.000000
3396,org.apache.commons.math3.complex.FrenchComplexFormatTest#testGetImaginaryFormat,7.000000
3397,org.apache.commons.math3.complex.FrenchComplexFormatTest#testParseSimpleWithDecimalsTrunc,16.000000
3398,org.apache.commons.math3.complex.FrenchComplexFormatTest#testNegativeInfinity,16.000000
3399,org.apache.commons.math3.complex.FrenchComplexFormatTest#testTrimOneImaginary,16.000000
3400,org.apache.commons.math3.complex.FrenchComplexFormatTest#testPaseNegativeInfinity,17.000000
3401,org.apache.commons.math3.complex.FrenchComplexFormatTest#testParseDifferentImaginaryChar,16.000000
3402,org.apache.commons.math3.complex.FrenchComplexFormatTest#testDefaultFormatComplex,18.000000
3403,org.apache.commons.math3.complex.FrenchComplexFormatTest#testSimpleNoDecimals,16.000000
3404,org.apache.commons.math3.complex.FrenchComplexFormatTest#testZeroReal,16.000000
3405,org.apache.commons.math3.complex.FrenchComplexFormatTest#testNegativeBoth,16.000000
3406,org.apache.commons.math3.complex.FrenchComplexFormatTest#testNegativeReal,16.000000
3407,org.apache.commons.math3.complex.FrenchComplexFormatTest#testNegativeImaginary,16.000000
3408,org.apache.commons.math3.complex.FrenchComplexFormatTest#testParseSimpleNoDecimals,16.000000
3409,org.apache.commons.math3.complex.FrenchComplexFormatTest#testPositiveInfinity,16.000000
3410,org.apache.commons.math3.complex.FrenchComplexFormatTest#testForgottenImaginaryCharacter,15.000000
3411,org.apache.commons.math3.complex.FrenchComplexFormatTest#testParseZeroReal,16.000000
3412,org.apache.commons.math3.complex.FrenchComplexFormatTest#testParseNan,17.000000
3413,org.apache.commons.math3.complex.FrenchComplexFormatTest#testParseZeroImaginary,14.000000
3414,org.apache.commons.math3.complex.FrenchComplexFormatTest#testParsePositiveInfinity,17.000000
3415,org.apache.commons.math3.complex.FrenchComplexFormatTest#testSimpleWithDecimals,16.000000
3416,org.apache.commons.math3.complex.QuaternionTest#testAccessors1,5.000000
3417,org.apache.commons.math3.complex.QuaternionTest#testAccessors2,7.000000
3418,org.apache.commons.math3.complex.QuaternionTest#testAccessors3,8.000000
3419,org.apache.commons.math3.complex.QuaternionTest#testWrongDimension,11.000000
3420,org.apache.commons.math3.complex.QuaternionTest#testNorm,10.000000
3421,org.apache.commons.math3.complex.QuaternionTest#testIsUnitQuaternion,9.000000
3422,org.apache.commons.math3.complex.QuaternionTest#testConjugate,6.000000
3423,org.apache.commons.math3.complex.QuaternionTest#testNormalizeFail,11.000000
3424,org.apache.commons.math3.complex.QuaternionTest#testNormalize,8.000000
3425,org.apache.commons.math3.complex.QuaternionTest#testQuaternionEquals,10.000000
3426,org.apache.commons.math3.complex.QuaternionTest#testProductQuaternionVector,23.000000
3427,org.apache.commons.math3.optimization.SimpleVectorValueCheckerTest#testIterationCheckPrecondition,11.000000
3428,org.apache.commons.math3.optimization.fitting.GaussianFitterTest#testFit02,20.000000
3429,org.apache.commons.math3.optimization.SimplePointCheckerTest#testIterationCheckPrecondition,11.000000
3430,org.apache.commons.math3.optimization.direct.BOBYQAOptimizerTest#testInitOutOfBounds,27.000000
3431,org.apache.commons.math3.optimization.direct.BOBYQAOptimizerTest#testBoundariesDimensionMismatch,27.000000
3432,org.apache.commons.math3.optimization.direct.CMAESOptimizerTest#testInputSigmaNegative,28.000000
3433,org.apache.commons.math3.optimization.direct.CMAESOptimizerTest#testInputSigmaDimensionMismatch,44.000000
3434,org.apache.commons.math3.optimization.direct.CMAESOptimizerTest#testBoundariesDimensionMismatch,42.000000
3435,org.apache.commons.math3.optimization.direct.CMAESOptimizerTest#testInitOutofbounds1,42.000000
3436,org.apache.commons.math3.optimization.direct.CMAESOptimizerTest#testInitOutofbounds2,42.000000
3437,org.apache.commons.math3.optimization.direct.PowellOptimizerTest#testQuadratic,68.000000
3438,org.apache.commons.math3.optimization.direct.PowellOptimizerTest#testMaximizeQuadratic,68.000000
3439,org.apache.commons.math3.optimization.SimpleValueCheckerTest#testIterationCheckPrecondition,11.000000
3440,org.apache.commons.math3.optimization.univariate.SimpleUnivariateValueCheckerTest#testIterationCheckPrecondition,11.000000
3441,org.apache.commons.math3.optimization.univariate.SimpleUnivariateValueCheckerTest#testIterationCheckDisabled,9.000000
3442,org.apache.commons.math3.optimization.univariate.UnivariateMultiStartOptimizerTest#testQuinticMin,38.000000
3443,org.apache.commons.math3.optimization.univariate.UnivariateMultiStartOptimizerTest#testBadFunction,30.000000
3444,org.apache.commons.math3.optimization.univariate.BracketFinderTest#testMinimumIsOnIntervalBoundary,13.000000
3445,org.apache.commons.math3.optimization.univariate.BracketFinderTest#testCubicMax,14.000000
3446,org.apache.commons.math3.optimization.univariate.BracketFinderTest#testCubicMin,14.000000
3447,org.apache.commons.math3.optimization.univariate.BracketFinderTest#testIntervalBoundsOrdering,13.000000
3448,org.apache.commons.math3.optimization.univariate.BrentOptimizerTest#testBoundaries,29.000000
3449,org.apache.commons.math3.optimization.univariate.BrentOptimizerTest#testQuinticMax,41.000000
3450,org.apache.commons.math3.optimization.univariate.BrentOptimizerTest#testQuinticMin,31.000000
3451,org.apache.commons.math3.optimization.univariate.BrentOptimizerTest#testMinEndpoints,40.000000
3452,org.apache.commons.math3.optimization.univariate.BrentOptimizerTest#testKeepInitIfBest,53.000000
3453,org.apache.commons.math3.optimization.univariate.BrentOptimizerTest#testMath832,29.000000
3454,org.apache.commons.math3.optimization.univariate.BrentOptimizerTest#testSinMinWithValueChecker,45.000000
3455,org.apache.commons.math3.linear.MatrixUtilsTest#testCheckSymmetric1,30.000000
3456,org.apache.commons.math3.linear.MatrixUtilsTest#testcreateFieldIdentityMatrix,43.000000
3457,org.apache.commons.math3.linear.MatrixUtilsTest#testCreateRealMatrix,48.000000
3458,org.apache.commons.math3.linear.MatrixUtilsTest#testIsSymmetric,30.000000
3459,org.apache.commons.math3.linear.MatrixUtilsTest#testCreateIdentityMatrix,34.000000
3460,org.apache.commons.math3.linear.SymmLQTest#testNonSquarePreconditioner,36.000000
3461,org.apache.commons.math3.linear.SymmLQTest#testDimensionMismatchSolution,38.000000
3462,org.apache.commons.math3.linear.SparseFieldVectorTest#testOuterProduct,47.000000
3463,org.apache.commons.math3.linear.BlockFieldMatrixTest#testExamples,64.000000
3464,org.apache.commons.math3.linear.BlockFieldMatrixTest#testGetEntry,33.000000
3465,org.apache.commons.math3.linear.BlockFieldMatrixTest#testAddFail,31.000000
3466,org.apache.commons.math3.linear.BlockFieldMatrixTest#testAdd,33.000000
3467,org.apache.commons.math3.linear.BlockFieldMatrixTest#testScalarAdd,34.000000
3468,org.apache.commons.math3.linear.BlockFieldMatrixTest#testToString,27.000000
3469,org.apache.commons.math3.linear.BlockFieldMatrixTest#testSetRowMatrix,42.000000
3470,org.apache.commons.math3.linear.BlockFieldMatrixTest#testSetRowVector,48.000000
3471,org.apache.commons.math3.linear.BlockFieldMatrixTest#testMultiply2,38.000000
3472,org.apache.commons.math3.linear.BlockFieldMatrixTest#testDimensions,23.000000
3473,org.apache.commons.math3.linear.BlockFieldMatrixTest#testCopySubMatrix,47.000000
3474,org.apache.commons.math3.linear.BlockFieldMatrixTest#testGetSetRowLarge,25.000000
3475,org.apache.commons.math3.linear.BlockFieldMatrixTest#testPremultiplyVector,40.000000
3476,org.apache.commons.math3.linear.BlockFieldMatrixTest#testCopyFunctions,32.000000
3477,org.apache.commons.math3.linear.BlockFieldMatrixTest#testMath209,30.000000
3478,org.apache.commons.math3.linear.BlockFieldMatrixTest#testOperateLarge,35.000000
3479,org.apache.commons.math3.linear.BlockFieldMatrixTest#testGetVectors,35.000000
3480,org.apache.commons.math3.linear.BlockFieldMatrixTest#testSetColumn,36.000000
3481,org.apache.commons.math3.linear.BlockFieldMatrixTest#testGetColumnMatrix,38.000000
3482,org.apache.commons.math3.linear.BlockFieldMatrixTest#testGetColumn,32.000000
3483,org.apache.commons.math3.linear.BlockFieldMatrixTest#testGetColumnVector,38.000000
3484,org.apache.commons.math3.linear.BlockFieldMatrixTest#testMultiply,45.000000
3485,org.apache.commons.math3.linear.BlockFieldMatrixTest#testGetRow,32.000000
3486,org.apache.commons.math3.linear.BlockFieldMatrixTest#testSetRow,36.000000
3487,org.apache.commons.math3.linear.BlockFieldMatrixTest#testSetColumnMatrix,42.000000
3488,org.apache.commons.math3.linear.BlockFieldMatrixTest#testGetRowMatrix,38.000000
3489,org.apache.commons.math3.linear.BlockFieldMatrixTest#testSetColumnVector,45.000000
3490,org.apache.commons.math3.linear.BlockFieldMatrixTest#testSetSubMatrix,43.000000
3491,org.apache.commons.math3.linear.BlockFieldMatrixTest#testGetRowVector,38.000000
3492,org.apache.commons.math3.linear.FieldLUDecompositionTest#testPPermutation,50.000000
3493,org.apache.commons.math3.linear.FieldLUDecompositionTest#testUUpperTriangular,38.000000
3494,org.apache.commons.math3.linear.FieldLUDecompositionTest#testDimensions,40.000000
3495,org.apache.commons.math3.linear.FieldLUDecompositionTest#testNonSquare,30.000000
3496,org.apache.commons.math3.linear.FieldLUDecompositionTest#testSingular,34.000000
3497,org.apache.commons.math3.linear.FieldLUDecompositionTest#testLLowerTriangular,39.000000
3498,org.apache.commons.math3.linear.FieldLUDecompositionTest#testMatricesValues2,41.000000
3499,org.apache.commons.math3.linear.SparseRealMatrixTest#testExamples,69.000000
3500,org.apache.commons.math3.linear.SparseRealMatrixTest#testGetEntry,38.000000
3501,org.apache.commons.math3.linear.SparseRealMatrixTest#testAdd,46.000000
3502,org.apache.commons.math3.linear.SparseRealMatrixTest#testNorm,38.000000
3503,org.apache.commons.math3.linear.SparseRealMatrixTest#testToString,35.000000
3504,org.apache.commons.math3.linear.SparseRealMatrixTest#testMultiply2,58.000000
3505,org.apache.commons.math3.linear.SparseRealMatrixTest#testDimensions,30.000000
3506,org.apache.commons.math3.linear.SparseRealMatrixTest#testCopyFunctions,36.000000
3507,org.apache.commons.math3.linear.SparseRealMatrixTest#testMath209,31.000000
3508,org.apache.commons.math3.linear.SparseRealMatrixTest#testGetVectors,40.000000
3509,org.apache.commons.math3.linear.SparseRealMatrixTest#testGetColumnMatrix,40.000000
3510,org.apache.commons.math3.linear.SparseRealMatrixTest#testGetColumnVector,49.000000
3511,org.apache.commons.math3.linear.SparseRealMatrixTest#testGetRowMatrix,40.000000
3512,org.apache.commons.math3.linear.SparseRealMatrixTest#testGetRowVector,50.000000
3513,org.apache.commons.math3.linear.LUDecompositionTest#testUUpperTriangular,32.000000
3514,org.apache.commons.math3.linear.LUDecompositionTest#testNonSquare,28.000000
3515,org.apache.commons.math3.linear.LUDecompositionTest#testLLowerTriangular,32.000000
3516,org.apache.commons.math3.linear.FrenchRealVectorFormatTest#testForgottenSeparator,11.000000
3517,org.apache.commons.math3.linear.FrenchRealVectorFormatTest#testParseZeroX,18.000000
3518,org.apache.commons.math3.linear.FrenchRealVectorFormatTest#testNan,12.000000
3519,org.apache.commons.math3.linear.FrenchRealVectorFormatTest#testSimpleWithDecimalsTrunc,12.000000
3520,org.apache.commons.math3.linear.FrenchRealVectorFormatTest#testParseNegativeX,18.000000
3521,org.apache.commons.math3.linear.FrenchRealVectorFormatTest#testParseNegativeY,18.000000
3522,org.apache.commons.math3.linear.FrenchRealVectorFormatTest#testParseNegativeZ,18.000000
3523,org.apache.commons.math3.linear.FrenchRealVectorFormatTest#testParseNegativeAll,18.000000
3524,org.apache.commons.math3.linear.FrenchRealVectorFormatTest#testForgottenPrefix,10.000000
3525,org.apache.commons.math3.linear.FrenchRealVectorFormatTest#testForgottenSuffix,11.000000
3526,org.apache.commons.math3.linear.FrenchRealVectorFormatTest#testNegativeX,12.000000
3527,org.apache.commons.math3.linear.FrenchRealVectorFormatTest#testNegativeY,12.000000
3528,org.apache.commons.math3.linear.FrenchRealVectorFormatTest#testNegativeZ,12.000000
3529,org.apache.commons.math3.linear.FrenchRealVectorFormatTest#testParseIgnoredWhitespace,17.000000
3530,org.apache.commons.math3.linear.FrenchRealVectorFormatTest#testParseSimpleWithDecimalsTrunc,18.000000
3531,org.apache.commons.math3.linear.FrenchRealVectorFormatTest#testParseNoComponents,19.000000
3532,org.apache.commons.math3.linear.FrenchRealVectorFormatTest#testParseManyComponents,14.000000
3533,org.apache.commons.math3.linear.FrenchRealVectorFormatTest#tesNegativeInfinity,12.000000
3534,org.apache.commons.math3.linear.FrenchRealVectorFormatTest#testParseNegativeInfinity,19.000000
3535,org.apache.commons.math3.linear.FrenchRealVectorFormatTest#testNonDefaultSetting,12.000000
3536,org.apache.commons.math3.linear.FrenchRealVectorFormatTest#testSimpleNoDecimals,12.000000
3537,org.apache.commons.math3.linear.FrenchRealVectorFormatTest#testParseSimpleNoDecimals,18.000000
3538,org.apache.commons.math3.linear.FrenchRealVectorFormatTest#testPositiveInfinity,12.000000
3539,org.apache.commons.math3.linear.FrenchRealVectorFormatTest#testParseNonDefaultSetting,18.000000
3540,org.apache.commons.math3.linear.FrenchRealVectorFormatTest#testParseNan,18.000000
3541,org.apache.commons.math3.linear.FrenchRealVectorFormatTest#testParsePositiveInfinity,19.000000
3542,org.apache.commons.math3.linear.FrenchRealVectorFormatTest#testSimpleWithDecimals,12.000000
3543,org.apache.commons.math3.linear.FieldLUSolverTest#testSolveDimensionErrors,51.000000
3544,org.apache.commons.math3.linear.FieldLUSolverTest#testSolveSingularityErrors,48.000000
3545,org.apache.commons.math3.linear.FieldLUSolverTest#testSingular,34.000000
3546,org.apache.commons.math3.linear.SingularValueDecompositionTest#testStability1,34.000000
3547,org.apache.commons.math3.linear.ConjugateGradientTest#testNonSquarePreconditioner,36.000000
3548,org.apache.commons.math3.linear.ConjugateGradientTest#testNonSquareOperator,37.000000
3549,org.apache.commons.math3.linear.ConjugateGradientTest#testDimensionMismatchSolution,38.000000
3550,org.apache.commons.math3.linear.ArrayFieldVectorTest#testZeroVectors,20.000000
3551,org.apache.commons.math3.linear.ArrayFieldVectorTest#testOuterProduct,25.000000
3552,org.apache.commons.math3.linear.BlockRealMatrixTest#testOperate,32.000000
3553,org.apache.commons.math3.linear.BlockRealMatrixTest#testGetEntry,29.000000
3554,org.apache.commons.math3.linear.BlockRealMatrixTest#testAddFail,27.000000
3555,org.apache.commons.math3.linear.BlockRealMatrixTest#testGetSetColumnLarge,23.000000
3556,org.apache.commons.math3.linear.BlockRealMatrixTest#testAdd,23.000000
3557,org.apache.commons.math3.linear.BlockRealMatrixTest#testScalarAdd,27.000000
3558,org.apache.commons.math3.linear.BlockRealMatrixTest#testTrace,31.000000
3559,org.apache.commons.math3.linear.BlockRealMatrixTest#testNorm,16.000000
3560,org.apache.commons.math3.linear.BlockRealMatrixTest#testToString,26.000000
3561,org.apache.commons.math3.linear.BlockRealMatrixTest#testGetSetRowVectorLarge,35.000000
3562,org.apache.commons.math3.linear.BlockRealMatrixTest#testSetRowMatrix,37.000000
3563,org.apache.commons.math3.linear.BlockRealMatrixTest#testMultiply2,29.000000
3564,org.apache.commons.math3.linear.BlockRealMatrixTest#testDimensions,16.000000
3565,org.apache.commons.math3.linear.BlockRealMatrixTest#testGetSetRowLarge,22.000000
3566,org.apache.commons.math3.linear.BlockRealMatrixTest#testPremultiplyVector,29.000000
3567,org.apache.commons.math3.linear.BlockRealMatrixTest#testCopyFunctions,27.000000
3568,org.apache.commons.math3.linear.BlockRealMatrixTest#testMath209,15.000000
3569,org.apache.commons.math3.linear.BlockRealMatrixTest#testGetVectors,29.000000
3570,org.apache.commons.math3.linear.BlockRealMatrixTest#testSetColumn,30.000000
3571,org.apache.commons.math3.linear.BlockRealMatrixTest#testGetColumnMatrix,33.000000
3572,org.apache.commons.math3.linear.BlockRealMatrixTest#testGetColumn,26.000000
3573,org.apache.commons.math3.linear.BlockRealMatrixTest#testGetColumnVector,36.000000
3574,org.apache.commons.math3.linear.BlockRealMatrixTest#testMultiply,36.000000
3575,org.apache.commons.math3.linear.BlockRealMatrixTest#testGetRow,26.000000
3576,org.apache.commons.math3.linear.BlockRealMatrixTest#testSerial,24.000000
3577,org.apache.commons.math3.linear.BlockRealMatrixTest#testSetRow,30.000000
3578,org.apache.commons.math3.linear.BlockRealMatrixTest#testSetColumnMatrix,37.000000
3579,org.apache.commons.math3.linear.BlockRealMatrixTest#testPremultiply,38.000000
3580,org.apache.commons.math3.linear.BlockRealMatrixTest#testGetRowMatrix,33.000000
3581,org.apache.commons.math3.linear.BlockRealMatrixTest#testSetColumnVector,43.000000
3582,org.apache.commons.math3.linear.BlockRealMatrixTest#testSetSubMatrix,39.000000
3583,org.apache.commons.math3.linear.BlockRealMatrixTest#testGetRowVector,37.000000
3584,org.apache.commons.math3.linear.OpenMapRealMatrixTest#testMath679,16.000000
3585,org.apache.commons.math3.linear.SparseFieldMatrixTest#testGetEntry,47.000000
3586,org.apache.commons.math3.linear.SparseFieldMatrixTest#testAddFail,46.000000
3587,org.apache.commons.math3.linear.SparseFieldMatrixTest#testAdd,47.000000
3588,org.apache.commons.math3.linear.SparseFieldMatrixTest#testTrace,53.000000
3589,org.apache.commons.math3.linear.SparseFieldMatrixTest#testMultiply2,48.000000
3590,org.apache.commons.math3.linear.SparseFieldMatrixTest#testDimensions,38.000000
3591,org.apache.commons.math3.linear.SparseFieldMatrixTest#testCopyFunctions,43.000000
3592,org.apache.commons.math3.linear.SparseFieldMatrixTest#testMath209,47.000000
3593,org.apache.commons.math3.linear.SparseFieldMatrixTest#testGetVectors,50.000000
3594,org.apache.commons.math3.linear.SparseFieldMatrixTest#testGetColumnMatrix,48.000000
3595,org.apache.commons.math3.linear.SparseFieldMatrixTest#testGetColumnVector,55.000000
3596,org.apache.commons.math3.linear.SparseFieldMatrixTest#testMultiply,65.000000
3597,org.apache.commons.math3.linear.SparseFieldMatrixTest#testTranspose,76.000000
3598,org.apache.commons.math3.linear.SparseFieldMatrixTest#testPremultiply,58.000000
3599,org.apache.commons.math3.linear.SparseFieldMatrixTest#testGetRowMatrix,48.000000
3600,org.apache.commons.math3.linear.SparseFieldMatrixTest#testGetRowVector,55.000000
3601,org.apache.commons.math3.linear.RealVectorTest#testSparseIterator,11.000000
3602,org.apache.commons.math3.linear.RealVectorTest#testAddMixedTypes,12.000000
3603,org.apache.commons.math3.linear.RealVectorTest#testProjectionSameType,21.000000
3604,org.apache.commons.math3.linear.RealVectorTest#testWalkInOptimizedOrderChangingVisitor3,5.000000
3605,org.apache.commons.math3.linear.RealVectorTest#testGetEntry,2.000000
3606,org.apache.commons.math3.linear.RealVectorTest#testUnitizeNullVector,17.000000
3607,org.apache.commons.math3.linear.RealVectorTest#testOuterProductSameType,21.000000
3608,org.apache.commons.math3.linear.RealVectorTest#testGetLInfDistanceMixedTypes,14.000000
3609,org.apache.commons.math3.linear.RealVectorTest#testCombineDimensionMismatchMixedTypes,13.000000
3610,org.apache.commons.math3.linear.RealVectorTest#testMapDivideToSelf,16.000000
3611,org.apache.commons.math3.linear.RealVectorTest#testMapMultiplyToSelf,16.000000
3612,org.apache.commons.math3.linear.RealVectorTest#testWalkInDefaultOrderChangingVisitor1,3.000000
3613,org.apache.commons.math3.linear.RealVectorTest#testWalkInDefaultOrderChangingVisitor2,11.000000
3614,org.apache.commons.math3.linear.RealVectorTest#testWalkInDefaultOrderChangingVisitor3,4.000000
3615,org.apache.commons.math3.linear.RealVectorTest#testCopy,2.000000
3616,org.apache.commons.math3.linear.RealVectorTest#testSetEntryInvalidIndex1,9.000000
3617,org.apache.commons.math3.linear.RealVectorTest#testSetEntryInvalidIndex2,9.000000
3618,org.apache.commons.math3.linear.RealVectorTest#testSubtractMixedTypes,20.000000
3619,org.apache.commons.math3.linear.RealVectorTest#testCosineLeftNullVector,17.000000
3620,org.apache.commons.math3.linear.RealVectorTest#testCombineDimensionMismatchSameType,13.000000
3621,org.apache.commons.math3.linear.RealVectorTest#testCosineMixedTypes,15.000000
3622,org.apache.commons.math3.linear.RealVectorTest#testDotProductSameType,5.000000
3623,org.apache.commons.math3.linear.RealVectorTest#testMapMultiply,17.000000
3624,org.apache.commons.math3.linear.RealVectorTest#testUnitize,19.000000
3625,org.apache.commons.math3.linear.RealVectorTest#testGetNorm,11.000000
3626,org.apache.commons.math3.linear.RealVectorTest#testDotProductDimensionMismatchMixedTypes,12.000000
3627,org.apache.commons.math3.linear.RealVectorTest#testCosineRightNullVector,17.000000
3628,org.apache.commons.math3.linear.RealVectorTest#testCombineToSelfDimensionMismatchMixedTypes,12.000000
3629,org.apache.commons.math3.linear.RealVectorTest#testCosineSameType,15.000000
3630,org.apache.commons.math3.linear.RealVectorTest#testMapSubtractToSelf,17.000000
3631,org.apache.commons.math3.linear.RealVectorTest#testProjectionMixedTypes,21.000000
3632,org.apache.commons.math3.linear.RealVectorTest#testGetDimension,1.000000
3633,org.apache.commons.math3.linear.RealVectorTest#testCombineToSelfSameType,5.000000
3634,org.apache.commons.math3.linear.RealVectorTest#testAddSameType,12.000000
3635,org.apache.commons.math3.linear.RealVectorTest#testGetDistanceSameType,13.000000
3636,org.apache.commons.math3.linear.RealVectorTest#testCombineToSelfMixedTypes,5.000000
3637,org.apache.commons.math3.linear.RealVectorTest#testGetL1DistanceSameType,13.000000
3638,org.apache.commons.math3.linear.RealVectorTest#testGetEntryInvalidIndex1,9.000000
3639,org.apache.commons.math3.linear.RealVectorTest#testGetEntryInvalidIndex2,9.000000
3640,org.apache.commons.math3.linear.RealVectorTest#testCombineSameType,6.000000
3641,org.apache.commons.math3.linear.RealVectorTest#testProjectionDimensionMismatch,22.000000
3642,org.apache.commons.math3.linear.RealVectorTest#testGetLInfDistanceDimensionMismatch,12.000000
3643,org.apache.commons.math3.linear.RealVectorTest#testDotProductMixedTypes,5.000000
3644,org.apache.commons.math3.linear.RealVectorTest#testAddDimensionMismatch,12.000000
3645,org.apache.commons.math3.linear.RealVectorTest#testAddToEntryInvalidIndex1,10.000000
3646,org.apache.commons.math3.linear.RealVectorTest#testAddToEntryInvalidIndex2,10.000000
3647,org.apache.commons.math3.linear.RealVectorTest#testMapDivide,17.000000
3648,org.apache.commons.math3.linear.RealVectorTest#testUnitVectorNullVector,17.000000
3649,org.apache.commons.math3.linear.RealVectorTest#testMapAddToSelf,16.000000
3650,org.apache.commons.math3.linear.RealVectorTest#testGetLInfDistanceSameType,14.000000
3651,org.apache.commons.math3.linear.RealVectorTest#testCosineDimensionMismatch,23.000000
3652,org.apache.commons.math3.linear.RealVectorTest#testDotProductDimensionMismatchSameType,12.000000
3653,org.apache.commons.math3.linear.RealVectorTest#testGetDistanceMixedTypes,13.000000
3654,org.apache.commons.math3.linear.RealVectorTest#testMapAdd,17.000000
3655,org.apache.commons.math3.linear.RealVectorTest#testProjectionNullVector,11.000000
3656,org.apache.commons.math3.linear.RealVectorTest#testWalkInDefaultOrderPreservingVisitor1,3.000000
3657,org.apache.commons.math3.linear.RealVectorTest#testWalkInDefaultOrderPreservingVisitor2,11.000000
3658,org.apache.commons.math3.linear.RealVectorTest#testWalkInDefaultOrderPreservingVisitor3,4.000000
3659,org.apache.commons.math3.linear.RealVectorTest#testSubtractDimensionMismatch,12.000000
3660,org.apache.commons.math3.linear.RealVectorTest#testCombineToSelfDimensionMismatchSameType,12.000000
3661,org.apache.commons.math3.linear.RealVectorTest#testWalkInOptimizedOrderPreservingVisitor3,5.000000
3662,org.apache.commons.math3.linear.RealVectorTest#testGetL1DistanceMixedTypes,13.000000
3663,org.apache.commons.math3.linear.RealVectorTest#testSetEntry,5.000000
3664,org.apache.commons.math3.linear.Array2DRowRealMatrixTest#testGetEntry,27.000000
3665,org.apache.commons.math3.linear.Array2DRowRealMatrixTest#testAdd,21.000000
3666,org.apache.commons.math3.linear.Array2DRowRealMatrixTest#testTrace,29.000000
3667,org.apache.commons.math3.linear.Array2DRowRealMatrixTest#testNorm,20.000000
3668,org.apache.commons.math3.linear.Array2DRowRealMatrixTest#testDimensions,14.000000
3669,org.apache.commons.math3.linear.Array2DRowRealMatrixTest#testPremultiplyVector,33.000000
3670,org.apache.commons.math3.linear.Array2DRowRealMatrixTest#testCopyFunctions,24.000000
3671,org.apache.commons.math3.linear.Array2DRowRealMatrixTest#testMath209,11.000000
3672,org.apache.commons.math3.linear.Array2DRowRealMatrixTest#testGetVectors,33.000000
3673,org.apache.commons.math3.linear.Array2DRowRealMatrixTest#testGetColumnMatrix,33.000000
3674,org.apache.commons.math3.linear.Array2DRowRealMatrixTest#testGetColumn,28.000000
3675,org.apache.commons.math3.linear.Array2DRowRealMatrixTest#testGetColumnVector,39.000000
3676,org.apache.commons.math3.linear.Array2DRowRealMatrixTest#testGetRow,28.000000
3677,org.apache.commons.math3.linear.Array2DRowRealMatrixTest#testSerial,21.000000
3678,org.apache.commons.math3.linear.Array2DRowRealMatrixTest#testGetRowMatrix,33.000000
3679,org.apache.commons.math3.linear.Array2DRowRealMatrixTest#testSetSubMatrix,38.000000
3680,org.apache.commons.math3.linear.Array2DRowRealMatrixTest#testGetRowVector,40.000000
3681,org.apache.commons.math3.linear.LUSolverTest#testThreshold,25.000000
3682,org.apache.commons.math3.linear.LUSolverTest#testSolveDimensionErrors,48.000000
3683,org.apache.commons.math3.linear.LUSolverTest#testSingular,26.000000
3684,org.apache.commons.math3.linear.DiagonalMatrixTest#testOperate,30.000000
3685,org.apache.commons.math3.linear.DiagonalMatrixTest#testNull,16.000000
3686,org.apache.commons.math3.linear.DiagonalMatrixTest#testSetNonDiagonalEntry,21.000000
3687,org.apache.commons.math3.linear.DiagonalMatrixTest#testConstructor1,10.000000
3688,org.apache.commons.math3.linear.DiagonalMatrixTest#testConstructor2,19.000000
3689,org.apache.commons.math3.linear.DiagonalMatrixTest#testConstructor3,18.000000
3690,org.apache.commons.math3.linear.DiagonalMatrixTest#testMultiply1,22.000000
3691,org.apache.commons.math3.linear.DiagonalMatrixTest#testGetData,15.000000
3692,org.apache.commons.math3.linear.DiagonalMatrixTest#testSetSubMatrixError,31.000000
3693,org.apache.commons.math3.linear.DiagonalMatrixTest#testAddNonDiagonalZero,21.000000
3694,org.apache.commons.math3.linear.DiagonalMatrixTest#testCreate,14.000000
3695,org.apache.commons.math3.linear.DiagonalMatrixTest#testMultiplyNonDiagonalEntry,18.000000
3696,org.apache.commons.math3.linear.DiagonalMatrixTest#testSetEntryOutOfRange,21.000000
3697,org.apache.commons.math3.linear.DiagonalMatrixTest#testMultiplyEntry,20.000000
3698,org.apache.commons.math3.linear.DiagonalMatrixTest#testPreMultiply,31.000000
3699,org.apache.commons.math3.linear.DiagonalMatrixTest#testSetSubMatrix,24.000000
3700,org.apache.commons.math3.linear.DiagonalMatrixTest#testAddNonDiagonalEntry,21.000000
3701,org.apache.commons.math3.linear.SingularValueSolverTest#testConditionNumber,29.000000
3702,org.apache.commons.math3.linear.SparseRealVectorTest#testWalkInOptimizedOrderChangingVisitor1,26.000000
3703,org.apache.commons.math3.linear.SparseRealVectorTest#testWalkInOptimizedOrderChangingVisitor2,23.000000
3704,org.apache.commons.math3.linear.SparseRealVectorTest#testWalkInOptimizedOrderChangingVisitor3,26.000000
3705,org.apache.commons.math3.linear.SparseRealVectorTest#testOuterProductMixedTypes,42.000000
3706,org.apache.commons.math3.linear.SparseRealVectorTest#testCombineMixedTypes,37.000000
3707,org.apache.commons.math3.linear.SparseRealVectorTest#testGetEntry,21.000000
3708,org.apache.commons.math3.linear.SparseRealVectorTest#testUnitizeNullVector,32.000000
3709,org.apache.commons.math3.linear.SparseRealVectorTest#testOuterProductSameType,42.000000
3710,org.apache.commons.math3.linear.SparseRealVectorTest#testIsInfinite,26.000000
3711,org.apache.commons.math3.linear.SparseRealVectorTest#testSetSubVectorInvalidIndex2,21.000000
3712,org.apache.commons.math3.linear.SparseRealVectorTest#testSetSubVectorInvalidIndex3,21.000000
3713,org.apache.commons.math3.linear.SparseRealVectorTest#testCombineDimensionMismatchMixedTypes,28.000000
3714,org.apache.commons.math3.linear.SparseRealVectorTest#testMapDivideToSelf,42.000000
3715,org.apache.commons.math3.linear.SparseRealVectorTest#testIsNaN,26.000000
3716,org.apache.commons.math3.linear.SparseRealVectorTest#testMapMultiplyToSelf,42.000000
3717,org.apache.commons.math3.linear.SparseRealVectorTest#testWalkInDefaultOrderChangingVisitor1,25.000000
3718,org.apache.commons.math3.linear.SparseRealVectorTest#testWalkInDefaultOrderChangingVisitor2,22.000000
3719,org.apache.commons.math3.linear.SparseRealVectorTest#testWalkInDefaultOrderChangingVisitor3,25.000000
3720,org.apache.commons.math3.linear.SparseRealVectorTest#testCopy,25.000000
3721,org.apache.commons.math3.linear.SparseRealVectorTest#testSetEntryInvalidIndex1,21.000000
3722,org.apache.commons.math3.linear.SparseRealVectorTest#testSetEntryInvalidIndex2,21.000000
3723,org.apache.commons.math3.linear.SparseRealVectorTest#testSubtractMixedTypes,41.000000
3724,org.apache.commons.math3.linear.SparseRealVectorTest#testCosineLeftNullVector,36.000000
3725,org.apache.commons.math3.linear.SparseRealVectorTest#testCombineDimensionMismatchSameType,28.000000
3726,org.apache.commons.math3.linear.SparseRealVectorTest#testGetL1DistanceDimensionMismatch,22.000000
3727,org.apache.commons.math3.linear.SparseRealVectorTest#testCosineMixedTypes,34.000000
3728,org.apache.commons.math3.linear.SparseRealVectorTest#testDotProductSameType,24.000000
3729,org.apache.commons.math3.linear.SparseRealVectorTest#testMapMultiply,47.000000
3730,org.apache.commons.math3.linear.SparseRealVectorTest#testUnitize,38.000000
3731,org.apache.commons.math3.linear.SparseRealVectorTest#testGetNorm,30.000000
3732,org.apache.commons.math3.linear.SparseRealVectorTest#testDotProductDimensionMismatchMixedTypes,23.000000
3733,org.apache.commons.math3.linear.SparseRealVectorTest#testCosineRightNullVector,36.000000
3734,org.apache.commons.math3.linear.SparseRealVectorTest#testCombineToSelfDimensionMismatchMixedTypes,23.000000
3735,org.apache.commons.math3.linear.SparseRealVectorTest#testCosineSameType,34.000000
3736,org.apache.commons.math3.linear.SparseRealVectorTest#testMapSubtractToSelf,30.000000
3737,org.apache.commons.math3.linear.SparseRealVectorTest#testProjectionMixedTypes,40.000000
3738,org.apache.commons.math3.linear.SparseRealVectorTest#testGetDimension,17.000000
3739,org.apache.commons.math3.linear.SparseRealVectorTest#testCombineToSelfSameType,36.000000
3740,org.apache.commons.math3.linear.SparseRealVectorTest#testAddToEntry,32.000000
3741,org.apache.commons.math3.linear.SparseRealVectorTest#testGetDistanceDimensionMismatch,22.000000
3742,org.apache.commons.math3.linear.SparseRealVectorTest#testCombineToSelfMixedTypes,36.000000
3743,org.apache.commons.math3.linear.SparseRealVectorTest#testGetEntryInvalidIndex1,21.000000
3744,org.apache.commons.math3.linear.SparseRealVectorTest#testGetEntryInvalidIndex2,21.000000
3745,org.apache.commons.math3.linear.SparseRealVectorTest#testCombineSameType,37.000000
3746,org.apache.commons.math3.linear.SparseRealVectorTest#testProjectionDimensionMismatch,35.000000
3747,org.apache.commons.math3.linear.SparseRealVectorTest#testGetSubVector,31.000000
3748,org.apache.commons.math3.linear.SparseRealVectorTest#testGetLInfDistanceDimensionMismatch,22.000000
3749,org.apache.commons.math3.linear.SparseRealVectorTest#testMapSubtract,35.000000
3750,org.apache.commons.math3.linear.SparseRealVectorTest#testDotProductMixedTypes,24.000000
3751,org.apache.commons.math3.linear.SparseRealVectorTest#testAddDimensionMismatch,22.000000
3752,org.apache.commons.math3.linear.SparseRealVectorTest#testAddToEntryInvalidIndex1,22.000000
3753,org.apache.commons.math3.linear.SparseRealVectorTest#testAddToEntryInvalidIndex2,22.000000
3754,org.apache.commons.math3.linear.SparseRealVectorTest#testMapDivide,47.000000
3755,org.apache.commons.math3.linear.SparseRealVectorTest#testSetSubVectorMixedType,29.000000
3756,org.apache.commons.math3.linear.SparseRealVectorTest#testMapAddToSelf,29.000000
3757,org.apache.commons.math3.linear.SparseRealVectorTest#testCosineDimensionMismatch,42.000000
3758,org.apache.commons.math3.linear.SparseRealVectorTest#testDotProductDimensionMismatchSameType,23.000000
3759,org.apache.commons.math3.linear.SparseRealVectorTest#testGetDistanceMixedTypes,33.000000
3760,org.apache.commons.math3.linear.SparseRealVectorTest#testMinMax,32.000000
3761,org.apache.commons.math3.linear.SparseRealVectorTest#testUnitVector,43.000000
3762,org.apache.commons.math3.linear.SparseRealVectorTest#testProjectionNullVector,26.000000
3763,org.apache.commons.math3.linear.SparseRealVectorTest#testWalkInDefaultOrderPreservingVisitor1,22.000000
3764,org.apache.commons.math3.linear.SparseRealVectorTest#testWalkInDefaultOrderPreservingVisitor2,22.000000
3765,org.apache.commons.math3.linear.SparseRealVectorTest#testWalkInDefaultOrderPreservingVisitor3,23.000000
3766,org.apache.commons.math3.linear.SparseRealVectorTest#testSubtractDimensionMismatch,22.000000
3767,org.apache.commons.math3.linear.SparseRealVectorTest#testCombineToSelfDimensionMismatchSameType,23.000000
3768,org.apache.commons.math3.linear.SparseRealVectorTest#testWalkInOptimizedOrderPreservingVisitor1,23.000000
3769,org.apache.commons.math3.linear.SparseRealVectorTest#testWalkInOptimizedOrderPreservingVisitor2,23.000000
3770,org.apache.commons.math3.linear.SparseRealVectorTest#testWalkInOptimizedOrderPreservingVisitor3,24.000000
3771,org.apache.commons.math3.linear.SparseRealVectorTest#testSetSubVectorSameType,29.000000
3772,org.apache.commons.math3.linear.SparseRealVectorTest#testSerial,30.000000
3773,org.apache.commons.math3.linear.SparseRealVectorTest#testGetL1DistanceMixedTypes,32.000000
3774,org.apache.commons.math3.linear.SparseRealVectorTest#testIterator,35.000000
3775,org.apache.commons.math3.linear.SparseRealVectorTest#testSetEntry,31.000000
3776,org.apache.commons.math3.linear.SparseRealVectorTest#testGetSubVectorInvalidIndex1,21.000000
3777,org.apache.commons.math3.linear.SparseRealVectorTest#testGetSubVectorInvalidIndex2,21.000000
3778,org.apache.commons.math3.linear.SparseRealVectorTest#testGetSubVectorInvalidIndex3,21.000000
3779,org.apache.commons.math3.linear.SparseRealVectorTest#testGetSubVectorInvalidIndex4,22.000000
3780,org.apache.commons.math3.linear.ArrayRealVectorTest#testZeroVectors,9.000000
3781,org.apache.commons.math3.linear.ArrayRealVectorTest#testGetDataRef,9.000000
3782,org.apache.commons.math3.linear.ArrayRealVectorTest#testWalkInOptimizedOrderChangingVisitor3,12.000000
3783,org.apache.commons.math3.linear.ArrayRealVectorTest#testGetEntry,8.000000
3784,org.apache.commons.math3.linear.ArrayRealVectorTest#testUnitizeNullVector,15.000000
3785,org.apache.commons.math3.linear.ArrayRealVectorTest#testToArray,8.000000
3786,org.apache.commons.math3.linear.ArrayRealVectorTest#testSet,9.000000
3787,org.apache.commons.math3.linear.ArrayRealVectorTest#testOuterProductSameType,26.000000
3788,org.apache.commons.math3.linear.ArrayRealVectorTest#testSetSubVectorInvalidIndex2,18.000000
3789,org.apache.commons.math3.linear.ArrayRealVectorTest#testSetSubVectorInvalidIndex3,18.000000
3790,org.apache.commons.math3.linear.ArrayRealVectorTest#testCombineDimensionMismatchMixedTypes,21.000000
3791,org.apache.commons.math3.linear.ArrayRealVectorTest#testMapDivideToSelf,10.000000
3792,org.apache.commons.math3.linear.ArrayRealVectorTest#testIsNaN,9.000000
3793,org.apache.commons.math3.linear.ArrayRealVectorTest#testMapMultiplyToSelf,10.000000
3794,org.apache.commons.math3.linear.ArrayRealVectorTest#testWalkInDefaultOrderChangingVisitor1,9.000000
3795,org.apache.commons.math3.linear.ArrayRealVectorTest#testWalkInDefaultOrderChangingVisitor2,18.000000
3796,org.apache.commons.math3.linear.ArrayRealVectorTest#testWalkInDefaultOrderChangingVisitor3,11.000000
3797,org.apache.commons.math3.linear.ArrayRealVectorTest#testCopy,11.000000
3798,org.apache.commons.math3.linear.ArrayRealVectorTest#testSetEntryInvalidIndex1,17.000000
3799,org.apache.commons.math3.linear.ArrayRealVectorTest#testSetEntryInvalidIndex2,17.000000
3800,org.apache.commons.math3.linear.ArrayRealVectorTest#testSubtractMixedTypes,19.000000
3801,org.apache.commons.math3.linear.ArrayRealVectorTest#testCosineLeftNullVector,15.000000
3802,org.apache.commons.math3.linear.ArrayRealVectorTest#testCombineDimensionMismatchSameType,20.000000
3803,org.apache.commons.math3.linear.ArrayRealVectorTest#testDotProductSameType,9.000000
3804,org.apache.commons.math3.linear.ArrayRealVectorTest#testMapMultiply,13.000000
3805,org.apache.commons.math3.linear.ArrayRealVectorTest#testGetNorm,9.000000
3806,org.apache.commons.math3.linear.ArrayRealVectorTest#testDotProductDimensionMismatchMixedTypes,19.000000
3807,org.apache.commons.math3.linear.ArrayRealVectorTest#testCosineRightNullVector,15.000000
3808,org.apache.commons.math3.linear.ArrayRealVectorTest#testCombineToSelfDimensionMismatchMixedTypes,18.000000
3809,org.apache.commons.math3.linear.ArrayRealVectorTest#testCosineSameType,12.000000
3810,org.apache.commons.math3.linear.ArrayRealVectorTest#testProjectionMixedTypes,32.000000
3811,org.apache.commons.math3.linear.ArrayRealVectorTest#testGetDimension,8.000000
3812,org.apache.commons.math3.linear.ArrayRealVectorTest#testCombineToSelfSameType,13.000000
3813,org.apache.commons.math3.linear.ArrayRealVectorTest#testAddSameType,11.000000
3814,org.apache.commons.math3.linear.ArrayRealVectorTest#testGetDistanceSameType,10.000000
3815,org.apache.commons.math3.linear.ArrayRealVectorTest#testCombineToSelfMixedTypes,15.000000
3816,org.apache.commons.math3.linear.ArrayRealVectorTest#testGetL1DistanceSameType,10.000000
3817,org.apache.commons.math3.linear.ArrayRealVectorTest#testGetEntryInvalidIndex1,16.000000
3818,org.apache.commons.math3.linear.ArrayRealVectorTest#testGetEntryInvalidIndex2,16.000000
3819,org.apache.commons.math3.linear.ArrayRealVectorTest#testCombineSameType,14.000000
3820,org.apache.commons.math3.linear.ArrayRealVectorTest#testProjectionDimensionMismatch,19.000000
3821,org.apache.commons.math3.linear.ArrayRealVectorTest#testGetSubVector,11.000000
3822,org.apache.commons.math3.linear.ArrayRealVectorTest#testGetLInfDistanceDimensionMismatch,18.000000
3823,org.apache.commons.math3.linear.ArrayRealVectorTest#testMapSubtract,13.000000
3824,org.apache.commons.math3.linear.ArrayRealVectorTest#testDotProductMixedTypes,14.000000
3825,org.apache.commons.math3.linear.ArrayRealVectorTest#testAddDimensionMismatch,17.000000
3826,org.apache.commons.math3.linear.ArrayRealVectorTest#testAddToEntryInvalidIndex1,15.000000
3827,org.apache.commons.math3.linear.ArrayRealVectorTest#testAddToEntryInvalidIndex2,15.000000
3828,org.apache.commons.math3.linear.ArrayRealVectorTest#testMapDivide,13.000000
3829,org.apache.commons.math3.linear.ArrayRealVectorTest#testSetSubVectorMixedType,11.000000
3830,org.apache.commons.math3.linear.ArrayRealVectorTest#testUnitVectorNullVector,15.000000
3831,org.apache.commons.math3.linear.ArrayRealVectorTest#testMapAddToSelf,10.000000
3832,org.apache.commons.math3.linear.ArrayRealVectorTest#testGetLInfDistanceSameType,11.000000
3833,org.apache.commons.math3.linear.ArrayRealVectorTest#testCosineDimensionMismatch,20.000000
3834,org.apache.commons.math3.linear.ArrayRealVectorTest#testEquals,15.000000
3835,org.apache.commons.math3.linear.ArrayRealVectorTest#testDotProductDimensionMismatchSameType,17.000000
3836,org.apache.commons.math3.linear.ArrayRealVectorTest#testGetDistanceMixedTypes,12.000000
3837,org.apache.commons.math3.linear.ArrayRealVectorTest#testMinMax,20.000000
3838,org.apache.commons.math3.linear.ArrayRealVectorTest#testUnitVector,16.000000
3839,org.apache.commons.math3.linear.ArrayRealVectorTest#testProjectionNullVector,15.000000
3840,org.apache.commons.math3.linear.ArrayRealVectorTest#testWalkInDefaultOrderPreservingVisitor1,8.000000
3841,org.apache.commons.math3.linear.ArrayRealVectorTest#testWalkInDefaultOrderPreservingVisitor2,18.000000
3842,org.apache.commons.math3.linear.ArrayRealVectorTest#testWalkInDefaultOrderPreservingVisitor3,10.000000
3843,org.apache.commons.math3.linear.ArrayRealVectorTest#testSubtractDimensionMismatch,17.000000
3844,org.apache.commons.math3.linear.ArrayRealVectorTest#testCombineToSelfDimensionMismatchSameType,17.000000
3845,org.apache.commons.math3.linear.ArrayRealVectorTest#testWalkInOptimizedOrderPreservingVisitor3,11.000000
3846,org.apache.commons.math3.linear.ArrayRealVectorTest#testSetSubVectorSameType,11.000000
3847,org.apache.commons.math3.linear.ArrayRealVectorTest#testSerial,11.000000
3848,org.apache.commons.math3.linear.ArrayRealVectorTest#testGetL1DistanceMixedTypes,12.000000
3849,org.apache.commons.math3.linear.ArrayRealVectorTest#testIterator,23.000000
3850,org.apache.commons.math3.linear.ArrayRealVectorTest#testSetEntry,13.000000
3851,org.apache.commons.math3.linear.ArrayRealVectorTest#testGetSubVectorInvalidIndex1,18.000000
3852,org.apache.commons.math3.linear.ArrayRealVectorTest#testGetSubVectorInvalidIndex2,18.000000
3853,org.apache.commons.math3.linear.ArrayRealVectorTest#testGetSubVectorInvalidIndex3,18.000000
3854,org.apache.commons.math3.linear.ArrayRealVectorTest#testGetSubVectorInvalidIndex4,16.000000
3855,org.apache.commons.math3.linear.RealMatrixFormatTest#testNegativeComponent2,24.000000
3856,org.apache.commons.math3.linear.RealMatrixFormatTest#testConstructorSingleFormat,5.000000
3857,org.apache.commons.math3.linear.RealMatrixFormatTest#testForgottenSeparator,9.000000
3858,org.apache.commons.math3.linear.RealMatrixFormatTest#testNan,24.000000
3859,org.apache.commons.math3.linear.RealMatrixFormatTest#testSimpleWithDecimalsTrunc,24.000000
3860,org.apache.commons.math3.linear.RealMatrixFormatTest#testParseNegativeAll,28.000000
3861,org.apache.commons.math3.linear.RealMatrixFormatTest#testForgottenPrefix,8.000000
3862,org.apache.commons.math3.linear.RealMatrixFormatTest#testForgottenSuffix,9.000000
3863,org.apache.commons.math3.linear.RealMatrixFormatTest#testParseIgnoredWhitespace,27.000000
3864,org.apache.commons.math3.linear.RealMatrixFormatTest#testParseSimpleWithDecimalsTrunc,28.000000
3865,org.apache.commons.math3.linear.RealMatrixFormatTest#testParseNoComponents,19.000000
3866,org.apache.commons.math3.linear.RealMatrixFormatTest#testParseManyComponents,22.000000
3867,org.apache.commons.math3.linear.RealMatrixFormatTest#tesNegativeInfinity,24.000000
3868,org.apache.commons.math3.linear.RealMatrixFormatTest#testParseNegativeInfinity,29.000000
3869,org.apache.commons.math3.linear.RealMatrixFormatTest#testNegativeComponent,24.000000
3870,org.apache.commons.math3.linear.RealMatrixFormatTest#testNonDefaultSetting,24.000000
3871,org.apache.commons.math3.linear.RealMatrixFormatTest#testSimpleNoDecimals,24.000000
3872,org.apache.commons.math3.linear.RealMatrixFormatTest#testParseZeroComponent,28.000000
3873,org.apache.commons.math3.linear.RealMatrixFormatTest#testNegativeSecondRow,24.000000
3874,org.apache.commons.math3.linear.RealMatrixFormatTest#testParseSimpleNoDecimals,28.000000
3875,org.apache.commons.math3.linear.RealMatrixFormatTest#testPositiveInfinity,24.000000
3876,org.apache.commons.math3.linear.RealMatrixFormatTest#testParseNegativeComponent,28.000000
3877,org.apache.commons.math3.linear.RealMatrixFormatTest#testParseNonDefaultSetting,28.000000
3878,org.apache.commons.math3.linear.RealMatrixFormatTest#testParseNan,28.000000
3879,org.apache.commons.math3.linear.RealMatrixFormatTest#testParsePositiveInfinity,29.000000
3880,org.apache.commons.math3.linear.RealMatrixFormatTest#testSimpleWithDecimals,24.000000
3881,org.apache.commons.math3.linear.FieldMatrixImplTest#testOperate,42.000000
3882,org.apache.commons.math3.linear.FieldMatrixImplTest#testExamples,59.000000
3883,org.apache.commons.math3.linear.FieldMatrixImplTest#testGetEntry,31.000000
3884,org.apache.commons.math3.linear.FieldMatrixImplTest#testAdd,31.000000
3885,org.apache.commons.math3.linear.FieldMatrixImplTest#testScalarAdd,33.000000
3886,org.apache.commons.math3.linear.FieldMatrixImplTest#testTrace,37.000000
3887,org.apache.commons.math3.linear.FieldMatrixImplTest#testMultiply2,36.000000
3888,org.apache.commons.math3.linear.FieldMatrixImplTest#testDimensions,21.000000
3889,org.apache.commons.math3.linear.FieldMatrixImplTest#testCopyFunctions,30.000000
3890,org.apache.commons.math3.linear.FieldMatrixImplTest#testGetSubMatrix,49.000000
3891,org.apache.commons.math3.linear.FieldMatrixImplTest#testGetVectors,34.000000
3892,org.apache.commons.math3.linear.FieldMatrixImplTest#testGetColumnMatrix,37.000000
3893,org.apache.commons.math3.linear.FieldMatrixImplTest#testGetColumn,33.000000
3894,org.apache.commons.math3.linear.FieldMatrixImplTest#testGetColumnVector,40.000000
3895,org.apache.commons.math3.linear.FieldMatrixImplTest#testGetRow,33.000000
3896,org.apache.commons.math3.linear.FieldMatrixImplTest#testEqualsAndHashCode,42.000000
3897,org.apache.commons.math3.linear.FieldMatrixImplTest#testSerial,26.000000
3898,org.apache.commons.math3.linear.FieldMatrixImplTest#testTranspose,55.000000
3899,org.apache.commons.math3.linear.FieldMatrixImplTest#testPremultiply,45.000000
3900,org.apache.commons.math3.linear.FieldMatrixImplTest#testGetRowMatrix,37.000000
3901,org.apache.commons.math3.linear.FieldMatrixImplTest#testSetSubMatrix,41.000000
3902,org.apache.commons.math3.linear.FieldMatrixImplTest#testGetRowVector,40.000000
3903,org.apache.commons.math3.linear.CholeskyDecompositionTest#testNotSymmetricMatrixException,30.000000
3904,org.apache.commons.math3.linear.CholeskyDecompositionTest#testNonSquare,28.000000
3905,org.apache.commons.math3.linear.CholeskyDecompositionTest#testNotPositiveDefinite,35.000000
3906,org.apache.commons.math3.linear.HessenbergTransformerTest#testNonSquare,27.000000
3907,org.apache.commons.math3.linear.RealVectorFormatTest#testConstructorSingleFormat,5.000000
3908,org.apache.commons.math3.linear.RealVectorFormatTest#testParseSimpleWithDecimals,18.000000
3909,org.apache.commons.math3.linear.RealVectorFormatTest#testForgottenSeparator,11.000000
3910,org.apache.commons.math3.linear.RealVectorFormatTest#testParseZeroX,18.000000
3911,org.apache.commons.math3.linear.RealVectorFormatTest#testNan,12.000000
3912,org.apache.commons.math3.linear.RealVectorFormatTest#testSimpleWithDecimalsTrunc,12.000000
3913,org.apache.commons.math3.linear.RealVectorFormatTest#testParseNegativeX,18.000000
3914,org.apache.commons.math3.linear.RealVectorFormatTest#testParseNegativeY,18.000000
3915,org.apache.commons.math3.linear.RealVectorFormatTest#testParseNegativeZ,18.000000
3916,org.apache.commons.math3.linear.RealVectorFormatTest#testParseNegativeAll,18.000000
3917,org.apache.commons.math3.linear.RealVectorFormatTest#testForgottenPrefix,10.000000
3918,org.apache.commons.math3.linear.RealVectorFormatTest#testForgottenSuffix,11.000000
3919,org.apache.commons.math3.linear.RealVectorFormatTest#testNegativeX,12.000000
3920,org.apache.commons.math3.linear.RealVectorFormatTest#testNegativeY,12.000000
3921,org.apache.commons.math3.linear.RealVectorFormatTest#testNegativeZ,12.000000
3922,org.apache.commons.math3.linear.RealVectorFormatTest#testParseIgnoredWhitespace,17.000000
3923,org.apache.commons.math3.linear.RealVectorFormatTest#testParseSimpleWithDecimalsTrunc,18.000000
3924,org.apache.commons.math3.linear.RealVectorFormatTest#testParseNoComponents,19.000000
3925,org.apache.commons.math3.linear.RealVectorFormatTest#testParseManyComponents,14.000000
3926,org.apache.commons.math3.linear.RealVectorFormatTest#tesNegativeInfinity,12.000000
3927,org.apache.commons.math3.linear.RealVectorFormatTest#testDefaultFormatRealVectorImpl,14.000000
3928,org.apache.commons.math3.linear.RealVectorFormatTest#testParseNegativeInfinity,19.000000
3929,org.apache.commons.math3.linear.RealVectorFormatTest#testNonDefaultSetting,12.000000
3930,org.apache.commons.math3.linear.RealVectorFormatTest#testSimpleNoDecimals,12.000000
3931,org.apache.commons.math3.linear.RealVectorFormatTest#testParseSimpleNoDecimals,18.000000
3932,org.apache.commons.math3.linear.RealVectorFormatTest#testPositiveInfinity,12.000000
3933,org.apache.commons.math3.linear.RealVectorFormatTest#testParseNonDefaultSetting,18.000000
3934,org.apache.commons.math3.linear.RealVectorFormatTest#testParseNan,18.000000
3935,org.apache.commons.math3.linear.RealVectorFormatTest#testParsePositiveInfinity,19.000000
3936,org.apache.commons.math3.linear.RealVectorFormatTest#testSimpleWithDecimals,12.000000
3937,org.apache.commons.math3.linear.UnmodifiableOpenMapRealVectorTest#testSetSubVector,33.000000
3938,org.apache.commons.math3.linear.UnmodifiableOpenMapRealVectorTest#testGetEntry,24.000000
3939,org.apache.commons.math3.linear.UnmodifiableOpenMapRealVectorTest#testAddToEntry,27.000000
3940,org.apache.commons.math3.linear.UnmodifiableOpenMapRealVectorTest#testGetSubVector,34.000000
3941,org.apache.commons.math3.linear.UnmodifiableOpenMapRealVectorTest#testIterator,46.000000
3942,org.apache.commons.math3.linear.UnmodifiableOpenMapRealVectorTest#testSetEntry,27.000000
3943,org.apache.commons.math3.linear.TriDiagonalTransformerTest#testNonSquare,27.000000
3944,org.apache.commons.math3.distribution.LevyDistributionTest#testDensities,18.000000
3945,org.apache.commons.math3.distribution.LevyDistributionTest#testDistributionClone,26.000000
3946,org.apache.commons.math3.distribution.LevyDistributionTest#testIllegalArguments,22.000000
3947,org.apache.commons.math3.distribution.LevyDistributionTest#testConsistency,40.000000
3948,org.apache.commons.math3.distribution.UniformRealDistributionTest#testGetLowerBound,13.000000
3949,org.apache.commons.math3.distribution.UniformRealDistributionTest#testGetUpperBound,13.000000
3950,org.apache.commons.math3.distribution.UniformRealDistributionTest#testPreconditions1,19.000000
3951,org.apache.commons.math3.distribution.UniformRealDistributionTest#testPreconditions2,19.000000
3952,org.apache.commons.math3.distribution.UniformRealDistributionTest#testDensities,13.000000
3953,org.apache.commons.math3.distribution.UniformRealDistributionTest#testInverseCumulativeProbabilities,13.000000
3954,org.apache.commons.math3.distribution.UniformRealDistributionTest#testDistributionClone,22.000000
3955,org.apache.commons.math3.distribution.UniformRealDistributionTest#testIllegalArguments,24.000000
3956,org.apache.commons.math3.distribution.UniformRealDistributionTest#testConsistency,17.000000
3957,org.apache.commons.math3.distribution.TriangularDistributionTest#testGetLowerBound,16.000000
3958,org.apache.commons.math3.distribution.TriangularDistributionTest#testGetUpperBound,16.000000
3959,org.apache.commons.math3.distribution.TriangularDistributionTest#testPreconditions1,22.000000
3960,org.apache.commons.math3.distribution.TriangularDistributionTest#testPreconditions2,22.000000
3961,org.apache.commons.math3.distribution.TriangularDistributionTest#testPreconditions3,22.000000
3962,org.apache.commons.math3.distribution.TriangularDistributionTest#testPreconditions4,22.000000
3963,org.apache.commons.math3.distribution.TriangularDistributionTest#testDensities,16.000000
3964,org.apache.commons.math3.distribution.TriangularDistributionTest#testDistributionClone,27.000000
3965,org.apache.commons.math3.distribution.TriangularDistributionTest#testIllegalArguments,27.000000
3966,org.apache.commons.math3.distribution.TriangularDistributionTest#testConsistency,19.000000
3967,org.apache.commons.math3.distribution.TDistributionTest#testCumulativeProbabilityAgainstStackOverflow,40.000000
3968,org.apache.commons.math3.distribution.TDistributionTest#testPreconditions,21.000000
3969,org.apache.commons.math3.distribution.TDistributionTest#nistData,47.000000
3970,org.apache.commons.math3.distribution.TDistributionTest#testDfAccessors,14.000000
3971,org.apache.commons.math3.distribution.TDistributionTest#testInverseCumulativeProbabilityExtremes,16.000000
3972,org.apache.commons.math3.distribution.TDistributionTest#testDensities,28.000000
3973,org.apache.commons.math3.distribution.TDistributionTest#testIllegalArguments,25.000000
3974,org.apache.commons.math3.distribution.TDistributionTest#testConsistency,42.000000
3975,org.apache.commons.math3.distribution.WeibullDistributionTest#testSampling,13.000000
3976,org.apache.commons.math3.distribution.WeibullDistributionTest#testAlpha,22.000000
3977,org.apache.commons.math3.distribution.WeibullDistributionTest#testBeta,22.000000
3978,org.apache.commons.math3.distribution.WeibullDistributionTest#testDensities,23.000000
3979,org.apache.commons.math3.distribution.WeibullDistributionTest#testInverseCumulativeProbabilities,23.000000
3980,org.apache.commons.math3.distribution.WeibullDistributionTest#testDistributionClone,33.000000
3981,org.apache.commons.math3.distribution.WeibullDistributionTest#testIllegalArguments,25.000000
3982,org.apache.commons.math3.distribution.WeibullDistributionTest#testConsistency,27.000000
3983,org.apache.commons.math3.distribution.fitting.MultivariateNormalMixtureExpectationMaximizationTest#testMultipleColumnsRequired,8.000000
3984,org.apache.commons.math3.distribution.fitting.MultivariateNormalMixtureExpectationMaximizationTest#testNonEmptyData,10.000000
3985,org.apache.commons.math3.distribution.ExponentialDistributionTest#testPreconditions,34.000000
3986,org.apache.commons.math3.distribution.ExponentialDistributionTest#testCumulativeProbabilityExtremes,36.000000
3987,org.apache.commons.math3.distribution.ExponentialDistributionTest#testDensity,35.000000
3988,org.apache.commons.math3.distribution.ExponentialDistributionTest#testMeanAccessors,27.000000
3989,org.apache.commons.math3.distribution.ExponentialDistributionTest#testDensities,33.000000
3990,org.apache.commons.math3.distribution.ExponentialDistributionTest#testInverseCumulativeProbabilities,27.000000
3991,org.apache.commons.math3.distribution.ExponentialDistributionTest#testCumulativeProbabilities,42.000000
3992,org.apache.commons.math3.distribution.ExponentialDistributionTest#testIllegalArguments,38.000000
3993,org.apache.commons.math3.distribution.ExponentialDistributionTest#testConsistency,37.000000
3994,org.apache.commons.math3.distribution.LogNormalDistributionTest#testExtremeValues,39.000000
3995,org.apache.commons.math3.distribution.LogNormalDistributionTest#testGetScale,15.000000
3996,org.apache.commons.math3.distribution.LogNormalDistributionTest#testGetShape,15.000000
3997,org.apache.commons.math3.distribution.LogNormalDistributionTest#testPreconditions,22.000000
3998,org.apache.commons.math3.distribution.LogNormalDistributionTest#testDensity,24.000000
3999,org.apache.commons.math3.distribution.LogNormalDistributionTest#testDensities,24.000000
4000,org.apache.commons.math3.distribution.LogNormalDistributionTest#testCumulativeProbabilities,51.000000
4001,org.apache.commons.math3.distribution.LogNormalDistributionTest#testIllegalArguments,26.000000
4002,org.apache.commons.math3.distribution.LogNormalDistributionTest#testConsistency,46.000000
4003,org.apache.commons.math3.distribution.HypergeometricDistributionTest#testLargeValues,35.000000
4004,org.apache.commons.math3.distribution.HypergeometricDistributionTest#testDegenerateNoFailures,44.000000
4005,org.apache.commons.math3.distribution.HypergeometricDistributionTest#testAccessors,15.000000
4006,org.apache.commons.math3.distribution.HypergeometricDistributionTest#testPreconditions,22.000000
4007,org.apache.commons.math3.distribution.HypergeometricDistributionTest#testDegenerateNoSuccesses,44.000000
4008,org.apache.commons.math3.distribution.HypergeometricDistributionTest#testDegenerateFullSample,42.000000
4009,org.apache.commons.math3.distribution.HypergeometricDistributionTest#testMoments,18.000000
4010,org.apache.commons.math3.distribution.HypergeometricDistributionTest#testMoreLargeValues,35.000000
4011,org.apache.commons.math3.distribution.HypergeometricDistributionTest#testDensities,32.000000
4012,org.apache.commons.math3.distribution.HypergeometricDistributionTest#testInverseCumulativeProbabilities,46.000000
4013,org.apache.commons.math3.distribution.HypergeometricDistributionTest#testCumulativeProbabilities,34.000000
4014,org.apache.commons.math3.distribution.HypergeometricDistributionTest#testConsistencyAtSupportBounds,40.000000
4015,org.apache.commons.math3.distribution.PascalDistributionTest#testMoments,16.000000
4016,org.apache.commons.math3.distribution.PascalDistributionTest#testDegenerate1,54.000000
4017,org.apache.commons.math3.distribution.PascalDistributionTest#testDensities,17.000000
4018,org.apache.commons.math3.distribution.PascalDistributionTest#testInverseCumulativeProbabilities,52.000000
4019,org.apache.commons.math3.distribution.PascalDistributionTest#testCumulativeProbabilities,42.000000
4020,org.apache.commons.math3.distribution.PascalDistributionTest#testIllegalArguments,23.000000
4021,org.apache.commons.math3.distribution.PascalDistributionTest#testConsistencyAtSupportBounds,48.000000
4022,org.apache.commons.math3.distribution.UniformIntegerDistributionTest#testMoments,14.000000
4023,org.apache.commons.math3.distribution.UniformIntegerDistributionTest#testCumulativeProbabilities,13.000000
4024,org.apache.commons.math3.distribution.UniformIntegerDistributionTest#testIllegalArguments,23.000000
4025,org.apache.commons.math3.distribution.UniformIntegerDistributionTest#testConsistencyAtSupportBounds,17.000000
4026,org.apache.commons.math3.distribution.BinomialDistributionTest#testMoments,14.000000
4027,org.apache.commons.math3.distribution.BinomialDistributionTest#testDegenerate1,52.000000
4028,org.apache.commons.math3.distribution.BinomialDistributionTest#testDensities,27.000000
4029,org.apache.commons.math3.distribution.BinomialDistributionTest#testInverseCumulativeProbabilities,50.000000
4030,org.apache.commons.math3.distribution.BinomialDistributionTest#testCumulativeProbabilities,42.000000
4031,org.apache.commons.math3.distribution.BinomialDistributionTest#testIllegalArguments,23.000000
4032,org.apache.commons.math3.distribution.BinomialDistributionTest#testConsistencyAtSupportBounds,46.000000
4033,org.apache.commons.math3.distribution.CauchyDistributionTest#testSampling,13.000000
4034,org.apache.commons.math3.distribution.CauchyDistributionTest#testPreconditions,21.000000
4035,org.apache.commons.math3.distribution.CauchyDistributionTest#testInverseCumulativeProbabilityExtremes,14.000000
4036,org.apache.commons.math3.distribution.CauchyDistributionTest#testDensities,14.000000
4037,org.apache.commons.math3.distribution.CauchyDistributionTest#testInverseCumulativeProbabilities,18.000000
4038,org.apache.commons.math3.distribution.CauchyDistributionTest#testIllegalArguments,25.000000
4039,org.apache.commons.math3.distribution.CauchyDistributionTest#testConsistency,20.000000
4040,org.apache.commons.math3.distribution.PoissonDistributionTest#testDegenerateInverseCumulativeProbability,49.000000
4041,org.apache.commons.math3.distribution.PoissonDistributionTest#testCumulativeProbabilitySpecial,54.000000
4042,org.apache.commons.math3.distribution.PoissonDistributionTest#testMean,47.000000
4043,org.apache.commons.math3.distribution.PoissonDistributionTest#testMoments,49.000000
4044,org.apache.commons.math3.distribution.PoissonDistributionTest#testNegativeMean,54.000000
4045,org.apache.commons.math3.distribution.PoissonDistributionTest#testLargeMeanCumulativeProbability,53.000000
4046,org.apache.commons.math3.distribution.PoissonDistributionTest#testInverseCumulativeProbabilities,61.000000
4047,org.apache.commons.math3.distribution.PoissonDistributionTest#testCumulativeProbabilities,53.000000
4048,org.apache.commons.math3.distribution.PoissonDistributionTest#testIllegalArguments,57.000000
4049,org.apache.commons.math3.distribution.PoissonDistributionTest#testConsistencyAtSupportBounds,57.000000
4050,org.apache.commons.math3.distribution.ZipfDistributionTest#testPreconditions1,20.000000
4051,org.apache.commons.math3.distribution.ZipfDistributionTest#testPreconditions2,20.000000
4052,org.apache.commons.math3.distribution.ZipfDistributionTest#testMoments,28.000000
4053,org.apache.commons.math3.distribution.ZipfDistributionTest#testCumulativeProbabilities,22.000000
4054,org.apache.commons.math3.distribution.ZipfDistributionTest#testIllegalArguments,23.000000
4055,org.apache.commons.math3.distribution.ZipfDistributionTest#testConsistencyAtSupportBounds,27.000000
4056,org.apache.commons.math3.distribution.AbstractIntegerDistributionTest#testCumulativeProbabilitiesRangeArguments,4.000000
4057,org.apache.commons.math3.distribution.AbstractIntegerDistributionTest#testCumulativeProbabilitiesSingleArguments,3.000000
4058,org.apache.commons.math3.distribution.ChiSquaredDistributionTest#testDensity,31.000000
4059,org.apache.commons.math3.distribution.ChiSquaredDistributionTest#testDfAccessors,30.000000
4060,org.apache.commons.math3.distribution.ChiSquaredDistributionTest#testDensities,30.000000
4061,org.apache.commons.math3.distribution.ChiSquaredDistributionTest#testIllegalArguments,40.000000
4062,org.apache.commons.math3.distribution.EnumeratedRealDistributionTest#testExceptions,32.000000
4063,org.apache.commons.math3.distribution.EnumeratedRealDistributionTest#testProbability,19.000000
4064,org.apache.commons.math3.distribution.EnumeratedRealDistributionTest#testGetNumericalVariance,19.000000
4065,org.apache.commons.math3.distribution.EnumeratedRealDistributionTest#testGetNumericalMean,19.000000
4066,org.apache.commons.math3.distribution.NormalDistributionTest#testExtremeValues,39.000000
4067,org.apache.commons.math3.distribution.NormalDistributionTest#testPreconditions,22.000000
4068,org.apache.commons.math3.distribution.NormalDistributionTest#testGetStandardDeviation,15.000000
4069,org.apache.commons.math3.distribution.NormalDistributionTest#testGetMean,15.000000
4070,org.apache.commons.math3.distribution.NormalDistributionTest#testDensity,21.000000
4071,org.apache.commons.math3.distribution.NormalDistributionTest#testInverseCumulativeProbabilityExtremes,18.000000
4072,org.apache.commons.math3.distribution.NormalDistributionTest#testDensities,21.000000
4073,org.apache.commons.math3.distribution.NormalDistributionTest#testInverseCumulativeProbabilities,19.000000
4074,org.apache.commons.math3.distribution.NormalDistributionTest#testCumulativeProbabilities,50.000000
4075,org.apache.commons.math3.distribution.NormalDistributionTest#testDistributionClone,34.000000
4076,org.apache.commons.math3.distribution.NormalDistributionTest#testIllegalArguments,26.000000
4077,org.apache.commons.math3.distribution.NormalDistributionTest#testConsistency,45.000000
4078,org.apache.commons.math3.distribution.ParetoDistributionTest#testExtremeValues,22.000000
4079,org.apache.commons.math3.distribution.ParetoDistributionTest#testGetScale,14.000000
4080,org.apache.commons.math3.distribution.ParetoDistributionTest#testGetShape,14.000000
4081,org.apache.commons.math3.distribution.ParetoDistributionTest#testPreconditions,21.000000
4082,org.apache.commons.math3.distribution.ParetoDistributionTest#testDensity,22.000000
4083,org.apache.commons.math3.distribution.ParetoDistributionTest#testDensities,22.000000
4084,org.apache.commons.math3.distribution.ParetoDistributionTest#testCumulativeProbabilities,31.000000
4085,org.apache.commons.math3.distribution.ParetoDistributionTest#testIllegalArguments,25.000000
4086,org.apache.commons.math3.distribution.ParetoDistributionTest#testConsistency,26.000000
4087,org.apache.commons.math3.distribution.FDistributionTest#testPreconditions,21.000000
4088,org.apache.commons.math3.distribution.FDistributionTest#testDfAccessors,15.000000
4089,org.apache.commons.math3.distribution.FDistributionTest#testInverseCumulativeProbabilityExtremes,16.000000
4090,org.apache.commons.math3.distribution.FDistributionTest#testDensities,31.000000
4091,org.apache.commons.math3.distribution.FDistributionTest#testCumulativeProbabilities,50.000000
4092,org.apache.commons.math3.distribution.FDistributionTest#testIllegalArguments,25.000000
4093,org.apache.commons.math3.distribution.FDistributionTest#testConsistency,43.000000
4094,org.apache.commons.math3.distribution.GammaDistributionTest#testPreconditions,33.000000
4095,org.apache.commons.math3.distribution.GammaDistributionTest#testMath753Shape142,68.000000
4096,org.apache.commons.math3.distribution.GammaDistributionTest#testMath753Shape10,67.000000
4097,org.apache.commons.math3.distribution.GammaDistributionTest#testMath753Shape1,67.000000
4098,org.apache.commons.math3.distribution.GammaDistributionTest#testMath753Shape8,67.000000
4099,org.apache.commons.math3.distribution.GammaDistributionTest#testDensity,27.000000
4100,org.apache.commons.math3.distribution.GammaDistributionTest#testMath753Shape1000,68.000000
4101,org.apache.commons.math3.distribution.GammaDistributionTest#testDensities,26.000000
4102,org.apache.commons.math3.distribution.GammaDistributionTest#testIllegalArguments,37.000000
4103,org.apache.commons.math3.distribution.AbstractRealDistributionTest#testContinuous,33.000000
4104,org.apache.commons.math3.distribution.EnumeratedIntegerDistributionTest#testExceptions,32.000000
4105,org.apache.commons.math3.distribution.EnumeratedIntegerDistributionTest#testGetNumericalVariance,19.000000
4106,org.apache.commons.math3.distribution.EnumeratedIntegerDistributionTest#testGetNumericalMean,19.000000
4107,org.apache.commons.math3.distribution.GeometricDistributionTest#testMoments,14.000000
4108,org.apache.commons.math3.distribution.GeometricDistributionTest#testCumulativeProbabilities,14.000000
4109,org.apache.commons.math3.distribution.GeometricDistributionTest#testIllegalArguments,23.000000
4110,org.apache.commons.math3.distribution.GeometricDistributionTest#testConsistencyAtSupportBounds,18.000000
4111,org.apache.commons.math3.optim.SimpleVectorValueCheckerTest#testIterationCheckPrecondition,11.000000
4112,org.apache.commons.math3.optim.SimplePointCheckerTest#testIterationCheckPrecondition,11.000000
4113,org.apache.commons.math3.optim.SimpleValueCheckerTest#testIterationCheckPrecondition,11.000000
4114,org.apache.commons.math3.optim.SimpleValueCheckerTest#testIterationCheckDisabled,11.000000
4115,org.apache.commons.math3.optim.univariate.SimpleUnivariateValueCheckerTest#testIterationCheckPrecondition,11.000000
4116,org.apache.commons.math3.optim.univariate.BracketFinderTest#testMinimumIsOnIntervalBoundary,13.000000
4117,org.apache.commons.math3.optim.univariate.BracketFinderTest#testCubicMin,14.000000
4118,org.apache.commons.math3.optim.univariate.BracketFinderTest#testIntervalBoundsOrdering,13.000000
4119,org.apache.commons.math3.optim.nonlinear.scalar.noderiv.BOBYQAOptimizerTest#testInitOutOfBounds,34.000000
4120,org.apache.commons.math3.optim.nonlinear.scalar.noderiv.BOBYQAOptimizerTest#testBoundariesDimensionMismatch,34.000000
4121,org.apache.commons.math3.optim.nonlinear.scalar.noderiv.CMAESOptimizerTest#testInputSigmaOutOfRange,54.000000
4122,org.apache.commons.math3.optim.nonlinear.scalar.noderiv.CMAESOptimizerTest#testInputSigmaNegative,34.000000
4123,org.apache.commons.math3.optim.nonlinear.scalar.noderiv.CMAESOptimizerTest#testBoundariesDimensionMismatch,47.000000
4124,org.apache.commons.math3.optim.nonlinear.scalar.noderiv.CMAESOptimizerTest#testInitOutofbounds1,47.000000
4125,org.apache.commons.math3.optim.nonlinear.scalar.noderiv.CMAESOptimizerTest#testInitOutofbounds2,47.000000
4126,org.apache.commons.math3.optim.nonlinear.scalar.noderiv.SimplexOptimizerNelderMeadTest#testBoundsUnsupported,43.000000
4127,org.apache.commons.math3.special.ErfTest#testLargeValues,25.000000
4128,org.apache.commons.math3.special.ErfTest#testErf1960,26.000000
4129,org.apache.commons.math3.special.ErfTest#testErf2576,26.000000
4130,org.apache.commons.math3.special.ErfTest#testErf2807,26.000000
4131,org.apache.commons.math3.special.ErfTest#testErf3291,26.000000
4132,org.apache.commons.math3.special.ErfTest#testErfcGnu,24.000000
4133,org.apache.commons.math3.special.ErfTest#testErfcInv,27.000000
4134,org.apache.commons.math3.special.ErfTest#testErfcInvNaN,5.000000
4135,org.apache.commons.math3.special.ErfTest#testErfcMaple,24.000000
4136,org.apache.commons.math3.special.ErfTest#testErf0,8.000000
4137,org.apache.commons.math3.special.ErfTest#testErfcInvInfinite,4.000000
4138,org.apache.commons.math3.special.ErfTest#testErfInvInfinite,3.000000
4139,org.apache.commons.math3.special.ErfTest#testTwoArgumentErf,26.000000
4140,org.apache.commons.math3.special.ErfTest#testErfGnu,24.000000
4141,org.apache.commons.math3.special.ErfTest#testErfInv,26.000000
4142,org.apache.commons.math3.special.ErfTest#testErfInvNaN,4.000000
4143,org.apache.commons.math3.special.GammaTest#testLogGammaPositive,8.000000
4144,org.apache.commons.math3.special.GammaTest#testLogGamma,11.000000
4145,org.apache.commons.math3.special.GammaTest#testLogGammaNegative,4.000000
4146,org.apache.commons.math3.special.GammaTest#testGamma,17.000000
4147,org.apache.commons.math3.special.GammaTest#testInvGamma1pm1,6.000000
4148,org.apache.commons.math3.special.GammaTest#testRegularizedGammaPositiveNegative,7.000000
4149,org.apache.commons.math3.special.GammaTest#testLogGammaNan,4.000000
4150,org.apache.commons.math3.special.GammaTest#testLogGamma1pPrecondition1,12.000000
4151,org.apache.commons.math3.special.GammaTest#testLogGamma1pPrecondition2,12.000000
4152,org.apache.commons.math3.special.GammaTest#testRegularizedGammaNanPositive,7.000000
4153,org.apache.commons.math3.special.GammaTest#testLogGammaPrecondition1,4.000000
4154,org.apache.commons.math3.special.GammaTest#testLogGammaPrecondition2,4.000000
4155,org.apache.commons.math3.special.GammaTest#testRegularizedGammaZeroPositive,7.000000
4156,org.apache.commons.math3.special.GammaTest#testLogGammaZero,4.000000
4157,org.apache.commons.math3.special.GammaTest#testDigammaSmallArgs,11.000000
4158,org.apache.commons.math3.special.GammaTest#testLogGamma1p,8.000000
4159,org.apache.commons.math3.special.GammaTest#testInvGamma1pm1Precondition1,12.000000
4160,org.apache.commons.math3.special.GammaTest#testInvGamma1pm1Precondition2,12.000000
4161,org.apache.commons.math3.special.GammaTest#testRegularizedGammaNegativePositive,7.000000
4162,org.apache.commons.math3.special.GammaTest#testRegularizedGammaPositiveNan,7.000000
4163,org.apache.commons.math3.special.GammaTest#testRegularizedGammaPositiveZero,7.000000
4164,org.apache.commons.math3.special.GammaTest#testGammaNegativeInteger,6.000000
4165,org.apache.commons.math3.special.BetaTest#testRegularizedBetaPositiveNanPositive,2.000000
4166,org.apache.commons.math3.special.BetaTest#testLogGammaSumPrecondition1,9.000000
4167,org.apache.commons.math3.special.BetaTest#testLogGammaSumPrecondition2,9.000000
4168,org.apache.commons.math3.special.BetaTest#testLogGammaSumPrecondition3,9.000000
4169,org.apache.commons.math3.special.BetaTest#testLogGammaSumPrecondition4,9.000000
4170,org.apache.commons.math3.special.BetaTest#testRegularizedBetaPositivePositivePositive,27.000000
4171,org.apache.commons.math3.special.BetaTest#testRegularizedBetaPositivePositiveNegative,2.000000
4172,org.apache.commons.math3.special.BetaTest#testRegularizedBetaPositiveZeroPositive,2.000000
4173,org.apache.commons.math3.special.BetaTest#testLogBetaPositivePositive,11.000000
4174,org.apache.commons.math3.special.BetaTest#testLogBetaPositiveNegative,1.000000
4175,org.apache.commons.math3.special.BetaTest#testLogGammaSum,9.000000
4176,org.apache.commons.math3.special.BetaTest#testLogBetaPositiveNan,1.000000
4177,org.apache.commons.math3.special.BetaTest#testSumDeltaMinusDeltaSum,6.000000
4178,org.apache.commons.math3.special.BetaTest#testRegularizedBetaNegativePositivePositive,2.000000
4179,org.apache.commons.math3.special.BetaTest#testLogBeta,19.000000
4180,org.apache.commons.math3.special.BetaTest#testLogGammaMinusLogGammaSumPrecondition1,9.000000
4181,org.apache.commons.math3.special.BetaTest#testLogGammaMinusLogGammaSumPrecondition2,9.000000
4182,org.apache.commons.math3.special.BetaTest#testRegularizedBetaPositivePositiveNan,2.000000
4183,org.apache.commons.math3.special.BetaTest#testLogBetaZeroPositive,1.000000
4184,org.apache.commons.math3.special.BetaTest#testRegularizedBetaPositivePositiveZero,2.000000
4185,org.apache.commons.math3.special.BetaTest#testRegularizedBetaPositiveNegativePositive,2.000000
4186,org.apache.commons.math3.special.BetaTest#testLogGammaMinusLogGammaSum,8.000000
4187,org.apache.commons.math3.special.BetaTest#testLogBetaNanPositive,1.000000
4188,org.apache.commons.math3.special.BetaTest#testLogBetaNegativePositive,1.000000
4189,org.apache.commons.math3.special.BetaTest#testSumDeltaMinusDeltaSumPrecondition1,9.000000
4190,org.apache.commons.math3.special.BetaTest#testSumDeltaMinusDeltaSumPrecondition2,9.000000
4191,org.apache.commons.math3.special.BetaTest#testLogBetaPositiveZero,1.000000
4192,org.apache.commons.math3.special.BetaTest#testRegularizedBetaZeroPositivePositive,23.000000
4193,org.apache.commons.math3.special.BetaTest#testRegularizedBetaNanPositivePositive,2.000000
4194,org.apache.commons.math3.ode.sampling.DummyStepInterpolatorTest#testImpossibleSerialization,9.000000
4195,org.apache.commons.math3.ode.sampling.DummyStepInterpolatorTest#testFixedState,11.000000
4196,org.apache.commons.math3.ode.sampling.DummyStepInterpolatorTest#testNoReset,11.000000
4197,org.apache.commons.math3.ode.nonstiff.GraggBulirschStoerIntegratorTest#testDimensionCheck,27.000000
4198,org.apache.commons.math3.ode.nonstiff.EulerStepInterpolatorTest#interpolationInside,25.000000
4199,org.apache.commons.math3.ode.nonstiff.EulerStepInterpolatorTest#noReset,25.000000
4200,org.apache.commons.math3.ode.nonstiff.DormandPrince54IntegratorTest#testDimensionCheck,31.000000
4201,org.apache.commons.math3.ode.nonstiff.DormandPrince853IntegratorTest#testNullIntervalCheck,40.000000
4202,org.apache.commons.math3.ode.events.EventFilterTest#testHistoryIncreasingBackward,33.000000
4203,org.apache.commons.math3.ode.events.EventFilterTest#testHistoryDecreasingForward,33.000000
4204,org.apache.commons.math3.stat.CertifiedDataTest#testSummaryStatistics,40.000000
4205,org.apache.commons.math3.stat.ranking.NaturalRankingTest#testNoNaNsFailed,13.000000
4206,org.apache.commons.math3.stat.ranking.NaturalRankingTest#testNaNsFailed,14.000000
4207,org.apache.commons.math3.stat.ranking.NaturalRankingTest#testNaNsRemovedTiesSequential,18.000000
4208,org.apache.commons.math3.stat.ranking.NaturalRankingTest#testNaNsMinimalTiesMaximum,16.000000
4209,org.apache.commons.math3.stat.ranking.NaturalRankingTest#testNaNsAndInfs,15.000000
4210,org.apache.commons.math3.stat.ranking.NaturalRankingTest#testNaNsMaximalTiesMinimum,16.000000
4211,org.apache.commons.math3.stat.correlation.StorelessCovarianceTest#testSymmetry,33.000000
4212,org.apache.commons.math3.stat.correlation.StorelessCovarianceTest#testLonglySimpleCov,4.000000
4213,org.apache.commons.math3.stat.correlation.StorelessCovarianceTest#testLonglySimpleVar,4.000000
4214,org.apache.commons.math3.stat.correlation.StorelessCovarianceTest#testLonglyByRow,48.000000
4215,org.apache.commons.math3.stat.correlation.CovarianceTest#testConstant,12.000000
4216,org.apache.commons.math3.stat.correlation.PearsonsCorrelationTest#testConstant,13.000000
4217,org.apache.commons.math3.stat.clustering.EuclideanIntegerPointTest#testCentroid,3.000000
4218,org.apache.commons.math3.stat.clustering.EuclideanIntegerPointTest#testDistance,5.000000
4219,org.apache.commons.math3.stat.clustering.EuclideanIntegerPointTest#testArrayIsReference,2.000000
4220,org.apache.commons.math3.stat.clustering.EuclideanIntegerPointTest#testSerial,2.000000
4221,org.apache.commons.math3.stat.clustering.EuclideanDoublePointTest#testDistance,5.000000
4222,org.apache.commons.math3.stat.clustering.EuclideanDoublePointTest#testArrayIsReference,2.000000
4223,org.apache.commons.math3.stat.clustering.EuclideanDoublePointTest#testSerial,2.000000
4224,org.apache.commons.math3.stat.clustering.KMeansPlusPlusClustererTest#testPerformClusterAnalysisToManyClusters,14.000000
4225,org.apache.commons.math3.stat.clustering.KMeansPlusPlusClustererTest#testSmallDistances,17.000000
4226,org.apache.commons.math3.stat.clustering.DBSCANClustererTest#testNullDataset,10.000000
4227,org.apache.commons.math3.stat.clustering.DBSCANClustererTest#testNegativeEps,10.000000
4228,org.apache.commons.math3.stat.clustering.DBSCANClustererTest#testNegativeMinPts,10.000000
4229,org.apache.commons.math3.stat.StatUtilsTest#testN0andN1Conditions,28.000000
4230,org.apache.commons.math3.stat.StatUtilsTest#testSumLog,30.000000
4231,org.apache.commons.math3.stat.inference.MannWhitneyUTestTest#testMannWhitneyUInputValidation,16.000000
4232,org.apache.commons.math3.stat.inference.MannWhitneyUTestTest#testMannWhitneyUSimple,48.000000
4233,org.apache.commons.math3.stat.inference.WilcoxonSignedRankTestTest#testWilcoxonSignedRankInputValidation,35.000000
4234,org.apache.commons.math3.stat.inference.GTestTest#testUnmatchedArrays,41.000000
4235,org.apache.commons.math3.stat.inference.GTestTest#testRootLogLikelihood,7.000000
4236,org.apache.commons.math3.stat.inference.GTestTest#testGTestSetsComparisonBadCounts,43.000000
4237,org.apache.commons.math3.stat.inference.GTestTest#testZeroExpectedCounts,41.000000
4238,org.apache.commons.math3.stat.descriptive.SummaryStatisticsTest#testProductAndGeometricMean,35.000000
4239,org.apache.commons.math3.stat.descriptive.SummaryStatisticsTest#testGetSummary,46.000000
4240,org.apache.commons.math3.stat.descriptive.SummaryStatisticsTest#testSerialization,67.000000
4241,org.apache.commons.math3.stat.descriptive.SummaryStatisticsTest#testStats,50.000000
4242,org.apache.commons.math3.stat.descriptive.SummaryStatisticsTest#testCopy,89.000000
4243,org.apache.commons.math3.stat.descriptive.SummaryStatisticsTest#testNaNContracts,42.000000
4244,org.apache.commons.math3.stat.descriptive.SummaryStatisticsTest#testN0andN1Conditions,41.000000
4245,org.apache.commons.math3.stat.descriptive.SummaryStatisticsTest#testOverrideMeanWithMathClass,36.000000
4246,org.apache.commons.math3.stat.descriptive.SummaryStatisticsTest#testSetterInjection,49.000000
4247,org.apache.commons.math3.stat.descriptive.SummaryStatisticsTest#testSetterIllegalState,32.000000
4248,org.apache.commons.math3.stat.descriptive.SummaryStatisticsTest#testEqualsAndHashCode,66.000000
4249,org.apache.commons.math3.stat.descriptive.moment.SecondMomentTest#testMomentSmallSamples,8.000000
4250,org.apache.commons.math3.stat.descriptive.moment.SecondMomentTest#testSerialization,20.000000
4251,org.apache.commons.math3.stat.descriptive.moment.SecondMomentTest#testIncrementation,15.000000
4252,org.apache.commons.math3.stat.descriptive.moment.SecondMomentTest#testConsistency,16.000000
4253,org.apache.commons.math3.stat.descriptive.moment.SecondMomentTest#testEqualsAndHashCode,20.000000
4254,org.apache.commons.math3.stat.descriptive.moment.SecondMomentTest#testCopyConsistency,28.000000
4255,org.apache.commons.math3.stat.descriptive.moment.SecondMomentTest#testSerial,12.000000
4256,org.apache.commons.math3.stat.descriptive.moment.SecondMomentTest#testCopy,21.000000
4257,org.apache.commons.math3.stat.descriptive.moment.SecondMomentTest#testEvaluation,15.000000
4258,org.apache.commons.math3.stat.descriptive.moment.SecondMomentTest#testEvaluateArraySegment,15.000000
4259,org.apache.commons.math3.stat.descriptive.moment.SecondMomentTest#testWeightedConsistency,5.000000
4260,org.apache.commons.math3.stat.descriptive.moment.SecondMomentTest#testEvaluateArraySegmentWeighted,5.000000
4261,org.apache.commons.math3.stat.descriptive.moment.KurtosisTest#testNaN,15.000000
4262,org.apache.commons.math3.stat.descriptive.moment.KurtosisTest#testMomentSmallSamples,8.000000
4263,org.apache.commons.math3.stat.descriptive.moment.KurtosisTest#testSerialization,31.000000
4264,org.apache.commons.math3.stat.descriptive.moment.KurtosisTest#testIncrementation,26.000000
4265,org.apache.commons.math3.stat.descriptive.moment.KurtosisTest#testEqualsAndHashCode,28.000000
4266,org.apache.commons.math3.stat.descriptive.moment.KurtosisTest#testSerial,16.000000
4267,org.apache.commons.math3.stat.descriptive.moment.KurtosisTest#testCopy,36.000000
4268,org.apache.commons.math3.stat.descriptive.moment.KurtosisTest#testEvaluation,26.000000
4269,org.apache.commons.math3.stat.descriptive.moment.KurtosisTest#testEvaluateArraySegment,26.000000
4270,org.apache.commons.math3.stat.descriptive.moment.KurtosisTest#testWeightedConsistency,8.000000
4271,org.apache.commons.math3.stat.descriptive.moment.KurtosisTest#testEvaluateArraySegmentWeighted,8.000000
4272,org.apache.commons.math3.stat.descriptive.moment.SemiVarianceTest#testNoVariance,16.000000
4273,org.apache.commons.math3.stat.descriptive.moment.SemiVarianceTest#testSingleDown,14.000000
4274,org.apache.commons.math3.stat.descriptive.moment.SemiVarianceTest#testNonMeanCutoffs,7.000000
4275,org.apache.commons.math3.stat.descriptive.moment.SemiVarianceTest#testPopulation,16.000000
4276,org.apache.commons.math3.stat.descriptive.moment.SemiVarianceTest#testVarianceDecompMeanCutoff,34.000000
4277,org.apache.commons.math3.stat.descriptive.moment.SemiVarianceTest#testSample,36.000000
4278,org.apache.commons.math3.stat.descriptive.moment.GeometricMeanTest#testSpecialValues,20.000000
4279,org.apache.commons.math3.stat.descriptive.moment.GeometricMeanTest#testMomentSmallSamples,5.000000
4280,org.apache.commons.math3.stat.descriptive.moment.GeometricMeanTest#testSerialization,31.000000
4281,org.apache.commons.math3.stat.descriptive.moment.GeometricMeanTest#testIncrementation,26.000000
4282,org.apache.commons.math3.stat.descriptive.moment.GeometricMeanTest#testConsistency,28.000000
4283,org.apache.commons.math3.stat.descriptive.moment.GeometricMeanTest#testEqualsAndHashCode,30.000000
4284,org.apache.commons.math3.stat.descriptive.moment.GeometricMeanTest#testSerial,13.000000
4285,org.apache.commons.math3.stat.descriptive.moment.GeometricMeanTest#testCopy,25.000000
4286,org.apache.commons.math3.stat.descriptive.moment.GeometricMeanTest#testEvaluation,18.000000
4287,org.apache.commons.math3.stat.descriptive.moment.GeometricMeanTest#testEvaluateArraySegment,18.000000
4288,org.apache.commons.math3.stat.descriptive.moment.GeometricMeanTest#testWeightedConsistency,5.000000
4289,org.apache.commons.math3.stat.descriptive.moment.GeometricMeanTest#testEvaluateArraySegmentWeighted,5.000000
4290,org.apache.commons.math3.stat.descriptive.moment.ThirdMomentTest#testSerialization,23.000000
4291,org.apache.commons.math3.stat.descriptive.moment.ThirdMomentTest#testIncrementation,18.000000
4292,org.apache.commons.math3.stat.descriptive.moment.ThirdMomentTest#testConsistency,19.000000
4293,org.apache.commons.math3.stat.descriptive.moment.ThirdMomentTest#testEqualsAndHashCode,23.000000
4294,org.apache.commons.math3.stat.descriptive.moment.ThirdMomentTest#testCopyConsistency,31.000000
4295,org.apache.commons.math3.stat.descriptive.moment.ThirdMomentTest#testSerial,13.000000
4296,org.apache.commons.math3.stat.descriptive.moment.ThirdMomentTest#testCopy,25.000000
4297,org.apache.commons.math3.stat.descriptive.moment.ThirdMomentTest#testEvaluation,18.000000
4298,org.apache.commons.math3.stat.descriptive.moment.ThirdMomentTest#testEvaluateArraySegment,18.000000
4299,org.apache.commons.math3.stat.descriptive.moment.ThirdMomentTest#testWeightedConsistency,6.000000
4300,org.apache.commons.math3.stat.descriptive.moment.ThirdMomentTest#testEvaluateArraySegmentWeighted,6.000000
4301,org.apache.commons.math3.stat.descriptive.moment.StandardDeviationTest#testNaN,13.000000
4302,org.apache.commons.math3.stat.descriptive.moment.StandardDeviationTest#testMomentSmallSamples,7.000000
4303,org.apache.commons.math3.stat.descriptive.moment.StandardDeviationTest#testIncrementation,24.000000
4304,org.apache.commons.math3.stat.descriptive.moment.StandardDeviationTest#testConsistency,29.000000
4305,org.apache.commons.math3.stat.descriptive.moment.StandardDeviationTest#testEqualsAndHashCode,29.000000
4306,org.apache.commons.math3.stat.descriptive.moment.StandardDeviationTest#testSerial,17.000000
4307,org.apache.commons.math3.stat.descriptive.moment.StandardDeviationTest#testCopy,30.000000
4308,org.apache.commons.math3.stat.descriptive.moment.StandardDeviationTest#testEvaluation,20.000000
4309,org.apache.commons.math3.stat.descriptive.moment.StandardDeviationTest#testWeightedConsistency,7.000000
4310,org.apache.commons.math3.stat.descriptive.moment.StandardDeviationTest#testEvaluateArraySegmentWeighted,7.000000
4311,org.apache.commons.math3.stat.descriptive.moment.SkewnessTest#testNaN,12.000000
4312,org.apache.commons.math3.stat.descriptive.moment.SkewnessTest#testMomentSmallSamples,7.000000
4313,org.apache.commons.math3.stat.descriptive.moment.SkewnessTest#testIncrementation,22.000000
4314,org.apache.commons.math3.stat.descriptive.moment.SkewnessTest#testConsistency,27.000000
4315,org.apache.commons.math3.stat.descriptive.moment.SkewnessTest#testEqualsAndHashCode,25.000000
4316,org.apache.commons.math3.stat.descriptive.moment.SkewnessTest#testCopyConsistency,37.000000
4317,org.apache.commons.math3.stat.descriptive.moment.SkewnessTest#testSerial,15.000000
4318,org.apache.commons.math3.stat.descriptive.moment.SkewnessTest#testEvaluation,15.000000
4319,org.apache.commons.math3.stat.descriptive.moment.SkewnessTest#testEvaluateArraySegment,15.000000
4320,org.apache.commons.math3.stat.descriptive.moment.SkewnessTest#testWeightedConsistency,7.000000
4321,org.apache.commons.math3.stat.descriptive.moment.SkewnessTest#testEvaluateArraySegmentWeighted,7.000000
4322,org.apache.commons.math3.stat.descriptive.moment.MeanTest#testSmallSamples,8.000000
4323,org.apache.commons.math3.stat.descriptive.moment.MeanTest#testWeightedMean,12.000000
4324,org.apache.commons.math3.stat.descriptive.moment.MeanTest#testMomentSmallSamples,5.000000
4325,org.apache.commons.math3.stat.descriptive.moment.MeanTest#testIncrementation,16.000000
4326,org.apache.commons.math3.stat.descriptive.moment.MeanTest#testConsistency,18.000000
4327,org.apache.commons.math3.stat.descriptive.moment.MeanTest#testEqualsAndHashCode,21.000000
4328,org.apache.commons.math3.stat.descriptive.moment.MeanTest#testSerial,13.000000
4329,org.apache.commons.math3.stat.descriptive.moment.MeanTest#testCopy,18.000000
4330,org.apache.commons.math3.stat.descriptive.moment.MeanTest#testEvaluation,11.000000
4331,org.apache.commons.math3.stat.descriptive.moment.MeanTest#testEvaluateArraySegment,11.000000
4332,org.apache.commons.math3.stat.descriptive.moment.MeanTest#testEvaluateArraySegmentWeighted,13.000000
4333,org.apache.commons.math3.stat.descriptive.moment.FourthMomentTest#testMomentSmallSamples,12.000000
4334,org.apache.commons.math3.stat.descriptive.moment.FourthMomentTest#testSerialization,26.000000
4335,org.apache.commons.math3.stat.descriptive.moment.FourthMomentTest#testIncrementation,21.000000
4336,org.apache.commons.math3.stat.descriptive.moment.FourthMomentTest#testConsistency,22.000000
4337,org.apache.commons.math3.stat.descriptive.moment.FourthMomentTest#testEqualsAndHashCode,26.000000
4338,org.apache.commons.math3.stat.descriptive.moment.FourthMomentTest#testCopyConsistency,34.000000
4339,org.apache.commons.math3.stat.descriptive.moment.FourthMomentTest#testSerial,14.000000
4340,org.apache.commons.math3.stat.descriptive.moment.FourthMomentTest#testCopy,29.000000
4341,org.apache.commons.math3.stat.descriptive.moment.FourthMomentTest#testEvaluation,21.000000
4342,org.apache.commons.math3.stat.descriptive.moment.FourthMomentTest#testEvaluateArraySegment,21.000000
4343,org.apache.commons.math3.stat.descriptive.moment.FourthMomentTest#testWeightedConsistency,7.000000
4344,org.apache.commons.math3.stat.descriptive.moment.FourthMomentTest#testEvaluateArraySegmentWeighted,7.000000
4345,org.apache.commons.math3.stat.descriptive.moment.FirstMomentTest#testMomentSmallSamples,4.000000
4346,org.apache.commons.math3.stat.descriptive.moment.FirstMomentTest#testIncrementation,12.000000
4347,org.apache.commons.math3.stat.descriptive.moment.FirstMomentTest#testConsistency,13.000000
4348,org.apache.commons.math3.stat.descriptive.moment.FirstMomentTest#testEqualsAndHashCode,17.000000
4349,org.apache.commons.math3.stat.descriptive.moment.FirstMomentTest#testCopyConsistency,25.000000
4350,org.apache.commons.math3.stat.descriptive.moment.FirstMomentTest#testSerial,11.000000
4351,org.apache.commons.math3.stat.descriptive.moment.FirstMomentTest#testCopy,17.000000
4352,org.apache.commons.math3.stat.descriptive.moment.FirstMomentTest#testEvaluation,12.000000
4353,org.apache.commons.math3.stat.descriptive.moment.FirstMomentTest#testEvaluateArraySegment,12.000000
4354,org.apache.commons.math3.stat.descriptive.moment.FirstMomentTest#testWeightedConsistency,4.000000
4355,org.apache.commons.math3.stat.descriptive.moment.FirstMomentTest#testEvaluateArraySegmentWeighted,4.000000
4356,org.apache.commons.math3.stat.descriptive.moment.VarianceTest#testNaN,13.000000
4357,org.apache.commons.math3.stat.descriptive.moment.VarianceTest#testWeightedVariance,20.000000
4358,org.apache.commons.math3.stat.descriptive.moment.VarianceTest#testPopulation,30.000000
4359,org.apache.commons.math3.stat.descriptive.moment.VarianceTest#testMomentSmallSamples,6.000000
4360,org.apache.commons.math3.stat.descriptive.moment.VarianceTest#testSerialization,24.000000
4361,org.apache.commons.math3.stat.descriptive.moment.VarianceTest#testIncrementation,19.000000
4362,org.apache.commons.math3.stat.descriptive.moment.VarianceTest#testConsistency,24.000000
4363,org.apache.commons.math3.stat.descriptive.moment.VarianceTest#testEqualsAndHashCode,24.000000
4364,org.apache.commons.math3.stat.descriptive.moment.VarianceTest#testCopyConsistency,33.000000
4365,org.apache.commons.math3.stat.descriptive.moment.VarianceTest#testSerial,14.000000
4366,org.apache.commons.math3.stat.descriptive.moment.VarianceTest#testCopy,26.000000
4367,org.apache.commons.math3.stat.descriptive.moment.VarianceTest#testEvaluation,18.000000
4368,org.apache.commons.math3.stat.descriptive.moment.VarianceTest#testEvaluateArraySegment,18.000000
4369,org.apache.commons.math3.stat.descriptive.moment.VarianceTest#testEvaluateArraySegmentWeighted,20.000000
4370,org.apache.commons.math3.stat.descriptive.moment.VectorialMeanTest#testSimplistic,10.000000
4371,org.apache.commons.math3.stat.descriptive.moment.VectorialCovarianceTest#testSimplistic,22.000000
4372,org.apache.commons.math3.stat.descriptive.moment.VectorialCovarianceTest#testMismatch,12.000000
4373,org.apache.commons.math3.stat.descriptive.SynchronizedSummaryStatisticsTest#testProductAndGeometricMean,38.000000
4374,org.apache.commons.math3.stat.descriptive.SynchronizedSummaryStatisticsTest#testGetSummary,56.000000
4375,org.apache.commons.math3.stat.descriptive.SynchronizedSummaryStatisticsTest#testNaNContracts,50.000000
4376,org.apache.commons.math3.stat.descriptive.SynchronizedSummaryStatisticsTest#testN0andN1Conditions,48.000000
4377,org.apache.commons.math3.stat.descriptive.SynchronizedSummaryStatisticsTest#testOverrideMeanWithMathClass,36.000000
4378,org.apache.commons.math3.stat.descriptive.SynchronizedSummaryStatisticsTest#testOverrideGeoMeanWithMathClass,43.000000
4379,org.apache.commons.math3.stat.descriptive.SynchronizedSummaryStatisticsTest#testOverrideVarianceWithMathClass,42.000000
4380,org.apache.commons.math3.stat.descriptive.SynchronizedSummaryStatisticsTest#testSetterIllegalState,35.000000
4381,org.apache.commons.math3.stat.descriptive.SynchronizedSummaryStatisticsTest#testEqualsAndHashCode,79.000000
4382,org.apache.commons.math3.stat.descriptive.AbstractUnivariateStatisticTest#testTestPositive,6.000000
4383,org.apache.commons.math3.stat.descriptive.AbstractUnivariateStatisticTest#testTestNegative,20.000000
4384,org.apache.commons.math3.stat.descriptive.AggregateSummaryStatisticsTest#testAggregateSpecialValues,48.000000
4385,org.apache.commons.math3.stat.descriptive.AggregateSummaryStatisticsTest#testAggregateDegenerate,48.000000
4386,org.apache.commons.math3.stat.descriptive.StatisticalSummaryValuesTest#testEqualsAndHashCode,16.000000
4387,org.apache.commons.math3.stat.descriptive.rank.MinTest#testNaNs,8.000000
4388,org.apache.commons.math3.stat.descriptive.rank.MinTest#testSpecialValues,10.000000
4389,org.apache.commons.math3.stat.descriptive.rank.MinTest#testMomentSmallSamples,4.000000
4390,org.apache.commons.math3.stat.descriptive.rank.MinTest#testIncrementation,12.000000
4391,org.apache.commons.math3.stat.descriptive.rank.MinTest#testConsistency,13.000000
4392,org.apache.commons.math3.stat.descriptive.rank.MinTest#testEqualsAndHashCode,17.000000
4393,org.apache.commons.math3.stat.descriptive.rank.MinTest#testCopyConsistency,25.000000
4394,org.apache.commons.math3.stat.descriptive.rank.MinTest#testSerial,11.000000
4395,org.apache.commons.math3.stat.descriptive.rank.MinTest#testCopy,13.000000
4396,org.apache.commons.math3.stat.descriptive.rank.MinTest#testEvaluation,8.000000
4397,org.apache.commons.math3.stat.descriptive.rank.MinTest#testEvaluateArraySegment,8.000000
4398,org.apache.commons.math3.stat.descriptive.rank.MinTest#testWeightedConsistency,4.000000
4399,org.apache.commons.math3.stat.descriptive.rank.MinTest#testEvaluateArraySegmentWeighted,4.000000
4400,org.apache.commons.math3.stat.descriptive.rank.MedianTest#testEvaluation,17.000000
4401,org.apache.commons.math3.stat.descriptive.rank.MedianTest#testEvaluateArraySegment,14.000000
4402,org.apache.commons.math3.stat.descriptive.rank.MedianTest#testWeightedConsistency,5.000000
4403,org.apache.commons.math3.stat.descriptive.rank.MedianTest#testEvaluateArraySegmentWeighted,5.000000
4404,org.apache.commons.math3.stat.descriptive.rank.MaxTest#testNaNs,8.000000
4405,org.apache.commons.math3.stat.descriptive.rank.MaxTest#testSpecialValues,10.000000
4406,org.apache.commons.math3.stat.descriptive.rank.MaxTest#testMomentSmallSamples,4.000000
4407,org.apache.commons.math3.stat.descriptive.rank.MaxTest#testIncrementation,12.000000
4408,org.apache.commons.math3.stat.descriptive.rank.MaxTest#testConsistency,13.000000
4409,org.apache.commons.math3.stat.descriptive.rank.MaxTest#testEqualsAndHashCode,17.000000
4410,org.apache.commons.math3.stat.descriptive.rank.MaxTest#testCopyConsistency,25.000000
4411,org.apache.commons.math3.stat.descriptive.rank.MaxTest#testSerial,11.000000
4412,org.apache.commons.math3.stat.descriptive.rank.MaxTest#testCopy,13.000000
4413,org.apache.commons.math3.stat.descriptive.rank.MaxTest#testEvaluation,8.000000
4414,org.apache.commons.math3.stat.descriptive.rank.MaxTest#testEvaluateArraySegment,8.000000
4415,org.apache.commons.math3.stat.descriptive.rank.MaxTest#testWeightedConsistency,4.000000
4416,org.apache.commons.math3.stat.descriptive.rank.MaxTest#testEvaluateArraySegmentWeighted,4.000000
4417,org.apache.commons.math3.stat.descriptive.rank.PercentileTest#testPercentile,20.000000
4418,org.apache.commons.math3.stat.descriptive.rank.PercentileTest#testNISTExample,13.000000
4419,org.apache.commons.math3.stat.descriptive.rank.PercentileTest#testSingleton,9.000000
4420,org.apache.commons.math3.stat.descriptive.rank.PercentileTest#testLowPercentile,13.000000
4421,org.apache.commons.math3.stat.descriptive.rank.PercentileTest#test5,16.000000
4422,org.apache.commons.math3.stat.descriptive.rank.PercentileTest#testHighPercentile,13.000000
4423,org.apache.commons.math3.stat.descriptive.rank.PercentileTest#testSpecialValues,13.000000
4424,org.apache.commons.math3.stat.descriptive.rank.PercentileTest#testNullEmpty,15.000000
4425,org.apache.commons.math3.stat.descriptive.rank.PercentileTest#testCopy,22.000000
4426,org.apache.commons.math3.stat.descriptive.rank.PercentileTest#testEvaluation,16.000000
4427,org.apache.commons.math3.stat.descriptive.rank.PercentileTest#testEvaluateArraySegment,13.000000
4428,org.apache.commons.math3.stat.descriptive.rank.PercentileTest#testWeightedConsistency,4.000000
4429,org.apache.commons.math3.stat.descriptive.rank.PercentileTest#testEvaluateArraySegmentWeighted,4.000000
4430,org.apache.commons.math3.stat.descriptive.summary.SumLogTest#testSpecialValues,9.000000
4431,org.apache.commons.math3.stat.descriptive.summary.SumLogTest#testMomentSmallSamples,4.000000
4432,org.apache.commons.math3.stat.descriptive.summary.SumLogTest#testSerialization,20.000000
4433,org.apache.commons.math3.stat.descriptive.summary.SumLogTest#testIncrementation,15.000000
4434,org.apache.commons.math3.stat.descriptive.summary.SumLogTest#testConsistency,16.000000
4435,org.apache.commons.math3.stat.descriptive.summary.SumLogTest#testEqualsAndHashCode,19.000000
4436,org.apache.commons.math3.stat.descriptive.summary.SumLogTest#testCopyConsistency,28.000000
4437,org.apache.commons.math3.stat.descriptive.summary.SumLogTest#testSerial,13.000000
4438,org.apache.commons.math3.stat.descriptive.summary.SumLogTest#testCopy,15.000000
4439,org.apache.commons.math3.stat.descriptive.summary.SumLogTest#testEvaluation,10.000000
4440,org.apache.commons.math3.stat.descriptive.summary.SumLogTest#testEvaluateArraySegment,10.000000
4441,org.apache.commons.math3.stat.descriptive.summary.SumLogTest#testWeightedConsistency,4.000000
4442,org.apache.commons.math3.stat.descriptive.summary.SumLogTest#testEvaluateArraySegmentWeighted,4.000000
4443,org.apache.commons.math3.stat.descriptive.summary.SumTest#testSpecialValues,6.000000
4444,org.apache.commons.math3.stat.descriptive.summary.SumTest#testWeightedConsistency,1.000000
4445,org.apache.commons.math3.stat.descriptive.summary.SumTest#testWeightedSum,7.000000
4446,org.apache.commons.math3.stat.descriptive.summary.SumTest#testMomentSmallSamples,4.000000
4447,org.apache.commons.math3.stat.descriptive.summary.SumTest#testSerialization,17.000000
4448,org.apache.commons.math3.stat.descriptive.summary.SumTest#testIncrementation,12.000000
4449,org.apache.commons.math3.stat.descriptive.summary.SumTest#testConsistency,13.000000
4450,org.apache.commons.math3.stat.descriptive.summary.SumTest#testEqualsAndHashCode,17.000000
4451,org.apache.commons.math3.stat.descriptive.summary.SumTest#testCopyConsistency,25.000000
4452,org.apache.commons.math3.stat.descriptive.summary.SumTest#testSerial,13.000000
4453,org.apache.commons.math3.stat.descriptive.summary.SumTest#testCopy,12.000000
4454,org.apache.commons.math3.stat.descriptive.summary.SumTest#testEvaluation,7.000000
4455,org.apache.commons.math3.stat.descriptive.summary.SumTest#testEvaluateArraySegment,7.000000
4456,org.apache.commons.math3.stat.descriptive.summary.SumTest#testEvaluateArraySegmentWeighted,4.000000
4457,org.apache.commons.math3.stat.descriptive.summary.ProductTest#testSpecialValues,6.000000
4458,org.apache.commons.math3.stat.descriptive.summary.ProductTest#testWeightedProduct,15.000000
4459,org.apache.commons.math3.stat.descriptive.summary.ProductTest#testMomentSmallSamples,4.000000
4460,org.apache.commons.math3.stat.descriptive.summary.ProductTest#testIncrementation,12.000000
4461,org.apache.commons.math3.stat.descriptive.summary.ProductTest#testConsistency,13.000000
4462,org.apache.commons.math3.stat.descriptive.summary.ProductTest#testEqualsAndHashCode,17.000000
4463,org.apache.commons.math3.stat.descriptive.summary.ProductTest#testSerial,13.000000
4464,org.apache.commons.math3.stat.descriptive.summary.ProductTest#testCopy,12.000000
4465,org.apache.commons.math3.stat.descriptive.summary.ProductTest#testEvaluation,7.000000
4466,org.apache.commons.math3.stat.descriptive.summary.ProductTest#testEvaluateArraySegment,7.000000
4467,org.apache.commons.math3.stat.descriptive.summary.ProductTest#testEvaluateArraySegmentWeighted,16.000000
4468,org.apache.commons.math3.stat.descriptive.summary.SumSqTest#testSpecialValues,6.000000
4469,org.apache.commons.math3.stat.descriptive.summary.SumSqTest#testMomentSmallSamples,4.000000
4470,org.apache.commons.math3.stat.descriptive.summary.SumSqTest#testIncrementation,12.000000
4471,org.apache.commons.math3.stat.descriptive.summary.SumSqTest#testConsistency,13.000000
4472,org.apache.commons.math3.stat.descriptive.summary.SumSqTest#testEqualsAndHashCode,17.000000
4473,org.apache.commons.math3.stat.descriptive.summary.SumSqTest#testCopyConsistency,25.000000
4474,org.apache.commons.math3.stat.descriptive.summary.SumSqTest#testSerial,13.000000
4475,org.apache.commons.math3.stat.descriptive.summary.SumSqTest#testCopy,12.000000
4476,org.apache.commons.math3.stat.descriptive.summary.SumSqTest#testEvaluation,7.000000
4477,org.apache.commons.math3.stat.descriptive.summary.SumSqTest#testEvaluateArraySegment,7.000000
4478,org.apache.commons.math3.stat.descriptive.summary.SumSqTest#testWeightedConsistency,4.000000
4479,org.apache.commons.math3.stat.descriptive.summary.SumSqTest#testEvaluateArraySegmentWeighted,4.000000
4480,org.apache.commons.math3.stat.descriptive.MultivariateSummaryStatisticsTest#testDimension,22.000000
4481,org.apache.commons.math3.stat.regression.MillerUpdatingRegressionTest#testRegressAirlineConstantInternal,29.000000
4482,org.apache.commons.math3.stat.regression.MillerUpdatingRegressionTest#testThreeRedundantColumn,28.000000
4483,org.apache.commons.math3.stat.regression.MillerUpdatingRegressionTest#testRegressAirlineConstantExternal,28.000000
4484,org.apache.commons.math3.stat.regression.MillerUpdatingRegressionTest#testWampler1,29.000000
4485,org.apache.commons.math3.stat.regression.MillerUpdatingRegressionTest#testWampler2,29.000000
4486,org.apache.commons.math3.stat.regression.MillerUpdatingRegressionTest#testWampler3,29.000000
4487,org.apache.commons.math3.stat.regression.MillerUpdatingRegressionTest#testFilippelli,29.000000
4488,org.apache.commons.math3.stat.regression.MillerUpdatingRegressionTest#testLongly,28.000000
4489,org.apache.commons.math3.stat.regression.MillerUpdatingRegressionTest#testNegativeTestAddMultipleObs,9.000000
4490,org.apache.commons.math3.stat.regression.SimpleRegressionTest#testRemoveMultiplePastEmpty,6.000000
4491,org.apache.commons.math3.stat.regression.SimpleRegressionTest#testNoInterceot_noint2,15.000000
4492,org.apache.commons.math3.stat.regression.SimpleRegressionTest#testRegressExceptions,12.000000
4493,org.apache.commons.math3.stat.regression.SimpleRegressionTest#testCorr,13.000000
4494,org.apache.commons.math3.stat.regression.SimpleRegressionTest#testRemoveObsFromEmpty,4.000000
4495,org.apache.commons.math3.stat.regression.SimpleRegressionTest#testSSENonNegative,5.000000
4496,org.apache.commons.math3.stat.regression.SimpleRegressionTest#testRemoveObsFromSingle,5.000000
4497,org.apache.commons.math3.stat.regression.SimpleRegressionTest#testNoIntercept_noint1,15.000000
4498,org.apache.commons.math3.stat.regression.SimpleRegressionTest#testPerfectNegative,47.000000
4499,org.apache.commons.math3.stat.regression.SimpleRegressionTest#testNorris,19.000000
4500,org.apache.commons.math3.stat.regression.SimpleRegressionTest#testRandom,51.000000
4501,org.apache.commons.math3.stat.regression.GLSMultipleLinearRegressionTest#cannotAddNullYSampleData,33.000000
4502,org.apache.commons.math3.stat.regression.GLSMultipleLinearRegressionTest#cannotAddCovarianceDataThatIsNotSquare,31.000000
4503,org.apache.commons.math3.stat.regression.GLSMultipleLinearRegressionTest#notEnoughData,31.000000
4504,org.apache.commons.math3.stat.regression.GLSMultipleLinearRegressionTest#cannotAddNullCovarianceData,33.000000
4505,org.apache.commons.math3.stat.regression.GLSMultipleLinearRegressionTest#cannotAddCovarianceDataWithSampleSizeMismatch,31.000000
4506,org.apache.commons.math3.stat.regression.GLSMultipleLinearRegressionTest#cannotAddSampleDataWithSizeMismatch,34.000000
4507,org.apache.commons.math3.stat.regression.GLSMultipleLinearRegressionTest#cannotAddXSampleData,33.000000
4508,org.apache.commons.math3.stat.regression.GLSMultipleLinearRegressionTest#canEstimateRegressandVariance,26.000000
4509,org.apache.commons.math3.stat.regression.GLSMultipleLinearRegressionTest#testNewSampleNullData,34.000000
4510,org.apache.commons.math3.stat.regression.GLSMultipleLinearRegressionTest#testXSampleDataNull,33.000000
4511,org.apache.commons.math3.stat.regression.GLSMultipleLinearRegressionTest#testNewSampleInvalidData,35.000000
4512,org.apache.commons.math3.stat.regression.GLSMultipleLinearRegressionTest#testYSampleDataNull,33.000000
4513,org.apache.commons.math3.stat.FrequencyTest#testEmptyTable,11.000000
4514,org.apache.commons.math3.stat.FrequencyTest#testAdd,19.000000
4515,org.apache.commons.math3.stat.FrequencyTest#testMerge,12.000000
4516,org.apache.commons.math3.stat.FrequencyTest#testMode,9.000000
4517,org.apache.commons.math3.stat.FrequencyTest#testIncrement,5.000000
4518,org.apache.commons.math3.stat.FrequencyTest#testNonComparablePct,7.000000
4519,org.apache.commons.math3.stat.FrequencyTest#testNonComparableCumPct,9.000000
4520,org.apache.commons.math3.stat.FrequencyTest#testGetUniqueCount,6.000000
4521,org.apache.commons.math3.stat.FrequencyTest#testModeDoubleNan,9.000000
4522,org.apache.commons.math3.stat.FrequencyTest#testIntegerValues,15.000000
4523,org.apache.commons.math3.stat.FrequencyTest#testModeFloatNan,9.000000
4524,org.apache.commons.math3.RetryRunnerTest#testRetryFailSometimes,6.000000
4525,org.apache.commons.math3.RetryRunnerTest#testRetryFailAlways,6.000000
4526,org.apache.commons.math3.ml.distance.EarthMoversDistanceTest#testZero,3.000000
4527,org.apache.commons.math3.ml.distance.EarthMoversDistanceTest#test,3.000000
4528,org.apache.commons.math3.ml.distance.ChebyshevDistanceTest#test,5.000000
4529,org.apache.commons.math3.ml.distance.ManhattanDistanceTest#test,4.000000
4530,org.apache.commons.math3.ml.distance.CanberraDistanceTest#testZero,3.000000
4531,org.apache.commons.math3.ml.distance.CanberraDistanceTest#test,3.000000
4532,org.apache.commons.math3.ml.distance.EuclideanDistanceTest#testZero,4.000000
4533,org.apache.commons.math3.ml.distance.EuclideanDistanceTest#test,4.000000
4534,org.apache.commons.math3.ml.clustering.FuzzyKMeansClustererTest#testNullDataset,15.000000
4535,org.apache.commons.math3.ml.clustering.FuzzyKMeansClustererTest#testTooSmallFuzzynessFactor,14.000000
4536,org.apache.commons.math3.ml.clustering.KMeansPlusPlusClustererTest#testPerformClusterAnalysisDegenerate,27.000000
4537,org.apache.commons.math3.ml.clustering.KMeansPlusPlusClustererTest#testCertainSpace,23.000000
4538,org.apache.commons.math3.ml.clustering.KMeansPlusPlusClustererTest#testPerformClusterAnalysisToManyClusters,17.000000
4539,org.apache.commons.math3.ml.clustering.KMeansPlusPlusClustererTest#testSmallDistances,22.000000
4540,org.apache.commons.math3.ml.clustering.DBSCANClustererTest#testNullDataset,13.000000
4541,org.apache.commons.math3.ml.clustering.DBSCANClustererTest#testNegativeEps,13.000000
4542,org.apache.commons.math3.ml.clustering.DBSCANClustererTest#testCluster,21.000000
4543,org.apache.commons.math3.ml.clustering.DBSCANClustererTest#testNegativeMinPts,13.000000
4544,org.apache.commons.math3.genetics.RandomKeyTest#testRandomPermutation,11.000000
4545,org.apache.commons.math3.genetics.RandomKeyTest#testInducedPermutation,18.000000
4546,org.apache.commons.math3.genetics.RandomKeyTest#testConstructor2,11.000000
4547,org.apache.commons.math3.genetics.RandomKeyTest#testInvalidRepresentation,11.000000
4548,org.apache.commons.math3.genetics.RandomKeyTest#testDecode,10.000000
4549,org.apache.commons.math3.genetics.RandomKeyTest#testEqualRepr,10.000000
4550,org.apache.commons.math3.genetics.ListPopulationTest#testConstructorPopulationLimitNotPositive,10.000000
4551,org.apache.commons.math3.genetics.ListPopulationTest#testSetPopulationLimit,11.000000
4552,org.apache.commons.math3.genetics.ListPopulationTest#testGetFittestChromosome,5.000000
4553,org.apache.commons.math3.genetics.ListPopulationTest#testChromosomeListConstructorPopulationLimitNotPositive,16.000000
4554,org.apache.commons.math3.genetics.ListPopulationTest#testAddTooManyChromosomesSingleCall,18.000000
4555,org.apache.commons.math3.genetics.ListPopulationTest#testAddTooManyChromosomes,17.000000
4556,org.apache.commons.math3.genetics.ListPopulationTest#testSetPopulationLimitTooSmall,17.000000
4557,org.apache.commons.math3.genetics.ListPopulationTest#testIterator,12.000000
4558,org.apache.commons.math3.genetics.ListPopulationTest#testConstructorListOfChromosomesBiggerThanPopulationSize,15.000000
4559,org.apache.commons.math3.genetics.ChromosomeTest#testCompareTo,3.000000
4560,org.apache.commons.math3.genetics.ElitisticListPopulationTest#testChromosomeListConstructorTooLow,10.000000
4561,org.apache.commons.math3.genetics.ElitisticListPopulationTest#testSetElitismRateTooLow,11.000000
4562,org.apache.commons.math3.genetics.ElitisticListPopulationTest#testConstructorTooHigh,11.000000
4563,org.apache.commons.math3.genetics.ElitisticListPopulationTest#testConstructorTooLow,11.000000
4564,org.apache.commons.math3.genetics.ElitisticListPopulationTest#testSetElitismRateTooHigh,11.000000
4565,org.apache.commons.math3.genetics.ElitisticListPopulationTest#testChromosomeListConstructorTooHigh,10.000000
4566,org.apache.commons.math3.genetics.ElitisticListPopulationTest#testSetElitismRate,5.000000
4567,org.apache.commons.math3.genetics.ElitisticListPopulationTest#testNextGeneration,15.000000
4568,org.apache.commons.math3.genetics.TournamentSelectionTest#testSelect,20.000000
4569,org.apache.commons.math3.genetics.BinaryChromosomeTest#testInvalidConstructor,11.000000
4570,org.apache.commons.math3.genetics.BinaryChromosomeTest#testRandomConstructor,7.000000
4571,org.apache.commons.math3.genetics.OnePointCrossoverTest#testCrossover,16.000000
4572,org.apache.commons.math3.genetics.FitnessCachingTest#testFitnessCaching,47.000000
4573,org.apache.commons.math3.genetics.OrderedCrossoverTest#testCrossoverInvalidFixedLengthChromosomeFirst,12.000000
4574,org.apache.commons.math3.genetics.OrderedCrossoverTest#testCrossoverInvalidFixedLengthChromosomeSecond,12.000000
4575,org.apache.commons.math3.genetics.OrderedCrossoverTest#testCrossover,15.000000
4576,org.apache.commons.math3.genetics.UniformCrossoverTest#testRatioTooHigh,8.000000
4577,org.apache.commons.math3.genetics.UniformCrossoverTest#testRatioTooLow,8.000000
4578,org.apache.commons.math3.genetics.UniformCrossoverTest#testCrossoverInvalidFixedLengthChromosomeFirst,12.000000
4579,org.apache.commons.math3.genetics.UniformCrossoverTest#testCrossoverInvalidFixedLengthChromosomeSecond,12.000000
4580,org.apache.commons.math3.genetics.UniformCrossoverTest#testCrossover,14.000000
4581,org.apache.commons.math3.genetics.RandomKeyMutationTest#testMutate,13.000000
4582,org.apache.commons.math3.genetics.NPointCrossoverTest#testCrossoverInvalidFixedLengthChromosomeFirst,12.000000
4583,org.apache.commons.math3.genetics.NPointCrossoverTest#testCrossoverInvalidFixedLengthChromosomeSecond,12.000000
4584,org.apache.commons.math3.genetics.NPointCrossoverTest#testCrossoverDimensionMismatchException,18.000000
4585,org.apache.commons.math3.genetics.NPointCrossoverTest#testCrossover,16.000000
4586,org.apache.commons.math3.genetics.BinaryMutationTest#testMutate,11.000000
4587,org.apache.commons.math3.genetics.FixedGenerationCountTest#testIsSatisfied,2.000000
4588,org.apache.commons.math3.genetics.CycleCrossoverTest#testCrossoverExample2,12.000000
4589,org.apache.commons.math3.genetics.CycleCrossoverTest#testCrossoverExample,12.000000
4590,org.apache.commons.math3.genetics.CycleCrossoverTest#testCrossoverInvalidFixedLengthChromosomeFirst,13.000000
4591,org.apache.commons.math3.genetics.CycleCrossoverTest#testCrossoverInvalidFixedLengthChromosomeSecond,13.000000
4592,org.apache.commons.math3.genetics.CycleCrossoverTest#testCrossover,13.000000
4593,org.apache.commons.math3.geometry.euclidean.threed.LineTest#testContains,30.000000
4594,org.apache.commons.math3.geometry.euclidean.threed.LineTest#testClosest,13.000000
4595,org.apache.commons.math3.geometry.euclidean.threed.LineTest#testIntersection,17.000000
4596,org.apache.commons.math3.geometry.euclidean.threed.LineTest#testPointDistance,13.000000
4597,org.apache.commons.math3.geometry.euclidean.threed.RotationTest#testAxisAngle,33.000000
4598,org.apache.commons.math3.geometry.euclidean.threed.RotationTest#testCompose,17.000000
4599,org.apache.commons.math3.geometry.euclidean.threed.RotationTest#testIdentity,13.000000
4600,org.apache.commons.math3.geometry.euclidean.threed.RotationTest#testComposeInverse,18.000000
4601,org.apache.commons.math3.geometry.euclidean.threed.RotationTest#testApplyInverseTo,21.000000
4602,org.apache.commons.math3.geometry.euclidean.threed.RotationTest#testAngles,34.000000
4603,org.apache.commons.math3.geometry.euclidean.threed.RotationTest#testIssue639,18.000000
4604,org.apache.commons.math3.geometry.euclidean.threed.RotationTest#testQuaternion,24.000000
4605,org.apache.commons.math3.geometry.euclidean.threed.Vector3DTest#testVectorialProducts,11.000000
4606,org.apache.commons.math3.geometry.euclidean.threed.Vector3DTest#testAccurateCrossProduct,9.000000
4607,org.apache.commons.math3.geometry.euclidean.threed.Vector3DTest#testCrossProductCancellation,9.000000
4608,org.apache.commons.math3.geometry.euclidean.threed.Vector3DTest#testNaN,2.000000
4609,org.apache.commons.math3.geometry.euclidean.threed.Vector3DTest#testAngle,18.000000
4610,org.apache.commons.math3.geometry.euclidean.threed.Vector3DTest#testNorm1,3.000000
4611,org.apache.commons.math3.geometry.euclidean.threed.Vector3DTest#testWrongDimension,10.000000
4612,org.apache.commons.math3.geometry.euclidean.threed.Vector3DTest#testNorm,3.000000
4613,org.apache.commons.math3.geometry.euclidean.threed.Vector3DTest#testScalarProduct,5.000000
4614,org.apache.commons.math3.geometry.euclidean.threed.Vector3DTest#testDotProduct,11.000000
4615,org.apache.commons.math3.geometry.euclidean.threed.Vector3DTest#testCrossProduct,14.000000
4616,org.apache.commons.math3.geometry.euclidean.threed.Vector3DTest#testOrthogonal,13.000000
4617,org.apache.commons.math3.geometry.euclidean.threed.Vector3DTest#testAngularSeparation,20.000000
4618,org.apache.commons.math3.geometry.euclidean.threed.Vector3DTest#testNormalize,10.000000
4619,org.apache.commons.math3.geometry.euclidean.threed.Vector3DTest#testDistance,6.000000
4620,org.apache.commons.math3.geometry.euclidean.threed.Vector3DTest#testCoordinates,6.000000
4621,org.apache.commons.math3.geometry.euclidean.threed.Vector3DTest#testEquals,4.000000
4622,org.apache.commons.math3.geometry.euclidean.threed.Vector3DTest#testAccurateDotProduct,6.000000
4623,org.apache.commons.math3.geometry.euclidean.threed.Vector3DTest#testNegate,5.000000
4624,org.apache.commons.math3.geometry.euclidean.threed.Vector3DTest#testNormSq,2.000000
4625,org.apache.commons.math3.geometry.euclidean.threed.Vector3DTest#testNormInf,4.000000
4626,org.apache.commons.math3.geometry.euclidean.threed.SphericalCoordinatesTest#testCoordinatesCtoS,11.000000
4627,org.apache.commons.math3.geometry.euclidean.threed.SphericalCoordinatesTest#testCoordinatesStoC,15.000000
4628,org.apache.commons.math3.geometry.euclidean.threed.FrenchVector3DFormatTest#testParseZeroX,15.000000
4629,org.apache.commons.math3.geometry.euclidean.threed.FrenchVector3DFormatTest#testNan,13.000000
4630,org.apache.commons.math3.geometry.euclidean.threed.FrenchVector3DFormatTest#testSimpleWithDecimalsTrunc,13.000000
4631,org.apache.commons.math3.geometry.euclidean.threed.FrenchVector3DFormatTest#testParseNegativeX,15.000000
4632,org.apache.commons.math3.geometry.euclidean.threed.FrenchVector3DFormatTest#testParseNegativeY,15.000000
4633,org.apache.commons.math3.geometry.euclidean.threed.FrenchVector3DFormatTest#testParseNegativeZ,15.000000
4634,org.apache.commons.math3.geometry.euclidean.threed.FrenchVector3DFormatTest#testParseNegativeAll,15.000000
4635,org.apache.commons.math3.geometry.euclidean.threed.FrenchVector3DFormatTest#testDefaultFormatVector3D,15.000000
4636,org.apache.commons.math3.geometry.euclidean.threed.FrenchVector3DFormatTest#testForgottenPrefix,12.000000
4637,org.apache.commons.math3.geometry.euclidean.threed.FrenchVector3DFormatTest#testForgottenSuffix,13.000000
4638,org.apache.commons.math3.geometry.euclidean.threed.FrenchVector3DFormatTest#testNegativeX,13.000000
4639,org.apache.commons.math3.geometry.euclidean.threed.FrenchVector3DFormatTest#testNegativeY,13.000000
4640,org.apache.commons.math3.geometry.euclidean.threed.FrenchVector3DFormatTest#testNegativeZ,13.000000
4641,org.apache.commons.math3.geometry.euclidean.threed.FrenchVector3DFormatTest#testParseIgnoredWhitespace,14.000000
4642,org.apache.commons.math3.geometry.euclidean.threed.FrenchVector3DFormatTest#testParseSimpleWithDecimalsTrunc,15.000000
4643,org.apache.commons.math3.geometry.euclidean.threed.FrenchVector3DFormatTest#tesNegativeInfinity,13.000000
4644,org.apache.commons.math3.geometry.euclidean.threed.FrenchVector3DFormatTest#testParseNegativeInfinity,16.000000
4645,org.apache.commons.math3.geometry.euclidean.threed.FrenchVector3DFormatTest#testNonDefaultSetting,13.000000
4646,org.apache.commons.math3.geometry.euclidean.threed.FrenchVector3DFormatTest#testSimpleNoDecimals,13.000000
4647,org.apache.commons.math3.geometry.euclidean.threed.FrenchVector3DFormatTest#testParseSimpleNoDecimals,15.000000
4648,org.apache.commons.math3.geometry.euclidean.threed.FrenchVector3DFormatTest#testPositiveInfinity,13.000000
4649,org.apache.commons.math3.geometry.euclidean.threed.FrenchVector3DFormatTest#testParseNonDefaultSetting,15.000000
4650,org.apache.commons.math3.geometry.euclidean.threed.FrenchVector3DFormatTest#testParseNan,16.000000
4651,org.apache.commons.math3.geometry.euclidean.threed.FrenchVector3DFormatTest#testParsePositiveInfinity,16.000000
4652,org.apache.commons.math3.geometry.euclidean.threed.FrenchVector3DFormatTest#testSimpleWithDecimals,13.000000
4653,org.apache.commons.math3.geometry.euclidean.threed.Vector3DFormatTest#testConstructorSingleFormat,6.000000
4654,org.apache.commons.math3.geometry.euclidean.threed.Vector3DFormatTest#testParseSimpleWithDecimals,15.000000
4655,org.apache.commons.math3.geometry.euclidean.threed.Vector3DFormatTest#testForgottenSeparator,13.000000
4656,org.apache.commons.math3.geometry.euclidean.threed.Vector3DFormatTest#testParseZeroX,15.000000
4657,org.apache.commons.math3.geometry.euclidean.threed.Vector3DFormatTest#testNan,13.000000
4658,org.apache.commons.math3.geometry.euclidean.threed.Vector3DFormatTest#testSimpleWithDecimalsTrunc,13.000000
4659,org.apache.commons.math3.geometry.euclidean.threed.Vector3DFormatTest#testParseNegativeX,15.000000
4660,org.apache.commons.math3.geometry.euclidean.threed.Vector3DFormatTest#testParseNegativeY,15.000000
4661,org.apache.commons.math3.geometry.euclidean.threed.Vector3DFormatTest#testParseNegativeZ,15.000000
4662,org.apache.commons.math3.geometry.euclidean.threed.Vector3DFormatTest#testParseNegativeAll,15.000000
4663,org.apache.commons.math3.geometry.euclidean.threed.Vector3DFormatTest#testDefaultFormatVector3D,15.000000
4664,org.apache.commons.math3.geometry.euclidean.threed.Vector3DFormatTest#testForgottenPrefix,12.000000
4665,org.apache.commons.math3.geometry.euclidean.threed.Vector3DFormatTest#testForgottenSuffix,13.000000
4666,org.apache.commons.math3.geometry.euclidean.threed.Vector3DFormatTest#testNegativeX,13.000000
4667,org.apache.commons.math3.geometry.euclidean.threed.Vector3DFormatTest#testNegativeY,13.000000
4668,org.apache.commons.math3.geometry.euclidean.threed.Vector3DFormatTest#testNegativeZ,13.000000
4669,org.apache.commons.math3.geometry.euclidean.threed.Vector3DFormatTest#testParseIgnoredWhitespace,14.000000
4670,org.apache.commons.math3.geometry.euclidean.threed.Vector3DFormatTest#testParseSimpleWithDecimalsTrunc,15.000000
4671,org.apache.commons.math3.geometry.euclidean.threed.Vector3DFormatTest#tesNegativeInfinity,13.000000
4672,org.apache.commons.math3.geometry.euclidean.threed.Vector3DFormatTest#testParseNegativeInfinity,16.000000
4673,org.apache.commons.math3.geometry.euclidean.threed.Vector3DFormatTest#testNonDefaultSetting,13.000000
4674,org.apache.commons.math3.geometry.euclidean.threed.Vector3DFormatTest#testSimpleNoDecimals,13.000000
4675,org.apache.commons.math3.geometry.euclidean.threed.Vector3DFormatTest#testParseSimpleNoDecimals,15.000000
4676,org.apache.commons.math3.geometry.euclidean.threed.Vector3DFormatTest#testPositiveInfinity,13.000000
4677,org.apache.commons.math3.geometry.euclidean.threed.Vector3DFormatTest#testParseNonDefaultSetting,15.000000
4678,org.apache.commons.math3.geometry.euclidean.threed.Vector3DFormatTest#testParseNan,16.000000
4679,org.apache.commons.math3.geometry.euclidean.threed.Vector3DFormatTest#testParsePositiveInfinity,16.000000
4680,org.apache.commons.math3.geometry.euclidean.threed.Vector3DFormatTest#testSimpleWithDecimals,13.000000
4681,org.apache.commons.math3.geometry.euclidean.threed.FieldVector3DTest#testAccurateCrossProduct,48.000000
4682,org.apache.commons.math3.geometry.euclidean.threed.FieldVector3DTest#testNaN,18.000000
4683,org.apache.commons.math3.geometry.euclidean.threed.FieldVector3DTest#testNorm,32.000000
4684,org.apache.commons.math3.geometry.euclidean.threed.FieldVector3DTest#testDotProduct,52.000000
4685,org.apache.commons.math3.geometry.euclidean.threed.FieldVector3DTest#testCrossProduct,56.000000
4686,org.apache.commons.math3.geometry.euclidean.threed.FieldVector3DTest#testAccurateDotProduct,37.000000
4687,org.apache.commons.math3.geometry.euclidean.threed.FieldVector3DTest#testNormInf,23.000000
4688,org.apache.commons.math3.geometry.euclidean.threed.SubLineTest#testIntersectionBoundaryBoundary,45.000000
4689,org.apache.commons.math3.geometry.euclidean.threed.SubLineTest#testIntersectionOutsideOutside,42.000000
4690,org.apache.commons.math3.geometry.euclidean.threed.SubLineTest#testIntersectionBoundaryOutside,44.000000
4691,org.apache.commons.math3.geometry.euclidean.threed.SubLineTest#testIntersectionNotIntersecting,33.000000
4692,org.apache.commons.math3.geometry.euclidean.threed.SubLineTest#testHalfInfiniteNeg,49.000000
4693,org.apache.commons.math3.geometry.euclidean.threed.SubLineTest#testHalfInfinitePos,49.000000
4694,org.apache.commons.math3.geometry.euclidean.threed.SubLineTest#testIntersectionInsideOutside,42.000000
4695,org.apache.commons.math3.geometry.euclidean.threed.SubLineTest#testNoSegments,28.000000
4696,org.apache.commons.math3.geometry.euclidean.threed.SubLineTest#testIntersectionInsideBoundary,45.000000
4697,org.apache.commons.math3.geometry.euclidean.threed.PlaneTest#testIntersection3,18.000000
4698,org.apache.commons.math3.geometry.euclidean.threed.PlaneTest#testThreePoints,18.000000
4699,org.apache.commons.math3.geometry.euclidean.threed.PlaneTest#testContains,16.000000
4700,org.apache.commons.math3.geometry.euclidean.threed.PlaneTest#testOffset,17.000000
4701,org.apache.commons.math3.geometry.euclidean.oned.IntervalTest#testInterval,7.000000
4702,org.apache.commons.math3.geometry.euclidean.oned.IntervalTest#testTolerance,3.000000
4703,org.apache.commons.math3.geometry.euclidean.oned.IntervalTest#testSinglePoint,3.000000
4704,org.apache.commons.math3.geometry.euclidean.oned.IntervalsSetTest#testSinglePoint,32.000000
4705,org.apache.commons.math3.geometry.euclidean.twod.LineTest#testAbscissa,25.000000
4706,org.apache.commons.math3.geometry.euclidean.twod.LineTest#testIntersection,24.000000
4707,org.apache.commons.math3.geometry.euclidean.twod.LineTest#testOffset,23.000000
4708,org.apache.commons.math3.geometry.euclidean.twod.SubLineTest#testIntersectionInsideInside,42.000000
4709,org.apache.commons.math3.geometry.euclidean.twod.SubLineTest#testIntersectionBoundaryBoundary,44.000000
4710,org.apache.commons.math3.geometry.euclidean.twod.SubLineTest#testIntersectionOutsideOutside,40.000000
4711,org.apache.commons.math3.geometry.euclidean.twod.SubLineTest#testIntersectionBoundaryOutside,42.000000
4712,org.apache.commons.math3.geometry.euclidean.twod.SubLineTest#testHalfInfiniteNeg,53.000000
4713,org.apache.commons.math3.geometry.euclidean.twod.SubLineTest#testHalfInfinitePos,53.000000
4714,org.apache.commons.math3.geometry.euclidean.twod.SubLineTest#testIntersectionInsideOutside,40.000000
4715,org.apache.commons.math3.geometry.euclidean.twod.SubLineTest#testNoSegments,38.000000
4716,org.apache.commons.math3.geometry.euclidean.twod.SubLineTest#testIntersectionInsideBoundary,44.000000
4717,org.apache.commons.math3.geometry.partitioning.utilities.AVLTreeTest#testInsert,16.000000
4718,org.apache.commons.math3.geometry.partitioning.utilities.AVLTreeTest#testSearch,13.000000
4719,org.apache.commons.math3.random.GaussianRandomGeneratorTest#testMeanAndStandardDeviation,32.000000
4720,org.apache.commons.math3.random.Well19937cTest#testNextIntIAE2,25.000000
4721,org.apache.commons.math3.random.Well19937cTest#testNextFloatDirect,27.000000
4722,org.apache.commons.math3.random.Well19937cTest#testNextBooleanDirect,21.000000
4723,org.apache.commons.math3.random.Well19937cTest#testNextLongDirect,27.000000
4724,org.apache.commons.math3.random.Well19937cTest#testNexBoolean2,19.000000
4725,org.apache.commons.math3.random.Well19937cTest#testFloatDirect,48.000000
4726,org.apache.commons.math3.random.Well19937cTest#testDoubleDirect,48.000000
4727,org.apache.commons.math3.random.Well19937cTest#testNextLong2,19.000000
4728,org.apache.commons.math3.random.Well19937cTest#testNextIntNeg,25.000000
4729,org.apache.commons.math3.random.Well19937cTest#testNextInt2,19.000000
4730,org.apache.commons.math3.random.Well19937cTest#testNextSample,43.000000
4731,org.apache.commons.math3.random.Well19937cTest#testNextUniformExclusiveEndpoints,19.000000
4732,org.apache.commons.math3.random.Well19937cTest#testNextUniformExtremeValues,19.000000
4733,org.apache.commons.math3.random.Well19937cTest#testNextSecureLongIAE,15.000000
4734,org.apache.commons.math3.random.Well19937cTest#testNextSecureIntNegativeToPositiveRange,15.000000
4735,org.apache.commons.math3.random.Well19937cTest#testNextSecureHex,15.000000
4736,org.apache.commons.math3.random.Well19937cTest#testNextSecureLongPositiveRange,15.000000
4737,org.apache.commons.math3.random.Well19937cTest#testNextSecureIntPositiveRange,15.000000
4738,org.apache.commons.math3.random.Well19937cTest#testNextLongExtremeValues,18.000000
4739,org.apache.commons.math3.random.Well19937cTest#testNextSecureLongNegativeRange,15.000000
4740,org.apache.commons.math3.random.Well19937cTest#testNextSecureIntNegativeRange,15.000000
4741,org.apache.commons.math3.random.Well19937cTest#testNextSecureIntIAE,15.000000
4742,org.apache.commons.math3.random.Well19937cTest#testNextUniformIAE,26.000000
4743,org.apache.commons.math3.random.Well19937cTest#testNextLongIAE,23.000000
4744,org.apache.commons.math3.random.Well19937cTest#testConfig,31.000000
4745,org.apache.commons.math3.random.Well19937cTest#testNextIntWideRange,24.000000
4746,org.apache.commons.math3.random.Well19937cTest#testNextSecureLongNegativeToPositiveRange,15.000000
4747,org.apache.commons.math3.random.Well19937cTest#testNextLongWideRange,20.000000
4748,org.apache.commons.math3.random.Well19937cTest#testReseed,52.000000
4749,org.apache.commons.math3.random.Well19937cTest#testNextIntIAE,26.000000
4750,org.apache.commons.math3.random.ValueServerTest#testReplay,15.000000
4751,org.apache.commons.math3.random.AbstractRandomGeneratorTest#testNextIntIAE2,26.000000
4752,org.apache.commons.math3.random.AbstractRandomGeneratorTest#testNextFloatDirect,27.000000
4753,org.apache.commons.math3.random.AbstractRandomGeneratorTest#testNextBooleanDirect,21.000000
4754,org.apache.commons.math3.random.AbstractRandomGeneratorTest#testNextLongDirect,27.000000
4755,org.apache.commons.math3.random.AbstractRandomGeneratorTest#testNexBoolean2,19.000000
4756,org.apache.commons.math3.random.AbstractRandomGeneratorTest#testFloatDirect,48.000000
4757,org.apache.commons.math3.random.AbstractRandomGeneratorTest#testDoubleDirect,47.000000
4758,org.apache.commons.math3.random.AbstractRandomGeneratorTest#testNextLong2,19.000000
4759,org.apache.commons.math3.random.AbstractRandomGeneratorTest#testNextIntNeg,26.000000
4760,org.apache.commons.math3.random.AbstractRandomGeneratorTest#testNextInt2,19.000000
4761,org.apache.commons.math3.random.AbstractRandomGeneratorTest#testNextSample,43.000000
4762,org.apache.commons.math3.random.AbstractRandomGeneratorTest#testNextIntExtremeValues,22.000000
4763,org.apache.commons.math3.random.AbstractRandomGeneratorTest#testNextUniformExclusiveEndpoints,18.000000
4764,org.apache.commons.math3.random.AbstractRandomGeneratorTest#testNextUniformExtremeValues,18.000000
4765,org.apache.commons.math3.random.AbstractRandomGeneratorTest#testNextSecureLongIAE,16.000000
4766,org.apache.commons.math3.random.AbstractRandomGeneratorTest#testNextSecureIntNegativeToPositiveRange,16.000000
4767,org.apache.commons.math3.random.AbstractRandomGeneratorTest#testNextSecureHex,16.000000
4768,org.apache.commons.math3.random.AbstractRandomGeneratorTest#testNextSecureLongPositiveRange,16.000000
4769,org.apache.commons.math3.random.AbstractRandomGeneratorTest#testNextSecureIntPositiveRange,16.000000
4770,org.apache.commons.math3.random.AbstractRandomGeneratorTest#testNextLongExtremeValues,18.000000
4771,org.apache.commons.math3.random.AbstractRandomGeneratorTest#testNextSecureLongNegativeRange,16.000000
4772,org.apache.commons.math3.random.AbstractRandomGeneratorTest#testNextSecureIntNegativeRange,16.000000
4773,org.apache.commons.math3.random.AbstractRandomGeneratorTest#testNextSecureIntIAE,16.000000
4774,org.apache.commons.math3.random.AbstractRandomGeneratorTest#testNextUniformIAE,27.000000
4775,org.apache.commons.math3.random.AbstractRandomGeneratorTest#testNextLongIAE,24.000000
4776,org.apache.commons.math3.random.AbstractRandomGeneratorTest#testNextIntWideRange,24.000000
4777,org.apache.commons.math3.random.AbstractRandomGeneratorTest#testNextSecureLongNegativeToPositiveRange,16.000000
4778,org.apache.commons.math3.random.AbstractRandomGeneratorTest#testNextLongWideRange,20.000000
4779,org.apache.commons.math3.random.AbstractRandomGeneratorTest#testReseed,53.000000
4780,org.apache.commons.math3.random.AbstractRandomGeneratorTest#testNextIntIAE,27.000000
4781,org.apache.commons.math3.random.ISAACTest#testNextIntIAE2,32.000000
4782,org.apache.commons.math3.random.ISAACTest#testNextFloatDirect,34.000000
4783,org.apache.commons.math3.random.ISAACTest#testNextBooleanDirect,28.000000
4784,org.apache.commons.math3.random.ISAACTest#testNextLongDirect,34.000000
4785,org.apache.commons.math3.random.ISAACTest#testNexBoolean2,26.000000
4786,org.apache.commons.math3.random.ISAACTest#testFloatDirect,55.000000
4787,org.apache.commons.math3.random.ISAACTest#testDoubleDirect,55.000000
4788,org.apache.commons.math3.random.ISAACTest#testNextLong2,26.000000
4789,org.apache.commons.math3.random.ISAACTest#testNextIntNeg,32.000000
4790,org.apache.commons.math3.random.ISAACTest#testNextInt2,26.000000
4791,org.apache.commons.math3.random.ISAACTest#testNextSample,50.000000
4792,org.apache.commons.math3.random.ISAACTest#testNextIntExtremeValues,29.000000
4793,org.apache.commons.math3.random.ISAACTest#testNextUniformExclusiveEndpoints,26.000000
4794,org.apache.commons.math3.random.ISAACTest#testNextUniformExtremeValues,26.000000
4795,org.apache.commons.math3.random.ISAACTest#testNextSecureLongIAE,22.000000
4796,org.apache.commons.math3.random.ISAACTest#testNextSecureIntNegativeToPositiveRange,22.000000
4797,org.apache.commons.math3.random.ISAACTest#testNextSecureHex,22.000000
4798,org.apache.commons.math3.random.ISAACTest#testNextSecureLongPositiveRange,22.000000
4799,org.apache.commons.math3.random.ISAACTest#testNextSecureIntPositiveRange,22.000000
4800,org.apache.commons.math3.random.ISAACTest#testNextLongExtremeValues,25.000000
4801,org.apache.commons.math3.random.ISAACTest#testNextSecureLongNegativeRange,22.000000
4802,org.apache.commons.math3.random.ISAACTest#testNextSecureIntNegativeRange,22.000000
4803,org.apache.commons.math3.random.ISAACTest#testNextSecureIntIAE,22.000000
4804,org.apache.commons.math3.random.ISAACTest#testNextUniformIAE,33.000000
4805,org.apache.commons.math3.random.ISAACTest#testNextLongIAE,30.000000
4806,org.apache.commons.math3.random.ISAACTest#testConfig,39.000000
4807,org.apache.commons.math3.random.ISAACTest#testNextIntWideRange,31.000000
4808,org.apache.commons.math3.random.ISAACTest#testNextSecureLongNegativeToPositiveRange,22.000000
4809,org.apache.commons.math3.random.ISAACTest#testNextLongWideRange,27.000000
4810,org.apache.commons.math3.random.ISAACTest#testNextIntIAE,33.000000
4811,org.apache.commons.math3.random.RandomDataGeneratorTest#testNextSample,40.000000
4812,org.apache.commons.math3.random.RandomDataGeneratorTest#testNextIntExtremeValues,19.000000
4813,org.apache.commons.math3.random.RandomDataGeneratorTest#testNextUniformExclusiveEndpoints,16.000000
4814,org.apache.commons.math3.random.RandomDataGeneratorTest#testNextUniformExtremeValues,16.000000
4815,org.apache.commons.math3.random.RandomDataGeneratorTest#testNextSecureLongIAE,20.000000
4816,org.apache.commons.math3.random.RandomDataGeneratorTest#testNextLongExtremeValues,15.000000
4817,org.apache.commons.math3.random.RandomDataGeneratorTest#testNextUniformIAE,23.000000
4818,org.apache.commons.math3.random.RandomDataGeneratorTest#testNextLongIAE,20.000000
4819,org.apache.commons.math3.random.RandomDataGeneratorTest#testConfig,28.000000
4820,org.apache.commons.math3.random.RandomDataGeneratorTest#testNextIntWideRange,21.000000
4821,org.apache.commons.math3.random.RandomDataGeneratorTest#testNextLongWideRange,17.000000
4822,org.apache.commons.math3.random.RandomDataGeneratorTest#testReseed,49.000000
4823,org.apache.commons.math3.random.RandomDataGeneratorTest#testNextIntIAE,23.000000
4824,org.apache.commons.math3.random.Well44497bTest#testNextIntIAE2,25.000000
4825,org.apache.commons.math3.random.Well44497bTest#testNextFloatDirect,27.000000
4826,org.apache.commons.math3.random.Well44497bTest#testNextBooleanDirect,21.000000
4827,org.apache.commons.math3.random.Well44497bTest#testNextLongDirect,27.000000
4828,org.apache.commons.math3.random.Well44497bTest#testNexBoolean2,19.000000
4829,org.apache.commons.math3.random.Well44497bTest#testFloatDirect,48.000000
4830,org.apache.commons.math3.random.Well44497bTest#testSeeding,38.000000
4831,org.apache.commons.math3.random.Well44497bTest#testDoubleDirect,48.000000
4832,org.apache.commons.math3.random.Well44497bTest#testNextLong2,19.000000
4833,org.apache.commons.math3.random.Well44497bTest#testNextIntNeg,25.000000
4834,org.apache.commons.math3.random.Well44497bTest#testNextInt2,19.000000
4835,org.apache.commons.math3.random.Well44497bTest#testNextIntExtremeValues,22.000000
4836,org.apache.commons.math3.random.Well44497bTest#testNextUniformExclusiveEndpoints,19.000000
4837,org.apache.commons.math3.random.Well44497bTest#testNextUniformExtremeValues,19.000000
4838,org.apache.commons.math3.random.Well44497bTest#testNextSecureLongIAE,15.000000
4839,org.apache.commons.math3.random.Well44497bTest#testNextSecureIntNegativeToPositiveRange,15.000000
4840,org.apache.commons.math3.random.Well44497bTest#testNextSecureHex,15.000000
4841,org.apache.commons.math3.random.Well44497bTest#testNextSecureLongPositiveRange,15.000000
4842,org.apache.commons.math3.random.Well44497bTest#testNextSecureIntPositiveRange,15.000000
4843,org.apache.commons.math3.random.Well44497bTest#testNextLongExtremeValues,18.000000
4844,org.apache.commons.math3.random.Well44497bTest#testNextSecureLongNegativeRange,15.000000
4845,org.apache.commons.math3.random.Well44497bTest#testNextSecureIntNegativeRange,15.000000
4846,org.apache.commons.math3.random.Well44497bTest#testNextSecureIntIAE,15.000000
4847,org.apache.commons.math3.random.Well44497bTest#testNextUniformIAE,26.000000
4848,org.apache.commons.math3.random.Well44497bTest#testNextLongIAE,23.000000
4849,org.apache.commons.math3.random.Well44497bTest#testConfig,32.000000
4850,org.apache.commons.math3.random.Well44497bTest#testNextIntWideRange,24.000000
4851,org.apache.commons.math3.random.Well44497bTest#testNextSecureLongNegativeToPositiveRange,15.000000
4852,org.apache.commons.math3.random.Well44497bTest#testNextLongWideRange,20.000000
4853,org.apache.commons.math3.random.Well44497bTest#testReseed,52.000000
4854,org.apache.commons.math3.random.Well44497bTest#testNextIntIAE,26.000000
4855,org.apache.commons.math3.random.BitsStreamGeneratorTest#testNextIntIAE2,23.000000
4856,org.apache.commons.math3.random.BitsStreamGeneratorTest#testNextFloatDirect,24.000000
4857,org.apache.commons.math3.random.BitsStreamGeneratorTest#testNextBooleanDirect,18.000000
4858,org.apache.commons.math3.random.BitsStreamGeneratorTest#testNextLongDirect,24.000000
4859,org.apache.commons.math3.random.BitsStreamGeneratorTest#testNexBoolean2,16.000000
4860,org.apache.commons.math3.random.BitsStreamGeneratorTest#testFloatDirect,45.000000
4861,org.apache.commons.math3.random.BitsStreamGeneratorTest#testSeeding,34.000000
4862,org.apache.commons.math3.random.BitsStreamGeneratorTest#testDoubleDirect,45.000000
4863,org.apache.commons.math3.random.BitsStreamGeneratorTest#testNextLong2,16.000000
4864,org.apache.commons.math3.random.BitsStreamGeneratorTest#testNextIntNeg,23.000000
4865,org.apache.commons.math3.random.BitsStreamGeneratorTest#testNextInt2,16.000000
4866,org.apache.commons.math3.random.BitsStreamGeneratorTest#testNextSample,40.000000
4867,org.apache.commons.math3.random.BitsStreamGeneratorTest#testNextIntExtremeValues,19.000000
4868,org.apache.commons.math3.random.BitsStreamGeneratorTest#testNextUniformExclusiveEndpoints,16.000000
4869,org.apache.commons.math3.random.BitsStreamGeneratorTest#testNextUniformExtremeValues,16.000000
4870,org.apache.commons.math3.random.BitsStreamGeneratorTest#testNextSecureLongIAE,13.000000
4871,org.apache.commons.math3.random.BitsStreamGeneratorTest#testNextSecureIntNegativeToPositiveRange,13.000000
4872,org.apache.commons.math3.random.BitsStreamGeneratorTest#testNextSecureHex,13.000000
4873,org.apache.commons.math3.random.BitsStreamGeneratorTest#testNextSecureLongPositiveRange,13.000000
4874,org.apache.commons.math3.random.BitsStreamGeneratorTest#testNextSecureIntPositiveRange,13.000000
4875,org.apache.commons.math3.random.BitsStreamGeneratorTest#testNextLongExtremeValues,15.000000
4876,org.apache.commons.math3.random.BitsStreamGeneratorTest#testNextSecureLongNegativeRange,13.000000
4877,org.apache.commons.math3.random.BitsStreamGeneratorTest#testNextSecureIntNegativeRange,13.000000
4878,org.apache.commons.math3.random.BitsStreamGeneratorTest#testNextSecureIntIAE,13.000000
4879,org.apache.commons.math3.random.BitsStreamGeneratorTest#testNextUniformIAE,24.000000
4880,org.apache.commons.math3.random.BitsStreamGeneratorTest#testNextLongIAE,21.000000
4881,org.apache.commons.math3.random.BitsStreamGeneratorTest#testConfig,29.000000
4882,org.apache.commons.math3.random.BitsStreamGeneratorTest#testNextIntWideRange,21.000000
4883,org.apache.commons.math3.random.BitsStreamGeneratorTest#testNextSecureLongNegativeToPositiveRange,13.000000
4884,org.apache.commons.math3.random.BitsStreamGeneratorTest#testNextLongWideRange,17.000000
4885,org.apache.commons.math3.random.BitsStreamGeneratorTest#testReseed,50.000000
4886,org.apache.commons.math3.random.BitsStreamGeneratorTest#testNextIntIAE,24.000000
4887,org.apache.commons.math3.random.Well19937aTest#testNextIntIAE2,25.000000
4888,org.apache.commons.math3.random.Well19937aTest#testNextFloatDirect,27.000000
4889,org.apache.commons.math3.random.Well19937aTest#testNextBooleanDirect,21.000000
4890,org.apache.commons.math3.random.Well19937aTest#testNextLongDirect,27.000000
4891,org.apache.commons.math3.random.Well19937aTest#testNexBoolean2,19.000000
4892,org.apache.commons.math3.random.Well19937aTest#testFloatDirect,48.000000
4893,org.apache.commons.math3.random.Well19937aTest#testSeeding,38.000000
4894,org.apache.commons.math3.random.Well19937aTest#testDoubleDirect,48.000000
4895,org.apache.commons.math3.random.Well19937aTest#testNextLong2,19.000000
4896,org.apache.commons.math3.random.Well19937aTest#testNextIntNeg,25.000000
4897,org.apache.commons.math3.random.Well19937aTest#testNextInt2,19.000000
4898,org.apache.commons.math3.random.Well19937aTest#testNextSample,43.000000
4899,org.apache.commons.math3.random.Well19937aTest#testNextIntExtremeValues,22.000000
4900,org.apache.commons.math3.random.Well19937aTest#testNextUniformExclusiveEndpoints,19.000000
4901,org.apache.commons.math3.random.Well19937aTest#testNextUniformExtremeValues,19.000000
4902,org.apache.commons.math3.random.Well19937aTest#testNextSecureLongIAE,15.000000
4903,org.apache.commons.math3.random.Well19937aTest#testNextSecureIntNegativeToPositiveRange,15.000000
4904,org.apache.commons.math3.random.Well19937aTest#testNextSecureHex,15.000000
4905,org.apache.commons.math3.random.Well19937aTest#testNextSecureLongPositiveRange,15.000000
4906,org.apache.commons.math3.random.Well19937aTest#testNextSecureIntPositiveRange,15.000000
4907,org.apache.commons.math3.random.Well19937aTest#testNextLongExtremeValues,18.000000
4908,org.apache.commons.math3.random.Well19937aTest#testNextSecureLongNegativeRange,15.000000
4909,org.apache.commons.math3.random.Well19937aTest#testNextSecureIntNegativeRange,15.000000
4910,org.apache.commons.math3.random.Well19937aTest#testNextSecureIntIAE,15.000000
4911,org.apache.commons.math3.random.Well19937aTest#testNextUniformIAE,26.000000
4912,org.apache.commons.math3.random.Well19937aTest#testNextLongIAE,23.000000
4913,org.apache.commons.math3.random.Well19937aTest#testConfig,32.000000
4914,org.apache.commons.math3.random.Well19937aTest#testNextIntWideRange,24.000000
4915,org.apache.commons.math3.random.Well19937aTest#testNextSecureLongNegativeToPositiveRange,15.000000
4916,org.apache.commons.math3.random.Well19937aTest#testNextLongWideRange,20.000000
4917,org.apache.commons.math3.random.Well19937aTest#testReseed,52.000000
4918,org.apache.commons.math3.random.Well19937aTest#testNextIntIAE,26.000000
4919,org.apache.commons.math3.random.Well512aTest#testNextIntIAE2,25.000000
4920,org.apache.commons.math3.random.Well512aTest#testNextFloatDirect,27.000000
4921,org.apache.commons.math3.random.Well512aTest#testNextBooleanDirect,21.000000
4922,org.apache.commons.math3.random.Well512aTest#testNextLongDirect,27.000000
4923,org.apache.commons.math3.random.Well512aTest#testNexBoolean2,19.000000
4924,org.apache.commons.math3.random.Well512aTest#testFloatDirect,48.000000
4925,org.apache.commons.math3.random.Well512aTest#testSeeding,38.000000
4926,org.apache.commons.math3.random.Well512aTest#testDoubleDirect,48.000000
4927,org.apache.commons.math3.random.Well512aTest#testNextLong2,19.000000
4928,org.apache.commons.math3.random.Well512aTest#testNextIntNeg,25.000000
4929,org.apache.commons.math3.random.Well512aTest#testNextInt2,19.000000
4930,org.apache.commons.math3.random.Well512aTest#testNextSample,43.000000
4931,org.apache.commons.math3.random.Well512aTest#testNextIntExtremeValues,22.000000
4932,org.apache.commons.math3.random.Well512aTest#testNextUniformExclusiveEndpoints,19.000000
4933,org.apache.commons.math3.random.Well512aTest#testNextUniformExtremeValues,19.000000
4934,org.apache.commons.math3.random.Well512aTest#testNextSecureLongIAE,15.000000
4935,org.apache.commons.math3.random.Well512aTest#testNextSecureIntNegativeToPositiveRange,15.000000
4936,org.apache.commons.math3.random.Well512aTest#testNextSecureHex,15.000000
4937,org.apache.commons.math3.random.Well512aTest#testNextSecureLongPositiveRange,15.000000
4938,org.apache.commons.math3.random.Well512aTest#testNextSecureIntPositiveRange,15.000000
4939,org.apache.commons.math3.random.Well512aTest#testNextLongExtremeValues,18.000000
4940,org.apache.commons.math3.random.Well512aTest#testNextSecureLongNegativeRange,15.000000
4941,org.apache.commons.math3.random.Well512aTest#testNextSecureIntNegativeRange,15.000000
4942,org.apache.commons.math3.random.Well512aTest#testNextSecureIntIAE,15.000000
4943,org.apache.commons.math3.random.Well512aTest#testNextUniformIAE,26.000000
4944,org.apache.commons.math3.random.Well512aTest#testNextLongIAE,23.000000
4945,org.apache.commons.math3.random.Well512aTest#testConfig,32.000000
4946,org.apache.commons.math3.random.Well512aTest#testNextIntWideRange,24.000000
4947,org.apache.commons.math3.random.Well512aTest#testNextSecureLongNegativeToPositiveRange,15.000000
4948,org.apache.commons.math3.random.Well512aTest#testNextLongWideRange,20.000000
4949,org.apache.commons.math3.random.Well512aTest#testReseed,52.000000
4950,org.apache.commons.math3.random.Well512aTest#testNextIntIAE,26.000000
4951,org.apache.commons.math3.random.Well44497aTest#testNextIntIAE2,25.000000
4952,org.apache.commons.math3.random.Well44497aTest#testNextFloatDirect,27.000000
4953,org.apache.commons.math3.random.Well44497aTest#testNextBooleanDirect,21.000000
4954,org.apache.commons.math3.random.Well44497aTest#testNextLongDirect,27.000000
4955,org.apache.commons.math3.random.Well44497aTest#testNexBoolean2,19.000000
4956,org.apache.commons.math3.random.Well44497aTest#testFloatDirect,48.000000
4957,org.apache.commons.math3.random.Well44497aTest#testSeeding,38.000000
4958,org.apache.commons.math3.random.Well44497aTest#testDoubleDirect,48.000000
4959,org.apache.commons.math3.random.Well44497aTest#testNextLong2,19.000000
4960,org.apache.commons.math3.random.Well44497aTest#testNextIntNeg,25.000000
4961,org.apache.commons.math3.random.Well44497aTest#testNextInt2,19.000000
4962,org.apache.commons.math3.random.Well44497aTest#testNextSample,43.000000
4963,org.apache.commons.math3.random.Well44497aTest#testNextIntExtremeValues,22.000000
4964,org.apache.commons.math3.random.Well44497aTest#testNextUniformExclusiveEndpoints,19.000000
4965,org.apache.commons.math3.random.Well44497aTest#testNextUniformExtremeValues,19.000000
4966,org.apache.commons.math3.random.Well44497aTest#testNextSecureLongIAE,15.000000
4967,org.apache.commons.math3.random.Well44497aTest#testNextSecureIntNegativeToPositiveRange,15.000000
4968,org.apache.commons.math3.random.Well44497aTest#testNextSecureHex,15.000000
4969,org.apache.commons.math3.random.Well44497aTest#testNextSecureLongPositiveRange,15.000000
4970,org.apache.commons.math3.random.Well44497aTest#testNextSecureIntPositiveRange,15.000000
4971,org.apache.commons.math3.random.Well44497aTest#testNextLongExtremeValues,18.000000
4972,org.apache.commons.math3.random.Well44497aTest#testNextSecureLongNegativeRange,15.000000
4973,org.apache.commons.math3.random.Well44497aTest#testNextSecureIntNegativeRange,15.000000
4974,org.apache.commons.math3.random.Well44497aTest#testNextSecureIntIAE,15.000000
4975,org.apache.commons.math3.random.Well44497aTest#testNextUniformIAE,26.000000
4976,org.apache.commons.math3.random.Well44497aTest#testNextLongIAE,23.000000
4977,org.apache.commons.math3.random.Well44497aTest#testConfig,32.000000
4978,org.apache.commons.math3.random.Well44497aTest#testNextIntWideRange,24.000000
4979,org.apache.commons.math3.random.Well44497aTest#testNextSecureLongNegativeToPositiveRange,15.000000
4980,org.apache.commons.math3.random.Well44497aTest#testNextLongWideRange,20.000000
4981,org.apache.commons.math3.random.Well44497aTest#testReseed,52.000000
4982,org.apache.commons.math3.random.Well44497aTest#testNextIntIAE,26.000000
4983,org.apache.commons.math3.random.RandomGeneratorFactoryTest#testNextIntIAE2,25.000000
4984,org.apache.commons.math3.random.RandomGeneratorFactoryTest#testNextFloatDirect,26.000000
4985,org.apache.commons.math3.random.RandomGeneratorFactoryTest#testNextBooleanDirect,20.000000
4986,org.apache.commons.math3.random.RandomGeneratorFactoryTest#testNextLongDirect,26.000000
4987,org.apache.commons.math3.random.RandomGeneratorFactoryTest#testNexBoolean2,18.000000
4988,org.apache.commons.math3.random.RandomGeneratorFactoryTest#testFloatDirect,47.000000
4989,org.apache.commons.math3.random.RandomGeneratorFactoryTest#testDoubleDirect,47.000000
4990,org.apache.commons.math3.random.RandomGeneratorFactoryTest#testNextLong2,18.000000
4991,org.apache.commons.math3.random.RandomGeneratorFactoryTest#testNextIntNeg,25.000000
4992,org.apache.commons.math3.random.RandomGeneratorFactoryTest#testNextInt2,18.000000
4993,org.apache.commons.math3.random.RandomGeneratorFactoryTest#testNextSample,42.000000
4994,org.apache.commons.math3.random.RandomGeneratorFactoryTest#testNextIntExtremeValues,21.000000
4995,org.apache.commons.math3.random.RandomGeneratorFactoryTest#testNextUniformExclusiveEndpoints,18.000000
4996,org.apache.commons.math3.random.RandomGeneratorFactoryTest#testNextUniformExtremeValues,18.000000
4997,org.apache.commons.math3.random.RandomGeneratorFactoryTest#testNextSecureLongIAE,15.000000
4998,org.apache.commons.math3.random.RandomGeneratorFactoryTest#testNextSecureIntNegativeToPositiveRange,15.000000
4999,org.apache.commons.math3.random.RandomGeneratorFactoryTest#testNextSecureHex,15.000000
5000,org.apache.commons.math3.random.RandomGeneratorFactoryTest#testNextSecureLongPositiveRange,15.000000
5001,org.apache.commons.math3.random.RandomGeneratorFactoryTest#testNextSecureIntPositiveRange,15.000000
5002,org.apache.commons.math3.random.RandomGeneratorFactoryTest#testNextLongExtremeValues,17.000000
5003,org.apache.commons.math3.random.RandomGeneratorFactoryTest#testNextSecureLongNegativeRange,15.000000
5004,org.apache.commons.math3.random.RandomGeneratorFactoryTest#testNextSecureIntNegativeRange,15.000000
5005,org.apache.commons.math3.random.RandomGeneratorFactoryTest#testNextSecureIntIAE,15.000000
5006,org.apache.commons.math3.random.RandomGeneratorFactoryTest#testNextUniformIAE,26.000000
5007,org.apache.commons.math3.random.RandomGeneratorFactoryTest#testNextLongIAE,23.000000
5008,org.apache.commons.math3.random.RandomGeneratorFactoryTest#testConfig,30.000000
5009,org.apache.commons.math3.random.RandomGeneratorFactoryTest#testNextIntWideRange,23.000000
5010,org.apache.commons.math3.random.RandomGeneratorFactoryTest#testNextSecureLongNegativeToPositiveRange,15.000000
5011,org.apache.commons.math3.random.RandomGeneratorFactoryTest#testNextLongWideRange,19.000000
5012,org.apache.commons.math3.random.RandomGeneratorFactoryTest#testReseed,52.000000
5013,org.apache.commons.math3.random.RandomGeneratorFactoryTest#testNextIntIAE,26.000000
5014,org.apache.commons.math3.random.StableRandomGeneratorTest#testBetaRangeBelowMinusOne,15.000000
5015,org.apache.commons.math3.random.StableRandomGeneratorTest#testAlphaRangeBelowZero,15.000000
5016,org.apache.commons.math3.random.StableRandomGeneratorTest#testBetaRangeAboveOne,15.000000
5017,org.apache.commons.math3.random.StableRandomGeneratorTest#testAlphaRangeAboveTwo,15.000000
5018,org.apache.commons.math3.random.StableRandomGeneratorTest#testNextDouble,54.000000
5019,org.apache.commons.math3.random.SynchronizedRandomGeneratorTest#testMath899Sync,26.000000
5020,org.apache.commons.math3.random.SobolSequenceGeneratorTest#test3DReference,6.000000
5021,org.apache.commons.math3.random.SobolSequenceGeneratorTest#testConstructor,12.000000
5022,org.apache.commons.math3.random.MersenneTwisterTest#testNextIntIAE2,25.000000
5023,org.apache.commons.math3.random.MersenneTwisterTest#testNextFloatDirect,27.000000
5024,org.apache.commons.math3.random.MersenneTwisterTest#testNextBooleanDirect,21.000000
5025,org.apache.commons.math3.random.MersenneTwisterTest#testNextLongDirect,27.000000
5026,org.apache.commons.math3.random.MersenneTwisterTest#testNexBoolean2,19.000000
5027,org.apache.commons.math3.random.MersenneTwisterTest#testFloatDirect,48.000000
5028,org.apache.commons.math3.random.MersenneTwisterTest#testSeeding,37.000000
5029,org.apache.commons.math3.random.MersenneTwisterTest#testDoubleDirect,48.000000
5030,org.apache.commons.math3.random.MersenneTwisterTest#testNextLong2,19.000000
5031,org.apache.commons.math3.random.MersenneTwisterTest#testNextIntNeg,25.000000
5032,org.apache.commons.math3.random.MersenneTwisterTest#testNextInt2,19.000000
5033,org.apache.commons.math3.random.MersenneTwisterTest#testNextSample,43.000000
5034,org.apache.commons.math3.random.MersenneTwisterTest#testNextIntExtremeValues,22.000000
5035,org.apache.commons.math3.random.MersenneTwisterTest#testNextUniformExclusiveEndpoints,19.000000
5036,org.apache.commons.math3.random.MersenneTwisterTest#testNextUniformExtremeValues,19.000000
5037,org.apache.commons.math3.random.MersenneTwisterTest#testNextSecureLongIAE,15.000000
5038,org.apache.commons.math3.random.MersenneTwisterTest#testNextSecureIntNegativeToPositiveRange,15.000000
5039,org.apache.commons.math3.random.MersenneTwisterTest#testNextSecureHex,15.000000
5040,org.apache.commons.math3.random.MersenneTwisterTest#testNextSecureLongPositiveRange,15.000000
5041,org.apache.commons.math3.random.MersenneTwisterTest#testNextSecureIntPositiveRange,15.000000
5042,org.apache.commons.math3.random.MersenneTwisterTest#testNextLongExtremeValues,18.000000
5043,org.apache.commons.math3.random.MersenneTwisterTest#testNextSecureLongNegativeRange,15.000000
5044,org.apache.commons.math3.random.MersenneTwisterTest#testNextSecureIntNegativeRange,15.000000
5045,org.apache.commons.math3.random.MersenneTwisterTest#testNextSecureIntIAE,15.000000
5046,org.apache.commons.math3.random.MersenneTwisterTest#testNextUniformIAE,26.000000
5047,org.apache.commons.math3.random.MersenneTwisterTest#testNextLongIAE,23.000000
5048,org.apache.commons.math3.random.MersenneTwisterTest#testConfig,35.000000
5049,org.apache.commons.math3.random.MersenneTwisterTest#testNextIntWideRange,24.000000
5050,org.apache.commons.math3.random.MersenneTwisterTest#testNextSecureLongNegativeToPositiveRange,15.000000
5051,org.apache.commons.math3.random.MersenneTwisterTest#testNextLongWideRange,20.000000
5052,org.apache.commons.math3.random.MersenneTwisterTest#testReseed,52.000000
5053,org.apache.commons.math3.random.MersenneTwisterTest#testNextIntIAE,26.000000
5054,org.apache.commons.math3.random.HaltonSequenceGeneratorTest#testConstructor2,15.000000
5055,org.apache.commons.math3.random.HaltonSequenceGeneratorTest#test2DUnscrambledReference,6.000000
5056,org.apache.commons.math3.random.HaltonSequenceGeneratorTest#test3DReference,6.000000
5057,org.apache.commons.math3.random.HaltonSequenceGeneratorTest#testConstructor,11.000000
5058,org.apache.commons.math3.random.Well1024aTest#testNextIntIAE2,25.000000
5059,org.apache.commons.math3.random.Well1024aTest#testNextFloatDirect,27.000000
5060,org.apache.commons.math3.random.Well1024aTest#testNextBooleanDirect,21.000000
5061,org.apache.commons.math3.random.Well1024aTest#testNextLongDirect,27.000000
5062,org.apache.commons.math3.random.Well1024aTest#testNexBoolean2,19.000000
5063,org.apache.commons.math3.random.Well1024aTest#testFloatDirect,48.000000
5064,org.apache.commons.math3.random.Well1024aTest#testSeeding,38.000000
5065,org.apache.commons.math3.random.Well1024aTest#testDoubleDirect,48.000000
5066,org.apache.commons.math3.random.Well1024aTest#testNextLong2,19.000000
5067,org.apache.commons.math3.random.Well1024aTest#testNextIntNeg,25.000000
5068,org.apache.commons.math3.random.Well1024aTest#testNextInt2,19.000000
5069,org.apache.commons.math3.random.Well1024aTest#testNextSample,43.000000
5070,org.apache.commons.math3.random.Well1024aTest#testNextIntExtremeValues,22.000000
5071,org.apache.commons.math3.random.Well1024aTest#testNextUniformExclusiveEndpoints,19.000000
5072,org.apache.commons.math3.random.Well1024aTest#testNextUniformExtremeValues,19.000000
5073,org.apache.commons.math3.random.Well1024aTest#testNextSecureLongIAE,15.000000
5074,org.apache.commons.math3.random.Well1024aTest#testNextSecureIntNegativeToPositiveRange,15.000000
5075,org.apache.commons.math3.random.Well1024aTest#testNextSecureHex,15.000000
5076,org.apache.commons.math3.random.Well1024aTest#testNextSecureLongPositiveRange,15.000000
5077,org.apache.commons.math3.random.Well1024aTest#testNextSecureIntPositiveRange,15.000000
5078,org.apache.commons.math3.random.Well1024aTest#testNextLongExtremeValues,18.000000
5079,org.apache.commons.math3.random.Well1024aTest#testNextSecureLongNegativeRange,15.000000
5080,org.apache.commons.math3.random.Well1024aTest#testNextSecureIntNegativeRange,15.000000
5081,org.apache.commons.math3.random.Well1024aTest#testNextSecureIntIAE,15.000000
5082,org.apache.commons.math3.random.Well1024aTest#testNextUniformIAE,26.000000
5083,org.apache.commons.math3.random.Well1024aTest#testNextLongIAE,23.000000
5084,org.apache.commons.math3.random.Well1024aTest#testConfig,32.000000
5085,org.apache.commons.math3.random.Well1024aTest#testNextIntWideRange,24.000000
5086,org.apache.commons.math3.random.Well1024aTest#testNextSecureLongNegativeToPositiveRange,15.000000
5087,org.apache.commons.math3.random.Well1024aTest#testNextLongWideRange,20.000000
5088,org.apache.commons.math3.random.Well1024aTest#testReseed,52.000000
5089,org.apache.commons.math3.random.Well1024aTest#testNextIntIAE,26.000000
5090,org.apache.commons.math3.fraction.BigFractionFormatTest#testFormatImproper,23.000000
5091,org.apache.commons.math3.fraction.BigFractionFormatTest#testParseProperNegative,30.000000
5092,org.apache.commons.math3.fraction.BigFractionFormatTest#testParse,23.000000
5093,org.apache.commons.math3.fraction.BigFractionFormatTest#testWholeFormat,11.000000
5094,org.apache.commons.math3.fraction.BigFractionFormatTest#testFormatZero,22.000000
5095,org.apache.commons.math3.fraction.BigFractionFormatTest#testFormatNegative,22.000000
5096,org.apache.commons.math3.fraction.BigFractionFormatTest#testParseInvalidDenominator,24.000000
5097,org.apache.commons.math3.fraction.BigFractionFormatTest#testParseProperInvalidMinus,24.000000
5098,org.apache.commons.math3.fraction.BigFractionFormatTest#testParseInteger,24.000000
5099,org.apache.commons.math3.fraction.BigFractionFormatTest#testParseInvalid,24.000000
5100,org.apache.commons.math3.fraction.BigFractionFormatTest#testFormat,22.000000
5101,org.apache.commons.math3.fraction.BigFractionFormatTest#testParseBig,25.000000
5102,org.apache.commons.math3.fraction.BigFractionFormatTest#testParseNegative,23.000000
5103,org.apache.commons.math3.fraction.BigFractionTest#testFloatValue,6.000000
5104,org.apache.commons.math3.fraction.BigFractionTest#testSubtract,16.000000
5105,org.apache.commons.math3.fraction.BigFractionTest#testReciprocal,14.000000
5106,org.apache.commons.math3.fraction.BigFractionTest#testEpsilonLimitConstructor,11.000000
5107,org.apache.commons.math3.fraction.BigFractionTest#testConstructorDouble,14.000000
5108,org.apache.commons.math3.fraction.BigFractionTest#testDoubleConstructor,11.000000
5109,org.apache.commons.math3.fraction.BigFractionTest#testMath340,12.000000
5110,org.apache.commons.math3.fraction.BigFractionTest#testDoubleValueForLargeNumeratorAndDenominator,7.000000
5111,org.apache.commons.math3.fraction.BigFractionTest#testNegate,8.000000
5112,org.apache.commons.math3.fraction.BigFractionTest#testSerial,11.000000
5113,org.apache.commons.math3.fraction.BigFractionTest#testDoubleValue,6.000000
5114,org.apache.commons.math3.fraction.FractionFieldTest#testOne,8.000000
5115,org.apache.commons.math3.fraction.FractionFieldTest#testZero,8.000000
5116,org.apache.commons.math3.fraction.FractionFieldTest#testSerial,3.000000
5117,org.apache.commons.math3.fraction.FractionTest#testToString,5.000000
5118,org.apache.commons.math3.fraction.FractionTest#testReciprocal,12.000000
5119,org.apache.commons.math3.fraction.FractionTest#testEpsilonLimitConstructor,11.000000
5120,org.apache.commons.math3.fraction.FractionTest#testGetReducedFraction,12.000000
5121,org.apache.commons.math3.fraction.FractionTest#testConstructorDouble,12.000000
5122,org.apache.commons.math3.fraction.FractionTest#testDoubleConstructor,12.000000
5123,org.apache.commons.math3.fraction.FractionTest#testMath835,6.000000
5124,org.apache.commons.math3.fraction.FractionTest#testEqualsAndHashCode,6.000000
5125,org.apache.commons.math3.fraction.FractionTest#testNegate,12.000000
5126,org.apache.commons.math3.fraction.FractionTest#testSerial,11.000000
5127,org.apache.commons.math3.fraction.FractionTest#testGoldenRatio,19.000000
5128,org.apache.commons.math3.fraction.FractionTest#testIntegerOverflow,18.000000
5129,org.apache.commons.math3.fraction.FractionTest#testDoubleValue,5.000000
5130,org.apache.commons.math3.fraction.FractionTest#testConstructor,17.000000
5131,org.apache.commons.math3.fraction.FractionFormatTest#testNumeratorFormat,12.000000
5132,org.apache.commons.math3.fraction.FractionFormatTest#testLongFormat,27.000000
5133,org.apache.commons.math3.fraction.FractionFormatTest#testFormatImproper,22.000000
5134,org.apache.commons.math3.fraction.FractionFormatTest#testParseZero1,23.000000
5135,org.apache.commons.math3.fraction.FractionFormatTest#testParseZero2,24.000000
5136,org.apache.commons.math3.fraction.FractionFormatTest#testParseProperNegative,33.000000
5137,org.apache.commons.math3.fraction.FractionFormatTest#testParse,23.000000
5138,org.apache.commons.math3.fraction.FractionFormatTest#testParseOne1,23.000000
5139,org.apache.commons.math3.fraction.FractionFormatTest#testParseOne2,23.000000
5140,org.apache.commons.math3.fraction.FractionFormatTest#testWholeFormat,11.000000
5141,org.apache.commons.math3.fraction.FractionFormatTest#testFormatZero,21.000000
5142,org.apache.commons.math3.fraction.FractionFormatTest#testFormatNegative,21.000000
5143,org.apache.commons.math3.fraction.FractionFormatTest#testParseInvalidDenominator,26.000000
5144,org.apache.commons.math3.fraction.FractionFormatTest#testDenominatorFormat,12.000000
5145,org.apache.commons.math3.fraction.FractionFormatTest#testParseProperInvalidMinus,26.000000
5146,org.apache.commons.math3.fraction.FractionFormatTest#testParseInteger,22.000000
5147,org.apache.commons.math3.fraction.FractionFormatTest#testParseInvalid,25.000000
5148,org.apache.commons.math3.fraction.FractionFormatTest#testFormat,21.000000
5149,org.apache.commons.math3.fraction.FractionFormatTest#testDoubleFormat,27.000000
5150,org.apache.commons.math3.fraction.FractionFormatTest#testParseNegative,23.000000
5151,org.apache.commons.math3.fraction.BigFractionFieldTest#testOne,9.000000
5152,org.apache.commons.math3.fraction.BigFractionFieldTest#testZero,9.000000
5153,org.apache.commons.math3.exception.DimensionMismatchExceptionTest#testAccessors,10.000000
5154,org.apache.commons.math3.exception.util.ExceptionContextTest#testNoArgAddMessage,8.000000
5155,org.apache.commons.math3.exception.util.ExceptionContextTest#testContext,4.000000
5156,org.apache.commons.math3.exception.util.ArgUtilsTest#testFlatten,1.000000
5157,org.apache.commons.math3.exception.util.LocalizedFormatsTest#testNoMissingFrenchTranslation,2.000000
5158,org.apache.commons.math3.exception.util.LocalizedFormatsTest#testVariablePartsConsistency,3.000000
5159,org.apache.commons.math3.exception.util.LocalizedFormatsTest#testMessageNumber,1.000000
5160,org.apache.commons.math3.exception.util.LocalizedFormatsTest#testAllKeysPresentInPropertiesFiles,1.000000
5161,org.apache.commons.math3.exception.util.LocalizedFormatsTest#testAllPropertiesCorrespondToKeys,1.000000
5162,org.apache.commons.math3.exception.NotStrictlyPositiveExceptionTest#testAccessors,12.000000
5163,org.apache.commons.math3.exception.NumberIsTooSmallExceptionTest#testAccessors,11.000000
5164,org.apache.commons.math3.exception.MaxCountExceededExceptionTest#testAccessors,10.000000
5165,org.apache.commons.math3.transform.FastFourierTransformerTest#testAdHocData,18.000000
5166,org.apache.commons.math3.transform.FastFourierTransformerTest#testTransformComplex,25.000000
5167,org.apache.commons.math3.transform.FastFourierTransformerTest#test2DDataUnitary,22.000000
5168,org.apache.commons.math3.transform.FastFourierTransformerTest#testSinFunction,27.000000
5169,org.apache.commons.math3.transform.FastFourierTransformerTest#testTransformFunctionSizeNotAPowerOfTwo,26.000000
5170,org.apache.commons.math3.transform.FastFourierTransformerTest#testStandardTransformReal,26.000000
5171,org.apache.commons.math3.transform.FastFourierTransformerTest#testTransformComplexSizeNotAPowerOfTwo,15.000000
5172,org.apache.commons.math3.transform.FastFourierTransformerTest#testTransformFunctionInvalidBounds,14.000000
5173,org.apache.commons.math3.transform.FastFourierTransformerTest#testTransformRealSizeNotAPowerOfTwo,13.000000
5174,org.apache.commons.math3.transform.FastFourierTransformerTest#testStandardTransformFunction,32.000000
5175,org.apache.commons.math3.transform.FastHadamardTransformerTest#test3Points,10.000000
5176,org.apache.commons.math3.transform.FastHadamardTransformerTest#test4Points,10.000000
5177,org.apache.commons.math3.transform.FastHadamardTransformerTest#testNoIntInverse,6.000000
5178,org.apache.commons.math3.transform.FastCosineTransformerTest#testSinFunction[0],32.000000
5179,org.apache.commons.math3.transform.FastCosineTransformerTest#testParameters[0],22.000000
5180,org.apache.commons.math3.transform.FastCosineTransformerTest#testAdHocData[0],26.000000
5181,org.apache.commons.math3.transform.FastCosineTransformerTest#testTransformReal[0],30.000000
5182,org.apache.commons.math3.transform.FastCosineTransformerTest#testTransformFunctionInvalidBounds[0],15.000000
5183,org.apache.commons.math3.transform.FastCosineTransformerTest#testTransformRealInvalidDataSize[0],11.000000
5184,org.apache.commons.math3.transform.FastCosineTransformerTest#testTransformFunctionInvalidDataSize[0],26.000000
5185,org.apache.commons.math3.transform.FastCosineTransformerTest#testTransformFunctionNotStrictlyPositiveNumberOfSamples[0],15.000000
5186,org.apache.commons.math3.transform.FastCosineTransformerTest#testSinFunction[1],32.000000
5187,org.apache.commons.math3.transform.FastCosineTransformerTest#testParameters[1],22.000000
5188,org.apache.commons.math3.transform.FastCosineTransformerTest#testAdHocData[1],26.000000
5189,org.apache.commons.math3.transform.FastCosineTransformerTest#testTransformReal[1],31.000000
5190,org.apache.commons.math3.transform.FastCosineTransformerTest#testTransformFunction[1],36.000000
5191,org.apache.commons.math3.transform.FastCosineTransformerTest#testTransformFunctionInvalidBounds[1],15.000000
5192,org.apache.commons.math3.transform.FastCosineTransformerTest#testTransformRealInvalidDataSize[1],12.000000
5193,org.apache.commons.math3.transform.FastCosineTransformerTest#testTransformFunctionInvalidDataSize[1],27.000000
5194,org.apache.commons.math3.transform.FastCosineTransformerTest#testTransformFunctionNotStrictlyPositiveNumberOfSamples[1],15.000000
5195,org.apache.commons.math3.transform.FastSineTransformerTest#testParameters[0],24.000000
5196,org.apache.commons.math3.transform.FastSineTransformerTest#testAdHocData[0],24.000000
5197,org.apache.commons.math3.transform.FastSineTransformerTest#testTransformRealFirstElementNotZero[0],11.000000
5198,org.apache.commons.math3.transform.FastSineTransformerTest#testTransformReal[0],29.000000
5199,org.apache.commons.math3.transform.FastSineTransformerTest#testTransformFunction[0],34.000000
5200,org.apache.commons.math3.transform.FastSineTransformerTest#testTransformFunctionInvalidBounds[0],15.000000
5201,org.apache.commons.math3.transform.FastSineTransformerTest#testTransformRealInvalidDataSize[0],11.000000
5202,org.apache.commons.math3.transform.FastSineTransformerTest#testTransformFunctionInvalidDataSize[0],26.000000
5203,org.apache.commons.math3.transform.FastSineTransformerTest#testTransformFunctionNotStrictlyPositiveNumberOfSamples[0],15.000000
5204,org.apache.commons.math3.transform.FastSineTransformerTest#testSinFunction[1],31.000000
5205,org.apache.commons.math3.transform.FastSineTransformerTest#testParameters[1],24.000000
5206,org.apache.commons.math3.transform.FastSineTransformerTest#testAdHocData[1],24.000000
5207,org.apache.commons.math3.transform.FastSineTransformerTest#testTransformRealFirstElementNotZero[1],12.000000
5208,org.apache.commons.math3.transform.FastSineTransformerTest#testTransformReal[1],30.000000
5209,org.apache.commons.math3.transform.FastSineTransformerTest#testTransformFunction[1],35.000000
5210,org.apache.commons.math3.transform.FastSineTransformerTest#testTransformFunctionInvalidBounds[1],15.000000
5211,org.apache.commons.math3.transform.FastSineTransformerTest#testTransformRealInvalidDataSize[1],12.000000
5212,org.apache.commons.math3.transform.FastSineTransformerTest#testTransformFunctionInvalidDataSize[1],27.000000
5213,org.apache.commons.math3.transform.FastSineTransformerTest#testTransformFunctionNotStrictlyPositiveNumberOfSamples[1],15.000000
