name;suspiciousness_value
org.apache.commons.math3.exception$MathIllegalArgumentException#MathIllegalArgumentException(org.apache.commons.math3.exception.util.Localizable,java.lang.Object[]):44;0.0
org.apache.commons.math3.exception$MathIllegalArgumentException#getContext():51;0.0
org.apache.commons.math3.exception$MathIllegalArgumentException#getMessage():57;0.0
org.apache.commons.math3.exception$MathIllegalArgumentException#getLocalizedMessage():63;0.0
org.apache.commons.math3.exception.util$LocalizedFormats#LocalizedFormats(java.lang.String,int,java.lang.String):370;0.0
org.apache.commons.math3.exception.util$LocalizedFormats#getSourceString():376;0.0
org.apache.commons.math3.exception.util$LocalizedFormats#getLocalizedString(java.util.Locale):382;0.0
org.apache.commons.math3.exception.util$ExceptionContext#ExceptionContext(java.lang.Throwable):64;0.0
org.apache.commons.math3.exception.util$ExceptionContext#getThrowable():75;0.0
org.apache.commons.math3.exception.util$ExceptionContext#addMessage(org.apache.commons.math3.exception.util.Localizable,java.lang.Object[]):87;0.0
org.apache.commons.math3.exception.util$ExceptionContext#setValue(java.lang.String,java.lang.Object):100;0.0
org.apache.commons.math3.exception.util$ExceptionContext#getValue(java.lang.String):110;0.0
org.apache.commons.math3.exception.util$ExceptionContext#getKeys():119;0.0
org.apache.commons.math3.exception.util$ExceptionContext#getMessage():128;0.0
org.apache.commons.math3.exception.util$ExceptionContext#getLocalizedMessage():137;0.0
org.apache.commons.math3.exception.util$ExceptionContext#getMessage(java.util.Locale):147;0.0
org.apache.commons.math3.exception.util$ExceptionContext#getMessage(java.util.Locale,java.lang.String):159;0.0
org.apache.commons.math3.exception.util$ExceptionContext#buildMessage(java.util.Locale,java.lang.String):171;0.0
org.apache.commons.math3.exception.util$ExceptionContext#writeObject(java.io.ObjectOutputStream):197;0.0
org.apache.commons.math3.exception.util$ExceptionContext#readObject(java.io.ObjectInputStream):211;0.0
org.apache.commons.math3.exception.util$ExceptionContext#serializeMessages(java.io.ObjectOutputStream):225;0.0
org.apache.commons.math3.exception.util$ExceptionContext#deSerializeMessages(java.io.ObjectInputStream):259;0.0
org.apache.commons.math3.exception.util$ExceptionContext#serializeContext(java.io.ObjectOutputStream):287;0.0
org.apache.commons.math3.exception.util$ExceptionContext#deSerializeContext(java.io.ObjectInputStream):314;0.0
org.apache.commons.math3.exception.util$ExceptionContext#nonSerializableReplacement(java.lang.Object):333;0.0
org.apache.commons.math3.exception.util$ArgUtils#ArgUtils():32;0.0
org.apache.commons.math3.exception.util$ArgUtils#flatten(java.lang.Object[]):42;0.0
org.apache.commons.math3.primes$Primes#Primes():41;0.0
org.apache.commons.math3.primes$Primes#isPrime(int):55;0.0
org.apache.commons.math3.primes$Primes#nextPrime(int):75;0.0
org.apache.commons.math3.primes$Primes#primeFactors(int):120;0.0
org.apache.commons.math3.primes$SmallPrimes#SmallPrimes():74;0.0
org.apache.commons.math3.primes$SmallPrimes#smallTrialDivision(int,java.util.List):84;0.0
org.apache.commons.math3.primes$SmallPrimes#boundedTrialDivision(int,int,java.util.List):101;0.0
org.apache.commons.math3.primes$SmallPrimes#trialDivision(int):129;0.0
org.apache.commons.math3.primes$SmallPrimes#millerRabinPrimeTest(int):150;0.0
org.apache.commons.math3.util$FastMath#FastMath():359;0.0
org.apache.commons.math3.util$FastMath#doubleHighPart(double):371;0.0
org.apache.commons.math3.util$FastMath#sqrt(double):385;0.0
org.apache.commons.math3.util$FastMath#cosh(double):393;0.0
org.apache.commons.math3.util$FastMath#sinh(double):462;0.0
org.apache.commons.math3.util$FastMath#tanh(double):587;0.0
org.apache.commons.math3.util$FastMath#acosh(double):711;0.0
org.apache.commons.math3.util$FastMath#asinh(double):719;0.0
org.apache.commons.math3.util$FastMath#atanh(double):749;0.0
org.apache.commons.math3.util$FastMath#signum(double):780;0.0
org.apache.commons.math3.util$FastMath#signum(float):789;0.0
org.apache.commons.math3.util$FastMath#nextUp(double):797;0.0
org.apache.commons.math3.util$FastMath#nextUp(float):805;0.0
org.apache.commons.math3.util$FastMath#random():813;0.0
org.apache.commons.math3.util$FastMath#exp(double):837;0.0
org.apache.commons.math3.util$FastMath#exp(double,double,double[]):856;0.0
org.apache.commons.math3.util$FastMath#expm1(double):969;0.0
org.apache.commons.math3.util$FastMath#expm1(double,double[]):978;0.0
org.apache.commons.math3.util$FastMath#log(double):1126;0.0
org.apache.commons.math3.util$FastMath#log(double,double[]):1136;0.0
org.apache.commons.math3.util$FastMath#log1p(double):1364;0.0
org.apache.commons.math3.util$FastMath#log10(double):1400;0.0
org.apache.commons.math3.util$FastMath#log(double,double):1434;0.0
org.apache.commons.math3.util$FastMath#pow(double,double):1445;0.0
org.apache.commons.math3.util$FastMath#pow(double,int):1615;0.0
org.apache.commons.math3.util$FastMath#polySine(double):1680;0.0
org.apache.commons.math3.util$FastMath#polyCosine(double):1700;0.0
org.apache.commons.math3.util$FastMath#sinQ(double,double):1719;0.0
org.apache.commons.math3.util$FastMath#cosQ(double,double):1843;0.0
org.apache.commons.math3.util$FastMath#tanQ(double,double,boolean):1863;0.0
org.apache.commons.math3.util$FastMath#reducePayneHanek(double,double[]):2012;0.0
org.apache.commons.math3.util$FastMath#sin(double):2228;0.0
org.apache.commons.math3.util$FastMath#cos(double):2295;0.0
org.apache.commons.math3.util$FastMath#tan(double):2349;0.0
org.apache.commons.math3.util$FastMath#atan(double):2425;0.0
org.apache.commons.math3.util$FastMath#atan(double,double,boolean):2435;0.0
org.apache.commons.math3.util$FastMath#atan2(double,double):2581;0.0
org.apache.commons.math3.util$FastMath#asin(double):2702;0.0
org.apache.commons.math3.util$FastMath#acos(double):2778;0.0
org.apache.commons.math3.util$FastMath#cbrt(double):2861;0.0
org.apache.commons.math3.util$FastMath#toRadians(double):2946;0.0
org.apache.commons.math3.util$FastMath#toDegrees(double):2971;0.0
org.apache.commons.math3.util$FastMath#abs(int):2991;0.0
org.apache.commons.math3.util$FastMath#abs(long):3001;0.0
org.apache.commons.math3.util$FastMath#abs(float):3015;0.0
org.apache.commons.math3.util$FastMath#abs(double):3024;0.0
org.apache.commons.math3.util$FastMath#ulp(double):3033;0.0
org.apache.commons.math3.util$FastMath#ulp(float):3045;0.0
org.apache.commons.math3.util$FastMath#scalb(double,int):3060;0.0
org.apache.commons.math3.util$FastMath#scalb(float,int):3144;0.0
org.apache.commons.math3.util$FastMath#nextAfter(double,double):3253;0.0
org.apache.commons.math3.util$FastMath#nextAfter(float,double):3309;0.0
org.apache.commons.math3.util$FastMath#floor(double):3338;0.0
org.apache.commons.math3.util$FastMath#ceil(double):3365;0.0
org.apache.commons.math3.util$FastMath#rint(double):3388;0.0
org.apache.commons.math3.util$FastMath#round(double):3411;0.0
org.apache.commons.math3.util$FastMath#round(float):3419;0.0
org.apache.commons.math3.util$FastMath#min(int,int):3428;0.0
org.apache.commons.math3.util$FastMath#min(long,long):3437;0.0
org.apache.commons.math3.util$FastMath#min(float,float):3446;0.0
org.apache.commons.math3.util$FastMath#min(double,double):3471;0.0
org.apache.commons.math3.util$FastMath#max(int,int):3496;0.0
org.apache.commons.math3.util$FastMath#max(long,long):3505;0.0
org.apache.commons.math3.util$FastMath#max(float,float):3514;0.0
org.apache.commons.math3.util$FastMath#max(double,double):3539;0.0
org.apache.commons.math3.util$FastMath#hypot(double,double):3573;0.0
org.apache.commons.math3.util$FastMath#IEEEremainder(double,double):3628;0.0
org.apache.commons.math3.util$FastMath#copySign(double,double):3644;0.0
org.apache.commons.math3.util$FastMath#copySign(float,float):3665;0.0
org.apache.commons.math3.util$FastMath#getExponent(double):3684;0.0
org.apache.commons.math3.util$FastMath#getExponent(float):3698;0.0
org.apache.commons.math3.util$FastMath#main(java.lang.String[]):3707;0.0
org.apache.commons.math3.fitting$CurveFitter#CurveFitter(org.apache.commons.math3.optim.nonlinear.vector.MultivariateVectorOptimizer):66;0.0
org.apache.commons.math3.fitting$CurveFitter#addObservedPoint(double,double):82;0.0
org.apache.commons.math3.fitting$CurveFitter#addObservedPoint(double,double,double):95;0.0
org.apache.commons.math3.fitting$CurveFitter#addObservedPoint(org.apache.commons.math3.fitting.WeightedObservedPoint):105;0.0
org.apache.commons.math3.fitting$CurveFitter#getObservations():115;0.0
org.apache.commons.math3.fitting$CurveFitter#clearObservations():122;0.0
org.apache.commons.math3.fitting$CurveFitter#fit(org.apache.commons.math3.analysis.ParametricUnivariateFunction,double[]):139;0.0
org.apache.commons.math3.fitting$CurveFitter#fit(int,org.apache.commons.math3.analysis.ParametricUnivariateFunction,double[]):162;0.0
org.apache.commons.math3.fitting$GaussianFitter#GaussianFitter(org.apache.commons.math3.optim.nonlinear.vector.MultivariateVectorOptimizer):67;0.0
org.apache.commons.math3.fitting$GaussianFitter#fit(double[]):84;0.0
org.apache.commons.math3.fitting$GaussianFitter#fit():120;0.0
org.apache.commons.math3.optim$BaseOptimizer#BaseOptimizer(org.apache.commons.math3.optim.ConvergenceChecker):48;0.0
org.apache.commons.math3.optim$BaseOptimizer#BaseOptimizer(org.apache.commons.math3.optim.ConvergenceChecker,int,int):58;0.0
org.apache.commons.math3.optim$BaseOptimizer#getMaxEvaluations():71;0.0
org.apache.commons.math3.optim$BaseOptimizer#getEvaluations():83;0.0
org.apache.commons.math3.optim$BaseOptimizer#getMaxIterations():92;0.0
org.apache.commons.math3.optim$BaseOptimizer#getIterations():104;0.0
org.apache.commons.math3.optim$BaseOptimizer#getConvergenceChecker():113;0.0
org.apache.commons.math3.optim$BaseOptimizer#optimize(org.apache.commons.math3.optim.OptimizationData[]):148;0.0
org.apache.commons.math3.optim$BaseOptimizer#optimize():170;0.0
org.apache.commons.math3.optim$BaseOptimizer#incrementEvaluationCount():192;0.0
org.apache.commons.math3.optim$BaseOptimizer#incrementIterationCount():203;0.0
org.apache.commons.math3.optim$BaseOptimizer#parseOptimizationData(org.apache.commons.math3.optim.OptimizationData[]):220;0.0
org.apache.commons.math3.optim$BaseMultivariateOptimizer#BaseMultivariateOptimizer(org.apache.commons.math3.optim.ConvergenceChecker):48;0.0
org.apache.commons.math3.optim$BaseMultivariateOptimizer#optimize(org.apache.commons.math3.optim.OptimizationData[]):66;0.0
org.apache.commons.math3.optim$BaseMultivariateOptimizer#parseOptimizationData(org.apache.commons.math3.optim.OptimizationData[]):82;0.0
org.apache.commons.math3.optim$BaseMultivariateOptimizer#getStartPoint():109;0.0
org.apache.commons.math3.optim$BaseMultivariateOptimizer#getLowerBound():115;0.0
org.apache.commons.math3.optim$BaseMultivariateOptimizer#getUpperBound():121;0.0
org.apache.commons.math3.optim$BaseMultivariateOptimizer#checkParameters():128;0.0
org.apache.commons.math3.optim.nonlinear.vector$MultivariateVectorOptimizer#MultivariateVectorOptimizer(org.apache.commons.math3.optim.ConvergenceChecker):48;0.0
org.apache.commons.math3.optim.nonlinear.vector$MultivariateVectorOptimizer#computeObjectiveValue(double[]):62;0.0
org.apache.commons.math3.optim.nonlinear.vector$MultivariateVectorOptimizer#optimize(org.apache.commons.math3.optim.OptimizationData[]):88;0.0
org.apache.commons.math3.optim.nonlinear.vector$MultivariateVectorOptimizer#getWeight():97;0.0
org.apache.commons.math3.optim.nonlinear.vector$MultivariateVectorOptimizer#getTarget():106;0.0
org.apache.commons.math3.optim.nonlinear.vector$MultivariateVectorOptimizer#getTargetSize():115;0.0
org.apache.commons.math3.optim.nonlinear.vector$MultivariateVectorOptimizer#parseOptimizationData(org.apache.commons.math3.optim.OptimizationData[]):132;0.0
org.apache.commons.math3.optim.nonlinear.vector$MultivariateVectorOptimizer#checkParameters():162;0.0
org.apache.commons.math3.optim.nonlinear.vector$JacobianMultivariateVectorOptimizer#JacobianMultivariateVectorOptimizer(org.apache.commons.math3.optim.ConvergenceChecker):55;0.0
org.apache.commons.math3.optim.nonlinear.vector$JacobianMultivariateVectorOptimizer#computeJacobian(double[]):65;0.0
org.apache.commons.math3.optim.nonlinear.vector$JacobianMultivariateVectorOptimizer#optimize(org.apache.commons.math3.optim.OptimizationData[]):88;0.0
org.apache.commons.math3.optim.nonlinear.vector$JacobianMultivariateVectorOptimizer#parseOptimizationData(org.apache.commons.math3.optim.OptimizationData[]):104;0.0
org.apache.commons.math3.optim.nonlinear.vector.jacobian$AbstractLeastSquaresOptimizer#AbstractLeastSquaresOptimizer(org.apache.commons.math3.optim.ConvergenceChecker):58;0.0
org.apache.commons.math3.optim.nonlinear.vector.jacobian$AbstractLeastSquaresOptimizer#computeWeightedJacobian(double[]):70;0.0
org.apache.commons.math3.optim.nonlinear.vector.jacobian$AbstractLeastSquaresOptimizer#computeCost(double[]):81;0.0
org.apache.commons.math3.optim.nonlinear.vector.jacobian$AbstractLeastSquaresOptimizer#getRMS():97;0.0
org.apache.commons.math3.optim.nonlinear.vector.jacobian$AbstractLeastSquaresOptimizer#getChiSquare():107;0.0
org.apache.commons.math3.optim.nonlinear.vector.jacobian$AbstractLeastSquaresOptimizer#getWeightSquareRoot():116;0.0
org.apache.commons.math3.optim.nonlinear.vector.jacobian$AbstractLeastSquaresOptimizer#setCost(double):125;0.0
org.apache.commons.math3.optim.nonlinear.vector.jacobian$AbstractLeastSquaresOptimizer#computeCovariances(double[],double):147;0.0
org.apache.commons.math3.optim.nonlinear.vector.jacobian$AbstractLeastSquaresOptimizer#computeSigma(double[],double):174;0.0
org.apache.commons.math3.optim.nonlinear.vector.jacobian$AbstractLeastSquaresOptimizer#optimize(org.apache.commons.math3.optim.OptimizationData[]):202;0.0
org.apache.commons.math3.optim.nonlinear.vector.jacobian$AbstractLeastSquaresOptimizer#computeResiduals(double[]):221;0.0
org.apache.commons.math3.optim.nonlinear.vector.jacobian$AbstractLeastSquaresOptimizer#parseOptimizationData(org.apache.commons.math3.optim.OptimizationData[]):249;0.0
org.apache.commons.math3.optim.nonlinear.vector.jacobian$AbstractLeastSquaresOptimizer#squareRoot(org.apache.commons.math3.linear.RealMatrix):270;0.0
org.apache.commons.math3.optim.nonlinear.vector.jacobian$LevenbergMarquardtOptimizer#LevenbergMarquardtOptimizer():169;0.0
org.apache.commons.math3.optim.nonlinear.vector.jacobian$LevenbergMarquardtOptimizer#LevenbergMarquardtOptimizer(org.apache.commons.math3.optim.ConvergenceChecker):188;0.0
org.apache.commons.math3.optim.nonlinear.vector.jacobian$LevenbergMarquardtOptimizer#LevenbergMarquardtOptimizer(double,org.apache.commons.math3.optim.ConvergenceChecker,double,double,double,double):219;0.0
org.apache.commons.math3.optim.nonlinear.vector.jacobian$LevenbergMarquardtOptimizer#LevenbergMarquardtOptimizer(double,double,double):248;0.0
org.apache.commons.math3.optim.nonlinear.vector.jacobian$LevenbergMarquardtOptimizer#LevenbergMarquardtOptimizer(double,double,double,double,double):281;0.0
org.apache.commons.math3.optim.nonlinear.vector.jacobian$LevenbergMarquardtOptimizer#doOptimize():292;0.0
org.apache.commons.math3.optim.nonlinear.vector.jacobian$LevenbergMarquardtOptimizer#determineLMParameter(double[],double,double[],double[],double[],double[]):565;0.0
org.apache.commons.math3.optim.nonlinear.vector.jacobian$LevenbergMarquardtOptimizer#determineLMDirection(double[],double[],double[],double[]):737;0.0
org.apache.commons.math3.optim.nonlinear.vector.jacobian$LevenbergMarquardtOptimizer#qrDecomposition(org.apache.commons.math3.linear.RealMatrix):860;0.0
org.apache.commons.math3.optim.nonlinear.vector.jacobian$LevenbergMarquardtOptimizer#qTy(double[]):936;0.0
org.apache.commons.math3.optim.nonlinear.vector.jacobian$LevenbergMarquardtOptimizer#checkParameters():957;0.0
org.apache.commons.math3.util$Precision#Precision():83;0.0
org.apache.commons.math3.util$Precision#compareTo(double,double,double):96;0.0
org.apache.commons.math3.util$Precision#compareTo(double,double,int):122;0.0
org.apache.commons.math3.util$Precision#equals(float,float):139;0.0
org.apache.commons.math3.util$Precision#equalsIncludingNaN(float,float):152;0.0
org.apache.commons.math3.util$Precision#equals(float,float,float):166;0.0
org.apache.commons.math3.util$Precision#equalsIncludingNaN(float,float,float):181;0.0
org.apache.commons.math3.util$Precision#equals(float,float,int):203;0.0
org.apache.commons.math3.util$Precision#equalsIncludingNaN(float,float,int):232;0.0
org.apache.commons.math3.util$Precision#equals(double,double):244;0.0
org.apache.commons.math3.util$Precision#equalsIncludingNaN(double,double):257;0.0
org.apache.commons.math3.util$Precision#equals(double,double,double):272;0.0
org.apache.commons.math3.util$Precision#equalsWithRelativeTolerance(double,double,double):288;0.0
org.apache.commons.math3.util$Precision#equalsIncludingNaN(double,double,double):310;0.0
org.apache.commons.math3.util$Precision#equals(double,double,int):331;0.0
org.apache.commons.math3.util$Precision#equalsIncludingNaN(double,double,int):360;0.0
org.apache.commons.math3.util$Precision#round(double,int):373;0.0
org.apache.commons.math3.util$Precision#round(double,int,int):395;0.0
org.apache.commons.math3.util$Precision#round(float,int):418;0.0
org.apache.commons.math3.util$Precision#round(float,int,int):436;0.0
org.apache.commons.math3.util$Precision#roundUnscaled(double,double,int):458;0.0
org.apache.commons.math3.util$Precision#representableDelta(double,double):553;0.0
org.apache.commons.math3.util$Incrementor#Incrementor():53;0.0
org.apache.commons.math3.util$Incrementor#Incrementor(int):62;0.0
org.apache.commons.math3.util$Incrementor#Incrementor(int,org.apache.commons.math3.util.Incrementor$MaxCountExceededCallback):80;0.0
org.apache.commons.math3.util$Incrementor#setMaximalCount(int):96;0.0
org.apache.commons.math3.util$Incrementor#getMaximalCount():105;0.0
org.apache.commons.math3.util$Incrementor#getCount():114;0.0
org.apache.commons.math3.util$Incrementor#canIncrement():125;0.0
org.apache.commons.math3.util$Incrementor#incrementCount(int):136;0.0
org.apache.commons.math3.util$Incrementor#incrementCount():155;0.0
org.apache.commons.math3.util$Incrementor#resetCount():164;0.0
org.apache.commons.math3.optim$BaseOptimizer$MaxEvalCallback#BaseOptimizer$MaxEvalCallback():236;0.0
org.apache.commons.math3.optim$BaseOptimizer$MaxEvalCallback#trigger(int):243;0.0
org.apache.commons.math3.optim$BaseOptimizer$MaxIterCallback#BaseOptimizer$MaxIterCallback():251;0.0
org.apache.commons.math3.optim$BaseOptimizer$MaxIterCallback#trigger(int):258;0.0
org.apache.commons.math3.fitting$WeightedObservedPoint#WeightedObservedPoint(double,double,double):45;0.0
org.apache.commons.math3.fitting$WeightedObservedPoint#getWeight():57;0.0
org.apache.commons.math3.fitting$WeightedObservedPoint#getX():66;0.0
org.apache.commons.math3.fitting$WeightedObservedPoint#getY():75;0.0
org.apache.commons.math3.fitting$GaussianFitter$ParameterGuesser#GaussianFitter$ParameterGuesser(org.apache.commons.math3.fitting.WeightedObservedPoint[]):147;0.0
org.apache.commons.math3.fitting$GaussianFitter$ParameterGuesser#guess():174;0.0
org.apache.commons.math3.fitting$GaussianFitter$ParameterGuesser#sortObservations(org.apache.commons.math3.fitting.WeightedObservedPoint[]):184;0.0
org.apache.commons.math3.fitting$GaussianFitter$ParameterGuesser#basicGuess(org.apache.commons.math3.fitting.WeightedObservedPoint[]):232;0.0
org.apache.commons.math3.fitting$GaussianFitter$ParameterGuesser#findMaxY(org.apache.commons.math3.fitting.WeightedObservedPoint[]):258;0.0
org.apache.commons.math3.fitting$GaussianFitter$ParameterGuesser#interpolateXAtY(org.apache.commons.math3.fitting.WeightedObservedPoint[],int,int,double):286;0.0
org.apache.commons.math3.fitting$GaussianFitter$ParameterGuesser#getInterpolationPointsForY(org.apache.commons.math3.fitting.WeightedObservedPoint[],int,int,double):323;0.0
org.apache.commons.math3.fitting$GaussianFitter$ParameterGuesser#isBetween(double,double,double):361;0.0
org.apache.commons.math3.fitting$GaussianFitter$ParameterGuesser$1#compare(org.apache.commons.math3.fitting.WeightedObservedPoint,org.apache.commons.math3.fitting.WeightedObservedPoint):189;0.0
org.apache.commons.math3.util$FastMath$lnMant#FastMath$lnMant():3794;0.0
org.apache.commons.math3.util$FastMathLiteralArrays#FastMathLiteralArrays():6134;0.0
org.apache.commons.math3.util$FastMathLiteralArrays#loadExpIntA():6142;0.0
org.apache.commons.math3.util$FastMathLiteralArrays#loadExpIntB():6150;0.0
org.apache.commons.math3.util$FastMathLiteralArrays#loadExpFracA():6158;0.0
org.apache.commons.math3.util$FastMathLiteralArrays#loadExpFracB():6166;0.0
org.apache.commons.math3.util$FastMathLiteralArrays#loadLnMant():6174;0.0
org.apache.commons.math3.analysis.function$Gaussian$Parametric#Gaussian$Parametric():115;0.0
org.apache.commons.math3.analysis.function$Gaussian$Parametric#value(double,double[]):131;0.0
org.apache.commons.math3.analysis.function$Gaussian$Parametric#gradient(double,double[]):156;0.0
org.apache.commons.math3.analysis.function$Gaussian$Parametric#validateParameters(double[]):185;0.0
org.apache.commons.math3.fitting$GaussianFitter$1#value(double,double[]):87;0.0
org.apache.commons.math3.fitting$GaussianFitter$1#gradient(double,double[]):98;0.0
org.apache.commons.math3.fitting$CurveFitter$TheoreticalValuesFunction#CurveFitter$TheoreticalValuesFunction(org.apache.commons.math3.fitting.CurveFitter,org.apache.commons.math3.analysis.ParametricUnivariateFunction):194;0.0
org.apache.commons.math3.fitting$CurveFitter$TheoreticalValuesFunction#getModelFunction():202;0.0
org.apache.commons.math3.fitting$CurveFitter$TheoreticalValuesFunction#getModelFunctionJacobian():221;0.0
org.apache.commons.math3.optim$MaxEval#MaxEval(int):35;0.0
org.apache.commons.math3.optim$MaxEval#getMaxEval():49;0.0
org.apache.commons.math3.optim$MaxEval#unlimited():60;0.0
org.apache.commons.math3.optim.nonlinear.vector$ModelFunction#ModelFunction(org.apache.commons.math3.analysis.MultivariateVectorFunction):40;0.0
org.apache.commons.math3.optim.nonlinear.vector$ModelFunction#getModelFunction():50;0.0
org.apache.commons.math3.fitting$CurveFitter$TheoreticalValuesFunction$1#value(double[]):206;0.0
org.apache.commons.math3.optim.nonlinear.vector$ModelFunctionJacobian#ModelFunctionJacobian(org.apache.commons.math3.analysis.MultivariateMatrixFunction):40;0.0
org.apache.commons.math3.optim.nonlinear.vector$ModelFunctionJacobian#getModelFunctionJacobian():50;0.0
org.apache.commons.math3.fitting$CurveFitter$TheoreticalValuesFunction$2#value(double[]):223;0.0
org.apache.commons.math3.optim.nonlinear.vector$Target#Target(double[]):43;0.0
org.apache.commons.math3.optim.nonlinear.vector$Target#getTarget():53;0.0
org.apache.commons.math3.optim.nonlinear.vector$Weight#Weight(double[]):46;0.0
org.apache.commons.math3.optim.nonlinear.vector$Weight#Weight(org.apache.commons.math3.linear.RealMatrix):55;0.0
org.apache.commons.math3.optim.nonlinear.vector$Weight#getWeight():70;0.0
org.apache.commons.math3.linear$RealLinearOperator#RealLinearOperator():53;0.0
org.apache.commons.math3.linear$RealLinearOperator#operateTranspose(org.apache.commons.math3.linear.RealVector):95;0.0
org.apache.commons.math3.linear$RealLinearOperator#isTransposable():108;0.0
org.apache.commons.math3.linear$AbstractRealMatrix#AbstractRealMatrix():56;0.0
org.apache.commons.math3.linear$AbstractRealMatrix#AbstractRealMatrix(int,int):67;0.0
org.apache.commons.math3.linear$AbstractRealMatrix#add(org.apache.commons.math3.linear.RealMatrix):79;0.0
org.apache.commons.math3.linear$AbstractRealMatrix#subtract(org.apache.commons.math3.linear.RealMatrix):96;0.0
org.apache.commons.math3.linear$AbstractRealMatrix#scalarAdd(double):112;0.0
org.apache.commons.math3.linear$AbstractRealMatrix#scalarMultiply(double):126;0.0
org.apache.commons.math3.linear$AbstractRealMatrix#multiply(org.apache.commons.math3.linear.RealMatrix):141;0.0
org.apache.commons.math3.linear$AbstractRealMatrix#preMultiply(org.apache.commons.math3.linear.RealMatrix):163;0.0
org.apache.commons.math3.linear$AbstractRealMatrix#power(int):169;0.0
org.apache.commons.math3.linear$AbstractRealMatrix#getData():228;0.0
org.apache.commons.math3.linear$AbstractRealMatrix#getNorm():242;0.0
org.apache.commons.math3.linear$AbstractRealMatrix#getFrobeniusNorm():280;0.0
org.apache.commons.math3.linear$AbstractRealMatrix#getSubMatrix(int,int,int,int):308;0.0
org.apache.commons.math3.linear$AbstractRealMatrix#getSubMatrix(int[],int[]):325;0.0
org.apache.commons.math3.linear$AbstractRealMatrix#copySubMatrix(int,int,int,int,double[][]):348;0.0
org.apache.commons.math3.linear$AbstractRealMatrix#copySubMatrix(int[],int[],double[][]):394;0.0
org.apache.commons.math3.linear$AbstractRealMatrix#setSubMatrix(double[][],int,int):418;0.0
org.apache.commons.math3.linear$AbstractRealMatrix#getRowMatrix(int):449;0.0
org.apache.commons.math3.linear$AbstractRealMatrix#setRowMatrix(int,org.apache.commons.math3.linear.RealMatrix):462;0.0
org.apache.commons.math3.linear$AbstractRealMatrix#getColumnMatrix(int):478;0.0
org.apache.commons.math3.linear$AbstractRealMatrix#setColumnMatrix(int,org.apache.commons.math3.linear.RealMatrix):491;0.0
org.apache.commons.math3.linear$AbstractRealMatrix#getRowVector(int):507;0.0
org.apache.commons.math3.linear$AbstractRealMatrix#setRowVector(int,org.apache.commons.math3.linear.RealVector):513;0.0
org.apache.commons.math3.linear$AbstractRealMatrix#getColumnVector(int):527;0.0
org.apache.commons.math3.linear$AbstractRealMatrix#setColumnVector(int,org.apache.commons.math3.linear.RealVector):533;0.0
org.apache.commons.math3.linear$AbstractRealMatrix#getRow(int):546;0.0
org.apache.commons.math3.linear$AbstractRealMatrix#setRow(int,double[]):559;0.0
org.apache.commons.math3.linear$AbstractRealMatrix#getColumn(int):571;0.0
org.apache.commons.math3.linear$AbstractRealMatrix#setColumn(int,double[]):584;0.0
org.apache.commons.math3.linear$AbstractRealMatrix#addToEntry(int,int,double):597;0.0
org.apache.commons.math3.linear$AbstractRealMatrix#multiplyEntry(int,int,double):604;0.0
org.apache.commons.math3.linear$AbstractRealMatrix#transpose():610;0.0
org.apache.commons.math3.linear$AbstractRealMatrix#isSquare():628;0.0
org.apache.commons.math3.linear$AbstractRealMatrix#getTrace():649;0.0
org.apache.commons.math3.linear$AbstractRealMatrix#operate(double[]):664;0.0
org.apache.commons.math3.linear$AbstractRealMatrix#operate(org.apache.commons.math3.linear.RealVector):687;0.0
org.apache.commons.math3.linear$AbstractRealMatrix#preMultiply(double[]):711;0.0
org.apache.commons.math3.linear$AbstractRealMatrix#preMultiply(org.apache.commons.math3.linear.RealVector):732;0.0
org.apache.commons.math3.linear$AbstractRealMatrix#walkInRowOrder(org.apache.commons.math3.linear.RealMatrixChangingVisitor):756;0.0
org.apache.commons.math3.linear$AbstractRealMatrix#walkInRowOrder(org.apache.commons.math3.linear.RealMatrixPreservingVisitor):771;0.0
org.apache.commons.math3.linear$AbstractRealMatrix#walkInRowOrder(org.apache.commons.math3.linear.RealMatrixChangingVisitor,int,int,int,int):787;0.0
org.apache.commons.math3.linear$AbstractRealMatrix#walkInRowOrder(org.apache.commons.math3.linear.RealMatrixPreservingVisitor,int,int,int,int):805;0.0
org.apache.commons.math3.linear$AbstractRealMatrix#walkInColumnOrder(org.apache.commons.math3.linear.RealMatrixChangingVisitor):818;0.0
org.apache.commons.math3.linear$AbstractRealMatrix#walkInColumnOrder(org.apache.commons.math3.linear.RealMatrixPreservingVisitor):833;0.0
org.apache.commons.math3.linear$AbstractRealMatrix#walkInColumnOrder(org.apache.commons.math3.linear.RealMatrixChangingVisitor,int,int,int,int):849;0.0
org.apache.commons.math3.linear$AbstractRealMatrix#walkInColumnOrder(org.apache.commons.math3.linear.RealMatrixPreservingVisitor,int,int,int,int):867;0.0
org.apache.commons.math3.linear$AbstractRealMatrix#walkInOptimizedOrder(org.apache.commons.math3.linear.RealMatrixChangingVisitor):880;0.0
org.apache.commons.math3.linear$AbstractRealMatrix#walkInOptimizedOrder(org.apache.commons.math3.linear.RealMatrixPreservingVisitor):885;0.0
org.apache.commons.math3.linear$AbstractRealMatrix#walkInOptimizedOrder(org.apache.commons.math3.linear.RealMatrixChangingVisitor,int,int,int,int):894;0.0
org.apache.commons.math3.linear$AbstractRealMatrix#walkInOptimizedOrder(org.apache.commons.math3.linear.RealMatrixPreservingVisitor,int,int,int,int):903;0.0
org.apache.commons.math3.linear$AbstractRealMatrix#toString():912;0.0
org.apache.commons.math3.linear$AbstractRealMatrix#equals(java.lang.Object):930;0.0
org.apache.commons.math3.linear$AbstractRealMatrix#hashCode():959;0.0
org.apache.commons.math3.linear$RealMatrixFormat#RealMatrixFormat():90;0.0
org.apache.commons.math3.linear$RealMatrixFormat#RealMatrixFormat(java.text.NumberFormat):99;0.0
org.apache.commons.math3.linear$RealMatrixFormat#RealMatrixFormat(java.lang.String,java.lang.String,java.lang.String,java.lang.String,java.lang.String,java.lang.String):115;0.0
org.apache.commons.math3.linear$RealMatrixFormat#RealMatrixFormat(java.lang.String,java.lang.String,java.lang.String,java.lang.String,java.lang.String,java.lang.String,java.text.NumberFormat):133;0.0
org.apache.commons.math3.linear$RealMatrixFormat#getAvailableLocales():151;0.0
org.apache.commons.math3.linear$RealMatrixFormat#getPrefix():159;0.0
org.apache.commons.math3.linear$RealMatrixFormat#getSuffix():167;0.0
org.apache.commons.math3.linear$RealMatrixFormat#getRowPrefix():175;0.0
org.apache.commons.math3.linear$RealMatrixFormat#getRowSuffix():183;0.0
org.apache.commons.math3.linear$RealMatrixFormat#getRowSeparator():191;0.0
org.apache.commons.math3.linear$RealMatrixFormat#getColumnSeparator():199;0.0
org.apache.commons.math3.linear$RealMatrixFormat#getFormat():207;0.0
org.apache.commons.math3.linear$RealMatrixFormat#getInstance():215;0.0
org.apache.commons.math3.linear$RealMatrixFormat#getInstance(java.util.Locale):224;0.0
org.apache.commons.math3.linear$RealMatrixFormat#format(org.apache.commons.math3.linear.RealMatrix):234;0.0
org.apache.commons.math3.linear$RealMatrixFormat#format(org.apache.commons.math3.linear.RealMatrix,java.lang.StringBuffer,java.text.FieldPosition):248;0.0
org.apache.commons.math3.linear$RealMatrixFormat#parse(java.lang.String):285;0.0
org.apache.commons.math3.linear$RealMatrixFormat#parse(java.lang.String,java.text.ParsePosition):303;0.0
org.apache.commons.math3.util$CompositeFormat#CompositeFormat():34;0.0
org.apache.commons.math3.util$CompositeFormat#getDefaultNumberFormat():43;0.0
org.apache.commons.math3.util$CompositeFormat#getDefaultNumberFormat(java.util.Locale):54;0.0
org.apache.commons.math3.util$CompositeFormat#parseAndIgnoreWhitespace(java.lang.String,java.text.ParsePosition):68;0.0
org.apache.commons.math3.util$CompositeFormat#parseNextCharacter(java.lang.String,java.text.ParsePosition):81;0.0
org.apache.commons.math3.util$CompositeFormat#parseNumber(java.lang.String,double,java.text.ParsePosition):111;0.0
org.apache.commons.math3.util$CompositeFormat#parseNumber(java.lang.String,java.text.NumberFormat,java.text.ParsePosition):142;0.0
org.apache.commons.math3.util$CompositeFormat#parseFixedstring(java.lang.String,java.lang.String,java.text.ParsePosition):174;0.0
org.apache.commons.math3.util$CompositeFormat#formatDouble(double,java.text.NumberFormat,java.lang.StringBuffer,java.text.FieldPosition):210;0.0
org.apache.commons.math3.linear$DiagonalMatrix#DiagonalMatrix(int):52;0.0
org.apache.commons.math3.linear$DiagonalMatrix#DiagonalMatrix(double[]):64;0.0
org.apache.commons.math3.linear$DiagonalMatrix#DiagonalMatrix(double[],boolean):82;0.0
org.apache.commons.math3.linear$DiagonalMatrix#createMatrix(int,int):97;0.0
org.apache.commons.math3.linear$DiagonalMatrix#copy():107;0.0
org.apache.commons.math3.linear$DiagonalMatrix#add(org.apache.commons.math3.linear.DiagonalMatrix):121;0.0
org.apache.commons.math3.linear$DiagonalMatrix#subtract(org.apache.commons.math3.linear.DiagonalMatrix):142;0.0
org.apache.commons.math3.linear$DiagonalMatrix#multiply(org.apache.commons.math3.linear.DiagonalMatrix):163;0.0
org.apache.commons.math3.linear$DiagonalMatrix#multiply(org.apache.commons.math3.linear.RealMatrix):185;0.0
org.apache.commons.math3.linear$DiagonalMatrix#getData():204;0.0
org.apache.commons.math3.linear$DiagonalMatrix#getDataRef():220;0.0
org.apache.commons.math3.linear$DiagonalMatrix#getEntry(int,int):227;0.0
org.apache.commons.math3.linear$DiagonalMatrix#setEntry(int,int,double):237;0.0
org.apache.commons.math3.linear$DiagonalMatrix#addToEntry(int,int,double):253;0.0
org.apache.commons.math3.linear$DiagonalMatrix#multiplyEntry(int,int,double):268;0.0
org.apache.commons.math3.linear$DiagonalMatrix#getRowDimension():277;0.0
org.apache.commons.math3.linear$DiagonalMatrix#getColumnDimension():283;0.0
org.apache.commons.math3.linear$DiagonalMatrix#operate(double[]):290;0.0
org.apache.commons.math3.linear$DiagonalMatrix#preMultiply(double[]):297;0.0
org.apache.commons.math3.linear$DiagonalMatrix#preMultiply(org.apache.commons.math3.linear.RealVector):304;0.0
org.apache.commons.math3.linear$DiagonalMatrix#ensureZero(double):317;0.0
org.apache.commons.math3.util$MathUtils#MathUtils():47;0.0
org.apache.commons.math3.util$MathUtils#hash(double):57;0.0
org.apache.commons.math3.util$MathUtils#hash(double[]):68;0.0
org.apache.commons.math3.util$MathUtils#normalizeAngle(double,double):91;0.0
org.apache.commons.math3.util$MathUtils#reduce(double,double,double):113;0.0
org.apache.commons.math3.util$MathUtils#copySign(byte,byte):129;0.0
org.apache.commons.math3.util$MathUtils#copySign(short,short):152;0.0
org.apache.commons.math3.util$MathUtils#copySign(int,int):175;0.0
org.apache.commons.math3.util$MathUtils#copySign(long,long):198;0.0
org.apache.commons.math3.util$MathUtils#checkFinite(double):217;0.0
org.apache.commons.math3.util$MathUtils#checkFinite(double[]):231;0.0
org.apache.commons.math3.util$MathUtils#checkNotNull(java.lang.Object,org.apache.commons.math3.exception.util.Localizable,java.lang.Object[]):251;0.0
org.apache.commons.math3.util$MathUtils#checkNotNull(java.lang.Object):264;0.0
org.apache.commons.math3.optim$InitialGuess#InitialGuess(double[]):35;0.0
org.apache.commons.math3.optim$InitialGuess#getInitialGuess():45;0.0
org.apache.commons.math3.linear$MatrixUtils#MatrixUtils():64;0.0
org.apache.commons.math3.linear$MatrixUtils#createRealMatrix(int,int):81;0.0
org.apache.commons.math3.linear$MatrixUtils#createFieldMatrix(org.apache.commons.math3.Field,int,int):103;0.0
org.apache.commons.math3.linear$MatrixUtils#createRealMatrix(double[][]):130;0.0
org.apache.commons.math3.linear$MatrixUtils#createFieldMatrix(org.apache.commons.math3.FieldElement[][]):159;0.0
org.apache.commons.math3.linear$MatrixUtils#createRealIdentityMatrix(int):176;0.0
org.apache.commons.math3.linear$MatrixUtils#createFieldIdentityMatrix(org.apache.commons.math3.Field,int):195;0.0
org.apache.commons.math3.linear$MatrixUtils#createRealDiagonalMatrix(double[]):215;0.0
org.apache.commons.math3.linear$MatrixUtils#createFieldDiagonalMatrix(org.apache.commons.math3.FieldElement[]):233;0.0
org.apache.commons.math3.linear$MatrixUtils#createRealVector(double[]):251;0.0
org.apache.commons.math3.linear$MatrixUtils#createFieldVector(org.apache.commons.math3.FieldElement[]):269;0.0
org.apache.commons.math3.linear$MatrixUtils#createRowRealMatrix(double[]):289;0.0
org.apache.commons.math3.linear$MatrixUtils#createRowFieldMatrix(org.apache.commons.math3.FieldElement[]):313;0.0
org.apache.commons.math3.linear$MatrixUtils#createColumnRealMatrix(double[]):338;0.0
org.apache.commons.math3.linear$MatrixUtils#createColumnFieldMatrix(org.apache.commons.math3.FieldElement[]):362;0.0
org.apache.commons.math3.linear$MatrixUtils#isSymmetricInternal(org.apache.commons.math3.linear.RealMatrix,double,boolean):390;0.0
org.apache.commons.math3.linear$MatrixUtils#checkSymmetric(org.apache.commons.math3.linear.RealMatrix,double):426;0.0
org.apache.commons.math3.linear$MatrixUtils#isSymmetric(org.apache.commons.math3.linear.RealMatrix,double):439;0.0
org.apache.commons.math3.linear$MatrixUtils#checkMatrixIndex(org.apache.commons.math3.linear.AnyMatrix,int,int):454;0.0
org.apache.commons.math3.linear$MatrixUtils#checkRowIndex(org.apache.commons.math3.linear.AnyMatrix,int):467;0.0
org.apache.commons.math3.linear$MatrixUtils#checkColumnIndex(org.apache.commons.math3.linear.AnyMatrix,int):483;0.0
org.apache.commons.math3.linear$MatrixUtils#checkSubMatrixIndex(org.apache.commons.math3.linear.AnyMatrix,int,int,int,int):506;0.0
org.apache.commons.math3.linear$MatrixUtils#checkSubMatrixIndex(org.apache.commons.math3.linear.AnyMatrix,int[],int[]):540;0.0
org.apache.commons.math3.linear$MatrixUtils#checkAdditionCompatible(org.apache.commons.math3.linear.AnyMatrix,org.apache.commons.math3.linear.AnyMatrix):571;0.0
org.apache.commons.math3.linear$MatrixUtils#checkSubtractionCompatible(org.apache.commons.math3.linear.AnyMatrix,org.apache.commons.math3.linear.AnyMatrix):588;0.0
org.apache.commons.math3.linear$MatrixUtils#checkMultiplicationCompatible(org.apache.commons.math3.linear.AnyMatrix,org.apache.commons.math3.linear.AnyMatrix):606;0.0
org.apache.commons.math3.linear$MatrixUtils#fractionMatrixToRealMatrix(org.apache.commons.math3.linear.FieldMatrix):618;0.0
org.apache.commons.math3.linear$MatrixUtils#bigFractionMatrixToRealMatrix(org.apache.commons.math3.linear.FieldMatrix):663;0.0
org.apache.commons.math3.linear$MatrixUtils#serializeRealVector(org.apache.commons.math3.linear.RealVector,java.io.ObjectOutputStream):743;0.0
org.apache.commons.math3.linear$MatrixUtils#deserializeRealVector(java.lang.Object,java.lang.String,java.io.ObjectInputStream):774;0.0
org.apache.commons.math3.linear$MatrixUtils#serializeRealMatrix(org.apache.commons.math3.linear.RealMatrix,java.io.ObjectOutputStream):844;0.0
org.apache.commons.math3.linear$MatrixUtils#deserializeRealMatrix(java.lang.Object,java.lang.String,java.io.ObjectInputStream):879;0.0
org.apache.commons.math3.linear$MatrixUtils#solveLowerTriangularSystem(org.apache.commons.math3.linear.RealMatrix,org.apache.commons.math3.linear.RealVector):930;0.0
org.apache.commons.math3.linear$MatrixUtils#solveUpperTriangularSystem(org.apache.commons.math3.linear.RealMatrix,org.apache.commons.math3.linear.RealVector):975;0.0
org.apache.commons.math3.linear$MatrixUtils#blockInverse(org.apache.commons.math3.linear.RealMatrix,int):1012;0.0
org.apache.commons.math3.analysis.function$Gaussian#Gaussian(double,double,double):62;0.0
org.apache.commons.math3.analysis.function$Gaussian#Gaussian(double,double):83;0.0
org.apache.commons.math3.analysis.function$Gaussian#Gaussian():90;0.0
org.apache.commons.math3.analysis.function$Gaussian#value(double):95;0.0
org.apache.commons.math3.analysis.function$Gaussian#derivative():103;0.0
org.apache.commons.math3.analysis.function$Gaussian#value(double,double,double):206;0.0
org.apache.commons.math3.analysis.function$Gaussian#value(org.apache.commons.math3.analysis.differentiation.DerivativeStructure):215;0.0
org.apache.commons.math3.util$FastMath$ExpIntTable#FastMath$ExpIntTable():3722;0.0
org.apache.commons.math3.util$FastMath$ExpFracTable#FastMath$ExpFracTable():3761;0.0
org.apache.commons.math3.util$Pair#Pair(java.lang.Object,java.lang.Object):45;0.0
org.apache.commons.math3.util$Pair#Pair(org.apache.commons.math3.util.Pair):56;0.0
org.apache.commons.math3.util$Pair#getKey():65;0.0
org.apache.commons.math3.util$Pair#getValue():74;0.0
org.apache.commons.math3.util$Pair#getFirst():84;0.0
org.apache.commons.math3.util$Pair#getSecond():94;0.0
org.apache.commons.math3.util$Pair#equals(java.lang.Object):106;0.0
org.apache.commons.math3.util$Pair#hashCode():129;0.0
org.apache.commons.math3.optim$PointVectorValuePair#PointVectorValuePair(double[],double[]):44;0.0
org.apache.commons.math3.optim$PointVectorValuePair#PointVectorValuePair(double[],double[],boolean):58;0.0
org.apache.commons.math3.optim$PointVectorValuePair#getPoint():74;0.0
org.apache.commons.math3.optim$PointVectorValuePair#getPointRef():84;0.0
org.apache.commons.math3.optim$PointVectorValuePair#getValue():94;0.0
org.apache.commons.math3.optim$PointVectorValuePair#getValueRef():105;0.0
org.apache.commons.math3.optim$PointVectorValuePair#writeReplace():113;0.0
org.apache.commons.math3.linear$RealVector#RealVector():60;0.0
org.apache.commons.math3.linear$RealVector#addToEntry(int,double):99;0.0
org.apache.commons.math3.linear$RealVector#checkVectorDimensions(org.apache.commons.math3.linear.RealVector):165;0.0
org.apache.commons.math3.linear$RealVector#checkVectorDimensions(int):177;0.0
org.apache.commons.math3.linear$RealVector#checkIndex(int):190;0.0
org.apache.commons.math3.linear$RealVector#checkIndices(int,int):208;0.0
org.apache.commons.math3.linear$RealVector#add(org.apache.commons.math3.linear.RealVector):234;0.0
org.apache.commons.math3.linear$RealVector#subtract(org.apache.commons.math3.linear.RealVector):255;0.0
org.apache.commons.math3.linear$RealVector#mapAdd(double):274;0.0
org.apache.commons.math3.linear$RealVector#mapAddToSelf(double):285;0.0
org.apache.commons.math3.linear$RealVector#dotProduct(org.apache.commons.math3.linear.RealVector):307;0.0
org.apache.commons.math3.linear$RealVector#cosine(org.apache.commons.math3.linear.RealVector):329;0.0
org.apache.commons.math3.linear$RealVector#getDistance(org.apache.commons.math3.linear.RealVector):396;0.0
org.apache.commons.math3.linear$RealVector#getNorm():418;0.0
org.apache.commons.math3.linear$RealVector#getL1Norm():439;0.0
org.apache.commons.math3.linear$RealVector#getLInfNorm():459;0.0
org.apache.commons.math3.linear$RealVector#getL1Distance(org.apache.commons.math3.linear.RealVector):481;0.0
org.apache.commons.math3.linear$RealVector#getLInfDistance(org.apache.commons.math3.linear.RealVector):507;0.0
org.apache.commons.math3.linear$RealVector#getMinIndex():524;0.0
org.apache.commons.math3.linear$RealVector#getMinValue():544;0.0
org.apache.commons.math3.linear$RealVector#getMaxIndex():555;0.0
org.apache.commons.math3.linear$RealVector#getMaxValue():575;0.0
org.apache.commons.math3.linear$RealVector#mapMultiply(double):588;0.0
org.apache.commons.math3.linear$RealVector#mapMultiplyToSelf(double):599;0.0
org.apache.commons.math3.linear$RealVector#mapSubtract(double):610;0.0
org.apache.commons.math3.linear$RealVector#mapSubtractToSelf(double):621;0.0
org.apache.commons.math3.linear$RealVector#mapDivide(double):632;0.0
org.apache.commons.math3.linear$RealVector#mapDivideToSelf(double):643;0.0
org.apache.commons.math3.linear$RealVector#outerProduct(org.apache.commons.math3.linear.RealVector):653;0.0
org.apache.commons.math3.linear$RealVector#projection(org.apache.commons.math3.linear.RealVector):681;0.0
org.apache.commons.math3.linear$RealVector#set(double):694;0.0
org.apache.commons.math3.linear$RealVector#toArray():709;0.0
org.apache.commons.math3.linear$RealVector#unitVector():725;0.0
org.apache.commons.math3.linear$RealVector#unitize():739;0.0
org.apache.commons.math3.linear$RealVector#sparseIterator():767;0.0
org.apache.commons.math3.linear$RealVector#iterator():781;0.0
org.apache.commons.math3.linear$RealVector#map(org.apache.commons.math3.analysis.UnivariateFunction):827;0.0
org.apache.commons.math3.linear$RealVector#mapToSelf(org.apache.commons.math3.analysis.UnivariateFunction):844;0.0
org.apache.commons.math3.linear$RealVector#combine(double,double,org.apache.commons.math3.linear.RealVector):867;0.0
org.apache.commons.math3.linear$RealVector#combineToSelf(double,double,org.apache.commons.math3.linear.RealVector):884;0.0
org.apache.commons.math3.linear$RealVector#walkInDefaultOrder(org.apache.commons.math3.linear.RealVectorPreservingVisitor):904;0.0
org.apache.commons.math3.linear$RealVector#walkInDefaultOrder(org.apache.commons.math3.linear.RealVectorPreservingVisitor,int,int):928;0.0
org.apache.commons.math3.linear$RealVector#walkInOptimizedOrder(org.apache.commons.math3.linear.RealVectorPreservingVisitor):949;0.0
org.apache.commons.math3.linear$RealVector#walkInOptimizedOrder(org.apache.commons.math3.linear.RealVectorPreservingVisitor,int,int):970;0.0
org.apache.commons.math3.linear$RealVector#walkInDefaultOrder(org.apache.commons.math3.linear.RealVectorChangingVisitor):984;0.0
org.apache.commons.math3.linear$RealVector#walkInDefaultOrder(org.apache.commons.math3.linear.RealVectorChangingVisitor,int,int):1008;0.0
org.apache.commons.math3.linear$RealVector#walkInOptimizedOrder(org.apache.commons.math3.linear.RealVectorChangingVisitor):1029;0.0
org.apache.commons.math3.linear$RealVector#walkInOptimizedOrder(org.apache.commons.math3.linear.RealVectorChangingVisitor,int,int):1050;0.0
org.apache.commons.math3.linear$RealVector#equals(java.lang.Object):1125;0.0
org.apache.commons.math3.linear$RealVector#hashCode():1138;0.0
org.apache.commons.math3.linear$RealVector#unmodifiableRealVector(org.apache.commons.math3.linear.RealVector):1249;0.0
org.apache.commons.math3.linear$ArrayRealVector#ArrayRealVector():56;0.0
org.apache.commons.math3.linear$ArrayRealVector#ArrayRealVector(int):65;0.0
org.apache.commons.math3.linear$ArrayRealVector#ArrayRealVector(int,double):75;0.0
org.apache.commons.math3.linear$ArrayRealVector#ArrayRealVector(double[]):85;0.0
org.apache.commons.math3.linear$ArrayRealVector#ArrayRealVector(double[],boolean):104;0.0
org.apache.commons.math3.linear$ArrayRealVector#ArrayRealVector(double[],int,int):122;0.0
org.apache.commons.math3.linear$ArrayRealVector#ArrayRealVector(java.lang.Double[]):138;0.0
org.apache.commons.math3.linear$ArrayRealVector#ArrayRealVector(java.lang.Double[],int,int):156;0.0
org.apache.commons.math3.linear$ArrayRealVector#ArrayRealVector(org.apache.commons.math3.linear.RealVector):175;0.0
org.apache.commons.math3.linear$ArrayRealVector#ArrayRealVector(org.apache.commons.math3.linear.ArrayRealVector):192;0.0
org.apache.commons.math3.linear$ArrayRealVector#ArrayRealVector(org.apache.commons.math3.linear.ArrayRealVector,boolean):202;0.0
org.apache.commons.math3.linear$ArrayRealVector#ArrayRealVector(org.apache.commons.math3.linear.ArrayRealVector,org.apache.commons.math3.linear.ArrayRealVector):211;0.0
org.apache.commons.math3.linear$ArrayRealVector#ArrayRealVector(org.apache.commons.math3.linear.ArrayRealVector,org.apache.commons.math3.linear.RealVector):222;0.0
org.apache.commons.math3.linear$ArrayRealVector#ArrayRealVector(org.apache.commons.math3.linear.RealVector,org.apache.commons.math3.linear.ArrayRealVector):237;0.0
org.apache.commons.math3.linear$ArrayRealVector#ArrayRealVector(org.apache.commons.math3.linear.ArrayRealVector,double[]):252;0.0
org.apache.commons.math3.linear$ArrayRealVector#ArrayRealVector(double[],org.apache.commons.math3.linear.ArrayRealVector):265;0.0
org.apache.commons.math3.linear$ArrayRealVector#ArrayRealVector(double[],double[]):278;0.0
org.apache.commons.math3.linear$ArrayRealVector#copy():289;0.0
org.apache.commons.math3.linear$ArrayRealVector#add(org.apache.commons.math3.linear.RealVector):296;0.0
org.apache.commons.math3.linear$ArrayRealVector#subtract(org.apache.commons.math3.linear.RealVector):322;0.0
org.apache.commons.math3.linear$ArrayRealVector#map(org.apache.commons.math3.analysis.UnivariateFunction):347;0.0
org.apache.commons.math3.linear$ArrayRealVector#mapToSelf(org.apache.commons.math3.analysis.UnivariateFunction):353;0.0
org.apache.commons.math3.linear$ArrayRealVector#mapAddToSelf(double):362;0.0
org.apache.commons.math3.linear$ArrayRealVector#mapSubtractToSelf(double):371;0.0
org.apache.commons.math3.linear$ArrayRealVector#mapMultiplyToSelf(double):380;0.0
org.apache.commons.math3.linear$ArrayRealVector#mapDivideToSelf(double):389;0.0
org.apache.commons.math3.linear$ArrayRealVector#ebeMultiply(org.apache.commons.math3.linear.RealVector):399;0.0
org.apache.commons.math3.linear$ArrayRealVector#ebeDivide(org.apache.commons.math3.linear.RealVector):423;0.0
org.apache.commons.math3.linear$ArrayRealVector#getDataRef():450;0.0
org.apache.commons.math3.linear$ArrayRealVector#dotProduct(org.apache.commons.math3.linear.RealVector):456;0.0
org.apache.commons.math3.linear$ArrayRealVector#getNorm():471;0.0
org.apache.commons.math3.linear$ArrayRealVector#getL1Norm():481;0.0
org.apache.commons.math3.linear$ArrayRealVector#getLInfNorm():491;0.0
org.apache.commons.math3.linear$ArrayRealVector#getDistance(org.apache.commons.math3.linear.RealVector):501;0.0
org.apache.commons.math3.linear$ArrayRealVector#getL1Distance(org.apache.commons.math3.linear.RealVector):525;0.0
org.apache.commons.math3.linear$ArrayRealVector#getLInfDistance(org.apache.commons.math3.linear.RealVector):549;0.0
org.apache.commons.math3.linear$ArrayRealVector#outerProduct(org.apache.commons.math3.linear.RealVector):572;0.0
org.apache.commons.math3.linear$ArrayRealVector#getEntry(int):600;0.0
org.apache.commons.math3.linear$ArrayRealVector#getDimension():610;0.0
org.apache.commons.math3.linear$ArrayRealVector#append(org.apache.commons.math3.linear.RealVector):617;0.0
org.apache.commons.math3.linear$ArrayRealVector#append(org.apache.commons.math3.linear.ArrayRealVector):630;0.0
org.apache.commons.math3.linear$ArrayRealVector#append(double):636;0.0
org.apache.commons.math3.linear$ArrayRealVector#getSubVector(int,int):646;0.0
org.apache.commons.math3.linear$ArrayRealVector#setEntry(int,double):663;0.0
org.apache.commons.math3.linear$ArrayRealVector#addToEntry(int,double):674;0.0
org.apache.commons.math3.linear$ArrayRealVector#setSubVector(int,org.apache.commons.math3.linear.RealVector):685;0.0
org.apache.commons.math3.linear$ArrayRealVector#setSubVector(int,double[]):710;0.0
org.apache.commons.math3.linear$ArrayRealVector#set(double):720;0.0
org.apache.commons.math3.linear$ArrayRealVector#toArray():726;0.0
org.apache.commons.math3.linear$ArrayRealVector#toString():732;0.0
org.apache.commons.math3.linear$ArrayRealVector#checkVectorDimensions(org.apache.commons.math3.linear.RealVector):745;0.0
org.apache.commons.math3.linear$ArrayRealVector#checkVectorDimensions(int):758;0.0
org.apache.commons.math3.linear$ArrayRealVector#isNaN():771;0.0
org.apache.commons.math3.linear$ArrayRealVector#isInfinite():788;0.0
org.apache.commons.math3.linear$ArrayRealVector#equals(java.lang.Object):804;0.0
org.apache.commons.math3.linear$ArrayRealVector#hashCode():834;0.0
org.apache.commons.math3.linear$ArrayRealVector#combine(double,double,org.apache.commons.math3.linear.RealVector):844;0.0
org.apache.commons.math3.linear$ArrayRealVector#combineToSelf(double,double,org.apache.commons.math3.linear.RealVector):851;0.0
org.apache.commons.math3.linear$ArrayRealVector#walkInDefaultOrder(org.apache.commons.math3.linear.RealVectorPreservingVisitor):869;0.0
org.apache.commons.math3.linear$ArrayRealVector#walkInDefaultOrder(org.apache.commons.math3.linear.RealVectorPreservingVisitor,int,int):881;0.0
org.apache.commons.math3.linear$ArrayRealVector#walkInOptimizedOrder(org.apache.commons.math3.linear.RealVectorPreservingVisitor):896;0.0
org.apache.commons.math3.linear$ArrayRealVector#walkInOptimizedOrder(org.apache.commons.math3.linear.RealVectorPreservingVisitor,int,int):908;0.0
org.apache.commons.math3.linear$ArrayRealVector#walkInDefaultOrder(org.apache.commons.math3.linear.RealVectorChangingVisitor):914;0.0
org.apache.commons.math3.linear$ArrayRealVector#walkInDefaultOrder(org.apache.commons.math3.linear.RealVectorChangingVisitor,int,int):926;0.0
org.apache.commons.math3.linear$ArrayRealVector#walkInOptimizedOrder(org.apache.commons.math3.linear.RealVectorChangingVisitor):941;0.0
org.apache.commons.math3.linear$ArrayRealVector#walkInOptimizedOrder(org.apache.commons.math3.linear.RealVectorChangingVisitor,int,int):953;0.0
org.apache.commons.math3.linear$RealVectorFormat#RealVectorFormat():73;0.0
org.apache.commons.math3.linear$RealVectorFormat#RealVectorFormat(java.text.NumberFormat):82;0.0
org.apache.commons.math3.linear$RealVectorFormat#RealVectorFormat(java.lang.String,java.lang.String,java.lang.String):93;0.0
org.apache.commons.math3.linear$RealVectorFormat#RealVectorFormat(java.lang.String,java.lang.String,java.lang.String,java.text.NumberFormat):106;0.0
org.apache.commons.math3.linear$RealVectorFormat#getAvailableLocales():122;0.0
org.apache.commons.math3.linear$RealVectorFormat#getPrefix():130;0.0
org.apache.commons.math3.linear$RealVectorFormat#getSuffix():138;0.0
org.apache.commons.math3.linear$RealVectorFormat#getSeparator():146;0.0
org.apache.commons.math3.linear$RealVectorFormat#getFormat():154;0.0
org.apache.commons.math3.linear$RealVectorFormat#getInstance():162;0.0
org.apache.commons.math3.linear$RealVectorFormat#getInstance(java.util.Locale):171;0.0
org.apache.commons.math3.linear$RealVectorFormat#format(org.apache.commons.math3.linear.RealVector):181;0.0
org.apache.commons.math3.linear$RealVectorFormat#format(org.apache.commons.math3.linear.RealVector,java.lang.StringBuffer,java.text.FieldPosition):195;0.0
org.apache.commons.math3.linear$RealVectorFormat#parse(java.lang.String):224;0.0
org.apache.commons.math3.linear$RealVectorFormat#parse(java.lang.String,java.text.ParsePosition):242;0.0
org.apache.commons.math3.linear$Array2DRowRealMatrix#Array2DRowRealMatrix():48;0.0
org.apache.commons.math3.linear$Array2DRowRealMatrix#Array2DRowRealMatrix(int,int):61;0.0
org.apache.commons.math3.linear$Array2DRowRealMatrix#Array2DRowRealMatrix(double[][]):79;0.0
org.apache.commons.math3.linear$Array2DRowRealMatrix#Array2DRowRealMatrix(double[][],boolean):101;0.0
org.apache.commons.math3.linear$Array2DRowRealMatrix#Array2DRowRealMatrix(double[]):132;0.0
org.apache.commons.math3.linear$Array2DRowRealMatrix#createMatrix(int,int):145;0.0
org.apache.commons.math3.linear$Array2DRowRealMatrix#copy():151;0.0
org.apache.commons.math3.linear$Array2DRowRealMatrix#add(org.apache.commons.math3.linear.Array2DRowRealMatrix):165;0.0
org.apache.commons.math3.linear$Array2DRowRealMatrix#subtract(org.apache.commons.math3.linear.Array2DRowRealMatrix):192;0.0
org.apache.commons.math3.linear$Array2DRowRealMatrix#multiply(org.apache.commons.math3.linear.Array2DRowRealMatrix):219;0.0
org.apache.commons.math3.linear$Array2DRowRealMatrix#getData():254;0.0
org.apache.commons.math3.linear$Array2DRowRealMatrix#getDataRef():263;0.0
org.apache.commons.math3.linear$Array2DRowRealMatrix#setSubMatrix(double[][],int,int):272;0.0
org.apache.commons.math3.linear$Array2DRowRealMatrix#getEntry(int,int):306;0.0
org.apache.commons.math3.linear$Array2DRowRealMatrix#setEntry(int,int,double):314;0.0
org.apache.commons.math3.linear$Array2DRowRealMatrix#addToEntry(int,int,double):323;0.0
org.apache.commons.math3.linear$Array2DRowRealMatrix#multiplyEntry(int,int,double):332;0.0
org.apache.commons.math3.linear$Array2DRowRealMatrix#getRowDimension():339;0.0
org.apache.commons.math3.linear$Array2DRowRealMatrix#getColumnDimension():345;0.0
org.apache.commons.math3.linear$Array2DRowRealMatrix#operate(double[]):352;0.0
org.apache.commons.math3.linear$Array2DRowRealMatrix#preMultiply(double[]):373;0.0
org.apache.commons.math3.linear$Array2DRowRealMatrix#walkInRowOrder(org.apache.commons.math3.linear.RealMatrixChangingVisitor):395;0.0
org.apache.commons.math3.linear$Array2DRowRealMatrix#walkInRowOrder(org.apache.commons.math3.linear.RealMatrixPreservingVisitor):410;0.0
org.apache.commons.math3.linear$Array2DRowRealMatrix#walkInRowOrder(org.apache.commons.math3.linear.RealMatrixChangingVisitor,int,int,int,int):428;0.0
org.apache.commons.math3.linear$Array2DRowRealMatrix#walkInRowOrder(org.apache.commons.math3.linear.RealMatrixPreservingVisitor,int,int,int,int):446;0.0
org.apache.commons.math3.linear$Array2DRowRealMatrix#walkInColumnOrder(org.apache.commons.math3.linear.RealMatrixChangingVisitor):461;0.0
org.apache.commons.math3.linear$Array2DRowRealMatrix#walkInColumnOrder(org.apache.commons.math3.linear.RealMatrixPreservingVisitor):476;0.0
org.apache.commons.math3.linear$Array2DRowRealMatrix#walkInColumnOrder(org.apache.commons.math3.linear.RealMatrixChangingVisitor,int,int,int,int):493;0.0
org.apache.commons.math3.linear$Array2DRowRealMatrix#walkInColumnOrder(org.apache.commons.math3.linear.RealMatrixPreservingVisitor,int,int,int,int):511;0.0
org.apache.commons.math3.linear$Array2DRowRealMatrix#copyOut():528;0.0
org.apache.commons.math3.linear$Array2DRowRealMatrix#copyIn(double[][]):547;0.0
org.apache.commons.math3.exception$MathIllegalNumberException#MathIllegalNumberException(org.apache.commons.math3.exception.util.Localizable,java.lang.Number,java.lang.Object[]):51;0.0
org.apache.commons.math3.exception$MathIllegalNumberException#getArgument():59;0.0
org.apache.commons.math3.exception$NumberIsTooSmallException#NumberIsTooSmallException(java.lang.Number,java.lang.Number,boolean):50;0.0
org.apache.commons.math3.exception$NumberIsTooSmallException#NumberIsTooSmallException(org.apache.commons.math3.exception.util.Localizable,java.lang.Number,java.lang.Number,boolean):68;0.0
org.apache.commons.math3.exception$NumberIsTooSmallException#getBoundIsAllowed():78;0.0
org.apache.commons.math3.exception$NumberIsTooSmallException#getMin():85;0.0
org.apache.commons.math3.exception$OutOfRangeException#OutOfRangeException(java.lang.Number,java.lang.Number,java.lang.Number):46;0.0
org.apache.commons.math3.exception$OutOfRangeException#OutOfRangeException(org.apache.commons.math3.exception.util.Localizable,java.lang.Number,java.lang.Number,java.lang.Number):62;0.0
org.apache.commons.math3.exception$OutOfRangeException#getLo():71;0.0
org.apache.commons.math3.exception$OutOfRangeException#getHi():77;0.0
org.apache.commons.math3.exception$NotStrictlyPositiveException#NotStrictlyPositiveException(java.lang.Number):38;0.0
org.apache.commons.math3.exception$NotStrictlyPositiveException#NotStrictlyPositiveException(org.apache.commons.math3.exception.util.Localizable,java.lang.Number):48;0.0
org.apache.commons.math3.util$MathArrays#MathArrays():55;0.0
org.apache.commons.math3.util$MathArrays#scale(double,double[]):89;0.0
org.apache.commons.math3.util$MathArrays#scaleInPlace(double,double[]):106;0.0
org.apache.commons.math3.util$MathArrays#ebeAdd(double[],double[]):123;0.0
org.apache.commons.math3.util$MathArrays#ebeSubtract(double[],double[]):145;0.0
org.apache.commons.math3.util$MathArrays#ebeMultiply(double[],double[]):167;0.0
org.apache.commons.math3.util$MathArrays#ebeDivide(double[],double[]):189;0.0
org.apache.commons.math3.util$MathArrays#distance1(double[],double[]):208;0.0
org.apache.commons.math3.util$MathArrays#distance1(int[],int[]):223;0.0
org.apache.commons.math3.util$MathArrays#distance(double[],double[]):238;0.0
org.apache.commons.math3.util$MathArrays#distance(int[],int[]):254;0.0
org.apache.commons.math3.util$MathArrays#distanceInf(double[],double[]):270;0.0
org.apache.commons.math3.util$MathArrays#distanceInf(int[],int[]):285;0.0
org.apache.commons.math3.util$MathArrays#isMonotonic(java.lang.Comparable[],org.apache.commons.math3.util.MathArrays$OrderDirection,boolean):314;0.0
org.apache.commons.math3.util$MathArrays#isMonotonic(double[],org.apache.commons.math3.util.MathArrays$OrderDirection,boolean):362;0.0
org.apache.commons.math3.util$MathArrays#checkOrder(double[],org.apache.commons.math3.util.MathArrays$OrderDirection,boolean,boolean):379;0.0
org.apache.commons.math3.util$MathArrays#checkOrder(double[],org.apache.commons.math3.util.MathArrays$OrderDirection,boolean):440;0.0
org.apache.commons.math3.util$MathArrays#checkOrder(double[]):451;0.0
org.apache.commons.math3.util$MathArrays#checkRectangular(long[][]):464;0.0
org.apache.commons.math3.util$MathArrays#checkPositive(double[]):484;0.0
org.apache.commons.math3.util$MathArrays#checkNonNegative(long[]):500;0.0
org.apache.commons.math3.util$MathArrays#checkNonNegative(long[][]):516;0.0
org.apache.commons.math3.util$MathArrays#safeNorm(double[]):586;0.0
org.apache.commons.math3.util$MathArrays#sortInPlace(double[],double[][]):658;0.0
org.apache.commons.math3.util$MathArrays#sortInPlace(double[],org.apache.commons.math3.util.MathArrays$OrderDirection,double[][]):685;0.0
org.apache.commons.math3.util$MathArrays#copyOf(int[]):757;0.0
org.apache.commons.math3.util$MathArrays#copyOf(double[]):767;0.0
org.apache.commons.math3.util$MathArrays#copyOf(int[],int):780;0.0
org.apache.commons.math3.util$MathArrays#copyOf(double[],int):795;0.0
org.apache.commons.math3.util$MathArrays#linearCombination(double[],double[]):819;0.0
org.apache.commons.math3.util$MathArrays#linearCombination(double,double,double,double):916;0.0
org.apache.commons.math3.util$MathArrays#linearCombination(double,double,double,double,double,double):996;0.0
org.apache.commons.math3.util$MathArrays#linearCombination(double,double,double,double,double,double,double,double):1098;0.0
org.apache.commons.math3.util$MathArrays#equals(float[],float[]):1184;0.0
org.apache.commons.math3.util$MathArrays#equalsIncludingNaN(float[],float[]):1210;0.0
org.apache.commons.math3.util$MathArrays#equals(double[],double[]):1235;0.0
org.apache.commons.math3.util$MathArrays#equalsIncludingNaN(double[],double[]):1261;0.0
org.apache.commons.math3.util$MathArrays#normalizeArray(double[],double):1299;0.0
org.apache.commons.math3.util$MathArrays#buildArray(org.apache.commons.math3.Field,int):1341;0.0
org.apache.commons.math3.util$MathArrays#buildArray(org.apache.commons.math3.Field,int,int):1361;0.0
org.apache.commons.math3.util$MathArrays#convolve(double[],double[]):1401;0.0
org.apache.commons.math3.util$MathArrays#shuffle(int[],int,org.apache.commons.math3.util.MathArrays$Position):1456;0.0
org.apache.commons.math3.util$MathArrays#shuffle(int[],int,org.apache.commons.math3.util.MathArrays$Position,org.apache.commons.math3.random.RandomGenerator):1477;0.0
org.apache.commons.math3.util$MathArrays#shuffle(int[],org.apache.commons.math3.random.RandomGenerator):1523;0.0
org.apache.commons.math3.util$MathArrays#shuffle(int[]):1534;0.0
org.apache.commons.math3.optim$AbstractOptimizer#AbstractOptimizer():56;0.0
org.apache.commons.math3.optim$AbstractOptimizer#AbstractOptimizer(org.apache.commons.math3.optim.AbstractOptimizer):63;0.0
org.apache.commons.math3.optim$AbstractOptimizer#self():76;0.0
org.apache.commons.math3.optim$AbstractOptimizer#withConvergenceChecker(org.apache.commons.math3.optim.ConvergenceChecker):82;0.0
org.apache.commons.math3.optim$AbstractOptimizer#withMaxEvaluations(int):88;0.0
org.apache.commons.math3.optim$AbstractOptimizer#withMaxIterations(int):94;0.0
org.apache.commons.math3.optim$AbstractOptimizer#getMaxEvaluations():104;0.0
org.apache.commons.math3.optim$AbstractOptimizer#getEvaluations():116;0.0
org.apache.commons.math3.optim$AbstractOptimizer#getMaxIterations():125;0.0
org.apache.commons.math3.optim$AbstractOptimizer#getIterations():137;0.0
org.apache.commons.math3.optim$AbstractOptimizer#getConvergenceChecker():146;0.0
org.apache.commons.math3.optim$AbstractOptimizer#optimize():162;0.0
org.apache.commons.math3.optim$AbstractOptimizer#incrementEvaluationCount():193;0.0
org.apache.commons.math3.optim$AbstractOptimizer#incrementIterationCount():204;0.0
org.apache.commons.math3.fitting.leastsquares$AbstractLeastSquaresOptimizer#AbstractLeastSquaresOptimizer():64;0.0
org.apache.commons.math3.fitting.leastsquares$AbstractLeastSquaresOptimizer#AbstractLeastSquaresOptimizer(org.apache.commons.math3.fitting.leastsquares.AbstractLeastSquaresOptimizer):72;0.0
org.apache.commons.math3.fitting.leastsquares$AbstractLeastSquaresOptimizer#withTarget(double[]):84;0.0
org.apache.commons.math3.fitting.leastsquares$AbstractLeastSquaresOptimizer#withWeight(org.apache.commons.math3.linear.RealMatrix):90;0.0
org.apache.commons.math3.fitting.leastsquares$AbstractLeastSquaresOptimizer#withModelAndJacobian(org.apache.commons.math3.analysis.MultivariateVectorFunction,org.apache.commons.math3.analysis.MultivariateMatrixFunction):98;0.0
org.apache.commons.math3.fitting.leastsquares$AbstractLeastSquaresOptimizer#withStartPoint(double[]):105;0.0
org.apache.commons.math3.fitting.leastsquares$AbstractLeastSquaresOptimizer#getTarget():115;0.0
org.apache.commons.math3.fitting.leastsquares$AbstractLeastSquaresOptimizer#getStart():124;0.0
org.apache.commons.math3.fitting.leastsquares$AbstractLeastSquaresOptimizer#getWeightSquareRoot():133;0.0
org.apache.commons.math3.fitting.leastsquares$AbstractLeastSquaresOptimizer#getModel():142;0.0
org.apache.commons.math3.fitting.leastsquares$AbstractLeastSquaresOptimizer#getJacobian():151;0.0
org.apache.commons.math3.fitting.leastsquares$AbstractLeastSquaresOptimizer#computeCovariances(double[],double):173;0.0
org.apache.commons.math3.fitting.leastsquares$AbstractLeastSquaresOptimizer#computeSigma(double[],double):200;0.0
org.apache.commons.math3.fitting.leastsquares$AbstractLeastSquaresOptimizer#getWeight():215;0.0
org.apache.commons.math3.fitting.leastsquares$AbstractLeastSquaresOptimizer#computeRMS(double[]):227;0.0
org.apache.commons.math3.fitting.leastsquares$AbstractLeastSquaresOptimizer#computeObjectiveValue(double[]):243;0.0
org.apache.commons.math3.fitting.leastsquares$AbstractLeastSquaresOptimizer#computeWeightedJacobian(double[]):256;0.0
org.apache.commons.math3.fitting.leastsquares$AbstractLeastSquaresOptimizer#computeJacobian(double[]):266;0.0
org.apache.commons.math3.fitting.leastsquares$AbstractLeastSquaresOptimizer#computeCost(double[]):277;0.0
org.apache.commons.math3.fitting.leastsquares$AbstractLeastSquaresOptimizer#computeResiduals(double[]):297;0.0
org.apache.commons.math3.fitting.leastsquares$AbstractLeastSquaresOptimizer#squareRoot(org.apache.commons.math3.linear.RealMatrix):317;0.0
org.apache.commons.math3.fitting.leastsquares$LevenbergMarquardtOptimizer#LevenbergMarquardtOptimizer():132;0.0
org.apache.commons.math3.fitting.leastsquares$LevenbergMarquardtOptimizer#LevenbergMarquardtOptimizer(org.apache.commons.math3.fitting.leastsquares.LevenbergMarquardtOptimizer):140;0.0
org.apache.commons.math3.fitting.leastsquares$LevenbergMarquardtOptimizer#create():169;0.0
org.apache.commons.math3.fitting.leastsquares$LevenbergMarquardtOptimizer#shallowCopy():175;0.0
org.apache.commons.math3.fitting.leastsquares$LevenbergMarquardtOptimizer#withInitialStepBoundFactor(double):189;0.0
org.apache.commons.math3.fitting.leastsquares$LevenbergMarquardtOptimizer#withCostRelativeTolerance(double):200;0.0
org.apache.commons.math3.fitting.leastsquares$LevenbergMarquardtOptimizer#withParameterRelativeTolerance(double):212;0.0
org.apache.commons.math3.fitting.leastsquares$LevenbergMarquardtOptimizer#withOrthoTolerance(double):224;0.0
org.apache.commons.math3.fitting.leastsquares$LevenbergMarquardtOptimizer#withRankingThreshold(double):238;0.0
org.apache.commons.math3.fitting.leastsquares$LevenbergMarquardtOptimizer#getInitialStepBoundFactor():249;0.0
org.apache.commons.math3.fitting.leastsquares$LevenbergMarquardtOptimizer#getCostRelativeTolerance():259;0.0
org.apache.commons.math3.fitting.leastsquares$LevenbergMarquardtOptimizer#getParameterRelativeTolerance():269;0.0
org.apache.commons.math3.fitting.leastsquares$LevenbergMarquardtOptimizer#getOrthoTolerance():279;0.0
org.apache.commons.math3.fitting.leastsquares$LevenbergMarquardtOptimizer#getRankingThreshold():289;0.0
org.apache.commons.math3.fitting.leastsquares$LevenbergMarquardtOptimizer#doOptimize():295;0.0
org.apache.commons.math3.fitting.leastsquares$LevenbergMarquardtOptimizer#determineLMParameter(double[],double,double[],org.apache.commons.math3.fitting.leastsquares.LevenbergMarquardtOptimizer$InternalData,int,double[],double[],double[]):613;0.0
org.apache.commons.math3.fitting.leastsquares$LevenbergMarquardtOptimizer#determineLMDirection(double[],double[],double[],org.apache.commons.math3.fitting.leastsquares.LevenbergMarquardtOptimizer$InternalData,int,double[]):795;0.0
org.apache.commons.math3.fitting.leastsquares$LevenbergMarquardtOptimizer#qrDecomposition(org.apache.commons.math3.linear.RealMatrix,int):927;0.0
org.apache.commons.math3.fitting.leastsquares$LevenbergMarquardtOptimizer#qTy(double[],org.apache.commons.math3.fitting.leastsquares.LevenbergMarquardtOptimizer$InternalData):1010;0.0
org.apache.commons.math3.optim$AbstractOptimizer$MaxEvalCallback#AbstractOptimizer$MaxEvalCallback():211;0.0
org.apache.commons.math3.optim$AbstractOptimizer$MaxEvalCallback#trigger(int):218;0.0
org.apache.commons.math3.optim$AbstractOptimizer$MaxIterCallback#AbstractOptimizer$MaxIterCallback():226;0.0
org.apache.commons.math3.optim$AbstractOptimizer$MaxIterCallback#trigger(int):233;0.0
org.apache.commons.math3.linear$DefaultRealMatrixPreservingVisitor#DefaultRealMatrixPreservingVisitor():30;0.0
org.apache.commons.math3.linear$DefaultRealMatrixPreservingVisitor#start(int,int,int,int,int,int):34;0.0
org.apache.commons.math3.linear$DefaultRealMatrixPreservingVisitor#visit(int,int,double):37;0.0
org.apache.commons.math3.linear$DefaultRealMatrixPreservingVisitor#end():41;0.0
org.apache.commons.math3.linear$AbstractRealMatrix$5#visit(int,int,double):618;0.0
org.apache.commons.math3.linear$QRDecomposition#QRDecomposition(org.apache.commons.math3.linear.RealMatrix):81;0.0
org.apache.commons.math3.linear$QRDecomposition#QRDecomposition(org.apache.commons.math3.linear.RealMatrix,double):91;0.0
org.apache.commons.math3.linear$QRDecomposition#decompose(double[][]):112;0.0
org.apache.commons.math3.linear$QRDecomposition#performHouseholderReflection(int,double[][]):124;0.0
org.apache.commons.math3.linear$QRDecomposition#getR():189;0.0
org.apache.commons.math3.linear$QRDecomposition#getQ():215;0.0
org.apache.commons.math3.linear$QRDecomposition#getQT():227;0.0
org.apache.commons.math3.linear$QRDecomposition#getH():275;0.0
org.apache.commons.math3.linear$QRDecomposition#getSolver():297;0.0
org.apache.commons.math3.linear$QRDecomposition$Solver#QRDecomposition$Solver(double[][],double[],double):323;0.0
org.apache.commons.math3.linear$QRDecomposition$Solver#isNonSingular():331;0.0
org.apache.commons.math3.linear$QRDecomposition$Solver#solve(org.apache.commons.math3.linear.RealVector):341;0.0
org.apache.commons.math3.linear$QRDecomposition$Solver#solve(org.apache.commons.math3.linear.RealMatrix):384;0.0
org.apache.commons.math3.linear$QRDecomposition$Solver#getInverse():463;0.0
org.apache.commons.math3.linear$BlockRealMatrix#BlockRealMatrix(int,int):98;0.0
org.apache.commons.math3.linear$BlockRealMatrix#BlockRealMatrix(double[][]):127;0.0
org.apache.commons.math3.linear$BlockRealMatrix#BlockRealMatrix(int,int,double[][],boolean):149;0.0
org.apache.commons.math3.linear$BlockRealMatrix#toBlocksLayout(double[][]):203;0.0
org.apache.commons.math3.linear$BlockRealMatrix#createBlocksLayout(int,int):258;0.0
org.apache.commons.math3.linear$BlockRealMatrix#createMatrix(int,int):284;0.0
org.apache.commons.math3.linear$BlockRealMatrix#copy():291;0.0
org.apache.commons.math3.linear$BlockRealMatrix#add(org.apache.commons.math3.linear.RealMatrix):306;0.0
org.apache.commons.math3.linear$BlockRealMatrix#add(org.apache.commons.math3.linear.BlockRealMatrix):352;0.0
org.apache.commons.math3.linear$BlockRealMatrix#subtract(org.apache.commons.math3.linear.RealMatrix):374;0.0
org.apache.commons.math3.linear$BlockRealMatrix#subtract(org.apache.commons.math3.linear.BlockRealMatrix):420;0.0
org.apache.commons.math3.linear$BlockRealMatrix#scalarAdd(double):441;0.0
org.apache.commons.math3.linear$BlockRealMatrix#scalarMultiply(double):458;0.0
org.apache.commons.math3.linear$BlockRealMatrix#multiply(org.apache.commons.math3.linear.RealMatrix):477;0.0
org.apache.commons.math3.linear$BlockRealMatrix#multiply(org.apache.commons.math3.linear.BlockRealMatrix):537;0.0
org.apache.commons.math3.linear$BlockRealMatrix#getData():598;0.0
org.apache.commons.math3.linear$BlockRealMatrix#getNorm():626;0.0
org.apache.commons.math3.linear$BlockRealMatrix#getFrobeniusNorm():652;0.0
org.apache.commons.math3.linear$BlockRealMatrix#getSubMatrix(int,int,int,int):668;0.0
org.apache.commons.math3.linear$BlockRealMatrix#copyBlockPart(double[],int,int,int,int,int,double[],int,int,int):777;0.0
org.apache.commons.math3.linear$BlockRealMatrix#setSubMatrix(double[][],int,int):794;0.0
org.apache.commons.math3.linear$BlockRealMatrix#getRowMatrix(int):844;0.0
org.apache.commons.math3.linear$BlockRealMatrix#setRowMatrix(int,org.apache.commons.math3.linear.RealMatrix):876;0.0
org.apache.commons.math3.linear$BlockRealMatrix#setRowMatrix(int,org.apache.commons.math3.linear.BlockRealMatrix):895;0.0
org.apache.commons.math3.linear$BlockRealMatrix#getColumnMatrix(int):930;0.0
org.apache.commons.math3.linear$BlockRealMatrix#setColumnMatrix(int,org.apache.commons.math3.linear.RealMatrix):960;0.0
org.apache.commons.math3.linear$BlockRealMatrix#setColumnMatrix(int,org.apache.commons.math3.linear.BlockRealMatrix):979;0.0
org.apache.commons.math3.linear$BlockRealMatrix#getRowVector(int):1012;0.0
org.apache.commons.math3.linear$BlockRealMatrix#setRowVector(int,org.apache.commons.math3.linear.RealVector):1034;0.0
org.apache.commons.math3.linear$BlockRealMatrix#getColumnVector(int):1044;0.0
org.apache.commons.math3.linear$BlockRealMatrix#setColumnVector(int,org.apache.commons.math3.linear.RealVector):1068;0.0
org.apache.commons.math3.linear$BlockRealMatrix#getRow(int):1077;0.0
org.apache.commons.math3.linear$BlockRealMatrix#setRow(int,double[]):1098;0.0
org.apache.commons.math3.linear$BlockRealMatrix#getColumn(int):1119;0.0
org.apache.commons.math3.linear$BlockRealMatrix#setColumn(int,double[]):1142;0.0
org.apache.commons.math3.linear$BlockRealMatrix#getEntry(int,int):1166;0.0
org.apache.commons.math3.linear$BlockRealMatrix#setEntry(int,int,double):1178;0.0
org.apache.commons.math3.linear$BlockRealMatrix#addToEntry(int,int,double):1191;0.0
org.apache.commons.math3.linear$BlockRealMatrix#multiplyEntry(int,int,double):1204;0.0
org.apache.commons.math3.linear$BlockRealMatrix#transpose():1215;0.0
org.apache.commons.math3.linear$BlockRealMatrix#getRowDimension():1251;0.0
org.apache.commons.math3.linear$BlockRealMatrix#getColumnDimension():1257;0.0
org.apache.commons.math3.linear$BlockRealMatrix#operate(double[]):1264;0.0
org.apache.commons.math3.linear$BlockRealMatrix#preMultiply(double[]):1304;0.0
org.apache.commons.math3.linear$BlockRealMatrix#walkInRowOrder(org.apache.commons.math3.linear.RealMatrixChangingVisitor):1348;0.0
org.apache.commons.math3.linear$BlockRealMatrix#walkInRowOrder(org.apache.commons.math3.linear.RealMatrixPreservingVisitor):1372;0.0
org.apache.commons.math3.linear$BlockRealMatrix#walkInRowOrder(org.apache.commons.math3.linear.RealMatrixChangingVisitor,int,int,int,int):1399;0.0
org.apache.commons.math3.linear$BlockRealMatrix#walkInRowOrder(org.apache.commons.math3.linear.RealMatrixPreservingVisitor,int,int,int,int):1429;0.0
org.apache.commons.math3.linear$BlockRealMatrix#walkInOptimizedOrder(org.apache.commons.math3.linear.RealMatrixChangingVisitor):1456;0.0
org.apache.commons.math3.linear$BlockRealMatrix#walkInOptimizedOrder(org.apache.commons.math3.linear.RealMatrixPreservingVisitor):1481;0.0
org.apache.commons.math3.linear$BlockRealMatrix#walkInOptimizedOrder(org.apache.commons.math3.linear.RealMatrixChangingVisitor,int,int,int,int):1510;0.0
org.apache.commons.math3.linear$BlockRealMatrix#walkInOptimizedOrder(org.apache.commons.math3.linear.RealMatrixPreservingVisitor,int,int,int,int):1541;0.0
org.apache.commons.math3.linear$BlockRealMatrix#blockHeight(int):1571;0.0
org.apache.commons.math3.linear$BlockRealMatrix#blockWidth(int):1580;0.0
org.apache.commons.math3.linear$AbstractRealMatrix$4#start(int,int,int,int,int,int):376;0.0
org.apache.commons.math3.linear$AbstractRealMatrix$4#visit(int,int,double):383;0.0
org.apache.commons.math3.fitting.leastsquares$GaussNewtonOptimizer#GaussNewtonOptimizer():54;0.0
org.apache.commons.math3.fitting.leastsquares$GaussNewtonOptimizer#GaussNewtonOptimizer(org.apache.commons.math3.fitting.leastsquares.GaussNewtonOptimizer):62;0.0
org.apache.commons.math3.fitting.leastsquares$GaussNewtonOptimizer#create():78;0.0
org.apache.commons.math3.fitting.leastsquares$GaussNewtonOptimizer#shallowCopy():84;0.0
org.apache.commons.math3.fitting.leastsquares$GaussNewtonOptimizer#withLU(boolean):92;0.0
org.apache.commons.math3.fitting.leastsquares$GaussNewtonOptimizer#getLU():100;0.0
org.apache.commons.math3.fitting.leastsquares$GaussNewtonOptimizer#doOptimize():106;0.0
org.apache.commons.math3.optim$AbstractConvergenceChecker#AbstractConvergenceChecker(double,double):45;0.0
org.apache.commons.math3.optim$AbstractConvergenceChecker#getRelativeThreshold():54;0.0
org.apache.commons.math3.optim$AbstractConvergenceChecker#getAbsoluteThreshold():61;0.0
org.apache.commons.math3.optim$SimpleVectorValueChecker#SimpleVectorValueChecker(double,double):67;0.0
org.apache.commons.math3.optim$SimpleVectorValueChecker#SimpleVectorValueChecker(double,double,int):89;0.0
org.apache.commons.math3.optim$SimpleVectorValueChecker#converged(int,org.apache.commons.math3.optim.PointVectorValuePair,org.apache.commons.math3.optim.PointVectorValuePair):117;0.0
org.apache.commons.math3.linear$LUDecomposition#LUDecomposition(org.apache.commons.math3.linear.RealMatrix):76;0.0
org.apache.commons.math3.linear$LUDecomposition#LUDecomposition(org.apache.commons.math3.linear.RealMatrix,double):86;0.0
org.apache.commons.math3.linear$LUDecomposition#getL():173;0.0
org.apache.commons.math3.linear$LUDecomposition#getU():193;0.0
org.apache.commons.math3.linear$LUDecomposition#getP():216;0.0
org.apache.commons.math3.linear$LUDecomposition#getPivot():232;0.0
org.apache.commons.math3.linear$LUDecomposition#getDeterminant():240;0.0
org.apache.commons.math3.linear$LUDecomposition#getSolver():258;0.0
org.apache.commons.math3.linear$LUDecomposition$Solver#LUDecomposition$Solver(double[][],int[],boolean):279;0.0
org.apache.commons.math3.linear$LUDecomposition$Solver#isNonSingular():287;0.0
org.apache.commons.math3.linear$LUDecomposition$Solver#solve(org.apache.commons.math3.linear.RealVector):292;0.0
org.apache.commons.math3.linear$LUDecomposition$Solver#solve(org.apache.commons.math3.linear.RealMatrix):330;0.0
org.apache.commons.math3.linear$LUDecomposition$Solver#getInverse():383;0.0
org.apache.commons.math3.linear$SingularMatrixException#SingularMatrixException():36;0.0
org.apache.commons.math3.exception$MathIllegalStateException#MathIllegalStateException(org.apache.commons.math3.exception.util.Localizable,java.lang.Object[]):45;0.0
org.apache.commons.math3.exception$MathIllegalStateException#MathIllegalStateException(java.lang.Throwable,org.apache.commons.math3.exception.util.Localizable,java.lang.Object[]):60;0.0
org.apache.commons.math3.exception$MathIllegalStateException#MathIllegalStateException():69;0.0
org.apache.commons.math3.exception$MathIllegalStateException#getContext():74;0.0
org.apache.commons.math3.exception$MathIllegalStateException#getMessage():80;0.0
org.apache.commons.math3.exception$MathIllegalStateException#getLocalizedMessage():86;0.0
org.apache.commons.math3.exception$ConvergenceException#ConvergenceException():37;0.0
org.apache.commons.math3.exception$ConvergenceException#ConvergenceException(org.apache.commons.math3.exception.util.Localizable,java.lang.Object[]):48;0.0
org.apache.commons.math3.geometry.euclidean.twod$Vector2D#Vector2D(double,double):68;0.0
org.apache.commons.math3.geometry.euclidean.twod$Vector2D#Vector2D(double[]):79;0.0
org.apache.commons.math3.geometry.euclidean.twod$Vector2D#Vector2D(double,org.apache.commons.math3.geometry.euclidean.twod.Vector2D):93;0.0
org.apache.commons.math3.geometry.euclidean.twod$Vector2D#Vector2D(double,org.apache.commons.math3.geometry.euclidean.twod.Vector2D,double,org.apache.commons.math3.geometry.euclidean.twod.Vector2D):106;0.0
org.apache.commons.math3.geometry.euclidean.twod$Vector2D#Vector2D(double,org.apache.commons.math3.geometry.euclidean.twod.Vector2D,double,org.apache.commons.math3.geometry.euclidean.twod.Vector2D,double,org.apache.commons.math3.geometry.euclidean.twod.Vector2D):122;0.0
org.apache.commons.math3.geometry.euclidean.twod$Vector2D#Vector2D(double,org.apache.commons.math3.geometry.euclidean.twod.Vector2D,double,org.apache.commons.math3.geometry.euclidean.twod.Vector2D,double,org.apache.commons.math3.geometry.euclidean.twod.Vector2D,double,org.apache.commons.math3.geometry.euclidean.twod.Vector2D):140;0.0
org.apache.commons.math3.geometry.euclidean.twod$Vector2D#getX():150;0.0
org.apache.commons.math3.geometry.euclidean.twod$Vector2D#getY():158;0.0
org.apache.commons.math3.geometry.euclidean.twod$Vector2D#toArray():166;0.0
org.apache.commons.math3.geometry.euclidean.twod$Vector2D#getSpace():171;0.0
org.apache.commons.math3.geometry.euclidean.twod$Vector2D#getZero():176;0.0
org.apache.commons.math3.geometry.euclidean.twod$Vector2D#getNorm1():181;0.0
org.apache.commons.math3.geometry.euclidean.twod$Vector2D#getNorm():186;0.0
org.apache.commons.math3.geometry.euclidean.twod$Vector2D#getNormSq():191;0.0
org.apache.commons.math3.geometry.euclidean.twod$Vector2D#getNormInf():196;0.0
org.apache.commons.math3.geometry.euclidean.twod$Vector2D#add(org.apache.commons.math3.geometry.Vector):201;0.0
org.apache.commons.math3.geometry.euclidean.twod$Vector2D#add(double,org.apache.commons.math3.geometry.Vector):207;0.0
org.apache.commons.math3.geometry.euclidean.twod$Vector2D#subtract(org.apache.commons.math3.geometry.Vector):213;0.0
org.apache.commons.math3.geometry.euclidean.twod$Vector2D#subtract(double,org.apache.commons.math3.geometry.Vector):219;0.0
org.apache.commons.math3.geometry.euclidean.twod$Vector2D#normalize():225;0.0
org.apache.commons.math3.geometry.euclidean.twod$Vector2D#negate():233;0.0
org.apache.commons.math3.geometry.euclidean.twod$Vector2D#scalarMultiply(double):238;0.0
org.apache.commons.math3.geometry.euclidean.twod$Vector2D#isNaN():243;0.0
org.apache.commons.math3.geometry.euclidean.twod$Vector2D#isInfinite():248;0.0
org.apache.commons.math3.geometry.euclidean.twod$Vector2D#distance1(org.apache.commons.math3.geometry.Vector):253;0.0
org.apache.commons.math3.geometry.euclidean.twod$Vector2D#distance(org.apache.commons.math3.geometry.Vector):261;0.0
org.apache.commons.math3.geometry.euclidean.twod$Vector2D#distanceInf(org.apache.commons.math3.geometry.Vector):269;0.0
org.apache.commons.math3.geometry.euclidean.twod$Vector2D#distanceSq(org.apache.commons.math3.geometry.Vector):277;0.0
org.apache.commons.math3.geometry.euclidean.twod$Vector2D#dotProduct(org.apache.commons.math3.geometry.Vector):285;0.0
org.apache.commons.math3.geometry.euclidean.twod$Vector2D#distance(org.apache.commons.math3.geometry.euclidean.twod.Vector2D,org.apache.commons.math3.geometry.euclidean.twod.Vector2D):298;0.0
org.apache.commons.math3.geometry.euclidean.twod$Vector2D#distanceInf(org.apache.commons.math3.geometry.euclidean.twod.Vector2D,org.apache.commons.math3.geometry.euclidean.twod.Vector2D):310;0.0
org.apache.commons.math3.geometry.euclidean.twod$Vector2D#distanceSq(org.apache.commons.math3.geometry.euclidean.twod.Vector2D,org.apache.commons.math3.geometry.euclidean.twod.Vector2D):322;0.0
org.apache.commons.math3.geometry.euclidean.twod$Vector2D#equals(java.lang.Object):347;0.0
org.apache.commons.math3.geometry.euclidean.twod$Vector2D#hashCode():371;0.0
org.apache.commons.math3.geometry.euclidean.twod$Vector2D#toString():382;0.0
org.apache.commons.math3.geometry.euclidean.twod$Vector2D#toString(java.text.NumberFormat):387;0.0
org.apache.commons.math3.exception$MaxCountExceededException#MaxCountExceededException(java.lang.Number):42;0.0
org.apache.commons.math3.exception$MaxCountExceededException#MaxCountExceededException(org.apache.commons.math3.exception.util.Localizable,java.lang.Number,java.lang.Object[]):53;0.0
org.apache.commons.math3.exception$MaxCountExceededException#getMax():62;0.0
org.apache.commons.math3.exception$TooManyEvaluationsException#TooManyEvaluationsException(java.lang.Number):37;0.0
org.apache.commons.math3.exception$DimensionMismatchException#DimensionMismatchException(org.apache.commons.math3.exception.util.Localizable,int,int):44;0.0
org.apache.commons.math3.exception$DimensionMismatchException#DimensionMismatchException(int,int):56;0.0
org.apache.commons.math3.exception$DimensionMismatchException#getDimension():63;0.0
org.apache.commons.math3.util$FastMath$CodyWaite#FastMath$CodyWaite(double):3825;0.0
org.apache.commons.math3.util$FastMath$CodyWaite#getK():3867;0.0
org.apache.commons.math3.util$FastMath$CodyWaite#getRemA():3873;0.0
org.apache.commons.math3.util$FastMath$CodyWaite#getRemB():3879;0.0
org.apache.commons.math3.random$BitsStreamGenerator#BitsStreamGenerator():40;0.0
org.apache.commons.math3.random$BitsStreamGenerator#nextBoolean():66;0.0
org.apache.commons.math3.random$BitsStreamGenerator#nextBytes(byte[]):71;0.0
org.apache.commons.math3.random$BitsStreamGenerator#nextDouble():90;0.0
org.apache.commons.math3.random$BitsStreamGenerator#nextFloat():97;0.0
org.apache.commons.math3.random$BitsStreamGenerator#nextGaussian():104;0.0
org.apache.commons.math3.random$BitsStreamGenerator#nextInt():124;0.0
org.apache.commons.math3.random$BitsStreamGenerator#nextInt(int):143;0.0
org.apache.commons.math3.random$BitsStreamGenerator#nextLong():160;0.0
org.apache.commons.math3.random$BitsStreamGenerator#nextLong(long):177;0.0
org.apache.commons.math3.random$BitsStreamGenerator#clear():195;0.0
org.apache.commons.math3.random$AbstractWell#AbstractWell(int,int,int,int):72;0.0
org.apache.commons.math3.random$AbstractWell#AbstractWell(int,int,int,int,int):83;0.0
org.apache.commons.math3.random$AbstractWell#AbstractWell(int,int,int,int,int[]):94;0.0
org.apache.commons.math3.random$AbstractWell#AbstractWell(int,int,int,int,long):132;0.0
org.apache.commons.math3.random$AbstractWell#setSeed(int):142;0.0
org.apache.commons.math3.random$AbstractWell#setSeed(int[]):154;0.0
org.apache.commons.math3.random$AbstractWell#setSeed(long):179;0.0
org.apache.commons.math3.random$Well44497b#Well44497b():57;0.0
org.apache.commons.math3.random$Well44497b#Well44497b(int):64;0.0
org.apache.commons.math3.random$Well44497b#Well44497b(int[]):72;0.0
org.apache.commons.math3.random$Well44497b#Well44497b(long):79;0.0
org.apache.commons.math3.random$Well44497b#next(int):88;0.0
org.apache.commons.math3.distribution$AbstractRealDistribution#AbstractRealDistribution():67;0.0
org.apache.commons.math3.distribution$AbstractRealDistribution#AbstractRealDistribution(org.apache.commons.math3.random.RandomGenerator):76;0.0
org.apache.commons.math3.distribution$AbstractRealDistribution#cumulativeProbability(double,double):91;0.0
org.apache.commons.math3.distribution$AbstractRealDistribution#probability(double,double):112;0.0
org.apache.commons.math3.distribution$AbstractRealDistribution#inverseCumulativeProbability(double):157;0.0
org.apache.commons.math3.distribution$AbstractRealDistribution#getSolverAbsoluteAccuracy():241;0.0
org.apache.commons.math3.distribution$AbstractRealDistribution#reseedRandomGenerator(long):246;0.0
org.apache.commons.math3.distribution$AbstractRealDistribution#sample():259;0.0
org.apache.commons.math3.distribution$AbstractRealDistribution#sample(int):269;0.0
org.apache.commons.math3.distribution$AbstractRealDistribution#probability(double):287;0.0
org.apache.commons.math3.distribution$NormalDistribution#NormalDistribution():60;0.0
org.apache.commons.math3.distribution$NormalDistribution#NormalDistribution(double,double):72;0.0
org.apache.commons.math3.distribution$NormalDistribution#NormalDistribution(double,double,double):87;0.0
org.apache.commons.math3.distribution$NormalDistribution#NormalDistribution(org.apache.commons.math3.random.RandomGenerator,double,double,double):105;0.0
org.apache.commons.math3.distribution$NormalDistribution#getMean():122;0.0
org.apache.commons.math3.distribution$NormalDistribution#getStandardDeviation():131;0.0
org.apache.commons.math3.distribution$NormalDistribution#density(double):136;0.0
org.apache.commons.math3.distribution$NormalDistribution#cumulativeProbability(double):149;0.0
org.apache.commons.math3.distribution$NormalDistribution#inverseCumulativeProbability(double):161;0.0
org.apache.commons.math3.distribution$NormalDistribution#cumulativeProbability(double,double):175;0.0
org.apache.commons.math3.distribution$NormalDistribution#probability(double,double):183;0.0
org.apache.commons.math3.distribution$NormalDistribution#getSolverAbsoluteAccuracy():196;0.0
org.apache.commons.math3.distribution$NormalDistribution#getNumericalMean():205;0.0
org.apache.commons.math3.distribution$NormalDistribution#getNumericalVariance():214;0.0
org.apache.commons.math3.distribution$NormalDistribution#getSupportLowerBound():228;0.0
org.apache.commons.math3.distribution$NormalDistribution#getSupportUpperBound():241;0.0
org.apache.commons.math3.distribution$NormalDistribution#isSupportLowerBoundInclusive():246;0.0
org.apache.commons.math3.distribution$NormalDistribution#isSupportUpperBoundInclusive():251;0.0
org.apache.commons.math3.distribution$NormalDistribution#isSupportConnected():262;0.0
org.apache.commons.math3.distribution$NormalDistribution#sample():268;0.0
org.apache.commons.math3.random$RandomDataImpl#RandomDataImpl():114;0.0
org.apache.commons.math3.random$RandomDataImpl#RandomDataImpl(org.apache.commons.math3.random.RandomGenerator):126;0.0
org.apache.commons.math3.random$RandomDataImpl#getDelegate():136;0.0
org.apache.commons.math3.random$RandomDataImpl#nextHexString(int):156;0.0
org.apache.commons.math3.random$RandomDataImpl#nextInt(int,int):161;0.0
org.apache.commons.math3.random$RandomDataImpl#nextLong(long,long):166;0.0
org.apache.commons.math3.random$RandomDataImpl#nextSecureHexString(int):186;0.0
org.apache.commons.math3.random$RandomDataImpl#nextSecureInt(int,int):191;0.0
org.apache.commons.math3.random$RandomDataImpl#nextSecureLong(long,long):196;0.0
org.apache.commons.math3.random$RandomDataImpl#nextPoisson(double):213;0.0
org.apache.commons.math3.random$RandomDataImpl#nextGaussian(double,double):218;0.0
org.apache.commons.math3.random$RandomDataImpl#nextExponential(double):233;0.0
org.apache.commons.math3.random$RandomDataImpl#nextUniform(double,double):248;0.0
org.apache.commons.math3.random$RandomDataImpl#nextUniform(double,double,boolean):265;0.0
org.apache.commons.math3.random$RandomDataImpl#nextBeta(double,double):279;0.0
org.apache.commons.math3.random$RandomDataImpl#nextBinomial(int,double):293;0.0
org.apache.commons.math3.random$RandomDataImpl#nextCauchy(double,double):307;0.0
org.apache.commons.math3.random$RandomDataImpl#nextChiSquare(double):320;0.0
org.apache.commons.math3.random$RandomDataImpl#nextF(double,double):336;0.0
org.apache.commons.math3.random$RandomDataImpl#nextGamma(double,double):363;0.0
org.apache.commons.math3.random$RandomDataImpl#nextHypergeometric(int,int,int):383;0.0
org.apache.commons.math3.random$RandomDataImpl#nextPascal(int,double):401;0.0
org.apache.commons.math3.random$RandomDataImpl#nextT(double):415;0.0
org.apache.commons.math3.random$RandomDataImpl#nextWeibull(double,double):431;0.0
org.apache.commons.math3.random$RandomDataImpl#nextZipf(int,double):447;0.0
org.apache.commons.math3.random$RandomDataImpl#reSeed(long):461;0.0
org.apache.commons.math3.random$RandomDataImpl#reSeedSecure():472;0.0
org.apache.commons.math3.random$RandomDataImpl#reSeedSecure(long):485;0.0
org.apache.commons.math3.random$RandomDataImpl#reSeed():493;0.0
org.apache.commons.math3.random$RandomDataImpl#setSecureAlgorithm(java.lang.String,java.lang.String):518;0.0
org.apache.commons.math3.random$RandomDataImpl#nextPermutation(int,int):532;0.0
org.apache.commons.math3.random$RandomDataImpl#nextSample(java.util.Collection,int):550;0.0
org.apache.commons.math3.random$RandomDataImpl#nextInversionDeviate(org.apache.commons.math3.distribution.RealDistribution):566;0.0
org.apache.commons.math3.random$RandomDataImpl#nextInversionDeviate(org.apache.commons.math3.distribution.IntegerDistribution):583;0.0
org.apache.commons.math3.random$RandomDataGenerator#RandomDataGenerator():132;0.0
org.apache.commons.math3.random$RandomDataGenerator#RandomDataGenerator(org.apache.commons.math3.random.RandomGenerator):142;0.0
org.apache.commons.math3.random$RandomDataGenerator#nextHexString(int):163;0.0
org.apache.commons.math3.random$RandomDataGenerator#nextInt(int,int):199;0.0
org.apache.commons.math3.random$RandomDataGenerator#nextLong(long,long):204;0.0
org.apache.commons.math3.random$RandomDataGenerator#nextLong(org.apache.commons.math3.random.RandomGenerator,long):241;0.0
org.apache.commons.math3.random$RandomDataGenerator#nextSecureHexString(int):277;0.0
org.apache.commons.math3.random$RandomDataGenerator#nextSecureInt(int,int):327;0.0
org.apache.commons.math3.random$RandomDataGenerator#nextSecureLong(long,long):332;0.0
org.apache.commons.math3.random$RandomDataGenerator#nextPoisson(double):371;0.0
org.apache.commons.math3.random$RandomDataGenerator#nextGaussian(double,double):378;0.0
org.apache.commons.math3.random$RandomDataGenerator#nextExponential(double):396;0.0
org.apache.commons.math3.random$RandomDataGenerator#nextGamma(double,double):423;0.0
org.apache.commons.math3.random$RandomDataGenerator#nextHypergeometric(int,int,int):440;0.0
org.apache.commons.math3.random$RandomDataGenerator#nextPascal(int,double):455;0.0
org.apache.commons.math3.random$RandomDataGenerator#nextT(double):466;0.0
org.apache.commons.math3.random$RandomDataGenerator#nextWeibull(double,double):480;0.0
org.apache.commons.math3.random$RandomDataGenerator#nextZipf(int,double):494;0.0
org.apache.commons.math3.random$RandomDataGenerator#nextBeta(double,double):505;0.0
org.apache.commons.math3.random$RandomDataGenerator#nextBinomial(int,double):517;0.0
org.apache.commons.math3.random$RandomDataGenerator#nextCauchy(double,double):528;0.0
org.apache.commons.math3.random$RandomDataGenerator#nextChiSquare(double):539;0.0
org.apache.commons.math3.random$RandomDataGenerator#nextF(double,double):553;0.0
org.apache.commons.math3.random$RandomDataGenerator#nextUniform(double,double):572;0.0
org.apache.commons.math3.random$RandomDataGenerator#nextUniform(double,double,boolean):593;0.0
org.apache.commons.math3.random$RandomDataGenerator#nextPermutation(int,int):632;0.0
org.apache.commons.math3.random$RandomDataGenerator#nextSample(java.util.Collection,int):656;0.0
org.apache.commons.math3.random$RandomDataGenerator#reSeed(long):685;0.0
org.apache.commons.math3.random$RandomDataGenerator#reSeedSecure():696;0.0
org.apache.commons.math3.random$RandomDataGenerator#reSeedSecure(long):708;0.0
org.apache.commons.math3.random$RandomDataGenerator#reSeed():716;0.0
org.apache.commons.math3.random$RandomDataGenerator#setSecureAlgorithm(java.lang.String,java.lang.String):737;0.0
org.apache.commons.math3.random$RandomDataGenerator#getRandomGenerator():752;0.0
org.apache.commons.math3.random$RandomDataGenerator#initRan():763;0.0
org.apache.commons.math3.random$RandomDataGenerator#getSecRan():777;0.0
org.apache.commons.math3.random$RandomDataGenerator#getNatural(int):791;0.0
org.apache.commons.math3.distribution$UniformRealDistribution#UniformRealDistribution():53;0.0
org.apache.commons.math3.distribution$UniformRealDistribution#UniformRealDistribution(double,double):66;0.0
org.apache.commons.math3.distribution$UniformRealDistribution#UniformRealDistribution(double,double,double):82;0.0
org.apache.commons.math3.distribution$UniformRealDistribution#UniformRealDistribution(org.apache.commons.math3.random.RandomGenerator,double,double,double):103;0.0
org.apache.commons.math3.distribution$UniformRealDistribution#UniformRealDistribution(org.apache.commons.math3.random.RandomGenerator,double,double):119;0.0
org.apache.commons.math3.distribution$UniformRealDistribution#density(double):132;0.0
org.apache.commons.math3.distribution$UniformRealDistribution#cumulativeProbability(double):140;0.0
org.apache.commons.math3.distribution$UniformRealDistribution#inverseCumulativeProbability(double):152;0.0
org.apache.commons.math3.distribution$UniformRealDistribution#getNumericalMean():165;0.0
org.apache.commons.math3.distribution$UniformRealDistribution#getNumericalVariance():175;0.0
org.apache.commons.math3.distribution$UniformRealDistribution#getSupportLowerBound():188;0.0
org.apache.commons.math3.distribution$UniformRealDistribution#getSupportUpperBound():200;0.0
org.apache.commons.math3.distribution$UniformRealDistribution#isSupportLowerBoundInclusive():205;0.0
org.apache.commons.math3.distribution$UniformRealDistribution#isSupportUpperBoundInclusive():210;0.0
org.apache.commons.math3.distribution$UniformRealDistribution#isSupportConnected():221;0.0
org.apache.commons.math3.distribution$UniformRealDistribution#sample():227;0.0
org.apache.commons.math3.stat.regression$SimpleRegression#SimpleRegression():101;0.0
org.apache.commons.math3.stat.regression$SimpleRegression#SimpleRegression(boolean):115;0.0
org.apache.commons.math3.stat.regression$SimpleRegression#addData(double,double):133;0.0
org.apache.commons.math3.stat.regression$SimpleRegression#append(org.apache.commons.math3.stat.regression.SimpleRegression):173;0.0
org.apache.commons.math3.stat.regression$SimpleRegression#removeData(double,double):215;0.0
org.apache.commons.math3.stat.regression$SimpleRegression#addData(double[][]):259;0.0
org.apache.commons.math3.stat.regression$SimpleRegression#addObservation(double[],double):278;0.0
org.apache.commons.math3.stat.regression$SimpleRegression#addObservations(double[][],double[]):295;0.0
org.apache.commons.math3.stat.regression$SimpleRegression#removeData(double[][]):331;0.0
org.apache.commons.math3.stat.regression$SimpleRegression#clear():340;0.0
org.apache.commons.math3.stat.regression$SimpleRegression#getN():354;0.0
org.apache.commons.math3.stat.regression$SimpleRegression#predict(double):375;0.0
org.apache.commons.math3.stat.regression$SimpleRegression#getIntercept():402;0.0
org.apache.commons.math3.stat.regression$SimpleRegression#hasIntercept():412;0.0
org.apache.commons.math3.stat.regression$SimpleRegression#getSlope():432;0.0
org.apache.commons.math3.stat.regression$SimpleRegression#getSumSquaredErrors():471;0.0
org.apache.commons.math3.stat.regression$SimpleRegression#getTotalSumSquares():485;0.0
org.apache.commons.math3.stat.regression$SimpleRegression#getXSumSquares():499;0.0
org.apache.commons.math3.stat.regression$SimpleRegression#getSumOfCrossProducts():511;0.0
org.apache.commons.math3.stat.regression$SimpleRegression#getRegressionSumSquares():531;0.0
org.apache.commons.math3.stat.regression$SimpleRegression#getMeanSquareError():545;0.0
org.apache.commons.math3.stat.regression$SimpleRegression#getR():566;0.0
org.apache.commons.math3.stat.regression$SimpleRegression#getRSquare():589;0.0
org.apache.commons.math3.stat.regression$SimpleRegression#getInterceptStdErr():606;0.0
org.apache.commons.math3.stat.regression$SimpleRegression#getSlopeStdErr():625;0.0
org.apache.commons.math3.stat.regression$SimpleRegression#getSlopeConfidenceInterval():651;0.0
org.apache.commons.math3.stat.regression$SimpleRegression#getSlopeConfidenceInterval(double):687;0.0
org.apache.commons.math3.stat.regression$SimpleRegression#getSignificance():723;0.0
org.apache.commons.math3.stat.regression$SimpleRegression#getIntercept(double):743;0.0
org.apache.commons.math3.stat.regression$SimpleRegression#getRegressionSumSquares(double):756;0.0
org.apache.commons.math3.stat.regression$SimpleRegression#regress():772;0.0
org.apache.commons.math3.stat.regression$SimpleRegression#regress(int[]):827;0.0
org.apache.commons.math3.stat.descriptive$SummaryStatistics#SummaryStatistics():123;0.0
org.apache.commons.math3.stat.descriptive$SummaryStatistics#SummaryStatistics(org.apache.commons.math3.stat.descriptive.SummaryStatistics):132;0.0
org.apache.commons.math3.stat.descriptive$SummaryStatistics#getSummary():142;0.0
org.apache.commons.math3.stat.descriptive$SummaryStatistics#addValue(double):151;0.0
org.apache.commons.math3.stat.descriptive$SummaryStatistics#getN():176;0.0
org.apache.commons.math3.stat.descriptive$SummaryStatistics#getSum():184;0.0
org.apache.commons.math3.stat.descriptive$SummaryStatistics#getSumsq():195;0.0
org.apache.commons.math3.stat.descriptive$SummaryStatistics#getMean():206;0.0
org.apache.commons.math3.stat.descriptive$SummaryStatistics#getStandardDeviation():217;0.0
org.apache.commons.math3.stat.descriptive$SummaryStatistics#getVariance():240;0.0
org.apache.commons.math3.stat.descriptive$SummaryStatistics#getPopulationVariance():252;0.0
org.apache.commons.math3.stat.descriptive$SummaryStatistics#getMax():265;0.0
org.apache.commons.math3.stat.descriptive$SummaryStatistics#getMin():276;0.0
org.apache.commons.math3.stat.descriptive$SummaryStatistics#getGeometricMean():287;0.0
org.apache.commons.math3.stat.descriptive$SummaryStatistics#getSumOfLogs():299;0.0
org.apache.commons.math3.stat.descriptive$SummaryStatistics#getSecondMoment():314;0.0
org.apache.commons.math3.stat.descriptive$SummaryStatistics#toString():325;0.0
org.apache.commons.math3.stat.descriptive$SummaryStatistics#clear():346;0.0
org.apache.commons.math3.stat.descriptive$SummaryStatistics#equals(java.lang.Object):371;0.0
org.apache.commons.math3.stat.descriptive$SummaryStatistics#hashCode():394;0.0
org.apache.commons.math3.stat.descriptive$SummaryStatistics#getSumImpl():413;0.0
org.apache.commons.math3.stat.descriptive$SummaryStatistics#setSumImpl(org.apache.commons.math3.stat.descriptive.StorelessUnivariateStatistic):432;0.0
org.apache.commons.math3.stat.descriptive$SummaryStatistics#getSumsqImpl():442;0.0
org.apache.commons.math3.stat.descriptive$SummaryStatistics#setSumsqImpl(org.apache.commons.math3.stat.descriptive.StorelessUnivariateStatistic):461;0.0
org.apache.commons.math3.stat.descriptive$SummaryStatistics#getMinImpl():471;0.0
org.apache.commons.math3.stat.descriptive$SummaryStatistics#setMinImpl(org.apache.commons.math3.stat.descriptive.StorelessUnivariateStatistic):490;0.0
org.apache.commons.math3.stat.descriptive$SummaryStatistics#getMaxImpl():500;0.0
org.apache.commons.math3.stat.descriptive$SummaryStatistics#setMaxImpl(org.apache.commons.math3.stat.descriptive.StorelessUnivariateStatistic):519;0.0
org.apache.commons.math3.stat.descriptive$SummaryStatistics#getSumLogImpl():529;0.0
org.apache.commons.math3.stat.descriptive$SummaryStatistics#setSumLogImpl(org.apache.commons.math3.stat.descriptive.StorelessUnivariateStatistic):548;0.0
org.apache.commons.math3.stat.descriptive$SummaryStatistics#getGeoMeanImpl():559;0.0
org.apache.commons.math3.stat.descriptive$SummaryStatistics#setGeoMeanImpl(org.apache.commons.math3.stat.descriptive.StorelessUnivariateStatistic):578;0.0
org.apache.commons.math3.stat.descriptive$SummaryStatistics#getMeanImpl():588;0.0
org.apache.commons.math3.stat.descriptive$SummaryStatistics#setMeanImpl(org.apache.commons.math3.stat.descriptive.StorelessUnivariateStatistic):607;0.0
org.apache.commons.math3.stat.descriptive$SummaryStatistics#getVarianceImpl():617;0.0
org.apache.commons.math3.stat.descriptive$SummaryStatistics#setVarianceImpl(org.apache.commons.math3.stat.descriptive.StorelessUnivariateStatistic):636;0.0
org.apache.commons.math3.stat.descriptive$SummaryStatistics#checkEmpty():645;0.0
org.apache.commons.math3.stat.descriptive$SummaryStatistics#copy():657;0.0
org.apache.commons.math3.stat.descriptive$SummaryStatistics#copy(org.apache.commons.math3.stat.descriptive.SummaryStatistics,org.apache.commons.math3.stat.descriptive.SummaryStatistics):673;0.0
org.apache.commons.math3.stat.descriptive$AbstractUnivariateStatistic#AbstractUnivariateStatistic():39;0.0
org.apache.commons.math3.stat.descriptive$AbstractUnivariateStatistic#setData(double[]):54;0.0
org.apache.commons.math3.stat.descriptive$AbstractUnivariateStatistic#getData():62;0.0
org.apache.commons.math3.stat.descriptive$AbstractUnivariateStatistic#getDataRef():70;0.0
org.apache.commons.math3.stat.descriptive$AbstractUnivariateStatistic#setData(double[],int,int):85;0.0
org.apache.commons.math3.stat.descriptive$AbstractUnivariateStatistic#evaluate():114;0.0
org.apache.commons.math3.stat.descriptive$AbstractUnivariateStatistic#evaluate(double[]):121;0.0
org.apache.commons.math3.stat.descriptive$AbstractUnivariateStatistic#test(double[],int,int):159;0.0
org.apache.commons.math3.stat.descriptive$AbstractUnivariateStatistic#test(double[],int,int,boolean):186;0.0
org.apache.commons.math3.stat.descriptive$AbstractUnivariateStatistic#test(double[],double[],int,int):245;0.0
org.apache.commons.math3.stat.descriptive$AbstractUnivariateStatistic#test(double[],double[],int,int,boolean):284;0.0
org.apache.commons.math3.stat.descriptive$AbstractStorelessUnivariateStatistic#AbstractStorelessUnivariateStatistic():36;0.0
org.apache.commons.math3.stat.descriptive$AbstractStorelessUnivariateStatistic#evaluate(double[]):61;0.0
org.apache.commons.math3.stat.descriptive$AbstractStorelessUnivariateStatistic#evaluate(double[],int,int):92;0.0
org.apache.commons.math3.stat.descriptive$AbstractStorelessUnivariateStatistic#incrementAll(double[]):131;0.0
org.apache.commons.math3.stat.descriptive$AbstractStorelessUnivariateStatistic#incrementAll(double[],int,int):150;0.0
org.apache.commons.math3.stat.descriptive$AbstractStorelessUnivariateStatistic#equals(java.lang.Object):167;0.0
org.apache.commons.math3.stat.descriptive$AbstractStorelessUnivariateStatistic#hashCode():185;0.0
org.apache.commons.math3.stat.descriptive.moment$FirstMoment#FirstMoment():79;0.0
org.apache.commons.math3.stat.descriptive.moment$FirstMoment#FirstMoment(org.apache.commons.math3.stat.descriptive.moment.FirstMoment):94;0.0
org.apache.commons.math3.stat.descriptive.moment$FirstMoment#increment(double):103;0.0
org.apache.commons.math3.stat.descriptive.moment$FirstMoment#clear():118;0.0
org.apache.commons.math3.stat.descriptive.moment$FirstMoment#getResult():129;0.0
org.apache.commons.math3.stat.descriptive.moment$FirstMoment#getN():136;0.0
org.apache.commons.math3.stat.descriptive.moment$FirstMoment#copy():144;0.0
org.apache.commons.math3.stat.descriptive.moment$FirstMoment#copy(org.apache.commons.math3.stat.descriptive.moment.FirstMoment,org.apache.commons.math3.stat.descriptive.moment.FirstMoment):160;0.0
org.apache.commons.math3.stat.descriptive.moment$SecondMoment#SecondMoment():60;0.0
org.apache.commons.math3.stat.descriptive.moment$SecondMoment#SecondMoment(org.apache.commons.math3.stat.descriptive.moment.SecondMoment):73;0.0
org.apache.commons.math3.stat.descriptive.moment$SecondMoment#increment(double):82;0.0
org.apache.commons.math3.stat.descriptive.moment$SecondMoment#clear():94;0.0
org.apache.commons.math3.stat.descriptive.moment$SecondMoment#getResult():103;0.0
org.apache.commons.math3.stat.descriptive.moment$SecondMoment#copy():111;0.0
org.apache.commons.math3.stat.descriptive.moment$SecondMoment#copy(org.apache.commons.math3.stat.descriptive.moment.SecondMoment,org.apache.commons.math3.stat.descriptive.moment.SecondMoment):127;0.0
org.apache.commons.math3.stat.descriptive.summary$Sum#Sum():57;0.0
org.apache.commons.math3.stat.descriptive.summary$Sum#Sum(org.apache.commons.math3.stat.descriptive.summary.Sum):69;0.0
org.apache.commons.math3.stat.descriptive.summary$Sum#increment(double):78;0.0
org.apache.commons.math3.stat.descriptive.summary$Sum#getResult():87;0.0
org.apache.commons.math3.stat.descriptive.summary$Sum#getN():94;0.0
org.apache.commons.math3.stat.descriptive.summary$Sum#clear():102;0.0
org.apache.commons.math3.stat.descriptive.summary$Sum#evaluate(double[],int,int):123;0.0
org.apache.commons.math3.stat.descriptive.summary$Sum#evaluate(double[],double[],int,int):162;0.0
org.apache.commons.math3.stat.descriptive.summary$Sum#evaluate(double[],double[]):196;0.0
org.apache.commons.math3.stat.descriptive.summary$Sum#copy():204;0.0
org.apache.commons.math3.stat.descriptive.summary$Sum#copy(org.apache.commons.math3.stat.descriptive.summary.Sum,org.apache.commons.math3.stat.descriptive.summary.Sum):220;0.0
org.apache.commons.math3.stat.descriptive.summary$SumOfSquares#SumOfSquares():56;0.0
org.apache.commons.math3.stat.descriptive.summary$SumOfSquares#SumOfSquares(org.apache.commons.math3.stat.descriptive.summary.SumOfSquares):68;0.0
org.apache.commons.math3.stat.descriptive.summary$SumOfSquares#increment(double):77;0.0
org.apache.commons.math3.stat.descriptive.summary$SumOfSquares#getResult():86;0.0
org.apache.commons.math3.stat.descriptive.summary$SumOfSquares#getN():93;0.0
org.apache.commons.math3.stat.descriptive.summary$SumOfSquares#clear():101;0.0
org.apache.commons.math3.stat.descriptive.summary$SumOfSquares#evaluate(double[],int,int):122;0.0
org.apache.commons.math3.stat.descriptive.summary$SumOfSquares#copy():137;0.0
org.apache.commons.math3.stat.descriptive.summary$SumOfSquares#copy(org.apache.commons.math3.stat.descriptive.summary.SumOfSquares,org.apache.commons.math3.stat.descriptive.summary.SumOfSquares):153;0.0
org.apache.commons.math3.stat.descriptive.rank$Min#Min():57;0.0
org.apache.commons.math3.stat.descriptive.rank$Min#Min(org.apache.commons.math3.stat.descriptive.rank.Min):69;0.0
org.apache.commons.math3.stat.descriptive.rank$Min#increment(double):78;0.0
org.apache.commons.math3.stat.descriptive.rank$Min#clear():89;0.0
org.apache.commons.math3.stat.descriptive.rank$Min#getResult():98;0.0
org.apache.commons.math3.stat.descriptive.rank$Min#getN():105;0.0
org.apache.commons.math3.stat.descriptive.rank$Min#evaluate(double[],int,int):133;0.0
org.apache.commons.math3.stat.descriptive.rank$Min#copy():150;0.0
org.apache.commons.math3.stat.descriptive.rank$Min#copy(org.apache.commons.math3.stat.descriptive.rank.Min,org.apache.commons.math3.stat.descriptive.rank.Min):166;0.0
org.apache.commons.math3.stat.descriptive.rank$Max#Max():57;0.0
org.apache.commons.math3.stat.descriptive.rank$Max#Max(org.apache.commons.math3.stat.descriptive.rank.Max):69;0.0
org.apache.commons.math3.stat.descriptive.rank$Max#increment(double):78;0.0
org.apache.commons.math3.stat.descriptive.rank$Max#clear():89;0.0
org.apache.commons.math3.stat.descriptive.rank$Max#getResult():98;0.0
org.apache.commons.math3.stat.descriptive.rank$Max#getN():105;0.0
org.apache.commons.math3.stat.descriptive.rank$Max#evaluate(double[],int,int):133;0.0
org.apache.commons.math3.stat.descriptive.rank$Max#copy():150;0.0
org.apache.commons.math3.stat.descriptive.rank$Max#copy(org.apache.commons.math3.stat.descriptive.rank.Max,org.apache.commons.math3.stat.descriptive.rank.Max):166;0.0
org.apache.commons.math3.stat.descriptive.summary$SumOfLogs#SumOfLogs():65;0.0
org.apache.commons.math3.stat.descriptive.summary$SumOfLogs#SumOfLogs(org.apache.commons.math3.stat.descriptive.summary.SumOfLogs):77;0.0
org.apache.commons.math3.stat.descriptive.summary$SumOfLogs#increment(double):86;0.0
org.apache.commons.math3.stat.descriptive.summary$SumOfLogs#getResult():95;0.0
org.apache.commons.math3.stat.descriptive.summary$SumOfLogs#getN():102;0.0
org.apache.commons.math3.stat.descriptive.summary$SumOfLogs#clear():110;0.0
org.apache.commons.math3.stat.descriptive.summary$SumOfLogs#evaluate(double[],int,int):134;0.0
org.apache.commons.math3.stat.descriptive.summary$SumOfLogs#copy():149;0.0
org.apache.commons.math3.stat.descriptive.summary$SumOfLogs#copy(org.apache.commons.math3.stat.descriptive.summary.SumOfLogs,org.apache.commons.math3.stat.descriptive.summary.SumOfLogs):165;0.0
org.apache.commons.math3.stat.descriptive.moment$GeometricMean#GeometricMean():66;0.0
org.apache.commons.math3.stat.descriptive.moment$GeometricMean#GeometricMean(org.apache.commons.math3.stat.descriptive.moment.GeometricMean):78;0.0
org.apache.commons.math3.stat.descriptive.moment$GeometricMean#GeometricMean(org.apache.commons.math3.stat.descriptive.summary.SumOfLogs):86;0.0
org.apache.commons.math3.stat.descriptive.moment$GeometricMean#copy():95;0.0
org.apache.commons.math3.stat.descriptive.moment$GeometricMean#increment(double):106;0.0
org.apache.commons.math3.stat.descriptive.moment$GeometricMean#getResult():114;0.0
org.apache.commons.math3.stat.descriptive.moment$GeometricMean#clear():126;0.0
org.apache.commons.math3.stat.descriptive.moment$GeometricMean#evaluate(double[],int,int):149;0.0
org.apache.commons.math3.stat.descriptive.moment$GeometricMean#getN():157;0.0
org.apache.commons.math3.stat.descriptive.moment$GeometricMean#setSumLogImpl(org.apache.commons.math3.stat.descriptive.StorelessUnivariateStatistic):173;0.0
org.apache.commons.math3.stat.descriptive.moment$GeometricMean#getSumLogImpl():183;0.0
org.apache.commons.math3.stat.descriptive.moment$GeometricMean#copy(org.apache.commons.math3.stat.descriptive.moment.GeometricMean,org.apache.commons.math3.stat.descriptive.moment.GeometricMean):196;0.0
org.apache.commons.math3.stat.descriptive.moment$GeometricMean#checkEmpty():208;0.0
org.apache.commons.math3.stat.descriptive.moment$Mean#Mean():80;0.0
org.apache.commons.math3.stat.descriptive.moment$Mean#Mean(org.apache.commons.math3.stat.descriptive.moment.FirstMoment):90;0.0
org.apache.commons.math3.stat.descriptive.moment$Mean#Mean(org.apache.commons.math3.stat.descriptive.moment.Mean):102;0.0
org.apache.commons.math3.stat.descriptive.moment$Mean#increment(double):114;0.0
org.apache.commons.math3.stat.descriptive.moment$Mean#clear():124;0.0
org.apache.commons.math3.stat.descriptive.moment$Mean#getResult():134;0.0
org.apache.commons.math3.stat.descriptive.moment$Mean#getN():141;0.0
org.apache.commons.math3.stat.descriptive.moment$Mean#evaluate(double[],int,int):163;0.0
org.apache.commons.math3.stat.descriptive.moment$Mean#evaluate(double[],double[],int,int):211;0.0
org.apache.commons.math3.stat.descriptive.moment$Mean#evaluate(double[],double[]):254;0.0
org.apache.commons.math3.stat.descriptive.moment$Mean#copy():262;0.0
org.apache.commons.math3.stat.descriptive.moment$Mean#copy(org.apache.commons.math3.stat.descriptive.moment.Mean,org.apache.commons.math3.stat.descriptive.moment.Mean):279;0.0
org.apache.commons.math3.stat.descriptive.moment$Variance#Variance():98;0.0
org.apache.commons.math3.stat.descriptive.moment$Variance#Variance(org.apache.commons.math3.stat.descriptive.moment.SecondMoment):112;0.0
org.apache.commons.math3.stat.descriptive.moment$Variance#Variance(boolean):125;0.0
org.apache.commons.math3.stat.descriptive.moment$Variance#Variance(boolean,org.apache.commons.math3.stat.descriptive.moment.SecondMoment):139;0.0
org.apache.commons.math3.stat.descriptive.moment$Variance#Variance(org.apache.commons.math3.stat.descriptive.moment.Variance):152;0.0
org.apache.commons.math3.stat.descriptive.moment$Variance#increment(double):171;0.0
org.apache.commons.math3.stat.descriptive.moment$Variance#getResult():181;0.0
org.apache.commons.math3.stat.descriptive.moment$Variance#getN():198;0.0
org.apache.commons.math3.stat.descriptive.moment$Variance#clear():206;0.0
org.apache.commons.math3.stat.descriptive.moment$Variance#evaluate(double[]):229;0.0
org.apache.commons.math3.stat.descriptive.moment$Variance#evaluate(double[],int,int):259;0.0
org.apache.commons.math3.stat.descriptive.moment$Variance#evaluate(double[],double[],int,int):319;0.0
org.apache.commons.math3.stat.descriptive.moment$Variance#evaluate(double[],double[]):374;0.0
org.apache.commons.math3.stat.descriptive.moment$Variance#evaluate(double[],double,int,int):406;0.0
org.apache.commons.math3.stat.descriptive.moment$Variance#evaluate(double[],double):457;0.0
org.apache.commons.math3.stat.descriptive.moment$Variance#evaluate(double[],double[],double,int,int):509;0.0
org.apache.commons.math3.stat.descriptive.moment$Variance#evaluate(double[],double[],double):582;0.0
org.apache.commons.math3.stat.descriptive.moment$Variance#isBiasCorrected():589;0.0
org.apache.commons.math3.stat.descriptive.moment$Variance#setBiasCorrected(boolean):596;0.0
org.apache.commons.math3.stat.descriptive.moment$Variance#copy():604;0.0
org.apache.commons.math3.stat.descriptive.moment$Variance#copy(org.apache.commons.math3.stat.descriptive.moment.Variance,org.apache.commons.math3.stat.descriptive.moment.Variance):620;0.0
org.apache.commons.math3.stat.descriptive$StatisticalSummaryValues#StatisticalSummaryValues(double,double,long,double,double,double):66;0.0
org.apache.commons.math3.stat.descriptive$StatisticalSummaryValues#getMax():79;0.0
org.apache.commons.math3.stat.descriptive$StatisticalSummaryValues#getMean():86;0.0
org.apache.commons.math3.stat.descriptive$StatisticalSummaryValues#getMin():93;0.0
org.apache.commons.math3.stat.descriptive$StatisticalSummaryValues#getN():100;0.0
org.apache.commons.math3.stat.descriptive$StatisticalSummaryValues#getSum():107;0.0
org.apache.commons.math3.stat.descriptive$StatisticalSummaryValues#getStandardDeviation():114;0.0
org.apache.commons.math3.stat.descriptive$StatisticalSummaryValues#getVariance():121;0.0
org.apache.commons.math3.stat.descriptive$StatisticalSummaryValues#equals(java.lang.Object):134;0.0
org.apache.commons.math3.stat.descriptive$StatisticalSummaryValues#hashCode():156;0.0
org.apache.commons.math3.stat.descriptive$StatisticalSummaryValues#toString():173;0.0
org.apache.commons.math3.fitting.leastsquares$LevenbergMarquardtOptimizer$InternalData#LevenbergMarquardtOptimizer$InternalData(double[][],int[],int,double[],double[],double[]):575;0.0
org.apache.commons.math3.analysis.function$HarmonicOscillator#HarmonicOscillator(double,double,double):54;0.0
org.apache.commons.math3.analysis.function$HarmonicOscillator#value(double):62;0.0
org.apache.commons.math3.analysis.function$HarmonicOscillator#derivative():70;0.0
org.apache.commons.math3.analysis.function$HarmonicOscillator#value(double,double):159;0.0
org.apache.commons.math3.analysis.function$HarmonicOscillator#value(org.apache.commons.math3.analysis.differentiation.DerivativeStructure):167;0.0
org.apache.commons.math3.fitting$HarmonicFitter#HarmonicFitter(org.apache.commons.math3.optim.nonlinear.vector.MultivariateVectorOptimizer):45;0.0
org.apache.commons.math3.fitting$HarmonicFitter#fit(double[]):61;0.0
org.apache.commons.math3.fitting$HarmonicFitter#fit():76;0.0
org.apache.commons.math3.fitting$HarmonicFitter$ParameterGuesser#HarmonicFitter$ParameterGuesser(org.apache.commons.math3.fitting.WeightedObservedPoint[]):195;0.0
org.apache.commons.math3.fitting$HarmonicFitter$ParameterGuesser#guess():221;0.0
org.apache.commons.math3.fitting$HarmonicFitter$ParameterGuesser#sortObservations(org.apache.commons.math3.fitting.WeightedObservedPoint[]):231;0.0
org.apache.commons.math3.fitting$HarmonicFitter$ParameterGuesser#guessAOmega(org.apache.commons.math3.fitting.WeightedObservedPoint[]):271;0.0
org.apache.commons.math3.fitting$HarmonicFitter$ParameterGuesser#guessPhi(org.apache.commons.math3.fitting.WeightedObservedPoint[]):359;0.0
org.apache.commons.math3.analysis.function$HarmonicOscillator$Parametric#HarmonicOscillator$Parametric():82;0.0
org.apache.commons.math3.analysis.function$HarmonicOscillator$Parametric#value(double,double[]):96;0.0
org.apache.commons.math3.analysis.function$HarmonicOscillator$Parametric#gradient(double,double[]):116;0.0
org.apache.commons.math3.analysis.function$HarmonicOscillator$Parametric#validateParameters(double[]):143;0.0
org.apache.commons.math3.random$Well19937c#Well19937c():57;0.0
org.apache.commons.math3.random$Well19937c#Well19937c(int):64;0.0
org.apache.commons.math3.random$Well19937c#Well19937c(int[]):72;0.0
org.apache.commons.math3.random$Well19937c#Well19937c(long):79;0.0
org.apache.commons.math3.random$Well19937c#next(int):86;0.0
org.apache.commons.math3.fitting$PolynomialFitter#PolynomialFitter(org.apache.commons.math3.optim.nonlinear.vector.MultivariateVectorOptimizer):37;0.0
org.apache.commons.math3.fitting$PolynomialFitter#fit(int,double[]):54;0.0
org.apache.commons.math3.fitting$PolynomialFitter#fit(double[]):68;0.0
org.apache.commons.math3.analysis.polynomials$PolynomialFunction#PolynomialFunction(double[]):69;0.0
org.apache.commons.math3.analysis.polynomials$PolynomialFunction#value(double):94;0.0
org.apache.commons.math3.analysis.polynomials$PolynomialFunction#degree():103;0.0
org.apache.commons.math3.analysis.polynomials$PolynomialFunction#getCoefficients():115;0.0
org.apache.commons.math3.analysis.polynomials$PolynomialFunction#evaluate(double[],double):130;0.0
org.apache.commons.math3.analysis.polynomials$PolynomialFunction#value(org.apache.commons.math3.analysis.differentiation.DerivativeStructure):150;0.0
org.apache.commons.math3.analysis.polynomials$PolynomialFunction#add(org.apache.commons.math3.analysis.polynomials.PolynomialFunction):171;0.0
org.apache.commons.math3.analysis.polynomials$PolynomialFunction#subtract(org.apache.commons.math3.analysis.polynomials.PolynomialFunction):196;0.0
org.apache.commons.math3.analysis.polynomials$PolynomialFunction#negate():222;0.0
org.apache.commons.math3.analysis.polynomials$PolynomialFunction#multiply(org.apache.commons.math3.analysis.polynomials.PolynomialFunction):236;0.0
org.apache.commons.math3.analysis.polynomials$PolynomialFunction#differentiate(double[]):260;0.0
org.apache.commons.math3.analysis.polynomials$PolynomialFunction#polynomialDerivative():281;0.0
org.apache.commons.math3.analysis.polynomials$PolynomialFunction#derivative():290;0.0
org.apache.commons.math3.analysis.polynomials$PolynomialFunction#toString():310;0.0
org.apache.commons.math3.analysis.polynomials$PolynomialFunction#toString(double):357;0.0
org.apache.commons.math3.analysis.polynomials$PolynomialFunction#hashCode():368;0.0
org.apache.commons.math3.analysis.polynomials$PolynomialFunction#equals(java.lang.Object):377;0.0
org.apache.commons.math3.analysis.polynomials$PolynomialFunction$Parametric#PolynomialFunction$Parametric():395;0.0
org.apache.commons.math3.analysis.polynomials$PolynomialFunction$Parametric#gradient(double,double[]):398;0.0
org.apache.commons.math3.analysis.polynomials$PolynomialFunction$Parametric#value(double,double[]):410;0.0
org.apache.commons.math3.optim.nonlinear.vector.jacobian$GaussNewtonOptimizer#GaussNewtonOptimizer(org.apache.commons.math3.optim.ConvergenceChecker):67;0.0
org.apache.commons.math3.optim.nonlinear.vector.jacobian$GaussNewtonOptimizer#GaussNewtonOptimizer(boolean,org.apache.commons.math3.optim.ConvergenceChecker):78;0.0
org.apache.commons.math3.optim.nonlinear.vector.jacobian$GaussNewtonOptimizer#doOptimize():85;0.0
org.apache.commons.math3.optim.nonlinear.vector.jacobian$GaussNewtonOptimizer#checkParameters():179;0.0
org.apache.commons.math3.fitting$AbstractCurveFitter#AbstractCurveFitter():53;0.0
org.apache.commons.math3.fitting$AbstractCurveFitter#fit(java.util.Collection):64;0.0
org.apache.commons.math3.fitting$GaussianCurveFitter#GaussianCurveFitter(double[],int):115;0.0
org.apache.commons.math3.fitting$GaussianCurveFitter#create():132;0.0
org.apache.commons.math3.fitting$GaussianCurveFitter#withStartPoint(double[]):137;0.0
org.apache.commons.math3.fitting$GaussianCurveFitter#withMaxIterations(int):143;0.0
org.apache.commons.math3.fitting$GaussianCurveFitter#getOptimizer(java.util.Collection):151;0.0
org.apache.commons.math3.fitting$GaussianCurveFitter$1#value(double,double[]):80;0.0
org.apache.commons.math3.fitting$GaussianCurveFitter$1#gradient(double,double[]):91;0.0
org.apache.commons.math3.fitting$WeightedObservedPoints#WeightedObservedPoints():30;0.0
org.apache.commons.math3.fitting$WeightedObservedPoints#add(double,double):52;0.0
org.apache.commons.math3.fitting$WeightedObservedPoints#add(double,double,double):68;0.0
org.apache.commons.math3.fitting$WeightedObservedPoints#add(org.apache.commons.math3.fitting.WeightedObservedPoint):81;0.0
org.apache.commons.math3.fitting$WeightedObservedPoints#toList():104;0.0
org.apache.commons.math3.fitting$WeightedObservedPoints#clear():111;0.0
org.apache.commons.math3.fitting$AbstractCurveFitter$TheoreticalValuesFunction#AbstractCurveFitter$TheoreticalValuesFunction(org.apache.commons.math3.analysis.ParametricUnivariateFunction,java.util.Collection):90;0.0
org.apache.commons.math3.fitting$AbstractCurveFitter$TheoreticalValuesFunction#getModelFunction():105;0.0
org.apache.commons.math3.fitting$AbstractCurveFitter$TheoreticalValuesFunction#getModelFunctionJacobian():123;0.0
org.apache.commons.math3.fitting$AbstractCurveFitter$TheoreticalValuesFunction$1#value(double[]):108;0.0
org.apache.commons.math3.fitting$AbstractCurveFitter$TheoreticalValuesFunction$2#value(double[]):125;0.0
org.apache.commons.math3.fitting$GaussianCurveFitter$ParameterGuesser#GaussianCurveFitter$ParameterGuesser(java.util.Collection):206;0.0
org.apache.commons.math3.fitting$GaussianCurveFitter$ParameterGuesser#guess():233;0.0
org.apache.commons.math3.fitting$GaussianCurveFitter$ParameterGuesser#sortObservations(java.util.Collection):243;0.0
org.apache.commons.math3.fitting$GaussianCurveFitter$ParameterGuesser#basicGuess(org.apache.commons.math3.fitting.WeightedObservedPoint[]):291;0.0
org.apache.commons.math3.fitting$GaussianCurveFitter$ParameterGuesser#findMaxY(org.apache.commons.math3.fitting.WeightedObservedPoint[]):317;0.0
org.apache.commons.math3.fitting$GaussianCurveFitter$ParameterGuesser#interpolateXAtY(org.apache.commons.math3.fitting.WeightedObservedPoint[],int,int,double):345;0.0
org.apache.commons.math3.fitting$GaussianCurveFitter$ParameterGuesser#getInterpolationPointsForY(org.apache.commons.math3.fitting.WeightedObservedPoint[],int,int,double):382;0.0
org.apache.commons.math3.fitting$GaussianCurveFitter$ParameterGuesser#isBetween(double,double,double):420;0.0
org.apache.commons.math3.fitting$GaussianCurveFitter$ParameterGuesser$1#compare(org.apache.commons.math3.fitting.WeightedObservedPoint,org.apache.commons.math3.fitting.WeightedObservedPoint):248;0.0
org.apache.commons.math3.exception$TooManyIterationsException#TooManyIterationsException(java.lang.Number):37;0.0
org.apache.commons.math3.analysis$FunctionUtils#FunctionUtils():40;0.0
org.apache.commons.math3.analysis$FunctionUtils#compose(org.apache.commons.math3.analysis.UnivariateFunction[]):52;0.0
org.apache.commons.math3.analysis$FunctionUtils#compose(org.apache.commons.math3.analysis.differentiation.UnivariateDifferentiableFunction[]):75;0.0
org.apache.commons.math3.analysis$FunctionUtils#compose(org.apache.commons.math3.analysis.DifferentiableUnivariateFunction[]):110;0.0
org.apache.commons.math3.analysis$FunctionUtils#add(org.apache.commons.math3.analysis.UnivariateFunction[]):145;0.0
org.apache.commons.math3.analysis$FunctionUtils#add(org.apache.commons.math3.analysis.differentiation.UnivariateDifferentiableFunction[]):165;0.0
org.apache.commons.math3.analysis$FunctionUtils#add(org.apache.commons.math3.analysis.DifferentiableUnivariateFunction[]):200;0.0
org.apache.commons.math3.analysis$FunctionUtils#multiply(org.apache.commons.math3.analysis.UnivariateFunction[]):233;0.0
org.apache.commons.math3.analysis$FunctionUtils#multiply(org.apache.commons.math3.analysis.differentiation.UnivariateDifferentiableFunction[]):253;0.0
org.apache.commons.math3.analysis$FunctionUtils#multiply(org.apache.commons.math3.analysis.DifferentiableUnivariateFunction[]):285;0.0
org.apache.commons.math3.analysis$FunctionUtils#combine(org.apache.commons.math3.analysis.BivariateFunction,org.apache.commons.math3.analysis.UnivariateFunction,org.apache.commons.math3.analysis.UnivariateFunction):329;0.0
org.apache.commons.math3.analysis$FunctionUtils#collector(org.apache.commons.math3.analysis.BivariateFunction,org.apache.commons.math3.analysis.UnivariateFunction,double):350;0.0
org.apache.commons.math3.analysis$FunctionUtils#collector(org.apache.commons.math3.analysis.BivariateFunction,double):373;0.0
org.apache.commons.math3.analysis$FunctionUtils#fix1stArgument(org.apache.commons.math3.analysis.BivariateFunction,double):385;0.0
org.apache.commons.math3.analysis$FunctionUtils#fix2ndArgument(org.apache.commons.math3.analysis.BivariateFunction,double):401;0.0
org.apache.commons.math3.analysis$FunctionUtils#sample(org.apache.commons.math3.analysis.UnivariateFunction,double,double,int):429;0.0
org.apache.commons.math3.analysis$FunctionUtils#toDifferentiableUnivariateFunction(org.apache.commons.math3.analysis.differentiation.UnivariateDifferentiableFunction):454;0.0
org.apache.commons.math3.analysis$FunctionUtils#toUnivariateDifferential(org.apache.commons.math3.analysis.DifferentiableUnivariateFunction):486;0.0
org.apache.commons.math3.analysis$FunctionUtils#toDifferentiableMultivariateFunction(org.apache.commons.math3.analysis.differentiation.MultivariateDifferentiableFunction):530;0.0
org.apache.commons.math3.analysis$FunctionUtils#toMultivariateDifferentiableFunction(org.apache.commons.math3.analysis.DifferentiableMultivariateFunction):609;0.0
org.apache.commons.math3.analysis$FunctionUtils#toDifferentiableMultivariateVectorFunction(org.apache.commons.math3.analysis.differentiation.MultivariateDifferentiableVectorFunction):677;0.0
org.apache.commons.math3.analysis$FunctionUtils#toMultivariateDifferentiableVectorFunction(org.apache.commons.math3.analysis.DifferentiableMultivariateVectorFunction):732;0.0
org.apache.commons.math3.analysis$FunctionUtils$16#value(double[]):534;0.0
org.apache.commons.math3.analysis$FunctionUtils$16#partialDerivative(int):539;0.0
org.apache.commons.math3.analysis$FunctionUtils$16#gradient():564;0.0
org.apache.commons.math3.analysis$FunctionUtils$16$2#value(double[]):568;0.0
org.apache.commons.math3.analysis.differentiation$DerivativeStructure#DerivativeStructure(org.apache.commons.math3.analysis.differentiation.DSCompiler):76;0.0
org.apache.commons.math3.analysis.differentiation$DerivativeStructure#DerivativeStructure(int,int):88;0.0
org.apache.commons.math3.analysis.differentiation$DerivativeStructure#DerivativeStructure(int,int,double):100;0.0
org.apache.commons.math3.analysis.differentiation$DerivativeStructure#DerivativeStructure(int,int,int,double):119;0.0
org.apache.commons.math3.analysis.differentiation$DerivativeStructure#DerivativeStructure(double,org.apache.commons.math3.analysis.differentiation.DerivativeStructure,double,org.apache.commons.math3.analysis.differentiation.DerivativeStructure):143;0.0
org.apache.commons.math3.analysis.differentiation$DerivativeStructure#DerivativeStructure(double,org.apache.commons.math3.analysis.differentiation.DerivativeStructure,double,org.apache.commons.math3.analysis.differentiation.DerivativeStructure,double,org.apache.commons.math3.analysis.differentiation.DerivativeStructure):162;0.0
org.apache.commons.math3.analysis.differentiation$DerivativeStructure#DerivativeStructure(double,org.apache.commons.math3.analysis.differentiation.DerivativeStructure,double,org.apache.commons.math3.analysis.differentiation.DerivativeStructure,double,org.apache.commons.math3.analysis.differentiation.DerivativeStructure,double,org.apache.commons.math3.analysis.differentiation.DerivativeStructure):185;0.0
org.apache.commons.math3.analysis.differentiation$DerivativeStructure#DerivativeStructure(int,int,double[]):206;0.0
org.apache.commons.math3.analysis.differentiation$DerivativeStructure#DerivativeStructure(org.apache.commons.math3.analysis.differentiation.DerivativeStructure):216;0.0
org.apache.commons.math3.analysis.differentiation$DerivativeStructure#getFreeParameters():225;0.0
org.apache.commons.math3.analysis.differentiation$DerivativeStructure#getOrder():232;0.0
org.apache.commons.math3.analysis.differentiation$DerivativeStructure#createConstant(double):246;0.0
org.apache.commons.math3.analysis.differentiation$DerivativeStructure#getReal():253;0.0
org.apache.commons.math3.analysis.differentiation$DerivativeStructure#getValue():261;0.0
org.apache.commons.math3.analysis.differentiation$DerivativeStructure#getPartialDerivative(int[]):276;0.0
org.apache.commons.math3.analysis.differentiation$DerivativeStructure#getAllDerivatives():284;0.0
org.apache.commons.math3.analysis.differentiation$DerivativeStructure#add(double):291;0.0
org.apache.commons.math3.analysis.differentiation$DerivativeStructure#add(org.apache.commons.math3.analysis.differentiation.DerivativeStructure):302;0.0
org.apache.commons.math3.analysis.differentiation$DerivativeStructure#subtract(double):312;0.0
org.apache.commons.math3.analysis.differentiation$DerivativeStructure#subtract(org.apache.commons.math3.analysis.differentiation.DerivativeStructure):321;0.0
org.apache.commons.math3.analysis.differentiation$DerivativeStructure#multiply(int):329;0.0
org.apache.commons.math3.analysis.differentiation$DerivativeStructure#multiply(double):336;0.0
org.apache.commons.math3.analysis.differentiation$DerivativeStructure#multiply(org.apache.commons.math3.analysis.differentiation.DerivativeStructure):349;0.0
org.apache.commons.math3.analysis.differentiation$DerivativeStructure#divide(double):359;0.0
org.apache.commons.math3.analysis.differentiation$DerivativeStructure#divide(org.apache.commons.math3.analysis.differentiation.DerivativeStructure):372;0.0
org.apache.commons.math3.analysis.differentiation$DerivativeStructure#remainder(double):380;0.0
org.apache.commons.math3.analysis.differentiation$DerivativeStructure#remainder(org.apache.commons.math3.analysis.differentiation.DerivativeStructure):392;0.0
org.apache.commons.math3.analysis.differentiation$DerivativeStructure#negate():400;0.0
org.apache.commons.math3.analysis.differentiation$DerivativeStructure#abs():411;0.0
org.apache.commons.math3.analysis.differentiation$DerivativeStructure#ceil():423;0.0
org.apache.commons.math3.analysis.differentiation$DerivativeStructure#floor():432;0.0
org.apache.commons.math3.analysis.differentiation$DerivativeStructure#rint():441;0.0
org.apache.commons.math3.analysis.differentiation$DerivativeStructure#round():448;0.0
org.apache.commons.math3.analysis.differentiation$DerivativeStructure#signum():455;0.0
org.apache.commons.math3.analysis.differentiation$DerivativeStructure#copySign(org.apache.commons.math3.analysis.differentiation.DerivativeStructure):464;0.0
org.apache.commons.math3.analysis.differentiation$DerivativeStructure#copySign(double):476;0.0
org.apache.commons.math3.analysis.differentiation$DerivativeStructure#getExponent():493;0.0
org.apache.commons.math3.analysis.differentiation$DerivativeStructure#scalb(int):500;0.0
org.apache.commons.math3.analysis.differentiation$DerivativeStructure#hypot(org.apache.commons.math3.analysis.differentiation.DerivativeStructure):515;0.0
org.apache.commons.math3.analysis.differentiation$DerivativeStructure#hypot(org.apache.commons.math3.analysis.differentiation.DerivativeStructure,org.apache.commons.math3.analysis.differentiation.DerivativeStructure):575;0.0
org.apache.commons.math3.analysis.differentiation$DerivativeStructure#compose(double[]):588;0.0
org.apache.commons.math3.analysis.differentiation$DerivativeStructure#reciprocal():598;0.0
org.apache.commons.math3.analysis.differentiation$DerivativeStructure#sqrt():607;0.0
org.apache.commons.math3.analysis.differentiation$DerivativeStructure#cbrt():614;0.0
org.apache.commons.math3.analysis.differentiation$DerivativeStructure#rootN(int):621;0.0
org.apache.commons.math3.analysis.differentiation$DerivativeStructure#getField():628;0.0
org.apache.commons.math3.analysis.differentiation$DerivativeStructure#pow(double,org.apache.commons.math3.analysis.differentiation.DerivativeStructure):655;0.0
org.apache.commons.math3.analysis.differentiation$DerivativeStructure#pow(double):664;0.0
org.apache.commons.math3.analysis.differentiation$DerivativeStructure#pow(int):673;0.0
org.apache.commons.math3.analysis.differentiation$DerivativeStructure#pow(org.apache.commons.math3.analysis.differentiation.DerivativeStructure):685;0.0
org.apache.commons.math3.analysis.differentiation$DerivativeStructure#exp():695;0.0
org.apache.commons.math3.analysis.differentiation$DerivativeStructure#expm1():704;0.0
org.apache.commons.math3.analysis.differentiation$DerivativeStructure#log():713;0.0
org.apache.commons.math3.analysis.differentiation$DerivativeStructure#log1p():722;0.0
org.apache.commons.math3.analysis.differentiation$DerivativeStructure#log10():731;0.0
org.apache.commons.math3.analysis.differentiation$DerivativeStructure#cos():740;0.0
org.apache.commons.math3.analysis.differentiation$DerivativeStructure#sin():749;0.0
org.apache.commons.math3.analysis.differentiation$DerivativeStructure#tan():758;0.0
org.apache.commons.math3.analysis.differentiation$DerivativeStructure#acos():767;0.0
org.apache.commons.math3.analysis.differentiation$DerivativeStructure#asin():776;0.0
org.apache.commons.math3.analysis.differentiation$DerivativeStructure#atan():785;0.0
org.apache.commons.math3.analysis.differentiation$DerivativeStructure#atan2(org.apache.commons.math3.analysis.differentiation.DerivativeStructure):795;0.0
org.apache.commons.math3.analysis.differentiation$DerivativeStructure#atan2(org.apache.commons.math3.analysis.differentiation.DerivativeStructure,org.apache.commons.math3.analysis.differentiation.DerivativeStructure):811;0.0
org.apache.commons.math3.analysis.differentiation$DerivativeStructure#cosh():818;0.0
org.apache.commons.math3.analysis.differentiation$DerivativeStructure#sinh():827;0.0
org.apache.commons.math3.analysis.differentiation$DerivativeStructure#tanh():836;0.0
org.apache.commons.math3.analysis.differentiation$DerivativeStructure#acosh():845;0.0
org.apache.commons.math3.analysis.differentiation$DerivativeStructure#asinh():854;0.0
org.apache.commons.math3.analysis.differentiation$DerivativeStructure#atanh():863;0.0
org.apache.commons.math3.analysis.differentiation$DerivativeStructure#toDegrees():872;0.0
org.apache.commons.math3.analysis.differentiation$DerivativeStructure#toRadians():883;0.0
org.apache.commons.math3.analysis.differentiation$DerivativeStructure#taylor(double[]):896;0.0
org.apache.commons.math3.analysis.differentiation$DerivativeStructure#linearCombination(org.apache.commons.math3.analysis.differentiation.DerivativeStructure[],org.apache.commons.math3.analysis.differentiation.DerivativeStructure[]):908;0.0
org.apache.commons.math3.analysis.differentiation$DerivativeStructure#linearCombination(double[],org.apache.commons.math3.analysis.differentiation.DerivativeStructure[]):940;0.0
org.apache.commons.math3.analysis.differentiation$DerivativeStructure#linearCombination(org.apache.commons.math3.analysis.differentiation.DerivativeStructure,org.apache.commons.math3.analysis.differentiation.DerivativeStructure,org.apache.commons.math3.analysis.differentiation.DerivativeStructure,org.apache.commons.math3.analysis.differentiation.DerivativeStructure):969;0.0
org.apache.commons.math3.analysis.differentiation$DerivativeStructure#linearCombination(double,org.apache.commons.math3.analysis.differentiation.DerivativeStructure,double,org.apache.commons.math3.analysis.differentiation.DerivativeStructure):992;0.0
org.apache.commons.math3.analysis.differentiation$DerivativeStructure#linearCombination(org.apache.commons.math3.analysis.differentiation.DerivativeStructure,org.apache.commons.math3.analysis.differentiation.DerivativeStructure,org.apache.commons.math3.analysis.differentiation.DerivativeStructure,org.apache.commons.math3.analysis.differentiation.DerivativeStructure,org.apache.commons.math3.analysis.differentiation.DerivativeStructure,org.apache.commons.math3.analysis.differentiation.DerivativeStructure):1016;0.0
org.apache.commons.math3.analysis.differentiation$DerivativeStructure#linearCombination(double,org.apache.commons.math3.analysis.differentiation.DerivativeStructure,double,org.apache.commons.math3.analysis.differentiation.DerivativeStructure,double,org.apache.commons.math3.analysis.differentiation.DerivativeStructure):1041;0.0
org.apache.commons.math3.analysis.differentiation$DerivativeStructure#linearCombination(org.apache.commons.math3.analysis.differentiation.DerivativeStructure,org.apache.commons.math3.analysis.differentiation.DerivativeStructure,org.apache.commons.math3.analysis.differentiation.DerivativeStructure,org.apache.commons.math3.analysis.differentiation.DerivativeStructure,org.apache.commons.math3.analysis.differentiation.DerivativeStructure,org.apache.commons.math3.analysis.differentiation.DerivativeStructure,org.apache.commons.math3.analysis.differentiation.DerivativeStructure,org.apache.commons.math3.analysis.differentiation.DerivativeStructure):1067;0.0
org.apache.commons.math3.analysis.differentiation$DerivativeStructure#linearCombination(double,org.apache.commons.math3.analysis.differentiation.DerivativeStructure,double,org.apache.commons.math3.analysis.differentiation.DerivativeStructure,double,org.apache.commons.math3.analysis.differentiation.DerivativeStructure,double,org.apache.commons.math3.analysis.differentiation.DerivativeStructure):1094;0.0
org.apache.commons.math3.analysis.differentiation$DerivativeStructure#equals(java.lang.Object):1122;0.0
org.apache.commons.math3.analysis.differentiation$DerivativeStructure#hashCode():1144;0.0
org.apache.commons.math3.analysis.differentiation$DerivativeStructure#writeReplace():1152;0.0
org.apache.commons.math3.analysis.differentiation$DSCompiler#DSCompiler(int,int,org.apache.commons.math3.analysis.differentiation.DSCompiler,org.apache.commons.math3.analysis.differentiation.DSCompiler):164;0.0
org.apache.commons.math3.analysis.differentiation$DSCompiler#getCompiler(int,int):195;0.0
org.apache.commons.math3.analysis.differentiation$DSCompiler#compileSizes(int,int,org.apache.commons.math3.analysis.differentiation.DSCompiler):242;0.0
org.apache.commons.math3.analysis.differentiation$DSCompiler#compileDerivativesIndirection(int,int,org.apache.commons.math3.analysis.differentiation.DSCompiler,org.apache.commons.math3.analysis.differentiation.DSCompiler):268;0.0
org.apache.commons.math3.analysis.differentiation$DSCompiler#compileLowerIndirection(int,int,org.apache.commons.math3.analysis.differentiation.DSCompiler,org.apache.commons.math3.analysis.differentiation.DSCompiler):316;0.0
org.apache.commons.math3.analysis.differentiation$DSCompiler#compileMultiplicationIndirection(int,int,org.apache.commons.math3.analysis.differentiation.DSCompiler,org.apache.commons.math3.analysis.differentiation.DSCompiler,int[]):351;0.0
org.apache.commons.math3.analysis.differentiation$DSCompiler#compileCompositionIndirection(int,int,org.apache.commons.math3.analysis.differentiation.DSCompiler,org.apache.commons.math3.analysis.differentiation.DSCompiler,int[][],int[][]):418;0.0
org.apache.commons.math3.analysis.differentiation$DSCompiler#getPartialDerivativeIndex(int[]):546;0.0
org.apache.commons.math3.analysis.differentiation$DSCompiler#getPartialDerivativeIndex(int,int,int[][],int[]):570;0.0
org.apache.commons.math3.analysis.differentiation$DSCompiler#convertIndex(int,int,int[][],int,int,int[][]):613;0.0
org.apache.commons.math3.analysis.differentiation$DSCompiler#getPartialDerivativeOrders(int):627;0.0
org.apache.commons.math3.analysis.differentiation$DSCompiler#getFreeParameters():634;0.0
org.apache.commons.math3.analysis.differentiation$DSCompiler#getOrder():641;0.0
org.apache.commons.math3.analysis.differentiation$DSCompiler#getSize():652;0.0
org.apache.commons.math3.analysis.differentiation$DSCompiler#linearCombination(double,double[],int,double,double[],int,double[],int):670;0.0
org.apache.commons.math3.analysis.differentiation$DSCompiler#linearCombination(double,double[],int,double,double[],int,double,double[],int,double[],int):695;0.0
org.apache.commons.math3.analysis.differentiation$DSCompiler#linearCombination(double,double[],int,double,double[],int,double,double[],int,double,double[],int,double[],int):726;0.0
org.apache.commons.math3.analysis.differentiation$DSCompiler#add(double[],int,double[],int,double[],int):747;0.0
org.apache.commons.math3.analysis.differentiation$DSCompiler#subtract(double[],int,double[],int,double[],int):763;0.0
org.apache.commons.math3.analysis.differentiation$DSCompiler#multiply(double[],int,double[],int,double[],int):781;0.0
org.apache.commons.math3.analysis.differentiation$DSCompiler#divide(double[],int,double[],int,double[],int):806;0.0
org.apache.commons.math3.analysis.differentiation$DSCompiler#remainder(double[],int,double[],int,double[],int):825;0.0
org.apache.commons.math3.analysis.differentiation$DSCompiler#pow(double,double[],int,double[],int):854;0.0
org.apache.commons.math3.analysis.differentiation$DSCompiler#pow(double[],int,double,double[],int):894;0.0
org.apache.commons.math3.analysis.differentiation$DSCompiler#pow(double[],int,int,double[],int):924;0.0
org.apache.commons.math3.analysis.differentiation$DSCompiler#pow(double[],int,double[],int,double[],int):978;0.0
org.apache.commons.math3.analysis.differentiation$DSCompiler#rootN(double[],int,int,double[],int):999;0.0
org.apache.commons.math3.analysis.differentiation$DSCompiler#exp(double[],int,double[],int):1035;0.0
org.apache.commons.math3.analysis.differentiation$DSCompiler#expm1(double[],int,double[],int):1055;0.0
org.apache.commons.math3.analysis.differentiation$DSCompiler#log(double[],int,double[],int):1076;0.0
org.apache.commons.math3.analysis.differentiation$DSCompiler#log1p(double[],int,double[],int):1103;0.0
org.apache.commons.math3.analysis.differentiation$DSCompiler#log10(double[],int,double[],int):1130;0.0
org.apache.commons.math3.analysis.differentiation$DSCompiler#cos(double[],int,double[],int):1158;0.0
org.apache.commons.math3.analysis.differentiation$DSCompiler#sin(double[],int,double[],int):1184;0.0
org.apache.commons.math3.analysis.differentiation$DSCompiler#tan(double[],int,double[],int):1210;0.0
org.apache.commons.math3.analysis.differentiation$DSCompiler#acos(double[],int,double[],int):1265;0.0
org.apache.commons.math3.analysis.differentiation$DSCompiler#asin(double[],int,double[],int):1322;0.0
org.apache.commons.math3.analysis.differentiation$DSCompiler#atan(double[],int,double[],int):1379;0.0
org.apache.commons.math3.analysis.differentiation$DSCompiler#atan2(double[],int,double[],int,double[],int):1439;0.0
org.apache.commons.math3.analysis.differentiation$DSCompiler#cosh(double[],int,double[],int):1487;0.0
org.apache.commons.math3.analysis.differentiation$DSCompiler#sinh(double[],int,double[],int):1513;0.0
org.apache.commons.math3.analysis.differentiation$DSCompiler#tanh(double[],int,double[],int):1539;0.0
org.apache.commons.math3.analysis.differentiation$DSCompiler#acosh(double[],int,double[],int):1594;0.0
org.apache.commons.math3.analysis.differentiation$DSCompiler#asinh(double[],int,double[],int):1651;0.0
org.apache.commons.math3.analysis.differentiation$DSCompiler#atanh(double[],int,double[],int):1708;0.0
org.apache.commons.math3.analysis.differentiation$DSCompiler#compose(double[],int,double[],double[],int):1765;0.0
org.apache.commons.math3.analysis.differentiation$DSCompiler#taylor(double[],int,double[]):1789;0.0
org.apache.commons.math3.analysis.differentiation$DSCompiler#checkCompatibility(org.apache.commons.math3.analysis.differentiation.DSCompiler):1815;0.0
org.apache.commons.math3.analysis$FunctionUtils$17#value(double[]):613;0.0
org.apache.commons.math3.analysis$FunctionUtils$17#value(org.apache.commons.math3.analysis.differentiation.DerivativeStructure[]):624;0.0
org.apache.commons.math3.analysis.function$Add#Add():28;0.0
org.apache.commons.math3.analysis.function$Add#value(double,double):31;0.0
org.apache.commons.math3.analysis.function$Identity#Identity():30;0.0
org.apache.commons.math3.analysis.function$Identity#value(double):33;0.0
org.apache.commons.math3.analysis.function$Identity#derivative():41;0.0
org.apache.commons.math3.analysis.function$Identity#value(org.apache.commons.math3.analysis.differentiation.DerivativeStructure):48;0.0
org.apache.commons.math3.analysis$FunctionUtils$11#value(double[]):353;0.0
org.apache.commons.math3.analysis.function$Multiply#Multiply():28;0.0
org.apache.commons.math3.analysis.function$Multiply#value(double,double):31;0.0
org.apache.commons.math3.analysis.function$Max#Max():29;0.0
org.apache.commons.math3.analysis.function$Max#value(double,double):32;0.0
org.apache.commons.math3.analysis.function$Min#Min():29;0.0
org.apache.commons.math3.analysis.function$Min#value(double,double):32;0.0
org.apache.commons.math3.analysis$FunctionUtils$12#value(double):388;0.0
org.apache.commons.math3.analysis.function$Power#Power(double):40;0.0
org.apache.commons.math3.analysis.function$Power#value(double):46;0.0
org.apache.commons.math3.analysis.function$Power#derivative():54;0.0
org.apache.commons.math3.analysis.function$Power#value(org.apache.commons.math3.analysis.differentiation.DerivativeStructure):61;0.0
org.apache.commons.math3.analysis.function$Pow#Pow():29;0.0
org.apache.commons.math3.analysis.function$Pow#value(double,double):32;0.0
org.apache.commons.math3.analysis$FunctionUtils$13#value(double):404;0.0
org.apache.commons.math3.analysis.function$Constant#Constant(double):37;0.0
org.apache.commons.math3.analysis.function$Constant#value(double):43;0.0
org.apache.commons.math3.analysis.function$Constant#derivative():51;0.0
org.apache.commons.math3.analysis.function$Constant#value(org.apache.commons.math3.analysis.differentiation.DerivativeStructure):58;0.0
org.apache.commons.math3.analysis$FunctionUtils$8#value(double):257;0.0
org.apache.commons.math3.analysis$FunctionUtils$8#value(org.apache.commons.math3.analysis.differentiation.DerivativeStructure):266;0.0
org.apache.commons.math3.analysis.function$Inverse#Inverse():32;0.0
org.apache.commons.math3.analysis.function$Inverse#value(double):35;0.0
org.apache.commons.math3.analysis.function$Inverse#derivative():43;0.0
org.apache.commons.math3.analysis.function$Inverse#value(org.apache.commons.math3.analysis.differentiation.DerivativeStructure):50;0.0
org.apache.commons.math3.analysis.function$Cos#Cos():33;0.0
org.apache.commons.math3.analysis.function$Cos#value(double):36;0.0
org.apache.commons.math3.analysis.function$Cos#derivative():44;0.0
org.apache.commons.math3.analysis.function$Cos#value(org.apache.commons.math3.analysis.differentiation.DerivativeStructure):51;0.0
org.apache.commons.math3.analysis.function$Cosh#Cosh():31;0.0
org.apache.commons.math3.analysis.function$Cosh#value(double):34;0.0
org.apache.commons.math3.analysis.function$Cosh#derivative():42;0.0
org.apache.commons.math3.analysis.function$Cosh#value(org.apache.commons.math3.analysis.differentiation.DerivativeStructure):49;0.0
org.apache.commons.math3.analysis.function$Minus#Minus():30;0.0
org.apache.commons.math3.analysis.function$Minus#value(double):33;0.0
org.apache.commons.math3.analysis.function$Minus#derivative():41;0.0
org.apache.commons.math3.analysis.function$Minus#value(org.apache.commons.math3.analysis.differentiation.DerivativeStructure):48;0.0
org.apache.commons.math3.analysis$FunctionUtils$4#value(double):148;0.0
org.apache.commons.math3.analysis$FunctionUtils$1#value(double):55;0.0
org.apache.commons.math3.analysis.function$Divide#Divide():28;0.0
org.apache.commons.math3.analysis.function$Divide#value(double,double):31;0.0
org.apache.commons.math3.analysis.function$Sin#Sin():31;0.0
org.apache.commons.math3.analysis.function$Sin#value(double):34;0.0
org.apache.commons.math3.analysis.function$Sin#derivative():42;0.0
org.apache.commons.math3.analysis.function$Sin#value(org.apache.commons.math3.analysis.differentiation.DerivativeStructure):49;0.0
org.apache.commons.math3.analysis$FunctionUtils$10#value(double):332;0.0
org.apache.commons.math3.analysis.function$Sinc#Sinc():72;0.0
org.apache.commons.math3.analysis.function$Sinc#Sinc(boolean):81;0.0
org.apache.commons.math3.analysis.function$Sinc#value(double):87;0.0
org.apache.commons.math3.analysis.function$Sinc#derivative():103;0.0
org.apache.commons.math3.analysis.function$Sinc#value(org.apache.commons.math3.analysis.differentiation.DerivativeStructure):112;0.0
org.apache.commons.math3.analysis$FunctionUtils$2#value(double):79;0.0
org.apache.commons.math3.analysis$FunctionUtils$2#value(org.apache.commons.math3.analysis.differentiation.DerivativeStructure):88;0.0
org.apache.commons.math3.analysis.function$Log#Log():33;0.0
org.apache.commons.math3.analysis.function$Log#value(double):36;0.0
org.apache.commons.math3.analysis.function$Log#derivative():44;0.0
org.apache.commons.math3.analysis.function$Log#value(org.apache.commons.math3.analysis.differentiation.DerivativeStructure):51;0.0
org.apache.commons.math3.analysis$FunctionUtils$14#value(double):458;0.0
org.apache.commons.math3.analysis$FunctionUtils$14#derivative():463;0.0
org.apache.commons.math3.analysis$FunctionUtils$14$1#value(double):466;0.0
org.apache.commons.math3.exception$NumberIsTooLargeException#NumberIsTooLargeException(java.lang.Number,java.lang.Number,boolean):50;0.0
org.apache.commons.math3.exception$NumberIsTooLargeException#NumberIsTooLargeException(org.apache.commons.math3.exception.util.Localizable,java.lang.Number,java.lang.Number,boolean):67;0.0
org.apache.commons.math3.exception$NumberIsTooLargeException#getBoundIsAllowed():77;0.0
org.apache.commons.math3.exception$NumberIsTooLargeException#getMax():84;0.0
org.apache.commons.math3.analysis$FunctionUtils$7#value(double):236;0.0
org.apache.commons.math3.analysis$FunctionUtils$5#value(double):169;0.0
org.apache.commons.math3.analysis$FunctionUtils$5#value(org.apache.commons.math3.analysis.differentiation.DerivativeStructure):181;0.0
org.apache.commons.math3.analysis$FunctionUtils$15#value(double):490;0.0
org.apache.commons.math3.analysis$FunctionUtils$15#value(org.apache.commons.math3.analysis.differentiation.DerivativeStructure):498;0.0
org.apache.commons.math3.analysis.integration$BaseAbstractUnivariateIntegrator#BaseAbstractUnivariateIntegrator(double,double,int,int):113;0.0
org.apache.commons.math3.analysis.integration$BaseAbstractUnivariateIntegrator#BaseAbstractUnivariateIntegrator(double,double):142;0.0
org.apache.commons.math3.analysis.integration$BaseAbstractUnivariateIntegrator#BaseAbstractUnivariateIntegrator(int,int):158;0.0
org.apache.commons.math3.analysis.integration$BaseAbstractUnivariateIntegrator#getRelativeAccuracy():164;0.0
org.apache.commons.math3.analysis.integration$BaseAbstractUnivariateIntegrator#getAbsoluteAccuracy():169;0.0
org.apache.commons.math3.analysis.integration$BaseAbstractUnivariateIntegrator#getMinimalIterationCount():174;0.0
org.apache.commons.math3.analysis.integration$BaseAbstractUnivariateIntegrator#getMaximalIterationCount():179;0.0
org.apache.commons.math3.analysis.integration$BaseAbstractUnivariateIntegrator#getEvaluations():184;0.0
org.apache.commons.math3.analysis.integration$BaseAbstractUnivariateIntegrator#getIterations():189;0.0
org.apache.commons.math3.analysis.integration$BaseAbstractUnivariateIntegrator#getMin():196;0.0
org.apache.commons.math3.analysis.integration$BaseAbstractUnivariateIntegrator#getMax():202;0.0
org.apache.commons.math3.analysis.integration$BaseAbstractUnivariateIntegrator#computeObjectiveValue(double):216;0.0
org.apache.commons.math3.analysis.integration$BaseAbstractUnivariateIntegrator#setup(int,org.apache.commons.math3.analysis.UnivariateFunction,double,double):241;0.0
org.apache.commons.math3.analysis.integration$BaseAbstractUnivariateIntegrator#integrate(int,org.apache.commons.math3.analysis.UnivariateFunction,double,double):261;0.0
org.apache.commons.math3.analysis.integration$IterativeLegendreGaussIntegrator#IterativeLegendreGaussIntegrator(int,double,double,int,int):75;0.0
org.apache.commons.math3.analysis.integration$IterativeLegendreGaussIntegrator#IterativeLegendreGaussIntegrator(int,double,double):94;0.0
org.apache.commons.math3.analysis.integration$IterativeLegendreGaussIntegrator#IterativeLegendreGaussIntegrator(int,int,int):114;0.0
org.apache.commons.math3.analysis.integration$IterativeLegendreGaussIntegrator#doIntegrate():123;0.0
org.apache.commons.math3.analysis.integration$IterativeLegendreGaussIntegrator#stage(int):161;0.0
org.apache.commons.math3.analysis.integration.gauss$GaussIntegratorFactory#GaussIntegratorFactory():32;0.0
org.apache.commons.math3.analysis.integration.gauss$GaussIntegratorFactory#legendre(int):51;0.0
org.apache.commons.math3.analysis.integration.gauss$GaussIntegratorFactory#legendre(int,double,double):70;0.0
org.apache.commons.math3.analysis.integration.gauss$GaussIntegratorFactory#legendreHighPrecision(int):87;0.0
org.apache.commons.math3.analysis.integration.gauss$GaussIntegratorFactory#legendreHighPrecision(int,double,double):105;0.0
org.apache.commons.math3.analysis.integration.gauss$GaussIntegratorFactory#hermite(int):126;0.0
org.apache.commons.math3.analysis.integration.gauss$GaussIntegratorFactory#getRule(org.apache.commons.math3.analysis.integration.gauss.BaseRuleFactory,int):140;0.0
org.apache.commons.math3.analysis.integration.gauss$GaussIntegratorFactory#transform(org.apache.commons.math3.util.Pair,double,double):156;0.0
org.apache.commons.math3.analysis.integration.gauss$BaseRuleFactory#BaseRuleFactory():37;0.0
org.apache.commons.math3.analysis.integration.gauss$BaseRuleFactory#getRule(int):58;0.0
org.apache.commons.math3.analysis.integration.gauss$BaseRuleFactory#getRuleInternal(int):95;0.0
org.apache.commons.math3.analysis.integration.gauss$BaseRuleFactory#addRule(org.apache.commons.math3.util.Pair):112;0.0
org.apache.commons.math3.analysis.integration.gauss$BaseRuleFactory#convertToDouble(org.apache.commons.math3.util.Pair):140;0.0
org.apache.commons.math3.analysis.integration.gauss$LegendreRuleFactory#LegendreRuleFactory():33;0.0
org.apache.commons.math3.analysis.integration.gauss$LegendreRuleFactory#computeRule(int):39;0.0
org.apache.commons.math3.analysis.integration.gauss$LegendreHighPrecisionRuleFactory#LegendreHighPrecisionRuleFactory():50;0.0
org.apache.commons.math3.analysis.integration.gauss$LegendreHighPrecisionRuleFactory#LegendreHighPrecisionRuleFactory(java.math.MathContext):56;0.0
org.apache.commons.math3.analysis.integration.gauss$LegendreHighPrecisionRuleFactory#computeRule(int):68;0.0
org.apache.commons.math3.analysis.integration.gauss$HermiteRuleFactory#HermiteRuleFactory():53;0.0
org.apache.commons.math3.analysis.integration.gauss$HermiteRuleFactory#computeRule(int):66;0.0
org.apache.commons.math3.util$Incrementor$1#trigger(int):66;0.0
org.apache.commons.math3.analysis.solvers$UnivariateSolverUtils#UnivariateSolverUtils():36;0.0
org.apache.commons.math3.analysis.solvers$UnivariateSolverUtils#solve(org.apache.commons.math3.analysis.UnivariateFunction,double,double):53;0.0
org.apache.commons.math3.analysis.solvers$UnivariateSolverUtils#solve(org.apache.commons.math3.analysis.UnivariateFunction,double,double,double):78;0.0
org.apache.commons.math3.analysis.solvers$UnivariateSolverUtils#forceSide(int,org.apache.commons.math3.analysis.UnivariateFunction,org.apache.commons.math3.analysis.solvers.BracketedUnivariateSolver,double,double,double,org.apache.commons.math3.analysis.solvers.AllowedSolution):107;0.0
org.apache.commons.math3.analysis.solvers$UnivariateSolverUtils#bracket(org.apache.commons.math3.analysis.UnivariateFunction,double,double,double):218;0.0
org.apache.commons.math3.analysis.solvers$UnivariateSolverUtils#bracket(org.apache.commons.math3.analysis.UnivariateFunction,double,double,double,int):260;0.0
org.apache.commons.math3.analysis.solvers$UnivariateSolverUtils#midpoint(double,double):302;0.0
org.apache.commons.math3.analysis.solvers$UnivariateSolverUtils#isBracketing(org.apache.commons.math3.analysis.UnivariateFunction,double,double):321;0.0
org.apache.commons.math3.analysis.solvers$UnivariateSolverUtils#isSequence(double,double,double):340;0.0
org.apache.commons.math3.analysis.solvers$UnivariateSolverUtils#verifyInterval(double,double):353;0.0
org.apache.commons.math3.analysis.solvers$UnivariateSolverUtils#verifySequence(double,double,double):372;0.0
org.apache.commons.math3.analysis.solvers$UnivariateSolverUtils#verifyBracketing(org.apache.commons.math3.analysis.UnivariateFunction,double,double):392;0.0
org.apache.commons.math3.analysis.integration$IterativeLegendreGaussIntegrator$1#value(double):164;0.0
org.apache.commons.math3.analysis.integration.gauss$GaussIntegrator#GaussIntegrator(double[],double[]):52;0.0
org.apache.commons.math3.analysis.integration.gauss$GaussIntegrator#GaussIntegrator(org.apache.commons.math3.util.Pair):76;0.0
org.apache.commons.math3.analysis.integration.gauss$GaussIntegrator#integrate(org.apache.commons.math3.analysis.UnivariateFunction):90;0.0
org.apache.commons.math3.analysis.integration.gauss$GaussIntegrator#getNumberOfPoints():108;0.0
org.apache.commons.math3.analysis.integration.gauss$GaussIntegrator#getPoint(int):118;0.0
org.apache.commons.math3.analysis.integration.gauss$GaussIntegrator#getWeight(int):128;0.0
org.apache.commons.math3.util$MathArrays$OrderDirection#MathArrays$OrderDirection(java.lang.String,int):295;0.0
org.apache.commons.math3.util$MathArrays$Position#MathArrays$Position(java.lang.String,int):1433;0.0
org.apache.commons.math3.analysis.integration$RombergIntegrator#RombergIntegrator(double,double,int,int):63;0.0
org.apache.commons.math3.analysis.integration$RombergIntegrator#RombergIntegrator(int,int):85;0.0
org.apache.commons.math3.analysis.integration$RombergIntegrator#RombergIntegrator():97;0.0
org.apache.commons.math3.analysis.integration$RombergIntegrator#doIntegrate():105;0.0
org.apache.commons.math3.analysis.integration$TrapezoidIntegrator#TrapezoidIntegrator(double,double,int,int):65;0.0
org.apache.commons.math3.analysis.integration$TrapezoidIntegrator#TrapezoidIntegrator(int,int):87;0.0
org.apache.commons.math3.analysis.integration$TrapezoidIntegrator#TrapezoidIntegrator():99;0.0
org.apache.commons.math3.analysis.integration$TrapezoidIntegrator#stage(org.apache.commons.math3.analysis.integration.BaseAbstractUnivariateIntegrator,int):120;0.0
org.apache.commons.math3.analysis.integration$TrapezoidIntegrator#doIntegrate():150;0.0
org.apache.commons.math3.analysis.integration.gauss$SymmetricGaussIntegrator#SymmetricGaussIntegrator(double[],double[]):47;0.0
org.apache.commons.math3.analysis.integration.gauss$SymmetricGaussIntegrator#SymmetricGaussIntegrator(org.apache.commons.math3.util.Pair):62;0.0
org.apache.commons.math3.analysis.integration.gauss$SymmetricGaussIntegrator#integrate(org.apache.commons.math3.analysis.UnivariateFunction):70;0.0
org.apache.commons.math3.analysis.integration$LegendreGaussIntegrator#LegendreGaussIntegrator(int,double,double,int,int):143;0.0
org.apache.commons.math3.analysis.integration$LegendreGaussIntegrator#LegendreGaussIntegrator(int,double,double):180;0.0
org.apache.commons.math3.analysis.integration$LegendreGaussIntegrator#LegendreGaussIntegrator(int,int,int):199;0.0
org.apache.commons.math3.analysis.integration$LegendreGaussIntegrator#doIntegrate():209;0.0
org.apache.commons.math3.analysis.integration$LegendreGaussIntegrator#stage(int):249;0.0
org.apache.commons.math3.analysis.integration$SimpsonIntegrator#SimpsonIntegrator(double,double,int,int):62;0.0
org.apache.commons.math3.analysis.integration$SimpsonIntegrator#SimpsonIntegrator(int,int):84;0.0
org.apache.commons.math3.analysis.integration$SimpsonIntegrator#SimpsonIntegrator():96;0.0
org.apache.commons.math3.analysis.integration$SimpsonIntegrator#doIntegrate():104;0.0
org.apache.commons.math3.analysis.integration$MidPointIntegrator#MidPointIntegrator(double,double,int,int):62;0.0
org.apache.commons.math3.analysis.integration$MidPointIntegrator#MidPointIntegrator(int,int):84;0.0
org.apache.commons.math3.analysis.integration$MidPointIntegrator#MidPointIntegrator():96;0.0
org.apache.commons.math3.analysis.integration$MidPointIntegrator#stage(int,double,double,double):125;0.0
org.apache.commons.math3.analysis.integration$MidPointIntegrator#doIntegrate():147;0.0
org.apache.commons.math3.analysis.solvers$BaseAbstractUnivariateSolver#BaseAbstractUnivariateSolver(double):67;0.0
org.apache.commons.math3.analysis.solvers$BaseAbstractUnivariateSolver#BaseAbstractUnivariateSolver(double,double):80;0.0
org.apache.commons.math3.analysis.solvers$BaseAbstractUnivariateSolver#BaseAbstractUnivariateSolver(double,double,double):94;0.0
org.apache.commons.math3.analysis.solvers$BaseAbstractUnivariateSolver#getMaxEvaluations():102;0.0
org.apache.commons.math3.analysis.solvers$BaseAbstractUnivariateSolver#getEvaluations():106;0.0
org.apache.commons.math3.analysis.solvers$BaseAbstractUnivariateSolver#getMin():112;0.0
org.apache.commons.math3.analysis.solvers$BaseAbstractUnivariateSolver#getMax():118;0.0
org.apache.commons.math3.analysis.solvers$BaseAbstractUnivariateSolver#getStartValue():124;0.0
org.apache.commons.math3.analysis.solvers$BaseAbstractUnivariateSolver#getAbsoluteAccuracy():130;0.0
org.apache.commons.math3.analysis.solvers$BaseAbstractUnivariateSolver#getRelativeAccuracy():136;0.0
org.apache.commons.math3.analysis.solvers$BaseAbstractUnivariateSolver#getFunctionValueAccuracy():142;0.0
org.apache.commons.math3.analysis.solvers$BaseAbstractUnivariateSolver#computeObjectiveValue(double):155;0.0
org.apache.commons.math3.analysis.solvers$BaseAbstractUnivariateSolver#setup(int,org.apache.commons.math3.analysis.UnivariateFunction,double,double,double):177;0.0
org.apache.commons.math3.analysis.solvers$BaseAbstractUnivariateSolver#solve(int,org.apache.commons.math3.analysis.UnivariateFunction,double,double,double):193;0.0
org.apache.commons.math3.analysis.solvers$BaseAbstractUnivariateSolver#solve(int,org.apache.commons.math3.analysis.UnivariateFunction,double,double):201;0.0
org.apache.commons.math3.analysis.solvers$BaseAbstractUnivariateSolver#solve(int,org.apache.commons.math3.analysis.UnivariateFunction,double):208;0.0
org.apache.commons.math3.analysis.solvers$BaseAbstractUnivariateSolver#isBracketing(double,double):234;0.0
org.apache.commons.math3.analysis.solvers$BaseAbstractUnivariateSolver#isSequence(double,double,double):248;0.0
org.apache.commons.math3.analysis.solvers$BaseAbstractUnivariateSolver#verifyInterval(double,double):261;0.0
org.apache.commons.math3.analysis.solvers$BaseAbstractUnivariateSolver#verifySequence(double,double,double):277;0.0
org.apache.commons.math3.analysis.solvers$BaseAbstractUnivariateSolver#verifyBracketing(double,double):294;0.0
org.apache.commons.math3.analysis.solvers$BaseAbstractUnivariateSolver#incrementEvaluationCount():310;0.0
org.apache.commons.math3.analysis.solvers$AbstractUnivariateDifferentiableSolver#AbstractUnivariateDifferentiableSolver(double):44;0.0
org.apache.commons.math3.analysis.solvers$AbstractUnivariateDifferentiableSolver#AbstractUnivariateDifferentiableSolver(double,double,double):57;0.0
org.apache.commons.math3.analysis.solvers$AbstractUnivariateDifferentiableSolver#computeObjectiveValueAndDerivative(double):70;0.0
org.apache.commons.math3.analysis.solvers$AbstractUnivariateDifferentiableSolver#setup(int,org.apache.commons.math3.analysis.differentiation.UnivariateDifferentiableFunction,double,double,double):80;0.0
org.apache.commons.math3.analysis.solvers$NewtonRaphsonSolver#NewtonRaphsonSolver():41;0.0
org.apache.commons.math3.analysis.solvers$NewtonRaphsonSolver#NewtonRaphsonSolver(double):49;0.0
org.apache.commons.math3.analysis.solvers$NewtonRaphsonSolver#solve(int,org.apache.commons.math3.analysis.differentiation.UnivariateDifferentiableFunction,double,double):69;0.0
org.apache.commons.math3.analysis.solvers$NewtonRaphsonSolver#doSolve():78;0.0
org.apache.commons.math3.analysis.solvers$AbstractUnivariateSolver#AbstractUnivariateSolver(double):37;0.0
org.apache.commons.math3.analysis.solvers$AbstractUnivariateSolver#AbstractUnivariateSolver(double,double):47;0.0
org.apache.commons.math3.analysis.solvers$AbstractUnivariateSolver#AbstractUnivariateSolver(double,double,double):59;0.0
org.apache.commons.math3.analysis.solvers$BracketingNthOrderBrentSolver#BracketingNthOrderBrentSolver():71;0.0
org.apache.commons.math3.analysis.solvers$BracketingNthOrderBrentSolver#BracketingNthOrderBrentSolver(double,int):84;0.0
org.apache.commons.math3.analysis.solvers$BracketingNthOrderBrentSolver#BracketingNthOrderBrentSolver(double,double,int):104;0.0
org.apache.commons.math3.analysis.solvers$BracketingNthOrderBrentSolver#BracketingNthOrderBrentSolver(double,double,double,int):126;0.0
org.apache.commons.math3.analysis.solvers$BracketingNthOrderBrentSolver#getMaximalOrder():138;0.0
org.apache.commons.math3.analysis.solvers$BracketingNthOrderBrentSolver#doSolve():150;0.0
org.apache.commons.math3.analysis.solvers$BracketingNthOrderBrentSolver#guessX(double,double[],double[],int,int):375;0.0
org.apache.commons.math3.analysis.solvers$BracketingNthOrderBrentSolver#solve(int,org.apache.commons.math3.analysis.UnivariateFunction,double,double,org.apache.commons.math3.analysis.solvers.AllowedSolution):398;0.0
org.apache.commons.math3.analysis.solvers$BracketingNthOrderBrentSolver#solve(int,org.apache.commons.math3.analysis.UnivariateFunction,double,double,double,org.apache.commons.math3.analysis.solvers.AllowedSolution):409;0.0
org.apache.commons.math3.analysis.solvers$AllowedSolution#AllowedSolution(java.lang.String,int):41;0.0
org.apache.commons.math3.exception$NoBracketingException#NoBracketingException(double,double,double,double):51;0.0
org.apache.commons.math3.exception$NoBracketingException#NoBracketingException(org.apache.commons.math3.exception.util.Localizable,double,double,double,double,java.lang.Object[]):68;0.0
org.apache.commons.math3.exception$NoBracketingException#getLo():81;0.0
org.apache.commons.math3.exception$NoBracketingException#getHi():89;0.0
org.apache.commons.math3.exception$NoBracketingException#getFLo():97;0.0
org.apache.commons.math3.exception$NoBracketingException#getFHi():105;0.0
org.apache.commons.math3.analysis.solvers$MullerSolver2#MullerSolver2():59;0.0
org.apache.commons.math3.analysis.solvers$MullerSolver2#MullerSolver2(double):67;0.0
org.apache.commons.math3.analysis.solvers$MullerSolver2#MullerSolver2(double,double):77;0.0
org.apache.commons.math3.analysis.solvers$MullerSolver2#doSolve():88;0.0
org.apache.commons.math3.analysis.function$Expm1#Expm1():33;0.0
org.apache.commons.math3.analysis.function$Expm1#value(double):36;0.0
org.apache.commons.math3.analysis.function$Expm1#derivative():44;0.0
org.apache.commons.math3.analysis.function$Expm1#value(org.apache.commons.math3.analysis.differentiation.DerivativeStructure):51;0.0
org.apache.commons.math3.analysis.solvers$AbstractDifferentiableUnivariateSolver#AbstractDifferentiableUnivariateSolver(double):45;0.0
org.apache.commons.math3.analysis.solvers$AbstractDifferentiableUnivariateSolver#AbstractDifferentiableUnivariateSolver(double,double,double):58;0.0
org.apache.commons.math3.analysis.solvers$AbstractDifferentiableUnivariateSolver#computeDerivativeObjectiveValue(double):70;0.0
org.apache.commons.math3.analysis.solvers$AbstractDifferentiableUnivariateSolver#setup(int,org.apache.commons.math3.analysis.DifferentiableUnivariateFunction,double,double,double):80;0.0
org.apache.commons.math3.analysis.solvers$NewtonSolver#NewtonSolver():42;0.0
org.apache.commons.math3.analysis.solvers$NewtonSolver#NewtonSolver(double):50;0.0
org.apache.commons.math3.analysis.solvers$NewtonSolver#solve(int,org.apache.commons.math3.analysis.DifferentiableUnivariateFunction,double,double):70;0.0
org.apache.commons.math3.analysis.solvers$NewtonSolver#doSolve():79;0.0
org.apache.commons.math3.analysis.solvers$BaseSecantSolver#BaseSecantSolver(double,org.apache.commons.math3.analysis.solvers.BaseSecantSolver$Method):69;0.0
org.apache.commons.math3.analysis.solvers$BaseSecantSolver#BaseSecantSolver(double,double,org.apache.commons.math3.analysis.solvers.BaseSecantSolver$Method):84;0.0
org.apache.commons.math3.analysis.solvers$BaseSecantSolver#BaseSecantSolver(double,double,double,org.apache.commons.math3.analysis.solvers.BaseSecantSolver$Method):101;0.0
org.apache.commons.math3.analysis.solvers$BaseSecantSolver#solve(int,org.apache.commons.math3.analysis.UnivariateFunction,double,double,org.apache.commons.math3.analysis.solvers.AllowedSolution):110;0.0
org.apache.commons.math3.analysis.solvers$BaseSecantSolver#solve(int,org.apache.commons.math3.analysis.UnivariateFunction,double,double,double,org.apache.commons.math3.analysis.solvers.AllowedSolution):117;0.0
org.apache.commons.math3.analysis.solvers$BaseSecantSolver#solve(int,org.apache.commons.math3.analysis.UnivariateFunction,double,double,double):125;0.0
org.apache.commons.math3.analysis.solvers$BaseSecantSolver#doSolve():138;0.0
org.apache.commons.math3.analysis.solvers$RegulaFalsiSolver#RegulaFalsiSolver():60;0.0
org.apache.commons.math3.analysis.solvers$RegulaFalsiSolver#RegulaFalsiSolver(double):69;0.0
org.apache.commons.math3.analysis.solvers$RegulaFalsiSolver#RegulaFalsiSolver(double,double):80;0.0
org.apache.commons.math3.analysis.solvers$RegulaFalsiSolver#RegulaFalsiSolver(double,double,double):93;0.0
org.apache.commons.math3.analysis.solvers$BaseSecantSolver$Method#BaseSecantSolver$Method(java.lang.String,int):264;0.0
org.apache.commons.math3.analysis.solvers$SecantSolver#SecantSolver():50;0.0
org.apache.commons.math3.analysis.solvers$SecantSolver#SecantSolver(double):59;0.0
org.apache.commons.math3.analysis.solvers$SecantSolver#SecantSolver(double,double):70;0.0
org.apache.commons.math3.analysis.solvers$SecantSolver#doSolve():79;0.0
org.apache.commons.math3.analysis.solvers$PegasusSolver#PegasusSolver():50;0.0
org.apache.commons.math3.analysis.solvers$PegasusSolver#PegasusSolver(double):59;0.0
org.apache.commons.math3.analysis.solvers$PegasusSolver#PegasusSolver(double,double):70;0.0
org.apache.commons.math3.analysis.solvers$PegasusSolver#PegasusSolver(double,double,double):83;0.0
org.apache.commons.math3.analysis.solvers$MullerSolver#MullerSolver():59;0.0
org.apache.commons.math3.analysis.solvers$MullerSolver#MullerSolver(double):67;0.0
org.apache.commons.math3.analysis.solvers$MullerSolver#MullerSolver(double,double):77;0.0
org.apache.commons.math3.analysis.solvers$MullerSolver#doSolve():88;0.0
org.apache.commons.math3.analysis.solvers$MullerSolver#solve(double,double,double,double):133;0.0
org.apache.commons.math3.analysis.solvers$BrentSolver#BrentSolver():47;0.0
org.apache.commons.math3.analysis.solvers$BrentSolver#BrentSolver(double):55;0.0
org.apache.commons.math3.analysis.solvers$BrentSolver#BrentSolver(double,double):65;0.0
org.apache.commons.math3.analysis.solvers$BrentSolver#BrentSolver(double,double,double):77;0.0
org.apache.commons.math3.analysis.solvers$BrentSolver#doSolve():88;0.0
org.apache.commons.math3.analysis.solvers$BrentSolver#brent(double,double,double,double):144;0.0
org.apache.commons.math3.analysis.function$Sqrt#Sqrt():33;0.0
org.apache.commons.math3.analysis.function$Sqrt#value(double):36;0.0
org.apache.commons.math3.analysis.function$Sqrt#derivative():44;0.0
org.apache.commons.math3.analysis.function$Sqrt#value(org.apache.commons.math3.analysis.differentiation.DerivativeStructure):51;0.0
org.apache.commons.math3.analysis.solvers$BisectionSolver#BisectionSolver():38;0.0
org.apache.commons.math3.analysis.solvers$BisectionSolver#BisectionSolver(double):46;0.0
org.apache.commons.math3.analysis.solvers$BisectionSolver#BisectionSolver(double,double):56;0.0
org.apache.commons.math3.analysis.solvers$BisectionSolver#doSolve():65;0.0
org.apache.commons.math3.analysis.solvers$AbstractPolynomialSolver#AbstractPolynomialSolver(double):40;0.0
org.apache.commons.math3.analysis.solvers$AbstractPolynomialSolver#AbstractPolynomialSolver(double,double):50;0.0
org.apache.commons.math3.analysis.solvers$AbstractPolynomialSolver#AbstractPolynomialSolver(double,double,double):62;0.0
org.apache.commons.math3.analysis.solvers$AbstractPolynomialSolver#setup(int,org.apache.commons.math3.analysis.polynomials.PolynomialFunction,double,double,double):71;0.0
org.apache.commons.math3.analysis.solvers$AbstractPolynomialSolver#getCoefficients():79;0.0
org.apache.commons.math3.analysis.solvers$LaguerreSolver#LaguerreSolver():55;0.0
org.apache.commons.math3.analysis.solvers$LaguerreSolver#LaguerreSolver(double):63;0.0
org.apache.commons.math3.analysis.solvers$LaguerreSolver#LaguerreSolver(double,double):73;0.0
org.apache.commons.math3.analysis.solvers$LaguerreSolver#LaguerreSolver(double,double,double):85;0.0
org.apache.commons.math3.analysis.solvers$LaguerreSolver#doSolve():96;0.0
org.apache.commons.math3.analysis.solvers$LaguerreSolver#laguerre(double,double,double,double):157;0.0
org.apache.commons.math3.analysis.solvers$LaguerreSolver#solveAllComplex(double[],double):198;0.0
org.apache.commons.math3.analysis.solvers$LaguerreSolver#solveComplex(double[],double):228;0.0
org.apache.commons.math3.analysis.solvers$LaguerreSolver$ComplexSolver#LaguerreSolver$ComplexSolver(org.apache.commons.math3.analysis.solvers.LaguerreSolver):240;0.0
org.apache.commons.math3.analysis.solvers$LaguerreSolver$ComplexSolver#isRoot(double,double,org.apache.commons.math3.complex.Complex):251;0.0
org.apache.commons.math3.analysis.solvers$LaguerreSolver$ComplexSolver#solveAll(org.apache.commons.math3.complex.Complex[],org.apache.commons.math3.complex.Complex):276;0.0
org.apache.commons.math3.analysis.solvers$LaguerreSolver$ComplexSolver#solve(org.apache.commons.math3.complex.Complex[],org.apache.commons.math3.complex.Complex):325;0.0
org.apache.commons.math3.complex$ComplexUtils#ComplexUtils():35;0.0
org.apache.commons.math3.complex$ComplexUtils#polar2Complex(double,double):63;0.0
org.apache.commons.math3.complex$ComplexUtils#convertToComplex(double[]):80;0.0
org.apache.commons.math3.complex$Complex#Complex(double):89;0.0
org.apache.commons.math3.complex$Complex#Complex(double,double):98;0.0
org.apache.commons.math3.complex$Complex#abs():116;0.0
org.apache.commons.math3.complex$Complex#add(org.apache.commons.math3.complex.Complex):157;0.0
org.apache.commons.math3.complex$Complex#add(double):175;0.0
org.apache.commons.math3.complex$Complex#conjugate():197;0.0
org.apache.commons.math3.complex$Complex#divide(org.apache.commons.math3.complex.Complex):248;0.0
org.apache.commons.math3.complex$Complex#divide(double):285;0.0
org.apache.commons.math3.complex$Complex#reciprocal():300;0.0
org.apache.commons.math3.complex$Complex#equals(java.lang.Object):340;0.0
org.apache.commons.math3.complex$Complex#hashCode():363;0.0
org.apache.commons.math3.complex$Complex#getImaginary():376;0.0
org.apache.commons.math3.complex$Complex#getReal():385;0.0
org.apache.commons.math3.complex$Complex#isNaN():396;0.0
org.apache.commons.math3.complex$Complex#isInfinite():409;0.0
org.apache.commons.math3.complex$Complex#multiply(org.apache.commons.math3.complex.Complex):438;0.0
org.apache.commons.math3.complex$Complex#multiply(int):462;0.0
org.apache.commons.math3.complex$Complex#multiply(double):481;0.0
org.apache.commons.math3.complex$Complex#negate():501;0.0
org.apache.commons.math3.complex$Complex#subtract(org.apache.commons.math3.complex.Complex):528;0.0
org.apache.commons.math3.complex$Complex#subtract(double):546;0.0
org.apache.commons.math3.complex$Complex#acos():569;0.0
org.apache.commons.math3.complex$Complex#asin():593;0.0
org.apache.commons.math3.complex$Complex#atan():617;0.0
org.apache.commons.math3.complex$Complex#cos():658;0.0
org.apache.commons.math3.complex$Complex#cosh():698;0.0
org.apache.commons.math3.complex$Complex#exp():739;0.0
org.apache.commons.math3.complex$Complex#log():784;0.0
org.apache.commons.math3.complex$Complex#pow(org.apache.commons.math3.complex.Complex):814;0.0
org.apache.commons.math3.complex$Complex#pow(double):826;0.0
org.apache.commons.math3.complex$Complex#sin():862;0.0
org.apache.commons.math3.complex$Complex#sinh():902;0.0
org.apache.commons.math3.complex$Complex#sqrt():945;0.0
org.apache.commons.math3.complex$Complex#sqrt1z():980;0.0
org.apache.commons.math3.complex$Complex#tan():1016;0.0
org.apache.commons.math3.complex$Complex#tanh():1067;0.0
org.apache.commons.math3.complex$Complex#getArgument():1104;0.0
org.apache.commons.math3.complex$Complex#nthRoot(int):1131;0.0
org.apache.commons.math3.complex$Complex#createComplex(double,double):1176;0.0
org.apache.commons.math3.complex$Complex#valueOf(double,double):1188;0.0
org.apache.commons.math3.complex$Complex#valueOf(double):1202;0.0
org.apache.commons.math3.complex$Complex#readResolve():1217;0.0
org.apache.commons.math3.complex$Complex#getField():1222;0.0
org.apache.commons.math3.complex$Complex#toString():1228;0.0
org.apache.commons.math3.analysis.solvers$IllinoisSolver#IllinoisSolver():48;0.0
org.apache.commons.math3.analysis.solvers$IllinoisSolver#IllinoisSolver(double):57;0.0
org.apache.commons.math3.analysis.solvers$IllinoisSolver#IllinoisSolver(double,double):68;0.0
org.apache.commons.math3.analysis.solvers$IllinoisSolver#IllinoisSolver(double,double,double):81;0.0
org.apache.commons.math3.analysis.solvers$RiddersSolver#RiddersSolver():43;0.0
org.apache.commons.math3.analysis.solvers$RiddersSolver#RiddersSolver(double):51;0.0
org.apache.commons.math3.analysis.solvers$RiddersSolver#RiddersSolver(double,double):61;0.0
org.apache.commons.math3.analysis.solvers$RiddersSolver#doSolve():71;0.0
org.apache.commons.math3.exception$NullArgumentException#NullArgumentException():41;0.0
org.apache.commons.math3.exception$NullArgumentException#NullArgumentException(org.apache.commons.math3.exception.util.Localizable,java.lang.Object[]):50;0.0
org.apache.commons.math3.dfp$DfpField#DfpField(int):177;0.0
org.apache.commons.math3.dfp$DfpField#DfpField(int,boolean):191;0.0
org.apache.commons.math3.dfp$DfpField#getRadixDigits():251;0.0
org.apache.commons.math3.dfp$DfpField#setRoundingMode(org.apache.commons.math3.dfp.DfpField$RoundingMode):262;0.0
org.apache.commons.math3.dfp$DfpField#getRoundingMode():269;0.0
org.apache.commons.math3.dfp$DfpField#getIEEEFlags():284;0.0
org.apache.commons.math3.dfp$DfpField#clearIEEEFlags():298;0.0
org.apache.commons.math3.dfp$DfpField#setIEEEFlags(int):313;0.0
org.apache.commons.math3.dfp$DfpField#setIEEEFlagsBits(int):331;0.0
org.apache.commons.math3.dfp$DfpField#newDfp():338;0.0
org.apache.commons.math3.dfp$DfpField#newDfp(byte):346;0.0
org.apache.commons.math3.dfp$DfpField#newDfp(int):354;0.0
org.apache.commons.math3.dfp$DfpField#newDfp(long):362;0.0
org.apache.commons.math3.dfp$DfpField#newDfp(double):370;0.0
org.apache.commons.math3.dfp$DfpField#newDfp(org.apache.commons.math3.dfp.Dfp):378;0.0
org.apache.commons.math3.dfp$DfpField#newDfp(java.lang.String):386;0.0
org.apache.commons.math3.dfp$DfpField#newDfp(byte,byte):396;0.0
org.apache.commons.math3.dfp$DfpField#getZero():403;0.0
org.apache.commons.math3.dfp$DfpField#getOne():410;0.0
org.apache.commons.math3.dfp$DfpField#getRuntimeClass():415;0.0
org.apache.commons.math3.dfp$DfpField#getTwo():422;0.0
org.apache.commons.math3.dfp$DfpField#getSqr2():429;0.0
org.apache.commons.math3.dfp$DfpField#getSqr2Split():436;0.0
org.apache.commons.math3.dfp$DfpField#getSqr2Reciprocal():443;0.0
org.apache.commons.math3.dfp$DfpField#getSqr3():450;0.0
org.apache.commons.math3.dfp$DfpField#getSqr3Reciprocal():457;0.0
org.apache.commons.math3.dfp$DfpField#getPi():464;0.0
org.apache.commons.math3.dfp$DfpField#getPiSplit():471;0.0
org.apache.commons.math3.dfp$DfpField#getE():478;0.0
org.apache.commons.math3.dfp$DfpField#getESplit():485;0.0
org.apache.commons.math3.dfp$DfpField#getLn2():492;0.0
org.apache.commons.math3.dfp$DfpField#getLn2Split():499;0.0
org.apache.commons.math3.dfp$DfpField#getLn5():506;0.0
org.apache.commons.math3.dfp$DfpField#getLn5Split():513;0.0
org.apache.commons.math3.dfp$DfpField#getLn10():520;0.0
org.apache.commons.math3.dfp$DfpField#split(java.lang.String):530;0.0
org.apache.commons.math3.dfp$DfpField#computeStringConstants(int):578;0.0
org.apache.commons.math3.dfp$DfpField#computePi(org.apache.commons.math3.dfp.Dfp,org.apache.commons.math3.dfp.Dfp,org.apache.commons.math3.dfp.Dfp):611;0.0
org.apache.commons.math3.dfp$DfpField#computeExp(org.apache.commons.math3.dfp.Dfp,org.apache.commons.math3.dfp.Dfp):653;0.0
org.apache.commons.math3.dfp$DfpField#computeLn(org.apache.commons.math3.dfp.Dfp,org.apache.commons.math3.dfp.Dfp,org.apache.commons.math3.dfp.Dfp):736;0.0
org.apache.commons.math3.dfp$DfpField$RoundingMode#DfpField$RoundingMode(java.lang.String,int):30;0.0
org.apache.commons.math3.dfp$Dfp#Dfp(org.apache.commons.math3.dfp.DfpField):183;0.0
org.apache.commons.math3.dfp$Dfp#Dfp(org.apache.commons.math3.dfp.DfpField,byte):196;0.0
org.apache.commons.math3.dfp$Dfp#Dfp(org.apache.commons.math3.dfp.DfpField,int):204;0.0
org.apache.commons.math3.dfp$Dfp#Dfp(org.apache.commons.math3.dfp.DfpField,long):211;0.0
org.apache.commons.math3.dfp$Dfp#Dfp(org.apache.commons.math3.dfp.DfpField,double):258;0.0
org.apache.commons.math3.dfp$Dfp#Dfp(org.apache.commons.math3.dfp.Dfp):324;0.0
org.apache.commons.math3.dfp$Dfp#Dfp(org.apache.commons.math3.dfp.DfpField,java.lang.String):336;0.0
org.apache.commons.math3.dfp$Dfp#Dfp(org.apache.commons.math3.dfp.DfpField,byte,byte):543;0.0
org.apache.commons.math3.dfp$Dfp#newInstance():556;0.0
org.apache.commons.math3.dfp$Dfp#newInstance(byte):564;0.0
org.apache.commons.math3.dfp$Dfp#newInstance(int):572;0.0
org.apache.commons.math3.dfp$Dfp#newInstance(long):580;0.0
org.apache.commons.math3.dfp$Dfp#newInstance(double):588;0.0
org.apache.commons.math3.dfp$Dfp#newInstance(org.apache.commons.math3.dfp.Dfp):599;0.0
org.apache.commons.math3.dfp$Dfp#newInstance(java.lang.String):616;0.0
org.apache.commons.math3.dfp$Dfp#newInstance(byte,byte):626;0.0
org.apache.commons.math3.dfp$Dfp#getField():637;0.0
org.apache.commons.math3.dfp$Dfp#getRadixDigits():644;0.0
org.apache.commons.math3.dfp$Dfp#getZero():651;0.0
org.apache.commons.math3.dfp$Dfp#getOne():658;0.0
org.apache.commons.math3.dfp$Dfp#getTwo():665;0.0
org.apache.commons.math3.dfp$Dfp#shiftLeft():671;0.0
org.apache.commons.math3.dfp$Dfp#shiftRight():683;0.0
org.apache.commons.math3.dfp$Dfp#align(int):699;0.0
org.apache.commons.math3.dfp$Dfp#lessThan(org.apache.commons.math3.dfp.Dfp):758;0.0
org.apache.commons.math3.dfp$Dfp#greaterThan(org.apache.commons.math3.dfp.Dfp):783;0.0
org.apache.commons.math3.dfp$Dfp#negativeOrNull():806;0.0
org.apache.commons.math3.dfp$Dfp#strictlyNegative():821;0.0
org.apache.commons.math3.dfp$Dfp#positiveOrNull():836;0.0
org.apache.commons.math3.dfp$Dfp#strictlyPositive():851;0.0
org.apache.commons.math3.dfp$Dfp#abs():866;0.0
org.apache.commons.math3.dfp$Dfp#isInfinite():875;0.0
org.apache.commons.math3.dfp$Dfp#isNaN():882;0.0
org.apache.commons.math3.dfp$Dfp#isZero():890;0.0
org.apache.commons.math3.dfp$Dfp#equals(java.lang.Object):907;0.0
org.apache.commons.math3.dfp$Dfp#hashCode():926;0.0
org.apache.commons.math3.dfp$Dfp#unequal(org.apache.commons.math3.dfp.Dfp):934;0.0
org.apache.commons.math3.dfp$Dfp#compare(org.apache.commons.math3.dfp.Dfp,org.apache.commons.math3.dfp.Dfp):949;0.0
org.apache.commons.math3.dfp$Dfp#rint():1008;0.0
org.apache.commons.math3.dfp$Dfp#floor():1017;0.0
org.apache.commons.math3.dfp$Dfp#ceil():1026;0.0
org.apache.commons.math3.dfp$Dfp#remainder(org.apache.commons.math3.dfp.Dfp):1036;0.0
org.apache.commons.math3.dfp$Dfp#trunc(org.apache.commons.math3.dfp.DfpField$RoundingMode):1052;0.0
org.apache.commons.math3.dfp$Dfp#intValue():1143;0.0
org.apache.commons.math3.dfp$Dfp#log10K():1172;0.0
org.apache.commons.math3.dfp$Dfp#power10K(int):1180;0.0
org.apache.commons.math3.dfp$Dfp#intLog10():1190;0.0
org.apache.commons.math3.dfp$Dfp#power10(int):1207;0.0
org.apache.commons.math3.dfp$Dfp#complement(int):1239;0.0
org.apache.commons.math3.dfp$Dfp#add(org.apache.commons.math3.dfp.Dfp):1262;0.0
org.apache.commons.math3.dfp$Dfp#negate():1408;0.0
org.apache.commons.math3.dfp$Dfp#subtract(org.apache.commons.math3.dfp.Dfp):1418;0.0
org.apache.commons.math3.dfp$Dfp#round(int):1426;0.0
org.apache.commons.math3.dfp$Dfp#multiply(org.apache.commons.math3.dfp.Dfp):1507;0.0
org.apache.commons.math3.dfp$Dfp#multiply(int):1611;0.0
org.apache.commons.math3.dfp$Dfp#multiplyFast(int):1624;0.0
org.apache.commons.math3.dfp$Dfp#divide(org.apache.commons.math3.dfp.Dfp):1691;0.0
org.apache.commons.math3.dfp$Dfp#divide(int):1903;0.0
org.apache.commons.math3.dfp$Dfp#reciprocal():1962;0.0
org.apache.commons.math3.dfp$Dfp#sqrt():1972;0.0
org.apache.commons.math3.dfp$Dfp#toString():2067;0.0
org.apache.commons.math3.dfp$Dfp#dfp2sci():2088;0.0
org.apache.commons.math3.dfp$Dfp#dfp2string():2169;0.0
org.apache.commons.math3.dfp$Dfp#dotrap(int,java.lang.String,org.apache.commons.math3.dfp.Dfp,org.apache.commons.math3.dfp.Dfp):2246;0.0
org.apache.commons.math3.dfp$Dfp#trap(int,java.lang.String,org.apache.commons.math3.dfp.Dfp,org.apache.commons.math3.dfp.Dfp,org.apache.commons.math3.dfp.Dfp):2316;0.0
org.apache.commons.math3.dfp$Dfp#classify():2323;0.0
org.apache.commons.math3.dfp$Dfp#copysign(org.apache.commons.math3.dfp.Dfp,org.apache.commons.math3.dfp.Dfp):2333;0.0
org.apache.commons.math3.dfp$Dfp#nextAfter(org.apache.commons.math3.dfp.Dfp):2346;0.0
org.apache.commons.math3.dfp$Dfp#toDouble():2417;0.0
org.apache.commons.math3.dfp$Dfp#toSplitDouble():2506;0.0
org.apache.commons.math3.dfp$Dfp#getReal():2519;0.0
org.apache.commons.math3.dfp$Dfp#add(double):2526;0.0
org.apache.commons.math3.dfp$Dfp#subtract(double):2533;0.0
org.apache.commons.math3.dfp$Dfp#multiply(double):2540;0.0
org.apache.commons.math3.dfp$Dfp#divide(double):2547;0.0
org.apache.commons.math3.dfp$Dfp#remainder(double):2554;0.0
org.apache.commons.math3.dfp$Dfp#round():2561;0.0
org.apache.commons.math3.dfp$Dfp#signum():2568;0.0
org.apache.commons.math3.dfp$Dfp#copySign(org.apache.commons.math3.dfp.Dfp):2579;0.0
org.apache.commons.math3.dfp$Dfp#copySign(double):2589;0.0
org.apache.commons.math3.dfp$Dfp#scalb(int):2600;0.0
org.apache.commons.math3.dfp$Dfp#hypot(org.apache.commons.math3.dfp.Dfp):2607;0.0
org.apache.commons.math3.dfp$Dfp#cbrt():2614;0.0
org.apache.commons.math3.dfp$Dfp#rootN(int):2621;0.0
org.apache.commons.math3.dfp$Dfp#pow(double):2630;0.0
org.apache.commons.math3.dfp$Dfp#pow(int):2637;0.0
org.apache.commons.math3.dfp$Dfp#pow(org.apache.commons.math3.dfp.Dfp):2644;0.0
org.apache.commons.math3.dfp$Dfp#exp():2651;0.0
org.apache.commons.math3.dfp$Dfp#expm1():2658;0.0
org.apache.commons.math3.dfp$Dfp#log():2665;0.0
org.apache.commons.math3.dfp$Dfp#log1p():2672;0.0
org.apache.commons.math3.dfp$Dfp#log10():2683;0.0
org.apache.commons.math3.dfp$Dfp#cos():2698;0.0
org.apache.commons.math3.dfp$Dfp#sin():2705;0.0
org.apache.commons.math3.dfp$Dfp#tan():2712;0.0
org.apache.commons.math3.dfp$Dfp#acos():2719;0.0
org.apache.commons.math3.dfp$Dfp#asin():2726;0.0
org.apache.commons.math3.dfp$Dfp#atan():2733;0.0
org.apache.commons.math3.dfp$Dfp#atan2(org.apache.commons.math3.dfp.Dfp):2743;0.0
org.apache.commons.math3.dfp$Dfp#cosh():2765;0.0
org.apache.commons.math3.dfp$Dfp#sinh():2772;0.0
org.apache.commons.math3.dfp$Dfp#tanh():2779;0.0
org.apache.commons.math3.dfp$Dfp#acosh():2788;0.0
org.apache.commons.math3.dfp$Dfp#asinh():2795;0.0
org.apache.commons.math3.dfp$Dfp#atanh():2802;0.0
org.apache.commons.math3.dfp$Dfp#linearCombination(org.apache.commons.math3.dfp.Dfp[],org.apache.commons.math3.dfp.Dfp[]):2810;0.0
org.apache.commons.math3.dfp$Dfp#linearCombination(double[],org.apache.commons.math3.dfp.Dfp[]):2825;0.0
org.apache.commons.math3.dfp$Dfp#linearCombination(org.apache.commons.math3.dfp.Dfp,org.apache.commons.math3.dfp.Dfp,org.apache.commons.math3.dfp.Dfp,org.apache.commons.math3.dfp.Dfp):2839;0.0
org.apache.commons.math3.dfp$Dfp#linearCombination(double,org.apache.commons.math3.dfp.Dfp,double,org.apache.commons.math3.dfp.Dfp):2846;0.0
org.apache.commons.math3.dfp$Dfp#linearCombination(org.apache.commons.math3.dfp.Dfp,org.apache.commons.math3.dfp.Dfp,org.apache.commons.math3.dfp.Dfp,org.apache.commons.math3.dfp.Dfp,org.apache.commons.math3.dfp.Dfp,org.apache.commons.math3.dfp.Dfp):2855;0.0
org.apache.commons.math3.dfp$Dfp#linearCombination(double,org.apache.commons.math3.dfp.Dfp,double,org.apache.commons.math3.dfp.Dfp,double,org.apache.commons.math3.dfp.Dfp):2864;0.0
org.apache.commons.math3.dfp$Dfp#linearCombination(org.apache.commons.math3.dfp.Dfp,org.apache.commons.math3.dfp.Dfp,org.apache.commons.math3.dfp.Dfp,org.apache.commons.math3.dfp.Dfp,org.apache.commons.math3.dfp.Dfp,org.apache.commons.math3.dfp.Dfp,org.apache.commons.math3.dfp.Dfp,org.apache.commons.math3.dfp.Dfp):2872;0.0
org.apache.commons.math3.dfp$Dfp#linearCombination(double,org.apache.commons.math3.dfp.Dfp,double,org.apache.commons.math3.dfp.Dfp,double,org.apache.commons.math3.dfp.Dfp,double,org.apache.commons.math3.dfp.Dfp):2880;0.0
org.apache.commons.math3.dfp$DfpMath#DfpMath():33;0.0
org.apache.commons.math3.dfp$DfpMath#split(org.apache.commons.math3.dfp.DfpField,java.lang.String):46;0.0
org.apache.commons.math3.dfp$DfpMath#split(org.apache.commons.math3.dfp.Dfp):95;0.0
org.apache.commons.math3.dfp$DfpMath#splitMult(org.apache.commons.math3.dfp.Dfp[],org.apache.commons.math3.dfp.Dfp[]):111;0.0
org.apache.commons.math3.dfp$DfpMath#splitDiv(org.apache.commons.math3.dfp.Dfp[],org.apache.commons.math3.dfp.Dfp[]):139;0.0
org.apache.commons.math3.dfp$DfpMath#splitPow(org.apache.commons.math3.dfp.Dfp[],int):154;0.0
org.apache.commons.math3.dfp$DfpMath#pow(org.apache.commons.math3.dfp.Dfp,int):213;0.0
org.apache.commons.math3.dfp$DfpMath#exp(org.apache.commons.math3.dfp.Dfp):266;0.0
org.apache.commons.math3.dfp$DfpMath#expInternal(org.apache.commons.math3.dfp.Dfp):292;0.0
org.apache.commons.math3.dfp$DfpMath#log(org.apache.commons.math3.dfp.Dfp):321;0.0
org.apache.commons.math3.dfp$DfpMath#logInternal(org.apache.commons.math3.dfp.Dfp[]):440;0.0
org.apache.commons.math3.dfp$DfpMath#pow(org.apache.commons.math3.dfp.Dfp,org.apache.commons.math3.dfp.Dfp):508;0.0
org.apache.commons.math3.dfp$DfpMath#sinInternal(org.apache.commons.math3.dfp.Dfp[]):672;0.0
org.apache.commons.math3.dfp$DfpMath#cosInternal(org.apache.commons.math3.dfp.Dfp[]):701;0.0
org.apache.commons.math3.dfp$DfpMath#sin(org.apache.commons.math3.dfp.Dfp):734;0.0
org.apache.commons.math3.dfp$DfpMath#cos(org.apache.commons.math3.dfp.Dfp):785;0.0
org.apache.commons.math3.dfp$DfpMath#tan(org.apache.commons.math3.dfp.Dfp):835;0.0
org.apache.commons.math3.dfp$DfpMath#atanInternal(org.apache.commons.math3.dfp.Dfp):844;0.0
org.apache.commons.math3.dfp$DfpMath#atan(org.apache.commons.math3.dfp.Dfp):877;0.0
org.apache.commons.math3.dfp$DfpMath#asin(org.apache.commons.math3.dfp.Dfp):942;0.0
org.apache.commons.math3.dfp$DfpMath#acos(org.apache.commons.math3.dfp.Dfp):951;0.0
org.apache.commons.math3.analysis.function$Logistic#Logistic(double,double,double,double,double,double):71;0.0
org.apache.commons.math3.analysis.function$Logistic#value(double):86;0.0
org.apache.commons.math3.analysis.function$Logistic#derivative():94;0.0
org.apache.commons.math3.analysis.function$Logistic#value(double,double,double,double,double,double):219;0.0
org.apache.commons.math3.analysis.function$Logistic#value(org.apache.commons.math3.analysis.differentiation.DerivativeStructure):226;0.0
org.apache.commons.math3.analysis.function$Logistic$Parametric#Logistic$Parametric():110;0.0
org.apache.commons.math3.analysis.function$Logistic$Parametric#value(double,double[]):127;0.0
org.apache.commons.math3.analysis.function$Logistic$Parametric#gradient(double,double[]):152;0.0
org.apache.commons.math3.analysis.function$Logistic$Parametric#validateParameters(double[]):192;0.0
org.apache.commons.math3.analysis.function$Sigmoid#Sigmoid():53;0.0
org.apache.commons.math3.analysis.function$Sigmoid#Sigmoid(double,double):63;0.0
org.apache.commons.math3.analysis.function$Sigmoid#derivative():73;0.0
org.apache.commons.math3.analysis.function$Sigmoid#value(double):78;0.0
org.apache.commons.math3.analysis.function$Sigmoid#value(double,double,double):162;0.0
org.apache.commons.math3.analysis.function$Sigmoid#value(org.apache.commons.math3.analysis.differentiation.DerivativeStructure):171;0.0
org.apache.commons.math3.analysis.function$Sigmoid$Parametric#Sigmoid$Parametric():90;0.0
org.apache.commons.math3.analysis.function$Sigmoid$Parametric#value(double,double[]):104;0.0
org.apache.commons.math3.analysis.function$Sigmoid$Parametric#gradient(double,double[]):124;0.0
org.apache.commons.math3.analysis.function$Sigmoid$Parametric#validateParameters(double[]):144;0.0
org.apache.commons.math3.analysis.function$StepFunction#StepFunction(double[],double[]):64;0.0
org.apache.commons.math3.analysis.function$StepFunction#value(double):84;0.0
org.apache.commons.math3.exception$NoDataException#NoDataException():37;0.0
org.apache.commons.math3.exception$NoDataException#NoDataException(org.apache.commons.math3.exception.util.Localizable):45;0.0
org.apache.commons.math3.exception$NonMonotonicSequenceException#NonMonotonicSequenceException(java.lang.Number,java.lang.Number,int):61;0.0
org.apache.commons.math3.exception$NonMonotonicSequenceException#NonMonotonicSequenceException(java.lang.Number,java.lang.Number,int,org.apache.commons.math3.util.MathArrays$OrderDirection,boolean):80;0.0
org.apache.commons.math3.exception$NonMonotonicSequenceException#getDirection():99;0.0
org.apache.commons.math3.exception$NonMonotonicSequenceException#getStrict():105;0.0
org.apache.commons.math3.exception$NonMonotonicSequenceException#getIndex():113;0.0
org.apache.commons.math3.exception$NonMonotonicSequenceException#getPrevious():119;0.0
org.apache.commons.math3.analysis.function$Logit#Logit():50;0.0
org.apache.commons.math3.analysis.function$Logit#Logit(double,double):60;0.0
org.apache.commons.math3.analysis.function$Logit#value(double):68;0.0
org.apache.commons.math3.analysis.function$Logit#derivative():76;0.0
org.apache.commons.math3.analysis.function$Logit#value(double,double,double):162;0.0
org.apache.commons.math3.analysis.function$Logit#value(org.apache.commons.math3.analysis.differentiation.DerivativeStructure):174;0.0
org.apache.commons.math3.analysis.function$Logit$Parametric#Logit$Parametric():87;0.0
org.apache.commons.math3.analysis.function$Logit$Parametric#value(double,double[]):101;0.0
org.apache.commons.math3.analysis.function$Logit$Parametric#gradient(double,double[]):121;0.0
org.apache.commons.math3.analysis.function$Logit$Parametric#validateParameters(double[]):142;0.0
org.apache.commons.math3.random$Well1024a#Well1024a():57;0.0
org.apache.commons.math3.random$Well1024a#Well1024a(int):64;0.0
org.apache.commons.math3.random$Well1024a#Well1024a(int[]):72;0.0
org.apache.commons.math3.random$Well1024a#Well1024a(long):79;0.0
org.apache.commons.math3.random$Well1024a#next(int):86;0.0
org.apache.commons.math3.analysis.differentiation$FiniteDifferencesDifferentiator#FiniteDifferencesDifferentiator(int,double):109;0.0
org.apache.commons.math3.analysis.differentiation$FiniteDifferencesDifferentiator#FiniteDifferencesDifferentiator(int,double,double,double):143;0.0
org.apache.commons.math3.analysis.differentiation$FiniteDifferencesDifferentiator#getNbPoints():170;0.0
org.apache.commons.math3.analysis.differentiation$FiniteDifferencesDifferentiator#getStepSize():178;0.0
org.apache.commons.math3.analysis.differentiation$FiniteDifferencesDifferentiator#evaluate(org.apache.commons.math3.analysis.differentiation.DerivativeStructure,double,double[]):198;0.0
org.apache.commons.math3.analysis.differentiation$FiniteDifferencesDifferentiator#differentiate(org.apache.commons.math3.analysis.UnivariateFunction):245;0.0
org.apache.commons.math3.analysis.differentiation$FiniteDifferencesDifferentiator#differentiate(org.apache.commons.math3.analysis.UnivariateVectorFunction):285;0.0
org.apache.commons.math3.analysis.differentiation$FiniteDifferencesDifferentiator#differentiate(org.apache.commons.math3.analysis.UnivariateMatrixFunction):336;0.0
org.apache.commons.math3.analysis.differentiation$FiniteDifferencesDifferentiator$1#value(double):249;0.0
org.apache.commons.math3.analysis.differentiation$FiniteDifferencesDifferentiator$1#value(org.apache.commons.math3.analysis.differentiation.DerivativeStructure):257;0.0
org.apache.commons.math3.analysis.differentiation$FiniteDifferencesDifferentiator$2#value(double):289;0.0
org.apache.commons.math3.analysis.differentiation$FiniteDifferencesDifferentiator$2#value(org.apache.commons.math3.analysis.differentiation.DerivativeStructure):297;0.0
org.apache.commons.math3.analysis.differentiation$FiniteDifferencesDifferentiator$3#value(double):340;0.0
org.apache.commons.math3.analysis.differentiation$FiniteDifferencesDifferentiator$3#value(org.apache.commons.math3.analysis.differentiation.DerivativeStructure):348;0.0
org.apache.commons.math3.exception$NotPositiveException#NotPositiveException(java.lang.Number):37;0.0
org.apache.commons.math3.exception$NotPositiveException#NotPositiveException(org.apache.commons.math3.exception.util.Localizable,java.lang.Number):47;0.0
org.apache.commons.math3.analysis.differentiation$JacobianFunction#JacobianFunction(org.apache.commons.math3.analysis.differentiation.MultivariateDifferentiableVectorFunction):39;0.0
org.apache.commons.math3.analysis.differentiation$JacobianFunction#value(double[]):47;0.0
org.apache.commons.math3.util$CombinatoricsUtils#CombinatoricsUtils():51;0.0
org.apache.commons.math3.util$CombinatoricsUtils#binomialCoefficient(int,int):83;0.0
org.apache.commons.math3.util$CombinatoricsUtils#binomialCoefficientDouble(int,int):164;0.0
org.apache.commons.math3.util$CombinatoricsUtils#binomialCoefficientLog(int,int):209;0.0
org.apache.commons.math3.util$CombinatoricsUtils#factorial(int):280;0.0
org.apache.commons.math3.util$CombinatoricsUtils#factorialDouble(int):304;0.0
org.apache.commons.math3.util$CombinatoricsUtils#factorialLog(int):322;0.0
org.apache.commons.math3.util$CombinatoricsUtils#stirlingS2(int,int):357;0.0
org.apache.commons.math3.util$CombinatoricsUtils#combinationsIterator(int,int):443;0.0
org.apache.commons.math3.util$CombinatoricsUtils#checkBinomial(int,int):628;0.0
org.apache.commons.math3.analysis.differentiation$DerivativeStructure$1#getZero():632;0.0
org.apache.commons.math3.analysis.differentiation$DerivativeStructure$1#getOne():637;0.0
org.apache.commons.math3.analysis.differentiation$DerivativeStructure$1#getRuntimeClass():642;0.0
org.apache.commons.math3.analysis.differentiation$DerivativeStructure$DataTransferObject#DerivativeStructure$DataTransferObject(int,int,double[]):1181;0.0
org.apache.commons.math3.analysis.differentiation$DerivativeStructure$DataTransferObject#readResolve():1191;0.0
org.apache.commons.math3.util$ArithmeticUtils#ArithmeticUtils():37;0.0
org.apache.commons.math3.util$ArithmeticUtils#addAndCheck(int,int):52;0.0
org.apache.commons.math3.util$ArithmeticUtils#addAndCheck(long,long):70;0.0
org.apache.commons.math3.util$ArithmeticUtils#binomialCoefficient(int,int):102;0.0
org.apache.commons.math3.util$ArithmeticUtils#binomialCoefficientDouble(int,int):133;0.0
org.apache.commons.math3.util$ArithmeticUtils#binomialCoefficientLog(int,int):160;0.0
org.apache.commons.math3.util$ArithmeticUtils#factorial(int):189;0.0
org.apache.commons.math3.util$ArithmeticUtils#factorialDouble(int):207;0.0
org.apache.commons.math3.util$ArithmeticUtils#factorialLog(int):219;0.0
org.apache.commons.math3.util$ArithmeticUtils#gcd(int,int):253;0.0
org.apache.commons.math3.util$ArithmeticUtils#gcdPositive(int,int):331;0.0
org.apache.commons.math3.util$ArithmeticUtils#gcd(long,long):394;0.0
org.apache.commons.math3.util$ArithmeticUtils#lcm(int,int):474;0.0
org.apache.commons.math3.util$ArithmeticUtils#lcm(long,long):508;0.0
org.apache.commons.math3.util$ArithmeticUtils#mulAndCheck(int,int):530;0.0
org.apache.commons.math3.util$ArithmeticUtils#mulAndCheck(long,long):549;0.0
org.apache.commons.math3.util$ArithmeticUtils#subAndCheck(int,int):602;0.0
org.apache.commons.math3.util$ArithmeticUtils#subAndCheck(long,long):621;0.0
org.apache.commons.math3.util$ArithmeticUtils#pow(int,int):643;0.0
org.apache.commons.math3.util$ArithmeticUtils#pow(int,long):669;0.0
org.apache.commons.math3.util$ArithmeticUtils#pow(long,int):695;0.0
org.apache.commons.math3.util$ArithmeticUtils#pow(long,long):721;0.0
org.apache.commons.math3.util$ArithmeticUtils#pow(java.math.BigInteger,int):747;0.0
org.apache.commons.math3.util$ArithmeticUtils#pow(java.math.BigInteger,long):763;0.0
org.apache.commons.math3.util$ArithmeticUtils#pow(java.math.BigInteger,java.math.BigInteger):790;0.0
org.apache.commons.math3.util$ArithmeticUtils#stirlingS2(int,int):829;0.0
org.apache.commons.math3.util$ArithmeticUtils#addAndCheck(long,long,org.apache.commons.math3.exception.util.Localizable):846;0.0
org.apache.commons.math3.util$ArithmeticUtils#isPowerOfTwo(long):886;0.0
org.apache.commons.math3.analysis.differentiation$GradientFunction#GradientFunction(org.apache.commons.math3.analysis.differentiation.MultivariateDifferentiableFunction):37;0.0
org.apache.commons.math3.analysis.differentiation$GradientFunction#value(double[]):45;0.0
org.apache.commons.math3.analysis.polynomials$PolynomialsUtils#PolynomialsUtils():89;0.0
org.apache.commons.math3.analysis.polynomials$PolynomialsUtils#createChebyshevPolynomial(int):106;0.0
org.apache.commons.math3.analysis.polynomials$PolynomialsUtils#createHermitePolynomial(int):131;0.0
org.apache.commons.math3.analysis.polynomials$PolynomialsUtils#createLaguerrePolynomial(int):157;0.0
org.apache.commons.math3.analysis.polynomials$PolynomialsUtils#createLegendrePolynomial(int):184;0.0
org.apache.commons.math3.analysis.polynomials$PolynomialsUtils#createJacobiPolynomial(int,int,int):217;0.0
org.apache.commons.math3.analysis.polynomials$PolynomialsUtils#shift(double[],double):324;0.0
org.apache.commons.math3.analysis.polynomials$PolynomialsUtils#buildPolynomial(int,java.util.List,org.apache.commons.math3.analysis.polynomials.PolynomialsUtils$RecurrenceCoefficientsGenerator):363;0.0
org.apache.commons.math3.analysis.polynomials$PolynomialsUtils#computeUpToDegree(int,int,org.apache.commons.math3.analysis.polynomials.PolynomialsUtils$RecurrenceCoefficientsGenerator,java.util.List):400;0.0
org.apache.commons.math3.fraction$BigFraction#BigFraction(java.math.BigInteger):108;0.0
org.apache.commons.math3.fraction$BigFraction#BigFraction(java.math.BigInteger,java.math.BigInteger):120;0.0
org.apache.commons.math3.fraction$BigFraction#BigFraction(double):172;0.0
org.apache.commons.math3.fraction$BigFraction#BigFraction(double,double,int):232;0.0
org.apache.commons.math3.fraction$BigFraction#BigFraction(double,double,int,int):271;0.0
org.apache.commons.math3.fraction$BigFraction#BigFraction(double,int):359;0.0
org.apache.commons.math3.fraction$BigFraction#BigFraction(int):372;0.0
org.apache.commons.math3.fraction$BigFraction#BigFraction(int,int):387;0.0
org.apache.commons.math3.fraction$BigFraction#BigFraction(long):399;0.0
org.apache.commons.math3.fraction$BigFraction#BigFraction(long,long):414;0.0
org.apache.commons.math3.fraction$BigFraction#getReducedFraction(int,int):438;0.0
org.apache.commons.math3.fraction$BigFraction#abs():453;0.0
org.apache.commons.math3.fraction$BigFraction#add(java.math.BigInteger):469;0.0
org.apache.commons.math3.fraction$BigFraction#add(int):484;0.0
org.apache.commons.math3.fraction$BigFraction#add(long):498;0.0
org.apache.commons.math3.fraction$BigFraction#add(org.apache.commons.math3.fraction.BigFraction):513;0.0
org.apache.commons.math3.fraction$BigFraction#bigDecimalValue():547;0.0
org.apache.commons.math3.fraction$BigFraction#bigDecimalValue(int):566;0.0
org.apache.commons.math3.fraction$BigFraction#bigDecimalValue(int,int):585;0.0
org.apache.commons.math3.fraction$BigFraction#compareTo(org.apache.commons.math3.fraction.BigFraction):600;0.0
org.apache.commons.math3.fraction$BigFraction#divide(java.math.BigInteger):617;0.0
org.apache.commons.math3.fraction$BigFraction#divide(int):637;0.0
org.apache.commons.math3.fraction$BigFraction#divide(long):651;0.0
org.apache.commons.math3.fraction$BigFraction#divide(org.apache.commons.math3.fraction.BigFraction):666;0.0
org.apache.commons.math3.fraction$BigFraction#doubleValue():687;0.0
org.apache.commons.math3.fraction$BigFraction#equals(java.lang.Object):716;0.0
org.apache.commons.math3.fraction$BigFraction#floatValue():740;0.0
org.apache.commons.math3.fraction$BigFraction#getDenominator():760;0.0
org.apache.commons.math3.fraction$BigFraction#getDenominatorAsInt():771;0.0
org.apache.commons.math3.fraction$BigFraction#getDenominatorAsLong():782;0.0
org.apache.commons.math3.fraction$BigFraction#getNumerator():793;0.0
org.apache.commons.math3.fraction$BigFraction#getNumeratorAsInt():804;0.0
org.apache.commons.math3.fraction$BigFraction#getNumeratorAsLong():815;0.0
org.apache.commons.math3.fraction$BigFraction#hashCode():828;0.0
org.apache.commons.math3.fraction$BigFraction#intValue():842;0.0
org.apache.commons.math3.fraction$BigFraction#longValue():856;0.0
org.apache.commons.math3.fraction$BigFraction#multiply(java.math.BigInteger):870;0.0
org.apache.commons.math3.fraction$BigFraction#multiply(int):887;0.0
org.apache.commons.math3.fraction$BigFraction#multiply(long):901;0.0
org.apache.commons.math3.fraction$BigFraction#multiply(org.apache.commons.math3.fraction.BigFraction):915;0.0
org.apache.commons.math3.fraction$BigFraction#negate():935;0.0
org.apache.commons.math3.fraction$BigFraction#percentageValue():947;0.0
org.apache.commons.math3.fraction$BigFraction#pow(int):962;0.0
org.apache.commons.math3.fraction$BigFraction#pow(long):979;0.0
org.apache.commons.math3.fraction$BigFraction#pow(java.math.BigInteger):998;0.0
org.apache.commons.math3.fraction$BigFraction#pow(double):1018;0.0
org.apache.commons.math3.fraction$BigFraction#reciprocal():1030;0.0
org.apache.commons.math3.fraction$BigFraction#reduce():1042;0.0
org.apache.commons.math3.fraction$BigFraction#subtract(java.math.BigInteger):1057;0.0
org.apache.commons.math3.fraction$BigFraction#subtract(int):1073;0.0
org.apache.commons.math3.fraction$BigFraction#subtract(long):1086;0.0
org.apache.commons.math3.fraction$BigFraction#subtract(org.apache.commons.math3.fraction.BigFraction):1100;0.0
org.apache.commons.math3.fraction$BigFraction#toString():1131;0.0
org.apache.commons.math3.fraction$BigFraction#getField():1144;0.0
org.apache.commons.math3.analysis.polynomials$PolynomialsUtils$1#generate(int):111;0.0
org.apache.commons.math3.analysis.polynomials$PolynomialsUtils$4#generate(int):188;0.0
org.apache.commons.math3.analysis.polynomials$PolynomialsUtils$3#generate(int):161;0.0
org.apache.commons.math3.analysis.polynomials$PolynomialsUtils$2#generate(int):135;0.0
org.apache.commons.math3.analysis.polynomials$PolynomialsUtils$JacobiKey#PolynomialsUtils$JacobiKey(int,int):268;0.0
org.apache.commons.math3.analysis.polynomials$PolynomialsUtils$JacobiKey#hashCode():278;0.0
org.apache.commons.math3.analysis.polynomials$PolynomialsUtils$JacobiKey#equals(java.lang.Object):288;0.0
org.apache.commons.math3.analysis.polynomials$PolynomialsUtils$5#generate(int):238;0.0
org.apache.commons.math3.analysis.polynomials$PolynomialFunctionLagrangeForm#PolynomialFunctionLagrangeForm(double[],double[]):73;0.0
org.apache.commons.math3.analysis.polynomials$PolynomialFunctionLagrangeForm#value(double):100;0.0
org.apache.commons.math3.analysis.polynomials$PolynomialFunctionLagrangeForm#degree():109;0.0
org.apache.commons.math3.analysis.polynomials$PolynomialFunctionLagrangeForm#getInterpolatingPoints():120;0.0
org.apache.commons.math3.analysis.polynomials$PolynomialFunctionLagrangeForm#getInterpolatingValues():133;0.0
org.apache.commons.math3.analysis.polynomials$PolynomialFunctionLagrangeForm#getCoefficients():149;0.0
org.apache.commons.math3.analysis.polynomials$PolynomialFunctionLagrangeForm#evaluate(double[],double[],double):175;0.0
org.apache.commons.math3.analysis.polynomials$PolynomialFunctionLagrangeForm#evaluateInternal(double[],double[],double):208;0.0
org.apache.commons.math3.analysis.polynomials$PolynomialFunctionLagrangeForm#computeCoefficients():257;0.0
org.apache.commons.math3.analysis.polynomials$PolynomialFunctionLagrangeForm#verifyInterpolationArray(double[],double[],boolean):318;0.0
org.apache.commons.math3.util$MathArrays$1#compare(org.apache.commons.math3.util.Pair,org.apache.commons.math3.util.Pair):715;0.0
org.apache.commons.math3.analysis.polynomials$PolynomialSplineFunction#PolynomialSplineFunction(double[],org.apache.commons.math3.analysis.polynomials.PolynomialFunction[]):104;0.0
org.apache.commons.math3.analysis.polynomials$PolynomialSplineFunction#value(double):137;0.0
org.apache.commons.math3.analysis.polynomials$PolynomialSplineFunction#derivative():159;0.0
org.apache.commons.math3.analysis.polynomials$PolynomialSplineFunction#polynomialSplineDerivative():168;0.0
org.apache.commons.math3.analysis.polynomials$PolynomialSplineFunction#value(org.apache.commons.math3.analysis.differentiation.DerivativeStructure):180;0.0
org.apache.commons.math3.analysis.polynomials$PolynomialSplineFunction#getN():204;0.0
org.apache.commons.math3.analysis.polynomials$PolynomialSplineFunction#getPolynomials():215;0.0
org.apache.commons.math3.analysis.polynomials$PolynomialSplineFunction#getKnots():228;0.0
org.apache.commons.math3.analysis.polynomials$PolynomialSplineFunction#isValidPoint(double):240;0.0
org.apache.commons.math3.analysis.polynomials$PolynomialFunctionNewtonForm#PolynomialFunctionNewtonForm(double[],double[]):80;0.0
org.apache.commons.math3.analysis.polynomials$PolynomialFunctionNewtonForm#value(double):97;0.0
org.apache.commons.math3.analysis.polynomials$PolynomialFunctionNewtonForm#value(org.apache.commons.math3.analysis.differentiation.DerivativeStructure):105;0.0
org.apache.commons.math3.analysis.polynomials$PolynomialFunctionNewtonForm#degree():123;0.0
org.apache.commons.math3.analysis.polynomials$PolynomialFunctionNewtonForm#getNewtonCoefficients():134;0.0
org.apache.commons.math3.analysis.polynomials$PolynomialFunctionNewtonForm#getCenters():147;0.0
org.apache.commons.math3.analysis.polynomials$PolynomialFunctionNewtonForm#getCoefficients():160;0.0
org.apache.commons.math3.analysis.polynomials$PolynomialFunctionNewtonForm#evaluate(double[],double[],double):184;0.0
org.apache.commons.math3.analysis.polynomials$PolynomialFunctionNewtonForm#computeCoefficients():200;0.0
org.apache.commons.math3.analysis.polynomials$PolynomialFunctionNewtonForm#verifyInputArray(double[],double[]):235;0.0
org.apache.commons.math3.analysis.interpolation$BicubicSplineInterpolatingFunction#BicubicSplineInterpolatingFunction(double[],double[],double[][],double[][],double[][],double[][]):103;0.0
org.apache.commons.math3.analysis.interpolation$BicubicSplineInterpolatingFunction#value(double,double):166;0.0
org.apache.commons.math3.analysis.interpolation$BicubicSplineInterpolatingFunction#isValidPoint(double,double):184;0.0
org.apache.commons.math3.analysis.interpolation$BicubicSplineInterpolatingFunction#partialDerivativeX(double,double):205;0.0
org.apache.commons.math3.analysis.interpolation$BicubicSplineInterpolatingFunction#partialDerivativeY(double,double):218;0.0
org.apache.commons.math3.analysis.interpolation$BicubicSplineInterpolatingFunction#partialDerivativeXX(double,double):231;0.0
org.apache.commons.math3.analysis.interpolation$BicubicSplineInterpolatingFunction#partialDerivativeYY(double,double):244;0.0
org.apache.commons.math3.analysis.interpolation$BicubicSplineInterpolatingFunction#partialDerivativeXY(double,double):256;0.0
org.apache.commons.math3.analysis.interpolation$BicubicSplineInterpolatingFunction#partialDerivative(int,double,double):270;0.0
org.apache.commons.math3.analysis.interpolation$BicubicSplineInterpolatingFunction#computePartialDerivatives():287;0.0
org.apache.commons.math3.analysis.interpolation$BicubicSplineInterpolatingFunction#searchIndex(double,double[]):312;0.0
org.apache.commons.math3.analysis.interpolation$BicubicSplineInterpolatingFunction#computeSplineCoefficients(double[]):365;0.0
org.apache.commons.math3.analysis.interpolation$BicubicSplineFunction#BicubicSplineFunction(double[]):413;0.0
org.apache.commons.math3.analysis.interpolation$BicubicSplineFunction#value(double,double):426;0.0
org.apache.commons.math3.analysis.interpolation$BicubicSplineFunction#apply(double[],double[],double[][]):453;0.0
org.apache.commons.math3.analysis.interpolation$BicubicSplineFunction#partialDerivativeX():467;0.0
org.apache.commons.math3.analysis.interpolation$BicubicSplineFunction#partialDerivativeY():477;0.0
org.apache.commons.math3.analysis.interpolation$BicubicSplineFunction#partialDerivativeXX():487;0.0
org.apache.commons.math3.analysis.interpolation$BicubicSplineFunction#partialDerivativeYY():497;0.0
org.apache.commons.math3.analysis.interpolation$BicubicSplineFunction#partialDerivativeXY():507;0.0
org.apache.commons.math3.analysis.interpolation$BicubicSplineFunction#computePartialDerivatives():518;0.0
org.apache.commons.math3.analysis.interpolation$UnivariatePeriodicInterpolator#UnivariatePeriodicInterpolator(org.apache.commons.math3.analysis.interpolation.UnivariateInterpolator,double,int):60;0.0
org.apache.commons.math3.analysis.interpolation$UnivariatePeriodicInterpolator#UnivariatePeriodicInterpolator(org.apache.commons.math3.analysis.interpolation.UnivariateInterpolator,double):76;0.0
org.apache.commons.math3.analysis.interpolation$UnivariatePeriodicInterpolator#interpolate(double[],double[]):88;0.0
org.apache.commons.math3.analysis.interpolation$LinearInterpolator#LinearInterpolator():32;0.0
org.apache.commons.math3.analysis.interpolation$LinearInterpolator#interpolate(double[],double[]):50;0.0
org.apache.commons.math3.analysis.interpolation$UnivariatePeriodicInterpolator$1#value(double):120;0.0
org.apache.commons.math3.analysis.interpolation$NevilleInterpolator#NevilleInterpolator():38;0.0
org.apache.commons.math3.analysis.interpolation$NevilleInterpolator#interpolate(double[],double[]):59;0.0
org.apache.commons.math3.analysis.interpolation$MicrosphereInterpolator#MicrosphereInterpolator():63;0.0
org.apache.commons.math3.analysis.interpolation$MicrosphereInterpolator#MicrosphereInterpolator(int,int):76;0.0
org.apache.commons.math3.analysis.interpolation$MicrosphereInterpolator#interpolate(double[][],double[]):96;0.0
org.apache.commons.math3.random$UnitSphereRandomVectorGenerator#UnitSphereRandomVectorGenerator(int,org.apache.commons.math3.random.RandomGenerator):46;0.0
org.apache.commons.math3.random$UnitSphereRandomVectorGenerator#UnitSphereRandomVectorGenerator(int):57;0.0
org.apache.commons.math3.random$UnitSphereRandomVectorGenerator#nextVector():62;0.0
org.apache.commons.math3.random$MersenneTwister#MersenneTwister():106;0.0
org.apache.commons.math3.random$MersenneTwister#MersenneTwister(int):114;0.0
org.apache.commons.math3.random$MersenneTwister#MersenneTwister(int[]):123;0.0
org.apache.commons.math3.random$MersenneTwister#MersenneTwister(long):131;0.0
org.apache.commons.math3.random$MersenneTwister#setSeed(int):144;0.0
org.apache.commons.math3.random$MersenneTwister#setSeed(int[]):167;0.0
org.apache.commons.math3.random$MersenneTwister#setSeed(long):216;0.0
org.apache.commons.math3.random$MersenneTwister#next(int):233;0.0
org.apache.commons.math3.analysis.interpolation$MicrosphereInterpolatingFunction#MicrosphereInterpolatingFunction(double[][],double[],int,int,org.apache.commons.math3.random.UnitSphereRandomVectorGenerator):153;0.0
org.apache.commons.math3.analysis.interpolation$MicrosphereInterpolatingFunction#value(double[]):199;0.0
org.apache.commons.math3.analysis.interpolation$MicrosphereInterpolatingFunction#cosAngle(org.apache.commons.math3.linear.RealVector,org.apache.commons.math3.linear.RealVector):249;0.0
org.apache.commons.math3.analysis.interpolation$MicrosphereInterpolatingFunction$MicrosphereSurfaceElement#MicrosphereInterpolatingFunction$MicrosphereSurfaceElement(double[]):77;0.0
org.apache.commons.math3.analysis.interpolation$MicrosphereInterpolatingFunction$MicrosphereSurfaceElement#normal():86;0.0
org.apache.commons.math3.analysis.interpolation$MicrosphereInterpolatingFunction$MicrosphereSurfaceElement#reset():93;0.0
org.apache.commons.math3.analysis.interpolation$MicrosphereInterpolatingFunction$MicrosphereSurfaceElement#store(double,java.util.Map$Entry):104;0.0
org.apache.commons.math3.analysis.interpolation$MicrosphereInterpolatingFunction$MicrosphereSurfaceElement#illumination():115;0.0
org.apache.commons.math3.analysis.interpolation$MicrosphereInterpolatingFunction$MicrosphereSurfaceElement#sample():123;0.0
org.apache.commons.math3.analysis.interpolation$HermiteInterpolator#HermiteInterpolator():62;0.0
org.apache.commons.math3.analysis.interpolation$HermiteInterpolator#addSamplePoint(double,double[][]):90;0.0
org.apache.commons.math3.analysis.interpolation$HermiteInterpolator#getPolynomials():134;0.0
org.apache.commons.math3.analysis.interpolation$HermiteInterpolator#value(double):172;0.0
org.apache.commons.math3.analysis.interpolation$HermiteInterpolator#value(org.apache.commons.math3.analysis.differentiation.DerivativeStructure):204;0.0
org.apache.commons.math3.analysis.interpolation$HermiteInterpolator#checkInterpolation():227;0.0
org.apache.commons.math3.analysis.interpolation$HermiteInterpolator#polynomial(double[]):237;0.0
org.apache.commons.math3.exception$ZeroException#ZeroException():37;0.0
org.apache.commons.math3.exception$ZeroException#ZeroException(org.apache.commons.math3.exception.util.Localizable,java.lang.Object[]):47;0.0
org.apache.commons.math3.analysis.interpolation$TricubicSplineInterpolatingFunction#TricubicSplineInterpolatingFunction(double[],double[],double[],double[][][],double[][][],double[][][],double[][][],double[][][],double[][][],double[][][],double[][][]):150;0.0
org.apache.commons.math3.analysis.interpolation$TricubicSplineInterpolatingFunction#value(double,double,double):308;0.0
org.apache.commons.math3.analysis.interpolation$TricubicSplineInterpolatingFunction#searchIndex(double,double[]):335;0.0
org.apache.commons.math3.analysis.interpolation$TricubicSplineInterpolatingFunction#computeSplineCoefficients(double[]):398;0.0
org.apache.commons.math3.analysis.interpolation$TricubicSplineFunction#TricubicSplineFunction(double[]):429;0.0
org.apache.commons.math3.analysis.interpolation$TricubicSplineFunction#value(double,double,double):449;0.0
org.apache.commons.math3.analysis.interpolation$LoessInterpolator#LoessInterpolator():95;0.0
org.apache.commons.math3.analysis.interpolation$LoessInterpolator#LoessInterpolator(double,int):124;0.0
org.apache.commons.math3.analysis.interpolation$LoessInterpolator#LoessInterpolator(double,int,double):150;0.0
org.apache.commons.math3.analysis.interpolation$LoessInterpolator#interpolate(double[],double[]):191;0.0
org.apache.commons.math3.analysis.interpolation$LoessInterpolator#smooth(double[],double[],double[]):221;0.0
org.apache.commons.math3.analysis.interpolation$LoessInterpolator#smooth(double[],double[]):388;0.0
org.apache.commons.math3.analysis.interpolation$LoessInterpolator#updateBandwidthInterval(double[],double[],int,int[]):416;0.0
org.apache.commons.math3.analysis.interpolation$LoessInterpolator#nextNonzero(double[],int):438;0.0
org.apache.commons.math3.analysis.interpolation$LoessInterpolator#tricube(double):454;0.0
org.apache.commons.math3.analysis.interpolation$LoessInterpolator#checkAllFiniteReal(double[]):470;0.0
org.apache.commons.math3.exception$NotFiniteNumberException#NotFiniteNumberException(java.lang.Number,java.lang.Object[]):40;0.0
org.apache.commons.math3.exception$NotFiniteNumberException#NotFiniteNumberException(org.apache.commons.math3.exception.util.Localizable,java.lang.Number,java.lang.Object[]):53;0.0
org.apache.commons.math3.analysis.interpolation$SplineInterpolator#SplineInterpolator():53;0.0
org.apache.commons.math3.analysis.interpolation$SplineInterpolator#interpolate(double[],double[]):70;0.0
org.apache.commons.math3.analysis.interpolation$FieldHermiteInterpolator#FieldHermiteInterpolator():64;0.0
org.apache.commons.math3.analysis.interpolation$FieldHermiteInterpolator#addSamplePoint(org.apache.commons.math3.FieldElement,org.apache.commons.math3.FieldElement[][]):95;0.0
org.apache.commons.math3.analysis.interpolation$FieldHermiteInterpolator#value(org.apache.commons.math3.FieldElement):143;0.0
org.apache.commons.math3.analysis.interpolation$FieldHermiteInterpolator#derivatives(org.apache.commons.math3.FieldElement,int):174;0.0
org.apache.commons.math3.fraction$BigFractionField#BigFractionField():41;0.0
org.apache.commons.math3.fraction$BigFractionField#getInstance():48;0.0
org.apache.commons.math3.fraction$BigFractionField#getOne():53;0.0
org.apache.commons.math3.fraction$BigFractionField#getZero():58;0.0
org.apache.commons.math3.fraction$BigFractionField#getRuntimeClass():63;0.0
org.apache.commons.math3.fraction$BigFractionField#readResolve():80;0.0
org.apache.commons.math3.fraction$BigFractionField$LazyHolder#BigFractionField$LazyHolder():69;0.0
org.apache.commons.math3.analysis.interpolation$BicubicSplineInterpolator#BicubicSplineInterpolator():33;0.0
org.apache.commons.math3.analysis.interpolation$BicubicSplineInterpolator#interpolate(double[],double[],double[][]):43;0.0
org.apache.commons.math3.analysis.interpolation$BicubicSplineInterpolator#nextIndex(int,int):133;0.0
org.apache.commons.math3.analysis.interpolation$BicubicSplineInterpolator#previousIndex(int):145;0.0
org.apache.commons.math3.analysis.interpolation$SmoothingPolynomialBicubicSplineInterpolator#SmoothingPolynomialBicubicSplineInterpolator():54;0.0
org.apache.commons.math3.analysis.interpolation$SmoothingPolynomialBicubicSplineInterpolator#SmoothingPolynomialBicubicSplineInterpolator(int):63;0.0
org.apache.commons.math3.analysis.interpolation$SmoothingPolynomialBicubicSplineInterpolator#SmoothingPolynomialBicubicSplineInterpolator(int,int):74;0.0
org.apache.commons.math3.analysis.interpolation$SmoothingPolynomialBicubicSplineInterpolator#interpolate(double[],double[],double[][]):101;0.0
org.apache.commons.math3.analysis.interpolation$TricubicSplineInterpolator#TricubicSplineInterpolator():31;0.0
org.apache.commons.math3.analysis.interpolation$TricubicSplineInterpolator#interpolate(double[],double[],double[],double[][][]):42;0.0
org.apache.commons.math3.analysis.interpolation$TricubicSplineInterpolator#nextIndex(int,int):186;0.0
org.apache.commons.math3.analysis.interpolation$TricubicSplineInterpolator#previousIndex(int):197;0.0
org.apache.commons.math3.analysis.interpolation$BicubicSplineFunction$1#value(double,double):537;0.0
org.apache.commons.math3.analysis.interpolation$BicubicSplineFunction$2#value(double,double):549;0.0
org.apache.commons.math3.analysis.interpolation$BicubicSplineFunction$3#value(double,double):561;0.0
org.apache.commons.math3.analysis.interpolation$BicubicSplineFunction$4#value(double,double):572;0.0
org.apache.commons.math3.analysis.interpolation$BicubicSplineFunction$5#value(double,double):583;0.0
org.apache.commons.math3.analysis.interpolation$DividedDifferenceInterpolator#DividedDifferenceInterpolator():39;0.0
org.apache.commons.math3.analysis.interpolation$DividedDifferenceInterpolator#interpolate(double[],double[]):64;0.0
org.apache.commons.math3.analysis.interpolation$DividedDifferenceInterpolator#computeDividedDifference(double[],double[]):103;0.0
org.apache.commons.math3.util$OpenIntToDoubleHashMap#OpenIntToDoubleHashMap():92;0.0
org.apache.commons.math3.util$OpenIntToDoubleHashMap#OpenIntToDoubleHashMap(double):100;0.0
org.apache.commons.math3.util$OpenIntToDoubleHashMap#OpenIntToDoubleHashMap(int):108;0.0
org.apache.commons.math3.util$OpenIntToDoubleHashMap#OpenIntToDoubleHashMap(int,double):117;0.0
org.apache.commons.math3.util$OpenIntToDoubleHashMap#OpenIntToDoubleHashMap(org.apache.commons.math3.util.OpenIntToDoubleHashMap):130;0.0
org.apache.commons.math3.util$OpenIntToDoubleHashMap#computeCapacity(int):150;0.0
org.apache.commons.math3.util$OpenIntToDoubleHashMap#nextPowerOfTwo(int):167;0.0
org.apache.commons.math3.util$OpenIntToDoubleHashMap#get(int):177;0.0
org.apache.commons.math3.util$OpenIntToDoubleHashMap#containsKey(int):207;0.0
org.apache.commons.math3.util$OpenIntToDoubleHashMap#iterator():238;0.0
org.apache.commons.math3.util$OpenIntToDoubleHashMap#perturb(int):247;0.0
org.apache.commons.math3.util$OpenIntToDoubleHashMap#findInsertionIndex(int):256;0.0
org.apache.commons.math3.util$OpenIntToDoubleHashMap#findInsertionIndex(int[],byte[],int,int):269;0.0
org.apache.commons.math3.util$OpenIntToDoubleHashMap#probe(int,int):323;0.0
org.apache.commons.math3.util$OpenIntToDoubleHashMap#changeIndexSign(int):332;0.0
org.apache.commons.math3.util$OpenIntToDoubleHashMap#size():340;0.0
org.apache.commons.math3.util$OpenIntToDoubleHashMap#remove(int):351;0.0
org.apache.commons.math3.util$OpenIntToDoubleHashMap#containsKey(int,int):382;0.0
org.apache.commons.math3.util$OpenIntToDoubleHashMap#doRemove(int):391;0.0
org.apache.commons.math3.util$OpenIntToDoubleHashMap#put(int,double):407;0.0
org.apache.commons.math3.util$OpenIntToDoubleHashMap#growTable():434;0.0
org.apache.commons.math3.util$OpenIntToDoubleHashMap#shouldGrowTable():466;0.0
org.apache.commons.math3.util$OpenIntToDoubleHashMap#hashOf(int):475;0.0
org.apache.commons.math3.util$OpenIntToDoubleHashMap#readObject(java.io.ObjectInputStream):592;0.0
org.apache.commons.math3.util$OpenIntToDoubleHashMap$Iterator#OpenIntToDoubleHashMap$Iterator(org.apache.commons.math3.util.OpenIntToDoubleHashMap):495;0.0
org.apache.commons.math3.util$OpenIntToDoubleHashMap$Iterator#hasNext():515;0.0
org.apache.commons.math3.util$OpenIntToDoubleHashMap$Iterator#key():526;0.0
org.apache.commons.math3.util$OpenIntToDoubleHashMap$Iterator#value():543;0.0
org.apache.commons.math3.util$OpenIntToDoubleHashMap$Iterator#advance():560;0.0
org.apache.commons.math3.util$ContinuedFraction#ContinuedFraction():45;0.0
org.apache.commons.math3.util$ContinuedFraction#evaluate(double):73;0.0
org.apache.commons.math3.util$ContinuedFraction#evaluate(double,double):84;0.0
org.apache.commons.math3.util$ContinuedFraction#evaluate(double,int):97;0.0
org.apache.commons.math3.util$ContinuedFraction#evaluate(double,double,int):125;0.0
org.apache.commons.math3.exception$MathArithmeticException#MathArithmeticException():43;0.0
org.apache.commons.math3.exception$MathArithmeticException#MathArithmeticException(org.apache.commons.math3.exception.util.Localizable,java.lang.Object[]):56;0.0
org.apache.commons.math3.exception$MathArithmeticException#getContext():63;0.0
org.apache.commons.math3.exception$MathArithmeticException#getMessage():69;0.0
org.apache.commons.math3.exception$MathArithmeticException#getLocalizedMessage():75;0.0
org.apache.commons.math3.util$CombinatoricsUtils$LexicographicCombinationIterator#CombinatoricsUtils$LexicographicCombinationIterator(int,int):502;0.0
org.apache.commons.math3.util$CombinatoricsUtils$LexicographicCombinationIterator#hasNext():523;0.0
org.apache.commons.math3.util$CombinatoricsUtils$LexicographicCombinationIterator#next():530;0.0
org.apache.commons.math3.util$CombinatoricsUtils$LexicographicCombinationIterator#remove():580;0.0
org.apache.commons.math3.util$CombinatoricsUtils$SingletonIterator#CombinatoricsUtils$SingletonIterator(int[]):597;0.0
org.apache.commons.math3.util$CombinatoricsUtils$SingletonIterator#hasNext():602;0.0
org.apache.commons.math3.util$CombinatoricsUtils$SingletonIterator#next():606;0.0
org.apache.commons.math3.util$CombinatoricsUtils$SingletonIterator#remove():615;0.0
org.apache.commons.math3.util$BigReal#BigReal(java.math.BigDecimal):63;0.0
org.apache.commons.math3.util$BigReal#BigReal(java.math.BigInteger):70;0.0
org.apache.commons.math3.util$BigReal#BigReal(java.math.BigInteger,int):78;0.0
org.apache.commons.math3.util$BigReal#BigReal(java.math.BigInteger,int,java.math.MathContext):87;0.0
org.apache.commons.math3.util$BigReal#BigReal(java.math.BigInteger,java.math.MathContext):95;0.0
org.apache.commons.math3.util$BigReal#BigReal(char[]):102;0.0
org.apache.commons.math3.util$BigReal#BigReal(char[],int,int):111;0.0
org.apache.commons.math3.util$BigReal#BigReal(char[],int,int,java.math.MathContext):121;0.0
org.apache.commons.math3.util$BigReal#BigReal(char[],java.math.MathContext):129;0.0
org.apache.commons.math3.util$BigReal#BigReal(double):136;0.0
org.apache.commons.math3.util$BigReal#BigReal(double,java.math.MathContext):144;0.0
org.apache.commons.math3.util$BigReal#BigReal(int):151;0.0
org.apache.commons.math3.util$BigReal#BigReal(int,java.math.MathContext):159;0.0
org.apache.commons.math3.util$BigReal#BigReal(long):166;0.0
org.apache.commons.math3.util$BigReal#BigReal(long,java.math.MathContext):174;0.0
org.apache.commons.math3.util$BigReal#BigReal(java.lang.String):181;0.0
org.apache.commons.math3.util$BigReal#BigReal(java.lang.String,java.math.MathContext):189;0.0
org.apache.commons.math3.util$BigReal#getRoundingMode():200;0.0
org.apache.commons.math3.util$BigReal#setRoundingMode(java.math.RoundingMode):209;0.0
org.apache.commons.math3.util$BigReal#getScale():219;0.0
org.apache.commons.math3.util$BigReal#setScale(int):228;0.0
org.apache.commons.math3.util$BigReal#add(org.apache.commons.math3.util.BigReal):233;0.0
org.apache.commons.math3.util$BigReal#subtract(org.apache.commons.math3.util.BigReal):238;0.0
org.apache.commons.math3.util$BigReal#negate():243;0.0
org.apache.commons.math3.util$BigReal#divide(org.apache.commons.math3.util.BigReal):253;0.0
org.apache.commons.math3.util$BigReal#reciprocal():267;0.0
org.apache.commons.math3.util$BigReal#multiply(org.apache.commons.math3.util.BigReal):276;0.0
org.apache.commons.math3.util$BigReal#multiply(int):281;0.0
org.apache.commons.math3.util$BigReal#compareTo(org.apache.commons.math3.util.BigReal):286;0.0
org.apache.commons.math3.util$BigReal#doubleValue():293;0.0
org.apache.commons.math3.util$BigReal#bigDecimalValue():300;0.0
org.apache.commons.math3.util$BigReal#equals(java.lang.Object):306;0.0
org.apache.commons.math3.util$BigReal#hashCode():319;0.0
org.apache.commons.math3.util$BigReal#getField():324;0.0
org.apache.commons.math3.util$BigRealField#BigRealField():41;0.0
org.apache.commons.math3.util$BigRealField#getInstance():48;0.0
org.apache.commons.math3.util$BigRealField#getOne():53;0.0
org.apache.commons.math3.util$BigRealField#getZero():58;0.0
org.apache.commons.math3.util$BigRealField#getRuntimeClass():63;0.0
org.apache.commons.math3.util$BigRealField#readResolve():81;0.0
org.apache.commons.math3.util$BigRealField$LazyHolder#BigRealField$LazyHolder():70;0.0
org.apache.commons.math3.util$DefaultTransformer#DefaultTransformer():34;0.0
org.apache.commons.math3.util$DefaultTransformer#transform(java.lang.Object):50;0.0
org.apache.commons.math3.util$DefaultTransformer#equals(java.lang.Object):69;0.0
org.apache.commons.math3.util$DefaultTransformer#hashCode():79;0.0
org.apache.commons.math3.util$MultidimensionalCounter#MultidimensionalCounter(int[]):165;0.0
org.apache.commons.math3.util$MultidimensionalCounter#iterator():196;0.0
org.apache.commons.math3.util$MultidimensionalCounter#getDimension():205;0.0
org.apache.commons.math3.util$MultidimensionalCounter#getCounts(int):217;0.0
org.apache.commons.math3.util$MultidimensionalCounter#getCount(int[]):255;0.0
org.apache.commons.math3.util$MultidimensionalCounter#getSize():276;0.0
org.apache.commons.math3.util$MultidimensionalCounter#getSizes():284;0.0
org.apache.commons.math3.util$MultidimensionalCounter#toString():292;0.0
org.apache.commons.math3.util$MultidimensionalCounter$Iterator#MultidimensionalCounter$Iterator(org.apache.commons.math3.util.MultidimensionalCounter):85;0.0
org.apache.commons.math3.util$MultidimensionalCounter$Iterator#hasNext():93;0.0
org.apache.commons.math3.util$MultidimensionalCounter$Iterator#next():106;0.0
org.apache.commons.math3.util$MultidimensionalCounter$Iterator#getCount():124;0.0
org.apache.commons.math3.util$MultidimensionalCounter$Iterator#getCounts():132;0.0
org.apache.commons.math3.util$MultidimensionalCounter$Iterator#getCount(int):147;0.0
org.apache.commons.math3.util$MultidimensionalCounter$Iterator#remove():154;0.0
org.apache.commons.math3.util$ResizableDoubleArray#ResizableDoubleArray():170;0.0
org.apache.commons.math3.util$ResizableDoubleArray#ResizableDoubleArray(int):186;0.0
org.apache.commons.math3.util$ResizableDoubleArray#ResizableDoubleArray(double[]):208;0.0
org.apache.commons.math3.util$ResizableDoubleArray#ResizableDoubleArray(int,float):242;0.0
org.apache.commons.math3.util$ResizableDoubleArray#ResizableDoubleArray(int,double):271;0.0
org.apache.commons.math3.util$ResizableDoubleArray#ResizableDoubleArray(int,float,float):302;0.0
org.apache.commons.math3.util$ResizableDoubleArray#ResizableDoubleArray(int,double,double):331;0.0
org.apache.commons.math3.util$ResizableDoubleArray#ResizableDoubleArray(int,float,float,int):365;0.0
org.apache.commons.math3.util$ResizableDoubleArray#ResizableDoubleArray(int,double,double,org.apache.commons.math3.util.ResizableDoubleArray$ExpansionMode,double[]):401;0.0
org.apache.commons.math3.util$ResizableDoubleArray#ResizableDoubleArray(org.apache.commons.math3.util.ResizableDoubleArray):431;0.0
org.apache.commons.math3.util$ResizableDoubleArray#addElement(double):442;0.0
org.apache.commons.math3.util$ResizableDoubleArray#addElements(double[]):455;0.0
org.apache.commons.math3.util$ResizableDoubleArray#addElementRolling(double):480;0.0
org.apache.commons.math3.util$ResizableDoubleArray#substituteMostRecentElement(double):510;0.0
org.apache.commons.math3.util$ResizableDoubleArray#checkContractExpand(float,float):538;0.0
org.apache.commons.math3.util$ResizableDoubleArray#checkContractExpand(double,double):557;0.0
org.apache.commons.math3.util$ResizableDoubleArray#clear():583;0.0
org.apache.commons.math3.util$ResizableDoubleArray#contract():593;0.0
org.apache.commons.math3.util$ResizableDoubleArray#discardFrontElements(int):616;0.0
org.apache.commons.math3.util$ResizableDoubleArray#discardMostRecentElements(int):632;0.0
org.apache.commons.math3.util$ResizableDoubleArray#discardExtremeElements(int,boolean):657;0.0
org.apache.commons.math3.util$ResizableDoubleArray#expand():692;0.0
org.apache.commons.math3.util$ResizableDoubleArray#expandTo(int):711;0.0
org.apache.commons.math3.util$ResizableDoubleArray#getContractionCriteria():733;0.0
org.apache.commons.math3.util$ResizableDoubleArray#getContractionCriterion():750;0.0
org.apache.commons.math3.util$ResizableDoubleArray#getElement(int):762;0.0
org.apache.commons.math3.util$ResizableDoubleArray#getElements():779;0.0
org.apache.commons.math3.util$ResizableDoubleArray#getExpansionFactor():799;0.0
org.apache.commons.math3.util$ResizableDoubleArray#getExpansionMode():812;0.0
org.apache.commons.math3.util$ResizableDoubleArray#getInternalLength():833;0.0
org.apache.commons.math3.util$ResizableDoubleArray#getCapacity():846;0.0
org.apache.commons.math3.util$ResizableDoubleArray#getNumElements():856;0.0
org.apache.commons.math3.util$ResizableDoubleArray#getInternalValues():874;0.0
org.apache.commons.math3.util$ResizableDoubleArray#getArrayRef():897;0.0
org.apache.commons.math3.util$ResizableDoubleArray#getStartIndex():912;0.0
org.apache.commons.math3.util$ResizableDoubleArray#setContractionCriteria(float):926;0.0
org.apache.commons.math3.util$ResizableDoubleArray#compute(org.apache.commons.math3.util.MathArrays$Function):943;0.0
org.apache.commons.math3.util$ResizableDoubleArray#setElement(int,double):963;0.0
org.apache.commons.math3.util$ResizableDoubleArray#setExpansionFactor(float):989;0.0
org.apache.commons.math3.util$ResizableDoubleArray#setExpansionMode(int):1007;0.0
org.apache.commons.math3.util$ResizableDoubleArray#setExpansionMode(org.apache.commons.math3.util.ResizableDoubleArray$ExpansionMode):1030;0.0
org.apache.commons.math3.util$ResizableDoubleArray#setInitialCapacity(int):1045;0.0
org.apache.commons.math3.util$ResizableDoubleArray#setNumElements(int):1058;0.0
org.apache.commons.math3.util$ResizableDoubleArray#shouldContract():1082;0.0
org.apache.commons.math3.util$ResizableDoubleArray#start():1101;0.0
org.apache.commons.math3.util$ResizableDoubleArray#copy(org.apache.commons.math3.util.ResizableDoubleArray,org.apache.commons.math3.util.ResizableDoubleArray):1124;0.0
org.apache.commons.math3.util$ResizableDoubleArray#copy():1149;0.0
org.apache.commons.math3.util$ResizableDoubleArray#equals(java.lang.Object):1165;0.0
org.apache.commons.math3.util$ResizableDoubleArray#hashCode():1197;0.0
org.apache.commons.math3.util$ResizableDoubleArray$ExpansionMode#ResizableDoubleArray$ExpansionMode(java.lang.String,int):153;0.0
org.apache.commons.math3.stat$StatUtils#StatUtils():82;0.0
org.apache.commons.math3.stat$StatUtils#sum(double[]):99;0.0
org.apache.commons.math3.stat$StatUtils#sum(double[],int,int):118;0.0
org.apache.commons.math3.stat$StatUtils#sumSq(double[]):133;0.0
org.apache.commons.math3.stat$StatUtils#sumSq(double[],int,int):152;0.0
org.apache.commons.math3.stat$StatUtils#product(double[]):167;0.0
org.apache.commons.math3.stat$StatUtils#product(double[],int,int):186;0.0
org.apache.commons.math3.stat$StatUtils#sumLog(double[]):205;0.0
org.apache.commons.math3.stat$StatUtils#sumLog(double[],int,int):228;0.0
org.apache.commons.math3.stat$StatUtils#mean(double[]):246;0.0
org.apache.commons.math3.stat$StatUtils#mean(double[],int,int):268;0.0
org.apache.commons.math3.stat$StatUtils#geometricMean(double[]):286;0.0
org.apache.commons.math3.stat$StatUtils#geometricMean(double[],int,int):308;0.0
org.apache.commons.math3.stat$StatUtils#variance(double[]):332;0.0
org.apache.commons.math3.stat$StatUtils#variance(double[],int,int):361;0.0
org.apache.commons.math3.stat$StatUtils#variance(double[],double,int,int):396;0.0
org.apache.commons.math3.stat$StatUtils#variance(double[],double):427;0.0
org.apache.commons.math3.stat$StatUtils#populationVariance(double[]):448;0.0
org.apache.commons.math3.stat$StatUtils#populationVariance(double[],int,int):474;0.0
org.apache.commons.math3.stat$StatUtils#populationVariance(double[],double,int,int):506;0.0
org.apache.commons.math3.stat$StatUtils#populationVariance(double[],double):534;0.0
org.apache.commons.math3.stat$StatUtils#max(double[]):555;0.0
org.apache.commons.math3.stat$StatUtils#max(double[],int,int):582;0.0
org.apache.commons.math3.stat$StatUtils#min(double[]):603;0.0
org.apache.commons.math3.stat$StatUtils#min(double[],int,int):630;0.0
org.apache.commons.math3.stat$StatUtils#percentile(double[],double):658;0.0
org.apache.commons.math3.stat$StatUtils#percentile(double[],int,int,double):690;0.0
org.apache.commons.math3.stat$StatUtils#sumDifference(double[],double[]):706;0.0
org.apache.commons.math3.stat$StatUtils#meanDifference(double[],double[]):733;0.0
org.apache.commons.math3.stat$StatUtils#varianceDifference(double[],double[],double):752;0.0
org.apache.commons.math3.stat$StatUtils#normalize(double[]):778;0.0
org.apache.commons.math3.stat$StatUtils#mode(double[]):818;0.0
org.apache.commons.math3.stat$StatUtils#mode(double[],int,int):846;0.0
org.apache.commons.math3.stat$StatUtils#getMode(double[],int,int):871;0.0
org.apache.commons.math3.stat.descriptive.summary$Product#Product():58;0.0
org.apache.commons.math3.stat.descriptive.summary$Product#Product(org.apache.commons.math3.stat.descriptive.summary.Product):70;0.0
org.apache.commons.math3.stat.descriptive.summary$Product#increment(double):79;0.0
org.apache.commons.math3.stat.descriptive.summary$Product#getResult():88;0.0
org.apache.commons.math3.stat.descriptive.summary$Product#getN():95;0.0
org.apache.commons.math3.stat.descriptive.summary$Product#clear():103;0.0
org.apache.commons.math3.stat.descriptive.summary$Product#evaluate(double[],int,int):124;0.0
org.apache.commons.math3.stat.descriptive.summary$Product#evaluate(double[],double[],int,int):164;0.0
org.apache.commons.math3.stat.descriptive.summary$Product#evaluate(double[],double[]):199;0.0
org.apache.commons.math3.stat.descriptive.summary$Product#copy():208;0.0
org.apache.commons.math3.stat.descriptive.summary$Product#copy(org.apache.commons.math3.stat.descriptive.summary.Product,org.apache.commons.math3.stat.descriptive.summary.Product):224;0.0
org.apache.commons.math3.stat.descriptive.rank$Percentile#Percentile():108;0.0
org.apache.commons.math3.stat.descriptive.rank$Percentile#Percentile(double):117;0.0
org.apache.commons.math3.stat.descriptive.rank$Percentile#Percentile(org.apache.commons.math3.stat.descriptive.rank.Percentile):129;0.0
org.apache.commons.math3.stat.descriptive.rank$Percentile#setData(double[]):136;0.0
org.apache.commons.math3.stat.descriptive.rank$Percentile#setData(double[],int,int):149;0.0
org.apache.commons.math3.stat.descriptive.rank$Percentile#evaluate(double):170;0.0
org.apache.commons.math3.stat.descriptive.rank$Percentile#evaluate(double[],double):201;0.0
org.apache.commons.math3.stat.descriptive.rank$Percentile#evaluate(double[],int,int):231;0.0
org.apache.commons.math3.stat.descriptive.rank$Percentile#evaluate(double[],int,int,double):267;0.0
org.apache.commons.math3.stat.descriptive.rank$Percentile#select(double[],int[],int):320;0.0
org.apache.commons.math3.stat.descriptive.rank$Percentile#medianOf3(double[],int,int):370;0.0
org.apache.commons.math3.stat.descriptive.rank$Percentile#partition(double[],int,int,int):407;0.0
org.apache.commons.math3.stat.descriptive.rank$Percentile#insertionSort(double[],int,int):443;0.0
org.apache.commons.math3.stat.descriptive.rank$Percentile#getQuantile():461;0.0
org.apache.commons.math3.stat.descriptive.rank$Percentile#setQuantile(double):473;0.0
org.apache.commons.math3.stat.descriptive.rank$Percentile#copy():485;0.0
org.apache.commons.math3.stat.descriptive.rank$Percentile#copy(org.apache.commons.math3.stat.descriptive.rank.Percentile,org.apache.commons.math3.stat.descriptive.rank.Percentile):501;0.0
org.apache.commons.math3.distribution$AbstractIntegerDistribution#AbstractIntegerDistribution():61;0.0
org.apache.commons.math3.distribution$AbstractIntegerDistribution#AbstractIntegerDistribution(org.apache.commons.math3.random.RandomGenerator):71;0.0
org.apache.commons.math3.distribution$AbstractIntegerDistribution#cumulativeProbability(int,int):82;0.0
org.apache.commons.math3.distribution$AbstractIntegerDistribution#inverseCumulativeProbability(double):101;0.0
org.apache.commons.math3.distribution$AbstractIntegerDistribution#solveInverseCumulativeProbability(double,int,int):158;0.0
org.apache.commons.math3.distribution$AbstractIntegerDistribution#reseedRandomGenerator(long):181;0.0
org.apache.commons.math3.distribution$AbstractIntegerDistribution#sample():193;0.0
org.apache.commons.math3.distribution$AbstractIntegerDistribution#sample(int):203;0.0
org.apache.commons.math3.distribution$AbstractIntegerDistribution#checkedCumulativeProbability(int):227;0.0
org.apache.commons.math3.distribution$UniformIntegerDistribution#UniformIntegerDistribution(int,int):52;0.0
org.apache.commons.math3.distribution$UniformIntegerDistribution#UniformIntegerDistribution(org.apache.commons.math3.random.RandomGenerator,int,int):69;0.0
org.apache.commons.math3.distribution$UniformIntegerDistribution#probability(int):82;0.0
org.apache.commons.math3.distribution$UniformIntegerDistribution#cumulativeProbability(int):90;0.0
org.apache.commons.math3.distribution$UniformIntegerDistribution#getNumericalMean():106;0.0
org.apache.commons.math3.distribution$UniformIntegerDistribution#getNumericalVariance():116;0.0
org.apache.commons.math3.distribution$UniformIntegerDistribution#getSupportLowerBound():129;0.0
org.apache.commons.math3.distribution$UniformIntegerDistribution#getSupportUpperBound():141;0.0
org.apache.commons.math3.distribution$UniformIntegerDistribution#isSupportConnected():152;0.0
org.apache.commons.math3.distribution$UniformIntegerDistribution#sample():158;0.0
org.apache.commons.math3.util$Decimal64#Decimal64(double):74;0.0
org.apache.commons.math3.util$Decimal64#getField():84;0.0
org.apache.commons.math3.util$Decimal64#add(org.apache.commons.math3.util.Decimal64):95;0.0
org.apache.commons.math3.util$Decimal64#subtract(org.apache.commons.math3.util.Decimal64):106;0.0
org.apache.commons.math3.util$Decimal64#negate():116;0.0
org.apache.commons.math3.util$Decimal64#multiply(org.apache.commons.math3.util.Decimal64):127;0.0
org.apache.commons.math3.util$Decimal64#multiply(int):137;0.0
org.apache.commons.math3.util$Decimal64#divide(org.apache.commons.math3.util.Decimal64):149;0.0
org.apache.commons.math3.util$Decimal64#reciprocal():160;0.0
org.apache.commons.math3.util$Decimal64#byteValue():174;0.0
org.apache.commons.math3.util$Decimal64#shortValue():184;0.0
org.apache.commons.math3.util$Decimal64#intValue():194;0.0
org.apache.commons.math3.util$Decimal64#longValue():204;0.0
org.apache.commons.math3.util$Decimal64#floatValue():214;0.0
org.apache.commons.math3.util$Decimal64#doubleValue():220;0.0
org.apache.commons.math3.util$Decimal64#compareTo(org.apache.commons.math3.util.Decimal64):237;0.0
org.apache.commons.math3.util$Decimal64#equals(java.lang.Object):247;0.0
org.apache.commons.math3.util$Decimal64#hashCode():265;0.0
org.apache.commons.math3.util$Decimal64#toString():279;0.0
org.apache.commons.math3.util$Decimal64#isInfinite():293;0.0
org.apache.commons.math3.util$Decimal64#isNaN():303;0.0
org.apache.commons.math3.util$Decimal64#getReal():310;0.0
org.apache.commons.math3.util$Decimal64#add(double):317;0.0
org.apache.commons.math3.util$Decimal64#subtract(double):324;0.0
org.apache.commons.math3.util$Decimal64#multiply(double):331;0.0
org.apache.commons.math3.util$Decimal64#divide(double):338;0.0
org.apache.commons.math3.util$Decimal64#remainder(double):345;0.0
org.apache.commons.math3.util$Decimal64#remainder(org.apache.commons.math3.util.Decimal64):352;0.0
org.apache.commons.math3.util$Decimal64#abs():359;0.0
org.apache.commons.math3.util$Decimal64#ceil():366;0.0
org.apache.commons.math3.util$Decimal64#floor():373;0.0
org.apache.commons.math3.util$Decimal64#rint():380;0.0
org.apache.commons.math3.util$Decimal64#round():387;0.0
org.apache.commons.math3.util$Decimal64#signum():394;0.0
org.apache.commons.math3.util$Decimal64#copySign(org.apache.commons.math3.util.Decimal64):401;0.0
org.apache.commons.math3.util$Decimal64#copySign(double):408;0.0
org.apache.commons.math3.util$Decimal64#scalb(int):415;0.0
org.apache.commons.math3.util$Decimal64#hypot(org.apache.commons.math3.util.Decimal64):422;0.0
org.apache.commons.math3.util$Decimal64#sqrt():429;0.0
org.apache.commons.math3.util$Decimal64#cbrt():436;0.0
org.apache.commons.math3.util$Decimal64#rootN(int):443;0.0
org.apache.commons.math3.util$Decimal64#pow(double):454;0.0
org.apache.commons.math3.util$Decimal64#pow(int):461;0.0
org.apache.commons.math3.util$Decimal64#pow(org.apache.commons.math3.util.Decimal64):468;0.0
org.apache.commons.math3.util$Decimal64#exp():475;0.0
org.apache.commons.math3.util$Decimal64#expm1():482;0.0
org.apache.commons.math3.util$Decimal64#log():489;0.0
org.apache.commons.math3.util$Decimal64#log1p():496;0.0
org.apache.commons.math3.util$Decimal64#log10():504;0.0
org.apache.commons.math3.util$Decimal64#cos():511;0.0
org.apache.commons.math3.util$Decimal64#sin():518;0.0
org.apache.commons.math3.util$Decimal64#tan():525;0.0
org.apache.commons.math3.util$Decimal64#acos():532;0.0
org.apache.commons.math3.util$Decimal64#asin():539;0.0
org.apache.commons.math3.util$Decimal64#atan():546;0.0
org.apache.commons.math3.util$Decimal64#atan2(org.apache.commons.math3.util.Decimal64):553;0.0
org.apache.commons.math3.util$Decimal64#cosh():560;0.0
org.apache.commons.math3.util$Decimal64#sinh():567;0.0
org.apache.commons.math3.util$Decimal64#tanh():574;0.0
org.apache.commons.math3.util$Decimal64#acosh():581;0.0
org.apache.commons.math3.util$Decimal64#asinh():588;0.0
org.apache.commons.math3.util$Decimal64#atanh():595;0.0
org.apache.commons.math3.util$Decimal64#linearCombination(org.apache.commons.math3.util.Decimal64[],org.apache.commons.math3.util.Decimal64[]):603;0.0
org.apache.commons.math3.util$Decimal64#linearCombination(double[],org.apache.commons.math3.util.Decimal64[]):620;0.0
org.apache.commons.math3.util$Decimal64#linearCombination(org.apache.commons.math3.util.Decimal64,org.apache.commons.math3.util.Decimal64,org.apache.commons.math3.util.Decimal64,org.apache.commons.math3.util.Decimal64):635;0.0
org.apache.commons.math3.util$Decimal64#linearCombination(double,org.apache.commons.math3.util.Decimal64,double,org.apache.commons.math3.util.Decimal64):644;0.0
org.apache.commons.math3.util$Decimal64#linearCombination(org.apache.commons.math3.util.Decimal64,org.apache.commons.math3.util.Decimal64,org.apache.commons.math3.util.Decimal64,org.apache.commons.math3.util.Decimal64,org.apache.commons.math3.util.Decimal64,org.apache.commons.math3.util.Decimal64):654;0.0
org.apache.commons.math3.util$Decimal64#linearCombination(double,org.apache.commons.math3.util.Decimal64,double,org.apache.commons.math3.util.Decimal64,double,org.apache.commons.math3.util.Decimal64):665;0.0
org.apache.commons.math3.util$Decimal64#linearCombination(org.apache.commons.math3.util.Decimal64,org.apache.commons.math3.util.Decimal64,org.apache.commons.math3.util.Decimal64,org.apache.commons.math3.util.Decimal64,org.apache.commons.math3.util.Decimal64,org.apache.commons.math3.util.Decimal64,org.apache.commons.math3.util.Decimal64,org.apache.commons.math3.util.Decimal64):677;0.0
org.apache.commons.math3.util$Decimal64#linearCombination(double,org.apache.commons.math3.util.Decimal64,double,org.apache.commons.math3.util.Decimal64,double,org.apache.commons.math3.util.Decimal64,double,org.apache.commons.math3.util.Decimal64):690;0.0
org.apache.commons.math3.util$Decimal64Field#Decimal64Field():35;0.0
org.apache.commons.math3.util$Decimal64Field#getInstance():45;0.0
org.apache.commons.math3.util$Decimal64Field#getZero():50;0.0
org.apache.commons.math3.util$Decimal64Field#getOne():55;0.0
org.apache.commons.math3.util$Decimal64Field#getRuntimeClass():60;0.0
org.apache.commons.math3.fraction$FractionField#FractionField():41;0.0
org.apache.commons.math3.fraction$FractionField#getInstance():48;0.0
org.apache.commons.math3.fraction$FractionField#getOne():53;0.0
org.apache.commons.math3.fraction$FractionField#getZero():58;0.0
org.apache.commons.math3.fraction$FractionField#getRuntimeClass():63;0.0
org.apache.commons.math3.fraction$FractionField#readResolve():80;0.0
org.apache.commons.math3.fraction$FractionField$LazyHolder#FractionField$LazyHolder():69;0.0
org.apache.commons.math3.fraction$Fraction#Fraction(double):102;0.0
org.apache.commons.math3.fraction$Fraction#Fraction(double,double,int):124;0.0
org.apache.commons.math3.fraction$Fraction#Fraction(double,int):144;0.0
org.apache.commons.math3.fraction$Fraction#Fraction(double,double,int,int):180;0.0
org.apache.commons.math3.fraction$Fraction#Fraction(int):254;0.0
org.apache.commons.math3.fraction$Fraction#Fraction(int,int):264;0.0
org.apache.commons.math3.fraction$Fraction#abs():300;0.0
org.apache.commons.math3.fraction$Fraction#compareTo(org.apache.commons.math3.fraction.Fraction):315;0.0
org.apache.commons.math3.fraction$Fraction#doubleValue():327;0.0
org.apache.commons.math3.fraction$Fraction#equals(java.lang.Object):341;0.0
org.apache.commons.math3.fraction$Fraction#floatValue():361;0.0
org.apache.commons.math3.fraction$Fraction#getDenominator():369;0.0
org.apache.commons.math3.fraction$Fraction#getNumerator():377;0.0
org.apache.commons.math3.fraction$Fraction#hashCode():386;0.0
org.apache.commons.math3.fraction$Fraction#intValue():396;0.0
org.apache.commons.math3.fraction$Fraction#longValue():406;0.0
org.apache.commons.math3.fraction$Fraction#negate():414;0.0
org.apache.commons.math3.fraction$Fraction#reciprocal():425;0.0
org.apache.commons.math3.fraction$Fraction#add(org.apache.commons.math3.fraction.Fraction):439;0.0
org.apache.commons.math3.fraction$Fraction#add(int):448;0.0
org.apache.commons.math3.fraction$Fraction#subtract(org.apache.commons.math3.fraction.Fraction):462;0.0
org.apache.commons.math3.fraction$Fraction#subtract(int):471;0.0
org.apache.commons.math3.fraction$Fraction#addSub(org.apache.commons.math3.fraction.Fraction,boolean):485;0.0
org.apache.commons.math3.fraction$Fraction#multiply(org.apache.commons.math3.fraction.Fraction):542;0.0
org.apache.commons.math3.fraction$Fraction#multiply(int):563;0.0
org.apache.commons.math3.fraction$Fraction#divide(org.apache.commons.math3.fraction.Fraction):577;0.0
org.apache.commons.math3.fraction$Fraction#divide(int):593;0.0
org.apache.commons.math3.fraction$Fraction#percentageValue():605;0.0
org.apache.commons.math3.fraction$Fraction#getReducedFraction(int,int):620;0.0
org.apache.commons.math3.fraction$Fraction#toString():658;0.0
org.apache.commons.math3.fraction$Fraction#getField():671;0.0
org.apache.commons.math3.util$OpenIntToFieldHashMap#OpenIntToFieldHashMap(org.apache.commons.math3.Field):100;0.0
org.apache.commons.math3.util$OpenIntToFieldHashMap#OpenIntToFieldHashMap(org.apache.commons.math3.Field,org.apache.commons.math3.FieldElement):109;0.0
org.apache.commons.math3.util$OpenIntToFieldHashMap#OpenIntToFieldHashMap(org.apache.commons.math3.Field,int):118;0.0
org.apache.commons.math3.util$OpenIntToFieldHashMap#OpenIntToFieldHashMap(org.apache.commons.math3.Field,int,org.apache.commons.math3.FieldElement):128;0.0
org.apache.commons.math3.util$OpenIntToFieldHashMap#OpenIntToFieldHashMap(org.apache.commons.math3.util.OpenIntToFieldHashMap):142;0.0
org.apache.commons.math3.util$OpenIntToFieldHashMap#computeCapacity(int):163;0.0
org.apache.commons.math3.util$OpenIntToFieldHashMap#nextPowerOfTwo(int):180;0.0
org.apache.commons.math3.util$OpenIntToFieldHashMap#get(int):190;0.0
org.apache.commons.math3.util$OpenIntToFieldHashMap#containsKey(int):220;0.0
org.apache.commons.math3.util$OpenIntToFieldHashMap#iterator():251;0.0
org.apache.commons.math3.util$OpenIntToFieldHashMap#perturb(int):260;0.0
org.apache.commons.math3.util$OpenIntToFieldHashMap#findInsertionIndex(int):269;0.0
org.apache.commons.math3.util$OpenIntToFieldHashMap#findInsertionIndex(int[],byte[],int,int):282;0.0
org.apache.commons.math3.util$OpenIntToFieldHashMap#probe(int,int):336;0.0
org.apache.commons.math3.util$OpenIntToFieldHashMap#changeIndexSign(int):345;0.0
org.apache.commons.math3.util$OpenIntToFieldHashMap#size():353;0.0
org.apache.commons.math3.util$OpenIntToFieldHashMap#remove(int):364;0.0
org.apache.commons.math3.util$OpenIntToFieldHashMap#containsKey(int,int):395;0.0
org.apache.commons.math3.util$OpenIntToFieldHashMap#doRemove(int):404;0.0
org.apache.commons.math3.util$OpenIntToFieldHashMap#put(int,org.apache.commons.math3.FieldElement):420;0.0
org.apache.commons.math3.util$OpenIntToFieldHashMap#growTable():447;0.0
org.apache.commons.math3.util$OpenIntToFieldHashMap#shouldGrowTable():479;0.0
org.apache.commons.math3.util$OpenIntToFieldHashMap#hashOf(int):488;0.0
org.apache.commons.math3.util$OpenIntToFieldHashMap#readObject(java.io.ObjectInputStream):605;0.0
org.apache.commons.math3.util$OpenIntToFieldHashMap#buildArray(int):615;0.0
org.apache.commons.math3.util$OpenIntToFieldHashMap$Iterator#OpenIntToFieldHashMap$Iterator(org.apache.commons.math3.util.OpenIntToFieldHashMap):508;0.0
org.apache.commons.math3.util$OpenIntToFieldHashMap$Iterator#hasNext():528;0.0
org.apache.commons.math3.util$OpenIntToFieldHashMap$Iterator#key():539;0.0
org.apache.commons.math3.util$OpenIntToFieldHashMap$Iterator#value():556;0.0
org.apache.commons.math3.util$OpenIntToFieldHashMap$Iterator#advance():573;0.0
org.apache.commons.math3.util$MathArrays$2#compare(org.apache.commons.math3.util.Pair,org.apache.commons.math3.util.Pair):720;0.0
org.apache.commons.math3.util$TransformerMap#TransformerMap():52;0.0
org.apache.commons.math3.util$TransformerMap#containsClass(java.lang.Class):63;0.0
org.apache.commons.math3.util$TransformerMap#containsTransformer(org.apache.commons.math3.util.NumberTransformer):72;0.0
org.apache.commons.math3.util$TransformerMap#getTransformer(java.lang.Class):82;0.0
org.apache.commons.math3.util$TransformerMap#putTransformer(java.lang.Class,org.apache.commons.math3.util.NumberTransformer):94;0.0
org.apache.commons.math3.util$TransformerMap#removeTransformer(java.lang.Class):104;0.0
org.apache.commons.math3.util$TransformerMap#clear():111;0.0
org.apache.commons.math3.util$TransformerMap#classes():119;0.0
org.apache.commons.math3.util$TransformerMap#transformers():128;0.0
org.apache.commons.math3.util$TransformerMap#transform(java.lang.Object):142;0.0
org.apache.commons.math3.util$TransformerMap#equals(java.lang.Object):159;0.0
org.apache.commons.math3.util$TransformerMap#hashCode():183;0.0
org.apache.commons.math3.complex$ComplexFormat#ComplexFormat():54;0.0
org.apache.commons.math3.complex$ComplexFormat#ComplexFormat(java.text.NumberFormat):66;0.0
org.apache.commons.math3.complex$ComplexFormat#ComplexFormat(java.text.NumberFormat,java.text.NumberFormat):84;0.0
org.apache.commons.math3.complex$ComplexFormat#ComplexFormat(java.lang.String):108;0.0
org.apache.commons.math3.complex$ComplexFormat#ComplexFormat(java.lang.String,java.text.NumberFormat):124;0.0
org.apache.commons.math3.complex$ComplexFormat#ComplexFormat(java.lang.String,java.text.NumberFormat,java.text.NumberFormat):145;0.0
org.apache.commons.math3.complex$ComplexFormat#getAvailableLocales():170;0.0
org.apache.commons.math3.complex$ComplexFormat#format(org.apache.commons.math3.complex.Complex):180;0.0
org.apache.commons.math3.complex$ComplexFormat#format(java.lang.Double):190;0.0
org.apache.commons.math3.complex$ComplexFormat#format(org.apache.commons.math3.complex.Complex,java.lang.StringBuffer,java.text.FieldPosition):204;0.0
org.apache.commons.math3.complex$ComplexFormat#formatImaginary(double,java.lang.StringBuffer,java.text.FieldPosition):241;0.0
org.apache.commons.math3.complex$ComplexFormat#format(java.lang.Object,java.lang.StringBuffer,java.text.FieldPosition):270;0.0
org.apache.commons.math3.complex$ComplexFormat#getImaginaryCharacter():290;0.0
org.apache.commons.math3.complex$ComplexFormat#getImaginaryFormat():298;0.0
org.apache.commons.math3.complex$ComplexFormat#getInstance():306;0.0
org.apache.commons.math3.complex$ComplexFormat#getInstance(java.util.Locale):315;0.0
org.apache.commons.math3.complex$ComplexFormat#getInstance(java.lang.String,java.util.Locale):331;0.0
org.apache.commons.math3.complex$ComplexFormat#getRealFormat():340;0.0
org.apache.commons.math3.complex$ComplexFormat#parse(java.lang.String):352;0.0
org.apache.commons.math3.complex$ComplexFormat#parse(java.lang.String,java.text.ParsePosition):370;0.0
org.apache.commons.math3.complex$ComplexField#ComplexField():41;0.0
org.apache.commons.math3.complex$ComplexField#getInstance():48;0.0
org.apache.commons.math3.complex$ComplexField#getOne():53;0.0
org.apache.commons.math3.complex$ComplexField#getZero():58;0.0
org.apache.commons.math3.complex$ComplexField#getRuntimeClass():63;0.0
org.apache.commons.math3.complex$ComplexField#readResolve():81;0.0
org.apache.commons.math3.complex$ComplexField$LazyHolder#ComplexField$LazyHolder():70;0.0
org.apache.commons.math3.complex$RootsOfUnity#RootsOfUnity():69;0.0
org.apache.commons.math3.complex$RootsOfUnity#isCounterClockWise():91;0.0
org.apache.commons.math3.complex$RootsOfUnity#computeRoots(int):119;0.0
org.apache.commons.math3.complex$RootsOfUnity#getReal(int):165;0.0
org.apache.commons.math3.complex$RootsOfUnity#getImaginary(int):192;0.0
org.apache.commons.math3.complex$RootsOfUnity#getNumberOfRoots():217;0.0
org.apache.commons.math3.complex$Quaternion#Quaternion(double,double,double,double):72;0.0
org.apache.commons.math3.complex$Quaternion#Quaternion(double,double[]):89;0.0
org.apache.commons.math3.complex$Quaternion#Quaternion(double[]):106;0.0
org.apache.commons.math3.complex$Quaternion#getConjugate():115;0.0
org.apache.commons.math3.complex$Quaternion#multiply(org.apache.commons.math3.complex.Quaternion,org.apache.commons.math3.complex.Quaternion):127;0.0
org.apache.commons.math3.complex$Quaternion#multiply(org.apache.commons.math3.complex.Quaternion):154;0.0
org.apache.commons.math3.complex$Quaternion#add(org.apache.commons.math3.complex.Quaternion,org.apache.commons.math3.complex.Quaternion):166;0.0
org.apache.commons.math3.complex$Quaternion#add(org.apache.commons.math3.complex.Quaternion):179;0.0
org.apache.commons.math3.complex$Quaternion#subtract(org.apache.commons.math3.complex.Quaternion,org.apache.commons.math3.complex.Quaternion):191;0.0
org.apache.commons.math3.complex$Quaternion#subtract(org.apache.commons.math3.complex.Quaternion):204;0.0
org.apache.commons.math3.complex$Quaternion#dotProduct(org.apache.commons.math3.complex.Quaternion,org.apache.commons.math3.complex.Quaternion):216;0.0
org.apache.commons.math3.complex$Quaternion#dotProduct(org.apache.commons.math3.complex.Quaternion):229;0.0
org.apache.commons.math3.complex$Quaternion#getNorm():238;0.0
org.apache.commons.math3.complex$Quaternion#normalize():252;0.0
org.apache.commons.math3.complex$Quaternion#equals(java.lang.Object):269;0.0
org.apache.commons.math3.complex$Quaternion#hashCode():289;0.0
org.apache.commons.math3.complex$Quaternion#equals(org.apache.commons.math3.complex.Quaternion,double):308;0.0
org.apache.commons.math3.complex$Quaternion#isUnitQuaternion(double):323;0.0
org.apache.commons.math3.complex$Quaternion#isPureQuaternion(double):334;0.0
org.apache.commons.math3.complex$Quaternion#getPositivePolarForm():343;0.0
org.apache.commons.math3.complex$Quaternion#getInverse():364;0.0
org.apache.commons.math3.complex$Quaternion#getQ0():381;0.0
org.apache.commons.math3.complex$Quaternion#getQ1():391;0.0
org.apache.commons.math3.complex$Quaternion#getQ2():401;0.0
org.apache.commons.math3.complex$Quaternion#getQ3():411;0.0
org.apache.commons.math3.complex$Quaternion#getScalarPart():421;0.0
org.apache.commons.math3.complex$Quaternion#getVectorPart():433;0.0
org.apache.commons.math3.complex$Quaternion#multiply(double):443;0.0
org.apache.commons.math3.complex$Quaternion#toString():454;0.0
org.apache.commons.math3.geometry.euclidean.threed$Rotation#Rotation(double,double,double,double,boolean):136;0.0
org.apache.commons.math3.geometry.euclidean.threed$Rotation#Rotation(org.apache.commons.math3.geometry.euclidean.threed.Vector3D,double):175;0.0
org.apache.commons.math3.geometry.euclidean.threed$Rotation#Rotation(double[][],double):223;0.0
org.apache.commons.math3.geometry.euclidean.threed$Rotation#Rotation(org.apache.commons.math3.geometry.euclidean.threed.Vector3D,org.apache.commons.math3.geometry.euclidean.threed.Vector3D,org.apache.commons.math3.geometry.euclidean.threed.Vector3D,org.apache.commons.math3.geometry.euclidean.threed.Vector3D):274;0.0
org.apache.commons.math3.geometry.euclidean.threed$Rotation#Rotation(org.apache.commons.math3.geometry.euclidean.threed.Vector3D,org.apache.commons.math3.geometry.euclidean.threed.Vector3D):328;0.0
org.apache.commons.math3.geometry.euclidean.threed$Rotation#Rotation(org.apache.commons.math3.geometry.euclidean.threed.RotationOrder,double,double,double):378;0.0
org.apache.commons.math3.geometry.euclidean.threed$Rotation#mat2quat(double[][]):395;0.0
org.apache.commons.math3.geometry.euclidean.threed$Rotation#revert():458;0.0
org.apache.commons.math3.geometry.euclidean.threed$Rotation#getQ0():465;0.0
org.apache.commons.math3.geometry.euclidean.threed$Rotation#getQ1():472;0.0
org.apache.commons.math3.geometry.euclidean.threed$Rotation#getQ2():479;0.0
org.apache.commons.math3.geometry.euclidean.threed$Rotation#getQ3():486;0.0
org.apache.commons.math3.geometry.euclidean.threed$Rotation#getAxis():494;0.0
org.apache.commons.math3.geometry.euclidean.threed$Rotation#getAngle():510;0.0
org.apache.commons.math3.geometry.euclidean.threed$Rotation#getAngles(org.apache.commons.math3.geometry.euclidean.threed.RotationOrder):556;0.0
org.apache.commons.math3.geometry.euclidean.threed$Rotation#getMatrix():782;0.0
org.apache.commons.math3.geometry.euclidean.threed$Rotation#applyTo(org.apache.commons.math3.geometry.euclidean.threed.Vector3D):821;0.0
org.apache.commons.math3.geometry.euclidean.threed$Rotation#applyTo(double[],double[]):840;0.0
org.apache.commons.math3.geometry.euclidean.threed$Rotation#applyInverseTo(org.apache.commons.math3.geometry.euclidean.threed.Vector3D):858;0.0
org.apache.commons.math3.geometry.euclidean.threed$Rotation#applyInverseTo(double[],double[]):878;0.0
org.apache.commons.math3.geometry.euclidean.threed$Rotation#applyTo(org.apache.commons.math3.geometry.euclidean.threed.Rotation):901;0.0
org.apache.commons.math3.geometry.euclidean.threed$Rotation#applyInverseTo(org.apache.commons.math3.geometry.euclidean.threed.Rotation):920;0.0
org.apache.commons.math3.geometry.euclidean.threed$Rotation#orthogonalizeMatrix(double[][],double):939;0.0
org.apache.commons.math3.geometry.euclidean.threed$Rotation#distance(org.apache.commons.math3.geometry.euclidean.threed.Rotation,org.apache.commons.math3.geometry.euclidean.threed.Rotation):1051;0.0
org.apache.commons.math3.geometry.euclidean.threed$Vector3D#Vector3D(double,double,double):95;0.0
org.apache.commons.math3.geometry.euclidean.threed$Vector3D#Vector3D(double[]):107;0.0
org.apache.commons.math3.geometry.euclidean.threed$Vector3D#Vector3D(double,double):124;0.0
org.apache.commons.math3.geometry.euclidean.threed$Vector3D#Vector3D(double,org.apache.commons.math3.geometry.euclidean.threed.Vector3D):137;0.0
org.apache.commons.math3.geometry.euclidean.threed$Vector3D#Vector3D(double,org.apache.commons.math3.geometry.euclidean.threed.Vector3D,double,org.apache.commons.math3.geometry.euclidean.threed.Vector3D):151;0.0
org.apache.commons.math3.geometry.euclidean.threed$Vector3D#Vector3D(double,org.apache.commons.math3.geometry.euclidean.threed.Vector3D,double,org.apache.commons.math3.geometry.euclidean.threed.Vector3D,double,org.apache.commons.math3.geometry.euclidean.threed.Vector3D):168;0.0
org.apache.commons.math3.geometry.euclidean.threed$Vector3D#Vector3D(double,org.apache.commons.math3.geometry.euclidean.threed.Vector3D,double,org.apache.commons.math3.geometry.euclidean.threed.Vector3D,double,org.apache.commons.math3.geometry.euclidean.threed.Vector3D,double,org.apache.commons.math3.geometry.euclidean.threed.Vector3D):187;0.0
org.apache.commons.math3.geometry.euclidean.threed$Vector3D#getX():198;0.0
org.apache.commons.math3.geometry.euclidean.threed$Vector3D#getY():206;0.0
org.apache.commons.math3.geometry.euclidean.threed$Vector3D#getZ():214;0.0
org.apache.commons.math3.geometry.euclidean.threed$Vector3D#toArray():222;0.0
org.apache.commons.math3.geometry.euclidean.threed$Vector3D#getSpace():227;0.0
org.apache.commons.math3.geometry.euclidean.threed$Vector3D#getZero():232;0.0
org.apache.commons.math3.geometry.euclidean.threed$Vector3D#getNorm1():237;0.0
org.apache.commons.math3.geometry.euclidean.threed$Vector3D#getNorm():243;0.0
org.apache.commons.math3.geometry.euclidean.threed$Vector3D#getNormSq():249;0.0
org.apache.commons.math3.geometry.euclidean.threed$Vector3D#getNormInf():254;0.0
org.apache.commons.math3.geometry.euclidean.threed$Vector3D#getAlpha():262;0.0
org.apache.commons.math3.geometry.euclidean.threed$Vector3D#getDelta():270;0.0
org.apache.commons.math3.geometry.euclidean.threed$Vector3D#add(org.apache.commons.math3.geometry.Vector):275;0.0
org.apache.commons.math3.geometry.euclidean.threed$Vector3D#add(double,org.apache.commons.math3.geometry.Vector):281;0.0
org.apache.commons.math3.geometry.euclidean.threed$Vector3D#subtract(org.apache.commons.math3.geometry.Vector):286;0.0
org.apache.commons.math3.geometry.euclidean.threed$Vector3D#subtract(double,org.apache.commons.math3.geometry.Vector):292;0.0
org.apache.commons.math3.geometry.euclidean.threed$Vector3D#normalize():297;0.0
org.apache.commons.math3.geometry.euclidean.threed$Vector3D#orthogonal():321;0.0
org.apache.commons.math3.geometry.euclidean.threed$Vector3D#angle(org.apache.commons.math3.geometry.euclidean.threed.Vector3D,org.apache.commons.math3.geometry.euclidean.threed.Vector3D):351;0.0
org.apache.commons.math3.geometry.euclidean.threed$Vector3D#negate():374;0.0
org.apache.commons.math3.geometry.euclidean.threed$Vector3D#scalarMultiply(double):379;0.0
org.apache.commons.math3.geometry.euclidean.threed$Vector3D#isNaN():384;0.0
org.apache.commons.math3.geometry.euclidean.threed$Vector3D#isInfinite():389;0.0
org.apache.commons.math3.geometry.euclidean.threed$Vector3D#equals(java.lang.Object):414;0.0
org.apache.commons.math3.geometry.euclidean.threed$Vector3D#hashCode():438;0.0
org.apache.commons.math3.geometry.euclidean.threed$Vector3D#dotProduct(org.apache.commons.math3.geometry.Vector):453;0.0
org.apache.commons.math3.geometry.euclidean.threed$Vector3D#crossProduct(org.apache.commons.math3.geometry.Vector):462;0.0
org.apache.commons.math3.geometry.euclidean.threed$Vector3D#distance1(org.apache.commons.math3.geometry.Vector):470;0.0
org.apache.commons.math3.geometry.euclidean.threed$Vector3D#distance(org.apache.commons.math3.geometry.Vector):479;0.0
org.apache.commons.math3.geometry.euclidean.threed$Vector3D#distanceInf(org.apache.commons.math3.geometry.Vector):488;0.0
org.apache.commons.math3.geometry.euclidean.threed$Vector3D#distanceSq(org.apache.commons.math3.geometry.Vector):497;0.0
org.apache.commons.math3.geometry.euclidean.threed$Vector3D#dotProduct(org.apache.commons.math3.geometry.euclidean.threed.Vector3D,org.apache.commons.math3.geometry.euclidean.threed.Vector3D):510;0.0
org.apache.commons.math3.geometry.euclidean.threed$Vector3D#crossProduct(org.apache.commons.math3.geometry.euclidean.threed.Vector3D,org.apache.commons.math3.geometry.euclidean.threed.Vector3D):519;0.0
org.apache.commons.math3.geometry.euclidean.threed$Vector3D#distance1(org.apache.commons.math3.geometry.euclidean.threed.Vector3D,org.apache.commons.math3.geometry.euclidean.threed.Vector3D):531;0.0
org.apache.commons.math3.geometry.euclidean.threed$Vector3D#distance(org.apache.commons.math3.geometry.euclidean.threed.Vector3D,org.apache.commons.math3.geometry.euclidean.threed.Vector3D):543;0.0
org.apache.commons.math3.geometry.euclidean.threed$Vector3D#distanceInf(org.apache.commons.math3.geometry.euclidean.threed.Vector3D,org.apache.commons.math3.geometry.euclidean.threed.Vector3D):555;0.0
org.apache.commons.math3.geometry.euclidean.threed$Vector3D#distanceSq(org.apache.commons.math3.geometry.euclidean.threed.Vector3D,org.apache.commons.math3.geometry.euclidean.threed.Vector3D):567;0.0
org.apache.commons.math3.geometry.euclidean.threed$Vector3D#toString():575;0.0
org.apache.commons.math3.geometry.euclidean.threed$Vector3D#toString(java.text.NumberFormat):580;0.0
org.apache.commons.math3.optimization.direct$BaseAbstractMultivariateVectorOptimizer#BaseAbstractMultivariateVectorOptimizer():75;0.0
org.apache.commons.math3.optimization.direct$BaseAbstractMultivariateVectorOptimizer#BaseAbstractMultivariateVectorOptimizer(org.apache.commons.math3.optimization.ConvergenceChecker):80;0.0
org.apache.commons.math3.optimization.direct$BaseAbstractMultivariateVectorOptimizer#getMaxEvaluations():86;0.0
org.apache.commons.math3.optimization.direct$BaseAbstractMultivariateVectorOptimizer#getEvaluations():91;0.0
org.apache.commons.math3.optimization.direct$BaseAbstractMultivariateVectorOptimizer#getConvergenceChecker():96;0.0
org.apache.commons.math3.optimization.direct$BaseAbstractMultivariateVectorOptimizer#computeObjectiveValue(double[]):109;0.0
org.apache.commons.math3.optimization.direct$BaseAbstractMultivariateVectorOptimizer#optimize(int,org.apache.commons.math3.analysis.MultivariateVectorFunction,double[],double[],double[]):125;0.0
org.apache.commons.math3.optimization.direct$BaseAbstractMultivariateVectorOptimizer#optimize(int,org.apache.commons.math3.analysis.MultivariateVectorFunction,org.apache.commons.math3.optimization.OptimizationData[]):153;0.0
org.apache.commons.math3.optimization.direct$BaseAbstractMultivariateVectorOptimizer#optimizeInternal(int,org.apache.commons.math3.analysis.MultivariateVectorFunction,double[],double[],double[]):184;0.0
org.apache.commons.math3.optimization.direct$BaseAbstractMultivariateVectorOptimizer#optimizeInternal(int,org.apache.commons.math3.analysis.MultivariateVectorFunction,org.apache.commons.math3.optimization.OptimizationData[]):232;0.0
org.apache.commons.math3.optimization.direct$BaseAbstractMultivariateVectorOptimizer#getStartPoint():251;0.0
org.apache.commons.math3.optimization.direct$BaseAbstractMultivariateVectorOptimizer#getWeight():261;0.0
org.apache.commons.math3.optimization.direct$BaseAbstractMultivariateVectorOptimizer#getTarget():271;0.0
org.apache.commons.math3.optimization.direct$BaseAbstractMultivariateVectorOptimizer#getObjectiveFunction():282;0.0
org.apache.commons.math3.optimization.direct$BaseAbstractMultivariateVectorOptimizer#getTargetRef():299;0.0
org.apache.commons.math3.optimization.direct$BaseAbstractMultivariateVectorOptimizer#getWeightRef():307;0.0
org.apache.commons.math3.optimization.direct$BaseAbstractMultivariateVectorOptimizer#setUp():322;0.0
org.apache.commons.math3.optimization.direct$BaseAbstractMultivariateVectorOptimizer#parseOptimizationData(org.apache.commons.math3.optimization.OptimizationData[]):343;0.0
org.apache.commons.math3.optimization.direct$BaseAbstractMultivariateVectorOptimizer#checkParameters():366;0.0
org.apache.commons.math3.optimization.general$AbstractLeastSquaresOptimizer#AbstractLeastSquaresOptimizer():128;0.0
org.apache.commons.math3.optimization.general$AbstractLeastSquaresOptimizer#AbstractLeastSquaresOptimizer(org.apache.commons.math3.optimization.ConvergenceChecker):134;0.0
org.apache.commons.math3.optimization.general$AbstractLeastSquaresOptimizer#getJacobianEvaluations():141;0.0
org.apache.commons.math3.optimization.general$AbstractLeastSquaresOptimizer#updateJacobian():154;0.0
org.apache.commons.math3.optimization.general$AbstractLeastSquaresOptimizer#computeWeightedJacobian(double[]):168;0.0
org.apache.commons.math3.optimization.general$AbstractLeastSquaresOptimizer#updateResidualsAndCost():205;0.0
org.apache.commons.math3.optimization.general$AbstractLeastSquaresOptimizer#computeCost(double[]):225;0.0
org.apache.commons.math3.optimization.general$AbstractLeastSquaresOptimizer#getRMS():240;0.0
org.apache.commons.math3.optimization.general$AbstractLeastSquaresOptimizer#getChiSquare():250;0.0
org.apache.commons.math3.optimization.general$AbstractLeastSquaresOptimizer#getWeightSquareRoot():260;0.0
org.apache.commons.math3.optimization.general$AbstractLeastSquaresOptimizer#setCost(double):270;0.0
org.apache.commons.math3.optimization.general$AbstractLeastSquaresOptimizer#getCovariances():285;0.0
org.apache.commons.math3.optimization.general$AbstractLeastSquaresOptimizer#getCovariances(double):307;0.0
org.apache.commons.math3.optimization.general$AbstractLeastSquaresOptimizer#computeCovariances(double[],double):330;0.0
org.apache.commons.math3.optimization.general$AbstractLeastSquaresOptimizer#guessParametersErrors():372;0.0
org.apache.commons.math3.optimization.general$AbstractLeastSquaresOptimizer#computeSigma(double[],double):402;0.0
org.apache.commons.math3.optimization.general$AbstractLeastSquaresOptimizer#optimize(int,org.apache.commons.math3.analysis.DifferentiableMultivariateVectorFunction,double[],double[],double[]):423;0.0
org.apache.commons.math3.optimization.general$AbstractLeastSquaresOptimizer#optimize(int,org.apache.commons.math3.analysis.differentiation.MultivariateDifferentiableVectorFunction,double[],double[],double[]):459;0.0
org.apache.commons.math3.optimization.general$AbstractLeastSquaresOptimizer#optimizeInternal(int,org.apache.commons.math3.analysis.differentiation.MultivariateDifferentiableVectorFunction,org.apache.commons.math3.optimization.OptimizationData[]):496;0.0
org.apache.commons.math3.optimization.general$AbstractLeastSquaresOptimizer#setUp():502;0.0
org.apache.commons.math3.optimization.general$AbstractLeastSquaresOptimizer#computeResiduals(double[]):541;0.0
org.apache.commons.math3.optimization.general$AbstractLeastSquaresOptimizer#squareRoot(org.apache.commons.math3.linear.RealMatrix):562;0.0
org.apache.commons.math3.optimization.general$GaussNewtonOptimizer#GaussNewtonOptimizer():63;0.0
org.apache.commons.math3.optimization.general$GaussNewtonOptimizer#GaussNewtonOptimizer(org.apache.commons.math3.optimization.ConvergenceChecker):73;0.0
org.apache.commons.math3.optimization.general$GaussNewtonOptimizer#GaussNewtonOptimizer(boolean):88;0.0
org.apache.commons.math3.optimization.general$GaussNewtonOptimizer#GaussNewtonOptimizer(boolean,org.apache.commons.math3.optimization.ConvergenceChecker):99;0.0
org.apache.commons.math3.optimization.general$GaussNewtonOptimizer#doOptimize():106;0.0
org.apache.commons.math3.optimization$AbstractConvergenceChecker#AbstractConvergenceChecker():66;0.0
org.apache.commons.math3.optimization$AbstractConvergenceChecker#AbstractConvergenceChecker(double,double):78;0.0
org.apache.commons.math3.optimization$AbstractConvergenceChecker#getRelativeThreshold():87;0.0
org.apache.commons.math3.optimization$AbstractConvergenceChecker#getAbsoluteThreshold():94;0.0
org.apache.commons.math3.optimization$SimpleVectorValueChecker#SimpleVectorValueChecker():62;0.0
org.apache.commons.math3.optimization$SimpleVectorValueChecker#SimpleVectorValueChecker(double,double):78;0.0
org.apache.commons.math3.optimization$SimpleVectorValueChecker#SimpleVectorValueChecker(double,double,int):100;0.0
org.apache.commons.math3.optimization$SimpleVectorValueChecker#converged(int,org.apache.commons.math3.optimization.PointVectorValuePair,org.apache.commons.math3.optimization.PointVectorValuePair):128;0.0
org.apache.commons.math3.random$JDKRandomGenerator#JDKRandomGenerator():28;0.0
org.apache.commons.math3.random$JDKRandomGenerator#setSeed(int):35;0.0
org.apache.commons.math3.random$JDKRandomGenerator#setSeed(int[]):40;0.0
org.apache.commons.math3.random$UncorrelatedRandomVectorGenerator#UncorrelatedRandomVectorGenerator(double[],double[],org.apache.commons.math3.random.NormalizedRandomGenerator):55;0.0
org.apache.commons.math3.random$UncorrelatedRandomVectorGenerator#UncorrelatedRandomVectorGenerator(int,org.apache.commons.math3.random.NormalizedRandomGenerator):72;0.0
org.apache.commons.math3.random$UncorrelatedRandomVectorGenerator#nextVector():84;0.0
org.apache.commons.math3.random$GaussianRandomGenerator#GaussianRandomGenerator(org.apache.commons.math3.random.RandomGenerator):36;0.0
org.apache.commons.math3.random$GaussianRandomGenerator#nextNormalizedDouble():44;0.0
org.apache.commons.math3.optimization$BaseMultivariateVectorMultiStartOptimizer#BaseMultivariateVectorMultiStartOptimizer(org.apache.commons.math3.optimization.BaseMultivariateVectorOptimizer,int,org.apache.commons.math3.random.RandomVectorGenerator):74;0.0
org.apache.commons.math3.optimization$BaseMultivariateVectorMultiStartOptimizer#getOptima():116;0.0
org.apache.commons.math3.optimization$BaseMultivariateVectorMultiStartOptimizer#getMaxEvaluations():124;0.0
org.apache.commons.math3.optimization$BaseMultivariateVectorMultiStartOptimizer#getEvaluations():129;0.0
org.apache.commons.math3.optimization$BaseMultivariateVectorMultiStartOptimizer#getConvergenceChecker():134;0.0
org.apache.commons.math3.optimization$BaseMultivariateVectorMultiStartOptimizer#optimize(int,org.apache.commons.math3.analysis.MultivariateVectorFunction,double[],double[],double[]):143;0.0
org.apache.commons.math3.optimization$BaseMultivariateVectorMultiStartOptimizer#sortPairs(double[],double[]):184;0.0
org.apache.commons.math3.optimization$MultivariateDifferentiableVectorMultiStartOptimizer#MultivariateDifferentiableVectorMultiStartOptimizer(org.apache.commons.math3.optimization.MultivariateDifferentiableVectorOptimizer,int,org.apache.commons.math3.random.RandomVectorGenerator):52;0.0
org.apache.commons.math3.optimization$Target#Target(double[]):39;0.0
org.apache.commons.math3.optimization$Target#getTarget():49;0.0
org.apache.commons.math3.optimization$Weight#Weight(double[]):43;0.0
org.apache.commons.math3.optimization$Weight#Weight(org.apache.commons.math3.linear.RealMatrix):52;0.0
org.apache.commons.math3.optimization$Weight#getWeight():67;0.0
org.apache.commons.math3.optimization$InitialGuess#InitialGuess(double[]):37;0.0
org.apache.commons.math3.optimization$InitialGuess#getInitialGuess():47;0.0
org.apache.commons.math3.analysis$FunctionUtils$18#value(double[]):681;0.0
org.apache.commons.math3.analysis$FunctionUtils$18#jacobian():685;0.0
org.apache.commons.math3.analysis$FunctionUtils$19#value(double[]):736;0.0
org.apache.commons.math3.analysis$FunctionUtils$19#value(org.apache.commons.math3.analysis.differentiation.DerivativeStructure[]):747;0.0
org.apache.commons.math3.analysis$FunctionUtils$18$1#value(double[]):689;0.0
org.apache.commons.math3.optimization$PointVectorValuePair#PointVectorValuePair(double[],double[]):49;0.0
org.apache.commons.math3.optimization$PointVectorValuePair#PointVectorValuePair(double[],double[],boolean):63;0.0
org.apache.commons.math3.optimization$PointVectorValuePair#getPoint():79;0.0
org.apache.commons.math3.optimization$PointVectorValuePair#getPointRef():89;0.0
org.apache.commons.math3.optimization$PointVectorValuePair#getValue():99;0.0
org.apache.commons.math3.optimization$PointVectorValuePair#getValueRef():110;0.0
org.apache.commons.math3.optimization$PointVectorValuePair#writeReplace():118;0.0
org.apache.commons.math3.optimization$BaseMultivariateVectorMultiStartOptimizer$1#compare(org.apache.commons.math3.optimization.PointVectorValuePair,org.apache.commons.math3.optimization.PointVectorValuePair):187;0.0
org.apache.commons.math3.optimization$BaseMultivariateVectorMultiStartOptimizer$1#weightedResidual(org.apache.commons.math3.optimization.PointVectorValuePair):195;0.0
org.apache.commons.math3.optimization.direct$BaseAbstractMultivariateOptimizer#BaseAbstractMultivariateOptimizer():72;0.0
org.apache.commons.math3.optimization.direct$BaseAbstractMultivariateOptimizer#BaseAbstractMultivariateOptimizer(org.apache.commons.math3.optimization.ConvergenceChecker):77;0.0
org.apache.commons.math3.optimization.direct$BaseAbstractMultivariateOptimizer#getMaxEvaluations():83;0.0
org.apache.commons.math3.optimization.direct$BaseAbstractMultivariateOptimizer#getEvaluations():88;0.0
org.apache.commons.math3.optimization.direct$BaseAbstractMultivariateOptimizer#getConvergenceChecker():93;0.0
org.apache.commons.math3.optimization.direct$BaseAbstractMultivariateOptimizer#computeObjectiveValue(double[]):106;0.0
org.apache.commons.math3.optimization.direct$BaseAbstractMultivariateOptimizer#optimize(int,org.apache.commons.math3.analysis.MultivariateFunction,org.apache.commons.math3.optimization.GoalType,double[]):123;0.0
org.apache.commons.math3.optimization.direct$BaseAbstractMultivariateOptimizer#optimize(int,org.apache.commons.math3.analysis.MultivariateFunction,org.apache.commons.math3.optimization.GoalType,org.apache.commons.math3.optimization.OptimizationData[]):145;0.0
org.apache.commons.math3.optimization.direct$BaseAbstractMultivariateOptimizer#optimizeInternal(int,org.apache.commons.math3.analysis.MultivariateFunction,org.apache.commons.math3.optimization.GoalType,double[]):171;0.0
org.apache.commons.math3.optimization.direct$BaseAbstractMultivariateOptimizer#optimizeInternal(int,org.apache.commons.math3.analysis.MultivariateFunction,org.apache.commons.math3.optimization.GoalType,org.apache.commons.math3.optimization.OptimizationData[]):197;0.0
org.apache.commons.math3.optimization.direct$BaseAbstractMultivariateOptimizer#parseOptimizationData(org.apache.commons.math3.optimization.OptimizationData[]):222;0.0
org.apache.commons.math3.optimization.direct$BaseAbstractMultivariateOptimizer#getGoalType():240;0.0
org.apache.commons.math3.optimization.direct$BaseAbstractMultivariateOptimizer#getStartPoint():247;0.0
org.apache.commons.math3.optimization.direct$BaseAbstractMultivariateOptimizer#getLowerBound():254;0.0
org.apache.commons.math3.optimization.direct$BaseAbstractMultivariateOptimizer#getUpperBound():261;0.0
org.apache.commons.math3.optimization.direct$BaseAbstractMultivariateOptimizer#checkParameters():276;0.0
org.apache.commons.math3.optimization.general$AbstractScalarDifferentiableOptimizer#AbstractScalarDifferentiableOptimizer():56;0.0
org.apache.commons.math3.optimization.general$AbstractScalarDifferentiableOptimizer#AbstractScalarDifferentiableOptimizer(org.apache.commons.math3.optimization.ConvergenceChecker):62;0.0
org.apache.commons.math3.optimization.general$AbstractScalarDifferentiableOptimizer#computeObjectiveGradient(double[]):74;0.0
org.apache.commons.math3.optimization.general$AbstractScalarDifferentiableOptimizer#optimizeInternal(int,org.apache.commons.math3.analysis.DifferentiableMultivariateFunction,org.apache.commons.math3.optimization.GoalType,double[]):84;0.0
org.apache.commons.math3.optimization.general$AbstractScalarDifferentiableOptimizer#optimize(int,org.apache.commons.math3.analysis.differentiation.MultivariateDifferentiableFunction,org.apache.commons.math3.optimization.GoalType,double[]):110;0.0
org.apache.commons.math3.optimization.general$NonLinearConjugateGradientOptimizer#NonLinearConjugateGradientOptimizer(org.apache.commons.math3.optimization.general.ConjugateGradientFormula):70;0.0
org.apache.commons.math3.optimization.general$NonLinearConjugateGradientOptimizer#NonLinearConjugateGradientOptimizer(org.apache.commons.math3.optimization.general.ConjugateGradientFormula,org.apache.commons.math3.optimization.ConvergenceChecker):85;0.0
org.apache.commons.math3.optimization.general$NonLinearConjugateGradientOptimizer#NonLinearConjugateGradientOptimizer(org.apache.commons.math3.optimization.general.ConjugateGradientFormula,org.apache.commons.math3.optimization.ConvergenceChecker,org.apache.commons.math3.analysis.solvers.UnivariateSolver):104;0.0
org.apache.commons.math3.optimization.general$NonLinearConjugateGradientOptimizer#NonLinearConjugateGradientOptimizer(org.apache.commons.math3.optimization.general.ConjugateGradientFormula,org.apache.commons.math3.optimization.ConvergenceChecker,org.apache.commons.math3.analysis.solvers.UnivariateSolver,org.apache.commons.math3.optimization.general.Preconditioner):122;0.0
org.apache.commons.math3.optimization.general$NonLinearConjugateGradientOptimizer#setInitialStep(double):141;0.0
org.apache.commons.math3.optimization.general$NonLinearConjugateGradientOptimizer#doOptimize():151;0.0
org.apache.commons.math3.optimization.general$NonLinearConjugateGradientOptimizer#findUpperBound(org.apache.commons.math3.analysis.UnivariateFunction,double,double):251;0.0
org.apache.commons.math3.optimization.general$ConjugateGradientFormula#ConjugateGradientFormula(java.lang.String,int):43;0.0
org.apache.commons.math3.optimization$SimpleValueChecker#SimpleValueChecker():62;0.0
org.apache.commons.math3.optimization$SimpleValueChecker#SimpleValueChecker(double,double):77;0.0
org.apache.commons.math3.optimization$SimpleValueChecker#SimpleValueChecker(double,double,int):98;0.0
org.apache.commons.math3.optimization$SimpleValueChecker#converged(int,org.apache.commons.math3.optimization.PointValuePair,org.apache.commons.math3.optimization.PointValuePair):126;0.0
org.apache.commons.math3.optimization.general$NonLinearConjugateGradientOptimizer$IdentityPreconditioner#NonLinearConjugateGradientOptimizer$IdentityPreconditioner():264;0.0
org.apache.commons.math3.optimization.general$NonLinearConjugateGradientOptimizer$IdentityPreconditioner#precondition(double[],double[]):268;0.0
org.apache.commons.math3.optimization$BaseMultivariateMultiStartOptimizer#BaseMultivariateMultiStartOptimizer(org.apache.commons.math3.optimization.BaseMultivariateOptimizer,int,org.apache.commons.math3.random.RandomVectorGenerator):74;0.0
org.apache.commons.math3.optimization$BaseMultivariateMultiStartOptimizer#getOptima():115;0.0
org.apache.commons.math3.optimization$BaseMultivariateMultiStartOptimizer#getMaxEvaluations():123;0.0
org.apache.commons.math3.optimization$BaseMultivariateMultiStartOptimizer#getEvaluations():128;0.0
org.apache.commons.math3.optimization$BaseMultivariateMultiStartOptimizer#getConvergenceChecker():133;0.0
org.apache.commons.math3.optimization$BaseMultivariateMultiStartOptimizer#optimize(int,org.apache.commons.math3.analysis.MultivariateFunction,org.apache.commons.math3.optimization.GoalType,double[]):142;0.0
org.apache.commons.math3.optimization$BaseMultivariateMultiStartOptimizer#sortPairs(org.apache.commons.math3.optimization.GoalType):178;0.0
org.apache.commons.math3.optimization$MultivariateDifferentiableMultiStartOptimizer#MultivariateDifferentiableMultiStartOptimizer(org.apache.commons.math3.optimization.MultivariateDifferentiableOptimizer,int,org.apache.commons.math3.random.RandomVectorGenerator):51;0.0
org.apache.commons.math3.optimization$GoalType#GoalType(java.lang.String,int):30;0.0
org.apache.commons.math3.optimization$PointValuePair#PointValuePair(double[],double):49;0.0
org.apache.commons.math3.optimization$PointValuePair#PointValuePair(double[],double,boolean):63;0.0
org.apache.commons.math3.optimization$PointValuePair#getPoint():75;0.0
org.apache.commons.math3.optimization$PointValuePair#getPointRef():85;0.0
org.apache.commons.math3.optimization$PointValuePair#writeReplace():93;0.0
org.apache.commons.math3.optimization.general$NonLinearConjugateGradientOptimizer$LineSearchFunction#NonLinearConjugateGradientOptimizer$LineSearchFunction(org.apache.commons.math3.optimization.general.NonLinearConjugateGradientOptimizer,double[]):288;0.0
org.apache.commons.math3.optimization.general$NonLinearConjugateGradientOptimizer$LineSearchFunction#value(double):295;0.0
org.apache.commons.math3.optimization$BaseMultivariateMultiStartOptimizer$1#compare(org.apache.commons.math3.optimization.PointValuePair,org.apache.commons.math3.optimization.PointValuePair):181;0.0
org.apache.commons.math3.optimization.fitting$CurveFitter#CurveFitter(org.apache.commons.math3.optimization.DifferentiableMultivariateVectorOptimizer):70;0.0
org.apache.commons.math3.optimization.fitting$CurveFitter#CurveFitter(org.apache.commons.math3.optimization.MultivariateDifferentiableVectorOptimizer):80;0.0
org.apache.commons.math3.optimization.fitting$CurveFitter#addObservedPoint(double,double):97;0.0
org.apache.commons.math3.optimization.fitting$CurveFitter#addObservedPoint(double,double,double):110;0.0
org.apache.commons.math3.optimization.fitting$CurveFitter#addObservedPoint(org.apache.commons.math3.optimization.fitting.WeightedObservedPoint):120;0.0
org.apache.commons.math3.optimization.fitting$CurveFitter#getObservations():130;0.0
org.apache.commons.math3.optimization.fitting$CurveFitter#clearObservations():137;0.0
org.apache.commons.math3.optimization.fitting$CurveFitter#fit(org.apache.commons.math3.analysis.ParametricUnivariateFunction,double[]):154;0.0
org.apache.commons.math3.optimization.fitting$CurveFitter#fit(int,org.apache.commons.math3.analysis.ParametricUnivariateFunction,double[]):177;0.0
org.apache.commons.math3.optimization.fitting$GaussianFitter#GaussianFitter(org.apache.commons.math3.optimization.DifferentiableMultivariateVectorOptimizer):68;0.0
org.apache.commons.math3.optimization.fitting$GaussianFitter#fit(double[]):85;0.0
org.apache.commons.math3.optimization.fitting$GaussianFitter#fit():121;0.0
org.apache.commons.math3.optimization.general$LevenbergMarquardtOptimizer#LevenbergMarquardtOptimizer():158;0.0
org.apache.commons.math3.optimization.general$LevenbergMarquardtOptimizer#LevenbergMarquardtOptimizer(org.apache.commons.math3.optimization.ConvergenceChecker):177;0.0
org.apache.commons.math3.optimization.general$LevenbergMarquardtOptimizer#LevenbergMarquardtOptimizer(double,org.apache.commons.math3.optimization.ConvergenceChecker,double,double,double,double):208;0.0
org.apache.commons.math3.optimization.general$LevenbergMarquardtOptimizer#LevenbergMarquardtOptimizer(double,double,double):237;0.0
org.apache.commons.math3.optimization.general$LevenbergMarquardtOptimizer#LevenbergMarquardtOptimizer(double,double,double,double,double):270;0.0
org.apache.commons.math3.optimization.general$LevenbergMarquardtOptimizer#doOptimize():281;0.0
org.apache.commons.math3.optimization.general$LevenbergMarquardtOptimizer#determineLMParameter(double[],double,double[],double[],double[],double[]):557;0.0
org.apache.commons.math3.optimization.general$LevenbergMarquardtOptimizer#determineLMDirection(double[],double[],double[],double[]):730;0.0
org.apache.commons.math3.optimization.general$LevenbergMarquardtOptimizer#qrDecomposition(org.apache.commons.math3.linear.RealMatrix):853;0.0
org.apache.commons.math3.optimization.general$LevenbergMarquardtOptimizer#qTy(double[]):929;0.0
org.apache.commons.math3.optimization.fitting$WeightedObservedPoint#WeightedObservedPoint(double,double,double):49;0.0
org.apache.commons.math3.optimization.fitting$WeightedObservedPoint#getWeight():59;0.0
org.apache.commons.math3.optimization.fitting$WeightedObservedPoint#getX():66;0.0
org.apache.commons.math3.optimization.fitting$WeightedObservedPoint#getY():73;0.0
org.apache.commons.math3.optimization.fitting$GaussianFitter$ParameterGuesser#GaussianFitter$ParameterGuesser(org.apache.commons.math3.optimization.fitting.WeightedObservedPoint[]):148;0.0
org.apache.commons.math3.optimization.fitting$GaussianFitter$ParameterGuesser#guess():175;0.0
org.apache.commons.math3.optimization.fitting$GaussianFitter$ParameterGuesser#sortObservations(org.apache.commons.math3.optimization.fitting.WeightedObservedPoint[]):185;0.0
org.apache.commons.math3.optimization.fitting$GaussianFitter$ParameterGuesser#basicGuess(org.apache.commons.math3.optimization.fitting.WeightedObservedPoint[]):233;0.0
org.apache.commons.math3.optimization.fitting$GaussianFitter$ParameterGuesser#findMaxY(org.apache.commons.math3.optimization.fitting.WeightedObservedPoint[]):259;0.0
org.apache.commons.math3.optimization.fitting$GaussianFitter$ParameterGuesser#interpolateXAtY(org.apache.commons.math3.optimization.fitting.WeightedObservedPoint[],int,int,double):287;0.0
org.apache.commons.math3.optimization.fitting$GaussianFitter$ParameterGuesser#getInterpolationPointsForY(org.apache.commons.math3.optimization.fitting.WeightedObservedPoint[],int,int,double):324;0.0
org.apache.commons.math3.optimization.fitting$GaussianFitter$ParameterGuesser#isBetween(double,double,double):362;0.0
org.apache.commons.math3.optimization.fitting$GaussianFitter$ParameterGuesser$1#compare(org.apache.commons.math3.optimization.fitting.WeightedObservedPoint,org.apache.commons.math3.optimization.fitting.WeightedObservedPoint):190;0.0
org.apache.commons.math3.optimization.fitting$GaussianFitter$1#value(double,double[]):88;0.0
org.apache.commons.math3.optimization.fitting$GaussianFitter$1#gradient(double,double[]):99;0.0
org.apache.commons.math3.optimization.fitting$CurveFitter$OldTheoreticalValuesFunction#CurveFitter$OldTheoreticalValuesFunction(org.apache.commons.math3.optimization.fitting.CurveFitter,org.apache.commons.math3.analysis.ParametricUnivariateFunction):211;0.0
org.apache.commons.math3.optimization.fitting$CurveFitter$OldTheoreticalValuesFunction#jacobian():217;0.0
org.apache.commons.math3.optimization.fitting$CurveFitter$OldTheoreticalValuesFunction#value(double[]):234;0.0
org.apache.commons.math3.optimization.fitting$CurveFitter$OldTheoreticalValuesFunction$1#value(double[]):219;0.0
org.apache.commons.math3.optimization.fitting$HarmonicFitter#HarmonicFitter(org.apache.commons.math3.optimization.DifferentiableMultivariateVectorOptimizer):48;0.0
org.apache.commons.math3.optimization.fitting$HarmonicFitter#fit(double[]):64;0.0
org.apache.commons.math3.optimization.fitting$HarmonicFitter#fit():79;0.0
org.apache.commons.math3.optimization.fitting$HarmonicFitter$ParameterGuesser#HarmonicFitter$ParameterGuesser(org.apache.commons.math3.optimization.fitting.WeightedObservedPoint[]):198;0.0
org.apache.commons.math3.optimization.fitting$HarmonicFitter$ParameterGuesser#guess():224;0.0
org.apache.commons.math3.optimization.fitting$HarmonicFitter$ParameterGuesser#sortObservations(org.apache.commons.math3.optimization.fitting.WeightedObservedPoint[]):234;0.0
org.apache.commons.math3.optimization.fitting$HarmonicFitter$ParameterGuesser#guessAOmega(org.apache.commons.math3.optimization.fitting.WeightedObservedPoint[]):274;0.0
org.apache.commons.math3.optimization.fitting$HarmonicFitter$ParameterGuesser#guessPhi(org.apache.commons.math3.optimization.fitting.WeightedObservedPoint[]):362;0.0
org.apache.commons.math3.optimization.fitting$PolynomialFitter#PolynomialFitter(int,org.apache.commons.math3.optimization.DifferentiableMultivariateVectorOptimizer):52;0.0
org.apache.commons.math3.optimization.fitting$PolynomialFitter#PolynomialFitter(org.apache.commons.math3.optimization.DifferentiableMultivariateVectorOptimizer):63;0.0
org.apache.commons.math3.optimization.fitting$PolynomialFitter#fit():77;0.0
org.apache.commons.math3.optimization.fitting$PolynomialFitter#fit(int,double[]):95;0.0
org.apache.commons.math3.optimization.fitting$PolynomialFitter#fit(double[]):110;0.0
org.apache.commons.math3.optimization$SimplePointChecker#SimplePointChecker():65;0.0
org.apache.commons.math3.optimization$SimplePointChecker#SimplePointChecker(double,double):80;0.0
org.apache.commons.math3.optimization$SimplePointChecker#SimplePointChecker(double,double,int):100;0.0
org.apache.commons.math3.optimization$SimplePointChecker#converged(int,org.apache.commons.math3.util.Pair,org.apache.commons.math3.util.Pair):128;0.0
org.apache.commons.math3.optimization$PointValuePair$DataTransferObject#PointValuePair$DataTransferObject(double[],double):115;0.0
org.apache.commons.math3.optimization$PointValuePair$DataTransferObject#readResolve():124;0.0
org.apache.commons.math3.optimization.direct$MultivariateFunctionPenaltyAdapter#MultivariateFunctionPenaltyAdapter(org.apache.commons.math3.analysis.MultivariateFunction,double[],double[],double,double[]):127;0.0
org.apache.commons.math3.optimization.direct$MultivariateFunctionPenaltyAdapter#value(double[]):166;0.0
org.apache.commons.math3.optimization.direct$SimplexOptimizer#SimplexOptimizer():103;0.0
org.apache.commons.math3.optimization.direct$SimplexOptimizer#SimplexOptimizer(org.apache.commons.math3.optimization.ConvergenceChecker):110;0.0
org.apache.commons.math3.optimization.direct$SimplexOptimizer#SimplexOptimizer(double,double):118;0.0
org.apache.commons.math3.optimization.direct$SimplexOptimizer#setSimplex(org.apache.commons.math3.optimization.direct.AbstractSimplex):131;0.0
org.apache.commons.math3.optimization.direct$SimplexOptimizer#optimizeInternal(int,org.apache.commons.math3.analysis.MultivariateFunction,org.apache.commons.math3.optimization.GoalType,org.apache.commons.math3.optimization.OptimizationData[]):153;0.0
org.apache.commons.math3.optimization.direct$SimplexOptimizer#parseOptimizationData(org.apache.commons.math3.optimization.OptimizationData[]):172;0.0
org.apache.commons.math3.optimization.direct$SimplexOptimizer#doOptimize():183;0.0
org.apache.commons.math3.optimization.direct$AbstractSimplex#AbstractSimplex(int):67;0.0
org.apache.commons.math3.optimization.direct$AbstractSimplex#AbstractSimplex(int,double):78;0.0
org.apache.commons.math3.optimization.direct$AbstractSimplex#AbstractSimplex(double[]):99;0.0
org.apache.commons.math3.optimization.direct$AbstractSimplex#AbstractSimplex(double[][]):134;0.0
org.apache.commons.math3.optimization.direct$AbstractSimplex#getDimension():185;0.0
org.apache.commons.math3.optimization.direct$AbstractSimplex#getSize():196;0.0
org.apache.commons.math3.optimization.direct$AbstractSimplex#build(double[]):219;0.0
org.apache.commons.math3.optimization.direct$AbstractSimplex#evaluate(org.apache.commons.math3.analysis.MultivariateFunction,java.util.Comparator):249;0.0
org.apache.commons.math3.optimization.direct$AbstractSimplex#replaceWorstPoint(org.apache.commons.math3.optimization.PointValuePair,java.util.Comparator):270;0.0
org.apache.commons.math3.optimization.direct$AbstractSimplex#getPoints():286;0.0
org.apache.commons.math3.optimization.direct$AbstractSimplex#getPoint(int):298;0.0
org.apache.commons.math3.optimization.direct$AbstractSimplex#setPoint(int,org.apache.commons.math3.optimization.PointValuePair):313;0.0
org.apache.commons.math3.optimization.direct$AbstractSimplex#setPoints(org.apache.commons.math3.optimization.PointValuePair[]):327;0.0
org.apache.commons.math3.optimization.direct$AbstractSimplex#createHypercubeSteps(int,double):342;0.0
org.apache.commons.math3.optimization.direct$NelderMeadSimplex#NelderMeadSimplex(int):59;0.0
org.apache.commons.math3.optimization.direct$NelderMeadSimplex#NelderMeadSimplex(int,double):72;0.0
org.apache.commons.math3.optimization.direct$NelderMeadSimplex#NelderMeadSimplex(int,double,double,double,double,double):91;0.0
org.apache.commons.math3.optimization.direct$NelderMeadSimplex#NelderMeadSimplex(int,double,double,double,double):112;0.0
org.apache.commons.math3.optimization.direct$NelderMeadSimplex#NelderMeadSimplex(double[]):124;0.0
org.apache.commons.math3.optimization.direct$NelderMeadSimplex#NelderMeadSimplex(double[],double,double,double,double):142;0.0
org.apache.commons.math3.optimization.direct$NelderMeadSimplex#NelderMeadSimplex(double[][]):159;0.0
org.apache.commons.math3.optimization.direct$NelderMeadSimplex#NelderMeadSimplex(double[][],double,double,double,double):179;0.0
org.apache.commons.math3.optimization.direct$NelderMeadSimplex#iterate(org.apache.commons.math3.analysis.MultivariateFunction,java.util.Comparator):192;0.0
org.apache.commons.math3.optimization.direct$SimplexOptimizer$1#value(double[]):192;0.0
org.apache.commons.math3.optimization.direct$SimplexOptimizer$2#compare(org.apache.commons.math3.optimization.PointValuePair,org.apache.commons.math3.optimization.PointValuePair):201;0.0
org.apache.commons.math3.optimization.direct$MultiDirectionalSimplex#MultiDirectionalSimplex(int):50;0.0
org.apache.commons.math3.optimization.direct$MultiDirectionalSimplex#MultiDirectionalSimplex(int,double):62;0.0
org.apache.commons.math3.optimization.direct$MultiDirectionalSimplex#MultiDirectionalSimplex(int,double,double):75;0.0
org.apache.commons.math3.optimization.direct$MultiDirectionalSimplex#MultiDirectionalSimplex(int,double,double,double):90;0.0
org.apache.commons.math3.optimization.direct$MultiDirectionalSimplex#MultiDirectionalSimplex(double[]):104;0.0
org.apache.commons.math3.optimization.direct$MultiDirectionalSimplex#MultiDirectionalSimplex(double[],double,double):118;0.0
org.apache.commons.math3.optimization.direct$MultiDirectionalSimplex#MultiDirectionalSimplex(double[][]):132;0.0
org.apache.commons.math3.optimization.direct$MultiDirectionalSimplex#MultiDirectionalSimplex(double[][],double,double):149;0.0
org.apache.commons.math3.optimization.direct$MultiDirectionalSimplex#iterate(org.apache.commons.math3.analysis.MultivariateFunction,java.util.Comparator):160;0.0
org.apache.commons.math3.optimization.direct$MultiDirectionalSimplex#evaluateNewSimplex(org.apache.commons.math3.analysis.MultivariateFunction,org.apache.commons.math3.optimization.PointValuePair[],double,java.util.Comparator):200;0.0
org.apache.commons.math3.optimization.direct$BaseAbstractMultivariateSimpleBoundsOptimizer#BaseAbstractMultivariateSimpleBoundsOptimizer():58;0.0
org.apache.commons.math3.optimization.direct$BaseAbstractMultivariateSimpleBoundsOptimizer#BaseAbstractMultivariateSimpleBoundsOptimizer(org.apache.commons.math3.optimization.ConvergenceChecker):64;0.0
org.apache.commons.math3.optimization.direct$BaseAbstractMultivariateSimpleBoundsOptimizer#optimize(int,org.apache.commons.math3.analysis.MultivariateFunction,org.apache.commons.math3.optimization.GoalType,double[]):71;0.0
org.apache.commons.math3.optimization.direct$BaseAbstractMultivariateSimpleBoundsOptimizer#optimize(int,org.apache.commons.math3.analysis.MultivariateFunction,org.apache.commons.math3.optimization.GoalType,double[],double[],double[]):79;0.0
org.apache.commons.math3.optimization.direct$BOBYQAOptimizer#BOBYQAOptimizer(int):212;0.0
org.apache.commons.math3.optimization.direct$BOBYQAOptimizer#BOBYQAOptimizer(int,double,double):228;0.0
org.apache.commons.math3.optimization.direct$BOBYQAOptimizer#doOptimize():237;0.0
org.apache.commons.math3.optimization.direct$BOBYQAOptimizer#bobyqa(double[],double[]):289;0.0
org.apache.commons.math3.optimization.direct$BOBYQAOptimizer#bobyqb(double[],double[]):378;0.0
org.apache.commons.math3.optimization.direct$BOBYQAOptimizer#altmov(int,double):1262;0.0
org.apache.commons.math3.optimization.direct$BOBYQAOptimizer#prelim(double[],double[]):1584;0.0
org.apache.commons.math3.optimization.direct$BOBYQAOptimizer#trsbox(double,org.apache.commons.math3.linear.ArrayRealVector,org.apache.commons.math3.linear.ArrayRealVector,org.apache.commons.math3.linear.ArrayRealVector,org.apache.commons.math3.linear.ArrayRealVector,org.apache.commons.math3.linear.ArrayRealVector):1810;0.0
org.apache.commons.math3.optimization.direct$BOBYQAOptimizer#update(double,double,int):2297;0.0
org.apache.commons.math3.optimization.direct$BOBYQAOptimizer#setup(double[],double[]):2381;0.0
org.apache.commons.math3.optimization.direct$BOBYQAOptimizer#caller(int):2436;0.0
org.apache.commons.math3.optimization.direct$BOBYQAOptimizer#printState(int):2444;0.0
org.apache.commons.math3.optimization.direct$BOBYQAOptimizer#printMethod():2448;0.0
org.apache.commons.math3.optimization$SimpleBounds#SimpleBounds(double[],double[]):43;0.0
org.apache.commons.math3.optimization$SimpleBounds#getLower():54;0.0
org.apache.commons.math3.optimization$SimpleBounds#getUpper():62;0.0
org.apache.commons.math3.optimization.direct$CMAESOptimizer#CMAESOptimizer():238;0.0
org.apache.commons.math3.optimization.direct$CMAESOptimizer#CMAESOptimizer(int):249;0.0
org.apache.commons.math3.optimization.direct$CMAESOptimizer#CMAESOptimizer(int,double[]):265;0.0
org.apache.commons.math3.optimization.direct$CMAESOptimizer#CMAESOptimizer(int,double[],int,double,boolean,int,int,org.apache.commons.math3.random.RandomGenerator,boolean):291;0.0
org.apache.commons.math3.optimization.direct$CMAESOptimizer#CMAESOptimizer(int,double[],int,double,boolean,int,int,org.apache.commons.math3.random.RandomGenerator,boolean,org.apache.commons.math3.optimization.ConvergenceChecker):321;0.0
org.apache.commons.math3.optimization.direct$CMAESOptimizer#CMAESOptimizer(int,double,boolean,int,int,org.apache.commons.math3.random.RandomGenerator,boolean,org.apache.commons.math3.optimization.ConvergenceChecker):356;0.0
org.apache.commons.math3.optimization.direct$CMAESOptimizer#getStatisticsSigmaHistory():370;0.0
org.apache.commons.math3.optimization.direct$CMAESOptimizer#getStatisticsMeanHistory():377;0.0
org.apache.commons.math3.optimization.direct$CMAESOptimizer#getStatisticsFitnessHistory():384;0.0
org.apache.commons.math3.optimization.direct$CMAESOptimizer#getStatisticsDHistory():391;0.0
org.apache.commons.math3.optimization.direct$CMAESOptimizer#optimizeInternal(int,org.apache.commons.math3.analysis.MultivariateFunction,org.apache.commons.math3.optimization.GoalType,org.apache.commons.math3.optimization.OptimizationData[]):489;0.0
org.apache.commons.math3.optimization.direct$CMAESOptimizer#doOptimize():499;0.0
org.apache.commons.math3.optimization.direct$CMAESOptimizer#parseOptimizationData(org.apache.commons.math3.optimization.OptimizationData[]):655;0.0
org.apache.commons.math3.optimization.direct$CMAESOptimizer#checkParameters():671;0.0
org.apache.commons.math3.optimization.direct$CMAESOptimizer#initializeCMA(double[]):697;0.0
org.apache.commons.math3.optimization.direct$CMAESOptimizer#updateEvolutionPaths(org.apache.commons.math3.linear.RealMatrix,org.apache.commons.math3.linear.RealMatrix):775;0.0
org.apache.commons.math3.optimization.direct$CMAESOptimizer#updateCovarianceDiagonalOnly(boolean,org.apache.commons.math3.linear.RealMatrix):799;0.0
org.apache.commons.math3.optimization.direct$CMAESOptimizer#updateCovariance(boolean,org.apache.commons.math3.linear.RealMatrix,org.apache.commons.math3.linear.RealMatrix,int[],org.apache.commons.math3.linear.RealMatrix):830;0.0
org.apache.commons.math3.optimization.direct$CMAESOptimizer#updateBD(double):894;0.0
org.apache.commons.math3.optimization.direct$CMAESOptimizer#push(double[],double):931;0.0
org.apache.commons.math3.optimization.direct$CMAESOptimizer#sortedIndices(double[]):944;0.0
org.apache.commons.math3.optimization.direct$CMAESOptimizer#log(org.apache.commons.math3.linear.RealMatrix):1109;0.0
org.apache.commons.math3.optimization.direct$CMAESOptimizer#sqrt(org.apache.commons.math3.linear.RealMatrix):1123;0.0
org.apache.commons.math3.optimization.direct$CMAESOptimizer#square(org.apache.commons.math3.linear.RealMatrix):1137;0.0
org.apache.commons.math3.optimization.direct$CMAESOptimizer#times(org.apache.commons.math3.linear.RealMatrix,org.apache.commons.math3.linear.RealMatrix):1153;0.0
org.apache.commons.math3.optimization.direct$CMAESOptimizer#divide(org.apache.commons.math3.linear.RealMatrix,org.apache.commons.math3.linear.RealMatrix):1168;0.0
org.apache.commons.math3.optimization.direct$CMAESOptimizer#selectColumns(org.apache.commons.math3.linear.RealMatrix,int[]):1183;0.0
org.apache.commons.math3.optimization.direct$CMAESOptimizer#triu(org.apache.commons.math3.linear.RealMatrix,int):1198;0.0
org.apache.commons.math3.optimization.direct$CMAESOptimizer#sumRows(org.apache.commons.math3.linear.RealMatrix):1212;0.0
org.apache.commons.math3.optimization.direct$CMAESOptimizer#diag(org.apache.commons.math3.linear.RealMatrix):1229;0.0
org.apache.commons.math3.optimization.direct$CMAESOptimizer#copyColumn(org.apache.commons.math3.linear.RealMatrix,int,org.apache.commons.math3.linear.RealMatrix,int):1254;0.0
org.apache.commons.math3.optimization.direct$CMAESOptimizer#ones(int,int):1265;0.0
org.apache.commons.math3.optimization.direct$CMAESOptimizer#eye(int,int):1279;0.0
org.apache.commons.math3.optimization.direct$CMAESOptimizer#zeros(int,int):1294;0.0
org.apache.commons.math3.optimization.direct$CMAESOptimizer#repmat(org.apache.commons.math3.linear.RealMatrix,int,int):1304;0.0
org.apache.commons.math3.optimization.direct$CMAESOptimizer#sequence(double,double,double):1322;0.0
org.apache.commons.math3.optimization.direct$CMAESOptimizer#max(org.apache.commons.math3.linear.RealMatrix):1337;0.0
org.apache.commons.math3.optimization.direct$CMAESOptimizer#min(org.apache.commons.math3.linear.RealMatrix):1354;0.0
org.apache.commons.math3.optimization.direct$CMAESOptimizer#max(double[]):1371;0.0
org.apache.commons.math3.optimization.direct$CMAESOptimizer#min(double[]):1385;0.0
org.apache.commons.math3.optimization.direct$CMAESOptimizer#inverse(int[]):1399;0.0
org.apache.commons.math3.optimization.direct$CMAESOptimizer#reverse(int[]):1411;0.0
org.apache.commons.math3.optimization.direct$CMAESOptimizer#randn(int):1423;0.0
org.apache.commons.math3.optimization.direct$CMAESOptimizer#randn1(int,int):1436;0.0
org.apache.commons.math3.optimization.direct$CMAESOptimizer$Sigma#CMAESOptimizer$Sigma(double[]):416;0.0
org.apache.commons.math3.optimization.direct$CMAESOptimizer$Sigma#getSigma():430;0.0
org.apache.commons.math3.optimization.direct$CMAESOptimizer$PopulationSize#CMAESOptimizer$PopulationSize(int):454;0.0
org.apache.commons.math3.optimization.direct$CMAESOptimizer$PopulationSize#getPopulationSize():465;0.0
org.apache.commons.math3.optimization.direct$CMAESOptimizer$FitnessFunction#CMAESOptimizer$FitnessFunction(org.apache.commons.math3.optimization.direct.CMAESOptimizer):1019;0.0
org.apache.commons.math3.optimization.direct$CMAESOptimizer$FitnessFunction#value(double[]):1030;0.0
org.apache.commons.math3.optimization.direct$CMAESOptimizer$FitnessFunction#isFeasible(double[]):1045;0.0
org.apache.commons.math3.optimization.direct$CMAESOptimizer$FitnessFunction#setValueRange(double):1063;0.0
org.apache.commons.math3.optimization.direct$CMAESOptimizer$FitnessFunction#repair(double[]):1071;0.0
org.apache.commons.math3.optimization.direct$CMAESOptimizer$FitnessFunction#penalty(double[],double[]):1093;0.0
org.apache.commons.math3.linear$AbstractRealMatrix$2#start(int,int,int,int,int,int):289;0.0
org.apache.commons.math3.linear$AbstractRealMatrix$2#visit(int,int,double):294;0.0
org.apache.commons.math3.linear$AbstractRealMatrix$2#end():299;0.0
org.apache.commons.math3.optimization.direct$CMAESOptimizer$DoubleIndex#CMAESOptimizer$DoubleIndex(double,int):970;0.0
org.apache.commons.math3.optimization.direct$CMAESOptimizer$DoubleIndex#compareTo(org.apache.commons.math3.optimization.direct.CMAESOptimizer$DoubleIndex):977;0.0
org.apache.commons.math3.optimization.direct$CMAESOptimizer$DoubleIndex#equals(java.lang.Object):984;0.0
org.apache.commons.math3.optimization.direct$CMAESOptimizer$DoubleIndex#hashCode():998;0.0
org.apache.commons.math3.linear$EigenDecomposition#EigenDecomposition(org.apache.commons.math3.linear.RealMatrix):118;0.0
org.apache.commons.math3.linear$EigenDecomposition#EigenDecomposition(org.apache.commons.math3.linear.RealMatrix,double):145;0.0
org.apache.commons.math3.linear$EigenDecomposition#EigenDecomposition(double[],double[]):157;0.0
org.apache.commons.math3.linear$EigenDecomposition#EigenDecomposition(double[],double[],double):184;0.0
org.apache.commons.math3.linear$EigenDecomposition#getV():199;0.0
org.apache.commons.math3.linear$EigenDecomposition#getD():223;0.0
org.apache.commons.math3.linear$EigenDecomposition#getVT():250;0.0
org.apache.commons.math3.linear$EigenDecomposition#hasComplexEigenvalues():272;0.0
org.apache.commons.math3.linear$EigenDecomposition#getRealEigenvalues():290;0.0
org.apache.commons.math3.linear$EigenDecomposition#getRealEigenvalue(int):306;0.0
org.apache.commons.math3.linear$EigenDecomposition#getImagEigenvalues():321;0.0
org.apache.commons.math3.linear$EigenDecomposition#getImagEigenvalue(int):337;0.0
org.apache.commons.math3.linear$EigenDecomposition#getEigenvector(int):348;0.0
org.apache.commons.math3.linear$EigenDecomposition#getDeterminant():357;0.0
org.apache.commons.math3.linear$EigenDecomposition#getSquareRoot():375;0.0
org.apache.commons.math3.linear$EigenDecomposition#getSolver():406;0.0
org.apache.commons.math3.linear$EigenDecomposition#transformToTridiagonal(org.apache.commons.math3.linear.RealMatrix):561;0.0
org.apache.commons.math3.linear$EigenDecomposition#findEigenVectors(double[][]):573;0.0
org.apache.commons.math3.linear$EigenDecomposition#transformToSchur(org.apache.commons.math3.linear.RealMatrix):730;0.0
org.apache.commons.math3.linear$EigenDecomposition#cdiv(double,double,double,double):765;0.0
org.apache.commons.math3.linear$EigenDecomposition#findEigenVectorsFromSchur(org.apache.commons.math3.linear.SchurTransformer):776;0.0
org.apache.commons.math3.linear$TriDiagonalTransformer#TriDiagonalTransformer(org.apache.commons.math3.linear.RealMatrix):62;0.0
org.apache.commons.math3.linear$TriDiagonalTransformer#getQ():86;0.0
org.apache.commons.math3.linear$TriDiagonalTransformer#getQT():98;0.0
org.apache.commons.math3.linear$TriDiagonalTransformer#getT():139;0.0
org.apache.commons.math3.linear$TriDiagonalTransformer#getHouseholderVectorsRef():165;0.0
org.apache.commons.math3.linear$TriDiagonalTransformer#getMainDiagonalRef():175;0.0
org.apache.commons.math3.linear$TriDiagonalTransformer#getSecondaryDiagonalRef():185;0.0
org.apache.commons.math3.linear$TriDiagonalTransformer#transform():193;0.0
org.apache.commons.math3.optimization$LeastSquaresConverter#LeastSquaresConverter(org.apache.commons.math3.analysis.MultivariateVectorFunction,double[]):77;0.0
org.apache.commons.math3.optimization$LeastSquaresConverter#LeastSquaresConverter(org.apache.commons.math3.analysis.MultivariateVectorFunction,double[],double[]):113;0.0
org.apache.commons.math3.optimization$LeastSquaresConverter#LeastSquaresConverter(org.apache.commons.math3.analysis.MultivariateVectorFunction,double[],org.apache.commons.math3.linear.RealMatrix):143;0.0
org.apache.commons.math3.optimization$LeastSquaresConverter#value(double[]):156;0.0
org.apache.commons.math3.optimization.direct$PowellOptimizer#PowellOptimizer(double,double,org.apache.commons.math3.optimization.ConvergenceChecker):91;0.0
org.apache.commons.math3.optimization.direct$PowellOptimizer#PowellOptimizer(double,double,double,double,org.apache.commons.math3.optimization.ConvergenceChecker):112;0.0
org.apache.commons.math3.optimization.direct$PowellOptimizer#PowellOptimizer(double,double):141;0.0
org.apache.commons.math3.optimization.direct$PowellOptimizer#PowellOptimizer(double,double,double,double):159;0.0
org.apache.commons.math3.optimization.direct$PowellOptimizer#doOptimize():165;0.0
org.apache.commons.math3.optimization.direct$PowellOptimizer#newPointAndDirection(double[],double[],double):270;0.0
org.apache.commons.math3.optimization.univariate$BaseAbstractUnivariateOptimizer#BaseAbstractUnivariateOptimizer(org.apache.commons.math3.optimization.ConvergenceChecker):57;0.0
org.apache.commons.math3.optimization.univariate$BaseAbstractUnivariateOptimizer#getMaxEvaluations():63;0.0
org.apache.commons.math3.optimization.univariate$BaseAbstractUnivariateOptimizer#getEvaluations():68;0.0
org.apache.commons.math3.optimization.univariate$BaseAbstractUnivariateOptimizer#getGoalType():75;0.0
org.apache.commons.math3.optimization.univariate$BaseAbstractUnivariateOptimizer#getMin():81;0.0
org.apache.commons.math3.optimization.univariate$BaseAbstractUnivariateOptimizer#getMax():87;0.0
org.apache.commons.math3.optimization.univariate$BaseAbstractUnivariateOptimizer#getStartValue():93;0.0
org.apache.commons.math3.optimization.univariate$BaseAbstractUnivariateOptimizer#computeObjectiveValue(double):106;0.0
org.apache.commons.math3.optimization.univariate$BaseAbstractUnivariateOptimizer#optimize(int,org.apache.commons.math3.analysis.UnivariateFunction,org.apache.commons.math3.optimization.GoalType,double,double,double):119;0.0
org.apache.commons.math3.optimization.univariate$BaseAbstractUnivariateOptimizer#optimize(int,org.apache.commons.math3.analysis.UnivariateFunction,org.apache.commons.math3.optimization.GoalType,double,double):144;0.0
org.apache.commons.math3.optimization.univariate$BaseAbstractUnivariateOptimizer#getConvergenceChecker():151;0.0
org.apache.commons.math3.optimization.univariate$BrentOptimizer#BrentOptimizer(double,double,org.apache.commons.math3.optimization.ConvergenceChecker):83;0.0
org.apache.commons.math3.optimization.univariate$BrentOptimizer#BrentOptimizer(double,double):112;0.0
org.apache.commons.math3.optimization.univariate$BrentOptimizer#doOptimize():118;0.0
org.apache.commons.math3.optimization.univariate$BrentOptimizer#best(org.apache.commons.math3.optimization.univariate.UnivariatePointValuePair,org.apache.commons.math3.optimization.univariate.UnivariatePointValuePair,boolean):304;0.0
org.apache.commons.math3.optimization.direct$PowellOptimizer$LineSearch#PowellOptimizer$LineSearch(org.apache.commons.math3.optimization.direct.PowellOptimizer,double,double):316;0.0
org.apache.commons.math3.optimization.direct$PowellOptimizer$LineSearch#search(double[],double[]):332;0.0
org.apache.commons.math3.optimization.univariate$SimpleUnivariateValueChecker#SimpleUnivariateValueChecker():65;0.0
org.apache.commons.math3.optimization.univariate$SimpleUnivariateValueChecker#SimpleUnivariateValueChecker(double,double):80;0.0
org.apache.commons.math3.optimization.univariate$SimpleUnivariateValueChecker#SimpleUnivariateValueChecker(double,double,int):101;0.0
org.apache.commons.math3.optimization.univariate$SimpleUnivariateValueChecker#converged(int,org.apache.commons.math3.optimization.univariate.UnivariatePointValuePair,org.apache.commons.math3.optimization.univariate.UnivariatePointValuePair):129;0.0
org.apache.commons.math3.optimization.univariate$BracketFinder#BracketFinder():81;0.0
org.apache.commons.math3.optimization.univariate$BracketFinder#BracketFinder(double,int):92;0.0
org.apache.commons.math3.optimization.univariate$BracketFinder#search(org.apache.commons.math3.analysis.UnivariateFunction,org.apache.commons.math3.optimization.GoalType,double,double):115;0.0
org.apache.commons.math3.optimization.univariate$BracketFinder#getMaxEvaluations():216;0.0
org.apache.commons.math3.optimization.univariate$BracketFinder#getEvaluations():223;0.0
org.apache.commons.math3.optimization.univariate$BracketFinder#getLo():231;0.0
org.apache.commons.math3.optimization.univariate$BracketFinder#getFLo():239;0.0
org.apache.commons.math3.optimization.univariate$BracketFinder#getHi():247;0.0
org.apache.commons.math3.optimization.univariate$BracketFinder#getFHi():255;0.0
org.apache.commons.math3.optimization.univariate$BracketFinder#getMid():263;0.0
org.apache.commons.math3.optimization.univariate$BracketFinder#getFMid():271;0.0
org.apache.commons.math3.optimization.univariate$BracketFinder#eval(org.apache.commons.math3.analysis.UnivariateFunction,double):283;0.0
org.apache.commons.math3.optimization.direct$PowellOptimizer$LineSearch$1#value(double):335;0.0
org.apache.commons.math3.optimization.univariate$UnivariatePointValuePair#UnivariatePointValuePair(double,double):47;0.0
org.apache.commons.math3.optimization.univariate$UnivariatePointValuePair#getPoint():58;0.0
org.apache.commons.math3.optimization.univariate$UnivariatePointValuePair#getValue():67;0.0
org.apache.commons.math3.optimization.direct$MultivariateFunctionMappingAdapter#MultivariateFunctionMappingAdapter(org.apache.commons.math3.analysis.MultivariateFunction,double[],double[]):100;0.0
org.apache.commons.math3.optimization.direct$MultivariateFunctionMappingAdapter#unboundedToBounded(double[]):146;0.0
org.apache.commons.math3.optimization.direct$MultivariateFunctionMappingAdapter#boundedToUnbounded(double[]):162;0.0
org.apache.commons.math3.optimization.direct$MultivariateFunctionMappingAdapter#value(double[]):182;0.0
org.apache.commons.math3.optimization.direct$MultivariateFunctionMappingAdapter$LowerUpperBoundMapper#MultivariateFunctionMappingAdapter$LowerUpperBoundMapper(double,double):285;0.0
org.apache.commons.math3.optimization.direct$MultivariateFunctionMappingAdapter$LowerUpperBoundMapper#unboundedToBounded(double):292;0.0
org.apache.commons.math3.optimization.direct$MultivariateFunctionMappingAdapter$LowerUpperBoundMapper#boundedToUnbounded(double):297;0.0
org.apache.commons.math3.optimization.direct$MultivariateFunctionMappingAdapter$NoBoundsMapper#MultivariateFunctionMappingAdapter$NoBoundsMapper():207;0.0
org.apache.commons.math3.optimization.direct$MultivariateFunctionMappingAdapter$NoBoundsMapper#unboundedToBounded(double):212;0.0
org.apache.commons.math3.optimization.direct$MultivariateFunctionMappingAdapter$NoBoundsMapper#boundedToUnbounded(double):217;0.0
org.apache.commons.math3.optimization.direct$MultivariateFunctionMappingAdapter$LowerBoundMapper#MultivariateFunctionMappingAdapter$LowerBoundMapper(double):231;0.0
org.apache.commons.math3.optimization.direct$MultivariateFunctionMappingAdapter$LowerBoundMapper#unboundedToBounded(double):237;0.0
org.apache.commons.math3.optimization.direct$MultivariateFunctionMappingAdapter$LowerBoundMapper#boundedToUnbounded(double):242;0.0
org.apache.commons.math3.optimization.direct$MultivariateFunctionMappingAdapter$UpperBoundMapper#MultivariateFunctionMappingAdapter$UpperBoundMapper(double):256;0.0
org.apache.commons.math3.optimization.direct$MultivariateFunctionMappingAdapter$UpperBoundMapper#unboundedToBounded(double):262;0.0
org.apache.commons.math3.optimization.direct$MultivariateFunctionMappingAdapter$UpperBoundMapper#boundedToUnbounded(double):267;0.0
org.apache.commons.math3.optimization.linear$LinearObjectiveFunction#LinearObjectiveFunction(double[],double):60;0.0
org.apache.commons.math3.optimization.linear$LinearObjectiveFunction#LinearObjectiveFunction(org.apache.commons.math3.linear.RealVector,double):67;0.0
org.apache.commons.math3.optimization.linear$LinearObjectiveFunction#getCoefficients():77;0.0
org.apache.commons.math3.optimization.linear$LinearObjectiveFunction#getConstantTerm():85;0.0
org.apache.commons.math3.optimization.linear$LinearObjectiveFunction#getValue(double[]):94;0.0
org.apache.commons.math3.optimization.linear$LinearObjectiveFunction#getValue(org.apache.commons.math3.linear.RealVector):103;0.0
org.apache.commons.math3.optimization.linear$LinearObjectiveFunction#equals(java.lang.Object):109;0.0
org.apache.commons.math3.optimization.linear$LinearObjectiveFunction#hashCode():123;0.0
org.apache.commons.math3.optimization.linear$LinearObjectiveFunction#writeObject(java.io.ObjectOutputStream):133;0.0
org.apache.commons.math3.optimization.linear$LinearObjectiveFunction#readObject(java.io.ObjectInputStream):145;0.0
org.apache.commons.math3.optimization.linear$LinearConstraint#LinearConstraint(double[],org.apache.commons.math3.optimization.linear.Relationship,double):83;0.0
org.apache.commons.math3.optimization.linear$LinearConstraint#LinearConstraint(org.apache.commons.math3.linear.RealVector,org.apache.commons.math3.optimization.linear.Relationship,double):101;0.0
org.apache.commons.math3.optimization.linear$LinearConstraint#LinearConstraint(double[],double,org.apache.commons.math3.optimization.linear.Relationship,double[],double):128;0.0
org.apache.commons.math3.optimization.linear$LinearConstraint#LinearConstraint(org.apache.commons.math3.linear.RealVector,double,org.apache.commons.math3.optimization.linear.Relationship,org.apache.commons.math3.linear.RealVector,double):159;0.0
org.apache.commons.math3.optimization.linear$LinearConstraint#getCoefficients():170;0.0
org.apache.commons.math3.optimization.linear$LinearConstraint#getRelationship():178;0.0
org.apache.commons.math3.optimization.linear$LinearConstraint#getValue():186;0.0
org.apache.commons.math3.optimization.linear$LinearConstraint#equals(java.lang.Object):192;0.0
org.apache.commons.math3.optimization.linear$LinearConstraint#hashCode():207;0.0
org.apache.commons.math3.optimization.linear$LinearConstraint#writeObject(java.io.ObjectOutputStream):219;0.0
org.apache.commons.math3.optimization.linear$LinearConstraint#readObject(java.io.ObjectInputStream):231;0.0
org.apache.commons.math3.optimization.linear$Relationship#Relationship(java.lang.String,int,java.lang.String):44;0.0
org.apache.commons.math3.optimization.linear$Relationship#toString():50;0.0
org.apache.commons.math3.optimization.linear$Relationship#oppositeRelationship():58;0.0
org.apache.commons.math3.optimization.linear$AbstractLinearOptimizer#AbstractLinearOptimizer():78;0.0
org.apache.commons.math3.optimization.linear$AbstractLinearOptimizer#restrictToNonNegative():86;0.0
org.apache.commons.math3.optimization.linear$AbstractLinearOptimizer#getGoalType():93;0.0
org.apache.commons.math3.optimization.linear$AbstractLinearOptimizer#getFunction():100;0.0
org.apache.commons.math3.optimization.linear$AbstractLinearOptimizer#getConstraints():107;0.0
org.apache.commons.math3.optimization.linear$AbstractLinearOptimizer#setMaxIterations(int):112;0.0
org.apache.commons.math3.optimization.linear$AbstractLinearOptimizer#getMaxIterations():117;0.0
org.apache.commons.math3.optimization.linear$AbstractLinearOptimizer#getIterations():122;0.0
org.apache.commons.math3.optimization.linear$AbstractLinearOptimizer#incrementIterationsCounter():131;0.0
org.apache.commons.math3.optimization.linear$AbstractLinearOptimizer#optimize(org.apache.commons.math3.optimization.linear.LinearObjectiveFunction,java.util.Collection,org.apache.commons.math3.optimization.GoalType,boolean):143;0.0
org.apache.commons.math3.optimization.linear$SimplexSolver#SimplexSolver():54;0.0
org.apache.commons.math3.optimization.linear$SimplexSolver#SimplexSolver(double,int):62;0.0
org.apache.commons.math3.optimization.linear$SimplexSolver#getPivotColumn(org.apache.commons.math3.optimization.linear.SimplexTableau):73;0.0
org.apache.commons.math3.optimization.linear$SimplexSolver#getPivotRow(org.apache.commons.math3.optimization.linear.SimplexTableau,int):95;0.0
org.apache.commons.math3.optimization.linear$SimplexSolver#doIteration(org.apache.commons.math3.optimization.linear.SimplexTableau):172;0.0
org.apache.commons.math3.optimization.linear$SimplexSolver#solvePhase1(org.apache.commons.math3.optimization.linear.SimplexTableau):204;0.0
org.apache.commons.math3.optimization.linear$SimplexSolver#doOptimize():222;0.0
org.apache.commons.math3.optimization.linear$SimplexTableau#SimplexTableau(org.apache.commons.math3.optimization.linear.LinearObjectiveFunction,java.util.Collection,org.apache.commons.math3.optimization.GoalType,boolean,double):123;0.0
org.apache.commons.math3.optimization.linear$SimplexTableau#SimplexTableau(org.apache.commons.math3.optimization.linear.LinearObjectiveFunction,java.util.Collection,org.apache.commons.math3.optimization.GoalType,boolean,double,int):139;0.0
org.apache.commons.math3.optimization.linear$SimplexTableau#initializeColumnLabels():159;0.0
org.apache.commons.math3.optimization.linear$SimplexTableau#createTableau(boolean):186;0.0
org.apache.commons.math3.optimization.linear$SimplexTableau#normalizeConstraints(java.util.Collection):252;0.0
org.apache.commons.math3.optimization.linear$SimplexTableau#normalize(org.apache.commons.math3.optimization.linear.LinearConstraint):265;0.0
org.apache.commons.math3.optimization.linear$SimplexTableau#getNumObjectiveFunctions():279;0.0
org.apache.commons.math3.optimization.linear$SimplexTableau#getConstraintTypeCounts(org.apache.commons.math3.optimization.linear.Relationship):288;0.0
org.apache.commons.math3.optimization.linear$SimplexTableau#getInvertedCoefficientSum(org.apache.commons.math3.linear.RealVector):303;0.0
org.apache.commons.math3.optimization.linear$SimplexTableau#getBasicRow(int):316;0.0
org.apache.commons.math3.optimization.linear$SimplexTableau#dropPhase1Objective():333;0.0
org.apache.commons.math3.optimization.linear$SimplexTableau#copyArray(double[],double[]):381;0.0
org.apache.commons.math3.optimization.linear$SimplexTableau#isOptimal():389;0.0
org.apache.commons.math3.optimization.linear$SimplexTableau#getSolution():403;0.0
org.apache.commons.math3.optimization.linear$SimplexTableau#divideRow(int,double):445;0.0
org.apache.commons.math3.optimization.linear$SimplexTableau#subtractRow(int,int,double):462;0.0
org.apache.commons.math3.optimization.linear$SimplexTableau#getWidth():477;0.0
org.apache.commons.math3.optimization.linear$SimplexTableau#getHeight():485;0.0
org.apache.commons.math3.optimization.linear$SimplexTableau#getEntry(int,int):495;0.0
org.apache.commons.math3.optimization.linear$SimplexTableau#setEntry(int,int,double):506;0.0
org.apache.commons.math3.optimization.linear$SimplexTableau#getSlackVariableOffset():514;0.0
org.apache.commons.math3.optimization.linear$SimplexTableau#getArtificialVariableOffset():522;0.0
org.apache.commons.math3.optimization.linear$SimplexTableau#getRhsOffset():530;0.0
org.apache.commons.math3.optimization.linear$SimplexTableau#getNumDecisionVariables():543;0.0
org.apache.commons.math3.optimization.linear$SimplexTableau#getOriginalNumDecisionVariables():552;0.0
org.apache.commons.math3.optimization.linear$SimplexTableau#getNumSlackVariables():560;0.0
org.apache.commons.math3.optimization.linear$SimplexTableau#getNumArtificialVariables():568;0.0
org.apache.commons.math3.optimization.linear$SimplexTableau#getData():576;0.0
org.apache.commons.math3.optimization.linear$SimplexTableau#equals(java.lang.Object):582;0.0
org.apache.commons.math3.optimization.linear$SimplexTableau#hashCode():603;0.0
org.apache.commons.math3.optimization.linear$SimplexTableau#writeObject(java.io.ObjectOutputStream):621;0.0
org.apache.commons.math3.optimization.linear$SimplexTableau#readObject(java.io.ObjectInputStream):633;0.0
org.apache.commons.math3.optimization.linear$UnboundedSolutionException#UnboundedSolutionException():40;0.0
org.apache.commons.math3.optimization.linear$NoFeasibleSolutionException#NoFeasibleSolutionException():40;0.0
org.apache.commons.math3.optimization$MultivariateMultiStartOptimizer#MultivariateMultiStartOptimizer(org.apache.commons.math3.optimization.MultivariateOptimizer,int,org.apache.commons.math3.random.RandomVectorGenerator):51;0.0
org.apache.commons.math3.optimization.univariate$UnivariateMultiStartOptimizer#UnivariateMultiStartOptimizer(org.apache.commons.math3.optimization.univariate.BaseUnivariateOptimizer,int,org.apache.commons.math3.random.RandomGenerator):76;0.0
org.apache.commons.math3.optimization.univariate$UnivariateMultiStartOptimizer#getConvergenceChecker():94;0.0
org.apache.commons.math3.optimization.univariate$UnivariateMultiStartOptimizer#getMaxEvaluations():99;0.0
org.apache.commons.math3.optimization.univariate$UnivariateMultiStartOptimizer#getEvaluations():104;0.0
org.apache.commons.math3.optimization.univariate$UnivariateMultiStartOptimizer#getOptima():135;0.0
org.apache.commons.math3.optimization.univariate$UnivariateMultiStartOptimizer#optimize(int,org.apache.commons.math3.analysis.UnivariateFunction,org.apache.commons.math3.optimization.GoalType,double,double):145;0.0
org.apache.commons.math3.optimization.univariate$UnivariateMultiStartOptimizer#optimize(int,org.apache.commons.math3.analysis.UnivariateFunction,org.apache.commons.math3.optimization.GoalType,double,double,double):153;0.0
org.apache.commons.math3.optimization.univariate$UnivariateMultiStartOptimizer#sortPairs(org.apache.commons.math3.optimization.GoalType):188;0.0
org.apache.commons.math3.optimization.univariate$UnivariateMultiStartOptimizer$1#compare(org.apache.commons.math3.optimization.univariate.UnivariatePointValuePair,org.apache.commons.math3.optimization.univariate.UnivariatePointValuePair):191;0.0
org.apache.commons.math3.stat.descriptive$DescriptiveStatistics#DescriptiveStatistics():117;0.0
org.apache.commons.math3.stat.descriptive$DescriptiveStatistics#DescriptiveStatistics(int):127;0.0
org.apache.commons.math3.stat.descriptive$DescriptiveStatistics#DescriptiveStatistics(double[]):139;0.0
org.apache.commons.math3.stat.descriptive$DescriptiveStatistics#DescriptiveStatistics(org.apache.commons.math3.stat.descriptive.DescriptiveStatistics):152;0.0
org.apache.commons.math3.stat.descriptive$DescriptiveStatistics#addValue(double):165;0.0
org.apache.commons.math3.stat.descriptive$DescriptiveStatistics#removeMostRecentValue():183;0.0
org.apache.commons.math3.stat.descriptive$DescriptiveStatistics#replaceMostRecentValue(double):198;0.0
org.apache.commons.math3.stat.descriptive$DescriptiveStatistics#getMean():207;0.0
org.apache.commons.math3.stat.descriptive$DescriptiveStatistics#getGeometricMean():217;0.0
org.apache.commons.math3.stat.descriptive$DescriptiveStatistics#getVariance():231;0.0
org.apache.commons.math3.stat.descriptive$DescriptiveStatistics#getPopulationVariance():242;0.0
org.apache.commons.math3.stat.descriptive$DescriptiveStatistics#getStandardDeviation():251;0.0
org.apache.commons.math3.stat.descriptive$DescriptiveStatistics#getSkewness():269;0.0
org.apache.commons.math3.stat.descriptive$DescriptiveStatistics#getKurtosis():279;0.0
org.apache.commons.math3.stat.descriptive$DescriptiveStatistics#getMax():287;0.0
org.apache.commons.math3.stat.descriptive$DescriptiveStatistics#getMin():295;0.0
org.apache.commons.math3.stat.descriptive$DescriptiveStatistics#getN():303;0.0
org.apache.commons.math3.stat.descriptive$DescriptiveStatistics#getSum():311;0.0
org.apache.commons.math3.stat.descriptive$DescriptiveStatistics#getSumsq():320;0.0
org.apache.commons.math3.stat.descriptive$DescriptiveStatistics#clear():327;0.0
org.apache.commons.math3.stat.descriptive$DescriptiveStatistics#getWindowSize():338;0.0
org.apache.commons.math3.stat.descriptive$DescriptiveStatistics#setWindowSize(int):356;0.0
org.apache.commons.math3.stat.descriptive$DescriptiveStatistics#getValues():381;0.0
org.apache.commons.math3.stat.descriptive$DescriptiveStatistics#getSortedValues():393;0.0
org.apache.commons.math3.stat.descriptive$DescriptiveStatistics#getElement(int):404;0.0
org.apache.commons.math3.stat.descriptive$DescriptiveStatistics#getPercentile(double):427;0.0
org.apache.commons.math3.stat.descriptive$DescriptiveStatistics#toString():458;0.0
org.apache.commons.math3.stat.descriptive$DescriptiveStatistics#apply(org.apache.commons.math3.stat.descriptive.UnivariateStatistic):485;0.0
org.apache.commons.math3.stat.descriptive$DescriptiveStatistics#getMeanImpl():497;0.0
org.apache.commons.math3.stat.descriptive$DescriptiveStatistics#setMeanImpl(org.apache.commons.math3.stat.descriptive.UnivariateStatistic):508;0.0
org.apache.commons.math3.stat.descriptive$DescriptiveStatistics#getGeometricMeanImpl():518;0.0
org.apache.commons.math3.stat.descriptive$DescriptiveStatistics#setGeometricMeanImpl(org.apache.commons.math3.stat.descriptive.UnivariateStatistic):530;0.0
org.apache.commons.math3.stat.descriptive$DescriptiveStatistics#getKurtosisImpl():540;0.0
org.apache.commons.math3.stat.descriptive$DescriptiveStatistics#setKurtosisImpl(org.apache.commons.math3.stat.descriptive.UnivariateStatistic):551;0.0
org.apache.commons.math3.stat.descriptive$DescriptiveStatistics#getMaxImpl():561;0.0
org.apache.commons.math3.stat.descriptive$DescriptiveStatistics#setMaxImpl(org.apache.commons.math3.stat.descriptive.UnivariateStatistic):572;0.0
org.apache.commons.math3.stat.descriptive$DescriptiveStatistics#getMinImpl():582;0.0
org.apache.commons.math3.stat.descriptive$DescriptiveStatistics#setMinImpl(org.apache.commons.math3.stat.descriptive.UnivariateStatistic):593;0.0
org.apache.commons.math3.stat.descriptive$DescriptiveStatistics#getPercentileImpl():603;0.0
org.apache.commons.math3.stat.descriptive$DescriptiveStatistics#setPercentileImpl(org.apache.commons.math3.stat.descriptive.UnivariateStatistic):620;0.0
org.apache.commons.math3.stat.descriptive$DescriptiveStatistics#getSkewnessImpl():644;0.0
org.apache.commons.math3.stat.descriptive$DescriptiveStatistics#setSkewnessImpl(org.apache.commons.math3.stat.descriptive.UnivariateStatistic):656;0.0
org.apache.commons.math3.stat.descriptive$DescriptiveStatistics#getVarianceImpl():666;0.0
org.apache.commons.math3.stat.descriptive$DescriptiveStatistics#setVarianceImpl(org.apache.commons.math3.stat.descriptive.UnivariateStatistic):678;0.0
org.apache.commons.math3.stat.descriptive$DescriptiveStatistics#getSumsqImpl():688;0.0
org.apache.commons.math3.stat.descriptive$DescriptiveStatistics#setSumsqImpl(org.apache.commons.math3.stat.descriptive.UnivariateStatistic):699;0.0
org.apache.commons.math3.stat.descriptive$DescriptiveStatistics#getSumImpl():709;0.0
org.apache.commons.math3.stat.descriptive$DescriptiveStatistics#setSumImpl(org.apache.commons.math3.stat.descriptive.UnivariateStatistic):720;0.0
org.apache.commons.math3.stat.descriptive$DescriptiveStatistics#copy():729;0.0
org.apache.commons.math3.stat.descriptive$DescriptiveStatistics#copy(org.apache.commons.math3.stat.descriptive.DescriptiveStatistics,org.apache.commons.math3.stat.descriptive.DescriptiveStatistics):745;0.0
org.apache.commons.math3.stat.descriptive.moment$Kurtosis#Kurtosis():67;0.0
org.apache.commons.math3.stat.descriptive.moment$Kurtosis#Kurtosis(org.apache.commons.math3.stat.descriptive.moment.FourthMoment):77;0.0
org.apache.commons.math3.stat.descriptive.moment$Kurtosis#Kurtosis(org.apache.commons.math3.stat.descriptive.moment.Kurtosis):89;0.0
org.apache.commons.math3.stat.descriptive.moment$Kurtosis#increment(double):101;0.0
org.apache.commons.math3.stat.descriptive.moment$Kurtosis#getResult():111;0.0
org.apache.commons.math3.stat.descriptive.moment$Kurtosis#clear():132;0.0
org.apache.commons.math3.stat.descriptive.moment$Kurtosis#getN():141;0.0
org.apache.commons.math3.stat.descriptive.moment$Kurtosis#evaluate(double[],int,int):165;0.0
org.apache.commons.math3.stat.descriptive.moment$Kurtosis#copy():202;0.0
org.apache.commons.math3.stat.descriptive.moment$Kurtosis#copy(org.apache.commons.math3.stat.descriptive.moment.Kurtosis,org.apache.commons.math3.stat.descriptive.moment.Kurtosis):218;0.0
org.apache.commons.math3.stat.descriptive.moment$ThirdMoment#ThirdMoment():69;0.0
org.apache.commons.math3.stat.descriptive.moment$ThirdMoment#ThirdMoment(org.apache.commons.math3.stat.descriptive.moment.ThirdMoment):81;0.0
org.apache.commons.math3.stat.descriptive.moment$ThirdMoment#increment(double):90;0.0
org.apache.commons.math3.stat.descriptive.moment$ThirdMoment#getResult():106;0.0
org.apache.commons.math3.stat.descriptive.moment$ThirdMoment#clear():114;0.0
org.apache.commons.math3.stat.descriptive.moment$ThirdMoment#copy():124;0.0
org.apache.commons.math3.stat.descriptive.moment$ThirdMoment#copy(org.apache.commons.math3.stat.descriptive.moment.ThirdMoment,org.apache.commons.math3.stat.descriptive.moment.ThirdMoment):140;0.0
org.apache.commons.math3.stat.descriptive.moment$FourthMoment#FourthMoment():68;0.0
org.apache.commons.math3.stat.descriptive.moment$FourthMoment#FourthMoment(org.apache.commons.math3.stat.descriptive.moment.FourthMoment):80;0.0
org.apache.commons.math3.stat.descriptive.moment$FourthMoment#increment(double):89;0.0
org.apache.commons.math3.stat.descriptive.moment$FourthMoment#getResult():112;0.0
org.apache.commons.math3.stat.descriptive.moment$FourthMoment#clear():120;0.0
org.apache.commons.math3.stat.descriptive.moment$FourthMoment#copy():129;0.0
org.apache.commons.math3.stat.descriptive.moment$FourthMoment#copy(org.apache.commons.math3.stat.descriptive.moment.FourthMoment,org.apache.commons.math3.stat.descriptive.moment.FourthMoment):145;0.0
org.apache.commons.math3.stat.descriptive.moment$Skewness#Skewness():63;0.0
org.apache.commons.math3.stat.descriptive.moment$Skewness#Skewness(org.apache.commons.math3.stat.descriptive.moment.ThirdMoment):72;0.0
org.apache.commons.math3.stat.descriptive.moment$Skewness#Skewness(org.apache.commons.math3.stat.descriptive.moment.Skewness):84;0.0
org.apache.commons.math3.stat.descriptive.moment$Skewness#increment(double):96;0.0
org.apache.commons.math3.stat.descriptive.moment$Skewness#getResult():111;0.0
org.apache.commons.math3.stat.descriptive.moment$Skewness#getN():128;0.0
org.apache.commons.math3.stat.descriptive.moment$Skewness#clear():136;0.0
org.apache.commons.math3.stat.descriptive.moment$Skewness#evaluate(double[],int,int):162;0.0
org.apache.commons.math3.stat.descriptive.moment$Skewness#copy():202;0.0
org.apache.commons.math3.stat.descriptive.moment$Skewness#copy(org.apache.commons.math3.stat.descriptive.moment.Skewness,org.apache.commons.math3.stat.descriptive.moment.Skewness):218;0.0
org.apache.commons.math3.optimization$PointVectorValuePair$DataTransferObject#PointVectorValuePair$DataTransferObject(double[],double[]):140;0.0
org.apache.commons.math3.optimization$PointVectorValuePair$DataTransferObject#readResolve():149;0.0
org.apache.commons.math3.linear$RRQRDecomposition#RRQRDecomposition(org.apache.commons.math3.linear.RealMatrix):69;0.0
org.apache.commons.math3.linear$RRQRDecomposition#RRQRDecomposition(org.apache.commons.math3.linear.RealMatrix,double):80;0.0
org.apache.commons.math3.linear$RRQRDecomposition#decompose(double[][]):88;0.0
org.apache.commons.math3.linear$RRQRDecomposition#performHouseholderReflection(int,double[][]):102;0.0
org.apache.commons.math3.linear$RRQRDecomposition#getP():138;0.0
org.apache.commons.math3.linear$RRQRDecomposition#getRank(double):168;0.0
org.apache.commons.math3.linear$RRQRDecomposition#getSolver():191;0.0
org.apache.commons.math3.linear$AbstractRealMatrix$1#start(int,int,int,int,int,int):257;0.0
org.apache.commons.math3.linear$AbstractRealMatrix$1#visit(int,int,double):264;0.0
org.apache.commons.math3.linear$AbstractRealMatrix$1#end():273;0.0
org.apache.commons.math3.linear$DefaultRealMatrixChangingVisitor#DefaultRealMatrixChangingVisitor():30;0.0
org.apache.commons.math3.linear$DefaultRealMatrixChangingVisitor#start(int,int,int,int,int,int):34;0.0
org.apache.commons.math3.linear$DefaultRealMatrixChangingVisitor#visit(int,int,double):38;0.0
org.apache.commons.math3.linear$DefaultRealMatrixChangingVisitor#end():43;0.0
org.apache.commons.math3.linear$RRQRDecomposition$Solver#RRQRDecomposition$Solver(org.apache.commons.math3.linear.DecompositionSolver,org.apache.commons.math3.linear.RealMatrix):209;0.0
org.apache.commons.math3.linear$RRQRDecomposition$Solver#isNonSingular():216;0.0
org.apache.commons.math3.linear$RRQRDecomposition$Solver#solve(org.apache.commons.math3.linear.RealVector):221;0.0
org.apache.commons.math3.linear$RRQRDecomposition$Solver#solve(org.apache.commons.math3.linear.RealMatrix):226;0.0
org.apache.commons.math3.linear$RRQRDecomposition$Solver#getInverse():231;0.0
org.apache.commons.math3.linear$NonSymmetricMatrixException#NonSymmetricMatrixException(int,int,double):48;0.0
org.apache.commons.math3.linear$NonSymmetricMatrixException#getRow():58;0.0
org.apache.commons.math3.linear$NonSymmetricMatrixException#getColumn():64;0.0
org.apache.commons.math3.linear$NonSymmetricMatrixException#getThreshold():70;0.0
org.apache.commons.math3.linear$SingularValueDecomposition#SingularValueDecomposition(org.apache.commons.math3.linear.RealMatrix):88;0.0
org.apache.commons.math3.linear$SingularValueDecomposition#getU():498;0.0
org.apache.commons.math3.linear$SingularValueDecomposition#getUT():509;0.0
org.apache.commons.math3.linear$SingularValueDecomposition#getS():523;0.0
org.apache.commons.math3.linear$SingularValueDecomposition#getSingularValues():537;0.0
org.apache.commons.math3.linear$SingularValueDecomposition#getV():548;0.0
org.apache.commons.math3.linear$SingularValueDecomposition#getVT():558;0.0
org.apache.commons.math3.linear$SingularValueDecomposition#getCovariance(double):578;0.0
org.apache.commons.math3.linear$SingularValueDecomposition#getNorm():612;0.0
org.apache.commons.math3.linear$SingularValueDecomposition#getConditionNumber():620;0.0
org.apache.commons.math3.linear$SingularValueDecomposition#getInverseConditionNumber():631;0.0
org.apache.commons.math3.linear$SingularValueDecomposition#getRank():643;0.0
org.apache.commons.math3.linear$SingularValueDecomposition#getSolver():657;0.0
org.apache.commons.math3.linear$SingularValueDecomposition$Solver#SingularValueDecomposition$Solver(double[],org.apache.commons.math3.linear.RealMatrix,org.apache.commons.math3.linear.RealMatrix,boolean,double):677;0.0
org.apache.commons.math3.linear$SingularValueDecomposition$Solver#solve(org.apache.commons.math3.linear.RealVector):707;0.0
org.apache.commons.math3.linear$SingularValueDecomposition$Solver#solve(org.apache.commons.math3.linear.RealMatrix):723;0.0
org.apache.commons.math3.linear$SingularValueDecomposition$Solver#isNonSingular():732;0.0
org.apache.commons.math3.linear$SingularValueDecomposition$Solver#getInverse():741;0.0
org.apache.commons.math3.linear$AbstractFieldMatrix#AbstractFieldMatrix():52;0.0
org.apache.commons.math3.linear$AbstractFieldMatrix#AbstractFieldMatrix(org.apache.commons.math3.Field):60;0.0
org.apache.commons.math3.linear$AbstractFieldMatrix#AbstractFieldMatrix(org.apache.commons.math3.Field,int,int):76;0.0
org.apache.commons.math3.linear$AbstractFieldMatrix#extractField(org.apache.commons.math3.FieldElement[][]):99;0.0
org.apache.commons.math3.linear$AbstractFieldMatrix#extractField(org.apache.commons.math3.FieldElement[]):121;0.0
org.apache.commons.math3.linear$AbstractFieldMatrix#buildArray(org.apache.commons.math3.Field,int,int):143;0.0
org.apache.commons.math3.linear$AbstractFieldMatrix#buildArray(org.apache.commons.math3.Field,int):159;0.0
org.apache.commons.math3.linear$AbstractFieldMatrix#getField():164;0.0
org.apache.commons.math3.linear$AbstractFieldMatrix#add(org.apache.commons.math3.linear.FieldMatrix):179;0.0
org.apache.commons.math3.linear$AbstractFieldMatrix#subtract(org.apache.commons.math3.linear.FieldMatrix):197;0.0
org.apache.commons.math3.linear$AbstractFieldMatrix#scalarAdd(org.apache.commons.math3.FieldElement):214;0.0
org.apache.commons.math3.linear$AbstractFieldMatrix#scalarMultiply(org.apache.commons.math3.FieldElement):228;0.0
org.apache.commons.math3.linear$AbstractFieldMatrix#multiply(org.apache.commons.math3.linear.FieldMatrix):244;0.0
org.apache.commons.math3.linear$AbstractFieldMatrix#preMultiply(org.apache.commons.math3.linear.FieldMatrix):266;0.0
org.apache.commons.math3.linear$AbstractFieldMatrix#power(int):272;0.0
org.apache.commons.math3.linear$AbstractFieldMatrix#getData():330;0.0
org.apache.commons.math3.linear$AbstractFieldMatrix#getSubMatrix(int,int,int,int):346;0.0
org.apache.commons.math3.linear$AbstractFieldMatrix#getSubMatrix(int[],int[]):366;0.0
org.apache.commons.math3.linear$AbstractFieldMatrix#copySubMatrix(int,int,int,int,org.apache.commons.math3.FieldElement[][]):392;0.0
org.apache.commons.math3.linear$AbstractFieldMatrix#copySubMatrix(int[],int[],org.apache.commons.math3.FieldElement[][]):435;0.0
org.apache.commons.math3.linear$AbstractFieldMatrix#setSubMatrix(org.apache.commons.math3.FieldElement[][],int,int):459;0.0
org.apache.commons.math3.linear$AbstractFieldMatrix#getRowMatrix(int):492;0.0
org.apache.commons.math3.linear$AbstractFieldMatrix#setRowMatrix(int,org.apache.commons.math3.linear.FieldMatrix):506;0.0
org.apache.commons.math3.linear$AbstractFieldMatrix#getColumnMatrix(int):524;0.0
org.apache.commons.math3.linear$AbstractFieldMatrix#setColumnMatrix(int,org.apache.commons.math3.linear.FieldMatrix):538;0.0
org.apache.commons.math3.linear$AbstractFieldMatrix#getRowVector(int):555;0.0
org.apache.commons.math3.linear$AbstractFieldMatrix#setRowVector(int,org.apache.commons.math3.linear.FieldVector):561;0.0
org.apache.commons.math3.linear$AbstractFieldMatrix#getColumnVector(int):576;0.0
org.apache.commons.math3.linear$AbstractFieldMatrix#setColumnVector(int,org.apache.commons.math3.linear.FieldVector):583;0.0
org.apache.commons.math3.linear$AbstractFieldMatrix#getRow(int):597;0.0
org.apache.commons.math3.linear$AbstractFieldMatrix#setRow(int,org.apache.commons.math3.FieldElement[]):611;0.0
org.apache.commons.math3.linear$AbstractFieldMatrix#getColumn(int):624;0.0
org.apache.commons.math3.linear$AbstractFieldMatrix#setColumn(int,org.apache.commons.math3.FieldElement[]):638;0.0
org.apache.commons.math3.linear$AbstractFieldMatrix#transpose():662;0.0
org.apache.commons.math3.linear$AbstractFieldMatrix#isSquare():678;0.0
org.apache.commons.math3.linear$AbstractFieldMatrix#getTrace():689;0.0
org.apache.commons.math3.linear$AbstractFieldMatrix#operate(org.apache.commons.math3.FieldElement[]):704;0.0
org.apache.commons.math3.linear$AbstractFieldMatrix#operate(org.apache.commons.math3.linear.FieldVector):726;0.0
org.apache.commons.math3.linear$AbstractFieldMatrix#preMultiply(org.apache.commons.math3.FieldElement[]):750;0.0
org.apache.commons.math3.linear$AbstractFieldMatrix#preMultiply(org.apache.commons.math3.linear.FieldVector):772;0.0
org.apache.commons.math3.linear$AbstractFieldMatrix#walkInRowOrder(org.apache.commons.math3.linear.FieldMatrixChangingVisitor):795;0.0
org.apache.commons.math3.linear$AbstractFieldMatrix#walkInRowOrder(org.apache.commons.math3.linear.FieldMatrixPreservingVisitor):810;0.0
org.apache.commons.math3.linear$AbstractFieldMatrix#walkInRowOrder(org.apache.commons.math3.linear.FieldMatrixChangingVisitor,int,int,int,int):826;0.0
org.apache.commons.math3.linear$AbstractFieldMatrix#walkInRowOrder(org.apache.commons.math3.linear.FieldMatrixPreservingVisitor,int,int,int,int):844;0.0
org.apache.commons.math3.linear$AbstractFieldMatrix#walkInColumnOrder(org.apache.commons.math3.linear.FieldMatrixChangingVisitor):857;0.0
org.apache.commons.math3.linear$AbstractFieldMatrix#walkInColumnOrder(org.apache.commons.math3.linear.FieldMatrixPreservingVisitor):872;0.0
org.apache.commons.math3.linear$AbstractFieldMatrix#walkInColumnOrder(org.apache.commons.math3.linear.FieldMatrixChangingVisitor,int,int,int,int):888;0.0
org.apache.commons.math3.linear$AbstractFieldMatrix#walkInColumnOrder(org.apache.commons.math3.linear.FieldMatrixPreservingVisitor,int,int,int,int):906;0.0
org.apache.commons.math3.linear$AbstractFieldMatrix#walkInOptimizedOrder(org.apache.commons.math3.linear.FieldMatrixChangingVisitor):919;0.0
org.apache.commons.math3.linear$AbstractFieldMatrix#walkInOptimizedOrder(org.apache.commons.math3.linear.FieldMatrixPreservingVisitor):924;0.0
org.apache.commons.math3.linear$AbstractFieldMatrix#walkInOptimizedOrder(org.apache.commons.math3.linear.FieldMatrixChangingVisitor,int,int,int,int):932;0.0
org.apache.commons.math3.linear$AbstractFieldMatrix#walkInOptimizedOrder(org.apache.commons.math3.linear.FieldMatrixPreservingVisitor,int,int,int,int):940;0.0
org.apache.commons.math3.linear$AbstractFieldMatrix#toString():949;0.0
org.apache.commons.math3.linear$AbstractFieldMatrix#equals(java.lang.Object):984;0.0
org.apache.commons.math3.linear$AbstractFieldMatrix#hashCode():1013;0.0
org.apache.commons.math3.linear$AbstractFieldMatrix#checkRowIndex(int):1033;0.0
org.apache.commons.math3.linear$AbstractFieldMatrix#checkColumnIndex(int):1047;0.0
org.apache.commons.math3.linear$AbstractFieldMatrix#checkSubMatrixIndex(int,int,int,int):1068;0.0
org.apache.commons.math3.linear$AbstractFieldMatrix#checkSubMatrixIndex(int[],int[]):1095;0.0
org.apache.commons.math3.linear$AbstractFieldMatrix#checkAdditionCompatible(org.apache.commons.math3.linear.FieldMatrix):1121;0.0
org.apache.commons.math3.linear$AbstractFieldMatrix#checkSubtractionCompatible(org.apache.commons.math3.linear.FieldMatrix):1137;0.0
org.apache.commons.math3.linear$AbstractFieldMatrix#checkMultiplicationCompatible(org.apache.commons.math3.linear.FieldMatrix):1153;0.0
org.apache.commons.math3.linear$Array2DRowFieldMatrix#Array2DRowFieldMatrix(org.apache.commons.math3.Field):59;0.0
org.apache.commons.math3.linear$Array2DRowFieldMatrix#Array2DRowFieldMatrix(org.apache.commons.math3.Field,int,int):73;0.0
org.apache.commons.math3.linear$Array2DRowFieldMatrix#Array2DRowFieldMatrix(org.apache.commons.math3.FieldElement[][]):93;0.0
org.apache.commons.math3.linear$Array2DRowFieldMatrix#Array2DRowFieldMatrix(org.apache.commons.math3.Field,org.apache.commons.math3.FieldElement[][]):113;0.0
org.apache.commons.math3.linear$Array2DRowFieldMatrix#Array2DRowFieldMatrix(org.apache.commons.math3.FieldElement[][],boolean):135;0.0
org.apache.commons.math3.linear$Array2DRowFieldMatrix#Array2DRowFieldMatrix(org.apache.commons.math3.Field,org.apache.commons.math3.FieldElement[][],boolean):156;0.0
org.apache.commons.math3.linear$Array2DRowFieldMatrix#Array2DRowFieldMatrix(org.apache.commons.math3.FieldElement[]):187;0.0
org.apache.commons.math3.linear$Array2DRowFieldMatrix#Array2DRowFieldMatrix(org.apache.commons.math3.Field,org.apache.commons.math3.FieldElement[]):199;0.0
org.apache.commons.math3.linear$Array2DRowFieldMatrix#createMatrix(int,int):212;0.0
org.apache.commons.math3.linear$Array2DRowFieldMatrix#copy():218;0.0
org.apache.commons.math3.linear$Array2DRowFieldMatrix#add(org.apache.commons.math3.linear.Array2DRowFieldMatrix):232;0.0
org.apache.commons.math3.linear$Array2DRowFieldMatrix#subtract(org.apache.commons.math3.linear.Array2DRowFieldMatrix):260;0.0
org.apache.commons.math3.linear$Array2DRowFieldMatrix#multiply(org.apache.commons.math3.linear.Array2DRowFieldMatrix):289;0.0
org.apache.commons.math3.linear$Array2DRowFieldMatrix#getData():314;0.0
org.apache.commons.math3.linear$Array2DRowFieldMatrix#getDataRef():324;0.0
org.apache.commons.math3.linear$Array2DRowFieldMatrix#setSubMatrix(org.apache.commons.math3.FieldElement[][],int,int):333;0.0
org.apache.commons.math3.linear$Array2DRowFieldMatrix#getEntry(int,int):366;0.0
org.apache.commons.math3.linear$Array2DRowFieldMatrix#setEntry(int,int,org.apache.commons.math3.FieldElement):376;0.0
org.apache.commons.math3.linear$Array2DRowFieldMatrix#addToEntry(int,int,org.apache.commons.math3.FieldElement):386;0.0
org.apache.commons.math3.linear$Array2DRowFieldMatrix#multiplyEntry(int,int,org.apache.commons.math3.FieldElement):396;0.0
org.apache.commons.math3.linear$Array2DRowFieldMatrix#getRowDimension():405;0.0
org.apache.commons.math3.linear$Array2DRowFieldMatrix#getColumnDimension():411;0.0
org.apache.commons.math3.linear$Array2DRowFieldMatrix#operate(org.apache.commons.math3.FieldElement[]):417;0.0
org.apache.commons.math3.linear$Array2DRowFieldMatrix#preMultiply(org.apache.commons.math3.FieldElement[]):437;0.0
org.apache.commons.math3.linear$Array2DRowFieldMatrix#walkInRowOrder(org.apache.commons.math3.linear.FieldMatrixChangingVisitor):458;0.0
org.apache.commons.math3.linear$Array2DRowFieldMatrix#walkInRowOrder(org.apache.commons.math3.linear.FieldMatrixPreservingVisitor):473;0.0
org.apache.commons.math3.linear$Array2DRowFieldMatrix#walkInRowOrder(org.apache.commons.math3.linear.FieldMatrixChangingVisitor,int,int,int,int):491;0.0
org.apache.commons.math3.linear$Array2DRowFieldMatrix#walkInRowOrder(org.apache.commons.math3.linear.FieldMatrixPreservingVisitor,int,int,int,int):509;0.0
org.apache.commons.math3.linear$Array2DRowFieldMatrix#walkInColumnOrder(org.apache.commons.math3.linear.FieldMatrixChangingVisitor):524;0.0
org.apache.commons.math3.linear$Array2DRowFieldMatrix#walkInColumnOrder(org.apache.commons.math3.linear.FieldMatrixPreservingVisitor):539;0.0
org.apache.commons.math3.linear$Array2DRowFieldMatrix#walkInColumnOrder(org.apache.commons.math3.linear.FieldMatrixChangingVisitor,int,int,int,int):556;0.0
org.apache.commons.math3.linear$Array2DRowFieldMatrix#walkInColumnOrder(org.apache.commons.math3.linear.FieldMatrixPreservingVisitor,int,int,int,int):574;0.0
org.apache.commons.math3.linear$Array2DRowFieldMatrix#copyOut():591;0.0
org.apache.commons.math3.linear$Array2DRowFieldMatrix#copyIn(org.apache.commons.math3.FieldElement[][]):611;0.0
org.apache.commons.math3.linear$DefaultFieldMatrixPreservingVisitor#DefaultFieldMatrixPreservingVisitor(org.apache.commons.math3.FieldElement):41;0.0
org.apache.commons.math3.linear$DefaultFieldMatrixPreservingVisitor#start(int,int,int,int,int,int):48;0.0
org.apache.commons.math3.linear$DefaultFieldMatrixPreservingVisitor#visit(int,int,org.apache.commons.math3.FieldElement):51;0.0
org.apache.commons.math3.linear$DefaultFieldMatrixPreservingVisitor#end():55;0.0
org.apache.commons.math3.linear$MatrixUtils$FractionMatrixConverter#MatrixUtils$FractionMatrixConverter():629;0.0
org.apache.commons.math3.linear$MatrixUtils$FractionMatrixConverter#start(int,int,int,int,int,int):636;0.0
org.apache.commons.math3.linear$MatrixUtils$FractionMatrixConverter#visit(int,int,org.apache.commons.math3.fraction.Fraction):642;0.0
org.apache.commons.math3.linear$MatrixUtils$FractionMatrixConverter#getConvertedMatrix():651;0.0
org.apache.commons.math3.linear$MatrixUtils$BigFractionMatrixConverter#MatrixUtils$BigFractionMatrixConverter():674;0.0
org.apache.commons.math3.linear$MatrixUtils$BigFractionMatrixConverter#start(int,int,int,int,int,int):681;0.0
org.apache.commons.math3.linear$MatrixUtils$BigFractionMatrixConverter#visit(int,int,org.apache.commons.math3.fraction.BigFraction):687;0.0
org.apache.commons.math3.linear$MatrixUtils$BigFractionMatrixConverter#getConvertedMatrix():696;0.0
org.apache.commons.math3.linear$IterativeLinearSolver#IterativeLinearSolver(int):44;0.0
org.apache.commons.math3.linear$IterativeLinearSolver#IterativeLinearSolver(org.apache.commons.math3.util.IterationManager):55;0.0
org.apache.commons.math3.linear$IterativeLinearSolver#checkParameters(org.apache.commons.math3.linear.RealLinearOperator,org.apache.commons.math3.linear.RealVector,org.apache.commons.math3.linear.RealVector):78;0.0
org.apache.commons.math3.linear$IterativeLinearSolver#getIterationManager():101;0.0
org.apache.commons.math3.linear$IterativeLinearSolver#solve(org.apache.commons.math3.linear.RealLinearOperator,org.apache.commons.math3.linear.RealVector):123;0.0
org.apache.commons.math3.linear$IterativeLinearSolver#solve(org.apache.commons.math3.linear.RealLinearOperator,org.apache.commons.math3.linear.RealVector,org.apache.commons.math3.linear.RealVector):149;0.0
org.apache.commons.math3.linear$PreconditionedIterativeLinearSolver#PreconditionedIterativeLinearSolver(int):60;0.0
org.apache.commons.math3.linear$PreconditionedIterativeLinearSolver#PreconditionedIterativeLinearSolver(org.apache.commons.math3.util.IterationManager):71;0.0
org.apache.commons.math3.linear$PreconditionedIterativeLinearSolver#solve(org.apache.commons.math3.linear.RealLinearOperator,org.apache.commons.math3.linear.RealLinearOperator,org.apache.commons.math3.linear.RealVector,org.apache.commons.math3.linear.RealVector):97;0.0
org.apache.commons.math3.linear$PreconditionedIterativeLinearSolver#solve(org.apache.commons.math3.linear.RealLinearOperator,org.apache.commons.math3.linear.RealVector):106;0.0
org.apache.commons.math3.linear$PreconditionedIterativeLinearSolver#solve(org.apache.commons.math3.linear.RealLinearOperator,org.apache.commons.math3.linear.RealVector,org.apache.commons.math3.linear.RealVector):118;0.0
org.apache.commons.math3.linear$PreconditionedIterativeLinearSolver#checkParameters(org.apache.commons.math3.linear.RealLinearOperator,org.apache.commons.math3.linear.RealLinearOperator,org.apache.commons.math3.linear.RealVector,org.apache.commons.math3.linear.RealVector):143;0.0
org.apache.commons.math3.linear$PreconditionedIterativeLinearSolver#solve(org.apache.commons.math3.linear.RealLinearOperator,org.apache.commons.math3.linear.RealLinearOperator,org.apache.commons.math3.linear.RealVector):177;0.0
org.apache.commons.math3.linear$PreconditionedIterativeLinearSolver#solveInPlace(org.apache.commons.math3.linear.RealLinearOperator,org.apache.commons.math3.linear.RealVector,org.apache.commons.math3.linear.RealVector):213;0.0
org.apache.commons.math3.linear$SymmLQ#SymmLQ(int,double,boolean):872;0.0
org.apache.commons.math3.linear$SymmLQ#SymmLQ(org.apache.commons.math3.util.IterationManager,double,boolean):890;0.0
org.apache.commons.math3.linear$SymmLQ#getCheck():902;0.0
org.apache.commons.math3.linear$SymmLQ#solve(org.apache.commons.math3.linear.RealLinearOperator,org.apache.commons.math3.linear.RealLinearOperator,org.apache.commons.math3.linear.RealVector):921;0.0
org.apache.commons.math3.linear$SymmLQ#solve(org.apache.commons.math3.linear.RealLinearOperator,org.apache.commons.math3.linear.RealLinearOperator,org.apache.commons.math3.linear.RealVector,boolean,double):972;0.0
org.apache.commons.math3.linear$SymmLQ#solve(org.apache.commons.math3.linear.RealLinearOperator,org.apache.commons.math3.linear.RealLinearOperator,org.apache.commons.math3.linear.RealVector,org.apache.commons.math3.linear.RealVector):995;0.0
org.apache.commons.math3.linear$SymmLQ#solve(org.apache.commons.math3.linear.RealLinearOperator,org.apache.commons.math3.linear.RealVector):1011;0.0
org.apache.commons.math3.linear$SymmLQ#solve(org.apache.commons.math3.linear.RealLinearOperator,org.apache.commons.math3.linear.RealVector,boolean,double):1057;0.0
org.apache.commons.math3.linear$SymmLQ#solve(org.apache.commons.math3.linear.RealLinearOperator,org.apache.commons.math3.linear.RealVector,org.apache.commons.math3.linear.RealVector):1077;0.0
org.apache.commons.math3.linear$SymmLQ#solveInPlace(org.apache.commons.math3.linear.RealLinearOperator,org.apache.commons.math3.linear.RealLinearOperator,org.apache.commons.math3.linear.RealVector,org.apache.commons.math3.linear.RealVector):1099;0.0
org.apache.commons.math3.linear$SymmLQ#solveInPlace(org.apache.commons.math3.linear.RealLinearOperator,org.apache.commons.math3.linear.RealLinearOperator,org.apache.commons.math3.linear.RealVector,org.apache.commons.math3.linear.RealVector,boolean,double):1151;0.0
org.apache.commons.math3.linear$SymmLQ#solveInPlace(org.apache.commons.math3.linear.RealLinearOperator,org.apache.commons.math3.linear.RealVector,org.apache.commons.math3.linear.RealVector):1220;0.0
org.apache.commons.math3.util$IterationManager#IterationManager(int):45;0.0
org.apache.commons.math3.util$IterationManager#IterationManager(int,org.apache.commons.math3.util.Incrementor$MaxCountExceededCallback):60;0.0
org.apache.commons.math3.util$IterationManager#addIterationListener(org.apache.commons.math3.util.IterationListener):71;0.0
org.apache.commons.math3.util$IterationManager#fireInitializationEvent(org.apache.commons.math3.util.IterationEvent):81;0.0
org.apache.commons.math3.util$IterationManager#fireIterationPerformedEvent(org.apache.commons.math3.util.IterationEvent):93;0.0
org.apache.commons.math3.util$IterationManager#fireIterationStartedEvent(org.apache.commons.math3.util.IterationEvent):105;0.0
org.apache.commons.math3.util$IterationManager#fireTerminationEvent(org.apache.commons.math3.util.IterationEvent):117;0.0
org.apache.commons.math3.util$IterationManager#getIterations():129;0.0
org.apache.commons.math3.util$IterationManager#getMaxIterations():138;0.0
org.apache.commons.math3.util$IterationManager#incrementIterationCount():151;0.0
org.apache.commons.math3.util$IterationManager#removeIterationListener(org.apache.commons.math3.util.IterationListener):163;0.0
org.apache.commons.math3.util$IterationManager#resetIterationCount():171;0.0
org.apache.commons.math3.linear$NonSquareOperatorException#NonSquareOperatorException(int,int):39;0.0
org.apache.commons.math3.linear$SymmLQ$State#SymmLQ$State(org.apache.commons.math3.linear.RealLinearOperator,org.apache.commons.math3.linear.RealLinearOperator,org.apache.commons.math3.linear.RealVector,boolean,double,double,boolean):390;0.0
org.apache.commons.math3.linear$SymmLQ$State#checkSymmetry(org.apache.commons.math3.linear.RealLinearOperator,org.apache.commons.math3.linear.RealVector,org.apache.commons.math3.linear.RealVector,org.apache.commons.math3.linear.RealVector):419;0.0
org.apache.commons.math3.linear$SymmLQ$State#throwNPDLOException(org.apache.commons.math3.linear.RealLinearOperator,org.apache.commons.math3.linear.RealVector):445;0.0
org.apache.commons.math3.linear$SymmLQ$State#daxpy(double,org.apache.commons.math3.linear.RealVector,org.apache.commons.math3.linear.RealVector):463;0.0
org.apache.commons.math3.linear$SymmLQ$State#daxpbypz(double,org.apache.commons.math3.linear.RealVector,double,org.apache.commons.math3.linear.RealVector,org.apache.commons.math3.linear.RealVector):482;0.0
org.apache.commons.math3.linear$SymmLQ$State#refineSolution(org.apache.commons.math3.linear.RealVector):504;0.0
org.apache.commons.math3.linear$SymmLQ$State#init():545;0.0
org.apache.commons.math3.linear$SymmLQ$State#update():638;0.0
org.apache.commons.math3.linear$SymmLQ$State#updateNorms():761;0.0
org.apache.commons.math3.linear$SymmLQ$State#hasConverged():804;0.0
org.apache.commons.math3.linear$SymmLQ$State#bEqualsNullVector():813;0.0
org.apache.commons.math3.linear$SymmLQ$State#betaEqualsZero():823;0.0
org.apache.commons.math3.linear$SymmLQ$State#getNormOfResidual():832;0.0
org.apache.commons.math3.linear$NonPositiveDefiniteOperatorException#NonPositiveDefiniteOperatorException():42;0.0
org.apache.commons.math3.linear$JacobiPreconditioner#JacobiPreconditioner(double[],boolean):43;0.0
org.apache.commons.math3.linear$JacobiPreconditioner#create(org.apache.commons.math3.linear.RealLinearOperator):62;0.0
org.apache.commons.math3.linear$JacobiPreconditioner#getColumnDimension():86;0.0
org.apache.commons.math3.linear$JacobiPreconditioner#getRowDimension():92;0.0
org.apache.commons.math3.linear$JacobiPreconditioner#operate(org.apache.commons.math3.linear.RealVector):99;0.0
org.apache.commons.math3.linear$JacobiPreconditioner#sqrt():113;0.0
org.apache.commons.math3.util$IterationEvent#IterationEvent(java.lang.Object,int):43;0.0
org.apache.commons.math3.util$IterationEvent#getIterations():54;0.0
org.apache.commons.math3.linear$IterativeLinearSolverEvent#IterativeLinearSolverEvent(java.lang.Object,int):43;0.0
org.apache.commons.math3.linear$IterativeLinearSolverEvent#getResidual():93;0.0
org.apache.commons.math3.linear$IterativeLinearSolverEvent#providesResidual():114;0.0
org.apache.commons.math3.linear$DefaultIterativeLinearSolverEvent#DefaultIterativeLinearSolverEvent(java.lang.Object,int,org.apache.commons.math3.linear.RealVector,org.apache.commons.math3.linear.RealVector,org.apache.commons.math3.linear.RealVector,double):66;0.0
org.apache.commons.math3.linear$DefaultIterativeLinearSolverEvent#DefaultIterativeLinearSolverEvent(java.lang.Object,int,org.apache.commons.math3.linear.RealVector,org.apache.commons.math3.linear.RealVector,double):93;0.0
org.apache.commons.math3.linear$DefaultIterativeLinearSolverEvent#getNormOfResidual():103;0.0
org.apache.commons.math3.linear$DefaultIterativeLinearSolverEvent#getResidual():114;0.0
org.apache.commons.math3.linear$DefaultIterativeLinearSolverEvent#getRightHandSideVector():123;0.0
org.apache.commons.math3.linear$DefaultIterativeLinearSolverEvent#getSolution():129;0.0
org.apache.commons.math3.linear$DefaultIterativeLinearSolverEvent#providesResidual():142;0.0
org.apache.commons.math3.linear$NonSelfAdjointOperatorException#NonSelfAdjointOperatorException():45;0.0
org.apache.commons.math3.linear$JacobiPreconditioner$1#operate(org.apache.commons.math3.linear.RealVector):118;0.0
org.apache.commons.math3.linear$JacobiPreconditioner$1#getRowDimension():126;0.0
org.apache.commons.math3.linear$JacobiPreconditioner$1#getColumnDimension():132;0.0
org.apache.commons.math3.linear$SparseFieldVector#SparseFieldVector(org.apache.commons.math3.Field):65;0.0
org.apache.commons.math3.linear$SparseFieldVector#SparseFieldVector(org.apache.commons.math3.Field,int):75;0.0
org.apache.commons.math3.linear$SparseFieldVector#SparseFieldVector(org.apache.commons.math3.linear.SparseFieldVector,int):87;0.0
org.apache.commons.math3.linear$SparseFieldVector#SparseFieldVector(org.apache.commons.math3.Field,int,int):101;0.0
org.apache.commons.math3.linear$SparseFieldVector#SparseFieldVector(org.apache.commons.math3.Field,org.apache.commons.math3.FieldElement[]):115;0.0
org.apache.commons.math3.linear$SparseFieldVector#SparseFieldVector(org.apache.commons.math3.linear.SparseFieldVector):131;0.0
org.apache.commons.math3.linear$SparseFieldVector#getEntries():143;0.0
org.apache.commons.math3.linear$SparseFieldVector#add(org.apache.commons.math3.linear.SparseFieldVector):156;0.0
org.apache.commons.math3.linear$SparseFieldVector#append(org.apache.commons.math3.linear.SparseFieldVector):180;0.0
org.apache.commons.math3.linear$SparseFieldVector#append(org.apache.commons.math3.linear.FieldVector):191;0.0
org.apache.commons.math3.linear$SparseFieldVector#append(org.apache.commons.math3.FieldElement):207;0.0
org.apache.commons.math3.linear$SparseFieldVector#copy():215;0.0
org.apache.commons.math3.linear$SparseFieldVector#dotProduct(org.apache.commons.math3.linear.FieldVector):220;0.0
org.apache.commons.math3.linear$SparseFieldVector#ebeDivide(org.apache.commons.math3.linear.FieldVector):233;0.0
org.apache.commons.math3.linear$SparseFieldVector#ebeMultiply(org.apache.commons.math3.linear.FieldVector):246;0.0
org.apache.commons.math3.linear$SparseFieldVector#getData():263;0.0
org.apache.commons.math3.linear$SparseFieldVector#getDimension():268;0.0
org.apache.commons.math3.linear$SparseFieldVector#getEntry(int):273;0.0
org.apache.commons.math3.linear$SparseFieldVector#getField():279;0.0
org.apache.commons.math3.linear$SparseFieldVector#getSubVector(int,int):285;0.0
org.apache.commons.math3.linear$SparseFieldVector#mapAdd(org.apache.commons.math3.FieldElement):305;0.0
org.apache.commons.math3.linear$SparseFieldVector#mapAddToSelf(org.apache.commons.math3.FieldElement):310;0.0
org.apache.commons.math3.linear$SparseFieldVector#mapDivide(org.apache.commons.math3.FieldElement):319;0.0
org.apache.commons.math3.linear$SparseFieldVector#mapDivideToSelf(org.apache.commons.math3.FieldElement):325;0.0
org.apache.commons.math3.linear$SparseFieldVector#mapInv():335;0.0
org.apache.commons.math3.linear$SparseFieldVector#mapInvToSelf():340;0.0
org.apache.commons.math3.linear$SparseFieldVector#mapMultiply(org.apache.commons.math3.FieldElement):348;0.0
org.apache.commons.math3.linear$SparseFieldVector#mapMultiplyToSelf(org.apache.commons.math3.FieldElement):353;0.0
org.apache.commons.math3.linear$SparseFieldVector#mapSubtract(org.apache.commons.math3.FieldElement):363;0.0
org.apache.commons.math3.linear$SparseFieldVector#mapSubtractToSelf(org.apache.commons.math3.FieldElement):368;0.0
org.apache.commons.math3.linear$SparseFieldVector#outerProduct(org.apache.commons.math3.linear.SparseFieldVector):377;0.0
org.apache.commons.math3.linear$SparseFieldVector#outerProduct(org.apache.commons.math3.linear.FieldVector):393;0.0
org.apache.commons.math3.linear$SparseFieldVector#projection(org.apache.commons.math3.linear.FieldVector):414;0.0
org.apache.commons.math3.linear$SparseFieldVector#set(org.apache.commons.math3.FieldElement):422;0.0
org.apache.commons.math3.linear$SparseFieldVector#setEntry(int,org.apache.commons.math3.FieldElement):432;0.0
org.apache.commons.math3.linear$SparseFieldVector#setSubVector(int,org.apache.commons.math3.linear.FieldVector):440;0.0
org.apache.commons.math3.linear$SparseFieldVector#subtract(org.apache.commons.math3.linear.SparseFieldVector):457;0.0
org.apache.commons.math3.linear$SparseFieldVector#subtract(org.apache.commons.math3.linear.FieldVector):475;0.0
org.apache.commons.math3.linear$SparseFieldVector#toArray():494;0.0
org.apache.commons.math3.linear$SparseFieldVector#checkIndex(int):510;0.0
org.apache.commons.math3.linear$SparseFieldVector#checkVectorDimensions(int):523;0.0
org.apache.commons.math3.linear$SparseFieldVector#add(org.apache.commons.math3.linear.FieldVector):530;0.0
org.apache.commons.math3.linear$SparseFieldVector#hashCode():547;0.0
org.apache.commons.math3.linear$SparseFieldVector#equals(java.lang.Object):565;0.0
org.apache.commons.math3.linear$SparseFieldMatrix#SparseFieldMatrix(org.apache.commons.math3.Field):51;0.0
org.apache.commons.math3.linear$SparseFieldMatrix#SparseFieldMatrix(org.apache.commons.math3.Field,int,int):69;0.0
org.apache.commons.math3.linear$SparseFieldMatrix#SparseFieldMatrix(org.apache.commons.math3.linear.SparseFieldMatrix):81;0.0
org.apache.commons.math3.linear$SparseFieldMatrix#SparseFieldMatrix(org.apache.commons.math3.linear.FieldMatrix):93;0.0
org.apache.commons.math3.linear$SparseFieldMatrix#addToEntry(int,int,org.apache.commons.math3.FieldElement):107;0.0
org.apache.commons.math3.linear$SparseFieldMatrix#copy():121;0.0
org.apache.commons.math3.linear$SparseFieldMatrix#createMatrix(int,int):127;0.0
org.apache.commons.math3.linear$SparseFieldMatrix#getColumnDimension():133;0.0
org.apache.commons.math3.linear$SparseFieldMatrix#getEntry(int,int):139;0.0
org.apache.commons.math3.linear$SparseFieldMatrix#getRowDimension():147;0.0
org.apache.commons.math3.linear$SparseFieldMatrix#multiplyEntry(int,int,org.apache.commons.math3.FieldElement):153;0.0
org.apache.commons.math3.linear$SparseFieldMatrix#setEntry(int,int,org.apache.commons.math3.FieldElement):168;0.0
org.apache.commons.math3.linear$SparseFieldMatrix#computeKey(int,int):185;0.0
org.apache.commons.math3.linear$RectangularCholeskyDecomposition#RectangularCholeskyDecomposition(org.apache.commons.math3.linear.RealMatrix):70;0.0
org.apache.commons.math3.linear$RectangularCholeskyDecomposition#RectangularCholeskyDecomposition(org.apache.commons.math3.linear.RealMatrix,double):83;0.0
org.apache.commons.math3.linear$RectangularCholeskyDecomposition#getRootMatrix():182;0.0
org.apache.commons.math3.linear$RectangularCholeskyDecomposition#getRank():193;0.0
org.apache.commons.math3.linear$BlockFieldMatrix#BlockFieldMatrix(org.apache.commons.math3.Field,int,int):103;0.0
org.apache.commons.math3.linear$BlockFieldMatrix#BlockFieldMatrix(org.apache.commons.math3.FieldElement[][]):130;0.0
org.apache.commons.math3.linear$BlockFieldMatrix#BlockFieldMatrix(int,int,org.apache.commons.math3.FieldElement[][],boolean):153;0.0
org.apache.commons.math3.linear$BlockFieldMatrix#toBlocksLayout(org.apache.commons.math3.FieldElement[][]):211;0.0
org.apache.commons.math3.linear$BlockFieldMatrix#createBlocksLayout(org.apache.commons.math3.Field,int,int):272;0.0
org.apache.commons.math3.linear$BlockFieldMatrix#createMatrix(int,int):298;0.0
org.apache.commons.math3.linear$BlockFieldMatrix#copy():307;0.0
org.apache.commons.math3.linear$BlockFieldMatrix#add(org.apache.commons.math3.linear.FieldMatrix):322;0.0
org.apache.commons.math3.linear$BlockFieldMatrix#add(org.apache.commons.math3.linear.BlockFieldMatrix):372;0.0
org.apache.commons.math3.linear$BlockFieldMatrix#subtract(org.apache.commons.math3.linear.FieldMatrix):394;0.0
org.apache.commons.math3.linear$BlockFieldMatrix#subtract(org.apache.commons.math3.linear.BlockFieldMatrix):442;0.0
org.apache.commons.math3.linear$BlockFieldMatrix#scalarAdd(org.apache.commons.math3.FieldElement):462;0.0
org.apache.commons.math3.linear$BlockFieldMatrix#scalarMultiply(org.apache.commons.math3.FieldElement):480;0.0
org.apache.commons.math3.linear$BlockFieldMatrix#multiply(org.apache.commons.math3.linear.FieldMatrix):499;0.0
org.apache.commons.math3.linear$BlockFieldMatrix#multiply(org.apache.commons.math3.linear.BlockFieldMatrix):566;0.0
org.apache.commons.math3.linear$BlockFieldMatrix#getData():631;0.0
org.apache.commons.math3.linear$BlockFieldMatrix#getSubMatrix(int,int,int,int):663;0.0
org.apache.commons.math3.linear$BlockFieldMatrix#copyBlockPart(org.apache.commons.math3.FieldElement[],int,int,int,int,int,org.apache.commons.math3.FieldElement[],int,int,int):772;0.0
org.apache.commons.math3.linear$BlockFieldMatrix#setSubMatrix(org.apache.commons.math3.FieldElement[][],int,int):789;0.0
org.apache.commons.math3.linear$BlockFieldMatrix#getRowMatrix(int):839;0.0
org.apache.commons.math3.linear$BlockFieldMatrix#setRowMatrix(int,org.apache.commons.math3.linear.FieldMatrix):871;0.0
org.apache.commons.math3.linear$BlockFieldMatrix#setRowMatrix(int,org.apache.commons.math3.linear.BlockFieldMatrix):890;0.0
org.apache.commons.math3.linear$BlockFieldMatrix#getColumnMatrix(int):925;0.0
org.apache.commons.math3.linear$BlockFieldMatrix#setColumnMatrix(int,org.apache.commons.math3.linear.FieldMatrix):955;0.0
org.apache.commons.math3.linear$BlockFieldMatrix#setColumnMatrix(int,org.apache.commons.math3.linear.BlockFieldMatrix):974;0.0
org.apache.commons.math3.linear$BlockFieldMatrix#getRowVector(int):1007;0.0
org.apache.commons.math3.linear$BlockFieldMatrix#setRowVector(int,org.apache.commons.math3.linear.FieldVector):1029;0.0
org.apache.commons.math3.linear$BlockFieldMatrix#getColumnVector(int):1039;0.0
org.apache.commons.math3.linear$BlockFieldMatrix#setColumnVector(int,org.apache.commons.math3.linear.FieldVector):1063;0.0
org.apache.commons.math3.linear$BlockFieldMatrix#getRow(int):1072;0.0
org.apache.commons.math3.linear$BlockFieldMatrix#setRow(int,org.apache.commons.math3.FieldElement[]):1093;0.0
org.apache.commons.math3.linear$BlockFieldMatrix#getColumn(int):1114;0.0
org.apache.commons.math3.linear$BlockFieldMatrix#setColumn(int,org.apache.commons.math3.FieldElement[]):1137;0.0
org.apache.commons.math3.linear$BlockFieldMatrix#getEntry(int,int):1161;0.0
org.apache.commons.math3.linear$BlockFieldMatrix#setEntry(int,int,org.apache.commons.math3.FieldElement):1176;0.0
org.apache.commons.math3.linear$BlockFieldMatrix#addToEntry(int,int,org.apache.commons.math3.FieldElement):1191;0.0
org.apache.commons.math3.linear$BlockFieldMatrix#multiplyEntry(int,int,org.apache.commons.math3.FieldElement):1207;0.0
org.apache.commons.math3.linear$BlockFieldMatrix#transpose():1222;0.0
org.apache.commons.math3.linear$BlockFieldMatrix#getRowDimension():1261;0.0
org.apache.commons.math3.linear$BlockFieldMatrix#getColumnDimension():1267;0.0
org.apache.commons.math3.linear$BlockFieldMatrix#operate(org.apache.commons.math3.FieldElement[]):1273;0.0
org.apache.commons.math3.linear$BlockFieldMatrix#preMultiply(org.apache.commons.math3.FieldElement[]):1315;0.0
org.apache.commons.math3.linear$BlockFieldMatrix#walkInRowOrder(org.apache.commons.math3.linear.FieldMatrixChangingVisitor):1361;0.0
org.apache.commons.math3.linear$BlockFieldMatrix#walkInRowOrder(org.apache.commons.math3.linear.FieldMatrixPreservingVisitor):1385;0.0
org.apache.commons.math3.linear$BlockFieldMatrix#walkInRowOrder(org.apache.commons.math3.linear.FieldMatrixChangingVisitor,int,int,int,int):1412;0.0
org.apache.commons.math3.linear$BlockFieldMatrix#walkInRowOrder(org.apache.commons.math3.linear.FieldMatrixPreservingVisitor,int,int,int,int):1442;0.0
org.apache.commons.math3.linear$BlockFieldMatrix#walkInOptimizedOrder(org.apache.commons.math3.linear.FieldMatrixChangingVisitor):1469;0.0
org.apache.commons.math3.linear$BlockFieldMatrix#walkInOptimizedOrder(org.apache.commons.math3.linear.FieldMatrixPreservingVisitor):1494;0.0
org.apache.commons.math3.linear$BlockFieldMatrix#walkInOptimizedOrder(org.apache.commons.math3.linear.FieldMatrixChangingVisitor,int,int,int,int):1522;0.0
org.apache.commons.math3.linear$BlockFieldMatrix#walkInOptimizedOrder(org.apache.commons.math3.linear.FieldMatrixPreservingVisitor,int,int,int,int):1552;0.0
org.apache.commons.math3.linear$BlockFieldMatrix#blockHeight(int):1582;0.0
org.apache.commons.math3.linear$BlockFieldMatrix#blockWidth(int):1591;0.0
org.apache.commons.math3.linear$ArrayFieldVector#ArrayFieldVector(org.apache.commons.math3.Field):62;0.0
org.apache.commons.math3.linear$ArrayFieldVector#ArrayFieldVector(org.apache.commons.math3.Field,int):71;0.0
org.apache.commons.math3.linear$ArrayFieldVector#ArrayFieldVector(int,org.apache.commons.math3.FieldElement):83;0.0
org.apache.commons.math3.linear$ArrayFieldVector#ArrayFieldVector(org.apache.commons.math3.FieldElement[]):100;0.0
org.apache.commons.math3.linear$ArrayFieldVector#ArrayFieldVector(org.apache.commons.math3.Field,org.apache.commons.math3.FieldElement[]):119;0.0
org.apache.commons.math3.linear$ArrayFieldVector#ArrayFieldVector(org.apache.commons.math3.FieldElement[],boolean):147;0.0
org.apache.commons.math3.linear$ArrayFieldVector#ArrayFieldVector(org.apache.commons.math3.Field,org.apache.commons.math3.FieldElement[],boolean):172;0.0
org.apache.commons.math3.linear$ArrayFieldVector#ArrayFieldVector(org.apache.commons.math3.FieldElement[],int,int):189;0.0
org.apache.commons.math3.linear$ArrayFieldVector#ArrayFieldVector(org.apache.commons.math3.Field,org.apache.commons.math3.FieldElement[],int,int):211;0.0
org.apache.commons.math3.linear$ArrayFieldVector#ArrayFieldVector(org.apache.commons.math3.linear.FieldVector):228;0.0
org.apache.commons.math3.linear$ArrayFieldVector#ArrayFieldVector(org.apache.commons.math3.linear.ArrayFieldVector):244;0.0
org.apache.commons.math3.linear$ArrayFieldVector#ArrayFieldVector(org.apache.commons.math3.linear.ArrayFieldVector,boolean):259;0.0
org.apache.commons.math3.linear$ArrayFieldVector#ArrayFieldVector(org.apache.commons.math3.linear.ArrayFieldVector,org.apache.commons.math3.linear.ArrayFieldVector):277;0.0
org.apache.commons.math3.linear$ArrayFieldVector#ArrayFieldVector(org.apache.commons.math3.linear.FieldVector,org.apache.commons.math3.linear.FieldVector):290;0.0
org.apache.commons.math3.linear$ArrayFieldVector#ArrayFieldVector(org.apache.commons.math3.linear.ArrayFieldVector,org.apache.commons.math3.FieldElement[]):315;0.0
org.apache.commons.math3.linear$ArrayFieldVector#ArrayFieldVector(org.apache.commons.math3.linear.FieldVector,org.apache.commons.math3.FieldElement[]):328;0.0
org.apache.commons.math3.linear$ArrayFieldVector#ArrayFieldVector(org.apache.commons.math3.FieldElement[],org.apache.commons.math3.linear.ArrayFieldVector):351;0.0
org.apache.commons.math3.linear$ArrayFieldVector#ArrayFieldVector(org.apache.commons.math3.FieldElement[],org.apache.commons.math3.linear.FieldVector):364;0.0
org.apache.commons.math3.linear$ArrayFieldVector#ArrayFieldVector(org.apache.commons.math3.FieldElement[],org.apache.commons.math3.FieldElement[]):391;0.0
org.apache.commons.math3.linear$ArrayFieldVector#ArrayFieldVector(org.apache.commons.math3.Field,org.apache.commons.math3.FieldElement[],org.apache.commons.math3.FieldElement[]):415;0.0
org.apache.commons.math3.linear$ArrayFieldVector#getField():429;0.0
org.apache.commons.math3.linear$ArrayFieldVector#copy():434;0.0
org.apache.commons.math3.linear$ArrayFieldVector#add(org.apache.commons.math3.linear.FieldVector):441;0.0
org.apache.commons.math3.linear$ArrayFieldVector#add(org.apache.commons.math3.linear.ArrayFieldVector):461;0.0
org.apache.commons.math3.linear$ArrayFieldVector#subtract(org.apache.commons.math3.linear.FieldVector):473;0.0
org.apache.commons.math3.linear$ArrayFieldVector#subtract(org.apache.commons.math3.linear.ArrayFieldVector):493;0.0
org.apache.commons.math3.linear$ArrayFieldVector#mapAdd(org.apache.commons.math3.FieldElement):503;0.0
org.apache.commons.math3.linear$ArrayFieldVector#mapAddToSelf(org.apache.commons.math3.FieldElement):512;0.0
org.apache.commons.math3.linear$ArrayFieldVector#mapSubtract(org.apache.commons.math3.FieldElement):520;0.0
org.apache.commons.math3.linear$ArrayFieldVector#mapSubtractToSelf(org.apache.commons.math3.FieldElement):529;0.0
org.apache.commons.math3.linear$ArrayFieldVector#mapMultiply(org.apache.commons.math3.FieldElement):537;0.0
org.apache.commons.math3.linear$ArrayFieldVector#mapMultiplyToSelf(org.apache.commons.math3.FieldElement):546;0.0
org.apache.commons.math3.linear$ArrayFieldVector#mapDivide(org.apache.commons.math3.FieldElement):555;0.0
org.apache.commons.math3.linear$ArrayFieldVector#mapDivideToSelf(org.apache.commons.math3.FieldElement):566;0.0
org.apache.commons.math3.linear$ArrayFieldVector#mapInv():575;0.0
org.apache.commons.math3.linear$ArrayFieldVector#mapInvToSelf():589;0.0
org.apache.commons.math3.linear$ArrayFieldVector#ebeMultiply(org.apache.commons.math3.linear.FieldVector):604;0.0
org.apache.commons.math3.linear$ArrayFieldVector#ebeMultiply(org.apache.commons.math3.linear.ArrayFieldVector):624;0.0
org.apache.commons.math3.linear$ArrayFieldVector#ebeDivide(org.apache.commons.math3.linear.FieldVector):636;0.0
org.apache.commons.math3.linear$ArrayFieldVector#ebeDivide(org.apache.commons.math3.linear.ArrayFieldVector):661;0.0
org.apache.commons.math3.linear$ArrayFieldVector#getData():675;0.0
org.apache.commons.math3.linear$ArrayFieldVector#getDataRef():684;0.0
org.apache.commons.math3.linear$ArrayFieldVector#dotProduct(org.apache.commons.math3.linear.FieldVector):691;0.0
org.apache.commons.math3.linear$ArrayFieldVector#dotProduct(org.apache.commons.math3.linear.ArrayFieldVector):711;0.0
org.apache.commons.math3.linear$ArrayFieldVector#projection(org.apache.commons.math3.linear.FieldVector):722;0.0
org.apache.commons.math3.linear$ArrayFieldVector#projection(org.apache.commons.math3.linear.ArrayFieldVector):734;0.0
org.apache.commons.math3.linear$ArrayFieldVector#outerProduct(org.apache.commons.math3.linear.FieldVector):740;0.0
org.apache.commons.math3.linear$ArrayFieldVector#outerProduct(org.apache.commons.math3.linear.ArrayFieldVector):760;0.0
org.apache.commons.math3.linear$ArrayFieldVector#getEntry(int):773;0.0
org.apache.commons.math3.linear$ArrayFieldVector#getDimension():778;0.0
org.apache.commons.math3.linear$ArrayFieldVector#append(org.apache.commons.math3.linear.FieldVector):784;0.0
org.apache.commons.math3.linear$ArrayFieldVector#append(org.apache.commons.math3.linear.ArrayFieldVector):796;0.0
org.apache.commons.math3.linear$ArrayFieldVector#append(org.apache.commons.math3.FieldElement):801;0.0
org.apache.commons.math3.linear$ArrayFieldVector#getSubVector(int,int):810;0.0
org.apache.commons.math3.linear$ArrayFieldVector#setEntry(int,org.apache.commons.math3.FieldElement):826;0.0
org.apache.commons.math3.linear$ArrayFieldVector#setSubVector(int,org.apache.commons.math3.linear.FieldVector):836;0.0
org.apache.commons.math3.linear$ArrayFieldVector#set(int,org.apache.commons.math3.linear.ArrayFieldVector):857;0.0
org.apache.commons.math3.linear$ArrayFieldVector#set(org.apache.commons.math3.FieldElement):866;0.0
org.apache.commons.math3.linear$ArrayFieldVector#toArray():871;0.0
org.apache.commons.math3.linear$ArrayFieldVector#checkVectorDimensions(org.apache.commons.math3.linear.FieldVector):882;0.0
org.apache.commons.math3.linear$ArrayFieldVector#checkVectorDimensions(int):894;0.0
org.apache.commons.math3.linear$ArrayFieldVector#equals(java.lang.Object):908;0.0
org.apache.commons.math3.linear$ArrayFieldVector#hashCode():941;0.0
org.apache.commons.math3.linear$ArrayFieldVector#checkIndex(int):955;0.0
org.apache.commons.math3.linear$FieldLUDecomposition#FieldLUDecomposition(org.apache.commons.math3.linear.FieldMatrix):85;0.0
org.apache.commons.math3.linear$FieldLUDecomposition#getL():173;0.0
org.apache.commons.math3.linear$FieldLUDecomposition#getU():193;0.0
org.apache.commons.math3.linear$FieldLUDecomposition#getP():216;0.0
org.apache.commons.math3.linear$FieldLUDecomposition#getPivot():232;0.0
org.apache.commons.math3.linear$FieldLUDecomposition#getDeterminant():240;0.0
org.apache.commons.math3.linear$FieldLUDecomposition#getSolver():257;0.0
org.apache.commons.math3.linear$FieldLUDecomposition$Solver#FieldLUDecomposition$Solver(org.apache.commons.math3.Field,org.apache.commons.math3.FieldElement[][],int[],boolean):283;0.0
org.apache.commons.math3.linear$FieldLUDecomposition$Solver#isNonSingular():292;0.0
org.apache.commons.math3.linear$FieldLUDecomposition$Solver#solve(org.apache.commons.math3.linear.FieldVector):298;0.0
org.apache.commons.math3.linear$FieldLUDecomposition$Solver#solve(org.apache.commons.math3.linear.ArrayFieldVector):345;0.0
org.apache.commons.math3.linear$FieldLUDecomposition$Solver#solve(org.apache.commons.math3.linear.FieldMatrix):382;0.0
org.apache.commons.math3.linear$FieldLUDecomposition$Solver#getInverse():436;0.0
org.apache.commons.math3.exception$MultiDimensionMismatchException#MultiDimensionMismatchException(java.lang.Integer[],java.lang.Integer[]):45;0.0
org.apache.commons.math3.exception$MultiDimensionMismatchException#MultiDimensionMismatchException(org.apache.commons.math3.exception.util.Localizable,java.lang.Integer[],java.lang.Integer[]):59;0.0
org.apache.commons.math3.exception$MultiDimensionMismatchException#getWrongDimensions():68;0.0
org.apache.commons.math3.exception$MultiDimensionMismatchException#getExpectedDimensions():74;0.0
org.apache.commons.math3.exception$MultiDimensionMismatchException#getWrongDimension(int):82;0.0
org.apache.commons.math3.exception$MultiDimensionMismatchException#getExpectedDimension(int):89;0.0
org.apache.commons.math3.linear$MatrixDimensionMismatchException#MatrixDimensionMismatchException(int,int,int,int):45;0.0
org.apache.commons.math3.linear$MatrixDimensionMismatchException#getWrongRowDimension():54;0.0
org.apache.commons.math3.linear$MatrixDimensionMismatchException#getExpectedRowDimension():60;0.0
org.apache.commons.math3.linear$MatrixDimensionMismatchException#getWrongColumnDimension():66;0.0
org.apache.commons.math3.linear$MatrixDimensionMismatchException#getExpectedColumnDimension():72;0.0
org.apache.commons.math3.linear$NonSquareMatrixException#NonSquareMatrixException(int,int):40;0.0
org.apache.commons.math3.linear$DefaultFieldMatrixChangingVisitor#DefaultFieldMatrixChangingVisitor(org.apache.commons.math3.FieldElement):41;0.0
org.apache.commons.math3.linear$DefaultFieldMatrixChangingVisitor#start(int,int,int,int,int,int):48;0.0
org.apache.commons.math3.linear$DefaultFieldMatrixChangingVisitor#visit(int,int,org.apache.commons.math3.FieldElement):52;0.0
org.apache.commons.math3.linear$DefaultFieldMatrixChangingVisitor#end():57;0.0
org.apache.commons.math3.linear$AbstractFieldMatrix$2#start(int,int,int,int,int,int):416;0.0
org.apache.commons.math3.linear$AbstractFieldMatrix$2#visit(int,int,org.apache.commons.math3.FieldElement):423;0.0
org.apache.commons.math3.linear$AbstractFieldMatrix$1#visit(int,int,org.apache.commons.math3.FieldElement):376;0.0
org.apache.commons.math3.linear$AbstractFieldMatrix$3#visit(int,int,org.apache.commons.math3.FieldElement):669;0.0
org.apache.commons.math3.linear$CholeskyDecomposition#CholeskyDecomposition(org.apache.commons.math3.linear.RealMatrix):85;0.0
org.apache.commons.math3.linear$CholeskyDecomposition#CholeskyDecomposition(org.apache.commons.math3.linear.RealMatrix,double,double):106;0.0
org.apache.commons.math3.linear$CholeskyDecomposition#getL():164;0.0
org.apache.commons.math3.linear$CholeskyDecomposition#getLT():177;0.0
org.apache.commons.math3.linear$CholeskyDecomposition#getDeterminant():190;0.0
org.apache.commons.math3.linear$CholeskyDecomposition#getSolver():203;0.0
org.apache.commons.math3.linear$CholeskyDecomposition$Solver#CholeskyDecomposition$Solver(double[][]):215;0.0
org.apache.commons.math3.linear$CholeskyDecomposition$Solver#isNonSingular():222;0.0
org.apache.commons.math3.linear$CholeskyDecomposition$Solver#solve(org.apache.commons.math3.linear.RealVector):227;0.0
org.apache.commons.math3.linear$CholeskyDecomposition$Solver#solve(org.apache.commons.math3.linear.RealMatrix):258;0.0
org.apache.commons.math3.linear$CholeskyDecomposition$Solver#getInverse():304;0.0
org.apache.commons.math3.linear$SchurTransformer#SchurTransformer(org.apache.commons.math3.linear.RealMatrix):69;0.0
org.apache.commons.math3.linear$SchurTransformer#getP():93;0.0
org.apache.commons.math3.linear$SchurTransformer#getPT():106;0.0
org.apache.commons.math3.linear$SchurTransformer#getT():120;0.0
org.apache.commons.math3.linear$SchurTransformer#transform():133;0.0
org.apache.commons.math3.linear$SchurTransformer#getNorm():225;0.0
org.apache.commons.math3.linear$SchurTransformer#findSmallSubDiagonalElement(int,double):243;0.0
org.apache.commons.math3.linear$SchurTransformer#computeShift(int,int,int,org.apache.commons.math3.linear.SchurTransformer$ShiftInfo):267;0.0
org.apache.commons.math3.linear$SchurTransformer#initQRStep(int,int,org.apache.commons.math3.linear.SchurTransformer$ShiftInfo,double[]):316;0.0
org.apache.commons.math3.linear$SchurTransformer#performDoubleQRStep(int,int,int,org.apache.commons.math3.linear.SchurTransformer$ShiftInfo,double[]):355;0.0
org.apache.commons.math3.linear$HessenbergTransformer#HessenbergTransformer(org.apache.commons.math3.linear.RealMatrix):60;0.0
org.apache.commons.math3.linear$HessenbergTransformer#getP():84;0.0
org.apache.commons.math3.linear$HessenbergTransformer#getPT():130;0.0
org.apache.commons.math3.linear$HessenbergTransformer#getH():144;0.0
org.apache.commons.math3.linear$HessenbergTransformer#getHouseholderVectorsRef():173;0.0
org.apache.commons.math3.linear$HessenbergTransformer#transform():181;0.0
org.apache.commons.math3.linear$SchurTransformer$ShiftInfo#SchurTransformer$ShiftInfo():442;0.0
org.apache.commons.math3.exception$MathUnsupportedOperationException#MathUnsupportedOperationException():44;0.0
org.apache.commons.math3.exception$MathUnsupportedOperationException#MathUnsupportedOperationException(org.apache.commons.math3.exception.util.Localizable,java.lang.Object[]):52;0.0
org.apache.commons.math3.exception$MathUnsupportedOperationException#getContext():59;0.0
org.apache.commons.math3.exception$MathUnsupportedOperationException#getMessage():65;0.0
org.apache.commons.math3.exception$MathUnsupportedOperationException#getLocalizedMessage():71;0.0
org.apache.commons.math3.linear$OpenMapRealMatrix#OpenMapRealMatrix(int,int):63;0.0
org.apache.commons.math3.linear$OpenMapRealMatrix#OpenMapRealMatrix(org.apache.commons.math3.linear.OpenMapRealMatrix):79;0.0
org.apache.commons.math3.linear$OpenMapRealMatrix#copy():88;0.0
org.apache.commons.math3.linear$OpenMapRealMatrix#createMatrix(int,int):100;0.0
org.apache.commons.math3.linear$OpenMapRealMatrix#getColumnDimension():106;0.0
org.apache.commons.math3.linear$OpenMapRealMatrix#add(org.apache.commons.math3.linear.OpenMapRealMatrix):120;0.0
org.apache.commons.math3.linear$OpenMapRealMatrix#subtract(org.apache.commons.math3.linear.RealMatrix):139;0.0
org.apache.commons.math3.linear$OpenMapRealMatrix#subtract(org.apache.commons.math3.linear.OpenMapRealMatrix):155;0.0
org.apache.commons.math3.linear$OpenMapRealMatrix#multiply(org.apache.commons.math3.linear.RealMatrix):179;0.0
org.apache.commons.math3.linear$OpenMapRealMatrix#multiply(org.apache.commons.math3.linear.OpenMapRealMatrix):214;0.0
org.apache.commons.math3.linear$OpenMapRealMatrix#getEntry(int,int):245;0.0
org.apache.commons.math3.linear$OpenMapRealMatrix#getRowDimension():253;0.0
org.apache.commons.math3.linear$OpenMapRealMatrix#setEntry(int,int,double):260;0.0
org.apache.commons.math3.linear$OpenMapRealMatrix#addToEntry(int,int,double):273;0.0
org.apache.commons.math3.linear$OpenMapRealMatrix#multiplyEntry(int,int,double):288;0.0
org.apache.commons.math3.linear$OpenMapRealMatrix#computeKey(int,int):306;0.0
org.apache.commons.math3.linear$AbstractRealMatrix$3#visit(int,int,double):334;0.0
org.apache.commons.math3.linear$EigenDecomposition$Solver#EigenDecomposition$Solver(double[],double[],org.apache.commons.math3.linear.ArrayRealVector[]):430;0.0
org.apache.commons.math3.linear$EigenDecomposition$Solver#solve(org.apache.commons.math3.linear.RealVector):450;0.0
org.apache.commons.math3.linear$EigenDecomposition$Solver#solve(org.apache.commons.math3.linear.RealMatrix):475;0.0
org.apache.commons.math3.linear$EigenDecomposition$Solver#isNonSingular():516;0.0
org.apache.commons.math3.linear$EigenDecomposition$Solver#getInverse():532;0.0
org.apache.commons.math3.exception$MathParseException#MathParseException(java.lang.String,int,java.lang.Class):42;0.0
org.apache.commons.math3.exception$MathParseException#MathParseException(java.lang.String,int):53;0.0
org.apache.commons.math3.linear$SingularValueDecomposition$1#visit(int,int,double):596;0.0
org.apache.commons.math3.linear$ConjugateGradient#ConjugateGradient(int,double,boolean):108;0.0
org.apache.commons.math3.linear$ConjugateGradient#ConjugateGradient(org.apache.commons.math3.util.IterationManager,double,boolean):126;0.0
org.apache.commons.math3.linear$ConjugateGradient#getCheck():138;0.0
org.apache.commons.math3.linear$ConjugateGradient#solveInPlace(org.apache.commons.math3.linear.RealLinearOperator,org.apache.commons.math3.linear.RealLinearOperator,org.apache.commons.math3.linear.RealVector,org.apache.commons.math3.linear.RealVector):155;0.0
org.apache.commons.math3.linear$RealVector$2#mapToSelf(org.apache.commons.math3.analysis.UnivariateFunction):1258;0.0
org.apache.commons.math3.linear$RealVector$2#map(org.apache.commons.math3.analysis.UnivariateFunction):1264;0.0
org.apache.commons.math3.linear$RealVector$2#iterator():1270;0.0
org.apache.commons.math3.linear$RealVector$2#sparseIterator():1301;0.0
org.apache.commons.math3.linear$RealVector$2#copy():1334;0.0
org.apache.commons.math3.linear$RealVector$2#add(org.apache.commons.math3.linear.RealVector):1341;0.0
org.apache.commons.math3.linear$RealVector$2#subtract(org.apache.commons.math3.linear.RealVector):1348;0.0
org.apache.commons.math3.linear$RealVector$2#mapAdd(double):1354;0.0
org.apache.commons.math3.linear$RealVector$2#mapAddToSelf(double):1366;0.0
org.apache.commons.math3.linear$RealVector$2#mapSubtract(double):1372;0.0
org.apache.commons.math3.linear$RealVector$2#mapSubtractToSelf(double):1384;0.0
org.apache.commons.math3.linear$RealVector$2#mapMultiply(double):1390;0.0
org.apache.commons.math3.linear$RealVector$2#mapMultiplyToSelf(double):1402;0.0
org.apache.commons.math3.linear$RealVector$2#mapDivide(double):1408;0.0
org.apache.commons.math3.linear$RealVector$2#mapDivideToSelf(double):1420;0.0
org.apache.commons.math3.linear$RealVector$2#ebeMultiply(org.apache.commons.math3.linear.RealVector):1427;0.0
org.apache.commons.math3.linear$RealVector$2#ebeDivide(org.apache.commons.math3.linear.RealVector):1434;0.0
org.apache.commons.math3.linear$RealVector$2#dotProduct(org.apache.commons.math3.linear.RealVector):1441;0.0
org.apache.commons.math3.linear$RealVector$2#cosine(org.apache.commons.math3.linear.RealVector):1448;0.0
org.apache.commons.math3.linear$RealVector$2#getNorm():1454;0.0
org.apache.commons.math3.linear$RealVector$2#getL1Norm():1460;0.0
org.apache.commons.math3.linear$RealVector$2#getLInfNorm():1466;0.0
org.apache.commons.math3.linear$RealVector$2#getDistance(org.apache.commons.math3.linear.RealVector):1473;0.0
org.apache.commons.math3.linear$RealVector$2#getL1Distance(org.apache.commons.math3.linear.RealVector):1480;0.0
org.apache.commons.math3.linear$RealVector$2#getLInfDistance(org.apache.commons.math3.linear.RealVector):1487;0.0
org.apache.commons.math3.linear$RealVector$2#unitVector():1493;0.0
org.apache.commons.math3.linear$RealVector$2#unitize():1504;0.0
org.apache.commons.math3.linear$RealVector$2#outerProduct(org.apache.commons.math3.linear.RealVector):1510;0.0
org.apache.commons.math3.linear$RealVector$2#getEntry(int):1516;0.0
org.apache.commons.math3.linear$RealVector$2#setEntry(int,double):1528;0.0
org.apache.commons.math3.linear$RealVector$2#addToEntry(int,double):1540;0.0
org.apache.commons.math3.linear$RealVector$2#getDimension():1546;0.0
org.apache.commons.math3.linear$RealVector$2#append(org.apache.commons.math3.linear.RealVector):1552;0.0
org.apache.commons.math3.linear$RealVector$2#append(double):1558;0.0
org.apache.commons.math3.linear$RealVector$2#getSubVector(int,int):1565;0.0
org.apache.commons.math3.linear$RealVector$2#setSubVector(int,org.apache.commons.math3.linear.RealVector):1577;0.0
org.apache.commons.math3.linear$RealVector$2#set(double):1589;0.0
org.apache.commons.math3.linear$RealVector$2#toArray():1595;0.0
org.apache.commons.math3.linear$RealVector$2#isNaN():1601;0.0
org.apache.commons.math3.linear$RealVector$2#isInfinite():1607;0.0
org.apache.commons.math3.linear$RealVector$2#combine(double,double,org.apache.commons.math3.linear.RealVector):1614;0.0
org.apache.commons.math3.linear$RealVector$2#combineToSelf(double,double,org.apache.commons.math3.linear.RealVector):1626;0.0
org.apache.commons.math3.linear$RealVector$SparseEntryIterator#RealVector$SparseEntryIterator(org.apache.commons.math3.linear.RealVector):1169;0.0
org.apache.commons.math3.linear$RealVector$SparseEntryIterator#advance(org.apache.commons.math3.linear.RealVector$Entry):1184;0.0
org.apache.commons.math3.linear$RealVector$SparseEntryIterator#hasNext():1197;0.0
org.apache.commons.math3.linear$RealVector$SparseEntryIterator#next():1202;0.0
org.apache.commons.math3.linear$RealVector$SparseEntryIterator#remove():1217;0.0
org.apache.commons.math3.linear$RealVector$Entry#RealVector$Entry(org.apache.commons.math3.linear.RealVector):1059;0.0
org.apache.commons.math3.linear$RealVector$Entry#getValue():1069;0.0
org.apache.commons.math3.linear$RealVector$Entry#setValue(double):1078;0.0
org.apache.commons.math3.linear$RealVector$Entry#getIndex():1087;0.0
org.apache.commons.math3.linear$RealVector$Entry#setIndex(int):1096;0.0
org.apache.commons.math3.linear$RealVector$1#hasNext():792;0.0
org.apache.commons.math3.linear$RealVector$1#next():797;0.0
org.apache.commons.math3.linear$RealVector$1#remove():811;0.0
org.apache.commons.math3.analysis.function$Exp#Exp():33;0.0
org.apache.commons.math3.analysis.function$Exp#value(double):36;0.0
org.apache.commons.math3.analysis.function$Exp#derivative():44;0.0
org.apache.commons.math3.analysis.function$Exp#value(org.apache.commons.math3.analysis.differentiation.DerivativeStructure):51;0.0
org.apache.commons.math3.analysis.function$Log10#Log10():33;0.0
org.apache.commons.math3.analysis.function$Log10#value(double):37;0.0
org.apache.commons.math3.analysis.function$Log10#derivative():45;0.0
org.apache.commons.math3.analysis.function$Log10#value(org.apache.commons.math3.analysis.differentiation.DerivativeStructure):52;0.0
org.apache.commons.math3.analysis.function$Log1p#Log1p():33;0.0
org.apache.commons.math3.analysis.function$Log1p#value(double):36;0.0
org.apache.commons.math3.analysis.function$Log1p#derivative():44;0.0
org.apache.commons.math3.analysis.function$Log1p#value(org.apache.commons.math3.analysis.differentiation.DerivativeStructure):51;0.0
org.apache.commons.math3.analysis.function$Sinh#Sinh():31;0.0
org.apache.commons.math3.analysis.function$Sinh#value(double):34;0.0
org.apache.commons.math3.analysis.function$Sinh#derivative():42;0.0
org.apache.commons.math3.analysis.function$Sinh#value(org.apache.commons.math3.analysis.differentiation.DerivativeStructure):49;0.0
org.apache.commons.math3.analysis.function$Tanh#Tanh():33;0.0
org.apache.commons.math3.analysis.function$Tanh#value(double):36;0.0
org.apache.commons.math3.analysis.function$Tanh#derivative():44;0.0
org.apache.commons.math3.analysis.function$Tanh#value(org.apache.commons.math3.analysis.differentiation.DerivativeStructure):51;0.0
org.apache.commons.math3.analysis.function$Tan#Tan():33;0.0
org.apache.commons.math3.analysis.function$Tan#value(double):36;0.0
org.apache.commons.math3.analysis.function$Tan#derivative():44;0.0
org.apache.commons.math3.analysis.function$Tan#value(org.apache.commons.math3.analysis.differentiation.DerivativeStructure):51;0.0
org.apache.commons.math3.analysis.function$Acos#Acos():33;0.0
org.apache.commons.math3.analysis.function$Acos#value(double):36;0.0
org.apache.commons.math3.analysis.function$Acos#derivative():44;0.0
org.apache.commons.math3.analysis.function$Acos#value(org.apache.commons.math3.analysis.differentiation.DerivativeStructure):51;0.0
org.apache.commons.math3.analysis.function$Asin#Asin():33;0.0
org.apache.commons.math3.analysis.function$Asin#value(double):36;0.0
org.apache.commons.math3.analysis.function$Asin#derivative():44;0.0
org.apache.commons.math3.analysis.function$Asin#value(org.apache.commons.math3.analysis.differentiation.DerivativeStructure):51;0.0
org.apache.commons.math3.analysis.function$Atan#Atan():33;0.0
org.apache.commons.math3.analysis.function$Atan#value(double):36;0.0
org.apache.commons.math3.analysis.function$Atan#derivative():44;0.0
org.apache.commons.math3.analysis.function$Atan#value(org.apache.commons.math3.analysis.differentiation.DerivativeStructure):51;0.0
org.apache.commons.math3.analysis.function$Abs#Abs():29;0.0
org.apache.commons.math3.analysis.function$Abs#value(double):32;0.0
org.apache.commons.math3.analysis.function$Cbrt#Cbrt():33;0.0
org.apache.commons.math3.analysis.function$Cbrt#value(double):36;0.0
org.apache.commons.math3.analysis.function$Cbrt#derivative():44;0.0
org.apache.commons.math3.analysis.function$Cbrt#value(org.apache.commons.math3.analysis.differentiation.DerivativeStructure):51;0.0
org.apache.commons.math3.analysis.function$Ceil#Ceil():29;0.0
org.apache.commons.math3.analysis.function$Ceil#value(double):32;0.0
org.apache.commons.math3.analysis.function$Floor#Floor():29;0.0
org.apache.commons.math3.analysis.function$Floor#value(double):32;0.0
org.apache.commons.math3.analysis.function$Rint#Rint():29;0.0
org.apache.commons.math3.analysis.function$Rint#value(double):32;0.0
org.apache.commons.math3.analysis.function$Signum#Signum():29;0.0
org.apache.commons.math3.analysis.function$Signum#value(double):32;0.0
org.apache.commons.math3.analysis.function$Ulp#Ulp():29;0.0
org.apache.commons.math3.analysis.function$Ulp#value(double):32;0.0
org.apache.commons.math3.linear$SparseRealVector#SparseRealVector():30;0.0
org.apache.commons.math3.linear$OpenMapRealVector#OpenMapRealVector():63;0.0
org.apache.commons.math3.linear$OpenMapRealVector#OpenMapRealVector(int):72;0.0
org.apache.commons.math3.linear$OpenMapRealVector#OpenMapRealVector(int,double):81;0.0
org.apache.commons.math3.linear$OpenMapRealVector#OpenMapRealVector(org.apache.commons.math3.linear.OpenMapRealVector,int):93;0.0
org.apache.commons.math3.linear$OpenMapRealVector#OpenMapRealVector(int,int):106;0.0
org.apache.commons.math3.linear$OpenMapRealVector#OpenMapRealVector(int,int,double):117;0.0
org.apache.commons.math3.linear$OpenMapRealVector#OpenMapRealVector(double[]):130;0.0
org.apache.commons.math3.linear$OpenMapRealVector#OpenMapRealVector(double[],double):140;0.0
org.apache.commons.math3.linear$OpenMapRealVector#OpenMapRealVector(java.lang.Double[]):159;0.0
org.apache.commons.math3.linear$OpenMapRealVector#OpenMapRealVector(java.lang.Double[],double):169;0.0
org.apache.commons.math3.linear$OpenMapRealVector#OpenMapRealVector(org.apache.commons.math3.linear.OpenMapRealVector):186;0.0
org.apache.commons.math3.linear$OpenMapRealVector#OpenMapRealVector(org.apache.commons.math3.linear.RealVector):197;0.0
org.apache.commons.math3.linear$OpenMapRealVector#getEntries():215;0.0
org.apache.commons.math3.linear$OpenMapRealVector#isDefaultValue(double):227;0.0
org.apache.commons.math3.linear$OpenMapRealVector#add(org.apache.commons.math3.linear.RealVector):234;0.0
org.apache.commons.math3.linear$OpenMapRealVector#add(org.apache.commons.math3.linear.OpenMapRealVector):252;0.0
org.apache.commons.math3.linear$OpenMapRealVector#append(org.apache.commons.math3.linear.OpenMapRealVector):275;0.0
org.apache.commons.math3.linear$OpenMapRealVector#append(org.apache.commons.math3.linear.RealVector):287;0.0
org.apache.commons.math3.linear$OpenMapRealVector#append(double):301;0.0
org.apache.commons.math3.linear$OpenMapRealVector#copy():312;0.0
org.apache.commons.math3.linear$OpenMapRealVector#dotProduct(org.apache.commons.math3.linear.OpenMapRealVector):335;0.0
org.apache.commons.math3.linear$OpenMapRealVector#ebeDivide(org.apache.commons.math3.linear.RealVector):342;0.0
org.apache.commons.math3.linear$OpenMapRealVector#ebeMultiply(org.apache.commons.math3.linear.RealVector):360;0.0
org.apache.commons.math3.linear$OpenMapRealVector#getSubVector(int,int):393;0.0
org.apache.commons.math3.linear$OpenMapRealVector#getDimension():414;0.0
org.apache.commons.math3.linear$OpenMapRealVector#getDistance(org.apache.commons.math3.linear.OpenMapRealVector):426;0.0
org.apache.commons.math3.linear$OpenMapRealVector#getDistance(org.apache.commons.math3.linear.RealVector):451;0.0
org.apache.commons.math3.linear$OpenMapRealVector#getEntry(int):462;0.0
org.apache.commons.math3.linear$OpenMapRealVector#getL1Distance(org.apache.commons.math3.linear.OpenMapRealVector):478;0.0
org.apache.commons.math3.linear$OpenMapRealVector#getL1Distance(org.apache.commons.math3.linear.RealVector):502;0.0
org.apache.commons.math3.linear$OpenMapRealVector#getLInfDistance(org.apache.commons.math3.linear.OpenMapRealVector):519;0.0
org.apache.commons.math3.linear$OpenMapRealVector#getLInfDistance(org.apache.commons.math3.linear.RealVector):544;0.0
org.apache.commons.math3.linear$OpenMapRealVector#isInfinite():555;0.0
org.apache.commons.math3.linear$OpenMapRealVector#isNaN():573;0.0
org.apache.commons.math3.linear$OpenMapRealVector#mapAdd(double):586;0.0
org.apache.commons.math3.linear$OpenMapRealVector#mapAddToSelf(double):592;0.0
org.apache.commons.math3.linear$OpenMapRealVector#setEntry(int,double):602;0.0
org.apache.commons.math3.linear$OpenMapRealVector#setSubVector(int,org.apache.commons.math3.linear.RealVector):614;0.0
org.apache.commons.math3.linear$OpenMapRealVector#set(double):624;0.0
org.apache.commons.math3.linear$OpenMapRealVector#subtract(org.apache.commons.math3.linear.OpenMapRealVector):638;0.0
org.apache.commons.math3.linear$OpenMapRealVector#subtract(org.apache.commons.math3.linear.RealVector):657;0.0
org.apache.commons.math3.linear$OpenMapRealVector#unitVector():668;0.0
org.apache.commons.math3.linear$OpenMapRealVector#unitize():676;0.0
org.apache.commons.math3.linear$OpenMapRealVector#toArray():690;0.0
org.apache.commons.math3.linear$OpenMapRealVector#hashCode():707;0.0
org.apache.commons.math3.linear$OpenMapRealVector#equals(java.lang.Object):730;0.0
org.apache.commons.math3.linear$OpenMapRealVector#getSparsity():769;0.0
org.apache.commons.math3.linear$OpenMapRealVector#sparseIterator():775;0.0
org.apache.commons.math3.linear$RealVector$2$1#hasNext():1277;0.0
org.apache.commons.math3.linear$RealVector$2$1#next():1282;0.0
org.apache.commons.math3.linear$RealVector$2$1#remove():1293;0.0
org.apache.commons.math3.linear$RealVector$2$UnmodifiableEntry#RealVector$2$UnmodifiableEntry(org.apache.commons.math3.linear.RealVector$2):1630;0.0
org.apache.commons.math3.linear$RealVector$2$UnmodifiableEntry#getValue():1634;0.0
org.apache.commons.math3.linear$RealVector$2$UnmodifiableEntry#setValue(double):1646;0.0
org.apache.commons.math3.linear$RealVector$2$2#hasNext():1309;0.0
org.apache.commons.math3.linear$RealVector$2$2#next():1314;0.0
org.apache.commons.math3.linear$RealVector$2$2#remove():1326;0.0
org.apache.commons.math3.linear$NonPositiveDefiniteMatrixException#NonPositiveDefiniteMatrixException(double,int,double):47;0.0
org.apache.commons.math3.linear$NonPositiveDefiniteMatrixException#getRow():60;0.0
org.apache.commons.math3.linear$NonPositiveDefiniteMatrixException#getColumn():66;0.0
org.apache.commons.math3.linear$NonPositiveDefiniteMatrixException#getThreshold():72;0.0
org.apache.commons.math3.linear$OpenMapRealVector$OpenMapSparseIterator#OpenMapRealVector$OpenMapSparseIterator(org.apache.commons.math3.linear.OpenMapRealVector):828;0.0
org.apache.commons.math3.linear$OpenMapRealVector$OpenMapSparseIterator#hasNext():835;0.0
org.apache.commons.math3.linear$OpenMapRealVector$OpenMapSparseIterator#next():840;0.0
org.apache.commons.math3.linear$OpenMapRealVector$OpenMapSparseIterator#remove():846;0.0
org.apache.commons.math3.linear$OpenMapRealVector$OpenMapEntry#OpenMapRealVector$OpenMapEntry(org.apache.commons.math3.linear.OpenMapRealVector,org.apache.commons.math3.util.OpenIntToDoubleHashMap$Iterator):792;0.0
org.apache.commons.math3.linear$OpenMapRealVector$OpenMapEntry#getValue():799;0.0
org.apache.commons.math3.linear$OpenMapRealVector$OpenMapEntry#setValue(double):805;0.0
org.apache.commons.math3.linear$OpenMapRealVector$OpenMapEntry#getIndex():811;0.0
org.apache.commons.math3.linear$BiDiagonalTransformer#BiDiagonalTransformer(org.apache.commons.math3.linear.RealMatrix):62;0.0
org.apache.commons.math3.linear$BiDiagonalTransformer#getU():90;0.0
org.apache.commons.math3.linear$BiDiagonalTransformer#getB():139;0.0
org.apache.commons.math3.linear$BiDiagonalTransformer#getV():171;0.0
org.apache.commons.math3.linear$BiDiagonalTransformer#getHouseholderVectorsRef():221;0.0
org.apache.commons.math3.linear$BiDiagonalTransformer#getMainDiagonalRef():231;0.0
org.apache.commons.math3.linear$BiDiagonalTransformer#getSecondaryDiagonalRef():241;0.0
org.apache.commons.math3.linear$BiDiagonalTransformer#isUpperBiDiagonal():249;0.0
org.apache.commons.math3.linear$BiDiagonalTransformer#transformToUpperBiDiagonal():259;0.0
org.apache.commons.math3.linear$BiDiagonalTransformer#transformToLowerBiDiagonal():323;0.0
org.apache.commons.math3.distribution$LevyDistribution#LevyDistribution(org.apache.commons.math3.random.RandomGenerator,double,double):52;0.0
org.apache.commons.math3.distribution$LevyDistribution#density(double):73;0.0
org.apache.commons.math3.distribution$LevyDistribution#cumulativeProbability(double):91;0.0
org.apache.commons.math3.distribution$LevyDistribution#inverseCumulativeProbability(double):100;0.0
org.apache.commons.math3.distribution$LevyDistribution#getScale():111;0.0
org.apache.commons.math3.distribution$LevyDistribution#getLocation():118;0.0
org.apache.commons.math3.distribution$LevyDistribution#getNumericalMean():123;0.0
org.apache.commons.math3.distribution$LevyDistribution#getNumericalVariance():128;0.0
org.apache.commons.math3.distribution$LevyDistribution#getSupportLowerBound():133;0.0
org.apache.commons.math3.distribution$LevyDistribution#getSupportUpperBound():138;0.0
org.apache.commons.math3.distribution$LevyDistribution#isSupportLowerBoundInclusive():145;0.0
org.apache.commons.math3.distribution$LevyDistribution#isSupportUpperBoundInclusive():151;0.0
org.apache.commons.math3.distribution$LevyDistribution#isSupportConnected():156;0.0
org.apache.commons.math3.random$Well19937a#Well19937a():57;0.0
org.apache.commons.math3.random$Well19937a#Well19937a(int):64;0.0
org.apache.commons.math3.random$Well19937a#Well19937a(int[]):72;0.0
org.apache.commons.math3.random$Well19937a#Well19937a(long):79;0.0
org.apache.commons.math3.random$Well19937a#next(int):86;0.0
org.apache.commons.math3.special$Erf#Erf():44;0.0
org.apache.commons.math3.special$Erf#erf(double):67;0.0
org.apache.commons.math3.special$Erf#erfc(double):98;0.0
org.apache.commons.math3.special$Erf#erf(double,double):116;0.0
org.apache.commons.math3.special$Erf#erfInv(double):149;0.0
org.apache.commons.math3.special$Erf#erfcInv(double):240;0.0
org.apache.commons.math3.stat.inference$ChiSquareTest#ChiSquareTest():48;0.0
org.apache.commons.math3.stat.inference$ChiSquareTest#chiSquare(double[],long[]):85;0.0
org.apache.commons.math3.stat.inference$ChiSquareTest#chiSquareTest(double[],long[]):159;0.0
org.apache.commons.math3.stat.inference$ChiSquareTest#chiSquareTest(double[],long[],double):208;0.0
org.apache.commons.math3.stat.inference$ChiSquareTest#chiSquare(long[][]):248;0.0
org.apache.commons.math3.stat.inference$ChiSquareTest#chiSquareTest(long[][]):313;0.0
org.apache.commons.math3.stat.inference$ChiSquareTest#chiSquareTest(long[][],double):363;0.0
org.apache.commons.math3.stat.inference$ChiSquareTest#chiSquareDataSetsComparison(long[],long[]):414;0.0
org.apache.commons.math3.stat.inference$ChiSquareTest#chiSquareTestDataSetsComparison(long[],long[]):512;0.0
org.apache.commons.math3.stat.inference$ChiSquareTest#chiSquareTestDataSetsComparison(long[],long[],double):566;0.0
org.apache.commons.math3.stat.inference$ChiSquareTest#checkArray(long[][]):588;0.0
org.apache.commons.math3.distribution$ChiSquaredDistribution#ChiSquaredDistribution(double):48;0.0
org.apache.commons.math3.distribution$ChiSquaredDistribution#ChiSquaredDistribution(double,double):63;0.0
org.apache.commons.math3.distribution$ChiSquaredDistribution#ChiSquaredDistribution(org.apache.commons.math3.random.RandomGenerator,double,double):80;0.0
org.apache.commons.math3.distribution$ChiSquaredDistribution#getDegreesOfFreedom():92;0.0
org.apache.commons.math3.distribution$ChiSquaredDistribution#density(double):97;0.0
org.apache.commons.math3.distribution$ChiSquaredDistribution#cumulativeProbability(double):102;0.0
org.apache.commons.math3.distribution$ChiSquaredDistribution#getSolverAbsoluteAccuracy():108;0.0
org.apache.commons.math3.distribution$ChiSquaredDistribution#getNumericalMean():117;0.0
org.apache.commons.math3.distribution$ChiSquaredDistribution#getNumericalVariance():126;0.0
org.apache.commons.math3.distribution$ChiSquaredDistribution#getSupportLowerBound():138;0.0
org.apache.commons.math3.distribution$ChiSquaredDistribution#getSupportUpperBound():150;0.0
org.apache.commons.math3.distribution$ChiSquaredDistribution#isSupportLowerBoundInclusive():155;0.0
org.apache.commons.math3.distribution$ChiSquaredDistribution#isSupportUpperBoundInclusive():160;0.0
org.apache.commons.math3.distribution$ChiSquaredDistribution#isSupportConnected():171;0.0
org.apache.commons.math3.distribution$GammaDistribution#GammaDistribution(double,double):93;0.0
org.apache.commons.math3.distribution$GammaDistribution#GammaDistribution(double,double,double):111;0.0
org.apache.commons.math3.distribution$GammaDistribution#GammaDistribution(org.apache.commons.math3.random.RandomGenerator,double,double,double):132;0.0
org.apache.commons.math3.distribution$GammaDistribution#getAlpha():163;0.0
org.apache.commons.math3.distribution$GammaDistribution#getShape():173;0.0
org.apache.commons.math3.distribution$GammaDistribution#getBeta():185;0.0
org.apache.commons.math3.distribution$GammaDistribution#getScale():195;0.0
org.apache.commons.math3.distribution$GammaDistribution#density(double):238;0.0
org.apache.commons.math3.distribution$GammaDistribution#cumulativeProbability(double):276;0.0
org.apache.commons.math3.distribution$GammaDistribution#getSolverAbsoluteAccuracy():288;0.0
org.apache.commons.math3.distribution$GammaDistribution#getNumericalMean():298;0.0
org.apache.commons.math3.distribution$GammaDistribution#getNumericalVariance():310;0.0
org.apache.commons.math3.distribution$GammaDistribution#getSupportLowerBound():321;0.0
org.apache.commons.math3.distribution$GammaDistribution#getSupportUpperBound():333;0.0
org.apache.commons.math3.distribution$GammaDistribution#isSupportLowerBoundInclusive():338;0.0
org.apache.commons.math3.distribution$GammaDistribution#isSupportUpperBoundInclusive():343;0.0
org.apache.commons.math3.distribution$GammaDistribution#isSupportConnected():354;0.0
org.apache.commons.math3.distribution$GammaDistribution#sample():374;0.0
org.apache.commons.math3.special$Gamma#Gamma():219;0.0
org.apache.commons.math3.special$Gamma#logGamma(double):247;0.0
org.apache.commons.math3.special$Gamma#regularizedGammaP(double,double):279;0.0
org.apache.commons.math3.special$Gamma#regularizedGammaP(double,double,double,int):316;0.0
org.apache.commons.math3.special$Gamma#regularizedGammaQ(double,double):360;0.0
org.apache.commons.math3.special$Gamma#regularizedGammaQ(double,double,double,int):394;0.0
org.apache.commons.math3.special$Gamma#digamma(double):446;0.0
org.apache.commons.math3.special$Gamma#trigamma(double):476;0.0
org.apache.commons.math3.special$Gamma#lanczos(double):513;0.0
org.apache.commons.math3.special$Gamma#invGamma1pm1(double):534;0.0
org.apache.commons.math3.special$Gamma#logGamma1p(double):628;0.0
org.apache.commons.math3.special$Gamma#gamma(double):650;0.0
org.apache.commons.math3.special$Gamma$1#getA(int,double):408;0.0
org.apache.commons.math3.special$Gamma$1#getB(int,double):413;0.0
org.apache.commons.math3.distribution$BetaDistribution#BetaDistribution(double,double):60;0.0
org.apache.commons.math3.distribution$BetaDistribution#BetaDistribution(double,double,double):74;0.0
org.apache.commons.math3.distribution$BetaDistribution#BetaDistribution(org.apache.commons.math3.random.RandomGenerator,double,double,double):92;0.0
org.apache.commons.math3.distribution$BetaDistribution#getAlpha():106;0.0
org.apache.commons.math3.distribution$BetaDistribution#getBeta():115;0.0
org.apache.commons.math3.distribution$BetaDistribution#recomputeZ():120;0.0
org.apache.commons.math3.distribution$BetaDistribution#density(double):127;0.0
org.apache.commons.math3.distribution$BetaDistribution#cumulativeProbability(double):149;0.0
org.apache.commons.math3.distribution$BetaDistribution#getSolverAbsoluteAccuracy():167;0.0
org.apache.commons.math3.distribution$BetaDistribution#getNumericalMean():177;0.0
org.apache.commons.math3.distribution$BetaDistribution#getNumericalVariance():189;0.0
org.apache.commons.math3.distribution$BetaDistribution#getSupportLowerBound():203;0.0
org.apache.commons.math3.distribution$BetaDistribution#getSupportUpperBound():214;0.0
org.apache.commons.math3.distribution$BetaDistribution#isSupportLowerBoundInclusive():219;0.0
org.apache.commons.math3.distribution$BetaDistribution#isSupportUpperBoundInclusive():224;0.0
org.apache.commons.math3.distribution$BetaDistribution#isSupportConnected():235;0.0
org.apache.commons.math3.special$Beta#Beta():102;0.0
org.apache.commons.math3.special$Beta#regularizedBeta(double,double,double):117;0.0
org.apache.commons.math3.special$Beta#regularizedBeta(double,double,double,double):138;0.0
org.apache.commons.math3.special$Beta#regularizedBeta(double,double,double,int):155;0.0
org.apache.commons.math3.special$Beta#regularizedBeta(double,double,double,double,int):187;0.0
org.apache.commons.math3.special$Beta#logBeta(double,double,double,int):253;0.0
org.apache.commons.math3.special$Beta#logGammaSum(double,double):272;0.0
org.apache.commons.math3.special$Beta#logGammaMinusLogGammaSum(double,double):305;0.0
org.apache.commons.math3.special$Beta#deltaMinusDeltaSum(double,double):345;0.0
org.apache.commons.math3.special$Beta#sumDeltaMinusDeltaSum(double,double):391;0.0
org.apache.commons.math3.special$Beta#logBeta(double,double):420;0.0
org.apache.commons.math3.special$Beta$1#getB(int,double):204;0.0
org.apache.commons.math3.special$Beta$1#getA(int,double):218;0.0
org.apache.commons.math3.distribution$AbstractRealDistribution$1#value(double):202;0.0
org.apache.commons.math3.distribution$TriangularDistribution#TriangularDistribution(double,double,double):61;0.0
org.apache.commons.math3.distribution$TriangularDistribution#TriangularDistribution(org.apache.commons.math3.random.RandomGenerator,double,double,double):80;0.0
org.apache.commons.math3.distribution$TriangularDistribution#getMode():108;0.0
org.apache.commons.math3.distribution$TriangularDistribution#getSolverAbsoluteAccuracy():126;0.0
org.apache.commons.math3.distribution$TriangularDistribution#density(double):142;0.0
org.apache.commons.math3.distribution$TriangularDistribution#cumulativeProbability(double):175;0.0
org.apache.commons.math3.distribution$TriangularDistribution#getNumericalMean():201;0.0
org.apache.commons.math3.distribution$TriangularDistribution#getNumericalVariance():211;0.0
org.apache.commons.math3.distribution$TriangularDistribution#getSupportLowerBound():223;0.0
org.apache.commons.math3.distribution$TriangularDistribution#getSupportUpperBound():235;0.0
org.apache.commons.math3.distribution$TriangularDistribution#isSupportLowerBoundInclusive():240;0.0
org.apache.commons.math3.distribution$TriangularDistribution#isSupportUpperBoundInclusive():245;0.0
org.apache.commons.math3.distribution$TriangularDistribution#isSupportConnected():256;0.0
org.apache.commons.math3.distribution$TriangularDistribution#inverseCumulativeProbability(double):262;0.0
org.apache.commons.math3.distribution$TDistribution#TDistribution(double):55;0.0
org.apache.commons.math3.distribution$TDistribution#TDistribution(double,double):71;0.0
org.apache.commons.math3.distribution$TDistribution#TDistribution(org.apache.commons.math3.random.RandomGenerator,double,double):89;0.0
org.apache.commons.math3.distribution$TDistribution#getDegreesOfFreedom():105;0.0
org.apache.commons.math3.distribution$TDistribution#density(double):110;0.0
org.apache.commons.math3.distribution$TDistribution#cumulativeProbability(double):122;0.0
org.apache.commons.math3.distribution$TDistribution#getSolverAbsoluteAccuracy():143;0.0
org.apache.commons.math3.distribution$TDistribution#getNumericalMean():156;0.0
org.apache.commons.math3.distribution$TDistribution#getNumericalVariance():177;0.0
org.apache.commons.math3.distribution$TDistribution#getSupportLowerBound():200;0.0
org.apache.commons.math3.distribution$TDistribution#getSupportUpperBound():213;0.0
org.apache.commons.math3.distribution$TDistribution#isSupportLowerBoundInclusive():218;0.0
org.apache.commons.math3.distribution$TDistribution#isSupportUpperBoundInclusive():223;0.0
org.apache.commons.math3.distribution$TDistribution#isSupportConnected():234;0.0
org.apache.commons.math3.distribution$AbstractMultivariateRealDistribution#AbstractMultivariateRealDistribution(org.apache.commons.math3.random.RandomGenerator,int):41;0.0
org.apache.commons.math3.distribution$AbstractMultivariateRealDistribution#reseedRandomGenerator(long):48;0.0
org.apache.commons.math3.distribution$AbstractMultivariateRealDistribution#getDimension():53;0.0
org.apache.commons.math3.distribution$AbstractMultivariateRealDistribution#sample(int):61;0.0
org.apache.commons.math3.distribution$MultivariateNormalDistribution#MultivariateNormalDistribution(double[],double[][]):76;0.0
org.apache.commons.math3.distribution$MultivariateNormalDistribution#MultivariateNormalDistribution(org.apache.commons.math3.random.RandomGenerator,double[],double[][]):103;0.0
org.apache.commons.math3.distribution$MultivariateNormalDistribution#getMeans():164;0.0
org.apache.commons.math3.distribution$MultivariateNormalDistribution#getCovariances():173;0.0
org.apache.commons.math3.distribution$MultivariateNormalDistribution#density(double[]):178;0.0
org.apache.commons.math3.distribution$MultivariateNormalDistribution#getStandardDeviations():195;0.0
org.apache.commons.math3.distribution$MultivariateNormalDistribution#sample():207;0.0
org.apache.commons.math3.distribution$MultivariateNormalDistribution#getExponentTerm(double[]):230;0.0
org.apache.commons.math3.stat.correlation$Covariance#Covariance():62;0.0
org.apache.commons.math3.stat.correlation$Covariance#Covariance(double[][],boolean):86;0.0
org.apache.commons.math3.stat.correlation$Covariance#Covariance(double[][]):104;0.0
org.apache.commons.math3.stat.correlation$Covariance#Covariance(org.apache.commons.math3.linear.RealMatrix,boolean):122;0.0
org.apache.commons.math3.stat.correlation$Covariance#Covariance(org.apache.commons.math3.linear.RealMatrix):139;0.0
org.apache.commons.math3.stat.correlation$Covariance#getCovarianceMatrix():148;0.0
org.apache.commons.math3.stat.correlation$Covariance#getN():157;0.0
org.apache.commons.math3.stat.correlation$Covariance#computeCovarianceMatrix(org.apache.commons.math3.linear.RealMatrix,boolean):170;0.0
org.apache.commons.math3.stat.correlation$Covariance#computeCovarianceMatrix(org.apache.commons.math3.linear.RealMatrix):194;0.0
org.apache.commons.math3.stat.correlation$Covariance#computeCovarianceMatrix(double[][],boolean):210;0.0
org.apache.commons.math3.stat.correlation$Covariance#computeCovarianceMatrix(double[][]):225;0.0
org.apache.commons.math3.stat.correlation$Covariance#covariance(double[],double[],boolean):242;0.0
org.apache.commons.math3.stat.correlation$Covariance#covariance(double[],double[]):277;0.0
org.apache.commons.math3.stat.correlation$Covariance#checkSufficientData(org.apache.commons.math3.linear.RealMatrix):288;0.0
org.apache.commons.math3.distribution$WeibullDistribution#WeibullDistribution(double,double):73;0.0
org.apache.commons.math3.distribution$WeibullDistribution#WeibullDistribution(double,double,double):91;0.0
org.apache.commons.math3.distribution$WeibullDistribution#WeibullDistribution(org.apache.commons.math3.random.RandomGenerator,double,double,double):112;0.0
org.apache.commons.math3.distribution$WeibullDistribution#getShape():133;0.0
org.apache.commons.math3.distribution$WeibullDistribution#getScale():142;0.0
org.apache.commons.math3.distribution$WeibullDistribution#density(double):147;0.0
org.apache.commons.math3.distribution$WeibullDistribution#cumulativeProbability(double):167;0.0
org.apache.commons.math3.distribution$WeibullDistribution#inverseCumulativeProbability(double):184;0.0
org.apache.commons.math3.distribution$WeibullDistribution#getSolverAbsoluteAccuracy():205;0.0
org.apache.commons.math3.distribution$WeibullDistribution#getNumericalMean():215;0.0
org.apache.commons.math3.distribution$WeibullDistribution#calculateNumericalMean():228;0.0
org.apache.commons.math3.distribution$WeibullDistribution#getNumericalVariance():241;0.0
org.apache.commons.math3.distribution$WeibullDistribution#calculateNumericalVariance():254;0.0
org.apache.commons.math3.distribution$WeibullDistribution#getSupportLowerBound():270;0.0
org.apache.commons.math3.distribution$WeibullDistribution#getSupportUpperBound():283;0.0
org.apache.commons.math3.distribution$WeibullDistribution#isSupportLowerBoundInclusive():288;0.0
org.apache.commons.math3.distribution$WeibullDistribution#isSupportUpperBoundInclusive():293;0.0
org.apache.commons.math3.distribution$WeibullDistribution#isSupportConnected():304;0.0
org.apache.commons.math3.distribution.fitting$MultivariateNormalMixtureExpectationMaximization#MultivariateNormalMixtureExpectationMaximization(double[][]):88;0.0
org.apache.commons.math3.distribution.fitting$MultivariateNormalMixtureExpectationMaximization#fit(org.apache.commons.math3.distribution.MixtureMultivariateNormalDistribution,int,double):137;0.0
org.apache.commons.math3.distribution.fitting$MultivariateNormalMixtureExpectationMaximization#fit(org.apache.commons.math3.distribution.MixtureMultivariateNormalDistribution):280;0.0
org.apache.commons.math3.distribution.fitting$MultivariateNormalMixtureExpectationMaximization#estimate(double[][],int):305;0.0
org.apache.commons.math3.distribution.fitting$MultivariateNormalMixtureExpectationMaximization#getLogLikelihood():378;0.0
org.apache.commons.math3.distribution.fitting$MultivariateNormalMixtureExpectationMaximization#getFittedModel():387;0.0
org.apache.commons.math3.distribution.fitting$MultivariateNormalMixtureExpectationMaximization$DataRow#MultivariateNormalMixtureExpectationMaximization$DataRow(double[]):403;0.0
org.apache.commons.math3.distribution.fitting$MultivariateNormalMixtureExpectationMaximization$DataRow#compareTo(org.apache.commons.math3.distribution.fitting.MultivariateNormalMixtureExpectationMaximization$DataRow):420;0.0
org.apache.commons.math3.distribution.fitting$MultivariateNormalMixtureExpectationMaximization$DataRow#equals(java.lang.Object):427;0.0
org.apache.commons.math3.distribution.fitting$MultivariateNormalMixtureExpectationMaximization$DataRow#hashCode():442;0.0
org.apache.commons.math3.distribution.fitting$MultivariateNormalMixtureExpectationMaximization$DataRow#getRow():449;0.0
org.apache.commons.math3.distribution$MixtureMultivariateRealDistribution#MixtureMultivariateRealDistribution(java.util.List):52;0.0
org.apache.commons.math3.distribution$MixtureMultivariateRealDistribution#MixtureMultivariateRealDistribution(org.apache.commons.math3.random.RandomGenerator,java.util.List):67;0.0
org.apache.commons.math3.distribution$MixtureMultivariateRealDistribution#density(double[]):100;0.0
org.apache.commons.math3.distribution$MixtureMultivariateRealDistribution#sample():111;0.0
org.apache.commons.math3.distribution$MixtureMultivariateRealDistribution#reseedRandomGenerator(long):141;0.0
org.apache.commons.math3.distribution$MixtureMultivariateRealDistribution#getComponents():156;0.0
org.apache.commons.math3.distribution$MixtureMultivariateNormalDistribution#MixtureMultivariateNormalDistribution(double[],double[][],double[][][]):47;0.0
org.apache.commons.math3.distribution$MixtureMultivariateNormalDistribution#MixtureMultivariateNormalDistribution(java.util.List):57;0.0
org.apache.commons.math3.distribution$MixtureMultivariateNormalDistribution#MixtureMultivariateNormalDistribution(org.apache.commons.math3.random.RandomGenerator,java.util.List):73;0.0
org.apache.commons.math3.distribution$MixtureMultivariateNormalDistribution#createComponents(double[],double[][],double[][][]):85;0.0
org.apache.commons.math3.distribution$ExponentialDistribution#ExponentialDistribution(double):96;0.0
org.apache.commons.math3.distribution$ExponentialDistribution#ExponentialDistribution(double,double):110;0.0
org.apache.commons.math3.distribution$ExponentialDistribution#ExponentialDistribution(org.apache.commons.math3.random.RandomGenerator,double,double):128;0.0
org.apache.commons.math3.distribution$ExponentialDistribution#getMean():143;0.0
org.apache.commons.math3.distribution$ExponentialDistribution#density(double):148;0.0
org.apache.commons.math3.distribution$ExponentialDistribution#cumulativeProbability(double):166;0.0
org.apache.commons.math3.distribution$ExponentialDistribution#inverseCumulativeProbability(double):184;0.0
org.apache.commons.math3.distribution$ExponentialDistribution#sample():209;0.0
org.apache.commons.math3.distribution$ExponentialDistribution#getSolverAbsoluteAccuracy():249;0.0
org.apache.commons.math3.distribution$ExponentialDistribution#getNumericalMean():258;0.0
org.apache.commons.math3.distribution$ExponentialDistribution#getNumericalVariance():267;0.0
org.apache.commons.math3.distribution$ExponentialDistribution#getSupportLowerBound():279;0.0
org.apache.commons.math3.distribution$ExponentialDistribution#getSupportUpperBound():291;0.0
org.apache.commons.math3.distribution$ExponentialDistribution#isSupportLowerBoundInclusive():296;0.0
org.apache.commons.math3.distribution$ExponentialDistribution#isSupportUpperBoundInclusive():301;0.0
org.apache.commons.math3.distribution$ExponentialDistribution#isSupportConnected():312;0.0
org.apache.commons.math3.distribution$LogNormalDistribution#LogNormalDistribution():86;0.0
org.apache.commons.math3.distribution$LogNormalDistribution#LogNormalDistribution(double,double):98;0.0
org.apache.commons.math3.distribution$LogNormalDistribution#LogNormalDistribution(double,double,double):112;0.0
org.apache.commons.math3.distribution$LogNormalDistribution#LogNormalDistribution(org.apache.commons.math3.random.RandomGenerator,double,double,double):130;0.0
org.apache.commons.math3.distribution$LogNormalDistribution#getScale():147;0.0
org.apache.commons.math3.distribution$LogNormalDistribution#getShape():156;0.0
org.apache.commons.math3.distribution$LogNormalDistribution#density(double):171;0.0
org.apache.commons.math3.distribution$LogNormalDistribution#cumulativeProbability(double):195;0.0
org.apache.commons.math3.distribution$LogNormalDistribution#cumulativeProbability(double,double):213;0.0
org.apache.commons.math3.distribution$LogNormalDistribution#probability(double,double):221;0.0
org.apache.commons.math3.distribution$LogNormalDistribution#getSolverAbsoluteAccuracy():237;0.0
org.apache.commons.math3.distribution$LogNormalDistribution#getNumericalMean():247;0.0
org.apache.commons.math3.distribution$LogNormalDistribution#getNumericalVariance():258;0.0
org.apache.commons.math3.distribution$LogNormalDistribution#getSupportLowerBound():271;0.0
org.apache.commons.math3.distribution$LogNormalDistribution#getSupportUpperBound():284;0.0
org.apache.commons.math3.distribution$LogNormalDistribution#isSupportLowerBoundInclusive():289;0.0
org.apache.commons.math3.distribution$LogNormalDistribution#isSupportUpperBoundInclusive():294;0.0
org.apache.commons.math3.distribution$LogNormalDistribution#isSupportConnected():305;0.0
org.apache.commons.math3.distribution$LogNormalDistribution#sample():311;0.0
org.apache.commons.math3.distribution$HypergeometricDistribution#HypergeometricDistribution(int,int,int):63;0.0
org.apache.commons.math3.distribution$HypergeometricDistribution#HypergeometricDistribution(org.apache.commons.math3.random.RandomGenerator,int,int,int):84;0.0
org.apache.commons.math3.distribution$HypergeometricDistribution#cumulativeProbability(int):117;0.0
org.apache.commons.math3.distribution$HypergeometricDistribution#getDomain(int,int,int):139;0.0
org.apache.commons.math3.distribution$HypergeometricDistribution#getLowerDomain(int,int,int):152;0.0
org.apache.commons.math3.distribution$HypergeometricDistribution#getNumberOfSuccesses():161;0.0
org.apache.commons.math3.distribution$HypergeometricDistribution#getPopulationSize():170;0.0
org.apache.commons.math3.distribution$HypergeometricDistribution#getSampleSize():179;0.0
org.apache.commons.math3.distribution$HypergeometricDistribution#getUpperDomain(int,int):191;0.0
org.apache.commons.math3.distribution$HypergeometricDistribution#probability(int):198;0.0
org.apache.commons.math3.distribution$HypergeometricDistribution#upperCumulativeProbability(int):227;0.0
org.apache.commons.math3.distribution$HypergeometricDistribution#innerCumulativeProbability(int,int,int):253;0.0
org.apache.commons.math3.distribution$HypergeometricDistribution#getNumericalMean():268;0.0
org.apache.commons.math3.distribution$HypergeometricDistribution#getNumericalVariance():279;0.0
org.apache.commons.math3.distribution$HypergeometricDistribution#calculateNumericalVariance():292;0.0
org.apache.commons.math3.distribution$HypergeometricDistribution#getSupportLowerBound():308;0.0
org.apache.commons.math3.distribution$HypergeometricDistribution#getSupportUpperBound():321;0.0
org.apache.commons.math3.distribution$HypergeometricDistribution#isSupportConnected():332;0.0
org.apache.commons.math3.distribution$SaddlePointExpansion#SaddlePointExpansion():89;0.0
org.apache.commons.math3.distribution$SaddlePointExpansion#getStirlingError(double):109;0.0
org.apache.commons.math3.distribution$SaddlePointExpansion#getDeviancePart(double,double):147;0.0
org.apache.commons.math3.distribution$SaddlePointExpansion#logBinomialProbability(int,int,double,double):180;0.0
org.apache.commons.math3.distribution$PascalDistribution#PascalDistribution(int,double):84;0.0
org.apache.commons.math3.distribution$PascalDistribution#PascalDistribution(org.apache.commons.math3.random.RandomGenerator,int,double):103;0.0
org.apache.commons.math3.distribution$PascalDistribution#getNumberOfSuccesses():123;0.0
org.apache.commons.math3.distribution$PascalDistribution#getProbabilityOfSuccess():132;0.0
org.apache.commons.math3.distribution$PascalDistribution#probability(int):138;0.0
org.apache.commons.math3.distribution$PascalDistribution#cumulativeProbability(int):152;0.0
org.apache.commons.math3.distribution$PascalDistribution#getNumericalMean():168;0.0
org.apache.commons.math3.distribution$PascalDistribution#getNumericalVariance():180;0.0
org.apache.commons.math3.distribution$PascalDistribution#getSupportLowerBound():193;0.0
org.apache.commons.math3.distribution$PascalDistribution#getSupportUpperBound():206;0.0
org.apache.commons.math3.distribution$PascalDistribution#isSupportConnected():217;0.0
org.apache.commons.math3.distribution$BinomialDistribution#BinomialDistribution(int,double):52;0.0
org.apache.commons.math3.distribution$BinomialDistribution#BinomialDistribution(org.apache.commons.math3.random.RandomGenerator,int,double):68;0.0
org.apache.commons.math3.distribution$BinomialDistribution#getNumberOfTrials():88;0.0
org.apache.commons.math3.distribution$BinomialDistribution#getProbabilityOfSuccess():97;0.0
org.apache.commons.math3.distribution$BinomialDistribution#probability(int):103;0.0
org.apache.commons.math3.distribution$BinomialDistribution#cumulativeProbability(int):116;0.0
org.apache.commons.math3.distribution$BinomialDistribution#getNumericalMean():134;0.0
org.apache.commons.math3.distribution$BinomialDistribution#getNumericalVariance():144;0.0
org.apache.commons.math3.distribution$BinomialDistribution#getSupportLowerBound():157;0.0
org.apache.commons.math3.distribution$BinomialDistribution#getSupportUpperBound():169;0.0
org.apache.commons.math3.distribution$BinomialDistribution#isSupportConnected():180;0.0
org.apache.commons.math3.distribution$CauchyDistribution#CauchyDistribution():54;0.0
org.apache.commons.math3.distribution$CauchyDistribution#CauchyDistribution(double,double):64;0.0
org.apache.commons.math3.distribution$CauchyDistribution#CauchyDistribution(double,double,double):80;0.0
org.apache.commons.math3.distribution$CauchyDistribution#CauchyDistribution(org.apache.commons.math3.random.RandomGenerator,double,double,double):99;0.0
org.apache.commons.math3.distribution$CauchyDistribution#cumulativeProbability(double):110;0.0
org.apache.commons.math3.distribution$CauchyDistribution#getMedian():119;0.0
org.apache.commons.math3.distribution$CauchyDistribution#getScale():128;0.0
org.apache.commons.math3.distribution$CauchyDistribution#density(double):133;0.0
org.apache.commons.math3.distribution$CauchyDistribution#inverseCumulativeProbability(double):146;0.0
org.apache.commons.math3.distribution$CauchyDistribution#getSolverAbsoluteAccuracy():161;0.0
org.apache.commons.math3.distribution$CauchyDistribution#getNumericalMean():172;0.0
org.apache.commons.math3.distribution$CauchyDistribution#getNumericalVariance():183;0.0
org.apache.commons.math3.distribution$CauchyDistribution#getSupportLowerBound():195;0.0
org.apache.commons.math3.distribution$CauchyDistribution#getSupportUpperBound():207;0.0
org.apache.commons.math3.distribution$CauchyDistribution#isSupportLowerBoundInclusive():212;0.0
org.apache.commons.math3.distribution$CauchyDistribution#isSupportUpperBoundInclusive():217;0.0
org.apache.commons.math3.distribution$CauchyDistribution#isSupportConnected():228;0.0
org.apache.commons.math3.distribution$PoissonDistribution#PoissonDistribution(double):74;0.0
org.apache.commons.math3.distribution$PoissonDistribution#PoissonDistribution(double,double,int):90;0.0
org.apache.commons.math3.distribution$PoissonDistribution#PoissonDistribution(org.apache.commons.math3.random.RandomGenerator,double,double,int):110;0.0
org.apache.commons.math3.distribution$PoissonDistribution#PoissonDistribution(double,double):137;0.0
org.apache.commons.math3.distribution$PoissonDistribution#PoissonDistribution(double,int):150;0.0
org.apache.commons.math3.distribution$PoissonDistribution#getMean():159;0.0
org.apache.commons.math3.distribution$PoissonDistribution#probability(int):165;0.0
org.apache.commons.math3.distribution$PoissonDistribution#cumulativeProbability(int):179;0.0
org.apache.commons.math3.distribution$PoissonDistribution#normalApproximateProbability(int):202;0.0
org.apache.commons.math3.distribution$PoissonDistribution#getNumericalMean():211;0.0
org.apache.commons.math3.distribution$PoissonDistribution#getNumericalVariance():220;0.0
org.apache.commons.math3.distribution$PoissonDistribution#getSupportLowerBound():231;0.0
org.apache.commons.math3.distribution$PoissonDistribution#getSupportUpperBound():245;0.0
org.apache.commons.math3.distribution$PoissonDistribution#isSupportConnected():256;0.0
org.apache.commons.math3.distribution$PoissonDistribution#sample():283;0.0
org.apache.commons.math3.distribution$PoissonDistribution#nextPoisson(double):291;0.0
org.apache.commons.math3.distribution$ZipfDistribution#ZipfDistribution(int,double):58;0.0
org.apache.commons.math3.distribution$ZipfDistribution#ZipfDistribution(org.apache.commons.math3.random.RandomGenerator,int,double):75;0.0
org.apache.commons.math3.distribution$ZipfDistribution#getNumberOfElements():96;0.0
org.apache.commons.math3.distribution$ZipfDistribution#getExponent():105;0.0
org.apache.commons.math3.distribution$ZipfDistribution#probability(int):110;0.0
org.apache.commons.math3.distribution$ZipfDistribution#cumulativeProbability(int):119;0.0
org.apache.commons.math3.distribution$ZipfDistribution#getNumericalMean():139;0.0
org.apache.commons.math3.distribution$ZipfDistribution#calculateNumericalMean():152;0.0
org.apache.commons.math3.distribution$ZipfDistribution#getNumericalVariance():173;0.0
org.apache.commons.math3.distribution$ZipfDistribution#calculateNumericalVariance():186;0.0
org.apache.commons.math3.distribution$ZipfDistribution#generalizedHarmonic(int,double):206;0.0
org.apache.commons.math3.distribution$ZipfDistribution#getSupportLowerBound():221;0.0
org.apache.commons.math3.distribution$ZipfDistribution#getSupportUpperBound():232;0.0
org.apache.commons.math3.distribution$ZipfDistribution#isSupportConnected():243;0.0
org.apache.commons.math3.distribution$EnumeratedRealDistribution#EnumeratedRealDistribution(double[],double[]):68;0.0
org.apache.commons.math3.distribution$EnumeratedRealDistribution#EnumeratedRealDistribution(org.apache.commons.math3.random.RandomGenerator,double[],double[]):89;0.0
org.apache.commons.math3.distribution$EnumeratedRealDistribution#probability(double):108;0.0
org.apache.commons.math3.distribution$EnumeratedRealDistribution#density(double):121;0.0
org.apache.commons.math3.distribution$EnumeratedRealDistribution#cumulativeProbability(double):128;0.0
org.apache.commons.math3.distribution$EnumeratedRealDistribution#getNumericalMean():145;0.0
org.apache.commons.math3.distribution$EnumeratedRealDistribution#getNumericalVariance():160;0.0
org.apache.commons.math3.distribution$EnumeratedRealDistribution#getSupportLowerBound():179;0.0
org.apache.commons.math3.distribution$EnumeratedRealDistribution#getSupportUpperBound():197;0.0
org.apache.commons.math3.distribution$EnumeratedRealDistribution#isSupportLowerBoundInclusive():215;0.0
org.apache.commons.math3.distribution$EnumeratedRealDistribution#isSupportUpperBoundInclusive():226;0.0
org.apache.commons.math3.distribution$EnumeratedRealDistribution#isSupportConnected():237;0.0
org.apache.commons.math3.distribution$EnumeratedRealDistribution#sample():245;0.0
org.apache.commons.math3.distribution$EnumeratedDistribution#EnumeratedDistribution(java.util.List):88;0.0
org.apache.commons.math3.distribution$EnumeratedDistribution#EnumeratedDistribution(org.apache.commons.math3.random.RandomGenerator,java.util.List):104;0.0
org.apache.commons.math3.distribution$EnumeratedDistribution#reseedRandomGenerator(long):135;0.0
org.apache.commons.math3.distribution$EnumeratedDistribution#probability(java.lang.Object):151;0.0
org.apache.commons.math3.distribution$EnumeratedDistribution#getPmf():174;0.0
org.apache.commons.math3.distribution$EnumeratedDistribution#sample():189;0.0
org.apache.commons.math3.distribution$EnumeratedDistribution#sample(int):214;0.0
org.apache.commons.math3.distribution$EnumeratedDistribution#sample(int,java.lang.Object[]):243;0.0
org.apache.commons.math3.exception$NotANumberException#NotANumberException():35;0.0
org.apache.commons.math3.distribution$ParetoDistribution#ParetoDistribution():71;0.0
org.apache.commons.math3.distribution$ParetoDistribution#ParetoDistribution(double,double):83;0.0
org.apache.commons.math3.distribution$ParetoDistribution#ParetoDistribution(double,double,double):97;0.0
org.apache.commons.math3.distribution$ParetoDistribution#ParetoDistribution(org.apache.commons.math3.random.RandomGenerator,double,double,double):114;0.0
org.apache.commons.math3.distribution$ParetoDistribution#getScale():135;0.0
org.apache.commons.math3.distribution$ParetoDistribution#getShape():144;0.0
org.apache.commons.math3.distribution$ParetoDistribution#density(double):158;0.0
org.apache.commons.math3.distribution$ParetoDistribution#cumulativeProbability(double):174;0.0
org.apache.commons.math3.distribution$ParetoDistribution#cumulativeProbability(double,double):189;0.0
org.apache.commons.math3.distribution$ParetoDistribution#getSolverAbsoluteAccuracy():195;0.0
org.apache.commons.math3.distribution$ParetoDistribution#getNumericalMean():208;0.0
org.apache.commons.math3.distribution$ParetoDistribution#getNumericalVariance():224;0.0
org.apache.commons.math3.distribution$ParetoDistribution#getSupportLowerBound():239;0.0
org.apache.commons.math3.distribution$ParetoDistribution#getSupportUpperBound():250;0.0
org.apache.commons.math3.distribution$ParetoDistribution#isSupportLowerBoundInclusive():255;0.0
org.apache.commons.math3.distribution$ParetoDistribution#isSupportUpperBoundInclusive():260;0.0
org.apache.commons.math3.distribution$ParetoDistribution#isSupportConnected():271;0.0
org.apache.commons.math3.distribution$ParetoDistribution#sample():277;0.0
org.apache.commons.math3.distribution$FDistribution#FDistribution(double,double):65;0.0
org.apache.commons.math3.distribution$FDistribution#FDistribution(double,double,double):86;0.0
org.apache.commons.math3.distribution$FDistribution#FDistribution(org.apache.commons.math3.random.RandomGenerator,double,double,double):108;0.0
org.apache.commons.math3.distribution$FDistribution#density(double):129;0.0
org.apache.commons.math3.distribution$FDistribution#cumulativeProbability(double):154;0.0
org.apache.commons.math3.distribution$FDistribution#getNumeratorDegreesOfFreedom():173;0.0
org.apache.commons.math3.distribution$FDistribution#getDenominatorDegreesOfFreedom():182;0.0
org.apache.commons.math3.distribution$FDistribution#getSolverAbsoluteAccuracy():188;0.0
org.apache.commons.math3.distribution$FDistribution#getNumericalMean():201;0.0
org.apache.commons.math3.distribution$FDistribution#getNumericalVariance():224;0.0
org.apache.commons.math3.distribution$FDistribution#calculateNumericalVariance():237;0.0
org.apache.commons.math3.distribution$FDistribution#getSupportLowerBound():258;0.0
org.apache.commons.math3.distribution$FDistribution#getSupportUpperBound():270;0.0
org.apache.commons.math3.distribution$FDistribution#isSupportLowerBoundInclusive():275;0.0
org.apache.commons.math3.distribution$FDistribution#isSupportUpperBoundInclusive():280;0.0
org.apache.commons.math3.distribution$FDistribution#isSupportConnected():291;0.0
org.apache.commons.math3.distribution$EnumeratedIntegerDistribution#EnumeratedIntegerDistribution(int[],double[]):68;0.0
org.apache.commons.math3.distribution$EnumeratedIntegerDistribution#EnumeratedIntegerDistribution(org.apache.commons.math3.random.RandomGenerator,int[],double[]):89;0.0
org.apache.commons.math3.distribution$EnumeratedIntegerDistribution#probability(int):107;0.0
org.apache.commons.math3.distribution$EnumeratedIntegerDistribution#cumulativeProbability(int):114;0.0
org.apache.commons.math3.distribution$EnumeratedIntegerDistribution#getNumericalMean():131;0.0
org.apache.commons.math3.distribution$EnumeratedIntegerDistribution#getNumericalVariance():146;0.0
org.apache.commons.math3.distribution$EnumeratedIntegerDistribution#getSupportLowerBound():165;0.0
org.apache.commons.math3.distribution$EnumeratedIntegerDistribution#getSupportUpperBound():183;0.0
org.apache.commons.math3.distribution$EnumeratedIntegerDistribution#isSupportConnected():201;0.0
org.apache.commons.math3.distribution$EnumeratedIntegerDistribution#sample():209;0.0
org.apache.commons.math3.distribution$KolmogorovSmirnovDistribution#KolmogorovSmirnovDistribution(int):85;0.0
org.apache.commons.math3.distribution$KolmogorovSmirnovDistribution#cdf(double):109;0.0
org.apache.commons.math3.distribution$KolmogorovSmirnovDistribution#cdfExact(double):129;0.0
org.apache.commons.math3.distribution$KolmogorovSmirnovDistribution#cdf(double,boolean):151;0.0
org.apache.commons.math3.distribution$KolmogorovSmirnovDistribution#exactK(double):196;0.0
org.apache.commons.math3.distribution$KolmogorovSmirnovDistribution#roundedK(double):228;0.0
org.apache.commons.math3.distribution$KolmogorovSmirnovDistribution#createH(double):269;0.0
org.apache.commons.math3.fraction$FractionConversionException#FractionConversionException(double,int):42;0.0
org.apache.commons.math3.fraction$FractionConversionException#FractionConversionException(double,long,long):53;0.0
org.apache.commons.math3.distribution$GeometricDistribution#GeometricDistribution(double):47;0.0
org.apache.commons.math3.distribution$GeometricDistribution#GeometricDistribution(org.apache.commons.math3.random.RandomGenerator,double):58;0.0
org.apache.commons.math3.distribution$GeometricDistribution#getProbabilityOfSuccess():73;0.0
org.apache.commons.math3.distribution$GeometricDistribution#probability(int):79;0.0
org.apache.commons.math3.distribution$GeometricDistribution#cumulativeProbability(int):91;0.0
org.apache.commons.math3.distribution$GeometricDistribution#getNumericalMean():106;0.0
org.apache.commons.math3.distribution$GeometricDistribution#getNumericalVariance():117;0.0
org.apache.commons.math3.distribution$GeometricDistribution#getSupportLowerBound():129;0.0
org.apache.commons.math3.distribution$GeometricDistribution#getSupportUpperBound():141;0.0
org.apache.commons.math3.distribution$GeometricDistribution#isSupportConnected():152;0.0
org.apache.commons.math3.optim$SimplePointChecker#SimplePointChecker(double,double):68;0.0
org.apache.commons.math3.optim$SimplePointChecker#SimplePointChecker(double,double,int):88;0.0
org.apache.commons.math3.optim$SimplePointChecker#converged(int,org.apache.commons.math3.util.Pair,org.apache.commons.math3.util.Pair):116;0.0
org.apache.commons.math3.optim$PointValuePair#PointValuePair(double[],double):44;0.0
org.apache.commons.math3.optim$PointValuePair#PointValuePair(double[],double,boolean):58;0.0
org.apache.commons.math3.optim$PointValuePair#getPoint():70;0.0
org.apache.commons.math3.optim$PointValuePair#getPointRef():80;0.0
org.apache.commons.math3.optim$PointValuePair#writeReplace():88;0.0
org.apache.commons.math3.optim$PointValuePair$DataTransferObject#PointValuePair$DataTransferObject(double[],double):110;0.0
org.apache.commons.math3.optim$PointValuePair$DataTransferObject#readResolve():119;0.0
org.apache.commons.math3.optim$MaxIter#MaxIter(int):35;0.0
org.apache.commons.math3.optim$MaxIter#getMaxIter():49;0.0
org.apache.commons.math3.optim$MaxIter#unlimited():60;0.0
org.apache.commons.math3.optim.linear$LinearObjectiveFunction#LinearObjectiveFunction(double[],double):59;0.0
org.apache.commons.math3.optim.linear$LinearObjectiveFunction#LinearObjectiveFunction(org.apache.commons.math3.linear.RealVector,double):66;0.0
org.apache.commons.math3.optim.linear$LinearObjectiveFunction#getCoefficients():77;0.0
org.apache.commons.math3.optim.linear$LinearObjectiveFunction#getConstantTerm():86;0.0
org.apache.commons.math3.optim.linear$LinearObjectiveFunction#value(double[]):96;0.0
org.apache.commons.math3.optim.linear$LinearObjectiveFunction#value(org.apache.commons.math3.linear.RealVector):106;0.0
org.apache.commons.math3.optim.linear$LinearObjectiveFunction#equals(java.lang.Object):111;0.0
org.apache.commons.math3.optim.linear$LinearObjectiveFunction#hashCode():124;0.0
org.apache.commons.math3.optim.linear$LinearObjectiveFunction#writeObject(java.io.ObjectOutputStream):134;0.0
org.apache.commons.math3.optim.linear$LinearObjectiveFunction#readObject(java.io.ObjectInputStream):146;0.0
org.apache.commons.math3.optim.linear$LinearConstraint#LinearConstraint(double[],org.apache.commons.math3.optim.linear.Relationship,double):76;0.0
org.apache.commons.math3.optim.linear$LinearConstraint#LinearConstraint(org.apache.commons.math3.linear.RealVector,org.apache.commons.math3.optim.linear.Relationship,double):95;0.0
org.apache.commons.math3.optim.linear$LinearConstraint#LinearConstraint(double[],double,org.apache.commons.math3.optim.linear.Relationship,double[],double):122;0.0
org.apache.commons.math3.optim.linear$LinearConstraint#LinearConstraint(org.apache.commons.math3.linear.RealVector,double,org.apache.commons.math3.optim.linear.Relationship,org.apache.commons.math3.linear.RealVector,double):153;0.0
org.apache.commons.math3.optim.linear$LinearConstraint#getCoefficients():165;0.0
org.apache.commons.math3.optim.linear$LinearConstraint#getRelationship():174;0.0
org.apache.commons.math3.optim.linear$LinearConstraint#getValue():183;0.0
org.apache.commons.math3.optim.linear$LinearConstraint#equals(java.lang.Object):188;0.0
org.apache.commons.math3.optim.linear$LinearConstraint#hashCode():202;0.0
org.apache.commons.math3.optim.linear$LinearConstraint#writeObject(java.io.ObjectOutputStream):214;0.0
org.apache.commons.math3.optim.linear$LinearConstraint#readObject(java.io.ObjectInputStream):226;0.0
org.apache.commons.math3.optim.linear$Relationship#Relationship(java.lang.String,int,java.lang.String):41;0.0
org.apache.commons.math3.optim.linear$Relationship#toString():47;0.0
org.apache.commons.math3.optim.linear$Relationship#oppositeRelationship():56;0.0
org.apache.commons.math3.optim.nonlinear.scalar$MultivariateOptimizer#MultivariateOptimizer(org.apache.commons.math3.optim.ConvergenceChecker):43;0.0
org.apache.commons.math3.optim.nonlinear.scalar$MultivariateOptimizer#optimize(org.apache.commons.math3.optim.OptimizationData[]):64;0.0
org.apache.commons.math3.optim.nonlinear.scalar$MultivariateOptimizer#parseOptimizationData(org.apache.commons.math3.optim.OptimizationData[]):81;0.0
org.apache.commons.math3.optim.nonlinear.scalar$MultivariateOptimizer#getGoalType():101;0.0
org.apache.commons.math3.optim.nonlinear.scalar$MultivariateOptimizer#computeObjectiveValue(double[]):115;0.0
org.apache.commons.math3.optim.linear$LinearOptimizer#LinearOptimizer():52;0.0
org.apache.commons.math3.optim.linear$LinearOptimizer#isRestrictedToNonNegative():59;0.0
org.apache.commons.math3.optim.linear$LinearOptimizer#getFunction():66;0.0
org.apache.commons.math3.optim.linear$LinearOptimizer#getConstraints():73;0.0
org.apache.commons.math3.optim.linear$LinearOptimizer#optimize(org.apache.commons.math3.optim.OptimizationData[]):95;0.0
org.apache.commons.math3.optim.linear$LinearOptimizer#parseOptimizationData(org.apache.commons.math3.optim.OptimizationData[]):113;0.0
org.apache.commons.math3.optim.linear$SimplexSolver#SimplexSolver():82;0.0
org.apache.commons.math3.optim.linear$SimplexSolver#SimplexSolver(double):91;0.0
org.apache.commons.math3.optim.linear$SimplexSolver#SimplexSolver(double,int):101;0.0
org.apache.commons.math3.optim.linear$SimplexSolver#SimplexSolver(double,int,double):111;0.0
org.apache.commons.math3.optim.linear$SimplexSolver#getPivotColumn(org.apache.commons.math3.optim.linear.SimplexTableau):124;0.0
org.apache.commons.math3.optim.linear$SimplexSolver#getPivotRow(org.apache.commons.math3.optim.linear.SimplexTableau,int):147;0.0
org.apache.commons.math3.optim.linear$SimplexSolver#doIteration(org.apache.commons.math3.optim.linear.SimplexTableau):226;0.0
org.apache.commons.math3.optim.linear$SimplexSolver#solvePhase1(org.apache.commons.math3.optim.linear.SimplexTableau):261;0.0
org.apache.commons.math3.optim.linear$SimplexSolver#doOptimize():281;0.0
org.apache.commons.math3.optim.linear$LinearConstraintSet#LinearConstraintSet(org.apache.commons.math3.optim.linear.LinearConstraint[]):41;0.0
org.apache.commons.math3.optim.linear$LinearConstraintSet#LinearConstraintSet(java.util.Collection):52;0.0
org.apache.commons.math3.optim.linear$LinearConstraintSet#getConstraints():62;0.0
org.apache.commons.math3.optim.nonlinear.scalar$GoalType#GoalType(java.lang.String,int):28;0.0
org.apache.commons.math3.optim.linear$NonNegativeConstraint#NonNegativeConstraint(boolean):35;0.0
org.apache.commons.math3.optim.linear$NonNegativeConstraint#isRestrictedToNonNegative():46;0.0
org.apache.commons.math3.optim.linear$SimplexTableau#SimplexTableau(org.apache.commons.math3.optim.linear.LinearObjectiveFunction,java.util.Collection,org.apache.commons.math3.optim.nonlinear.scalar.GoalType,boolean,double):120;0.0
org.apache.commons.math3.optim.linear$SimplexTableau#SimplexTableau(org.apache.commons.math3.optim.linear.LinearObjectiveFunction,java.util.Collection,org.apache.commons.math3.optim.nonlinear.scalar.GoalType,boolean,double,int):139;0.0
org.apache.commons.math3.optim.linear$SimplexTableau#SimplexTableau(org.apache.commons.math3.optim.linear.LinearObjectiveFunction,java.util.Collection,org.apache.commons.math3.optim.nonlinear.scalar.GoalType,boolean,double,int,double):158;0.0
org.apache.commons.math3.optim.linear$SimplexTableau#initializeColumnLabels():179;0.0
org.apache.commons.math3.optim.linear$SimplexTableau#createTableau(boolean):206;0.0
org.apache.commons.math3.optim.linear$SimplexTableau#normalizeConstraints(java.util.Collection):272;0.0
org.apache.commons.math3.optim.linear$SimplexTableau#normalize(org.apache.commons.math3.optim.linear.LinearConstraint):285;0.0
org.apache.commons.math3.optim.linear$SimplexTableau#getNumObjectiveFunctions():299;0.0
org.apache.commons.math3.optim.linear$SimplexTableau#getConstraintTypeCounts(org.apache.commons.math3.optim.linear.Relationship):308;0.0
org.apache.commons.math3.optim.linear$SimplexTableau#getInvertedCoefficientSum(org.apache.commons.math3.linear.RealVector):323;0.0
org.apache.commons.math3.optim.linear$SimplexTableau#getBasicRow(int):336;0.0
org.apache.commons.math3.optim.linear$SimplexTableau#dropPhase1Objective():353;0.0
org.apache.commons.math3.optim.linear$SimplexTableau#copyArray(double[],double[]):401;0.0
org.apache.commons.math3.optim.linear$SimplexTableau#isOptimal():409;0.0
org.apache.commons.math3.optim.linear$SimplexTableau#getSolution():423;0.0
org.apache.commons.math3.optim.linear$SimplexTableau#divideRow(int,double):465;0.0
org.apache.commons.math3.optim.linear$SimplexTableau#subtractRow(int,int,double):482;0.0
org.apache.commons.math3.optim.linear$SimplexTableau#getWidth():497;0.0
org.apache.commons.math3.optim.linear$SimplexTableau#getHeight():505;0.0
org.apache.commons.math3.optim.linear$SimplexTableau#getEntry(int,int):515;0.0
org.apache.commons.math3.optim.linear$SimplexTableau#setEntry(int,int,double):526;0.0
org.apache.commons.math3.optim.linear$SimplexTableau#getSlackVariableOffset():534;0.0
org.apache.commons.math3.optim.linear$SimplexTableau#getArtificialVariableOffset():542;0.0
org.apache.commons.math3.optim.linear$SimplexTableau#getRhsOffset():550;0.0
org.apache.commons.math3.optim.linear$SimplexTableau#getNumDecisionVariables():563;0.0
org.apache.commons.math3.optim.linear$SimplexTableau#getOriginalNumDecisionVariables():572;0.0
org.apache.commons.math3.optim.linear$SimplexTableau#getNumSlackVariables():580;0.0
org.apache.commons.math3.optim.linear$SimplexTableau#getNumArtificialVariables():588;0.0
org.apache.commons.math3.optim.linear$SimplexTableau#getData():596;0.0
org.apache.commons.math3.optim.linear$SimplexTableau#equals(java.lang.Object):602;0.0
org.apache.commons.math3.optim.linear$SimplexTableau#hashCode():623;0.0
org.apache.commons.math3.optim.linear$SimplexTableau#writeObject(java.io.ObjectOutputStream):641;0.0
org.apache.commons.math3.optim.linear$SimplexTableau#readObject(java.io.ObjectInputStream):653;0.0
org.apache.commons.math3.optim.linear$UnboundedSolutionException#UnboundedSolutionException():36;0.0
org.apache.commons.math3.optim.linear$NoFeasibleSolutionException#NoFeasibleSolutionException():36;0.0
org.apache.commons.math3.optim$SimpleValueChecker#SimpleValueChecker(double,double):66;0.0
org.apache.commons.math3.optim$SimpleValueChecker#SimpleValueChecker(double,double,int):87;0.0
org.apache.commons.math3.optim$SimpleValueChecker#converged(int,org.apache.commons.math3.optim.PointValuePair,org.apache.commons.math3.optim.PointValuePair):115;0.0
org.apache.commons.math3.optim.univariate$SimpleUnivariateValueChecker#SimpleUnivariateValueChecker(double,double):68;0.0
org.apache.commons.math3.optim.univariate$SimpleUnivariateValueChecker#SimpleUnivariateValueChecker(double,double,int):89;0.0
org.apache.commons.math3.optim.univariate$SimpleUnivariateValueChecker#converged(int,org.apache.commons.math3.optim.univariate.UnivariatePointValuePair,org.apache.commons.math3.optim.univariate.UnivariatePointValuePair):117;0.0
org.apache.commons.math3.optim.univariate$UnivariatePointValuePair#UnivariatePointValuePair(double,double):45;0.0
org.apache.commons.math3.optim.univariate$UnivariatePointValuePair#getPoint():56;0.0
org.apache.commons.math3.optim.univariate$UnivariatePointValuePair#getValue():65;0.0
org.apache.commons.math3.optim.univariate$UnivariateOptimizer#UnivariateOptimizer(org.apache.commons.math3.optim.ConvergenceChecker):49;0.0
org.apache.commons.math3.optim.univariate$UnivariateOptimizer#optimize(org.apache.commons.math3.optim.OptimizationData[]):71;0.0
org.apache.commons.math3.optim.univariate$UnivariateOptimizer#getGoalType():78;0.0
org.apache.commons.math3.optim.univariate$UnivariateOptimizer#parseOptimizationData(org.apache.commons.math3.optim.OptimizationData[]):96;0.0
org.apache.commons.math3.optim.univariate$UnivariateOptimizer#getStartValue():123;0.0
org.apache.commons.math3.optim.univariate$UnivariateOptimizer#getMin():129;0.0
org.apache.commons.math3.optim.univariate$UnivariateOptimizer#getMax():135;0.0
org.apache.commons.math3.optim.univariate$UnivariateOptimizer#computeObjectiveValue(double):149;0.0
org.apache.commons.math3.optim.univariate$BrentOptimizer#BrentOptimizer(double,double,org.apache.commons.math3.optim.ConvergenceChecker):81;0.0
org.apache.commons.math3.optim.univariate$BrentOptimizer#BrentOptimizer(double,double):110;0.0
org.apache.commons.math3.optim.univariate$BrentOptimizer#doOptimize():116;0.0
org.apache.commons.math3.optim.univariate$BrentOptimizer#best(org.apache.commons.math3.optim.univariate.UnivariatePointValuePair,org.apache.commons.math3.optim.univariate.UnivariatePointValuePair,boolean):302;0.0
org.apache.commons.math3.optim.univariate$MultiStartUnivariateOptimizer#MultiStartUnivariateOptimizer(org.apache.commons.math3.optim.univariate.UnivariateOptimizer,int,org.apache.commons.math3.random.RandomGenerator):79;0.0
org.apache.commons.math3.optim.univariate$MultiStartUnivariateOptimizer#getEvaluations():93;0.0
org.apache.commons.math3.optim.univariate$MultiStartUnivariateOptimizer#getOptima():119;0.0
org.apache.commons.math3.optim.univariate$MultiStartUnivariateOptimizer#optimize(org.apache.commons.math3.optim.OptimizationData[]):134;0.0
org.apache.commons.math3.optim.univariate$MultiStartUnivariateOptimizer#doOptimize():147;0.0
org.apache.commons.math3.optim.univariate$MultiStartUnivariateOptimizer#sortPairs(org.apache.commons.math3.optim.nonlinear.scalar.GoalType):213;0.0
org.apache.commons.math3.optim.univariate$UnivariateObjectiveFunction#UnivariateObjectiveFunction(org.apache.commons.math3.analysis.UnivariateFunction):35;0.0
org.apache.commons.math3.optim.univariate$UnivariateObjectiveFunction#getObjectiveFunction():45;0.0
org.apache.commons.math3.optim.univariate$SearchInterval#SearchInterval(double,double,double):48;0.0
org.apache.commons.math3.optim.univariate$SearchInterval#SearchInterval(double,double):69;0.0
org.apache.commons.math3.optim.univariate$SearchInterval#getMin():78;0.0
org.apache.commons.math3.optim.univariate$SearchInterval#getMax():86;0.0
org.apache.commons.math3.optim.univariate$SearchInterval#getStartValue():94;0.0
org.apache.commons.math3.optim.univariate$MultiStartUnivariateOptimizer$1#compare(org.apache.commons.math3.optim.univariate.UnivariatePointValuePair,org.apache.commons.math3.optim.univariate.UnivariatePointValuePair):216;0.0
org.apache.commons.math3.optim.univariate$BracketFinder#BracketFinder():79;0.0
org.apache.commons.math3.optim.univariate$BracketFinder#BracketFinder(double,int):90;0.0
org.apache.commons.math3.optim.univariate$BracketFinder#search(org.apache.commons.math3.analysis.UnivariateFunction,org.apache.commons.math3.optim.nonlinear.scalar.GoalType,double,double):113;0.0
org.apache.commons.math3.optim.univariate$BracketFinder#getMaxEvaluations():214;0.0
org.apache.commons.math3.optim.univariate$BracketFinder#getEvaluations():221;0.0
org.apache.commons.math3.optim.univariate$BracketFinder#getLo():229;0.0
org.apache.commons.math3.optim.univariate$BracketFinder#getFLo():237;0.0
org.apache.commons.math3.optim.univariate$BracketFinder#getHi():245;0.0
org.apache.commons.math3.optim.univariate$BracketFinder#getFHi():253;0.0
org.apache.commons.math3.optim.univariate$BracketFinder#getMid():261;0.0
org.apache.commons.math3.optim.univariate$BracketFinder#getFMid():269;0.0
org.apache.commons.math3.optim.univariate$BracketFinder#eval(org.apache.commons.math3.analysis.UnivariateFunction,double):281;0.0
org.apache.commons.math3.optim$PointVectorValuePair$DataTransferObject#PointVectorValuePair$DataTransferObject(double[],double[]):135;0.0
org.apache.commons.math3.optim$PointVectorValuePair$DataTransferObject#readResolve():144;0.0
org.apache.commons.math3.optim.nonlinear.scalar$GradientMultivariateOptimizer#GradientMultivariateOptimizer(org.apache.commons.math3.optim.ConvergenceChecker):44;0.0
org.apache.commons.math3.optim.nonlinear.scalar$GradientMultivariateOptimizer#computeObjectiveGradient(double[]):54;0.0
org.apache.commons.math3.optim.nonlinear.scalar$GradientMultivariateOptimizer#optimize(org.apache.commons.math3.optim.OptimizationData[]):74;0.0
org.apache.commons.math3.optim.nonlinear.scalar$GradientMultivariateOptimizer#parseOptimizationData(org.apache.commons.math3.optim.OptimizationData[]):90;0.0
org.apache.commons.math3.optim.nonlinear.scalar.gradient$NonLinearConjugateGradientOptimizer#NonLinearConjugateGradientOptimizer(org.apache.commons.math3.optim.nonlinear.scalar.gradient.NonLinearConjugateGradientOptimizer$Formula,org.apache.commons.math3.optim.ConvergenceChecker):71;0.0
org.apache.commons.math3.optim.nonlinear.scalar.gradient$NonLinearConjugateGradientOptimizer#NonLinearConjugateGradientOptimizer(org.apache.commons.math3.optim.nonlinear.scalar.gradient.NonLinearConjugateGradientOptimizer$Formula,org.apache.commons.math3.optim.ConvergenceChecker,org.apache.commons.math3.analysis.solvers.UnivariateSolver):144;0.0
org.apache.commons.math3.optim.nonlinear.scalar.gradient$NonLinearConjugateGradientOptimizer#NonLinearConjugateGradientOptimizer(org.apache.commons.math3.optim.nonlinear.scalar.gradient.NonLinearConjugateGradientOptimizer$Formula,org.apache.commons.math3.optim.ConvergenceChecker,org.apache.commons.math3.analysis.solvers.UnivariateSolver,org.apache.commons.math3.optim.nonlinear.scalar.gradient.Preconditioner):162;0.0
org.apache.commons.math3.optim.nonlinear.scalar.gradient$NonLinearConjugateGradientOptimizer#optimize(org.apache.commons.math3.optim.OptimizationData[]):187;0.0
org.apache.commons.math3.optim.nonlinear.scalar.gradient$NonLinearConjugateGradientOptimizer#doOptimize():193;0.0
org.apache.commons.math3.optim.nonlinear.scalar.gradient$NonLinearConjugateGradientOptimizer#parseOptimizationData(org.apache.commons.math3.optim.OptimizationData[]):300;0.0
org.apache.commons.math3.optim.nonlinear.scalar.gradient$NonLinearConjugateGradientOptimizer#findUpperBound(org.apache.commons.math3.analysis.UnivariateFunction,double,double):327;0.0
org.apache.commons.math3.optim.nonlinear.scalar.gradient$NonLinearConjugateGradientOptimizer#checkParameters():399;0.0
org.apache.commons.math3.optim.nonlinear.scalar.gradient$NonLinearConjugateGradientOptimizer$Formula#NonLinearConjugateGradientOptimizer$Formula(java.lang.String,int):95;0.0
org.apache.commons.math3.optim.nonlinear.scalar.gradient$NonLinearConjugateGradientOptimizer$IdentityPreconditioner#NonLinearConjugateGradientOptimizer$IdentityPreconditioner():340;0.0
org.apache.commons.math3.optim.nonlinear.scalar.gradient$NonLinearConjugateGradientOptimizer$IdentityPreconditioner#precondition(double[],double[]):343;0.0
org.apache.commons.math3.optim.nonlinear.scalar$ObjectiveFunction#ObjectiveFunction(org.apache.commons.math3.analysis.MultivariateFunction):35;0.0
org.apache.commons.math3.optim.nonlinear.scalar$ObjectiveFunction#getObjectiveFunction():45;0.0
org.apache.commons.math3.optim.nonlinear.scalar$ObjectiveFunctionGradient#ObjectiveFunctionGradient(org.apache.commons.math3.analysis.MultivariateVectorFunction):35;0.0
org.apache.commons.math3.optim.nonlinear.scalar$ObjectiveFunctionGradient#getObjectiveFunctionGradient():45;0.0
org.apache.commons.math3.optim.nonlinear.scalar.gradient$NonLinearConjugateGradientOptimizer$LineSearchFunction#NonLinearConjugateGradientOptimizer$LineSearchFunction(org.apache.commons.math3.optim.nonlinear.scalar.gradient.NonLinearConjugateGradientOptimizer,double[],double[]):368;0.0
org.apache.commons.math3.optim.nonlinear.scalar.gradient$NonLinearConjugateGradientOptimizer$LineSearchFunction#value(double):376;0.0
org.apache.commons.math3.optim$SimpleBounds#SimpleBounds(double[],double[]):42;0.0
org.apache.commons.math3.optim$SimpleBounds#getLower():53;0.0
org.apache.commons.math3.optim$SimpleBounds#getUpper():61;0.0
org.apache.commons.math3.optim$SimpleBounds#unbounded(int):73;0.0
org.apache.commons.math3.optim.nonlinear.scalar$MultivariateFunctionPenaltyAdapter#MultivariateFunctionPenaltyAdapter(org.apache.commons.math3.analysis.MultivariateFunction,double[],double[],double,double[]):125;0.0
org.apache.commons.math3.optim.nonlinear.scalar$MultivariateFunctionPenaltyAdapter#value(double[]):164;0.0
org.apache.commons.math3.optim.nonlinear.scalar.noderiv$SimplexOptimizer#SimplexOptimizer(org.apache.commons.math3.optim.ConvergenceChecker):97;0.0
org.apache.commons.math3.optim.nonlinear.scalar.noderiv$SimplexOptimizer#SimplexOptimizer(double,double):105;0.0
org.apache.commons.math3.optim.nonlinear.scalar.noderiv$SimplexOptimizer#optimize(org.apache.commons.math3.optim.OptimizationData[]):122;0.0
org.apache.commons.math3.optim.nonlinear.scalar.noderiv$SimplexOptimizer#doOptimize():128;0.0
org.apache.commons.math3.optim.nonlinear.scalar.noderiv$SimplexOptimizer#parseOptimizationData(org.apache.commons.math3.optim.OptimizationData[]):192;0.0
org.apache.commons.math3.optim.nonlinear.scalar.noderiv$SimplexOptimizer#checkParameters():213;0.0
org.apache.commons.math3.optim.nonlinear.scalar.noderiv$AbstractSimplex#AbstractSimplex(int):65;0.0
org.apache.commons.math3.optim.nonlinear.scalar.noderiv$AbstractSimplex#AbstractSimplex(int,double):76;0.0
org.apache.commons.math3.optim.nonlinear.scalar.noderiv$AbstractSimplex#AbstractSimplex(double[]):97;0.0
org.apache.commons.math3.optim.nonlinear.scalar.noderiv$AbstractSimplex#AbstractSimplex(double[][]):132;0.0
org.apache.commons.math3.optim.nonlinear.scalar.noderiv$AbstractSimplex#getDimension():183;0.0
org.apache.commons.math3.optim.nonlinear.scalar.noderiv$AbstractSimplex#getSize():194;0.0
org.apache.commons.math3.optim.nonlinear.scalar.noderiv$AbstractSimplex#build(double[]):217;0.0
org.apache.commons.math3.optim.nonlinear.scalar.noderiv$AbstractSimplex#evaluate(org.apache.commons.math3.analysis.MultivariateFunction,java.util.Comparator):247;0.0
org.apache.commons.math3.optim.nonlinear.scalar.noderiv$AbstractSimplex#replaceWorstPoint(org.apache.commons.math3.optim.PointValuePair,java.util.Comparator):268;0.0
org.apache.commons.math3.optim.nonlinear.scalar.noderiv$AbstractSimplex#getPoints():284;0.0
org.apache.commons.math3.optim.nonlinear.scalar.noderiv$AbstractSimplex#getPoint(int):296;0.0
org.apache.commons.math3.optim.nonlinear.scalar.noderiv$AbstractSimplex#setPoint(int,org.apache.commons.math3.optim.PointValuePair):311;0.0
org.apache.commons.math3.optim.nonlinear.scalar.noderiv$AbstractSimplex#setPoints(org.apache.commons.math3.optim.PointValuePair[]):325;0.0
org.apache.commons.math3.optim.nonlinear.scalar.noderiv$AbstractSimplex#createHypercubeSteps(int,double):340;0.0
org.apache.commons.math3.optim.nonlinear.scalar.noderiv$NelderMeadSimplex#NelderMeadSimplex(int):56;0.0
org.apache.commons.math3.optim.nonlinear.scalar.noderiv$NelderMeadSimplex#NelderMeadSimplex(int,double):69;0.0
org.apache.commons.math3.optim.nonlinear.scalar.noderiv$NelderMeadSimplex#NelderMeadSimplex(int,double,double,double,double,double):88;0.0
org.apache.commons.math3.optim.nonlinear.scalar.noderiv$NelderMeadSimplex#NelderMeadSimplex(int,double,double,double,double):109;0.0
org.apache.commons.math3.optim.nonlinear.scalar.noderiv$NelderMeadSimplex#NelderMeadSimplex(double[]):121;0.0
org.apache.commons.math3.optim.nonlinear.scalar.noderiv$NelderMeadSimplex#NelderMeadSimplex(double[],double,double,double,double):139;0.0
org.apache.commons.math3.optim.nonlinear.scalar.noderiv$NelderMeadSimplex#NelderMeadSimplex(double[][]):156;0.0
org.apache.commons.math3.optim.nonlinear.scalar.noderiv$NelderMeadSimplex#NelderMeadSimplex(double[][],double,double,double,double):176;0.0
org.apache.commons.math3.optim.nonlinear.scalar.noderiv$NelderMeadSimplex#iterate(org.apache.commons.math3.analysis.MultivariateFunction,java.util.Comparator):189;0.0
org.apache.commons.math3.optim.nonlinear.scalar.noderiv$SimplexOptimizer$1#value(double[]):135;0.0
org.apache.commons.math3.optim.nonlinear.scalar.noderiv$SimplexOptimizer$2#compare(org.apache.commons.math3.optim.PointValuePair,org.apache.commons.math3.optim.PointValuePair):144;0.0
org.apache.commons.math3.optim.nonlinear.scalar.noderiv$MultiDirectionalSimplex#MultiDirectionalSimplex(int):47;0.0
org.apache.commons.math3.optim.nonlinear.scalar.noderiv$MultiDirectionalSimplex#MultiDirectionalSimplex(int,double):59;0.0
org.apache.commons.math3.optim.nonlinear.scalar.noderiv$MultiDirectionalSimplex#MultiDirectionalSimplex(int,double,double):72;0.0
org.apache.commons.math3.optim.nonlinear.scalar.noderiv$MultiDirectionalSimplex#MultiDirectionalSimplex(int,double,double,double):87;0.0
org.apache.commons.math3.optim.nonlinear.scalar.noderiv$MultiDirectionalSimplex#MultiDirectionalSimplex(double[]):101;0.0
org.apache.commons.math3.optim.nonlinear.scalar.noderiv$MultiDirectionalSimplex#MultiDirectionalSimplex(double[],double,double):115;0.0
org.apache.commons.math3.optim.nonlinear.scalar.noderiv$MultiDirectionalSimplex#MultiDirectionalSimplex(double[][]):129;0.0
org.apache.commons.math3.optim.nonlinear.scalar.noderiv$MultiDirectionalSimplex#MultiDirectionalSimplex(double[][],double,double):146;0.0
org.apache.commons.math3.optim.nonlinear.scalar.noderiv$MultiDirectionalSimplex#iterate(org.apache.commons.math3.analysis.MultivariateFunction,java.util.Comparator):157;0.0
org.apache.commons.math3.optim.nonlinear.scalar.noderiv$MultiDirectionalSimplex#evaluateNewSimplex(org.apache.commons.math3.analysis.MultivariateFunction,org.apache.commons.math3.optim.PointValuePair[],double,java.util.Comparator):197;0.0
org.apache.commons.math3.optim.nonlinear.scalar.noderiv$BOBYQAOptimizer#BOBYQAOptimizer(int):207;0.0
org.apache.commons.math3.optim.nonlinear.scalar.noderiv$BOBYQAOptimizer#BOBYQAOptimizer(int,double,double):223;0.0
org.apache.commons.math3.optim.nonlinear.scalar.noderiv$BOBYQAOptimizer#doOptimize():232;0.0
org.apache.commons.math3.optim.nonlinear.scalar.noderiv$BOBYQAOptimizer#bobyqa(double[],double[]):284;0.0
org.apache.commons.math3.optim.nonlinear.scalar.noderiv$BOBYQAOptimizer#bobyqb(double[],double[]):373;0.0
org.apache.commons.math3.optim.nonlinear.scalar.noderiv$BOBYQAOptimizer#altmov(int,double):1257;0.0
org.apache.commons.math3.optim.nonlinear.scalar.noderiv$BOBYQAOptimizer#prelim(double[],double[]):1579;0.0
org.apache.commons.math3.optim.nonlinear.scalar.noderiv$BOBYQAOptimizer#trsbox(double,org.apache.commons.math3.linear.ArrayRealVector,org.apache.commons.math3.linear.ArrayRealVector,org.apache.commons.math3.linear.ArrayRealVector,org.apache.commons.math3.linear.ArrayRealVector,org.apache.commons.math3.linear.ArrayRealVector):1805;0.0
org.apache.commons.math3.optim.nonlinear.scalar.noderiv$BOBYQAOptimizer#update(double,double,int):2292;0.0
org.apache.commons.math3.optim.nonlinear.scalar.noderiv$BOBYQAOptimizer#setup(double[],double[]):2376;0.0
org.apache.commons.math3.optim.nonlinear.scalar.noderiv$BOBYQAOptimizer#caller(int):2431;0.0
org.apache.commons.math3.optim.nonlinear.scalar.noderiv$BOBYQAOptimizer#printState(int):2439;0.0
org.apache.commons.math3.optim.nonlinear.scalar.noderiv$BOBYQAOptimizer#printMethod():2443;0.0
org.apache.commons.math3.optim.nonlinear.scalar.noderiv$CMAESOptimizer#CMAESOptimizer(int,double,boolean,int,int,org.apache.commons.math3.random.RandomGenerator,boolean,org.apache.commons.math3.optim.ConvergenceChecker):231;0.0
org.apache.commons.math3.optim.nonlinear.scalar.noderiv$CMAESOptimizer#getStatisticsSigmaHistory():245;0.0
org.apache.commons.math3.optim.nonlinear.scalar.noderiv$CMAESOptimizer#getStatisticsMeanHistory():252;0.0
org.apache.commons.math3.optim.nonlinear.scalar.noderiv$CMAESOptimizer#getStatisticsFitnessHistory():259;0.0
org.apache.commons.math3.optim.nonlinear.scalar.noderiv$CMAESOptimizer#getStatisticsDHistory():266;0.0
org.apache.commons.math3.optim.nonlinear.scalar.noderiv$CMAESOptimizer#optimize(org.apache.commons.math3.optim.OptimizationData[]):363;0.0
org.apache.commons.math3.optim.nonlinear.scalar.noderiv$CMAESOptimizer#doOptimize():370;0.0
org.apache.commons.math3.optim.nonlinear.scalar.noderiv$CMAESOptimizer#parseOptimizationData(org.apache.commons.math3.optim.OptimizationData[]):527;0.0
org.apache.commons.math3.optim.nonlinear.scalar.noderiv$CMAESOptimizer#checkParameters():549;0.0
org.apache.commons.math3.optim.nonlinear.scalar.noderiv$CMAESOptimizer#initializeCMA(double[]):571;0.0
org.apache.commons.math3.optim.nonlinear.scalar.noderiv$CMAESOptimizer#updateEvolutionPaths(org.apache.commons.math3.linear.RealMatrix,org.apache.commons.math3.linear.RealMatrix):645;0.0
org.apache.commons.math3.optim.nonlinear.scalar.noderiv$CMAESOptimizer#updateCovarianceDiagonalOnly(boolean,org.apache.commons.math3.linear.RealMatrix):669;0.0
org.apache.commons.math3.optim.nonlinear.scalar.noderiv$CMAESOptimizer#updateCovariance(boolean,org.apache.commons.math3.linear.RealMatrix,org.apache.commons.math3.linear.RealMatrix,int[],org.apache.commons.math3.linear.RealMatrix):700;0.0
org.apache.commons.math3.optim.nonlinear.scalar.noderiv$CMAESOptimizer#updateBD(double):764;0.0
org.apache.commons.math3.optim.nonlinear.scalar.noderiv$CMAESOptimizer#push(double[],double):801;0.0
org.apache.commons.math3.optim.nonlinear.scalar.noderiv$CMAESOptimizer#sortedIndices(double[]):814;0.0
org.apache.commons.math3.optim.nonlinear.scalar.noderiv$CMAESOptimizer#log(org.apache.commons.math3.linear.RealMatrix):979;0.0
org.apache.commons.math3.optim.nonlinear.scalar.noderiv$CMAESOptimizer#sqrt(org.apache.commons.math3.linear.RealMatrix):993;0.0
org.apache.commons.math3.optim.nonlinear.scalar.noderiv$CMAESOptimizer#square(org.apache.commons.math3.linear.RealMatrix):1007;0.0
org.apache.commons.math3.optim.nonlinear.scalar.noderiv$CMAESOptimizer#times(org.apache.commons.math3.linear.RealMatrix,org.apache.commons.math3.linear.RealMatrix):1023;0.0
org.apache.commons.math3.optim.nonlinear.scalar.noderiv$CMAESOptimizer#divide(org.apache.commons.math3.linear.RealMatrix,org.apache.commons.math3.linear.RealMatrix):1038;0.0
org.apache.commons.math3.optim.nonlinear.scalar.noderiv$CMAESOptimizer#selectColumns(org.apache.commons.math3.linear.RealMatrix,int[]):1053;0.0
org.apache.commons.math3.optim.nonlinear.scalar.noderiv$CMAESOptimizer#triu(org.apache.commons.math3.linear.RealMatrix,int):1068;0.0
org.apache.commons.math3.optim.nonlinear.scalar.noderiv$CMAESOptimizer#sumRows(org.apache.commons.math3.linear.RealMatrix):1082;0.0
org.apache.commons.math3.optim.nonlinear.scalar.noderiv$CMAESOptimizer#diag(org.apache.commons.math3.linear.RealMatrix):1099;0.0
org.apache.commons.math3.optim.nonlinear.scalar.noderiv$CMAESOptimizer#copyColumn(org.apache.commons.math3.linear.RealMatrix,int,org.apache.commons.math3.linear.RealMatrix,int):1124;0.0
org.apache.commons.math3.optim.nonlinear.scalar.noderiv$CMAESOptimizer#ones(int,int):1135;0.0
org.apache.commons.math3.optim.nonlinear.scalar.noderiv$CMAESOptimizer#eye(int,int):1149;0.0
org.apache.commons.math3.optim.nonlinear.scalar.noderiv$CMAESOptimizer#zeros(int,int):1164;0.0
org.apache.commons.math3.optim.nonlinear.scalar.noderiv$CMAESOptimizer#repmat(org.apache.commons.math3.linear.RealMatrix,int,int):1174;0.0
org.apache.commons.math3.optim.nonlinear.scalar.noderiv$CMAESOptimizer#sequence(double,double,double):1192;0.0
org.apache.commons.math3.optim.nonlinear.scalar.noderiv$CMAESOptimizer#max(org.apache.commons.math3.linear.RealMatrix):1207;0.0
org.apache.commons.math3.optim.nonlinear.scalar.noderiv$CMAESOptimizer#min(org.apache.commons.math3.linear.RealMatrix):1224;0.0
org.apache.commons.math3.optim.nonlinear.scalar.noderiv$CMAESOptimizer#max(double[]):1241;0.0
org.apache.commons.math3.optim.nonlinear.scalar.noderiv$CMAESOptimizer#min(double[]):1255;0.0
org.apache.commons.math3.optim.nonlinear.scalar.noderiv$CMAESOptimizer#inverse(int[]):1269;0.0
org.apache.commons.math3.optim.nonlinear.scalar.noderiv$CMAESOptimizer#reverse(int[]):1281;0.0
org.apache.commons.math3.optim.nonlinear.scalar.noderiv$CMAESOptimizer#randn(int):1293;0.0
org.apache.commons.math3.optim.nonlinear.scalar.noderiv$CMAESOptimizer#randn1(int,int):1306;0.0
org.apache.commons.math3.optim.nonlinear.scalar.noderiv$CMAESOptimizer$Sigma#CMAESOptimizer$Sigma(double[]):290;0.0
org.apache.commons.math3.optim.nonlinear.scalar.noderiv$CMAESOptimizer$Sigma#getSigma():304;0.0
org.apache.commons.math3.optim.nonlinear.scalar.noderiv$CMAESOptimizer$PopulationSize#CMAESOptimizer$PopulationSize(int):327;0.0
org.apache.commons.math3.optim.nonlinear.scalar.noderiv$CMAESOptimizer$PopulationSize#getPopulationSize():338;0.0
org.apache.commons.math3.optim.nonlinear.scalar.noderiv$CMAESOptimizer$FitnessFunction#CMAESOptimizer$FitnessFunction(org.apache.commons.math3.optim.nonlinear.scalar.noderiv.CMAESOptimizer):889;0.0
org.apache.commons.math3.optim.nonlinear.scalar.noderiv$CMAESOptimizer$FitnessFunction#value(double[]):900;0.0
org.apache.commons.math3.optim.nonlinear.scalar.noderiv$CMAESOptimizer$FitnessFunction#isFeasible(double[]):915;0.0
org.apache.commons.math3.optim.nonlinear.scalar.noderiv$CMAESOptimizer$FitnessFunction#setValueRange(double):933;0.0
org.apache.commons.math3.optim.nonlinear.scalar.noderiv$CMAESOptimizer$FitnessFunction#repair(double[]):941;0.0
org.apache.commons.math3.optim.nonlinear.scalar.noderiv$CMAESOptimizer$FitnessFunction#penalty(double[],double[]):963;0.0
org.apache.commons.math3.optim.nonlinear.scalar.noderiv$CMAESOptimizer$DoubleIndex#CMAESOptimizer$DoubleIndex(double,int):840;0.0
org.apache.commons.math3.optim.nonlinear.scalar.noderiv$CMAESOptimizer$DoubleIndex#compareTo(org.apache.commons.math3.optim.nonlinear.scalar.noderiv.CMAESOptimizer$DoubleIndex):847;0.0
org.apache.commons.math3.optim.nonlinear.scalar.noderiv$CMAESOptimizer$DoubleIndex#equals(java.lang.Object):854;0.0
org.apache.commons.math3.optim.nonlinear.scalar.noderiv$CMAESOptimizer$DoubleIndex#hashCode():868;0.0
org.apache.commons.math3.optim.nonlinear.scalar$LeastSquaresConverter#LeastSquaresConverter(org.apache.commons.math3.analysis.MultivariateVectorFunction,double[]):73;0.0
org.apache.commons.math3.optim.nonlinear.scalar$LeastSquaresConverter#LeastSquaresConverter(org.apache.commons.math3.analysis.MultivariateVectorFunction,double[],double[]):113;0.0
org.apache.commons.math3.optim.nonlinear.scalar$LeastSquaresConverter#LeastSquaresConverter(org.apache.commons.math3.analysis.MultivariateVectorFunction,double[],org.apache.commons.math3.linear.RealMatrix):147;0.0
org.apache.commons.math3.optim.nonlinear.scalar$LeastSquaresConverter#value(double[]):160;0.0
org.apache.commons.math3.optim.nonlinear.scalar.noderiv$PowellOptimizer#PowellOptimizer(double,double,org.apache.commons.math3.optim.ConvergenceChecker):101;0.0
org.apache.commons.math3.optim.nonlinear.scalar.noderiv$PowellOptimizer#PowellOptimizer(double,double,double,double,org.apache.commons.math3.optim.ConvergenceChecker):122;0.0
org.apache.commons.math3.optim.nonlinear.scalar.noderiv$PowellOptimizer#PowellOptimizer(double,double):151;0.0
org.apache.commons.math3.optim.nonlinear.scalar.noderiv$PowellOptimizer#PowellOptimizer(double,double,double,double):168;0.0
org.apache.commons.math3.optim.nonlinear.scalar.noderiv$PowellOptimizer#doOptimize():174;0.0
org.apache.commons.math3.optim.nonlinear.scalar.noderiv$PowellOptimizer#newPointAndDirection(double[],double[],double):280;0.0
org.apache.commons.math3.optim.nonlinear.scalar.noderiv$PowellOptimizer#checkParameters():373;0.0
org.apache.commons.math3.optim.nonlinear.scalar.noderiv$PowellOptimizer$LineSearch#PowellOptimizer$LineSearch(org.apache.commons.math3.optim.nonlinear.scalar.noderiv.PowellOptimizer,double,double):326;0.0
org.apache.commons.math3.optim.nonlinear.scalar.noderiv$PowellOptimizer$LineSearch#search(double[],double[]):342;0.0
org.apache.commons.math3.optim.nonlinear.scalar.noderiv$PowellOptimizer$LineSearch$1#value(double):345;0.0
org.apache.commons.math3.optim.nonlinear.scalar$MultivariateFunctionMappingAdapter#MultivariateFunctionMappingAdapter(org.apache.commons.math3.analysis.MultivariateFunction,double[],double[]):100;0.0
org.apache.commons.math3.optim.nonlinear.scalar$MultivariateFunctionMappingAdapter#unboundedToBounded(double[]):145;0.0
org.apache.commons.math3.optim.nonlinear.scalar$MultivariateFunctionMappingAdapter#boundedToUnbounded(double[]):161;0.0
org.apache.commons.math3.optim.nonlinear.scalar$MultivariateFunctionMappingAdapter#value(double[]):181;0.0
org.apache.commons.math3.optim.nonlinear.scalar$MultivariateFunctionMappingAdapter$LowerUpperBoundMapper#MultivariateFunctionMappingAdapter$LowerUpperBoundMapper(double,double):280;0.0
org.apache.commons.math3.optim.nonlinear.scalar$MultivariateFunctionMappingAdapter$LowerUpperBoundMapper#unboundedToBounded(double):287;0.0
org.apache.commons.math3.optim.nonlinear.scalar$MultivariateFunctionMappingAdapter$LowerUpperBoundMapper#boundedToUnbounded(double):292;0.0
org.apache.commons.math3.optim.nonlinear.scalar$MultivariateFunctionMappingAdapter$NoBoundsMapper#MultivariateFunctionMappingAdapter$NoBoundsMapper():204;0.0
org.apache.commons.math3.optim.nonlinear.scalar$MultivariateFunctionMappingAdapter$NoBoundsMapper#unboundedToBounded(double):207;0.0
org.apache.commons.math3.optim.nonlinear.scalar$MultivariateFunctionMappingAdapter$NoBoundsMapper#boundedToUnbounded(double):212;0.0
org.apache.commons.math3.optim.nonlinear.scalar$MultivariateFunctionMappingAdapter$LowerBoundMapper#MultivariateFunctionMappingAdapter$LowerBoundMapper(double):226;0.0
org.apache.commons.math3.optim.nonlinear.scalar$MultivariateFunctionMappingAdapter$LowerBoundMapper#unboundedToBounded(double):232;0.0
org.apache.commons.math3.optim.nonlinear.scalar$MultivariateFunctionMappingAdapter$LowerBoundMapper#boundedToUnbounded(double):237;0.0
org.apache.commons.math3.optim.nonlinear.scalar$MultivariateFunctionMappingAdapter$UpperBoundMapper#MultivariateFunctionMappingAdapter$UpperBoundMapper(double):251;0.0
org.apache.commons.math3.optim.nonlinear.scalar$MultivariateFunctionMappingAdapter$UpperBoundMapper#unboundedToBounded(double):257;0.0
org.apache.commons.math3.optim.nonlinear.scalar$MultivariateFunctionMappingAdapter$UpperBoundMapper#boundedToUnbounded(double):262;0.0
org.apache.commons.math3.optim$BaseMultiStartMultivariateOptimizer#BaseMultiStartMultivariateOptimizer(org.apache.commons.math3.optim.BaseMultivariateOptimizer,int,org.apache.commons.math3.random.RandomVectorGenerator):82;0.0
org.apache.commons.math3.optim$BaseMultiStartMultivariateOptimizer#getEvaluations():96;0.0
org.apache.commons.math3.optim$BaseMultiStartMultivariateOptimizer#optimize(org.apache.commons.math3.optim.OptimizationData[]):133;0.0
org.apache.commons.math3.optim$BaseMultiStartMultivariateOptimizer#doOptimize():146;0.0
org.apache.commons.math3.optim.nonlinear.scalar$MultiStartMultivariateOptimizer#MultiStartMultivariateOptimizer(org.apache.commons.math3.optim.nonlinear.scalar.MultivariateOptimizer,int,org.apache.commons.math3.random.RandomVectorGenerator):63;0.0
org.apache.commons.math3.optim.nonlinear.scalar$MultiStartMultivariateOptimizer#getOptima():72;0.0
org.apache.commons.math3.optim.nonlinear.scalar$MultiStartMultivariateOptimizer#store(org.apache.commons.math3.optim.PointValuePair):81;0.0
org.apache.commons.math3.optim.nonlinear.scalar$MultiStartMultivariateOptimizer#clear():89;0.0
org.apache.commons.math3.optim.nonlinear.scalar$MultiStartMultivariateOptimizer#getPairComparator():96;0.0
org.apache.commons.math3.optim.nonlinear.scalar$MultiStartMultivariateOptimizer$1#compare(org.apache.commons.math3.optim.PointValuePair,org.apache.commons.math3.optim.PointValuePair):99;0.0
org.apache.commons.math3.optim.nonlinear.vector$MultiStartMultivariateVectorOptimizer#MultiStartMultivariateVectorOptimizer(org.apache.commons.math3.optim.nonlinear.vector.MultivariateVectorOptimizer,int,org.apache.commons.math3.random.RandomVectorGenerator):66;0.0
org.apache.commons.math3.optim.nonlinear.vector$MultiStartMultivariateVectorOptimizer#getOptima():75;0.0
org.apache.commons.math3.optim.nonlinear.vector$MultiStartMultivariateVectorOptimizer#store(org.apache.commons.math3.optim.PointVectorValuePair):84;0.0
org.apache.commons.math3.optim.nonlinear.vector$MultiStartMultivariateVectorOptimizer#clear():92;0.0
org.apache.commons.math3.optim.nonlinear.vector$MultiStartMultivariateVectorOptimizer#getPairComparator():99;0.0
org.apache.commons.math3.optim.nonlinear.vector$MultiStartMultivariateVectorOptimizer$1#compare(org.apache.commons.math3.optim.PointVectorValuePair,org.apache.commons.math3.optim.PointVectorValuePair):105;0.0
org.apache.commons.math3.optim.nonlinear.vector$MultiStartMultivariateVectorOptimizer$1#weightedResidual(org.apache.commons.math3.optim.PointVectorValuePair):115;0.0
org.apache.commons.math3.ode$AbstractIntegrator#AbstractIntegrator(java.lang.String):84;0.0
org.apache.commons.math3.ode$AbstractIntegrator#AbstractIntegrator():99;0.0
org.apache.commons.math3.ode$AbstractIntegrator#getName():104;0.0
org.apache.commons.math3.ode$AbstractIntegrator#addStepHandler(org.apache.commons.math3.ode.sampling.StepHandler):109;0.0
org.apache.commons.math3.ode$AbstractIntegrator#getStepHandlers():114;0.0
org.apache.commons.math3.ode$AbstractIntegrator#clearStepHandlers():119;0.0
org.apache.commons.math3.ode$AbstractIntegrator#addEventHandler(org.apache.commons.math3.ode.events.EventHandler,double,double,int):127;0.0
org.apache.commons.math3.ode$AbstractIntegrator#addEventHandler(org.apache.commons.math3.ode.events.EventHandler,double,double,int,org.apache.commons.math3.analysis.solvers.UnivariateSolver):138;0.0
org.apache.commons.math3.ode$AbstractIntegrator#getEventHandlers():144;0.0
org.apache.commons.math3.ode$AbstractIntegrator#clearEventHandlers():153;0.0
org.apache.commons.math3.ode$AbstractIntegrator#getCurrentStepStart():158;0.0
org.apache.commons.math3.ode$AbstractIntegrator#getCurrentSignedStepsize():163;0.0
org.apache.commons.math3.ode$AbstractIntegrator#setMaxEvaluations(int):168;0.0
org.apache.commons.math3.ode$AbstractIntegrator#getMaxEvaluations():173;0.0
org.apache.commons.math3.ode$AbstractIntegrator#getEvaluations():178;0.0
org.apache.commons.math3.ode$AbstractIntegrator#initIntegration(double,double[],double):188;0.0
org.apache.commons.math3.ode$AbstractIntegrator#setEquations(org.apache.commons.math3.ode.ExpandableStatefulODE):207;0.0
org.apache.commons.math3.ode$AbstractIntegrator#getExpandable():215;0.0
org.apache.commons.math3.ode$AbstractIntegrator#getEvaluationsCounter():223;0.0
org.apache.commons.math3.ode$AbstractIntegrator#integrate(org.apache.commons.math3.ode.FirstOrderDifferentialEquations,double,double[],double,double[]):232;0.0
org.apache.commons.math3.ode$AbstractIntegrator#computeDerivatives(double,double[],double[]):285;0.0
org.apache.commons.math3.ode$AbstractIntegrator#setStateInitialized(boolean):297;0.0
org.apache.commons.math3.ode$AbstractIntegrator#acceptStep(org.apache.commons.math3.ode.sampling.AbstractStepInterpolator,double[],double[],double):317;0.0
org.apache.commons.math3.ode$AbstractIntegrator#sanityChecks(org.apache.commons.math3.ode.ExpandableStatefulODE,double):448;0.0
org.apache.commons.math3.ode.nonstiff$RungeKuttaIntegrator#RungeKuttaIntegrator(java.lang.String,double[],double[][],double[],org.apache.commons.math3.ode.nonstiff.RungeKuttaStepInterpolator,double):85;0.0
org.apache.commons.math3.ode.nonstiff$RungeKuttaIntegrator#integrate(org.apache.commons.math3.ode.ExpandableStatefulODE,double):99;0.0
org.apache.commons.math3.ode.nonstiff$ClassicalRungeKuttaIntegrator#ClassicalRungeKuttaIntegrator(double):71;0.0
org.apache.commons.math3.ode.sampling$AbstractStepInterpolator#AbstractStepInterpolator():112;0.0
org.apache.commons.math3.ode.sampling$AbstractStepInterpolator#AbstractStepInterpolator(double[],boolean,org.apache.commons.math3.ode.EquationsMapper,org.apache.commons.math3.ode.EquationsMapper[]):137;0.0
org.apache.commons.math3.ode.sampling$AbstractStepInterpolator#AbstractStepInterpolator(org.apache.commons.math3.ode.sampling.AbstractStepInterpolator):172;0.0
org.apache.commons.math3.ode.sampling$AbstractStepInterpolator#allocateInterpolatedArrays(int):213;0.0
org.apache.commons.math3.ode.sampling$AbstractStepInterpolator#reinitialize(double[],boolean,org.apache.commons.math3.ode.EquationsMapper,org.apache.commons.math3.ode.EquationsMapper[]):249;0.0
org.apache.commons.math3.ode.sampling$AbstractStepInterpolator#copy():269;0.0
org.apache.commons.math3.ode.sampling$AbstractStepInterpolator#shift():290;0.0
org.apache.commons.math3.ode.sampling$AbstractStepInterpolator#storeTime(double):300;0.0
org.apache.commons.math3.ode.sampling$AbstractStepInterpolator#setSoftPreviousTime(double):321;0.0
org.apache.commons.math3.ode.sampling$AbstractStepInterpolator#setSoftCurrentTime(double):335;0.0
org.apache.commons.math3.ode.sampling$AbstractStepInterpolator#getGlobalPreviousTime():343;0.0
org.apache.commons.math3.ode.sampling$AbstractStepInterpolator#getGlobalCurrentTime():351;0.0
org.apache.commons.math3.ode.sampling$AbstractStepInterpolator#getPreviousTime():360;0.0
org.apache.commons.math3.ode.sampling$AbstractStepInterpolator#getCurrentTime():369;0.0
org.apache.commons.math3.ode.sampling$AbstractStepInterpolator#getInterpolatedTime():374;0.0
org.apache.commons.math3.ode.sampling$AbstractStepInterpolator#setInterpolatedTime(double):379;0.0
org.apache.commons.math3.ode.sampling$AbstractStepInterpolator#isForward():385;0.0
org.apache.commons.math3.ode.sampling$AbstractStepInterpolator#evaluateCompleteInterpolatedState():407;0.0
org.apache.commons.math3.ode.sampling$AbstractStepInterpolator#getInterpolatedState():417;0.0
org.apache.commons.math3.ode.sampling$AbstractStepInterpolator#getInterpolatedDerivatives():425;0.0
org.apache.commons.math3.ode.sampling$AbstractStepInterpolator#getInterpolatedSecondaryState(int):433;0.0
org.apache.commons.math3.ode.sampling$AbstractStepInterpolator#getInterpolatedSecondaryDerivatives(int):441;0.0
org.apache.commons.math3.ode.sampling$AbstractStepInterpolator#finalizeStep():489;0.0
org.apache.commons.math3.ode.sampling$AbstractStepInterpolator#doFinalize():501;0.0
org.apache.commons.math3.ode.sampling$AbstractStepInterpolator#writeBaseExternal(java.io.ObjectOutput):520;0.0
org.apache.commons.math3.ode.sampling$AbstractStepInterpolator#readBaseExternal(java.io.ObjectInput):573;0.0
org.apache.commons.math3.ode.nonstiff$RungeKuttaStepInterpolator#RungeKuttaStepInterpolator():60;0.0
org.apache.commons.math3.ode.nonstiff$RungeKuttaStepInterpolator#RungeKuttaStepInterpolator(org.apache.commons.math3.ode.nonstiff.RungeKuttaStepInterpolator):85;0.0
org.apache.commons.math3.ode.nonstiff$RungeKuttaStepInterpolator#reinitialize(org.apache.commons.math3.ode.AbstractIntegrator,double[],double[][],boolean,org.apache.commons.math3.ode.EquationsMapper,org.apache.commons.math3.ode.EquationsMapper[]):134;0.0
org.apache.commons.math3.ode.nonstiff$RungeKuttaStepInterpolator#shift():143;0.0
org.apache.commons.math3.ode.nonstiff$RungeKuttaStepInterpolator#writeExternal(java.io.ObjectOutput):153;0.0
org.apache.commons.math3.ode.nonstiff$RungeKuttaStepInterpolator#readExternal(java.io.ObjectInput):179;0.0
org.apache.commons.math3.ode.nonstiff$ClassicalRungeKuttaStepInterpolator#ClassicalRungeKuttaStepInterpolator():72;0.0
org.apache.commons.math3.ode.nonstiff$ClassicalRungeKuttaStepInterpolator#ClassicalRungeKuttaStepInterpolator(org.apache.commons.math3.ode.nonstiff.ClassicalRungeKuttaStepInterpolator):81;0.0
org.apache.commons.math3.ode.nonstiff$ClassicalRungeKuttaStepInterpolator#doCopy():87;0.0
org.apache.commons.math3.ode.nonstiff$ClassicalRungeKuttaStepInterpolator#computeInterpolatedStateAndDerivatives(double,double):95;0.0
org.apache.commons.math3.ode$FirstOrderConverter#FirstOrderConverter(org.apache.commons.math3.ode.SecondOrderDifferentialEquations):78;0.0
org.apache.commons.math3.ode$FirstOrderConverter#getDimension():92;0.0
org.apache.commons.math3.ode$FirstOrderConverter#computeDerivatives(double,double[],double[]):103;0.0
org.apache.commons.math3.ode$ExpandableStatefulODE#ExpandableStatefulODE(org.apache.commons.math3.ode.FirstOrderDifferentialEquations):73;0.0
org.apache.commons.math3.ode$ExpandableStatefulODE#getPrimary():87;0.0
org.apache.commons.math3.ode$ExpandableStatefulODE#getTotalDimension():97;0.0
org.apache.commons.math3.ode$ExpandableStatefulODE#computeDerivatives(double,double[],double[]):118;0.0
org.apache.commons.math3.ode$ExpandableStatefulODE#addSecondaryEquations(org.apache.commons.math3.ode.SecondaryEquations):140;0.0
org.apache.commons.math3.ode$ExpandableStatefulODE#getPrimaryMapper():160;0.0
org.apache.commons.math3.ode$ExpandableStatefulODE#getSecondaryMappers():168;0.0
org.apache.commons.math3.ode$ExpandableStatefulODE#setTime(double):179;0.0
org.apache.commons.math3.ode$ExpandableStatefulODE#getTime():186;0.0
org.apache.commons.math3.ode$ExpandableStatefulODE#setPrimaryState(double[]):197;0.0
org.apache.commons.math3.ode$ExpandableStatefulODE#getPrimaryState():210;0.0
org.apache.commons.math3.ode$ExpandableStatefulODE#getPrimaryStateDot():217;0.0
org.apache.commons.math3.ode$ExpandableStatefulODE#setSecondaryState(int,double[]):231;0.0
org.apache.commons.math3.ode$ExpandableStatefulODE#getSecondaryState(int):249;0.0
org.apache.commons.math3.ode$ExpandableStatefulODE#getSecondaryStateDot(int):258;0.0
org.apache.commons.math3.ode$ExpandableStatefulODE#setCompleteState(double[]):270;0.0
org.apache.commons.math3.ode$ExpandableStatefulODE#getCompleteState():290;0.0
org.apache.commons.math3.ode$EquationsMapper#EquationsMapper(int,int):49;0.0
org.apache.commons.math3.ode$EquationsMapper#getFirstIndex():58;0.0
org.apache.commons.math3.ode$EquationsMapper#getDimension():65;0.0
org.apache.commons.math3.ode$EquationsMapper#extractEquationData(double[],double[]):77;0.0
org.apache.commons.math3.ode$EquationsMapper#insertEquationData(double[],double[]):92;0.0
org.apache.commons.math3.ode$AbstractIntegrator$1#compare(org.apache.commons.math3.ode.events.EventState,org.apache.commons.math3.ode.events.EventState):334;0.0
org.apache.commons.math3.ode.nonstiff$AdaptiveStepsizeIntegrator#AdaptiveStepsizeIntegrator(java.lang.String,double,double,double,double):110;0.0
org.apache.commons.math3.ode.nonstiff$AdaptiveStepsizeIntegrator#AdaptiveStepsizeIntegrator(java.lang.String,double,double,double[],double[]):133;0.0
org.apache.commons.math3.ode.nonstiff$AdaptiveStepsizeIntegrator#setStepSizeControl(double,double,double,double):157;0.0
org.apache.commons.math3.ode.nonstiff$AdaptiveStepsizeIntegrator#setStepSizeControl(double,double,double[],double[]):186;0.0
org.apache.commons.math3.ode.nonstiff$AdaptiveStepsizeIntegrator#setInitialStepSize(double):209;0.0
org.apache.commons.math3.ode.nonstiff$AdaptiveStepsizeIntegrator#sanityChecks(org.apache.commons.math3.ode.ExpandableStatefulODE,double):221;0.0
org.apache.commons.math3.ode.nonstiff$AdaptiveStepsizeIntegrator#initializeStep(boolean,int,double[],double,double[],double[],double[],double[]):253;0.0
org.apache.commons.math3.ode.nonstiff$AdaptiveStepsizeIntegrator#filterStep(double,boolean,boolean):324;0.0
org.apache.commons.math3.ode.nonstiff$AdaptiveStepsizeIntegrator#getCurrentStepStart():353;0.0
org.apache.commons.math3.ode.nonstiff$AdaptiveStepsizeIntegrator#resetInternalState():358;0.0
org.apache.commons.math3.ode.nonstiff$AdaptiveStepsizeIntegrator#getMinStep():366;0.0
org.apache.commons.math3.ode.nonstiff$AdaptiveStepsizeIntegrator#getMaxStep():373;0.0
org.apache.commons.math3.ode$MultistepIntegrator#MultistepIntegrator(java.lang.String,int,int,double,double,double,double):118;0.0
org.apache.commons.math3.ode$MultistepIntegrator#MultistepIntegrator(java.lang.String,int,int,double,double,double[],double[]):164;0.0
org.apache.commons.math3.ode$MultistepIntegrator#getStarterIntegrator():184;0.0
org.apache.commons.math3.ode$MultistepIntegrator#setStarterIntegrator(org.apache.commons.math3.ode.FirstOrderIntegrator):195;0.0
org.apache.commons.math3.ode$MultistepIntegrator#start(double,double[],double):223;0.0
org.apache.commons.math3.ode$MultistepIntegrator#getMinReduction():279;0.0
org.apache.commons.math3.ode$MultistepIntegrator#setMinReduction(double):286;0.0
org.apache.commons.math3.ode$MultistepIntegrator#getMaxGrowth():293;0.0
org.apache.commons.math3.ode$MultistepIntegrator#setMaxGrowth(double):300;0.0
org.apache.commons.math3.ode$MultistepIntegrator#getSafety():307;0.0
org.apache.commons.math3.ode$MultistepIntegrator#setSafety(double):314;0.0
org.apache.commons.math3.ode$MultistepIntegrator#computeStepGrowShrinkFactor(double):322;0.0
org.apache.commons.math3.ode.nonstiff$AdamsIntegrator#AdamsIntegrator(java.lang.String,int,int,double,double,double,double):59;0.0
org.apache.commons.math3.ode.nonstiff$AdamsIntegrator#AdamsIntegrator(java.lang.String,int,int,double,double,double[],double[]):84;0.0
org.apache.commons.math3.ode.nonstiff$AdamsIntegrator#initializeHighOrderDerivatives(double,double[],double[][],double[][]):100;0.0
org.apache.commons.math3.ode.nonstiff$AdamsIntegrator#updateHighOrderDerivativesPhase1(org.apache.commons.math3.linear.Array2DRowRealMatrix):115;0.0
org.apache.commons.math3.ode.nonstiff$AdamsIntegrator#updateHighOrderDerivativesPhase2(double[],double[],org.apache.commons.math3.linear.Array2DRowRealMatrix):134;0.0
org.apache.commons.math3.ode.nonstiff$AdamsBashforthIntegrator#AdamsBashforthIntegrator(int,double,double,double,double):166;0.0
org.apache.commons.math3.ode.nonstiff$AdamsBashforthIntegrator#AdamsBashforthIntegrator(int,double,double,double[],double[]):188;0.0
org.apache.commons.math3.ode.nonstiff$AdamsBashforthIntegrator#integrate(org.apache.commons.math3.ode.ExpandableStatefulODE,double):198;0.0
org.apache.commons.math3.ode.nonstiff$EmbeddedRungeKuttaIntegrator#EmbeddedRungeKuttaIntegrator(java.lang.String,boolean,double[],double[][],double[],org.apache.commons.math3.ode.nonstiff.RungeKuttaStepInterpolator,double,double,double,double):117;0.0
org.apache.commons.math3.ode.nonstiff$EmbeddedRungeKuttaIntegrator#EmbeddedRungeKuttaIntegrator(java.lang.String,boolean,double[],double[][],double[],org.apache.commons.math3.ode.nonstiff.RungeKuttaStepInterpolator,double,double,double[],double[]):155;0.0
org.apache.commons.math3.ode.nonstiff$EmbeddedRungeKuttaIntegrator#getSafety():181;0.0
org.apache.commons.math3.ode.nonstiff$EmbeddedRungeKuttaIntegrator#setSafety(double):188;0.0
org.apache.commons.math3.ode.nonstiff$EmbeddedRungeKuttaIntegrator#integrate(org.apache.commons.math3.ode.ExpandableStatefulODE,double):197;0.0
org.apache.commons.math3.ode.nonstiff$EmbeddedRungeKuttaIntegrator#getMinReduction():346;0.0
org.apache.commons.math3.ode.nonstiff$EmbeddedRungeKuttaIntegrator#setMinReduction(double):353;0.0
org.apache.commons.math3.ode.nonstiff$EmbeddedRungeKuttaIntegrator#getMaxGrowth():360;0.0
org.apache.commons.math3.ode.nonstiff$EmbeddedRungeKuttaIntegrator#setMaxGrowth(double):367;0.0
org.apache.commons.math3.ode.nonstiff$DormandPrince853Integrator#DormandPrince853Integrator(double,double,double,double):220;0.0
org.apache.commons.math3.ode.nonstiff$DormandPrince853Integrator#DormandPrince853Integrator(double,double,double[],double[]):239;0.0
org.apache.commons.math3.ode.nonstiff$DormandPrince853Integrator#getOrder():247;0.0
org.apache.commons.math3.ode.nonstiff$DormandPrince853Integrator#estimateError(double[][],double[],double[],double):255;0.0
org.apache.commons.math3.ode.nonstiff$DormandPrince853StepInterpolator#DormandPrince853StepInterpolator():232;0.0
org.apache.commons.math3.ode.nonstiff$DormandPrince853StepInterpolator#DormandPrince853StepInterpolator(org.apache.commons.math3.ode.nonstiff.DormandPrince853StepInterpolator):245;0.0
org.apache.commons.math3.ode.nonstiff$DormandPrince853StepInterpolator#doCopy():279;0.0
org.apache.commons.math3.ode.nonstiff$DormandPrince853StepInterpolator#reinitialize(org.apache.commons.math3.ode.AbstractIntegrator,double[],double[][],boolean,org.apache.commons.math3.ode.EquationsMapper,org.apache.commons.math3.ode.EquationsMapper[]):289;0.0
org.apache.commons.math3.ode.nonstiff$DormandPrince853StepInterpolator#storeTime(double):310;0.0
org.apache.commons.math3.ode.nonstiff$DormandPrince853StepInterpolator#computeInterpolatedStateAndDerivatives(double,double):320;0.0
org.apache.commons.math3.ode.nonstiff$DormandPrince853StepInterpolator#doFinalize():409;0.0
org.apache.commons.math3.ode.nonstiff$DormandPrince853StepInterpolator#writeExternal(java.io.ObjectOutput):456;0.0
org.apache.commons.math3.ode.nonstiff$DormandPrince853StepInterpolator#readExternal(java.io.ObjectInput):482;0.0
org.apache.commons.math3.ode.nonstiff$AdamsNordsieckTransformer#AdamsNordsieckTransformer(int):151;0.0
org.apache.commons.math3.ode.nonstiff$AdamsNordsieckTransformer#getInstance(int):191;0.0
org.apache.commons.math3.ode.nonstiff$AdamsNordsieckTransformer#getNSteps():207;0.0
org.apache.commons.math3.ode.nonstiff$AdamsNordsieckTransformer#buildP(int):225;0.0
org.apache.commons.math3.ode.nonstiff$AdamsNordsieckTransformer#initializeHighOrderDerivatives(double,double[],double[][],double[][]):259;0.0
org.apache.commons.math3.ode.nonstiff$AdamsNordsieckTransformer#updateHighOrderDerivativesPhase1(org.apache.commons.math3.linear.Array2DRowRealMatrix):311;0.0
org.apache.commons.math3.ode.nonstiff$AdamsNordsieckTransformer#updateHighOrderDerivativesPhase2(double[],double[],org.apache.commons.math3.linear.Array2DRowRealMatrix):330;0.0
org.apache.commons.math3.ode.sampling$NordsieckStepInterpolator#NordsieckStepInterpolator():74;0.0
org.apache.commons.math3.ode.sampling$NordsieckStepInterpolator#NordsieckStepInterpolator(org.apache.commons.math3.ode.sampling.NordsieckStepInterpolator):83;0.0
org.apache.commons.math3.ode.sampling$NordsieckStepInterpolator#doCopy():100;0.0
org.apache.commons.math3.ode.sampling$NordsieckStepInterpolator#reinitialize(double[],boolean,org.apache.commons.math3.ode.EquationsMapper,org.apache.commons.math3.ode.EquationsMapper[]):116;0.0
org.apache.commons.math3.ode.sampling$NordsieckStepInterpolator#reinitialize(double,double,double[],org.apache.commons.math3.linear.Array2DRowRealMatrix):133;0.0
org.apache.commons.math3.ode.sampling$NordsieckStepInterpolator#rescale(double):150;0.0
org.apache.commons.math3.ode.sampling$NordsieckStepInterpolator#getInterpolatedStateVariation():184;0.0
org.apache.commons.math3.ode.sampling$NordsieckStepInterpolator#computeInterpolatedStateAndDerivatives(double,double):192;0.0
org.apache.commons.math3.ode.sampling$NordsieckStepInterpolator#writeExternal(java.io.ObjectOutput):227;0.0
org.apache.commons.math3.ode.sampling$NordsieckStepInterpolator#readExternal(java.io.ObjectInput):260;0.0
org.apache.commons.math3.ode$MultistepIntegrator$NordsieckInitializer#MultistepIntegrator$NordsieckInitializer(org.apache.commons.math3.ode.MultistepIntegrator,int,int):359;0.0
org.apache.commons.math3.ode$MultistepIntegrator$NordsieckInitializer#handleStep(org.apache.commons.math3.ode.sampling.StepInterpolator,boolean):370;0.0
org.apache.commons.math3.ode$MultistepIntegrator$NordsieckInitializer#init(double,double[],double):430;0.0
org.apache.commons.math3.ode$MultistepIntegrator$InitializationCompletedMarkerException#MultistepIntegrator$InitializationCompletedMarkerException():443;0.0
org.apache.commons.math3.ode$ContinuousOutputModel#ContinuousOutputModel():114;0.0
org.apache.commons.math3.ode$ContinuousOutputModel#append(org.apache.commons.math3.ode.ContinuousOutputModel):133;0.0
org.apache.commons.math3.ode$ContinuousOutputModel#init(double,double[],double):174;0.0
org.apache.commons.math3.ode$ContinuousOutputModel#handleStep(org.apache.commons.math3.ode.sampling.StepInterpolator,boolean):192;0.0
org.apache.commons.math3.ode$ContinuousOutputModel#getInitialTime():211;0.0
org.apache.commons.math3.ode$ContinuousOutputModel#getFinalTime():219;0.0
org.apache.commons.math3.ode$ContinuousOutputModel#getInterpolatedTime():229;0.0
org.apache.commons.math3.ode$ContinuousOutputModel#setInterpolatedTime(double):247;0.0
org.apache.commons.math3.ode$ContinuousOutputModel#getInterpolatedState():339;0.0
org.apache.commons.math3.ode$ContinuousOutputModel#getInterpolatedSecondaryState(int):354;0.0
org.apache.commons.math3.ode$ContinuousOutputModel#locatePoint(double,org.apache.commons.math3.ode.sampling.StepInterpolator):365;0.0
org.apache.commons.math3.ode.sampling$StepNormalizerMode#StepNormalizerMode(java.lang.String,int):28;0.0
org.apache.commons.math3.ode.sampling$StepNormalizerBounds#StepNormalizerBounds(java.lang.String,int,boolean,boolean):60;0.0
org.apache.commons.math3.ode.sampling$StepNormalizerBounds#firstIncluded():72;0.0
org.apache.commons.math3.ode.sampling$StepNormalizerBounds#lastIncluded():82;0.0
org.apache.commons.math3.ode.nonstiff$GraggBulirschStoerIntegrator#GraggBulirschStoerIntegrator(double,double,double,double):172;0.0
org.apache.commons.math3.ode.nonstiff$GraggBulirschStoerIntegrator#GraggBulirschStoerIntegrator(double,double,double[],double[]):194;0.0
org.apache.commons.math3.ode.nonstiff$GraggBulirschStoerIntegrator#setStabilityCheck(boolean,int,int,double):224;0.0
org.apache.commons.math3.ode.nonstiff$GraggBulirschStoerIntegrator#setControlFactors(double,double,double,double):263;0.0
org.apache.commons.math3.ode.nonstiff$GraggBulirschStoerIntegrator#setOrderControl(int,double,double):315;0.0
org.apache.commons.math3.ode.nonstiff$GraggBulirschStoerIntegrator#addStepHandler(org.apache.commons.math3.ode.sampling.StepHandler):340;0.0
org.apache.commons.math3.ode.nonstiff$GraggBulirschStoerIntegrator#addEventHandler(org.apache.commons.math3.ode.events.EventHandler,double,double,int,org.apache.commons.math3.analysis.solvers.UnivariateSolver):354;0.0
org.apache.commons.math3.ode.nonstiff$GraggBulirschStoerIntegrator#initializeArrays():365;0.0
org.apache.commons.math3.ode.nonstiff$GraggBulirschStoerIntegrator#setInterpolationControl(boolean,int):412;0.0
org.apache.commons.math3.ode.nonstiff$GraggBulirschStoerIntegrator#rescale(double[],double[],double[]):428;0.0
org.apache.commons.math3.ode.nonstiff$GraggBulirschStoerIntegrator#tryStep(double,double[],double,int,double[],double[][],double[],double[],double[]):464;0.0
org.apache.commons.math3.ode.nonstiff$GraggBulirschStoerIntegrator#extrapolate(int,int,double[][],double[]):532;0.0
org.apache.commons.math3.ode.nonstiff$GraggBulirschStoerIntegrator#integrate(org.apache.commons.math3.ode.ExpandableStatefulODE,double):553;0.0
org.apache.commons.math3.ode.sampling$StepNormalizer#StepNormalizer(double,org.apache.commons.math3.ode.sampling.FixedStepHandler):127;0.0
org.apache.commons.math3.ode.sampling$StepNormalizer#StepNormalizer(double,org.apache.commons.math3.ode.sampling.FixedStepHandler,org.apache.commons.math3.ode.sampling.StepNormalizerMode):140;0.0
org.apache.commons.math3.ode.sampling$StepNormalizer#StepNormalizer(double,org.apache.commons.math3.ode.sampling.FixedStepHandler,org.apache.commons.math3.ode.sampling.StepNormalizerBounds):152;0.0
org.apache.commons.math3.ode.sampling$StepNormalizer#StepNormalizer(double,org.apache.commons.math3.ode.sampling.FixedStepHandler,org.apache.commons.math3.ode.sampling.StepNormalizerMode,org.apache.commons.math3.ode.sampling.StepNormalizerBounds):164;0.0
org.apache.commons.math3.ode.sampling$StepNormalizer#init(double,double[],double):179;0.0
org.apache.commons.math3.ode.sampling$StepNormalizer#handleStep(org.apache.commons.math3.ode.sampling.StepInterpolator,boolean):206;0.0
org.apache.commons.math3.ode.sampling$StepNormalizer#isNextInStep(double,org.apache.commons.math3.ode.sampling.StepInterpolator):268;0.0
org.apache.commons.math3.ode.sampling$StepNormalizer#doNormalizedStep(boolean):278;0.0
org.apache.commons.math3.ode.sampling$StepNormalizer#storeStep(org.apache.commons.math3.ode.sampling.StepInterpolator,double):294;0.0
org.apache.commons.math3.ode.nonstiff$GraggBulirschStoerStepInterpolator#GraggBulirschStoerStepInterpolator():111;0.0
org.apache.commons.math3.ode.nonstiff$GraggBulirschStoerStepInterpolator#GraggBulirschStoerStepInterpolator(double[],double[],double[],double[],double[][],boolean,org.apache.commons.math3.ode.EquationsMapper,org.apache.commons.math3.ode.EquationsMapper[]):140;0.0
org.apache.commons.math3.ode.nonstiff$GraggBulirschStoerStepInterpolator#GraggBulirschStoerStepInterpolator(org.apache.commons.math3.ode.nonstiff.GraggBulirschStoerStepInterpolator):158;0.0
org.apache.commons.math3.ode.nonstiff$GraggBulirschStoerStepInterpolator#resetTables(int):192;0.0
org.apache.commons.math3.ode.nonstiff$GraggBulirschStoerStepInterpolator#doCopy():235;0.0
org.apache.commons.math3.ode.nonstiff$GraggBulirschStoerStepInterpolator#computeCoefficients(int,double):245;0.0
org.apache.commons.math3.ode.nonstiff$GraggBulirschStoerStepInterpolator#estimateError(double[]):303;0.0
org.apache.commons.math3.ode.nonstiff$GraggBulirschStoerStepInterpolator#computeInterpolatedStateAndDerivatives(double,double):319;0.0
org.apache.commons.math3.ode.nonstiff$GraggBulirschStoerStepInterpolator#writeExternal(java.io.ObjectOutput):366;0.0
org.apache.commons.math3.ode.nonstiff$GraggBulirschStoerStepInterpolator#readExternal(java.io.ObjectInput):387;0.0
org.apache.commons.math3.ode.nonstiff$DormandPrince54Integrator#DormandPrince54Integrator(double,double,double,double):108;0.0
org.apache.commons.math3.ode.nonstiff$DormandPrince54Integrator#DormandPrince54Integrator(double,double,double[],double[]):126;0.0
org.apache.commons.math3.ode.nonstiff$DormandPrince54Integrator#getOrder():133;0.0
org.apache.commons.math3.ode.nonstiff$DormandPrince54Integrator#estimateError(double[][],double[],double[],double):142;0.0
org.apache.commons.math3.ode.nonstiff$DormandPrince54StepInterpolator#DormandPrince54StepInterpolator():102;0.0
org.apache.commons.math3.ode.nonstiff$DormandPrince54StepInterpolator#DormandPrince54StepInterpolator(org.apache.commons.math3.ode.nonstiff.DormandPrince54StepInterpolator):117;0.0
org.apache.commons.math3.ode.nonstiff$DormandPrince54StepInterpolator#doCopy():142;0.0
org.apache.commons.math3.ode.nonstiff$DormandPrince54StepInterpolator#reinitialize(org.apache.commons.math3.ode.AbstractIntegrator,double[],double[][],boolean,org.apache.commons.math3.ode.EquationsMapper,org.apache.commons.math3.ode.EquationsMapper[]):152;0.0
org.apache.commons.math3.ode.nonstiff$DormandPrince54StepInterpolator#storeTime(double):163;0.0
org.apache.commons.math3.ode.nonstiff$DormandPrince54StepInterpolator#computeInterpolatedStateAndDerivatives(double,double):172;0.0
org.apache.commons.math3.ode.nonstiff$AdamsMoultonIntegrator#AdamsMoultonIntegrator(int,double,double,double,double):182;0.0
org.apache.commons.math3.ode.nonstiff$AdamsMoultonIntegrator#AdamsMoultonIntegrator(int,double,double,double[],double[]):204;0.0
org.apache.commons.math3.ode.nonstiff$AdamsMoultonIntegrator#integrate(org.apache.commons.math3.ode.ExpandableStatefulODE,double):215;0.0
org.apache.commons.math3.ode.nonstiff$AdamsMoultonIntegrator$Corrector#AdamsMoultonIntegrator$Corrector(org.apache.commons.math3.ode.nonstiff.AdamsMoultonIntegrator,double[],double[],double[]):371;0.0
org.apache.commons.math3.ode.nonstiff$AdamsMoultonIntegrator$Corrector#start(int,int,int,int,int,int):381;0.0
org.apache.commons.math3.ode.nonstiff$AdamsMoultonIntegrator$Corrector#visit(int,int,double):386;0.0
org.apache.commons.math3.ode.nonstiff$AdamsMoultonIntegrator$Corrector#end():404;0.0
org.apache.commons.math3.ode.nonstiff$GillIntegrator#GillIntegrator(double):71;0.0
org.apache.commons.math3.ode.nonstiff$GillStepInterpolator#GillStepInterpolator():79;0.0
org.apache.commons.math3.ode.nonstiff$GillStepInterpolator#GillStepInterpolator(org.apache.commons.math3.ode.nonstiff.GillStepInterpolator):88;0.0
org.apache.commons.math3.ode.nonstiff$GillStepInterpolator#doCopy():94;0.0
org.apache.commons.math3.ode.nonstiff$GillStepInterpolator#computeInterpolatedStateAndDerivatives(double,double):103;0.0
org.apache.commons.math3.ode.events$EventState#EventState(org.apache.commons.math3.ode.events.EventHandler,double,double,int,org.apache.commons.math3.analysis.solvers.UnivariateSolver):107;0.0
org.apache.commons.math3.ode.events$EventState#getEventHandler():131;0.0
org.apache.commons.math3.ode.events$EventState#setExpandable(org.apache.commons.math3.ode.ExpandableStatefulODE):138;0.0
org.apache.commons.math3.ode.events$EventState#getMaxCheckInterval():145;0.0
org.apache.commons.math3.ode.events$EventState#getConvergence():152;0.0
org.apache.commons.math3.ode.events$EventState#getMaxIterationCount():159;0.0
org.apache.commons.math3.ode.events$EventState#reinitializeBegin(org.apache.commons.math3.ode.sampling.StepInterpolator):170;0.0
org.apache.commons.math3.ode.events$EventState#getCompleteState(org.apache.commons.math3.ode.sampling.StepInterpolator):203;0.0
org.apache.commons.math3.ode.events$EventState#evaluateStep(org.apache.commons.math3.ode.sampling.StepInterpolator):229;0.0
org.apache.commons.math3.ode.events$EventState#getEventTime():332;0.0
org.apache.commons.math3.ode.events$EventState#stepAccepted(double,double[]):345;0.0
org.apache.commons.math3.ode.events$EventState#stop():364;0.0
org.apache.commons.math3.ode.events$EventState#reset(double,double[]):376;0.0
org.apache.commons.math3.ode.events$EventHandler$Action#EventHandler$Action(java.lang.String,int):54;0.0
org.apache.commons.math3.ode.events$EventState$1#value(double):242;0.0
org.apache.commons.math3.ode.nonstiff$ThreeEighthesIntegrator#ThreeEighthesIntegrator(double):69;0.0
org.apache.commons.math3.ode.nonstiff$ThreeEighthesStepInterpolator#ThreeEighthesStepInterpolator():75;0.0
org.apache.commons.math3.ode.nonstiff$ThreeEighthesStepInterpolator#ThreeEighthesStepInterpolator(org.apache.commons.math3.ode.nonstiff.ThreeEighthesStepInterpolator):84;0.0
org.apache.commons.math3.ode.nonstiff$ThreeEighthesStepInterpolator#doCopy():90;0.0
org.apache.commons.math3.ode.nonstiff$ThreeEighthesStepInterpolator#computeInterpolatedStateAndDerivatives(double,double):99;0.0
org.apache.commons.math3.ode.nonstiff$MidpointIntegrator#MidpointIntegrator(double):65;0.0
org.apache.commons.math3.ode.nonstiff$MidpointStepInterpolator#MidpointStepInterpolator():65;0.0
org.apache.commons.math3.ode.nonstiff$MidpointStepInterpolator#MidpointStepInterpolator(org.apache.commons.math3.ode.nonstiff.MidpointStepInterpolator):74;0.0
org.apache.commons.math3.ode.nonstiff$MidpointStepInterpolator#doCopy():80;0.0
org.apache.commons.math3.ode.nonstiff$MidpointStepInterpolator#computeInterpolatedStateAndDerivatives(double,double):89;0.0
org.apache.commons.math3.ode.nonstiff$HighamHall54Integrator#HighamHall54Integrator(double,double,double,double):81;0.0
org.apache.commons.math3.ode.nonstiff$HighamHall54Integrator#HighamHall54Integrator(double,double,double[],double[]):99;0.0
org.apache.commons.math3.ode.nonstiff$HighamHall54Integrator#getOrder():106;0.0
org.apache.commons.math3.ode.nonstiff$HighamHall54Integrator#estimateError(double[][],double[],double[],double):115;0.0
org.apache.commons.math3.ode.nonstiff$HighamHall54StepInterpolator#HighamHall54StepInterpolator():50;0.0
org.apache.commons.math3.ode.nonstiff$HighamHall54StepInterpolator#HighamHall54StepInterpolator(org.apache.commons.math3.ode.nonstiff.HighamHall54StepInterpolator):59;0.0
org.apache.commons.math3.ode.nonstiff$HighamHall54StepInterpolator#doCopy():65;0.0
org.apache.commons.math3.ode.nonstiff$HighamHall54StepInterpolator#computeInterpolatedStateAndDerivatives(double,double):74;0.0
org.apache.commons.math3.ode.nonstiff$EulerStepInterpolator#EulerStepInterpolator():63;0.0
org.apache.commons.math3.ode.nonstiff$EulerStepInterpolator#EulerStepInterpolator(org.apache.commons.math3.ode.nonstiff.EulerStepInterpolator):72;0.0
org.apache.commons.math3.ode.nonstiff$EulerStepInterpolator#doCopy():78;0.0
org.apache.commons.math3.ode.nonstiff$EulerStepInterpolator#computeInterpolatedStateAndDerivatives(double,double):86;0.0
org.apache.commons.math3.ode.nonstiff$EulerIntegrator#EulerIntegrator(double):69;0.0
org.apache.commons.math3.ode$ExpandableStatefulODE$SecondaryComponent#ExpandableStatefulODE$SecondaryComponent(org.apache.commons.math3.ode.SecondaryEquations,int):321;0.0
org.apache.commons.math3.ode.events$EventFilter#EventFilter(org.apache.commons.math3.ode.events.EventHandler,org.apache.commons.math3.ode.events.FilterType):83;0.0
org.apache.commons.math3.ode.events$EventFilter#init(double,double[],double):94;0.0
org.apache.commons.math3.ode.events$EventFilter#g(double,double[]):107;0.0
org.apache.commons.math3.ode.events$EventFilter#eventOccurred(double,double[],boolean):196;0.0
org.apache.commons.math3.ode.events$EventFilter#resetState(double,double[]):202;0.0
org.apache.commons.math3.ode.events$FilterType#FilterType(java.lang.String,int):28;0.0
org.apache.commons.math3.ode.events$FilterType$1#getTriggeredIncreasing():41;0.0
org.apache.commons.math3.ode.events$FilterType$1#selectTransformer(org.apache.commons.math3.ode.events.Transformer,double,boolean):93;0.0
org.apache.commons.math3.ode.events$FilterType$2#getTriggeredIncreasing():219;0.0
org.apache.commons.math3.ode.events$FilterType$2#selectTransformer(org.apache.commons.math3.ode.events.Transformer,double,boolean):271;0.0
org.apache.commons.math3.ode.events$Transformer#Transformer(java.lang.String,int):30;0.0
org.apache.commons.math3.ode.events$Transformer$1#transformed(double):42;0.0
org.apache.commons.math3.ode.events$Transformer$2#transformed(double):56;0.0
org.apache.commons.math3.ode.events$Transformer$3#transformed(double):70;0.0
org.apache.commons.math3.ode.events$Transformer$4#transformed(double):84;0.0
org.apache.commons.math3.ode.events$Transformer$5#transformed(double):98;0.0
org.apache.commons.math3.ode$AbstractParameterizable#AbstractParameterizable(java.lang.String[]):36;0.0
org.apache.commons.math3.ode$AbstractParameterizable#AbstractParameterizable(java.util.Collection):46;0.0
org.apache.commons.math3.ode$AbstractParameterizable#getParametersNames():53;0.0
org.apache.commons.math3.ode$AbstractParameterizable#isSupported(java.lang.String):58;0.0
org.apache.commons.math3.ode$AbstractParameterizable#complainIfNotSupported(java.lang.String):73;0.0
org.apache.commons.math3.ode$JacobianMatrices#JacobianMatrices(org.apache.commons.math3.ode.FirstOrderDifferentialEquations,double[],java.lang.String[]):107;0.0
org.apache.commons.math3.ode$JacobianMatrices#JacobianMatrices(org.apache.commons.math3.ode.MainStateJacobianProvider,java.lang.String[]):123;0.0
org.apache.commons.math3.ode$JacobianMatrices#registerVariationalEquations(org.apache.commons.math3.ode.ExpandableStatefulODE):168;0.0
org.apache.commons.math3.ode$JacobianMatrices#addParameterJacobianProvider(org.apache.commons.math3.ode.ParameterJacobianProvider):185;0.0
org.apache.commons.math3.ode$JacobianMatrices#setParameterizedODE(org.apache.commons.math3.ode.ParameterizedODE):192;0.0
org.apache.commons.math3.ode$JacobianMatrices#setParameterStep(java.lang.String,double):216;0.0
org.apache.commons.math3.ode$JacobianMatrices#setInitialMainStateJacobian(double[][]):240;0.0
org.apache.commons.math3.ode$JacobianMatrices#setInitialParameterJacobian(java.lang.String,double[]):270;0.0
org.apache.commons.math3.ode$JacobianMatrices#getCurrentMainSetJacobian(double[][]):295;0.0
org.apache.commons.math3.ode$JacobianMatrices#getCurrentParameterJacobian(java.lang.String,double[]):312;0.0
org.apache.commons.math3.ode$JacobianMatrices#checkDimension(int,java.lang.Object):332;0.0
org.apache.commons.math3.ode$ParameterConfiguration#ParameterConfiguration(java.lang.String,double):42;0.0
org.apache.commons.math3.ode$ParameterConfiguration#getParameterName():51;0.0
org.apache.commons.math3.ode$ParameterConfiguration#getHP():58;0.0
org.apache.commons.math3.ode$ParameterConfiguration#setHP(double):65;0.0
org.apache.commons.math3.ode$JacobianMatrices$JacobiansSecondaryEquations#JacobianMatrices$JacobiansSecondaryEquations(org.apache.commons.math3.ode.JacobianMatrices):344;0.0
org.apache.commons.math3.ode$JacobianMatrices$JacobiansSecondaryEquations#getDimension():348;0.0
org.apache.commons.math3.ode$JacobianMatrices$JacobiansSecondaryEquations#computeDerivatives(double,double[],double[],double[],double[]):357;0.0
org.apache.commons.math3.ode$JacobianMatrices$MainStateJacobianWrapper#JacobianMatrices$MainStateJacobianWrapper(org.apache.commons.math3.ode.FirstOrderDifferentialEquations,double[]):438;0.0
org.apache.commons.math3.ode$JacobianMatrices$MainStateJacobianWrapper#getDimension():448;0.0
org.apache.commons.math3.ode$JacobianMatrices$MainStateJacobianWrapper#computeDerivatives(double,double[],double[]):454;0.0
org.apache.commons.math3.ode$JacobianMatrices$MainStateJacobianWrapper#computeMainStateJacobian(double,double[],double[],double[][]):461;0.0
org.apache.commons.math3.ode$ParameterJacobianWrapper#ParameterJacobianWrapper(org.apache.commons.math3.ode.FirstOrderDifferentialEquations,org.apache.commons.math3.ode.ParameterizedODE,org.apache.commons.math3.ode.ParameterConfiguration[]):52;0.0
org.apache.commons.math3.ode$ParameterJacobianWrapper#getParametersNames():68;0.0
org.apache.commons.math3.ode$ParameterJacobianWrapper#isSupported(java.lang.String):73;0.0
org.apache.commons.math3.ode$ParameterJacobianWrapper#computeParameterJacobian(double,double[],double[],java.lang.String,double[]):81;0.0
org.apache.commons.math3.stat.ranking$NaturalRanking#NaturalRanking():92;0.0
org.apache.commons.math3.stat.ranking$NaturalRanking#NaturalRanking(org.apache.commons.math3.stat.ranking.TiesStrategy):104;0.0
org.apache.commons.math3.stat.ranking$NaturalRanking#NaturalRanking(org.apache.commons.math3.stat.ranking.NaNStrategy):116;0.0
org.apache.commons.math3.stat.ranking$NaturalRanking#NaturalRanking(org.apache.commons.math3.stat.ranking.NaNStrategy,org.apache.commons.math3.stat.ranking.TiesStrategy):129;0.0
org.apache.commons.math3.stat.ranking$NaturalRanking#NaturalRanking(org.apache.commons.math3.random.RandomGenerator):142;0.0
org.apache.commons.math3.stat.ranking$NaturalRanking#NaturalRanking(org.apache.commons.math3.stat.ranking.NaNStrategy,org.apache.commons.math3.random.RandomGenerator):158;0.0
org.apache.commons.math3.stat.ranking$NaturalRanking#getNanStrategy():170;0.0
org.apache.commons.math3.stat.ranking$NaturalRanking#getTiesStrategy():179;0.0
org.apache.commons.math3.stat.ranking$NaturalRanking#rank(double[]):195;0.0
org.apache.commons.math3.stat.ranking$NaturalRanking#removeNaNs(org.apache.commons.math3.stat.ranking.NaturalRanking$IntDoublePair[]):267;0.0
org.apache.commons.math3.stat.ranking$NaturalRanking#recodeNaNs(org.apache.commons.math3.stat.ranking.NaturalRanking$IntDoublePair[],double):297;0.0
org.apache.commons.math3.stat.ranking$NaturalRanking#containsNaNs(org.apache.commons.math3.stat.ranking.NaturalRanking$IntDoublePair[]):312;0.0
org.apache.commons.math3.stat.ranking$NaturalRanking#resolveTie(double[],java.util.List):337;0.0
org.apache.commons.math3.stat.ranking$NaturalRanking#fill(double[],java.util.List,double):383;0.0
org.apache.commons.math3.stat.ranking$NaturalRanking#restoreNaNs(double[],java.util.List):396;0.0
org.apache.commons.math3.stat.ranking$NaturalRanking#getNanPositions(org.apache.commons.math3.stat.ranking.NaturalRanking$IntDoublePair[]):413;0.0
org.apache.commons.math3.stat.ranking$NaNStrategy#NaNStrategy(java.lang.String,int):38;0.0
org.apache.commons.math3.stat.ranking$TiesStrategy#TiesStrategy(java.lang.String,int):39;0.0
org.apache.commons.math3.stat.ranking$NaturalRanking$IntDoublePair#NaturalRanking$IntDoublePair(double,int):441;0.0
org.apache.commons.math3.stat.ranking$NaturalRanking$IntDoublePair#compareTo(org.apache.commons.math3.stat.ranking.NaturalRanking$IntDoublePair):454;0.0
org.apache.commons.math3.stat.ranking$NaturalRanking$IntDoublePair#getValue():464;0.0
org.apache.commons.math3.stat.ranking$NaturalRanking$IntDoublePair#getPosition():472;0.0
org.apache.commons.math3.stat.correlation$StorelessCovariance#StorelessCovariance(int):57;0.0
org.apache.commons.math3.stat.correlation$StorelessCovariance#StorelessCovariance(int,boolean):69;0.0
org.apache.commons.math3.stat.correlation$StorelessCovariance#initializeMatrix(boolean):82;0.0
org.apache.commons.math3.stat.correlation$StorelessCovariance#indexOf(int,int):99;0.0
org.apache.commons.math3.stat.correlation$StorelessCovariance#getElement(int,int):109;0.0
org.apache.commons.math3.stat.correlation$StorelessCovariance#setElement(int,int,org.apache.commons.math3.stat.correlation.StorelessBivariateCovariance):120;0.0
org.apache.commons.math3.stat.correlation$StorelessCovariance#getCovariance(int,int):136;0.0
org.apache.commons.math3.stat.correlation$StorelessCovariance#increment(double[]):150;0.0
org.apache.commons.math3.stat.correlation$StorelessCovariance#append(org.apache.commons.math3.stat.correlation.StorelessCovariance):175;0.0
org.apache.commons.math3.stat.correlation$StorelessCovariance#getCovarianceMatrix():195;0.0
org.apache.commons.math3.stat.correlation$StorelessCovariance#getData():206;0.0
org.apache.commons.math3.stat.correlation$StorelessCovariance#getN():227;0.0
org.apache.commons.math3.stat.correlation$StorelessBivariateCovariance#StorelessBivariateCovariance():61;0.0
org.apache.commons.math3.stat.correlation$StorelessBivariateCovariance#StorelessBivariateCovariance(boolean):71;0.0
org.apache.commons.math3.stat.correlation$StorelessBivariateCovariance#increment(double,double):85;0.0
org.apache.commons.math3.stat.correlation$StorelessBivariateCovariance#append(org.apache.commons.math3.stat.correlation.StorelessBivariateCovariance):102;0.0
org.apache.commons.math3.stat.correlation$StorelessBivariateCovariance#getN():117;0.0
org.apache.commons.math3.stat.correlation$StorelessBivariateCovariance#getResult():128;0.0
org.apache.commons.math3.random$ISAACRandom#ISAACRandom():83;0.0
org.apache.commons.math3.random$ISAACRandom#ISAACRandom(long):92;0.0
org.apache.commons.math3.random$ISAACRandom#ISAACRandom(int[]):102;0.0
org.apache.commons.math3.random$ISAACRandom#setSeed(int):109;0.0
org.apache.commons.math3.random$ISAACRandom#setSeed(long):115;0.0
org.apache.commons.math3.random$ISAACRandom#setSeed(int[]):121;0.0
org.apache.commons.math3.random$ISAACRandom#next(int):140;0.0
org.apache.commons.math3.random$ISAACRandom#isaac():149;0.0
org.apache.commons.math3.random$ISAACRandom#isaac2():163;0.0
org.apache.commons.math3.random$ISAACRandom#isaac3():183;0.0
org.apache.commons.math3.random$ISAACRandom#initState():190;0.0
org.apache.commons.math3.random$ISAACRandom#shuffle():232;0.0
org.apache.commons.math3.random$ISAACRandom#setState(int):263;0.0
org.apache.commons.math3.stat.correlation$SpearmansCorrelation#SpearmansCorrelation():61;0.0
org.apache.commons.math3.stat.correlation$SpearmansCorrelation#SpearmansCorrelation(org.apache.commons.math3.stat.ranking.RankingAlgorithm):73;0.0
org.apache.commons.math3.stat.correlation$SpearmansCorrelation#SpearmansCorrelation(org.apache.commons.math3.linear.RealMatrix):86;0.0
org.apache.commons.math3.stat.correlation$SpearmansCorrelation#SpearmansCorrelation(org.apache.commons.math3.linear.RealMatrix,org.apache.commons.math3.stat.ranking.RankingAlgorithm):100;0.0
org.apache.commons.math3.stat.correlation$SpearmansCorrelation#getCorrelationMatrix():112;0.0
org.apache.commons.math3.stat.correlation$SpearmansCorrelation#getRankCorrelation():128;0.0
org.apache.commons.math3.stat.correlation$SpearmansCorrelation#computeCorrelationMatrix(org.apache.commons.math3.linear.RealMatrix):139;0.0
org.apache.commons.math3.stat.correlation$SpearmansCorrelation#computeCorrelationMatrix(double[][]):152;0.0
org.apache.commons.math3.stat.correlation$SpearmansCorrelation#correlation(double[],double[]):165;0.0
org.apache.commons.math3.stat.correlation$SpearmansCorrelation#rankTransform(org.apache.commons.math3.linear.RealMatrix):195;0.0
org.apache.commons.math3.stat.correlation$SpearmansCorrelation#getNaNPositions(double[]):232;0.0
org.apache.commons.math3.stat.correlation$SpearmansCorrelation#removeValues(double[],java.util.Set):249;0.0
org.apache.commons.math3.stat.correlation$PearsonsCorrelation#PearsonsCorrelation():56;0.0
org.apache.commons.math3.stat.correlation$PearsonsCorrelation#PearsonsCorrelation(double[][]):70;0.0
org.apache.commons.math3.stat.correlation$PearsonsCorrelation#PearsonsCorrelation(org.apache.commons.math3.linear.RealMatrix):79;0.0
org.apache.commons.math3.stat.correlation$PearsonsCorrelation#PearsonsCorrelation(org.apache.commons.math3.stat.correlation.Covariance):93;0.0
org.apache.commons.math3.stat.correlation$PearsonsCorrelation#PearsonsCorrelation(org.apache.commons.math3.linear.RealMatrix,int):110;0.0
org.apache.commons.math3.stat.correlation$PearsonsCorrelation#getCorrelationMatrix():122;0.0
org.apache.commons.math3.stat.correlation$PearsonsCorrelation#getCorrelationStandardErrors():138;0.0
org.apache.commons.math3.stat.correlation$PearsonsCorrelation#getCorrelationPValues():164;0.0
org.apache.commons.math3.stat.correlation$PearsonsCorrelation#computeCorrelationMatrix(org.apache.commons.math3.linear.RealMatrix):190;0.0
org.apache.commons.math3.stat.correlation$PearsonsCorrelation#computeCorrelationMatrix(double[][]):212;0.0
org.apache.commons.math3.stat.correlation$PearsonsCorrelation#correlation(double[],double[]):228;0.0
org.apache.commons.math3.stat.correlation$PearsonsCorrelation#covarianceToCorrelation(org.apache.commons.math3.linear.RealMatrix):254;0.0
org.apache.commons.math3.stat.correlation$PearsonsCorrelation#checkSufficientData(org.apache.commons.math3.linear.RealMatrix):277;0.0
org.apache.commons.math3.stat.clustering$EuclideanIntegerPoint#EuclideanIntegerPoint(int[]):47;0.0
org.apache.commons.math3.stat.clustering$EuclideanIntegerPoint#getPoint():56;0.0
org.apache.commons.math3.stat.clustering$EuclideanIntegerPoint#distanceFrom(org.apache.commons.math3.stat.clustering.EuclideanIntegerPoint):61;0.0
org.apache.commons.math3.stat.clustering$EuclideanIntegerPoint#centroidOf(java.util.Collection):66;0.0
org.apache.commons.math3.stat.clustering$EuclideanIntegerPoint#equals(java.lang.Object):81;0.0
org.apache.commons.math3.stat.clustering$EuclideanIntegerPoint#hashCode():90;0.0
org.apache.commons.math3.stat.clustering$EuclideanIntegerPoint#toString():99;0.0
org.apache.commons.math3.stat.clustering$EuclideanDoublePoint#EuclideanDoublePoint(double[]):48;0.0
org.apache.commons.math3.stat.clustering$EuclideanDoublePoint#centroidOf(java.util.Collection):54;0.0
org.apache.commons.math3.stat.clustering$EuclideanDoublePoint#distanceFrom(org.apache.commons.math3.stat.clustering.EuclideanDoublePoint):68;0.0
org.apache.commons.math3.stat.clustering$EuclideanDoublePoint#equals(java.lang.Object):74;0.0
org.apache.commons.math3.stat.clustering$EuclideanDoublePoint#getPoint():86;0.0
org.apache.commons.math3.stat.clustering$EuclideanDoublePoint#hashCode():92;0.0
org.apache.commons.math3.stat.clustering$EuclideanDoublePoint#toString():98;0.0
org.apache.commons.math3.stat.clustering$KMeansPlusPlusClusterer#KMeansPlusPlusClusterer(java.util.Random):76;0.0
org.apache.commons.math3.stat.clustering$KMeansPlusPlusClusterer#KMeansPlusPlusClusterer(java.util.Random,org.apache.commons.math3.stat.clustering.KMeansPlusPlusClusterer$EmptyClusterStrategy):85;0.0
org.apache.commons.math3.stat.clustering$KMeansPlusPlusClusterer#cluster(java.util.Collection,int,int,int):109;0.0
org.apache.commons.math3.stat.clustering$KMeansPlusPlusClusterer#cluster(java.util.Collection,int,int):165;0.0
org.apache.commons.math3.stat.clustering$KMeansPlusPlusClusterer#assignPointsToClusters(java.util.List,java.util.Collection,int[]):231;0.0
org.apache.commons.math3.stat.clustering$KMeansPlusPlusClusterer#chooseInitialCenters(java.util.Collection,int,java.util.Random):261;0.0
org.apache.commons.math3.stat.clustering$KMeansPlusPlusClusterer#getPointFromLargestVarianceCluster(java.util.Collection):386;0.0
org.apache.commons.math3.stat.clustering$KMeansPlusPlusClusterer#getPointFromLargestNumberCluster(java.util.Collection):428;0.0
org.apache.commons.math3.stat.clustering$KMeansPlusPlusClusterer#getFarthestPoint(java.util.Collection):463;0.0
org.apache.commons.math3.stat.clustering$KMeansPlusPlusClusterer#getNearestCluster(java.util.Collection,org.apache.commons.math3.stat.clustering.Clusterable):501;0.0
org.apache.commons.math3.stat.clustering$KMeansPlusPlusClusterer$EmptyClusterStrategy#KMeansPlusPlusClusterer$EmptyClusterStrategy(java.lang.String,int):46;0.0
org.apache.commons.math3.stat.clustering$Cluster#Cluster(org.apache.commons.math3.stat.clustering.Clusterable):48;0.0
org.apache.commons.math3.stat.clustering$Cluster#addPoint(org.apache.commons.math3.stat.clustering.Clusterable):58;0.0
org.apache.commons.math3.stat.clustering$Cluster#getPoints():66;0.0
org.apache.commons.math3.stat.clustering$Cluster#getCenter():74;0.0
org.apache.commons.math3.stat.clustering$DBSCANClusterer#DBSCANClusterer(double,int):88;0.0
org.apache.commons.math3.stat.clustering$DBSCANClusterer#getEps():105;0.0
org.apache.commons.math3.stat.clustering$DBSCANClusterer#getMinPts():114;0.0
org.apache.commons.math3.stat.clustering$DBSCANClusterer#cluster(java.util.Collection):131;0.0
org.apache.commons.math3.stat.clustering$DBSCANClusterer#expandCluster(org.apache.commons.math3.stat.clustering.Cluster,org.apache.commons.math3.stat.clustering.Clusterable,java.util.List,java.util.Collection,java.util.Map):168;0.0
org.apache.commons.math3.stat.clustering$DBSCANClusterer#getNeighbors(org.apache.commons.math3.stat.clustering.Clusterable,java.util.Collection):202;0.0
org.apache.commons.math3.stat.clustering$DBSCANClusterer#merge(java.util.List,java.util.List):219;0.0
org.apache.commons.math3.stat.clustering$DBSCANClusterer$PointStatus#DBSCANClusterer$PointStatus(java.lang.String,int):73;0.0
org.apache.commons.math3.stat$Frequency#Frequency():73;0.0
org.apache.commons.math3.stat$Frequency#Frequency(java.util.Comparator):83;0.0
org.apache.commons.math3.stat$Frequency#toString():95;0.0
org.apache.commons.math3.stat$Frequency#addValue(java.lang.Comparable):124;0.0
org.apache.commons.math3.stat$Frequency#incrementValue(java.lang.Comparable,long):140;0.0
org.apache.commons.math3.stat$Frequency#addValue(int):167;0.0
org.apache.commons.math3.stat$Frequency#addValue(long):178;0.0
org.apache.commons.math3.stat$Frequency#addValue(char):189;0.0
org.apache.commons.math3.stat$Frequency#clear():194;0.0
org.apache.commons.math3.stat$Frequency#valuesIterator():207;0.0
org.apache.commons.math3.stat$Frequency#entrySetIterator():224;0.0
org.apache.commons.math3.stat$Frequency#getSumFreq():235;0.0
org.apache.commons.math3.stat$Frequency#getCount(java.lang.Comparable):251;0.0
org.apache.commons.math3.stat$Frequency#getCount(int):273;0.0
org.apache.commons.math3.stat$Frequency#getCount(long):283;0.0
org.apache.commons.math3.stat$Frequency#getCount(char):293;0.0
org.apache.commons.math3.stat$Frequency#getUniqueCount():303;0.0
org.apache.commons.math3.stat$Frequency#getPct(java.lang.Comparable):318;0.0
org.apache.commons.math3.stat$Frequency#getPct(int):333;0.0
org.apache.commons.math3.stat$Frequency#getPct(long):344;0.0
org.apache.commons.math3.stat$Frequency#getPct(char):355;0.0
org.apache.commons.math3.stat$Frequency#getCumFreq(java.lang.Comparable):370;0.0
org.apache.commons.math3.stat$Frequency#getCumFreq(int):420;0.0
org.apache.commons.math3.stat$Frequency#getCumFreq(long):432;0.0
org.apache.commons.math3.stat$Frequency#getCumFreq(char):444;0.0
org.apache.commons.math3.stat$Frequency#getCumPct(java.lang.Comparable):461;0.0
org.apache.commons.math3.stat$Frequency#getCumPct(int):478;0.0
org.apache.commons.math3.stat$Frequency#getCumPct(long):491;0.0
org.apache.commons.math3.stat$Frequency#getCumPct(char):504;0.0
org.apache.commons.math3.stat$Frequency#getMode():514;0.0
org.apache.commons.math3.stat$Frequency#merge(org.apache.commons.math3.stat.Frequency):546;0.0
org.apache.commons.math3.stat$Frequency#merge(java.util.Collection):565;0.0
org.apache.commons.math3.stat$Frequency#hashCode():605;0.0
org.apache.commons.math3.stat$Frequency#equals(java.lang.Object):615;0.0
org.apache.commons.math3.stat.inference$MannWhitneyUTest#MannWhitneyUTest():44;0.0
org.apache.commons.math3.stat.inference$MannWhitneyUTest#MannWhitneyUTest(org.apache.commons.math3.stat.ranking.NaNStrategy,org.apache.commons.math3.stat.ranking.TiesStrategy):59;0.0
org.apache.commons.math3.stat.inference$MannWhitneyUTest#ensureDataConformance(double[],double[]):74;0.0
org.apache.commons.math3.stat.inference$MannWhitneyUTest#concatenateSamples(double[],double[]):90;0.0
org.apache.commons.math3.stat.inference$MannWhitneyUTest#mannWhitneyU(double[],double[]):129;0.0
org.apache.commons.math3.stat.inference$MannWhitneyUTest#calculateAsymptoticPValue(double,int,int):176;0.0
org.apache.commons.math3.stat.inference$MannWhitneyUTest#mannWhitneyUTest(double[],double[]):226;0.0
org.apache.commons.math3.stat.inference$TTest#TTest():59;0.0
org.apache.commons.math3.stat.inference$TTest#pairedT(double[],double[]):85;0.0
org.apache.commons.math3.stat.inference$TTest#pairedTTest(double[],double[]):134;0.0
org.apache.commons.math3.stat.inference$TTest#pairedTTest(double[],double[],double):182;0.0
org.apache.commons.math3.stat.inference$TTest#t(double,double[]):206;0.0
org.apache.commons.math3.stat.inference$TTest#t(double,org.apache.commons.math3.stat.descriptive.StatisticalSummary):233;0.0
org.apache.commons.math3.stat.inference$TTest#homoscedasticT(double[],double[]):276;0.0
org.apache.commons.math3.stat.inference$TTest#t(double[],double[]):317;0.0
org.apache.commons.math3.stat.inference$TTest#t(org.apache.commons.math3.stat.descriptive.StatisticalSummary,org.apache.commons.math3.stat.descriptive.StatisticalSummary):362;0.0
org.apache.commons.math3.stat.inference$TTest#homoscedasticT(org.apache.commons.math3.stat.descriptive.StatisticalSummary,org.apache.commons.math3.stat.descriptive.StatisticalSummary):410;0.0
org.apache.commons.math3.stat.inference$TTest#tTest(double,double[]):449;0.0
org.apache.commons.math3.stat.inference$TTest#tTest(double,double[],double):497;0.0
org.apache.commons.math3.stat.inference$TTest#tTest(double,org.apache.commons.math3.stat.descriptive.StatisticalSummary):535;0.0
org.apache.commons.math3.stat.inference$TTest#tTest(double,org.apache.commons.math3.stat.descriptive.StatisticalSummary,double):584;0.0
org.apache.commons.math3.stat.inference$TTest#tTest(double[],double[]):630;0.0
org.apache.commons.math3.stat.inference$TTest#homoscedasticTTest(double[],double[]):677;0.0
org.apache.commons.math3.stat.inference$TTest#tTest(double[],double[],double):745;0.0
org.apache.commons.math3.stat.inference$TTest#homoscedasticTTest(double[],double[],double):808;0.0
org.apache.commons.math3.stat.inference$TTest#tTest(org.apache.commons.math3.stat.descriptive.StatisticalSummary,org.apache.commons.math3.stat.descriptive.StatisticalSummary):853;0.0
org.apache.commons.math3.stat.inference$TTest#homoscedasticTTest(org.apache.commons.math3.stat.descriptive.StatisticalSummary,org.apache.commons.math3.stat.descriptive.StatisticalSummary):900;0.0
org.apache.commons.math3.stat.inference$TTest#tTest(org.apache.commons.math3.stat.descriptive.StatisticalSummary,org.apache.commons.math3.stat.descriptive.StatisticalSummary,double):971;0.0
org.apache.commons.math3.stat.inference$TTest#df(double,double,double,double):988;0.0
org.apache.commons.math3.stat.inference$TTest#t(double,double,double,double):1004;0.0
org.apache.commons.math3.stat.inference$TTest#t(double,double,double,double,double,double):1023;0.0
org.apache.commons.math3.stat.inference$TTest#homoscedasticT(double,double,double,double,double,double):1041;0.0
org.apache.commons.math3.stat.inference$TTest#tTest(double,double,double,double):1060;0.0
org.apache.commons.math3.stat.inference$TTest#tTest(double,double,double,double,double,double):1088;0.0
org.apache.commons.math3.stat.inference$TTest#homoscedasticTTest(double,double,double,double,double,double):1117;0.0
org.apache.commons.math3.stat.inference$TTest#checkSignificanceLevel(double):1133;0.0
org.apache.commons.math3.stat.inference$TTest#checkSampleData(double[]):1150;0.0
org.apache.commons.math3.stat.inference$TTest#checkSampleData(org.apache.commons.math3.stat.descriptive.StatisticalSummary):1171;0.0
org.apache.commons.math3.stat.inference$OneWayAnova#OneWayAnova():58;0.0
org.apache.commons.math3.stat.inference$OneWayAnova#anovaFValue(java.util.Collection):91;0.0
org.apache.commons.math3.stat.inference$OneWayAnova#anovaPValue(java.util.Collection):128;0.0
org.apache.commons.math3.stat.inference$OneWayAnova#anovaPValue(java.util.Collection,boolean):170;0.0
org.apache.commons.math3.stat.inference$OneWayAnova#anovaStats(java.util.Collection):194;0.0
org.apache.commons.math3.stat.inference$OneWayAnova#anovaTest(java.util.Collection,double):251;0.0
org.apache.commons.math3.stat.inference$OneWayAnova#anovaStats(java.util.Collection,boolean):277;0.0
org.apache.commons.math3.stat.inference$TestUtils#TestUtils():57;0.0
org.apache.commons.math3.stat.inference$TestUtils#homoscedasticT(double[],double[]):67;0.0
org.apache.commons.math3.stat.inference$TestUtils#homoscedasticT(org.apache.commons.math3.stat.descriptive.StatisticalSummary,org.apache.commons.math3.stat.descriptive.StatisticalSummary):76;0.0
org.apache.commons.math3.stat.inference$TestUtils#homoscedasticTTest(double[],double[],double):86;0.0
org.apache.commons.math3.stat.inference$TestUtils#homoscedasticTTest(double[],double[]):94;0.0
org.apache.commons.math3.stat.inference$TestUtils#homoscedasticTTest(org.apache.commons.math3.stat.descriptive.StatisticalSummary,org.apache.commons.math3.stat.descriptive.StatisticalSummary):103;0.0
org.apache.commons.math3.stat.inference$TestUtils#pairedT(double[],double[]):112;0.0
org.apache.commons.math3.stat.inference$TestUtils#pairedTTest(double[],double[],double):122;0.0
org.apache.commons.math3.stat.inference$TestUtils#pairedTTest(double[],double[]):131;0.0
org.apache.commons.math3.stat.inference$TestUtils#t(double,double[]):139;0.0
org.apache.commons.math3.stat.inference$TestUtils#t(double,org.apache.commons.math3.stat.descriptive.StatisticalSummary):147;0.0
org.apache.commons.math3.stat.inference$TestUtils#t(double[],double[]):155;0.0
org.apache.commons.math3.stat.inference$TestUtils#t(org.apache.commons.math3.stat.descriptive.StatisticalSummary,org.apache.commons.math3.stat.descriptive.StatisticalSummary):164;0.0
org.apache.commons.math3.stat.inference$TestUtils#tTest(double,double[],double):173;0.0
org.apache.commons.math3.stat.inference$TestUtils#tTest(double,double[]):182;0.0
org.apache.commons.math3.stat.inference$TestUtils#tTest(double,org.apache.commons.math3.stat.descriptive.StatisticalSummary,double):192;0.0
org.apache.commons.math3.stat.inference$TestUtils#tTest(double,org.apache.commons.math3.stat.descriptive.StatisticalSummary):201;0.0
org.apache.commons.math3.stat.inference$TestUtils#tTest(double[],double[],double):211;0.0
org.apache.commons.math3.stat.inference$TestUtils#tTest(double[],double[]):220;0.0
org.apache.commons.math3.stat.inference$TestUtils#tTest(org.apache.commons.math3.stat.descriptive.StatisticalSummary,org.apache.commons.math3.stat.descriptive.StatisticalSummary,double):231;0.0
org.apache.commons.math3.stat.inference$TestUtils#tTest(org.apache.commons.math3.stat.descriptive.StatisticalSummary,org.apache.commons.math3.stat.descriptive.StatisticalSummary):241;0.0
org.apache.commons.math3.stat.inference$TestUtils#chiSquare(double[],long[]):250;0.0
org.apache.commons.math3.stat.inference$TestUtils#chiSquare(long[][]):259;0.0
org.apache.commons.math3.stat.inference$TestUtils#chiSquareTest(double[],long[],double):269;0.0
org.apache.commons.math3.stat.inference$TestUtils#chiSquareTest(double[],long[]):278;0.0
org.apache.commons.math3.stat.inference$TestUtils#chiSquareTest(long[][],double):287;0.0
org.apache.commons.math3.stat.inference$TestUtils#chiSquareTest(long[][]):296;0.0
org.apache.commons.math3.stat.inference$TestUtils#chiSquareDataSetsComparison(long[],long[]):307;0.0
org.apache.commons.math3.stat.inference$TestUtils#chiSquareTestDataSetsComparison(long[],long[]):319;0.0
org.apache.commons.math3.stat.inference$TestUtils#chiSquareTestDataSetsComparison(long[],long[],double):332;0.0
org.apache.commons.math3.stat.inference$TestUtils#oneWayAnovaFValue(java.util.Collection):342;0.0
org.apache.commons.math3.stat.inference$TestUtils#oneWayAnovaPValue(java.util.Collection):353;0.0
org.apache.commons.math3.stat.inference$TestUtils#oneWayAnovaTest(java.util.Collection,double):365;0.0
org.apache.commons.math3.stat.inference$TestUtils#g(double[],long[]):375;0.0
org.apache.commons.math3.stat.inference$TestUtils#gTest(double[],long[]):385;0.0
org.apache.commons.math3.stat.inference$TestUtils#gTestIntrinsic(double[],long[]):395;0.0
org.apache.commons.math3.stat.inference$TestUtils#gTest(double[],long[],double):406;0.0
org.apache.commons.math3.stat.inference$TestUtils#gDataSetsComparison(long[],long[]):416;0.0
org.apache.commons.math3.stat.inference$TestUtils#rootLogLikelihoodRatio(long,long,long,long):425;0.0
org.apache.commons.math3.stat.inference$TestUtils#gTestDataSetsComparison(long[],long[]):437;0.0
org.apache.commons.math3.stat.inference$TestUtils#gTestDataSetsComparison(long[],long[],double):449;0.0
org.apache.commons.math3.stat.inference$GTest#GTest():44;0.0
org.apache.commons.math3.stat.inference$GTest#g(double[],long[]):81;0.0
org.apache.commons.math3.stat.inference$GTest#gTest(double[],long[]):156;0.0
org.apache.commons.math3.stat.inference$GTest#gTestIntrinsic(double[],long[]):187;0.0
org.apache.commons.math3.stat.inference$GTest#gTest(double[],long[],double):242;0.0
org.apache.commons.math3.stat.inference$GTest#entropy(long[][]):262;0.0
org.apache.commons.math3.stat.inference$GTest#entropy(long[]):292;0.0
org.apache.commons.math3.stat.inference$GTest#gDataSetsComparison(long[],long[]):352;0.0
org.apache.commons.math3.stat.inference$GTest#rootLogLikelihoodRatio(long,long,long,long):423;0.0
org.apache.commons.math3.stat.inference$GTest#gTestDataSetsComparison(long[],long[]):476;0.0
org.apache.commons.math3.stat.inference$GTest#gTestDataSetsComparison(long[],long[],double):531;0.0
org.apache.commons.math3.stat.inference$OneWayAnova$AnovaStats#OneWayAnova$AnovaStats(int,int,double):347;0.0
org.apache.commons.math3.stat.inference$WilcoxonSignedRankTest#WilcoxonSignedRankTest():46;0.0
org.apache.commons.math3.stat.inference$WilcoxonSignedRankTest#WilcoxonSignedRankTest(org.apache.commons.math3.stat.ranking.NaNStrategy,org.apache.commons.math3.stat.ranking.TiesStrategy):61;0.0
org.apache.commons.math3.stat.inference$WilcoxonSignedRankTest#ensureDataConformance(double[],double[]):78;0.0
org.apache.commons.math3.stat.inference$WilcoxonSignedRankTest#calculateDifferences(double[],double[]):100;0.0
org.apache.commons.math3.stat.inference$WilcoxonSignedRankTest#calculateAbsoluteDifferences(double[]):120;0.0
org.apache.commons.math3.stat.inference$WilcoxonSignedRankTest#wilcoxonSignedRank(double[],double[]):175;0.0
org.apache.commons.math3.stat.inference$WilcoxonSignedRankTest#calculateExactPValue(double,int):211;0.0
org.apache.commons.math3.stat.inference$WilcoxonSignedRankTest#calculateAsymptoticPValue(double,int):246;0.0
org.apache.commons.math3.stat.inference$WilcoxonSignedRankTest#wilcoxonSignedRankTest(double[],double[],boolean):309;0.0
org.apache.commons.math3.stat.descriptive.moment$SemiVariance#SemiVariance():87;0.0
org.apache.commons.math3.stat.descriptive.moment$SemiVariance#SemiVariance(boolean):98;0.0
org.apache.commons.math3.stat.descriptive.moment$SemiVariance#SemiVariance(org.apache.commons.math3.stat.descriptive.moment.SemiVariance$Direction):110;0.0
org.apache.commons.math3.stat.descriptive.moment$SemiVariance#SemiVariance(boolean,org.apache.commons.math3.stat.descriptive.moment.SemiVariance$Direction):126;0.0
org.apache.commons.math3.stat.descriptive.moment$SemiVariance#SemiVariance(org.apache.commons.math3.stat.descriptive.moment.SemiVariance):139;0.0
org.apache.commons.math3.stat.descriptive.moment$SemiVariance#copy():149;0.0
org.apache.commons.math3.stat.descriptive.moment$SemiVariance#copy(org.apache.commons.math3.stat.descriptive.moment.SemiVariance,org.apache.commons.math3.stat.descriptive.moment.SemiVariance):166;0.0
org.apache.commons.math3.stat.descriptive.moment$SemiVariance#evaluate(double[],int,int):190;0.0
org.apache.commons.math3.stat.descriptive.moment$SemiVariance#evaluate(double[],org.apache.commons.math3.stat.descriptive.moment.SemiVariance$Direction):207;0.0
org.apache.commons.math3.stat.descriptive.moment$SemiVariance#evaluate(double[],double):225;0.0
org.apache.commons.math3.stat.descriptive.moment$SemiVariance#evaluate(double[],double,org.apache.commons.math3.stat.descriptive.moment.SemiVariance$Direction):243;0.0
org.apache.commons.math3.stat.descriptive.moment$SemiVariance#evaluate(double[],double,org.apache.commons.math3.stat.descriptive.moment.SemiVariance$Direction,boolean,int,int):267;0.0
org.apache.commons.math3.stat.descriptive.moment$SemiVariance#isBiasCorrected():300;0.0
org.apache.commons.math3.stat.descriptive.moment$SemiVariance#setBiasCorrected(boolean):309;0.0
org.apache.commons.math3.stat.descriptive.moment$SemiVariance#getVarianceDirection():318;0.0
org.apache.commons.math3.stat.descriptive.moment$SemiVariance#setVarianceDirection(org.apache.commons.math3.stat.descriptive.moment.SemiVariance$Direction):327;0.0
org.apache.commons.math3.stat.descriptive.moment$SemiVariance$Direction#SemiVariance$Direction(java.lang.String,int,boolean):357;0.0
org.apache.commons.math3.stat.descriptive.moment$SemiVariance$Direction#getDirection():367;0.0
org.apache.commons.math3.stat.descriptive.moment$StandardDeviation#StandardDeviation():57;0.0
org.apache.commons.math3.stat.descriptive.moment$StandardDeviation#StandardDeviation(org.apache.commons.math3.stat.descriptive.moment.SecondMoment):66;0.0
org.apache.commons.math3.stat.descriptive.moment$StandardDeviation#StandardDeviation(org.apache.commons.math3.stat.descriptive.moment.StandardDeviation):77;0.0
org.apache.commons.math3.stat.descriptive.moment$StandardDeviation#StandardDeviation(boolean):91;0.0
org.apache.commons.math3.stat.descriptive.moment$StandardDeviation#StandardDeviation(boolean,org.apache.commons.math3.stat.descriptive.moment.SecondMoment):106;0.0
org.apache.commons.math3.stat.descriptive.moment$StandardDeviation#increment(double):115;0.0
org.apache.commons.math3.stat.descriptive.moment$StandardDeviation#getN():122;0.0
org.apache.commons.math3.stat.descriptive.moment$StandardDeviation#getResult():130;0.0
org.apache.commons.math3.stat.descriptive.moment$StandardDeviation#clear():138;0.0
org.apache.commons.math3.stat.descriptive.moment$StandardDeviation#evaluate(double[]):157;0.0
org.apache.commons.math3.stat.descriptive.moment$StandardDeviation#evaluate(double[],int,int):181;0.0
org.apache.commons.math3.stat.descriptive.moment$StandardDeviation#evaluate(double[],double,int,int):210;0.0
org.apache.commons.math3.stat.descriptive.moment$StandardDeviation#evaluate(double[],double):236;0.0
org.apache.commons.math3.stat.descriptive.moment$StandardDeviation#isBiasCorrected():243;0.0
org.apache.commons.math3.stat.descriptive.moment$StandardDeviation#setBiasCorrected(boolean):250;0.0
org.apache.commons.math3.stat.descriptive.moment$StandardDeviation#copy():258;0.0
org.apache.commons.math3.stat.descriptive.moment$StandardDeviation#copy(org.apache.commons.math3.stat.descriptive.moment.StandardDeviation,org.apache.commons.math3.stat.descriptive.moment.StandardDeviation):275;0.0
org.apache.commons.math3.stat.descriptive.moment$VectorialMean#VectorialMean(int):40;0.0
org.apache.commons.math3.stat.descriptive.moment$VectorialMean#increment(double[]):53;0.0
org.apache.commons.math3.stat.descriptive.moment$VectorialMean#getResult():66;0.0
org.apache.commons.math3.stat.descriptive.moment$VectorialMean#getN():78;0.0
org.apache.commons.math3.stat.descriptive.moment$VectorialMean#hashCode():84;0.0
org.apache.commons.math3.stat.descriptive.moment$VectorialMean#equals(java.lang.Object):93;0.0
org.apache.commons.math3.stat.descriptive.moment$VectorialCovariance#VectorialCovariance(int,boolean):53;0.0
org.apache.commons.math3.stat.descriptive.moment$VectorialCovariance#increment(double[]):66;0.0
org.apache.commons.math3.stat.descriptive.moment$VectorialCovariance#getResult():85;0.0
org.apache.commons.math3.stat.descriptive.moment$VectorialCovariance#getN():109;0.0
org.apache.commons.math3.stat.descriptive.moment$VectorialCovariance#clear():116;0.0
org.apache.commons.math3.stat.descriptive.moment$VectorialCovariance#hashCode():124;0.0
org.apache.commons.math3.stat.descriptive.moment$VectorialCovariance#equals(java.lang.Object):136;0.0
org.apache.commons.math3.stat.descriptive$SynchronizedSummaryStatistics#SynchronizedSummaryStatistics():45;0.0
org.apache.commons.math3.stat.descriptive$SynchronizedSummaryStatistics#SynchronizedSummaryStatistics(org.apache.commons.math3.stat.descriptive.SynchronizedSummaryStatistics):55;0.0
org.apache.commons.math3.stat.descriptive$SynchronizedSummaryStatistics#getSummary():64;0.0
org.apache.commons.math3.stat.descriptive$SynchronizedSummaryStatistics#addValue(double):72;0.0
org.apache.commons.math3.stat.descriptive$SynchronizedSummaryStatistics#getN():80;0.0
org.apache.commons.math3.stat.descriptive$SynchronizedSummaryStatistics#getSum():88;0.0
org.apache.commons.math3.stat.descriptive$SynchronizedSummaryStatistics#getSumsq():96;0.0
org.apache.commons.math3.stat.descriptive$SynchronizedSummaryStatistics#getMean():104;0.0
org.apache.commons.math3.stat.descriptive$SynchronizedSummaryStatistics#getStandardDeviation():112;0.0
org.apache.commons.math3.stat.descriptive$SynchronizedSummaryStatistics#getVariance():120;0.0
org.apache.commons.math3.stat.descriptive$SynchronizedSummaryStatistics#getPopulationVariance():128;0.0
org.apache.commons.math3.stat.descriptive$SynchronizedSummaryStatistics#getMax():136;0.0
org.apache.commons.math3.stat.descriptive$SynchronizedSummaryStatistics#getMin():144;0.0
org.apache.commons.math3.stat.descriptive$SynchronizedSummaryStatistics#getGeometricMean():152;0.0
org.apache.commons.math3.stat.descriptive$SynchronizedSummaryStatistics#toString():160;0.0
org.apache.commons.math3.stat.descriptive$SynchronizedSummaryStatistics#clear():168;0.0
org.apache.commons.math3.stat.descriptive$SynchronizedSummaryStatistics#equals(java.lang.Object):176;0.0
org.apache.commons.math3.stat.descriptive$SynchronizedSummaryStatistics#hashCode():184;0.0
org.apache.commons.math3.stat.descriptive$SynchronizedSummaryStatistics#getSumImpl():192;0.0
org.apache.commons.math3.stat.descriptive$SynchronizedSummaryStatistics#setSumImpl(org.apache.commons.math3.stat.descriptive.StorelessUnivariateStatistic):201;0.0
org.apache.commons.math3.stat.descriptive$SynchronizedSummaryStatistics#getSumsqImpl():209;0.0
org.apache.commons.math3.stat.descriptive$SynchronizedSummaryStatistics#setSumsqImpl(org.apache.commons.math3.stat.descriptive.StorelessUnivariateStatistic):218;0.0
org.apache.commons.math3.stat.descriptive$SynchronizedSummaryStatistics#getMinImpl():226;0.0
org.apache.commons.math3.stat.descriptive$SynchronizedSummaryStatistics#setMinImpl(org.apache.commons.math3.stat.descriptive.StorelessUnivariateStatistic):235;0.0
org.apache.commons.math3.stat.descriptive$SynchronizedSummaryStatistics#getMaxImpl():243;0.0
org.apache.commons.math3.stat.descriptive$SynchronizedSummaryStatistics#setMaxImpl(org.apache.commons.math3.stat.descriptive.StorelessUnivariateStatistic):252;0.0
org.apache.commons.math3.stat.descriptive$SynchronizedSummaryStatistics#getSumLogImpl():260;0.0
org.apache.commons.math3.stat.descriptive$SynchronizedSummaryStatistics#setSumLogImpl(org.apache.commons.math3.stat.descriptive.StorelessUnivariateStatistic):269;0.0
org.apache.commons.math3.stat.descriptive$SynchronizedSummaryStatistics#getGeoMeanImpl():277;0.0
org.apache.commons.math3.stat.descriptive$SynchronizedSummaryStatistics#setGeoMeanImpl(org.apache.commons.math3.stat.descriptive.StorelessUnivariateStatistic):286;0.0
org.apache.commons.math3.stat.descriptive$SynchronizedSummaryStatistics#getMeanImpl():294;0.0
org.apache.commons.math3.stat.descriptive$SynchronizedSummaryStatistics#setMeanImpl(org.apache.commons.math3.stat.descriptive.StorelessUnivariateStatistic):303;0.0
org.apache.commons.math3.stat.descriptive$SynchronizedSummaryStatistics#getVarianceImpl():311;0.0
org.apache.commons.math3.stat.descriptive$SynchronizedSummaryStatistics#setVarianceImpl(org.apache.commons.math3.stat.descriptive.StorelessUnivariateStatistic):320;0.0
org.apache.commons.math3.stat.descriptive$SynchronizedSummaryStatistics#copy():331;0.0
org.apache.commons.math3.stat.descriptive$SynchronizedSummaryStatistics#copy(org.apache.commons.math3.stat.descriptive.SynchronizedSummaryStatistics,org.apache.commons.math3.stat.descriptive.SynchronizedSummaryStatistics):350;0.0
org.apache.commons.math3.stat.descriptive$AggregateSummaryStatistics#AggregateSummaryStatistics():79;0.0
org.apache.commons.math3.stat.descriptive$AggregateSummaryStatistics#AggregateSummaryStatistics(org.apache.commons.math3.stat.descriptive.SummaryStatistics):100;0.0
org.apache.commons.math3.stat.descriptive$AggregateSummaryStatistics#AggregateSummaryStatistics(org.apache.commons.math3.stat.descriptive.SummaryStatistics,org.apache.commons.math3.stat.descriptive.SummaryStatistics):125;0.0
org.apache.commons.math3.stat.descriptive$AggregateSummaryStatistics#getMax():139;0.0
org.apache.commons.math3.stat.descriptive$AggregateSummaryStatistics#getMean():150;0.0
org.apache.commons.math3.stat.descriptive$AggregateSummaryStatistics#getMin():162;0.0
org.apache.commons.math3.stat.descriptive$AggregateSummaryStatistics#getN():173;0.0
org.apache.commons.math3.stat.descriptive$AggregateSummaryStatistics#getStandardDeviation():185;0.0
org.apache.commons.math3.stat.descriptive$AggregateSummaryStatistics#getSum():196;0.0
org.apache.commons.math3.stat.descriptive$AggregateSummaryStatistics#getVariance():208;0.0
org.apache.commons.math3.stat.descriptive$AggregateSummaryStatistics#getSumOfLogs():220;0.0
org.apache.commons.math3.stat.descriptive$AggregateSummaryStatistics#getGeometricMean():232;0.0
org.apache.commons.math3.stat.descriptive$AggregateSummaryStatistics#getSumsq():244;0.0
org.apache.commons.math3.stat.descriptive$AggregateSummaryStatistics#getSecondMoment():258;0.0
org.apache.commons.math3.stat.descriptive$AggregateSummaryStatistics#getSummary():270;0.0
org.apache.commons.math3.stat.descriptive$AggregateSummaryStatistics#createContributingStatistics():285;0.0
org.apache.commons.math3.stat.descriptive$AggregateSummaryStatistics#aggregate(java.util.Collection):307;0.0
org.apache.commons.math3.stat.descriptive$AggregateSummaryStatistics$AggregatingSummaryStatistics#AggregateSummaryStatistics$AggregatingSummaryStatistics(org.apache.commons.math3.stat.descriptive.SummaryStatistics):374;0.0
org.apache.commons.math3.stat.descriptive$AggregateSummaryStatistics$AggregatingSummaryStatistics#addValue(double):386;0.0
org.apache.commons.math3.stat.descriptive$AggregateSummaryStatistics$AggregatingSummaryStatistics#equals(java.lang.Object):401;0.0
org.apache.commons.math3.stat.descriptive$AggregateSummaryStatistics$AggregatingSummaryStatistics#hashCode():418;0.0
org.apache.commons.math3.stat.descriptive$MultivariateSummaryStatistics#MultivariateSummaryStatistics(int,boolean):115;0.0
org.apache.commons.math3.stat.descriptive$MultivariateSummaryStatistics#addValue(double[]):149;0.0
org.apache.commons.math3.stat.descriptive$MultivariateSummaryStatistics#getDimension():169;0.0
org.apache.commons.math3.stat.descriptive$MultivariateSummaryStatistics#getN():177;0.0
org.apache.commons.math3.stat.descriptive$MultivariateSummaryStatistics#getResults(org.apache.commons.math3.stat.descriptive.StorelessUnivariateStatistic[]):186;0.0
org.apache.commons.math3.stat.descriptive$MultivariateSummaryStatistics#getSum():201;0.0
org.apache.commons.math3.stat.descriptive$MultivariateSummaryStatistics#getSumSq():212;0.0
org.apache.commons.math3.stat.descriptive$MultivariateSummaryStatistics#getSumLog():223;0.0
org.apache.commons.math3.stat.descriptive$MultivariateSummaryStatistics#getMean():234;0.0
org.apache.commons.math3.stat.descriptive$MultivariateSummaryStatistics#getStandardDeviation():245;0.0
org.apache.commons.math3.stat.descriptive$MultivariateSummaryStatistics#getCovariance():265;0.0
org.apache.commons.math3.stat.descriptive$MultivariateSummaryStatistics#getMax():276;0.0
org.apache.commons.math3.stat.descriptive$MultivariateSummaryStatistics#getMin():287;0.0
org.apache.commons.math3.stat.descriptive$MultivariateSummaryStatistics#getGeometricMean():298;0.0
org.apache.commons.math3.stat.descriptive$MultivariateSummaryStatistics#toString():309;0.0
org.apache.commons.math3.stat.descriptive$MultivariateSummaryStatistics#append(java.lang.StringBuilder,double[],java.lang.String,java.lang.String,java.lang.String):335;0.0
org.apache.commons.math3.stat.descriptive$MultivariateSummaryStatistics#clear():349;0.0
org.apache.commons.math3.stat.descriptive$MultivariateSummaryStatistics#equals(java.lang.Object):370;0.0
org.apache.commons.math3.stat.descriptive$MultivariateSummaryStatistics#hashCode():395;0.0
org.apache.commons.math3.stat.descriptive$MultivariateSummaryStatistics#setImpl(org.apache.commons.math3.stat.descriptive.StorelessUnivariateStatistic[],org.apache.commons.math3.stat.descriptive.StorelessUnivariateStatistic[]):421;0.0
org.apache.commons.math3.stat.descriptive$MultivariateSummaryStatistics#getSumImpl():432;0.0
org.apache.commons.math3.stat.descriptive$MultivariateSummaryStatistics#setSumImpl(org.apache.commons.math3.stat.descriptive.StorelessUnivariateStatistic[]):450;0.0
org.apache.commons.math3.stat.descriptive$MultivariateSummaryStatistics#getSumsqImpl():459;0.0
org.apache.commons.math3.stat.descriptive$MultivariateSummaryStatistics#setSumsqImpl(org.apache.commons.math3.stat.descriptive.StorelessUnivariateStatistic[]):477;0.0
org.apache.commons.math3.stat.descriptive$MultivariateSummaryStatistics#getMinImpl():486;0.0
org.apache.commons.math3.stat.descriptive$MultivariateSummaryStatistics#setMinImpl(org.apache.commons.math3.stat.descriptive.StorelessUnivariateStatistic[]):504;0.0
org.apache.commons.math3.stat.descriptive$MultivariateSummaryStatistics#getMaxImpl():513;0.0
org.apache.commons.math3.stat.descriptive$MultivariateSummaryStatistics#setMaxImpl(org.apache.commons.math3.stat.descriptive.StorelessUnivariateStatistic[]):531;0.0
org.apache.commons.math3.stat.descriptive$MultivariateSummaryStatistics#getSumLogImpl():540;0.0
org.apache.commons.math3.stat.descriptive$MultivariateSummaryStatistics#setSumLogImpl(org.apache.commons.math3.stat.descriptive.StorelessUnivariateStatistic[]):558;0.0
org.apache.commons.math3.stat.descriptive$MultivariateSummaryStatistics#getGeoMeanImpl():567;0.0
org.apache.commons.math3.stat.descriptive$MultivariateSummaryStatistics#setGeoMeanImpl(org.apache.commons.math3.stat.descriptive.StorelessUnivariateStatistic[]):585;0.0
org.apache.commons.math3.stat.descriptive$MultivariateSummaryStatistics#getMeanImpl():594;0.0
org.apache.commons.math3.stat.descriptive$MultivariateSummaryStatistics#setMeanImpl(org.apache.commons.math3.stat.descriptive.StorelessUnivariateStatistic[]):612;0.0
org.apache.commons.math3.stat.descriptive$MultivariateSummaryStatistics#checkEmpty():620;0.0
org.apache.commons.math3.stat.descriptive$MultivariateSummaryStatistics#checkDimension(int):632;0.0
org.apache.commons.math3.stat.descriptive$SynchronizedMultivariateSummaryStatistics#SynchronizedMultivariateSummaryStatistics(int,boolean):49;0.0
org.apache.commons.math3.stat.descriptive$SynchronizedMultivariateSummaryStatistics#addValue(double[]):57;0.0
org.apache.commons.math3.stat.descriptive$SynchronizedMultivariateSummaryStatistics#getDimension():65;0.0
org.apache.commons.math3.stat.descriptive$SynchronizedMultivariateSummaryStatistics#getN():73;0.0
org.apache.commons.math3.stat.descriptive$SynchronizedMultivariateSummaryStatistics#getSum():81;0.0
org.apache.commons.math3.stat.descriptive$SynchronizedMultivariateSummaryStatistics#getSumSq():89;0.0
org.apache.commons.math3.stat.descriptive$SynchronizedMultivariateSummaryStatistics#getSumLog():97;0.0
org.apache.commons.math3.stat.descriptive$SynchronizedMultivariateSummaryStatistics#getMean():105;0.0
org.apache.commons.math3.stat.descriptive$SynchronizedMultivariateSummaryStatistics#getStandardDeviation():113;0.0
org.apache.commons.math3.stat.descriptive$SynchronizedMultivariateSummaryStatistics#getCovariance():121;0.0
org.apache.commons.math3.stat.descriptive$SynchronizedMultivariateSummaryStatistics#getMax():129;0.0
org.apache.commons.math3.stat.descriptive$SynchronizedMultivariateSummaryStatistics#getMin():137;0.0
org.apache.commons.math3.stat.descriptive$SynchronizedMultivariateSummaryStatistics#getGeometricMean():145;0.0
org.apache.commons.math3.stat.descriptive$SynchronizedMultivariateSummaryStatistics#toString():153;0.0
org.apache.commons.math3.stat.descriptive$SynchronizedMultivariateSummaryStatistics#clear():161;0.0
org.apache.commons.math3.stat.descriptive$SynchronizedMultivariateSummaryStatistics#equals(java.lang.Object):169;0.0
org.apache.commons.math3.stat.descriptive$SynchronizedMultivariateSummaryStatistics#hashCode():177;0.0
org.apache.commons.math3.stat.descriptive$SynchronizedMultivariateSummaryStatistics#getSumImpl():185;0.0
org.apache.commons.math3.stat.descriptive$SynchronizedMultivariateSummaryStatistics#setSumImpl(org.apache.commons.math3.stat.descriptive.StorelessUnivariateStatistic[]):194;0.0
org.apache.commons.math3.stat.descriptive$SynchronizedMultivariateSummaryStatistics#getSumsqImpl():202;0.0
org.apache.commons.math3.stat.descriptive$SynchronizedMultivariateSummaryStatistics#setSumsqImpl(org.apache.commons.math3.stat.descriptive.StorelessUnivariateStatistic[]):211;0.0
org.apache.commons.math3.stat.descriptive$SynchronizedMultivariateSummaryStatistics#getMinImpl():219;0.0
org.apache.commons.math3.stat.descriptive$SynchronizedMultivariateSummaryStatistics#setMinImpl(org.apache.commons.math3.stat.descriptive.StorelessUnivariateStatistic[]):228;0.0
org.apache.commons.math3.stat.descriptive$SynchronizedMultivariateSummaryStatistics#getMaxImpl():236;0.0
org.apache.commons.math3.stat.descriptive$SynchronizedMultivariateSummaryStatistics#setMaxImpl(org.apache.commons.math3.stat.descriptive.StorelessUnivariateStatistic[]):245;0.0
org.apache.commons.math3.stat.descriptive$SynchronizedMultivariateSummaryStatistics#getSumLogImpl():253;0.0
org.apache.commons.math3.stat.descriptive$SynchronizedMultivariateSummaryStatistics#setSumLogImpl(org.apache.commons.math3.stat.descriptive.StorelessUnivariateStatistic[]):262;0.0
org.apache.commons.math3.stat.descriptive$SynchronizedMultivariateSummaryStatistics#getGeoMeanImpl():270;0.0
org.apache.commons.math3.stat.descriptive$SynchronizedMultivariateSummaryStatistics#setGeoMeanImpl(org.apache.commons.math3.stat.descriptive.StorelessUnivariateStatistic[]):279;0.0
org.apache.commons.math3.stat.descriptive$SynchronizedMultivariateSummaryStatistics#getMeanImpl():287;0.0
org.apache.commons.math3.stat.descriptive$SynchronizedMultivariateSummaryStatistics#setMeanImpl(org.apache.commons.math3.stat.descriptive.StorelessUnivariateStatistic[]):296;0.0
org.apache.commons.math3.stat.descriptive.rank$Median#Median():45;0.0
org.apache.commons.math3.stat.descriptive.rank$Median#Median(org.apache.commons.math3.stat.descriptive.rank.Median):56;0.0
org.apache.commons.math3.stat.descriptive$SynchronizedDescriptiveStatistics#SynchronizedDescriptiveStatistics():46;0.0
org.apache.commons.math3.stat.descriptive$SynchronizedDescriptiveStatistics#SynchronizedDescriptiveStatistics(int):56;0.0
org.apache.commons.math3.stat.descriptive$SynchronizedDescriptiveStatistics#SynchronizedDescriptiveStatistics(org.apache.commons.math3.stat.descriptive.SynchronizedDescriptiveStatistics):66;0.0
org.apache.commons.math3.stat.descriptive$SynchronizedDescriptiveStatistics#addValue(double):75;0.0
org.apache.commons.math3.stat.descriptive$SynchronizedDescriptiveStatistics#apply(org.apache.commons.math3.stat.descriptive.UnivariateStatistic):83;0.0
org.apache.commons.math3.stat.descriptive$SynchronizedDescriptiveStatistics#clear():91;0.0
org.apache.commons.math3.stat.descriptive$SynchronizedDescriptiveStatistics#getElement(int):99;0.0
org.apache.commons.math3.stat.descriptive$SynchronizedDescriptiveStatistics#getN():107;0.0
org.apache.commons.math3.stat.descriptive$SynchronizedDescriptiveStatistics#getStandardDeviation():115;0.0
org.apache.commons.math3.stat.descriptive$SynchronizedDescriptiveStatistics#getValues():123;0.0
org.apache.commons.math3.stat.descriptive$SynchronizedDescriptiveStatistics#getWindowSize():131;0.0
org.apache.commons.math3.stat.descriptive$SynchronizedDescriptiveStatistics#setWindowSize(int):139;0.0
org.apache.commons.math3.stat.descriptive$SynchronizedDescriptiveStatistics#toString():147;0.0
org.apache.commons.math3.stat.descriptive$SynchronizedDescriptiveStatistics#copy():158;0.0
org.apache.commons.math3.stat.descriptive$SynchronizedDescriptiveStatistics#copy(org.apache.commons.math3.stat.descriptive.SynchronizedDescriptiveStatistics,org.apache.commons.math3.stat.descriptive.SynchronizedDescriptiveStatistics):177;0.0
org.apache.commons.math3.stat.regression$AbstractMultipleLinearRegression#AbstractMultipleLinearRegression():38;0.0
org.apache.commons.math3.stat.regression$AbstractMultipleLinearRegression#getX():54;0.0
org.apache.commons.math3.stat.regression$AbstractMultipleLinearRegression#getY():61;0.0
org.apache.commons.math3.stat.regression$AbstractMultipleLinearRegression#isNoIntercept():69;0.0
org.apache.commons.math3.stat.regression$AbstractMultipleLinearRegression#setNoIntercept(boolean):77;0.0
org.apache.commons.math3.stat.regression$AbstractMultipleLinearRegression#newSampleData(double[],int,int):116;0.0
org.apache.commons.math3.stat.regression$AbstractMultipleLinearRegression#newYSampleData(double[]):150;0.0
org.apache.commons.math3.stat.regression$AbstractMultipleLinearRegression#newXSampleData(double[][]):185;0.0
org.apache.commons.math3.stat.regression$AbstractMultipleLinearRegression#validateSampleData(double[][],double[]):226;0.0
org.apache.commons.math3.stat.regression$AbstractMultipleLinearRegression#validateCovarianceData(double[][],double[][]):253;0.0
org.apache.commons.math3.stat.regression$AbstractMultipleLinearRegression#estimateRegressionParameters():265;0.0
org.apache.commons.math3.stat.regression$AbstractMultipleLinearRegression#estimateResiduals():273;0.0
org.apache.commons.math3.stat.regression$AbstractMultipleLinearRegression#estimateRegressionParametersVariance():282;0.0
org.apache.commons.math3.stat.regression$AbstractMultipleLinearRegression#estimateRegressionParametersStandardErrors():289;0.0
org.apache.commons.math3.stat.regression$AbstractMultipleLinearRegression#estimateRegressandVariance():303;0.0
org.apache.commons.math3.stat.regression$AbstractMultipleLinearRegression#estimateErrorVariance():313;0.0
org.apache.commons.math3.stat.regression$AbstractMultipleLinearRegression#estimateRegressionStandardError():324;0.0
org.apache.commons.math3.stat.regression$AbstractMultipleLinearRegression#calculateYVariance():349;0.0
org.apache.commons.math3.stat.regression$AbstractMultipleLinearRegression#calculateErrorVariance():364;0.0
org.apache.commons.math3.stat.regression$AbstractMultipleLinearRegression#calculateResiduals():380;0.0
org.apache.commons.math3.stat.regression$OLSMultipleLinearRegression#OLSMultipleLinearRegression():55;0.0
org.apache.commons.math3.stat.regression$OLSMultipleLinearRegression#newSampleData(double[],double[][]):70;0.0
org.apache.commons.math3.stat.regression$OLSMultipleLinearRegression#newSampleData(double[],int,int):81;0.0
org.apache.commons.math3.stat.regression$OLSMultipleLinearRegression#calculateHat():106;0.0
org.apache.commons.math3.stat.regression$OLSMultipleLinearRegression#calculateTotalSumOfSquares():143;0.0
org.apache.commons.math3.stat.regression$OLSMultipleLinearRegression#calculateResidualSumOfSquares():157;0.0
org.apache.commons.math3.stat.regression$OLSMultipleLinearRegression#calculateRSquared():175;0.0
org.apache.commons.math3.stat.regression$OLSMultipleLinearRegression#calculateAdjustedRSquared():197;0.0
org.apache.commons.math3.stat.regression$OLSMultipleLinearRegression#newXSampleData(double[][]):213;0.0
org.apache.commons.math3.stat.regression$OLSMultipleLinearRegression#calculateBeta():228;0.0
org.apache.commons.math3.stat.regression$OLSMultipleLinearRegression#calculateBetaVariance():248;0.0
org.apache.commons.math3.stat.regression$MillerUpdatingRegression#MillerUpdatingRegression():89;0.0
org.apache.commons.math3.stat.regression$MillerUpdatingRegression#MillerUpdatingRegression(int,boolean,double):101;0.0
org.apache.commons.math3.stat.regression$MillerUpdatingRegression#MillerUpdatingRegression(int,boolean):141;0.0
org.apache.commons.math3.stat.regression$MillerUpdatingRegression#hasIntercept():149;0.0
org.apache.commons.math3.stat.regression$MillerUpdatingRegression#getN():157;0.0
org.apache.commons.math3.stat.regression$MillerUpdatingRegression#addObservation(double[],double):170;0.0
org.apache.commons.math3.stat.regression$MillerUpdatingRegression#addObservations(double[][],double[]):195;0.0
org.apache.commons.math3.stat.regression$MillerUpdatingRegression#include(double[],double,double):230;0.0
org.apache.commons.math3.stat.regression$MillerUpdatingRegression#smartAdd(double,double):295;0.0
org.apache.commons.math3.stat.regression$MillerUpdatingRegression#clear():317;0.0
org.apache.commons.math3.stat.regression$MillerUpdatingRegression#tolset():343;0.0
org.apache.commons.math3.stat.regression$MillerUpdatingRegression#regcf(int):373;0.0
org.apache.commons.math3.stat.regression$MillerUpdatingRegression#singcheck():415;0.0
org.apache.commons.math3.stat.regression$MillerUpdatingRegression#ss():465;0.0
org.apache.commons.math3.stat.regression$MillerUpdatingRegression#cov(int):493;0.0
org.apache.commons.math3.stat.regression$MillerUpdatingRegression#inverse(double[],int):548;0.0
org.apache.commons.math3.stat.regression$MillerUpdatingRegression#getPartialCorrelations(int):610;0.0
org.apache.commons.math3.stat.regression$MillerUpdatingRegression#vmove(int,int):702;0.0
org.apache.commons.math3.stat.regression$MillerUpdatingRegression#reorderRegressors(int[],int):824;0.0
org.apache.commons.math3.stat.regression$MillerUpdatingRegression#getDiagonalOfHatMatrix(double[]):854;0.0
org.apache.commons.math3.stat.regression$MillerUpdatingRegression#getOrderOfRegressors():895;0.0
org.apache.commons.math3.stat.regression$MillerUpdatingRegression#regress():906;0.0
org.apache.commons.math3.stat.regression$MillerUpdatingRegression#regress(int):920;0.0
org.apache.commons.math3.stat.regression$MillerUpdatingRegression#regress(int[]):1006;0.0
org.apache.commons.math3.stat.regression$RegressionResults#RegressionResults():66;0.0
org.apache.commons.math3.stat.regression$RegressionResults#RegressionResults(double[],double[][],boolean,long,int,double,double,double,boolean,boolean):99;0.0
org.apache.commons.math3.stat.regression$RegressionResults#getParameterEstimate(int):151;0.0
org.apache.commons.math3.stat.regression$RegressionResults#getParameterEstimates():171;0.0
org.apache.commons.math3.stat.regression$RegressionResults#getStdErrorOfEstimate(int):188;0.0
org.apache.commons.math3.stat.regression$RegressionResults#getStdErrorOfEstimates():213;0.0
org.apache.commons.math3.stat.regression$RegressionResults#getCovarianceOfParameters(int,int):241;0.0
org.apache.commons.math3.stat.regression$RegressionResults#getNumberOfParameters():262;0.0
org.apache.commons.math3.stat.regression$RegressionResults#getN():274;0.0
org.apache.commons.math3.stat.regression$RegressionResults#getTotalSumSquares():288;0.0
org.apache.commons.math3.stat.regression$RegressionResults#getRegressionSumSquares():308;0.0
org.apache.commons.math3.stat.regression$RegressionResults#getErrorSumSquares():330;0.0
org.apache.commons.math3.stat.regression$RegressionResults#getMeanSquareError():344;0.0
org.apache.commons.math3.stat.regression$RegressionResults#getRSquared():362;0.0
org.apache.commons.math3.stat.regression$RegressionResults#getAdjustedRSquared():380;0.0
org.apache.commons.math3.stat.regression$RegressionResults#hasIntercept():390;0.0
org.apache.commons.math3.stat.regression$RegressionResults#getVcvElement(int,int):401;0.0
org.apache.commons.math3.stat.regression$ModelSpecificationException#ModelSpecificationException(org.apache.commons.math3.exception.util.Localizable,java.lang.Object[]):39;0.0
org.apache.commons.math3.stat.regression$GLSMultipleLinearRegression#GLSMultipleLinearRegression():43;0.0
org.apache.commons.math3.stat.regression$GLSMultipleLinearRegression#newSampleData(double[],double[][],double[][]):57;0.0
org.apache.commons.math3.stat.regression$GLSMultipleLinearRegression#newCovarianceData(double[][]):70;0.0
org.apache.commons.math3.stat.regression$GLSMultipleLinearRegression#getOmegaInverse():80;0.0
org.apache.commons.math3.stat.regression$GLSMultipleLinearRegression#calculateBeta():95;0.0
org.apache.commons.math3.stat.regression$GLSMultipleLinearRegression#calculateBetaVariance():111;0.0
org.apache.commons.math3.stat.regression$GLSMultipleLinearRegression#calculateErrorVariance():130;0.0
org.apache.commons.math3.random$CorrelatedRandomVectorGenerator#CorrelatedRandomVectorGenerator(double[],org.apache.commons.math3.linear.RealMatrix,double,org.apache.commons.math3.random.NormalizedRandomGenerator):89;0.0
org.apache.commons.math3.random$CorrelatedRandomVectorGenerator#CorrelatedRandomVectorGenerator(org.apache.commons.math3.linear.RealMatrix,double,org.apache.commons.math3.random.NormalizedRandomGenerator):118;0.0
org.apache.commons.math3.random$CorrelatedRandomVectorGenerator#getGenerator():138;0.0
org.apache.commons.math3.random$CorrelatedRandomVectorGenerator#getRank():148;0.0
org.apache.commons.math3.random$CorrelatedRandomVectorGenerator#getRootMatrix():158;0.0
org.apache.commons.math3.random$CorrelatedRandomVectorGenerator#nextVector():168;0.0
org.apache.commons.math3.stat$Frequency$NaturalComparator#Frequency$NaturalComparator():578;0.0
org.apache.commons.math3.stat$Frequency$NaturalComparator#compare(java.lang.Comparable,java.lang.Comparable):598;0.0
org.apache.commons.math3.ml.distance$EarthMoversDistance#EarthMoversDistance():29;0.0
org.apache.commons.math3.ml.distance$EarthMoversDistance#compute(double[],double[]):36;0.0
org.apache.commons.math3.ml.distance$ChebyshevDistance#ChebyshevDistance():27;0.0
org.apache.commons.math3.ml.distance$ChebyshevDistance#compute(double[],double[]):34;0.0
org.apache.commons.math3.ml.distance$ManhattanDistance#ManhattanDistance():27;0.0
org.apache.commons.math3.ml.distance$ManhattanDistance#compute(double[],double[]):34;0.0
org.apache.commons.math3.ml.distance$CanberraDistance#CanberraDistance():27;0.0
org.apache.commons.math3.ml.distance$CanberraDistance#compute(double[],double[]):34;0.0
org.apache.commons.math3.ml.distance$EuclideanDistance#EuclideanDistance():27;0.0
org.apache.commons.math3.ml.distance$EuclideanDistance#compute(double[],double[]):34;0.0
org.apache.commons.math3.ml.clustering$Clusterer#Clusterer(org.apache.commons.math3.ml.distance.DistanceMeasure):43;0.0
org.apache.commons.math3.ml.clustering$Clusterer#getDistanceMeasure():66;0.0
org.apache.commons.math3.ml.clustering$Clusterer#distance(org.apache.commons.math3.ml.clustering.Clusterable,org.apache.commons.math3.ml.clustering.Clusterable):78;0.0
org.apache.commons.math3.ml.clustering$MultiKMeansPlusPlusClusterer#MultiKMeansPlusPlusClusterer(org.apache.commons.math3.ml.clustering.KMeansPlusPlusClusterer,int):48;0.0
org.apache.commons.math3.ml.clustering$MultiKMeansPlusPlusClusterer#getClusterer():58;0.0
org.apache.commons.math3.ml.clustering$MultiKMeansPlusPlusClusterer#getNumTrials():66;0.0
org.apache.commons.math3.ml.clustering$MultiKMeansPlusPlusClusterer#cluster(java.util.Collection):85;0.0
org.apache.commons.math3.ml.clustering$KMeansPlusPlusClusterer#KMeansPlusPlusClusterer(int):84;0.0
org.apache.commons.math3.ml.clustering$KMeansPlusPlusClusterer#KMeansPlusPlusClusterer(int,int):99;0.0
org.apache.commons.math3.ml.clustering$KMeansPlusPlusClusterer#KMeansPlusPlusClusterer(int,int,org.apache.commons.math3.ml.distance.DistanceMeasure):113;0.0
org.apache.commons.math3.ml.clustering$KMeansPlusPlusClusterer#KMeansPlusPlusClusterer(int,int,org.apache.commons.math3.ml.distance.DistanceMeasure,org.apache.commons.math3.random.RandomGenerator):130;0.0
org.apache.commons.math3.ml.clustering$KMeansPlusPlusClusterer#KMeansPlusPlusClusterer(int,int,org.apache.commons.math3.ml.distance.DistanceMeasure,org.apache.commons.math3.random.RandomGenerator,org.apache.commons.math3.ml.clustering.KMeansPlusPlusClusterer$EmptyClusterStrategy):147;0.0
org.apache.commons.math3.ml.clustering$KMeansPlusPlusClusterer#getK():159;0.0
org.apache.commons.math3.ml.clustering$KMeansPlusPlusClusterer#getMaxIterations():167;0.0
org.apache.commons.math3.ml.clustering$KMeansPlusPlusClusterer#getRandomGenerator():175;0.0
org.apache.commons.math3.ml.clustering$KMeansPlusPlusClusterer#getEmptyClusterStrategy():183;0.0
org.apache.commons.math3.ml.clustering$KMeansPlusPlusClusterer#cluster(java.util.Collection):201;0.0
org.apache.commons.math3.ml.clustering$KMeansPlusPlusClusterer#assignPointsToClusters(java.util.List,java.util.Collection,int[]):266;0.0
org.apache.commons.math3.ml.clustering$KMeansPlusPlusClusterer#chooseInitialCenters(java.util.Collection):292;0.0
org.apache.commons.math3.ml.clustering$KMeansPlusPlusClusterer#getPointFromLargestVarianceCluster(java.util.Collection):417;0.0
org.apache.commons.math3.ml.clustering$KMeansPlusPlusClusterer#getPointFromLargestNumberCluster(java.util.Collection):460;0.0
org.apache.commons.math3.ml.clustering$KMeansPlusPlusClusterer#getFarthestPoint(java.util.Collection):495;0.0
org.apache.commons.math3.ml.clustering$KMeansPlusPlusClusterer#getNearestCluster(java.util.Collection,org.apache.commons.math3.ml.clustering.Clusterable):531;0.0
org.apache.commons.math3.ml.clustering$KMeansPlusPlusClusterer#centroidOf(java.util.Collection,int):553;0.0
org.apache.commons.math3.ml.clustering$KMeansPlusPlusClusterer$EmptyClusterStrategy#KMeansPlusPlusClusterer$EmptyClusterStrategy(java.lang.String,int):46;0.0
org.apache.commons.math3.ml.clustering$DoublePoint#DoublePoint(double[]):43;0.0
org.apache.commons.math3.ml.clustering$DoublePoint#DoublePoint(int[]):54;0.0
org.apache.commons.math3.ml.clustering$DoublePoint#getPoint():63;0.0
org.apache.commons.math3.ml.clustering$DoublePoint#equals(java.lang.Object):69;0.0
org.apache.commons.math3.ml.clustering$DoublePoint#hashCode():78;0.0
org.apache.commons.math3.ml.clustering$DoublePoint#toString():84;0.0
org.apache.commons.math3.ml.clustering$Cluster#Cluster():41;0.0
org.apache.commons.math3.ml.clustering$Cluster#addPoint(org.apache.commons.math3.ml.clustering.Clusterable):50;0.0
org.apache.commons.math3.ml.clustering$Cluster#getPoints():58;0.0
org.apache.commons.math3.ml.clustering$CentroidCluster#CentroidCluster(org.apache.commons.math3.ml.clustering.Clusterable):42;0.0
org.apache.commons.math3.ml.clustering$CentroidCluster#getCenter():51;0.0
org.apache.commons.math3.ml.clustering$FuzzyKMeansClusterer#FuzzyKMeansClusterer(int,double):108;0.0
org.apache.commons.math3.ml.clustering$FuzzyKMeansClusterer#FuzzyKMeansClusterer(int,double,int,org.apache.commons.math3.ml.distance.DistanceMeasure):124;0.0
org.apache.commons.math3.ml.clustering$FuzzyKMeansClusterer#FuzzyKMeansClusterer(int,double,int,org.apache.commons.math3.ml.distance.DistanceMeasure,double,org.apache.commons.math3.random.RandomGenerator):144;0.0
org.apache.commons.math3.ml.clustering$FuzzyKMeansClusterer#getK():165;0.0
org.apache.commons.math3.ml.clustering$FuzzyKMeansClusterer#getFuzziness():173;0.0
org.apache.commons.math3.ml.clustering$FuzzyKMeansClusterer#getMaxIterations():181;0.0
org.apache.commons.math3.ml.clustering$FuzzyKMeansClusterer#getEpsilon():189;0.0
org.apache.commons.math3.ml.clustering$FuzzyKMeansClusterer#getRandomGenerator():197;0.0
org.apache.commons.math3.ml.clustering$FuzzyKMeansClusterer#getMembershipMatrix():211;0.0
org.apache.commons.math3.ml.clustering$FuzzyKMeansClusterer#getDataPoints():224;0.0
org.apache.commons.math3.ml.clustering$FuzzyKMeansClusterer#getClusters():233;0.0
org.apache.commons.math3.ml.clustering$FuzzyKMeansClusterer#getObjectiveFunctionValue():242;0.0
org.apache.commons.math3.ml.clustering$FuzzyKMeansClusterer#cluster(java.util.Collection):273;0.0
org.apache.commons.math3.ml.clustering$FuzzyKMeansClusterer#updateClusterCenters():319;0.0
org.apache.commons.math3.ml.clustering$FuzzyKMeansClusterer#updateMembershipMatrix():348;0.0
org.apache.commons.math3.ml.clustering$FuzzyKMeansClusterer#initializeMembershipMatrix():376;0.0
org.apache.commons.math3.ml.clustering$FuzzyKMeansClusterer#calculateMaxMembershipChange(double[][]):392;0.0
org.apache.commons.math3.ml.clustering$FuzzyKMeansClusterer#saveMembershipMatrix(double[][]):408;0.0
org.apache.commons.math3.ml.clustering$DBSCANClusterer#DBSCANClusterer(double,int):86;0.0
org.apache.commons.math3.ml.clustering$DBSCANClusterer#DBSCANClusterer(double,int,org.apache.commons.math3.ml.distance.DistanceMeasure):99;0.0
org.apache.commons.math3.ml.clustering$DBSCANClusterer#getEps():116;0.0
org.apache.commons.math3.ml.clustering$DBSCANClusterer#getMinPts():124;0.0
org.apache.commons.math3.ml.clustering$DBSCANClusterer#cluster(java.util.Collection):138;0.0
org.apache.commons.math3.ml.clustering$DBSCANClusterer#expandCluster(org.apache.commons.math3.ml.clustering.Cluster,org.apache.commons.math3.ml.clustering.Clusterable,java.util.List,java.util.Collection,java.util.Map):175;0.0
org.apache.commons.math3.ml.clustering$DBSCANClusterer#getNeighbors(org.apache.commons.math3.ml.clustering.Clusterable,java.util.Collection):209;0.0
org.apache.commons.math3.ml.clustering$DBSCANClusterer#merge(java.util.List,java.util.List):226;0.0
org.apache.commons.math3.ml.clustering$DBSCANClusterer$PointStatus#DBSCANClusterer$PointStatus(java.lang.String,int):68;0.0
org.apache.commons.math3.dfp$DfpDec#DfpDec(org.apache.commons.math3.dfp.DfpField):33;0.0
org.apache.commons.math3.dfp$DfpDec#DfpDec(org.apache.commons.math3.dfp.DfpField,byte):41;0.0
org.apache.commons.math3.dfp$DfpDec#DfpDec(org.apache.commons.math3.dfp.DfpField,int):49;0.0
org.apache.commons.math3.dfp$DfpDec#DfpDec(org.apache.commons.math3.dfp.DfpField,long):57;0.0
org.apache.commons.math3.dfp$DfpDec#DfpDec(org.apache.commons.math3.dfp.DfpField,double):65;0.0
org.apache.commons.math3.dfp$DfpDec#DfpDec(org.apache.commons.math3.dfp.Dfp):73;0.0
org.apache.commons.math3.dfp$DfpDec#DfpDec(org.apache.commons.math3.dfp.DfpField,java.lang.String):82;0.0
org.apache.commons.math3.dfp$DfpDec#DfpDec(org.apache.commons.math3.dfp.DfpField,byte,byte):93;0.0
org.apache.commons.math3.dfp$DfpDec#newInstance():99;0.0
org.apache.commons.math3.dfp$DfpDec#newInstance(byte):105;0.0
org.apache.commons.math3.dfp$DfpDec#newInstance(int):111;0.0
org.apache.commons.math3.dfp$DfpDec#newInstance(long):117;0.0
org.apache.commons.math3.dfp$DfpDec#newInstance(double):123;0.0
org.apache.commons.math3.dfp$DfpDec#newInstance(org.apache.commons.math3.dfp.Dfp):131;0.0
org.apache.commons.math3.dfp$DfpDec#newInstance(java.lang.String):145;0.0
org.apache.commons.math3.dfp$DfpDec#newInstance(byte,byte):151;0.0
org.apache.commons.math3.dfp$DfpDec#getDecimalDigits():160;0.0
org.apache.commons.math3.dfp$DfpDec#round(int):167;0.0
org.apache.commons.math3.dfp$DfpDec#nextAfter(org.apache.commons.math3.dfp.Dfp):295;0.0
org.apache.commons.math3.dfp$BracketingNthOrderBrentSolverDFP#BracketingNthOrderBrentSolverDFP(org.apache.commons.math3.dfp.Dfp,org.apache.commons.math3.dfp.Dfp,org.apache.commons.math3.dfp.Dfp,int):77;0.0
org.apache.commons.math3.dfp$BracketingNthOrderBrentSolverDFP#getMaximalOrder():91;0.0
org.apache.commons.math3.dfp$BracketingNthOrderBrentSolverDFP#getMaxEvaluations():100;0.0
org.apache.commons.math3.dfp$BracketingNthOrderBrentSolverDFP#getEvaluations():112;0.0
org.apache.commons.math3.dfp$BracketingNthOrderBrentSolverDFP#getAbsoluteAccuracy():120;0.0
org.apache.commons.math3.dfp$BracketingNthOrderBrentSolverDFP#getRelativeAccuracy():128;0.0
org.apache.commons.math3.dfp$BracketingNthOrderBrentSolverDFP#getFunctionValueAccuracy():136;0.0
org.apache.commons.math3.dfp$BracketingNthOrderBrentSolverDFP#solve(int,org.apache.commons.math3.dfp.UnivariateDfpFunction,org.apache.commons.math3.dfp.Dfp,org.apache.commons.math3.dfp.Dfp,org.apache.commons.math3.analysis.solvers.AllowedSolution):158;0.0
org.apache.commons.math3.dfp$BracketingNthOrderBrentSolverDFP#solve(int,org.apache.commons.math3.dfp.UnivariateDfpFunction,org.apache.commons.math3.dfp.Dfp,org.apache.commons.math3.dfp.Dfp,org.apache.commons.math3.dfp.Dfp,org.apache.commons.math3.analysis.solvers.AllowedSolution):184;0.0
org.apache.commons.math3.dfp$BracketingNthOrderBrentSolverDFP#guessX(org.apache.commons.math3.dfp.Dfp,org.apache.commons.math3.dfp.Dfp[],org.apache.commons.math3.dfp.Dfp[],int,int):420;0.0
org.apache.commons.math3.genetics$GeneticAlgorithm#GeneticAlgorithm(org.apache.commons.math3.genetics.CrossoverPolicy,double,org.apache.commons.math3.genetics.MutationPolicy,double,org.apache.commons.math3.genetics.SelectionPolicy):72;0.0
org.apache.commons.math3.genetics$GeneticAlgorithm#setRandomGenerator(org.apache.commons.math3.random.RandomGenerator):95;0.0
org.apache.commons.math3.genetics$GeneticAlgorithm#getRandomGenerator():104;0.0
org.apache.commons.math3.genetics$GeneticAlgorithm#evolve(org.apache.commons.math3.genetics.Population,org.apache.commons.math3.genetics.StoppingCondition):118;0.0
org.apache.commons.math3.genetics$GeneticAlgorithm#nextGeneration(org.apache.commons.math3.genetics.Population):150;0.0
org.apache.commons.math3.genetics$GeneticAlgorithm#getCrossoverPolicy():189;0.0
org.apache.commons.math3.genetics$GeneticAlgorithm#getCrossoverRate():197;0.0
org.apache.commons.math3.genetics$GeneticAlgorithm#getMutationPolicy():205;0.0
org.apache.commons.math3.genetics$GeneticAlgorithm#getMutationRate():213;0.0
org.apache.commons.math3.genetics$GeneticAlgorithm#getSelectionPolicy():221;0.0
org.apache.commons.math3.genetics$GeneticAlgorithm#getGenerationsEvolved():231;0.0
org.apache.commons.math3.genetics$OnePointCrossover#OnePointCrossover():52;0.0
org.apache.commons.math3.genetics$OnePointCrossover#crossover(org.apache.commons.math3.genetics.Chromosome,org.apache.commons.math3.genetics.Chromosome):82;0.0
org.apache.commons.math3.genetics$OnePointCrossover#crossover(org.apache.commons.math3.genetics.AbstractListChromosome,org.apache.commons.math3.genetics.AbstractListChromosome):99;0.0
org.apache.commons.math3.genetics$BinaryMutation#BinaryMutation():31;0.0
org.apache.commons.math3.genetics$BinaryMutation#mutate(org.apache.commons.math3.genetics.Chromosome):41;0.0
org.apache.commons.math3.genetics$TournamentSelection#TournamentSelection(int):44;0.0
org.apache.commons.math3.genetics$TournamentSelection#select(org.apache.commons.math3.genetics.Population):59;0.0
org.apache.commons.math3.genetics$TournamentSelection#tournament(org.apache.commons.math3.genetics.ListPopulation):72;0.0
org.apache.commons.math3.genetics$TournamentSelection#getArity():103;0.0
org.apache.commons.math3.genetics$TournamentSelection#setArity(int):112;0.0
org.apache.commons.math3.genetics$Chromosome#Chromosome():28;0.0
org.apache.commons.math3.genetics$Chromosome#getFitness():43;0.0
org.apache.commons.math3.genetics$Chromosome#compareTo(org.apache.commons.math3.genetics.Chromosome):62;0.0
org.apache.commons.math3.genetics$Chromosome#isSame(org.apache.commons.math3.genetics.Chromosome):73;0.0
org.apache.commons.math3.genetics$Chromosome#findSameChromosome(org.apache.commons.math3.genetics.Population):84;0.0
org.apache.commons.math3.genetics$Chromosome#searchForFitnessUpdate(org.apache.commons.math3.genetics.Population):99;0.0
org.apache.commons.math3.genetics$AbstractListChromosome#AbstractListChromosome(java.util.List):41;0.0
org.apache.commons.math3.genetics$AbstractListChromosome#AbstractListChromosome(java.lang.Object[]):52;0.0
org.apache.commons.math3.genetics$AbstractListChromosome#getRepresentation():68;0.0
org.apache.commons.math3.genetics$AbstractListChromosome#getLength():76;0.0
org.apache.commons.math3.genetics$AbstractListChromosome#toString():93;0.0
org.apache.commons.math3.genetics$BinaryChromosome#BinaryChromosome(java.util.List):38;0.0
org.apache.commons.math3.genetics$BinaryChromosome#BinaryChromosome(java.lang.Integer[]):47;0.0
org.apache.commons.math3.genetics$BinaryChromosome#checkValidity(java.util.List):55;0.0
org.apache.commons.math3.genetics$BinaryChromosome#randomBinaryRepresentation(int):70;0.0
org.apache.commons.math3.genetics$BinaryChromosome#isSame(org.apache.commons.math3.genetics.Chromosome):80;0.0
org.apache.commons.math3.genetics$ListPopulation#ListPopulation(int):52;0.0
org.apache.commons.math3.genetics$ListPopulation#ListPopulation(java.util.List,int):67;0.0
org.apache.commons.math3.genetics$ListPopulation#setChromosomes(java.util.List):99;0.0
org.apache.commons.math3.genetics$ListPopulation#addChromosomes(java.util.Collection):118;0.0
org.apache.commons.math3.genetics$ListPopulation#getChromosomes():130;0.0
org.apache.commons.math3.genetics$ListPopulation#getChromosomeList():139;0.0
org.apache.commons.math3.genetics$ListPopulation#addChromosome(org.apache.commons.math3.genetics.Chromosome):150;0.0
org.apache.commons.math3.genetics$ListPopulation#getFittestChromosome():163;0.0
org.apache.commons.math3.genetics$ListPopulation#getPopulationLimit():178;0.0
org.apache.commons.math3.genetics$ListPopulation#setPopulationLimit(int):189;0.0
org.apache.commons.math3.genetics$ListPopulation#getPopulationSize():203;0.0
org.apache.commons.math3.genetics$ListPopulation#toString():211;0.0
org.apache.commons.math3.genetics$ListPopulation#iterator():221;0.0
org.apache.commons.math3.genetics$ElitisticListPopulation#ElitisticListPopulation(java.util.List,int,double):56;0.0
org.apache.commons.math3.genetics$ElitisticListPopulation#ElitisticListPopulation(int,double):72;0.0
org.apache.commons.math3.genetics$ElitisticListPopulation#nextGeneration():85;0.0
org.apache.commons.math3.genetics$ElitisticListPopulation#setElitismRate(double):106;0.0
org.apache.commons.math3.genetics$ElitisticListPopulation#getElitismRate():117;0.0
org.apache.commons.math3.genetics$FixedGenerationCount#FixedGenerationCount(int):42;0.0
org.apache.commons.math3.genetics$FixedGenerationCount#isSatisfied(org.apache.commons.math3.genetics.Population):57;0.0
org.apache.commons.math3.genetics$FixedGenerationCount#getNumGenerations():69;0.0
org.apache.commons.math3.genetics$ChromosomePair#ChromosomePair(org.apache.commons.math3.genetics.Chromosome,org.apache.commons.math3.genetics.Chromosome):39;0.0
org.apache.commons.math3.genetics$ChromosomePair#getFirst():50;0.0
org.apache.commons.math3.genetics$ChromosomePair#getSecond():59;0.0
org.apache.commons.math3.genetics$ChromosomePair#toString():64;0.0
org.apache.commons.math3.genetics$TournamentSelection$1#nextGeneration():80;0.0
org.apache.commons.math3.genetics$RandomKey#RandomKey(java.util.List):74;0.0
org.apache.commons.math3.genetics$RandomKey#RandomKey(java.lang.Double[]):92;0.0
org.apache.commons.math3.genetics$RandomKey#decode(java.util.List):99;0.0
org.apache.commons.math3.genetics$RandomKey#decodeGeneric(java.util.List,java.util.List,java.util.List):118;0.0
org.apache.commons.math3.genetics$RandomKey#isSame(org.apache.commons.math3.genetics.Chromosome):151;0.0
org.apache.commons.math3.genetics$RandomKey#checkValidity(java.util.List):181;0.0
org.apache.commons.math3.genetics$RandomKey#randomPermutation(int):198;0.0
org.apache.commons.math3.genetics$RandomKey#identityPermutation(int):213;0.0
org.apache.commons.math3.genetics$RandomKey#comparatorPermutation(java.util.List,java.util.Comparator):235;0.0
org.apache.commons.math3.genetics$RandomKey#inducedPermutation(java.util.List,java.util.List):262;0.0
org.apache.commons.math3.genetics$RandomKey#toString():283;0.0
org.apache.commons.math3.genetics$RandomKey#baseSequence(int):293;0.0
org.apache.commons.math3.genetics$InvalidRepresentationException#InvalidRepresentationException(org.apache.commons.math3.exception.util.Localizable,java.lang.Object[]):40;0.0
org.apache.commons.math3.genetics$FixedElapsedTime#FixedElapsedTime(long):47;0.0
org.apache.commons.math3.genetics$FixedElapsedTime#FixedElapsedTime(long,java.util.concurrent.TimeUnit):57;0.0
org.apache.commons.math3.genetics$FixedElapsedTime#isSatisfied(org.apache.commons.math3.genetics.Population):72;0.0
org.apache.commons.math3.genetics$RandomKeyMutation#RandomKeyMutation():32;0.0
org.apache.commons.math3.genetics$RandomKeyMutation#mutate(org.apache.commons.math3.genetics.Chromosome):40;0.0
org.apache.commons.math3.genetics$OrderedCrossover#OrderedCrossover():61;0.0
org.apache.commons.math3.genetics$OrderedCrossover#crossover(org.apache.commons.math3.genetics.Chromosome,org.apache.commons.math3.genetics.Chromosome):74;0.0
org.apache.commons.math3.genetics$OrderedCrossover#mate(org.apache.commons.math3.genetics.AbstractListChromosome,org.apache.commons.math3.genetics.AbstractListChromosome):91;0.0
org.apache.commons.math3.genetics$UniformCrossover#UniformCrossover(double):63;0.0
org.apache.commons.math3.genetics$UniformCrossover#getRatio():76;0.0
org.apache.commons.math3.genetics$UniformCrossover#crossover(org.apache.commons.math3.genetics.Chromosome,org.apache.commons.math3.genetics.Chromosome):90;0.0
org.apache.commons.math3.genetics$UniformCrossover#mate(org.apache.commons.math3.genetics.AbstractListChromosome,org.apache.commons.math3.genetics.AbstractListChromosome):106;0.0
org.apache.commons.math3.genetics$NPointCrossover#NPointCrossover(int):67;0.0
org.apache.commons.math3.genetics$NPointCrossover#getCrossoverPoints():80;0.0
org.apache.commons.math3.genetics$NPointCrossover#crossover(org.apache.commons.math3.genetics.Chromosome,org.apache.commons.math3.genetics.Chromosome):111;0.0
org.apache.commons.math3.genetics$NPointCrossover#mate(org.apache.commons.math3.genetics.AbstractListChromosome,org.apache.commons.math3.genetics.AbstractListChromosome):130;0.0
org.apache.commons.math3.genetics$CycleCrossover#CycleCrossover():75;0.0
org.apache.commons.math3.genetics$CycleCrossover#CycleCrossover(boolean):83;0.0
org.apache.commons.math3.genetics$CycleCrossover#isRandomStart():93;0.0
org.apache.commons.math3.genetics$CycleCrossover#crossover(org.apache.commons.math3.genetics.Chromosome,org.apache.commons.math3.genetics.Chromosome):106;0.0
org.apache.commons.math3.genetics$CycleCrossover#mate(org.apache.commons.math3.genetics.AbstractListChromosome,org.apache.commons.math3.genetics.AbstractListChromosome):123;0.0
org.apache.commons.math3.geometry.euclidean.threed$Line#Line(org.apache.commons.math3.geometry.euclidean.threed.Vector3D,org.apache.commons.math3.geometry.euclidean.threed.Vector3D):54;0.0
org.apache.commons.math3.geometry.euclidean.threed$Line#Line(org.apache.commons.math3.geometry.euclidean.threed.Line):63;0.0
org.apache.commons.math3.geometry.euclidean.threed$Line#reset(org.apache.commons.math3.geometry.euclidean.threed.Vector3D,org.apache.commons.math3.geometry.euclidean.threed.Vector3D):74;0.0
org.apache.commons.math3.geometry.euclidean.threed$Line#revert():87;0.0
org.apache.commons.math3.geometry.euclidean.threed$Line#getDirection():96;0.0
org.apache.commons.math3.geometry.euclidean.threed$Line#getOrigin():103;0.0
org.apache.commons.math3.geometry.euclidean.threed$Line#getAbscissa(org.apache.commons.math3.geometry.euclidean.threed.Vector3D):114;0.0
org.apache.commons.math3.geometry.euclidean.threed$Line#pointAt(double):122;0.0
org.apache.commons.math3.geometry.euclidean.threed$Line#toSubSpace(org.apache.commons.math3.geometry.Vector):129;0.0
org.apache.commons.math3.geometry.euclidean.threed$Line#toSpace(org.apache.commons.math3.geometry.Vector):136;0.0
org.apache.commons.math3.geometry.euclidean.threed$Line#isSimilarTo(org.apache.commons.math3.geometry.euclidean.threed.Line):147;0.0
org.apache.commons.math3.geometry.euclidean.threed$Line#contains(org.apache.commons.math3.geometry.euclidean.threed.Vector3D):156;0.0
org.apache.commons.math3.geometry.euclidean.threed$Line#distance(org.apache.commons.math3.geometry.euclidean.threed.Vector3D):164;0.0
org.apache.commons.math3.geometry.euclidean.threed$Line#distance(org.apache.commons.math3.geometry.euclidean.threed.Line):175;0.0
org.apache.commons.math3.geometry.euclidean.threed$Line#closestPoint(org.apache.commons.math3.geometry.euclidean.threed.Line):195;0.0
org.apache.commons.math3.geometry.euclidean.threed$Line#intersection(org.apache.commons.math3.geometry.euclidean.threed.Line):216;0.0
org.apache.commons.math3.geometry.euclidean.threed$Line#wholeLine():224;0.0
org.apache.commons.math3.geometry.euclidean.threed$RotationOrder#RotationOrder(java.lang.String,org.apache.commons.math3.geometry.euclidean.threed.Vector3D,org.apache.commons.math3.geometry.euclidean.threed.Vector3D,org.apache.commons.math3.geometry.euclidean.threed.Vector3D):139;0.0
org.apache.commons.math3.geometry.euclidean.threed$RotationOrder#toString():151;0.0
org.apache.commons.math3.geometry.euclidean.threed$RotationOrder#getA1():158;0.0
org.apache.commons.math3.geometry.euclidean.threed$RotationOrder#getA2():165;0.0
org.apache.commons.math3.geometry.euclidean.threed$RotationOrder#getA3():172;0.0
org.apache.commons.math3.geometry.euclidean.threed$NotARotationMatrixException#NotARotationMatrixException(org.apache.commons.math3.exception.util.Localizable,java.lang.Object[]):45;0.0
org.apache.commons.math3.geometry.euclidean.threed$CardanEulerSingularityException#CardanEulerSingularityException(boolean):42;0.0
org.apache.commons.math3.geometry.euclidean.threed$Euclidean3D#Euclidean3D():37;0.0
org.apache.commons.math3.geometry.euclidean.threed$Euclidean3D#getInstance():44;0.0
org.apache.commons.math3.geometry.euclidean.threed$Euclidean3D#getDimension():49;0.0
org.apache.commons.math3.geometry.euclidean.threed$Euclidean3D#getSubSpace():54;0.0
org.apache.commons.math3.geometry.euclidean.threed$Euclidean3D#readResolve():72;0.0
org.apache.commons.math3.geometry.euclidean.threed$Euclidean3D$LazyHolder#Euclidean3D$LazyHolder():61;0.0
org.apache.commons.math3.geometry.euclidean.twod$Euclidean2D#Euclidean2D():37;0.0
org.apache.commons.math3.geometry.euclidean.twod$Euclidean2D#getInstance():44;0.0
org.apache.commons.math3.geometry.euclidean.twod$Euclidean2D#getDimension():49;0.0
org.apache.commons.math3.geometry.euclidean.twod$Euclidean2D#getSubSpace():54;0.0
org.apache.commons.math3.geometry.euclidean.twod$Euclidean2D#readResolve():72;0.0
org.apache.commons.math3.geometry.euclidean.twod$Euclidean2D$LazyHolder#Euclidean2D$LazyHolder():61;0.0
org.apache.commons.math3.geometry$VectorFormat#VectorFormat():84;0.0
org.apache.commons.math3.geometry$VectorFormat#VectorFormat(java.text.NumberFormat):93;0.0
org.apache.commons.math3.geometry$VectorFormat#VectorFormat(java.lang.String,java.lang.String,java.lang.String):104;0.0
org.apache.commons.math3.geometry$VectorFormat#VectorFormat(java.lang.String,java.lang.String,java.lang.String,java.text.NumberFormat):116;0.0
org.apache.commons.math3.geometry$VectorFormat#getAvailableLocales():132;0.0
org.apache.commons.math3.geometry$VectorFormat#getPrefix():140;0.0
org.apache.commons.math3.geometry$VectorFormat#getSuffix():148;0.0
org.apache.commons.math3.geometry$VectorFormat#getSeparator():156;0.0
org.apache.commons.math3.geometry$VectorFormat#getFormat():164;0.0
org.apache.commons.math3.geometry$VectorFormat#format(org.apache.commons.math3.geometry.Vector):173;0.0
org.apache.commons.math3.geometry$VectorFormat#format(java.lang.StringBuffer,java.text.FieldPosition,double[]):198;0.0
org.apache.commons.math3.geometry$VectorFormat#parseCoordinates(int,java.lang.String,java.text.ParsePosition):245;0.0
org.apache.commons.math3.geometry.euclidean.threed$Vector3DFormat#Vector3DFormat():54;0.0
org.apache.commons.math3.geometry.euclidean.threed$Vector3DFormat#Vector3DFormat(java.text.NumberFormat):63;0.0
org.apache.commons.math3.geometry.euclidean.threed$Vector3DFormat#Vector3DFormat(java.lang.String,java.lang.String,java.lang.String):74;0.0
org.apache.commons.math3.geometry.euclidean.threed$Vector3DFormat#Vector3DFormat(java.lang.String,java.lang.String,java.lang.String,java.text.NumberFormat):87;0.0
org.apache.commons.math3.geometry.euclidean.threed$Vector3DFormat#getInstance():95;0.0
org.apache.commons.math3.geometry.euclidean.threed$Vector3DFormat#getInstance(java.util.Locale):104;0.0
org.apache.commons.math3.geometry.euclidean.threed$Vector3DFormat#format(org.apache.commons.math3.geometry.Vector,java.lang.StringBuffer,java.text.FieldPosition):118;0.0
org.apache.commons.math3.geometry.euclidean.threed$Vector3DFormat#parse(java.lang.String):131;0.0
org.apache.commons.math3.geometry.euclidean.threed$Vector3DFormat#parse(java.lang.String,java.text.ParsePosition):149;0.0
org.apache.commons.math3.geometry.euclidean.threed$SphericalCoordinates#SphericalCoordinates(org.apache.commons.math3.geometry.euclidean.threed.Vector3D):85;0.0
org.apache.commons.math3.geometry.euclidean.threed$SphericalCoordinates#SphericalCoordinates(double,double,double):102;0.0
org.apache.commons.math3.geometry.euclidean.threed$SphericalCoordinates#getCartesian():125;0.0
org.apache.commons.math3.geometry.euclidean.threed$SphericalCoordinates#getR():134;0.0
org.apache.commons.math3.geometry.euclidean.threed$SphericalCoordinates#getTheta():143;0.0
org.apache.commons.math3.geometry.euclidean.threed$SphericalCoordinates#getPhi():152;0.0
org.apache.commons.math3.geometry.euclidean.threed$SphericalCoordinates#toCartesianGradient(double[]):165;0.0
org.apache.commons.math3.geometry.euclidean.threed$SphericalCoordinates#toCartesianHessian(double[][],double[]):197;0.0
org.apache.commons.math3.geometry.euclidean.threed$SphericalCoordinates#computeJacobian():246;0.0
org.apache.commons.math3.geometry.euclidean.threed$SphericalCoordinates#computeHessians():280;0.0
org.apache.commons.math3.geometry.euclidean.threed$SphericalCoordinates#writeReplace():352;0.0
org.apache.commons.math3.geometry.euclidean.threed$SphericalCoordinates$DataTransferObject#SphericalCoordinates$DataTransferObject(double,double,double):381;0.0
org.apache.commons.math3.geometry.euclidean.threed$SphericalCoordinates$DataTransferObject#readResolve():391;0.0
org.apache.commons.math3.geometry.euclidean.threed$FieldRotation#FieldRotation(org.apache.commons.math3.RealFieldElement,org.apache.commons.math3.RealFieldElement,org.apache.commons.math3.RealFieldElement,org.apache.commons.math3.RealFieldElement,boolean):76;0.0
org.apache.commons.math3.geometry.euclidean.threed$FieldRotation#FieldRotation(org.apache.commons.math3.geometry.euclidean.threed.FieldVector3D,org.apache.commons.math3.RealFieldElement):117;0.0
org.apache.commons.math3.geometry.euclidean.threed$FieldRotation#FieldRotation(org.apache.commons.math3.RealFieldElement[][],double):165;0.0
org.apache.commons.math3.geometry.euclidean.threed$FieldRotation#FieldRotation(org.apache.commons.math3.geometry.euclidean.threed.FieldVector3D,org.apache.commons.math3.geometry.euclidean.threed.FieldVector3D,org.apache.commons.math3.geometry.euclidean.threed.FieldVector3D,org.apache.commons.math3.geometry.euclidean.threed.FieldVector3D):218;0.0
org.apache.commons.math3.geometry.euclidean.threed$FieldRotation#FieldRotation(org.apache.commons.math3.geometry.euclidean.threed.FieldVector3D,org.apache.commons.math3.geometry.euclidean.threed.FieldVector3D):265;0.0
org.apache.commons.math3.geometry.euclidean.threed$FieldRotation#FieldRotation(org.apache.commons.math3.geometry.euclidean.threed.RotationOrder,org.apache.commons.math3.RealFieldElement,org.apache.commons.math3.RealFieldElement,org.apache.commons.math3.RealFieldElement):314;0.0
org.apache.commons.math3.geometry.euclidean.threed$FieldRotation#mat2quat(org.apache.commons.math3.RealFieldElement[][]):332;0.0
org.apache.commons.math3.geometry.euclidean.threed$FieldRotation#revert():395;0.0
org.apache.commons.math3.geometry.euclidean.threed$FieldRotation#getQ0():402;0.0
org.apache.commons.math3.geometry.euclidean.threed$FieldRotation#getQ1():409;0.0
org.apache.commons.math3.geometry.euclidean.threed$FieldRotation#getQ2():416;0.0
org.apache.commons.math3.geometry.euclidean.threed$FieldRotation#getQ3():423;0.0
org.apache.commons.math3.geometry.euclidean.threed$FieldRotation#getAxis():431;0.0
org.apache.commons.math3.geometry.euclidean.threed$FieldRotation#getAngle():448;0.0
org.apache.commons.math3.geometry.euclidean.threed$FieldRotation#getAngles(org.apache.commons.math3.geometry.euclidean.threed.RotationOrder):494;0.0
org.apache.commons.math3.geometry.euclidean.threed$FieldRotation#buildArray(org.apache.commons.math3.RealFieldElement,org.apache.commons.math3.RealFieldElement,org.apache.commons.math3.RealFieldElement):697;0.0
org.apache.commons.math3.geometry.euclidean.threed$FieldRotation#vector(double,double,double):711;0.0
org.apache.commons.math3.geometry.euclidean.threed$FieldRotation#getMatrix():721;0.0
org.apache.commons.math3.geometry.euclidean.threed$FieldRotation#toRotation():755;0.0
org.apache.commons.math3.geometry.euclidean.threed$FieldRotation#applyTo(org.apache.commons.math3.geometry.euclidean.threed.FieldVector3D):764;0.0
org.apache.commons.math3.geometry.euclidean.threed$FieldRotation#applyTo(org.apache.commons.math3.geometry.euclidean.threed.Vector3D):782;0.0
org.apache.commons.math3.geometry.euclidean.threed$FieldRotation#applyTo(org.apache.commons.math3.RealFieldElement[],org.apache.commons.math3.RealFieldElement[]):801;0.0
org.apache.commons.math3.geometry.euclidean.threed$FieldRotation#applyTo(double[],org.apache.commons.math3.RealFieldElement[]):819;0.0
org.apache.commons.math3.geometry.euclidean.threed$FieldRotation#applyTo(org.apache.commons.math3.geometry.euclidean.threed.Rotation,org.apache.commons.math3.geometry.euclidean.threed.FieldVector3D):839;0.0
org.apache.commons.math3.geometry.euclidean.threed$FieldRotation#applyInverseTo(org.apache.commons.math3.geometry.euclidean.threed.FieldVector3D):857;0.0
org.apache.commons.math3.geometry.euclidean.threed$FieldRotation#applyInverseTo(org.apache.commons.math3.geometry.euclidean.threed.Vector3D):876;0.0
org.apache.commons.math3.geometry.euclidean.threed$FieldRotation#applyInverseTo(org.apache.commons.math3.RealFieldElement[],org.apache.commons.math3.RealFieldElement[]):896;0.0
org.apache.commons.math3.geometry.euclidean.threed$FieldRotation#applyInverseTo(double[],org.apache.commons.math3.RealFieldElement[]):915;0.0
org.apache.commons.math3.geometry.euclidean.threed$FieldRotation#applyInverseTo(org.apache.commons.math3.geometry.euclidean.threed.Rotation,org.apache.commons.math3.geometry.euclidean.threed.FieldVector3D):936;0.0
org.apache.commons.math3.geometry.euclidean.threed$FieldRotation#applyTo(org.apache.commons.math3.geometry.euclidean.threed.FieldRotation):959;0.0
org.apache.commons.math3.geometry.euclidean.threed$FieldRotation#applyTo(org.apache.commons.math3.geometry.euclidean.threed.Rotation):976;0.0
org.apache.commons.math3.geometry.euclidean.threed$FieldRotation#applyTo(org.apache.commons.math3.geometry.euclidean.threed.Rotation,org.apache.commons.math3.geometry.euclidean.threed.FieldRotation):995;0.0
org.apache.commons.math3.geometry.euclidean.threed$FieldRotation#applyInverseTo(org.apache.commons.math3.geometry.euclidean.threed.FieldRotation):1014;0.0
org.apache.commons.math3.geometry.euclidean.threed$FieldRotation#applyInverseTo(org.apache.commons.math3.geometry.euclidean.threed.Rotation):1033;0.0
org.apache.commons.math3.geometry.euclidean.threed$FieldRotation#applyInverseTo(org.apache.commons.math3.geometry.euclidean.threed.Rotation,org.apache.commons.math3.geometry.euclidean.threed.FieldRotation):1054;0.0
org.apache.commons.math3.geometry.euclidean.threed$FieldRotation#orthogonalizeMatrix(org.apache.commons.math3.RealFieldElement[][],double):1074;0.0
org.apache.commons.math3.geometry.euclidean.threed$FieldRotation#distance(org.apache.commons.math3.geometry.euclidean.threed.FieldRotation,org.apache.commons.math3.geometry.euclidean.threed.FieldRotation):1181;0.0
org.apache.commons.math3.geometry.euclidean.threed$FieldVector3D#FieldVector3D(org.apache.commons.math3.RealFieldElement,org.apache.commons.math3.RealFieldElement,org.apache.commons.math3.RealFieldElement):60;0.0
org.apache.commons.math3.geometry.euclidean.threed$FieldVector3D#FieldVector3D(org.apache.commons.math3.RealFieldElement[]):72;0.0
org.apache.commons.math3.geometry.euclidean.threed$FieldVector3D#FieldVector3D(org.apache.commons.math3.RealFieldElement,org.apache.commons.math3.RealFieldElement):89;0.0
org.apache.commons.math3.geometry.euclidean.threed$FieldVector3D#FieldVector3D(org.apache.commons.math3.RealFieldElement,org.apache.commons.math3.geometry.euclidean.threed.FieldVector3D):102;0.0
org.apache.commons.math3.geometry.euclidean.threed$FieldVector3D#FieldVector3D(org.apache.commons.math3.RealFieldElement,org.apache.commons.math3.geometry.euclidean.threed.Vector3D):114;0.0
org.apache.commons.math3.geometry.euclidean.threed$FieldVector3D#FieldVector3D(double,org.apache.commons.math3.geometry.euclidean.threed.FieldVector3D):126;0.0
org.apache.commons.math3.geometry.euclidean.threed$FieldVector3D#FieldVector3D(org.apache.commons.math3.RealFieldElement,org.apache.commons.math3.geometry.euclidean.threed.FieldVector3D,org.apache.commons.math3.RealFieldElement,org.apache.commons.math3.geometry.euclidean.threed.FieldVector3D):141;0.0
org.apache.commons.math3.geometry.euclidean.threed$FieldVector3D#FieldVector3D(org.apache.commons.math3.RealFieldElement,org.apache.commons.math3.geometry.euclidean.threed.Vector3D,org.apache.commons.math3.RealFieldElement,org.apache.commons.math3.geometry.euclidean.threed.Vector3D):157;0.0
org.apache.commons.math3.geometry.euclidean.threed$FieldVector3D#FieldVector3D(double,org.apache.commons.math3.geometry.euclidean.threed.FieldVector3D,double,org.apache.commons.math3.geometry.euclidean.threed.FieldVector3D):173;0.0
org.apache.commons.math3.geometry.euclidean.threed$FieldVector3D#FieldVector3D(org.apache.commons.math3.RealFieldElement,org.apache.commons.math3.geometry.euclidean.threed.FieldVector3D,org.apache.commons.math3.RealFieldElement,org.apache.commons.math3.geometry.euclidean.threed.FieldVector3D,org.apache.commons.math3.RealFieldElement,org.apache.commons.math3.geometry.euclidean.threed.FieldVector3D):192;0.0
org.apache.commons.math3.geometry.euclidean.threed$FieldVector3D#FieldVector3D(org.apache.commons.math3.RealFieldElement,org.apache.commons.math3.geometry.euclidean.threed.Vector3D,org.apache.commons.math3.RealFieldElement,org.apache.commons.math3.geometry.euclidean.threed.Vector3D,org.apache.commons.math3.RealFieldElement,org.apache.commons.math3.geometry.euclidean.threed.Vector3D):211;0.0
org.apache.commons.math3.geometry.euclidean.threed$FieldVector3D#FieldVector3D(double,org.apache.commons.math3.geometry.euclidean.threed.FieldVector3D,double,org.apache.commons.math3.geometry.euclidean.threed.FieldVector3D,double,org.apache.commons.math3.geometry.euclidean.threed.FieldVector3D):230;0.0
org.apache.commons.math3.geometry.euclidean.threed$FieldVector3D#FieldVector3D(org.apache.commons.math3.RealFieldElement,org.apache.commons.math3.geometry.euclidean.threed.FieldVector3D,org.apache.commons.math3.RealFieldElement,org.apache.commons.math3.geometry.euclidean.threed.FieldVector3D,org.apache.commons.math3.RealFieldElement,org.apache.commons.math3.geometry.euclidean.threed.FieldVector3D,org.apache.commons.math3.RealFieldElement,org.apache.commons.math3.geometry.euclidean.threed.FieldVector3D):252;0.0
org.apache.commons.math3.geometry.euclidean.threed$FieldVector3D#FieldVector3D(org.apache.commons.math3.RealFieldElement,org.apache.commons.math3.geometry.euclidean.threed.Vector3D,org.apache.commons.math3.RealFieldElement,org.apache.commons.math3.geometry.euclidean.threed.Vector3D,org.apache.commons.math3.RealFieldElement,org.apache.commons.math3.geometry.euclidean.threed.Vector3D,org.apache.commons.math3.RealFieldElement,org.apache.commons.math3.geometry.euclidean.threed.Vector3D):274;0.0
org.apache.commons.math3.geometry.euclidean.threed$FieldVector3D#FieldVector3D(double,org.apache.commons.math3.geometry.euclidean.threed.FieldVector3D,double,org.apache.commons.math3.geometry.euclidean.threed.FieldVector3D,double,org.apache.commons.math3.geometry.euclidean.threed.FieldVector3D,double,org.apache.commons.math3.geometry.euclidean.threed.FieldVector3D):296;0.0
org.apache.commons.math3.geometry.euclidean.threed$FieldVector3D#getX():308;0.0
org.apache.commons.math3.geometry.euclidean.threed$FieldVector3D#getY():316;0.0
org.apache.commons.math3.geometry.euclidean.threed$FieldVector3D#getZ():324;0.0
org.apache.commons.math3.geometry.euclidean.threed$FieldVector3D#toArray():332;0.0
org.apache.commons.math3.geometry.euclidean.threed$FieldVector3D#toVector3D():343;0.0
org.apache.commons.math3.geometry.euclidean.threed$FieldVector3D#getNorm1():350;0.0
org.apache.commons.math3.geometry.euclidean.threed$FieldVector3D#getNorm():358;0.0
org.apache.commons.math3.geometry.euclidean.threed$FieldVector3D#getNormSq():366;0.0
org.apache.commons.math3.geometry.euclidean.threed$FieldVector3D#getNormInf():373;0.0
org.apache.commons.math3.geometry.euclidean.threed$FieldVector3D#getAlpha():396;0.0
org.apache.commons.math3.geometry.euclidean.threed$FieldVector3D#getDelta():404;0.0
org.apache.commons.math3.geometry.euclidean.threed$FieldVector3D#add(org.apache.commons.math3.geometry.euclidean.threed.FieldVector3D):412;0.0
org.apache.commons.math3.geometry.euclidean.threed$FieldVector3D#add(org.apache.commons.math3.geometry.euclidean.threed.Vector3D):420;0.0
org.apache.commons.math3.geometry.euclidean.threed$FieldVector3D#add(org.apache.commons.math3.RealFieldElement,org.apache.commons.math3.geometry.euclidean.threed.FieldVector3D):429;0.0
org.apache.commons.math3.geometry.euclidean.threed$FieldVector3D#add(org.apache.commons.math3.RealFieldElement,org.apache.commons.math3.geometry.euclidean.threed.Vector3D):438;0.0
org.apache.commons.math3.geometry.euclidean.threed$FieldVector3D#add(double,org.apache.commons.math3.geometry.euclidean.threed.FieldVector3D):449;0.0
org.apache.commons.math3.geometry.euclidean.threed$FieldVector3D#add(double,org.apache.commons.math3.geometry.euclidean.threed.Vector3D):458;0.0
org.apache.commons.math3.geometry.euclidean.threed$FieldVector3D#subtract(org.apache.commons.math3.geometry.euclidean.threed.FieldVector3D):468;0.0
org.apache.commons.math3.geometry.euclidean.threed$FieldVector3D#subtract(org.apache.commons.math3.geometry.euclidean.threed.Vector3D):476;0.0
org.apache.commons.math3.geometry.euclidean.threed$FieldVector3D#subtract(org.apache.commons.math3.RealFieldElement,org.apache.commons.math3.geometry.euclidean.threed.FieldVector3D):485;0.0
org.apache.commons.math3.geometry.euclidean.threed$FieldVector3D#subtract(org.apache.commons.math3.RealFieldElement,org.apache.commons.math3.geometry.euclidean.threed.Vector3D):494;0.0
org.apache.commons.math3.geometry.euclidean.threed$FieldVector3D#subtract(double,org.apache.commons.math3.geometry.euclidean.threed.FieldVector3D):505;0.0
org.apache.commons.math3.geometry.euclidean.threed$FieldVector3D#subtract(double,org.apache.commons.math3.geometry.euclidean.threed.Vector3D):514;0.0
org.apache.commons.math3.geometry.euclidean.threed$FieldVector3D#normalize():524;0.0
org.apache.commons.math3.geometry.euclidean.threed$FieldVector3D#orthogonal():548;0.0
org.apache.commons.math3.geometry.euclidean.threed$FieldVector3D#angle(org.apache.commons.math3.geometry.euclidean.threed.FieldVector3D,org.apache.commons.math3.geometry.euclidean.threed.FieldVector3D):581;0.0
org.apache.commons.math3.geometry.euclidean.threed$FieldVector3D#angle(org.apache.commons.math3.geometry.euclidean.threed.FieldVector3D,org.apache.commons.math3.geometry.euclidean.threed.Vector3D):617;0.0
org.apache.commons.math3.geometry.euclidean.threed$FieldVector3D#angle(org.apache.commons.math3.geometry.euclidean.threed.Vector3D,org.apache.commons.math3.geometry.euclidean.threed.FieldVector3D):652;0.0
org.apache.commons.math3.geometry.euclidean.threed$FieldVector3D#negate():659;0.0
org.apache.commons.math3.geometry.euclidean.threed$FieldVector3D#scalarMultiply(org.apache.commons.math3.RealFieldElement):667;0.0
org.apache.commons.math3.geometry.euclidean.threed$FieldVector3D#scalarMultiply(double):675;0.0
org.apache.commons.math3.geometry.euclidean.threed$FieldVector3D#isNaN():683;0.0
org.apache.commons.math3.geometry.euclidean.threed$FieldVector3D#isInfinite():693;0.0
org.apache.commons.math3.geometry.euclidean.threed$FieldVector3D#equals(java.lang.Object):718;0.0
org.apache.commons.math3.geometry.euclidean.threed$FieldVector3D#hashCode():744;0.0
org.apache.commons.math3.geometry.euclidean.threed$FieldVector3D#dotProduct(org.apache.commons.math3.geometry.euclidean.threed.FieldVector3D):761;0.0
org.apache.commons.math3.geometry.euclidean.threed$FieldVector3D#dotProduct(org.apache.commons.math3.geometry.euclidean.threed.Vector3D):775;0.0
org.apache.commons.math3.geometry.euclidean.threed$FieldVector3D#crossProduct(org.apache.commons.math3.geometry.euclidean.threed.FieldVector3D):783;0.0
org.apache.commons.math3.geometry.euclidean.threed$FieldVector3D#crossProduct(org.apache.commons.math3.geometry.euclidean.threed.Vector3D):793;0.0
org.apache.commons.math3.geometry.euclidean.threed$FieldVector3D#distance1(org.apache.commons.math3.geometry.euclidean.threed.FieldVector3D):806;0.0
org.apache.commons.math3.geometry.euclidean.threed$FieldVector3D#distance1(org.apache.commons.math3.geometry.euclidean.threed.Vector3D):820;0.0
org.apache.commons.math3.geometry.euclidean.threed$FieldVector3D#distance(org.apache.commons.math3.geometry.euclidean.threed.FieldVector3D):834;0.0
org.apache.commons.math3.geometry.euclidean.threed$FieldVector3D#distance(org.apache.commons.math3.geometry.euclidean.threed.Vector3D):848;0.0
org.apache.commons.math3.geometry.euclidean.threed$FieldVector3D#distanceInf(org.apache.commons.math3.geometry.euclidean.threed.FieldVector3D):862;0.0
org.apache.commons.math3.geometry.euclidean.threed$FieldVector3D#distanceInf(org.apache.commons.math3.geometry.euclidean.threed.Vector3D):888;0.0
org.apache.commons.math3.geometry.euclidean.threed$FieldVector3D#distanceSq(org.apache.commons.math3.geometry.euclidean.threed.FieldVector3D):914;0.0
org.apache.commons.math3.geometry.euclidean.threed$FieldVector3D#distanceSq(org.apache.commons.math3.geometry.euclidean.threed.Vector3D):928;0.0
org.apache.commons.math3.geometry.euclidean.threed$FieldVector3D#dotProduct(org.apache.commons.math3.geometry.euclidean.threed.FieldVector3D,org.apache.commons.math3.geometry.euclidean.threed.FieldVector3D):942;0.0
org.apache.commons.math3.geometry.euclidean.threed$FieldVector3D#dotProduct(org.apache.commons.math3.geometry.euclidean.threed.FieldVector3D,org.apache.commons.math3.geometry.euclidean.threed.Vector3D):953;0.0
org.apache.commons.math3.geometry.euclidean.threed$FieldVector3D#dotProduct(org.apache.commons.math3.geometry.euclidean.threed.Vector3D,org.apache.commons.math3.geometry.euclidean.threed.FieldVector3D):964;0.0
org.apache.commons.math3.geometry.euclidean.threed$FieldVector3D#crossProduct(org.apache.commons.math3.geometry.euclidean.threed.FieldVector3D,org.apache.commons.math3.geometry.euclidean.threed.FieldVector3D):975;0.0
org.apache.commons.math3.geometry.euclidean.threed$FieldVector3D#crossProduct(org.apache.commons.math3.geometry.euclidean.threed.FieldVector3D,org.apache.commons.math3.geometry.euclidean.threed.Vector3D):986;0.0
org.apache.commons.math3.geometry.euclidean.threed$FieldVector3D#crossProduct(org.apache.commons.math3.geometry.euclidean.threed.Vector3D,org.apache.commons.math3.geometry.euclidean.threed.FieldVector3D):997;0.0
org.apache.commons.math3.geometry.euclidean.threed$FieldVector3D#distance1(org.apache.commons.math3.geometry.euclidean.threed.FieldVector3D,org.apache.commons.math3.geometry.euclidean.threed.FieldVector3D):1013;0.0
org.apache.commons.math3.geometry.euclidean.threed$FieldVector3D#distance1(org.apache.commons.math3.geometry.euclidean.threed.FieldVector3D,org.apache.commons.math3.geometry.euclidean.threed.Vector3D):1027;0.0
org.apache.commons.math3.geometry.euclidean.threed$FieldVector3D#distance1(org.apache.commons.math3.geometry.euclidean.threed.Vector3D,org.apache.commons.math3.geometry.euclidean.threed.FieldVector3D):1041;0.0
org.apache.commons.math3.geometry.euclidean.threed$FieldVector3D#distance(org.apache.commons.math3.geometry.euclidean.threed.FieldVector3D,org.apache.commons.math3.geometry.euclidean.threed.FieldVector3D):1055;0.0
org.apache.commons.math3.geometry.euclidean.threed$FieldVector3D#distance(org.apache.commons.math3.geometry.euclidean.threed.FieldVector3D,org.apache.commons.math3.geometry.euclidean.threed.Vector3D):1069;0.0
org.apache.commons.math3.geometry.euclidean.threed$FieldVector3D#distance(org.apache.commons.math3.geometry.euclidean.threed.Vector3D,org.apache.commons.math3.geometry.euclidean.threed.FieldVector3D):1083;0.0
org.apache.commons.math3.geometry.euclidean.threed$FieldVector3D#distanceInf(org.apache.commons.math3.geometry.euclidean.threed.FieldVector3D,org.apache.commons.math3.geometry.euclidean.threed.FieldVector3D):1097;0.0
org.apache.commons.math3.geometry.euclidean.threed$FieldVector3D#distanceInf(org.apache.commons.math3.geometry.euclidean.threed.FieldVector3D,org.apache.commons.math3.geometry.euclidean.threed.Vector3D):1111;0.0
org.apache.commons.math3.geometry.euclidean.threed$FieldVector3D#distanceInf(org.apache.commons.math3.geometry.euclidean.threed.Vector3D,org.apache.commons.math3.geometry.euclidean.threed.FieldVector3D):1125;0.0
org.apache.commons.math3.geometry.euclidean.threed$FieldVector3D#distanceSq(org.apache.commons.math3.geometry.euclidean.threed.FieldVector3D,org.apache.commons.math3.geometry.euclidean.threed.FieldVector3D):1139;0.0
org.apache.commons.math3.geometry.euclidean.threed$FieldVector3D#distanceSq(org.apache.commons.math3.geometry.euclidean.threed.FieldVector3D,org.apache.commons.math3.geometry.euclidean.threed.Vector3D):1153;0.0
org.apache.commons.math3.geometry.euclidean.threed$FieldVector3D#distanceSq(org.apache.commons.math3.geometry.euclidean.threed.Vector3D,org.apache.commons.math3.geometry.euclidean.threed.FieldVector3D):1167;0.0
org.apache.commons.math3.geometry.euclidean.threed$FieldVector3D#toString():1175;0.0
org.apache.commons.math3.geometry.euclidean.threed$FieldVector3D#toString(java.text.NumberFormat):1183;0.0
org.apache.commons.math3.geometry.euclidean.threed$Segment#Segment(org.apache.commons.math3.geometry.euclidean.threed.Vector3D,org.apache.commons.math3.geometry.euclidean.threed.Vector3D,org.apache.commons.math3.geometry.euclidean.threed.Line):40;0.0
org.apache.commons.math3.geometry.euclidean.threed$Segment#getStart():50;0.0
org.apache.commons.math3.geometry.euclidean.threed$Segment#getEnd():57;0.0
org.apache.commons.math3.geometry.euclidean.threed$Segment#getLine():64;0.0
org.apache.commons.math3.geometry.euclidean.threed$SubLine#SubLine(org.apache.commons.math3.geometry.euclidean.threed.Line,org.apache.commons.math3.geometry.euclidean.oned.IntervalsSet):44;0.0
org.apache.commons.math3.geometry.euclidean.threed$SubLine#SubLine(org.apache.commons.math3.geometry.euclidean.threed.Vector3D,org.apache.commons.math3.geometry.euclidean.threed.Vector3D):56;0.0
org.apache.commons.math3.geometry.euclidean.threed$SubLine#SubLine(org.apache.commons.math3.geometry.euclidean.threed.Segment):64;0.0
org.apache.commons.math3.geometry.euclidean.threed$SubLine#getSegments():83;0.0
org.apache.commons.math3.geometry.euclidean.threed$SubLine#intersection(org.apache.commons.math3.geometry.euclidean.threed.SubLine,boolean):113;0.0
org.apache.commons.math3.geometry.euclidean.threed$SubLine#buildIntervalSet(org.apache.commons.math3.geometry.euclidean.threed.Vector3D,org.apache.commons.math3.geometry.euclidean.threed.Vector3D):140;0.0
org.apache.commons.math3.geometry.partitioning$AbstractRegion#AbstractRegion():51;0.0
org.apache.commons.math3.geometry.partitioning$AbstractRegion#AbstractRegion(org.apache.commons.math3.geometry.partitioning.BSPTree):67;0.0
org.apache.commons.math3.geometry.partitioning$AbstractRegion#AbstractRegion(java.util.Collection):90;0.0
org.apache.commons.math3.geometry.partitioning$AbstractRegion#AbstractRegion(org.apache.commons.math3.geometry.partitioning.Hyperplane[]):142;0.0
org.apache.commons.math3.geometry.partitioning$AbstractRegion#insertCuts(org.apache.commons.math3.geometry.partitioning.BSPTree,java.util.Collection):177;0.0
org.apache.commons.math3.geometry.partitioning$AbstractRegion#copySelf():222;0.0
org.apache.commons.math3.geometry.partitioning$AbstractRegion#isEmpty():227;0.0
org.apache.commons.math3.geometry.partitioning$AbstractRegion#isEmpty(org.apache.commons.math3.geometry.partitioning.BSPTree):237;0.0
org.apache.commons.math3.geometry.partitioning$AbstractRegion#contains(org.apache.commons.math3.geometry.partitioning.Region):249;0.0
org.apache.commons.math3.geometry.partitioning$AbstractRegion#checkPoint(org.apache.commons.math3.geometry.Vector):254;0.0
org.apache.commons.math3.geometry.partitioning$AbstractRegion#checkPoint(org.apache.commons.math3.geometry.partitioning.BSPTree,org.apache.commons.math3.geometry.Vector):265;0.0
org.apache.commons.math3.geometry.partitioning$AbstractRegion#getTree(boolean):280;0.0
org.apache.commons.math3.geometry.partitioning$AbstractRegion#getBoundarySize():405;0.0
org.apache.commons.math3.geometry.partitioning$AbstractRegion#getSize():412;0.0
org.apache.commons.math3.geometry.partitioning$AbstractRegion#setSize(double):422;0.0
org.apache.commons.math3.geometry.partitioning$AbstractRegion#getBarycenter():427;0.0
org.apache.commons.math3.geometry.partitioning$AbstractRegion#setBarycenter(org.apache.commons.math3.geometry.Vector):437;0.0
org.apache.commons.math3.geometry.partitioning$AbstractRegion#side(org.apache.commons.math3.geometry.partitioning.Hyperplane):447;0.0
org.apache.commons.math3.geometry.partitioning$AbstractRegion#recurseSides(org.apache.commons.math3.geometry.partitioning.BSPTree,org.apache.commons.math3.geometry.partitioning.SubHyperplane,org.apache.commons.math3.geometry.partitioning.AbstractRegion$Sides):471;0.0
org.apache.commons.math3.geometry.partitioning$AbstractRegion#intersection(org.apache.commons.math3.geometry.partitioning.SubHyperplane):591;0.0
org.apache.commons.math3.geometry.partitioning$AbstractRegion#recurseIntersection(org.apache.commons.math3.geometry.partitioning.BSPTree,org.apache.commons.math3.geometry.partitioning.SubHyperplane):602;0.0
org.apache.commons.math3.geometry.partitioning$AbstractRegion#applyTransform(org.apache.commons.math3.geometry.partitioning.Transform):641;0.0
org.apache.commons.math3.geometry.partitioning$AbstractRegion#recurseTransform(org.apache.commons.math3.geometry.partitioning.BSPTree,org.apache.commons.math3.geometry.partitioning.Transform):652;0.0
org.apache.commons.math3.geometry.euclidean.oned$IntervalsSet#IntervalsSet():37;0.0
org.apache.commons.math3.geometry.euclidean.oned$IntervalsSet#IntervalsSet(double,double):47;0.0
org.apache.commons.math3.geometry.euclidean.oned$IntervalsSet#IntervalsSet(org.apache.commons.math3.geometry.partitioning.BSPTree):60;0.0
org.apache.commons.math3.geometry.euclidean.oned$IntervalsSet#IntervalsSet(java.util.Collection):83;0.0
org.apache.commons.math3.geometry.euclidean.oned$IntervalsSet#buildTree(double,double):94;0.0
org.apache.commons.math3.geometry.euclidean.oned$IntervalsSet#buildNew(org.apache.commons.math3.geometry.partitioning.BSPTree):133;0.0
org.apache.commons.math3.geometry.euclidean.oned$IntervalsSet#computeGeometricalProperties():139;0.0
org.apache.commons.math3.geometry.euclidean.oned$IntervalsSet#getInf():167;0.0
org.apache.commons.math3.geometry.euclidean.oned$IntervalsSet#getSup():184;0.0
org.apache.commons.math3.geometry.euclidean.oned$IntervalsSet#asList():208;0.0
org.apache.commons.math3.geometry.euclidean.oned$IntervalsSet#recurseList(org.apache.commons.math3.geometry.partitioning.BSPTree,java.util.List,double,double):224;0.0
org.apache.commons.math3.geometry.euclidean.oned$Vector1D#Vector1D(double):65;0.0
org.apache.commons.math3.geometry.euclidean.oned$Vector1D#Vector1D(double,org.apache.commons.math3.geometry.euclidean.oned.Vector1D):75;0.0
org.apache.commons.math3.geometry.euclidean.oned$Vector1D#Vector1D(double,org.apache.commons.math3.geometry.euclidean.oned.Vector1D,double,org.apache.commons.math3.geometry.euclidean.oned.Vector1D):87;0.0
org.apache.commons.math3.geometry.euclidean.oned$Vector1D#Vector1D(double,org.apache.commons.math3.geometry.euclidean.oned.Vector1D,double,org.apache.commons.math3.geometry.euclidean.oned.Vector1D,double,org.apache.commons.math3.geometry.euclidean.oned.Vector1D):102;0.0
org.apache.commons.math3.geometry.euclidean.oned$Vector1D#Vector1D(double,org.apache.commons.math3.geometry.euclidean.oned.Vector1D,double,org.apache.commons.math3.geometry.euclidean.oned.Vector1D,double,org.apache.commons.math3.geometry.euclidean.oned.Vector1D,double,org.apache.commons.math3.geometry.euclidean.oned.Vector1D):119;0.0
org.apache.commons.math3.geometry.euclidean.oned$Vector1D#getX():128;0.0
org.apache.commons.math3.geometry.euclidean.oned$Vector1D#getSpace():133;0.0
org.apache.commons.math3.geometry.euclidean.oned$Vector1D#getZero():138;0.0
org.apache.commons.math3.geometry.euclidean.oned$Vector1D#getNorm1():143;0.0
org.apache.commons.math3.geometry.euclidean.oned$Vector1D#getNorm():148;0.0
org.apache.commons.math3.geometry.euclidean.oned$Vector1D#getNormSq():153;0.0
org.apache.commons.math3.geometry.euclidean.oned$Vector1D#getNormInf():158;0.0
org.apache.commons.math3.geometry.euclidean.oned$Vector1D#add(org.apache.commons.math3.geometry.Vector):163;0.0
org.apache.commons.math3.geometry.euclidean.oned$Vector1D#add(double,org.apache.commons.math3.geometry.Vector):169;0.0
org.apache.commons.math3.geometry.euclidean.oned$Vector1D#subtract(org.apache.commons.math3.geometry.Vector):175;0.0
org.apache.commons.math3.geometry.euclidean.oned$Vector1D#subtract(double,org.apache.commons.math3.geometry.Vector):181;0.0
org.apache.commons.math3.geometry.euclidean.oned$Vector1D#normalize():187;0.0
org.apache.commons.math3.geometry.euclidean.oned$Vector1D#negate():195;0.0
org.apache.commons.math3.geometry.euclidean.oned$Vector1D#scalarMultiply(double):200;0.0
org.apache.commons.math3.geometry.euclidean.oned$Vector1D#isNaN():205;0.0
org.apache.commons.math3.geometry.euclidean.oned$Vector1D#isInfinite():210;0.0
org.apache.commons.math3.geometry.euclidean.oned$Vector1D#distance1(org.apache.commons.math3.geometry.Vector):215;0.0
org.apache.commons.math3.geometry.euclidean.oned$Vector1D#distance(org.apache.commons.math3.geometry.Vector):222;0.0
org.apache.commons.math3.geometry.euclidean.oned$Vector1D#distanceInf(org.apache.commons.math3.geometry.Vector):229;0.0
org.apache.commons.math3.geometry.euclidean.oned$Vector1D#distanceSq(org.apache.commons.math3.geometry.Vector):236;0.0
org.apache.commons.math3.geometry.euclidean.oned$Vector1D#dotProduct(org.apache.commons.math3.geometry.Vector):243;0.0
org.apache.commons.math3.geometry.euclidean.oned$Vector1D#distance(org.apache.commons.math3.geometry.euclidean.oned.Vector1D,org.apache.commons.math3.geometry.euclidean.oned.Vector1D):256;0.0
org.apache.commons.math3.geometry.euclidean.oned$Vector1D#distanceInf(org.apache.commons.math3.geometry.euclidean.oned.Vector1D,org.apache.commons.math3.geometry.euclidean.oned.Vector1D):268;0.0
org.apache.commons.math3.geometry.euclidean.oned$Vector1D#distanceSq(org.apache.commons.math3.geometry.euclidean.oned.Vector1D,org.apache.commons.math3.geometry.euclidean.oned.Vector1D):280;0.0
org.apache.commons.math3.geometry.euclidean.oned$Vector1D#equals(java.lang.Object):305;0.0
org.apache.commons.math3.geometry.euclidean.oned$Vector1D#hashCode():329;0.0
org.apache.commons.math3.geometry.euclidean.oned$Vector1D#toString():340;0.0
org.apache.commons.math3.geometry.euclidean.oned$Vector1D#toString(java.text.NumberFormat):345;0.0
org.apache.commons.math3.geometry.euclidean.oned$OrientedPoint#OrientedPoint(org.apache.commons.math3.geometry.euclidean.oned.Vector1D,boolean):42;0.0
org.apache.commons.math3.geometry.euclidean.oned$OrientedPoint#copySelf():53;0.0
org.apache.commons.math3.geometry.euclidean.oned$OrientedPoint#getOffset(org.apache.commons.math3.geometry.Vector):58;0.0
org.apache.commons.math3.geometry.euclidean.oned$OrientedPoint#wholeHyperplane():74;0.0
org.apache.commons.math3.geometry.euclidean.oned$OrientedPoint#wholeSpace():82;0.0
org.apache.commons.math3.geometry.euclidean.oned$OrientedPoint#sameOrientationAs(org.apache.commons.math3.geometry.partitioning.Hyperplane):87;0.0
org.apache.commons.math3.geometry.euclidean.oned$OrientedPoint#getLocation():94;0.0
org.apache.commons.math3.geometry.euclidean.oned$OrientedPoint#isDirect():102;0.0
org.apache.commons.math3.geometry.euclidean.oned$OrientedPoint#revertSelf():108;0.0
org.apache.commons.math3.geometry.partitioning$AbstractSubHyperplane#AbstractSubHyperplane(org.apache.commons.math3.geometry.partitioning.Hyperplane,org.apache.commons.math3.geometry.partitioning.Region):50;0.0
org.apache.commons.math3.geometry.partitioning$AbstractSubHyperplane#copySelf():65;0.0
org.apache.commons.math3.geometry.partitioning$AbstractSubHyperplane#getHyperplane():72;0.0
org.apache.commons.math3.geometry.partitioning$AbstractSubHyperplane#getRemainingRegion():83;0.0
org.apache.commons.math3.geometry.partitioning$AbstractSubHyperplane#getSize():88;0.0
org.apache.commons.math3.geometry.partitioning$AbstractSubHyperplane#reunite(org.apache.commons.math3.geometry.partitioning.SubHyperplane):94;0.0
org.apache.commons.math3.geometry.partitioning$AbstractSubHyperplane#applyTransform(org.apache.commons.math3.geometry.partitioning.Transform):110;0.0
org.apache.commons.math3.geometry.partitioning$AbstractSubHyperplane#recurseTransform(org.apache.commons.math3.geometry.partitioning.BSPTree,org.apache.commons.math3.geometry.partitioning.Hyperplane,org.apache.commons.math3.geometry.partitioning.Transform):125;0.0
org.apache.commons.math3.geometry.partitioning$AbstractSubHyperplane#isEmpty():155;0.0
org.apache.commons.math3.geometry.euclidean.oned$SubOrientedPoint#SubOrientedPoint(org.apache.commons.math3.geometry.partitioning.Hyperplane,org.apache.commons.math3.geometry.partitioning.Region):39;0.0
org.apache.commons.math3.geometry.euclidean.oned$SubOrientedPoint#getSize():45;0.0
org.apache.commons.math3.geometry.euclidean.oned$SubOrientedPoint#buildNew(org.apache.commons.math3.geometry.partitioning.Hyperplane,org.apache.commons.math3.geometry.partitioning.Region):52;0.0
org.apache.commons.math3.geometry.euclidean.oned$SubOrientedPoint#side(org.apache.commons.math3.geometry.partitioning.Hyperplane):58;0.0
org.apache.commons.math3.geometry.euclidean.oned$SubOrientedPoint#split(org.apache.commons.math3.geometry.partitioning.Hyperplane):65;0.0
org.apache.commons.math3.geometry.partitioning$BSPTree#BSPTree():82;0.0
org.apache.commons.math3.geometry.partitioning$BSPTree#BSPTree(java.lang.Object):93;0.0
org.apache.commons.math3.geometry.partitioning$BSPTree#BSPTree(org.apache.commons.math3.geometry.partitioning.SubHyperplane,org.apache.commons.math3.geometry.partitioning.BSPTree,org.apache.commons.math3.geometry.partitioning.BSPTree,java.lang.Object):115;0.0
org.apache.commons.math3.geometry.partitioning$BSPTree#insertCut(org.apache.commons.math3.geometry.partitioning.Hyperplane):150;0.0
org.apache.commons.math3.geometry.partitioning$BSPTree#copySelf():181;0.0
org.apache.commons.math3.geometry.partitioning$BSPTree#getCut():194;0.0
org.apache.commons.math3.geometry.partitioning$BSPTree#getPlus():202;0.0
org.apache.commons.math3.geometry.partitioning$BSPTree#getMinus():210;0.0
org.apache.commons.math3.geometry.partitioning$BSPTree#getParent():217;0.0
org.apache.commons.math3.geometry.partitioning$BSPTree#setAttribute(java.lang.Object):225;0.0
org.apache.commons.math3.geometry.partitioning$BSPTree#getAttribute():235;0.0
org.apache.commons.math3.geometry.partitioning$BSPTree#visit(org.apache.commons.math3.geometry.partitioning.BSPTreeVisitor):242;0.0
org.apache.commons.math3.geometry.partitioning$BSPTree#fitToCell(org.apache.commons.math3.geometry.partitioning.SubHyperplane):292;0.0
org.apache.commons.math3.geometry.partitioning$BSPTree#getCell(org.apache.commons.math3.geometry.Vector):312;0.0
org.apache.commons.math3.geometry.partitioning$BSPTree#condense():336;0.0
org.apache.commons.math3.geometry.partitioning$BSPTree#merge(org.apache.commons.math3.geometry.partitioning.BSPTree,org.apache.commons.math3.geometry.partitioning.BSPTree$LeafMerger):365;0.0
org.apache.commons.math3.geometry.partitioning$BSPTree#merge(org.apache.commons.math3.geometry.partitioning.BSPTree,org.apache.commons.math3.geometry.partitioning.BSPTree$LeafMerger,org.apache.commons.math3.geometry.partitioning.BSPTree,boolean):385;0.0
org.apache.commons.math3.geometry.partitioning$BSPTree#split(org.apache.commons.math3.geometry.partitioning.SubHyperplane):489;0.0
org.apache.commons.math3.geometry.partitioning$BSPTree#insertInTree(org.apache.commons.math3.geometry.partitioning.BSPTree,boolean):567;0.0
org.apache.commons.math3.geometry.partitioning$BSPTree#chopOffMinus(org.apache.commons.math3.geometry.partitioning.Hyperplane):614;0.0
org.apache.commons.math3.geometry.partitioning$BSPTree#chopOffPlus(org.apache.commons.math3.geometry.partitioning.Hyperplane):628;0.0
org.apache.commons.math3.geometry.partitioning$Region$Location#Region$Location(java.lang.String,int):50;0.0
org.apache.commons.math3.geometry.euclidean.oned$Interval#Interval(double,double):39;0.0
org.apache.commons.math3.geometry.euclidean.oned$Interval#getInf():49;0.0
org.apache.commons.math3.geometry.euclidean.oned$Interval#getLower():58;0.0
org.apache.commons.math3.geometry.euclidean.oned$Interval#getSup():66;0.0
org.apache.commons.math3.geometry.euclidean.oned$Interval#getUpper():75;0.0
org.apache.commons.math3.geometry.euclidean.oned$Interval#getSize():83;0.0
org.apache.commons.math3.geometry.euclidean.oned$Interval#getLength():92;0.0
org.apache.commons.math3.geometry.euclidean.oned$Interval#getBarycenter():100;0.0
org.apache.commons.math3.geometry.euclidean.oned$Interval#getMidPoint():109;0.0
org.apache.commons.math3.geometry.euclidean.oned$Interval#checkPoint(double,double):121;0.0
org.apache.commons.math3.geometry.partitioning$RegionFactory#RegionFactory():35;0.0
org.apache.commons.math3.geometry.partitioning$RegionFactory#buildConvex(org.apache.commons.math3.geometry.partitioning.Hyperplane[]):44;0.0
org.apache.commons.math3.geometry.partitioning$RegionFactory#union(org.apache.commons.math3.geometry.partitioning.Region,org.apache.commons.math3.geometry.partitioning.Region):75;0.0
org.apache.commons.math3.geometry.partitioning$RegionFactory#intersection(org.apache.commons.math3.geometry.partitioning.Region,org.apache.commons.math3.geometry.partitioning.Region):89;0.0
org.apache.commons.math3.geometry.partitioning$RegionFactory#xor(org.apache.commons.math3.geometry.partitioning.Region,org.apache.commons.math3.geometry.partitioning.Region):103;0.0
org.apache.commons.math3.geometry.partitioning$RegionFactory#difference(org.apache.commons.math3.geometry.partitioning.Region,org.apache.commons.math3.geometry.partitioning.Region):117;0.0
org.apache.commons.math3.geometry.partitioning$RegionFactory#getComplement(org.apache.commons.math3.geometry.partitioning.Region):129;0.0
org.apache.commons.math3.geometry.partitioning$RegionFactory#recurseComplement(org.apache.commons.math3.geometry.partitioning.BSPTree):137;0.0
org.apache.commons.math3.geometry.partitioning$RegionFactory$NodesCleaner#RegionFactory$NodesCleaner(org.apache.commons.math3.geometry.partitioning.RegionFactory):230;0.0
org.apache.commons.math3.geometry.partitioning$RegionFactory$NodesCleaner#visitOrder(org.apache.commons.math3.geometry.partitioning.BSPTree):234;0.0
org.apache.commons.math3.geometry.partitioning$RegionFactory$NodesCleaner#visitInternalNode(org.apache.commons.math3.geometry.partitioning.BSPTree):239;0.0
org.apache.commons.math3.geometry.partitioning$RegionFactory$NodesCleaner#visitLeafNode(org.apache.commons.math3.geometry.partitioning.BSPTree):244;0.0
org.apache.commons.math3.geometry.partitioning$RegionFactory$UnionMerger#RegionFactory$UnionMerger(org.apache.commons.math3.geometry.partitioning.RegionFactory):159;0.0
org.apache.commons.math3.geometry.partitioning$RegionFactory$UnionMerger#merge(org.apache.commons.math3.geometry.partitioning.BSPTree,org.apache.commons.math3.geometry.partitioning.BSPTree,org.apache.commons.math3.geometry.partitioning.BSPTree,boolean,boolean):164;0.0
org.apache.commons.math3.geometry.partitioning$Side#Side(java.lang.String,int):24;0.0
org.apache.commons.math3.geometry.partitioning$BSPTreeVisitor$Order#BSPTreeVisitor$Order(java.lang.String,int):54;0.0
org.apache.commons.math3.geometry.partitioning$SubHyperplane$SplitSubHyperplane#SubHyperplane$SplitSubHyperplane(org.apache.commons.math3.geometry.partitioning.SubHyperplane,org.apache.commons.math3.geometry.partitioning.SubHyperplane):104;0.0
org.apache.commons.math3.geometry.partitioning$SubHyperplane$SplitSubHyperplane#getPlus():113;0.0
org.apache.commons.math3.geometry.partitioning$SubHyperplane$SplitSubHyperplane#getMinus():120;0.0
org.apache.commons.math3.geometry.euclidean.threed$PolyhedronsSet#PolyhedronsSet():47;0.0
org.apache.commons.math3.geometry.euclidean.threed$PolyhedronsSet#PolyhedronsSet(org.apache.commons.math3.geometry.partitioning.BSPTree):60;0.0
org.apache.commons.math3.geometry.euclidean.threed$PolyhedronsSet#PolyhedronsSet(java.util.Collection):83;0.0
org.apache.commons.math3.geometry.euclidean.threed$PolyhedronsSet#PolyhedronsSet(double,double,double,double,double,double):97;0.0
org.apache.commons.math3.geometry.euclidean.threed$PolyhedronsSet#buildBoundary(double,double,double,double,double,double):112;0.0
org.apache.commons.math3.geometry.euclidean.threed$PolyhedronsSet#buildNew(org.apache.commons.math3.geometry.partitioning.BSPTree):127;0.0
org.apache.commons.math3.geometry.euclidean.threed$PolyhedronsSet#computeGeometricalProperties():135;0.0
org.apache.commons.math3.geometry.euclidean.threed$PolyhedronsSet#firstIntersection(org.apache.commons.math3.geometry.euclidean.threed.Vector3D,org.apache.commons.math3.geometry.euclidean.threed.Line):219;0.0
org.apache.commons.math3.geometry.euclidean.threed$PolyhedronsSet#recurseFirstIntersection(org.apache.commons.math3.geometry.partitioning.BSPTree,org.apache.commons.math3.geometry.euclidean.threed.Vector3D,org.apache.commons.math3.geometry.euclidean.threed.Line):234;0.0
org.apache.commons.math3.geometry.euclidean.threed$PolyhedronsSet#boundaryFacet(org.apache.commons.math3.geometry.euclidean.threed.Vector3D,org.apache.commons.math3.geometry.partitioning.BSPTree):293;0.0
org.apache.commons.math3.geometry.euclidean.threed$PolyhedronsSet#rotate(org.apache.commons.math3.geometry.euclidean.threed.Vector3D,org.apache.commons.math3.geometry.euclidean.threed.Rotation):315;0.0
org.apache.commons.math3.geometry.euclidean.threed$PolyhedronsSet#translate(org.apache.commons.math3.geometry.euclidean.threed.Vector3D):388;0.0
org.apache.commons.math3.geometry.euclidean.threed$Plane#Plane(org.apache.commons.math3.geometry.euclidean.threed.Vector3D):55;0.0
org.apache.commons.math3.geometry.euclidean.threed$Plane#Plane(org.apache.commons.math3.geometry.euclidean.threed.Vector3D,org.apache.commons.math3.geometry.euclidean.threed.Vector3D):66;0.0
org.apache.commons.math3.geometry.euclidean.threed$Plane#Plane(org.apache.commons.math3.geometry.euclidean.threed.Vector3D,org.apache.commons.math3.geometry.euclidean.threed.Vector3D,org.apache.commons.math3.geometry.euclidean.threed.Vector3D):82;0.0
org.apache.commons.math3.geometry.euclidean.threed$Plane#Plane(org.apache.commons.math3.geometry.euclidean.threed.Plane):91;0.0
org.apache.commons.math3.geometry.euclidean.threed$Plane#copySelf():106;0.0
org.apache.commons.math3.geometry.euclidean.threed$Plane#reset(org.apache.commons.math3.geometry.euclidean.threed.Vector3D,org.apache.commons.math3.geometry.euclidean.threed.Vector3D):115;0.0
org.apache.commons.math3.geometry.euclidean.threed$Plane#reset(org.apache.commons.math3.geometry.euclidean.threed.Plane):127;0.0
org.apache.commons.math3.geometry.euclidean.threed$Plane#setNormal(org.apache.commons.math3.geometry.euclidean.threed.Vector3D):139;0.0
org.apache.commons.math3.geometry.euclidean.threed$Plane#setFrame():149;0.0
org.apache.commons.math3.geometry.euclidean.threed$Plane#getOrigin():161;0.0
org.apache.commons.math3.geometry.euclidean.threed$Plane#getNormal():173;0.0
org.apache.commons.math3.geometry.euclidean.threed$Plane#getU():185;0.0
org.apache.commons.math3.geometry.euclidean.threed$Plane#getV():197;0.0
org.apache.commons.math3.geometry.euclidean.threed$Plane#revertSelf():212;0.0
org.apache.commons.math3.geometry.euclidean.threed$Plane#toSubSpace(org.apache.commons.math3.geometry.Vector):227;0.0
org.apache.commons.math3.geometry.euclidean.threed$Plane#toSpace(org.apache.commons.math3.geometry.Vector):237;0.0
org.apache.commons.math3.geometry.euclidean.threed$Plane#getPointAt(org.apache.commons.math3.geometry.euclidean.twod.Vector2D,double):249;0.0
org.apache.commons.math3.geometry.euclidean.threed$Plane#isSimilarTo(org.apache.commons.math3.geometry.euclidean.threed.Plane):260;0.0
org.apache.commons.math3.geometry.euclidean.threed$Plane#rotate(org.apache.commons.math3.geometry.euclidean.threed.Vector3D,org.apache.commons.math3.geometry.euclidean.threed.Rotation):273;0.0
org.apache.commons.math3.geometry.euclidean.threed$Plane#translate(org.apache.commons.math3.geometry.euclidean.threed.Vector3D):292;0.0
org.apache.commons.math3.geometry.euclidean.threed$Plane#intersection(org.apache.commons.math3.geometry.euclidean.threed.Line):308;0.0
org.apache.commons.math3.geometry.euclidean.threed$Plane#intersection(org.apache.commons.math3.geometry.euclidean.threed.Plane):324;0.0
org.apache.commons.math3.geometry.euclidean.threed$Plane#intersection(org.apache.commons.math3.geometry.euclidean.threed.Plane,org.apache.commons.math3.geometry.euclidean.threed.Plane,org.apache.commons.math3.geometry.euclidean.threed.Plane):341;0.0
org.apache.commons.math3.geometry.euclidean.threed$Plane#wholeHyperplane():378;0.0
org.apache.commons.math3.geometry.euclidean.threed$Plane#wholeSpace():386;0.0
org.apache.commons.math3.geometry.euclidean.threed$Plane#contains(org.apache.commons.math3.geometry.euclidean.threed.Vector3D):394;0.0
org.apache.commons.math3.geometry.euclidean.threed$Plane#getOffset(org.apache.commons.math3.geometry.euclidean.threed.Plane):408;0.0
org.apache.commons.math3.geometry.euclidean.threed$Plane#getOffset(org.apache.commons.math3.geometry.Vector):420;0.0
org.apache.commons.math3.geometry.euclidean.threed$Plane#sameOrientationAs(org.apache.commons.math3.geometry.partitioning.Hyperplane):429;0.0
org.apache.commons.math3.geometry.euclidean.threed$SubPlane#SubPlane(org.apache.commons.math3.geometry.partitioning.Hyperplane,org.apache.commons.math3.geometry.partitioning.Region):42;0.0
org.apache.commons.math3.geometry.euclidean.threed$SubPlane#buildNew(org.apache.commons.math3.geometry.partitioning.Hyperplane,org.apache.commons.math3.geometry.partitioning.Region):49;0.0
org.apache.commons.math3.geometry.euclidean.threed$SubPlane#side(org.apache.commons.math3.geometry.partitioning.Hyperplane):56;0.0
org.apache.commons.math3.geometry.euclidean.threed$SubPlane#split(org.apache.commons.math3.geometry.partitioning.Hyperplane):99;0.0
org.apache.commons.math3.geometry.euclidean.twod$PolygonsSet#PolygonsSet():51;0.0
org.apache.commons.math3.geometry.euclidean.twod$PolygonsSet#PolygonsSet(org.apache.commons.math3.geometry.partitioning.BSPTree):64;0.0
org.apache.commons.math3.geometry.euclidean.twod$PolygonsSet#PolygonsSet(java.util.Collection):88;0.0
org.apache.commons.math3.geometry.euclidean.twod$PolygonsSet#PolygonsSet(double,double,double,double):99;0.0
org.apache.commons.math3.geometry.euclidean.twod$PolygonsSet#PolygonsSet(double,org.apache.commons.math3.geometry.euclidean.twod.Vector2D[]):134;0.0
org.apache.commons.math3.geometry.euclidean.twod$PolygonsSet#boxBoundary(double,double,double,double):146;0.0
org.apache.commons.math3.geometry.euclidean.twod$PolygonsSet#verticesToTree(double,org.apache.commons.math3.geometry.euclidean.twod.Vector2D[]):176;0.0
org.apache.commons.math3.geometry.euclidean.twod$PolygonsSet#insertEdges(double,org.apache.commons.math3.geometry.partitioning.BSPTree,java.util.List):238;0.0
org.apache.commons.math3.geometry.euclidean.twod$PolygonsSet#buildNew(org.apache.commons.math3.geometry.partitioning.BSPTree):516;0.0
org.apache.commons.math3.geometry.euclidean.twod$PolygonsSet#computeGeometricalProperties():523;0.0
org.apache.commons.math3.geometry.euclidean.twod$PolygonsSet#getVertices():598;0.0
org.apache.commons.math3.geometry.euclidean.twod$PolygonsSet#followLoop(org.apache.commons.math3.geometry.partitioning.utilities.AVLTree$Node,org.apache.commons.math3.geometry.partitioning.utilities.AVLTree):687;0.0
org.apache.commons.math3.geometry.euclidean.twod$Line#Line(org.apache.commons.math3.geometry.euclidean.twod.Vector2D,org.apache.commons.math3.geometry.euclidean.twod.Vector2D):81;0.0
org.apache.commons.math3.geometry.euclidean.twod$Line#Line(org.apache.commons.math3.geometry.euclidean.twod.Vector2D,double):89;0.0
org.apache.commons.math3.geometry.euclidean.twod$Line#Line(double,double,double,double):99;0.0
org.apache.commons.math3.geometry.euclidean.twod$Line#Line(org.apache.commons.math3.geometry.euclidean.twod.Line):111;0.0
org.apache.commons.math3.geometry.euclidean.twod$Line#copySelf():120;0.0
org.apache.commons.math3.geometry.euclidean.twod$Line#reset(org.apache.commons.math3.geometry.euclidean.twod.Vector2D,org.apache.commons.math3.geometry.euclidean.twod.Vector2D):129;0.0
org.apache.commons.math3.geometry.euclidean.twod$Line#reset(org.apache.commons.math3.geometry.euclidean.twod.Vector2D,double):150;0.0
org.apache.commons.math3.geometry.euclidean.twod$Line#revertSelf():159;0.0
org.apache.commons.math3.geometry.euclidean.twod$Line#getReverse():175;0.0
org.apache.commons.math3.geometry.euclidean.twod$Line#toSubSpace(org.apache.commons.math3.geometry.Vector):181;0.0
org.apache.commons.math3.geometry.euclidean.twod$Line#toSpace(org.apache.commons.math3.geometry.Vector):187;0.0
org.apache.commons.math3.geometry.euclidean.twod$Line#intersection(org.apache.commons.math3.geometry.euclidean.twod.Line):198;0.0
org.apache.commons.math3.geometry.euclidean.twod$Line#wholeHyperplane():208;0.0
org.apache.commons.math3.geometry.euclidean.twod$Line#wholeSpace():216;0.0
org.apache.commons.math3.geometry.euclidean.twod$Line#getOffset(org.apache.commons.math3.geometry.euclidean.twod.Line):230;0.0
org.apache.commons.math3.geometry.euclidean.twod$Line#getOffset(org.apache.commons.math3.geometry.Vector):236;0.0
org.apache.commons.math3.geometry.euclidean.twod$Line#sameOrientationAs(org.apache.commons.math3.geometry.partitioning.Hyperplane):242;0.0
org.apache.commons.math3.geometry.euclidean.twod$Line#getPointAt(org.apache.commons.math3.geometry.euclidean.oned.Vector1D,double):253;0.0
org.apache.commons.math3.geometry.euclidean.twod$Line#contains(org.apache.commons.math3.geometry.euclidean.twod.Vector2D):263;0.0
org.apache.commons.math3.geometry.euclidean.twod$Line#distance(org.apache.commons.math3.geometry.euclidean.twod.Vector2D):276;0.0
org.apache.commons.math3.geometry.euclidean.twod$Line#isParallelTo(org.apache.commons.math3.geometry.euclidean.twod.Line):285;0.0
org.apache.commons.math3.geometry.euclidean.twod$Line#translateToPoint(org.apache.commons.math3.geometry.euclidean.twod.Vector2D):292;0.0
org.apache.commons.math3.geometry.euclidean.twod$Line#getAngle():299;0.0
org.apache.commons.math3.geometry.euclidean.twod$Line#setAngle(double):306;0.0
org.apache.commons.math3.geometry.euclidean.twod$Line#getOriginOffset():315;0.0
org.apache.commons.math3.geometry.euclidean.twod$Line#setOriginOffset(double):322;0.0
org.apache.commons.math3.geometry.euclidean.twod$Line#getTransform(java.awt.geom.AffineTransform):340;0.0
org.apache.commons.math3.geometry.euclidean.twod$SubLine#SubLine(org.apache.commons.math3.geometry.partitioning.Hyperplane,org.apache.commons.math3.geometry.partitioning.Region):48;0.0
org.apache.commons.math3.geometry.euclidean.twod$SubLine#SubLine(org.apache.commons.math3.geometry.euclidean.twod.Vector2D,org.apache.commons.math3.geometry.euclidean.twod.Vector2D):56;0.0
org.apache.commons.math3.geometry.euclidean.twod$SubLine#SubLine(org.apache.commons.math3.geometry.euclidean.twod.Segment):63;0.0
org.apache.commons.math3.geometry.euclidean.twod$SubLine#getSegments():82;0.0
org.apache.commons.math3.geometry.euclidean.twod$SubLine#intersection(org.apache.commons.math3.geometry.euclidean.twod.SubLine,boolean):113;0.0
org.apache.commons.math3.geometry.euclidean.twod$SubLine#buildIntervalSet(org.apache.commons.math3.geometry.euclidean.twod.Vector2D,org.apache.commons.math3.geometry.euclidean.twod.Vector2D):142;0.0
org.apache.commons.math3.geometry.euclidean.twod$SubLine#buildNew(org.apache.commons.math3.geometry.partitioning.Hyperplane,org.apache.commons.math3.geometry.partitioning.Region):151;0.0
org.apache.commons.math3.geometry.euclidean.twod$SubLine#side(org.apache.commons.math3.geometry.partitioning.Hyperplane):158;0.0
org.apache.commons.math3.geometry.euclidean.twod$SubLine#split(org.apache.commons.math3.geometry.partitioning.Hyperplane):179;0.0
org.apache.commons.math3.geometry.partitioning$AbstractRegion$Sides#AbstractRegion$Sides():556;0.0
org.apache.commons.math3.geometry.partitioning$AbstractRegion$Sides#rememberPlusFound():564;0.0
org.apache.commons.math3.geometry.partitioning$AbstractRegion$Sides#plusFound():571;0.0
org.apache.commons.math3.geometry.partitioning$AbstractRegion$Sides#rememberMinusFound():577;0.0
org.apache.commons.math3.geometry.partitioning$AbstractRegion$Sides#minusFound():584;0.0
org.apache.commons.math3.geometry.partitioning$AbstractRegion$BoundaryBuilder#AbstractRegion$BoundaryBuilder():293;0.0
org.apache.commons.math3.geometry.partitioning$AbstractRegion$BoundaryBuilder#visitOrder(org.apache.commons.math3.geometry.partitioning.BSPTree):297;0.0
org.apache.commons.math3.geometry.partitioning$AbstractRegion$BoundaryBuilder#visitInternalNode(org.apache.commons.math3.geometry.partitioning.BSPTree):303;0.0
org.apache.commons.math3.geometry.partitioning$AbstractRegion$BoundaryBuilder#visitLeafNode(org.apache.commons.math3.geometry.partitioning.BSPTree):347;0.0
org.apache.commons.math3.geometry.partitioning$AbstractRegion$BoundaryBuilder#characterize(org.apache.commons.math3.geometry.partitioning.BSPTree,org.apache.commons.math3.geometry.partitioning.SubHyperplane,org.apache.commons.math3.geometry.partitioning.SubHyperplane[]):364;0.0
org.apache.commons.math3.geometry.partitioning$BoundaryAttribute#BoundaryAttribute(org.apache.commons.math3.geometry.partitioning.SubHyperplane,org.apache.commons.math3.geometry.partitioning.SubHyperplane):57;0.0
org.apache.commons.math3.geometry.partitioning$BoundaryAttribute#getPlusOutside():70;0.0
org.apache.commons.math3.geometry.partitioning$BoundaryAttribute#getPlusInside():81;0.0
org.apache.commons.math3.geometry.euclidean.threed$PolyhedronsSet$FacetsContributionVisitor#PolyhedronsSet$FacetsContributionVisitor(org.apache.commons.math3.geometry.euclidean.threed.PolyhedronsSet):154;0.0
org.apache.commons.math3.geometry.euclidean.threed$PolyhedronsSet$FacetsContributionVisitor#visitOrder(org.apache.commons.math3.geometry.partitioning.BSPTree):161;0.0
org.apache.commons.math3.geometry.euclidean.threed$PolyhedronsSet$FacetsContributionVisitor#visitInternalNode(org.apache.commons.math3.geometry.partitioning.BSPTree):167;0.0
org.apache.commons.math3.geometry.euclidean.threed$PolyhedronsSet$FacetsContributionVisitor#visitLeafNode(org.apache.commons.math3.geometry.partitioning.BSPTree):179;0.0
org.apache.commons.math3.geometry.euclidean.threed$PolyhedronsSet$FacetsContributionVisitor#addContribution(org.apache.commons.math3.geometry.partitioning.SubHyperplane,boolean):187;0.0
org.apache.commons.math3.geometry.euclidean.twod$PolygonsSet$SegmentsBuilder#PolygonsSet$SegmentsBuilder():808;0.0
org.apache.commons.math3.geometry.euclidean.twod$PolygonsSet$SegmentsBuilder#visitOrder(org.apache.commons.math3.geometry.partitioning.BSPTree):814;0.0
org.apache.commons.math3.geometry.euclidean.twod$PolygonsSet$SegmentsBuilder#visitInternalNode(org.apache.commons.math3.geometry.partitioning.BSPTree):820;0.0
org.apache.commons.math3.geometry.euclidean.twod$PolygonsSet$SegmentsBuilder#visitLeafNode(org.apache.commons.math3.geometry.partitioning.BSPTree):831;0.0
org.apache.commons.math3.geometry.euclidean.twod$PolygonsSet$SegmentsBuilder#addContribution(org.apache.commons.math3.geometry.partitioning.SubHyperplane,boolean):839;0.0
org.apache.commons.math3.geometry.euclidean.twod$PolygonsSet$SegmentsBuilder#getSorted():860;0.0
org.apache.commons.math3.geometry.partitioning.utilities$AVLTree#AVLTree():54;0.0
org.apache.commons.math3.geometry.partitioning.utilities$AVLTree#insert(java.lang.Comparable):62;0.0
org.apache.commons.math3.geometry.partitioning.utilities$AVLTree#delete(java.lang.Comparable):82;0.0
org.apache.commons.math3.geometry.partitioning.utilities$AVLTree#isEmpty():103;0.0
org.apache.commons.math3.geometry.partitioning.utilities$AVLTree#size():111;0.0
org.apache.commons.math3.geometry.partitioning.utilities$AVLTree#getSmallest():124;0.0
org.apache.commons.math3.geometry.partitioning.utilities$AVLTree#getLargest():137;0.0
org.apache.commons.math3.geometry.partitioning.utilities$AVLTree#getNotSmaller(java.lang.Comparable):152;0.0
org.apache.commons.math3.geometry.partitioning.utilities$AVLTree#getNotLarger(java.lang.Comparable):183;0.0
org.apache.commons.math3.geometry.euclidean.twod$Segment#Segment(org.apache.commons.math3.geometry.euclidean.twod.Vector2D,org.apache.commons.math3.geometry.euclidean.twod.Vector2D,org.apache.commons.math3.geometry.euclidean.twod.Line):41;0.0
org.apache.commons.math3.geometry.euclidean.twod$Segment#getStart():51;0.0
org.apache.commons.math3.geometry.euclidean.twod$Segment#getEnd():58;0.0
org.apache.commons.math3.geometry.euclidean.twod$Segment#getLine():65;0.0
org.apache.commons.math3.geometry.euclidean.twod$Segment#distance(org.apache.commons.math3.geometry.euclidean.twod.Vector2D):84;0.0
org.apache.commons.math3.geometry.euclidean.twod$PolygonsSet$ComparableSegment#PolygonsSet$ComparableSegment(org.apache.commons.math3.geometry.euclidean.twod.Vector2D,org.apache.commons.math3.geometry.euclidean.twod.Vector2D,org.apache.commons.math3.geometry.euclidean.twod.Line):755;0.0
org.apache.commons.math3.geometry.euclidean.twod$PolygonsSet$ComparableSegment#PolygonsSet$ComparableSegment(org.apache.commons.math3.geometry.euclidean.twod.Vector2D,double,double):771;0.0
org.apache.commons.math3.geometry.euclidean.twod$PolygonsSet$ComparableSegment#compareTo(org.apache.commons.math3.geometry.euclidean.twod.PolygonsSet$ComparableSegment):777;0.0
org.apache.commons.math3.geometry.euclidean.twod$PolygonsSet$ComparableSegment#equals(java.lang.Object):783;0.0
org.apache.commons.math3.geometry.euclidean.twod$PolygonsSet$ComparableSegment#hashCode():795;0.0
org.apache.commons.math3.geometry.partitioning.utilities$OrderedTuple#OrderedTuple(double[]):132;0.0
org.apache.commons.math3.geometry.partitioning.utilities$OrderedTuple#encode(int):184;0.0
org.apache.commons.math3.geometry.partitioning.utilities$OrderedTuple#compareTo(org.apache.commons.math3.geometry.partitioning.utilities.OrderedTuple):248;0.0
org.apache.commons.math3.geometry.partitioning.utilities$OrderedTuple#equals(java.lang.Object):292;0.0
org.apache.commons.math3.geometry.partitioning.utilities$OrderedTuple#hashCode():305;0.0
org.apache.commons.math3.geometry.partitioning.utilities$OrderedTuple#getComponents():327;0.0
org.apache.commons.math3.geometry.partitioning.utilities$OrderedTuple#sign(long):335;0.0
org.apache.commons.math3.geometry.partitioning.utilities$OrderedTuple#exponent(long):343;0.0
org.apache.commons.math3.geometry.partitioning.utilities$OrderedTuple#mantissa(long):351;0.0
org.apache.commons.math3.geometry.partitioning.utilities$OrderedTuple#computeMSB(long):364;0.0
org.apache.commons.math3.geometry.partitioning.utilities$OrderedTuple#computeLSB(long):390;0.0
org.apache.commons.math3.geometry.partitioning.utilities$OrderedTuple#getBit(int,int):415;0.0
org.apache.commons.math3.geometry.partitioning.utilities$AVLTree$Node#AVLTree$Node(org.apache.commons.math3.geometry.partitioning.utilities.AVLTree,java.lang.Comparable,org.apache.commons.math3.geometry.partitioning.utilities.AVLTree$Node):245;0.0
org.apache.commons.math3.geometry.partitioning.utilities$AVLTree$Node#getElement():257;0.0
org.apache.commons.math3.geometry.partitioning.utilities$AVLTree$Node#size():264;0.0
org.apache.commons.math3.geometry.partitioning.utilities$AVLTree$Node#getSmallest():274;0.0
org.apache.commons.math3.geometry.partitioning.utilities$AVLTree$Node#getLargest():288;0.0
org.apache.commons.math3.geometry.partitioning.utilities$AVLTree$Node#getPrevious():302;0.0
org.apache.commons.math3.geometry.partitioning.utilities$AVLTree$Node#getNext():327;0.0
org.apache.commons.math3.geometry.partitioning.utilities$AVLTree$Node#insert(java.lang.Comparable):349;0.0
org.apache.commons.math3.geometry.partitioning.utilities$AVLTree$Node#delete():370;0.0
org.apache.commons.math3.geometry.partitioning.utilities$AVLTree$Node#rebalanceLeftGrown():416;0.0
org.apache.commons.math3.geometry.partitioning.utilities$AVLTree$Node#rebalanceRightGrown():455;0.0
org.apache.commons.math3.geometry.partitioning.utilities$AVLTree$Node#rebalanceLeftShrunk():494;0.0
org.apache.commons.math3.geometry.partitioning.utilities$AVLTree$Node#rebalanceRightShrunk():539;0.0
org.apache.commons.math3.geometry.partitioning.utilities$AVLTree$Node#rotateCW():586;0.0
org.apache.commons.math3.geometry.partitioning.utilities$AVLTree$Node#rotateCCW():611;0.0
org.apache.commons.math3.geometry.partitioning.utilities$AVLTree$Skew#AVLTree$Skew(java.lang.String,int):202;0.0
org.apache.commons.math3.geometry.partitioning$BoundarySizeVisitor#BoundarySizeVisitor():33;0.0
org.apache.commons.math3.geometry.partitioning$BoundarySizeVisitor#visitOrder(org.apache.commons.math3.geometry.partitioning.BSPTree):39;0.0
org.apache.commons.math3.geometry.partitioning$BoundarySizeVisitor#visitInternalNode(org.apache.commons.math3.geometry.partitioning.BSPTree):45;0.0
org.apache.commons.math3.geometry.partitioning$BoundarySizeVisitor#visitLeafNode(org.apache.commons.math3.geometry.partitioning.BSPTree):57;0.0
org.apache.commons.math3.geometry.partitioning$BoundarySizeVisitor#getSize():63;0.0
org.apache.commons.math3.geometry.euclidean.threed$PolyhedronsSet$RotationTransform#PolyhedronsSet$RotationTransform(org.apache.commons.math3.geometry.euclidean.threed.Vector3D,org.apache.commons.math3.geometry.euclidean.threed.Rotation):337;0.0
org.apache.commons.math3.geometry.euclidean.threed$PolyhedronsSet$RotationTransform#apply(org.apache.commons.math3.geometry.Vector):344;0.0
org.apache.commons.math3.geometry.euclidean.threed$PolyhedronsSet$RotationTransform#apply(org.apache.commons.math3.geometry.partitioning.Hyperplane):350;0.0
org.apache.commons.math3.geometry.euclidean.threed$PolyhedronsSet$RotationTransform#apply(org.apache.commons.math3.geometry.partitioning.SubHyperplane,org.apache.commons.math3.geometry.partitioning.Hyperplane,org.apache.commons.math3.geometry.partitioning.Hyperplane):357;0.0
org.apache.commons.math3.geometry.euclidean.twod$Line$LineTransform#Line$LineTransform(java.awt.geom.AffineTransform):371;0.0
org.apache.commons.math3.geometry.euclidean.twod$Line$LineTransform#apply(org.apache.commons.math3.geometry.Vector):394;0.0
org.apache.commons.math3.geometry.euclidean.twod$Line$LineTransform#apply(org.apache.commons.math3.geometry.partitioning.Hyperplane):403;0.0
org.apache.commons.math3.geometry.euclidean.twod$Line$LineTransform#apply(org.apache.commons.math3.geometry.partitioning.SubHyperplane,org.apache.commons.math3.geometry.partitioning.Hyperplane,org.apache.commons.math3.geometry.partitioning.Hyperplane):417;0.0
org.apache.commons.math3.geometry.euclidean.threed$PolyhedronsSet$TranslationTransform#PolyhedronsSet$TranslationTransform(org.apache.commons.math3.geometry.euclidean.threed.Vector3D):406;0.0
org.apache.commons.math3.geometry.euclidean.threed$PolyhedronsSet$TranslationTransform#apply(org.apache.commons.math3.geometry.Vector):412;0.0
org.apache.commons.math3.geometry.euclidean.threed$PolyhedronsSet$TranslationTransform#apply(org.apache.commons.math3.geometry.partitioning.Hyperplane):417;0.0
org.apache.commons.math3.geometry.euclidean.threed$PolyhedronsSet$TranslationTransform#apply(org.apache.commons.math3.geometry.partitioning.SubHyperplane,org.apache.commons.math3.geometry.partitioning.Hyperplane,org.apache.commons.math3.geometry.partitioning.Hyperplane):424;0.0
org.apache.commons.math3.geometry.partitioning$AbstractRegion$1#compare(org.apache.commons.math3.geometry.partitioning.SubHyperplane,org.apache.commons.math3.geometry.partitioning.SubHyperplane):104;0.0
org.apache.commons.math3.geometry.partitioning$AbstractRegion$2#visitOrder(org.apache.commons.math3.geometry.partitioning.BSPTree):120;0.0
org.apache.commons.math3.geometry.partitioning$AbstractRegion$2#visitInternalNode(org.apache.commons.math3.geometry.partitioning.BSPTree):125;0.0
org.apache.commons.math3.geometry.partitioning$AbstractRegion$2#visitLeafNode(org.apache.commons.math3.geometry.partitioning.BSPTree):129;0.0
org.apache.commons.math3.geometry.partitioning$RegionFactory$DifferenceMerger#RegionFactory$DifferenceMerger(org.apache.commons.math3.geometry.partitioning.RegionFactory):209;0.0
org.apache.commons.math3.geometry.partitioning$RegionFactory$DifferenceMerger#merge(org.apache.commons.math3.geometry.partitioning.BSPTree,org.apache.commons.math3.geometry.partitioning.BSPTree,org.apache.commons.math3.geometry.partitioning.BSPTree,boolean,boolean):214;0.0
org.apache.commons.math3.geometry.partitioning$RegionFactory$IntersectionMerger#RegionFactory$IntersectionMerger(org.apache.commons.math3.geometry.partitioning.RegionFactory):176;0.0
org.apache.commons.math3.geometry.partitioning$RegionFactory$IntersectionMerger#merge(org.apache.commons.math3.geometry.partitioning.BSPTree,org.apache.commons.math3.geometry.partitioning.BSPTree,org.apache.commons.math3.geometry.partitioning.BSPTree,boolean,boolean):181;0.0
org.apache.commons.math3.geometry.partitioning$RegionFactory$XorMerger#RegionFactory$XorMerger(org.apache.commons.math3.geometry.partitioning.RegionFactory):193;0.0
org.apache.commons.math3.geometry.partitioning$RegionFactory$XorMerger#merge(org.apache.commons.math3.geometry.partitioning.BSPTree,org.apache.commons.math3.geometry.partitioning.BSPTree,org.apache.commons.math3.geometry.partitioning.BSPTree,boolean,boolean):198;0.0
org.apache.commons.math3.geometry.euclidean.twod$PolygonsSet$Vertex#PolygonsSet$Vertex(org.apache.commons.math3.geometry.euclidean.twod.Vector2D):341;0.0
org.apache.commons.math3.geometry.euclidean.twod$PolygonsSet$Vertex#getLocation():352;0.0
org.apache.commons.math3.geometry.euclidean.twod$PolygonsSet$Vertex#bindWith(org.apache.commons.math3.geometry.euclidean.twod.Line):359;0.0
org.apache.commons.math3.geometry.euclidean.twod$PolygonsSet$Vertex#sharedLineWith(org.apache.commons.math3.geometry.euclidean.twod.PolygonsSet$Vertex):373;0.0
org.apache.commons.math3.geometry.euclidean.twod$PolygonsSet$Vertex#setIncoming(org.apache.commons.math3.geometry.euclidean.twod.PolygonsSet$Edge):391;0.0
org.apache.commons.math3.geometry.euclidean.twod$PolygonsSet$Vertex#getIncoming():399;0.0
org.apache.commons.math3.geometry.euclidean.twod$PolygonsSet$Vertex#setOutgoing(org.apache.commons.math3.geometry.euclidean.twod.PolygonsSet$Edge):410;0.0
org.apache.commons.math3.geometry.euclidean.twod$PolygonsSet$Vertex#getOutgoing():418;0.0
org.apache.commons.math3.geometry.euclidean.twod$PolygonsSet$Edge#PolygonsSet$Edge(org.apache.commons.math3.geometry.euclidean.twod.PolygonsSet$Vertex,org.apache.commons.math3.geometry.euclidean.twod.PolygonsSet$Vertex,org.apache.commons.math3.geometry.euclidean.twod.Line):443;0.0
org.apache.commons.math3.geometry.euclidean.twod$PolygonsSet$Edge#getStart():460;0.0
org.apache.commons.math3.geometry.euclidean.twod$PolygonsSet$Edge#getEnd():467;0.0
org.apache.commons.math3.geometry.euclidean.twod$PolygonsSet$Edge#getLine():474;0.0
org.apache.commons.math3.geometry.euclidean.twod$PolygonsSet$Edge#setNode(org.apache.commons.math3.geometry.partitioning.BSPTree):481;0.0
org.apache.commons.math3.geometry.euclidean.twod$PolygonsSet$Edge#getNode():489;0.0
org.apache.commons.math3.geometry.euclidean.twod$PolygonsSet$Edge#split(org.apache.commons.math3.geometry.euclidean.twod.Line):502;0.0
org.apache.commons.math3.filter$DefaultProcessModel#DefaultProcessModel(double[][],double[][],double[][],double[],double[][]):80;0.0
org.apache.commons.math3.filter$DefaultProcessModel#DefaultProcessModel(double[][],double[][],double[][]):111;0.0
org.apache.commons.math3.filter$DefaultProcessModel#DefaultProcessModel(org.apache.commons.math3.linear.RealMatrix,org.apache.commons.math3.linear.RealMatrix,org.apache.commons.math3.linear.RealMatrix,org.apache.commons.math3.linear.RealVector,org.apache.commons.math3.linear.RealMatrix):134;0.0
org.apache.commons.math3.filter$DefaultProcessModel#getStateTransitionMatrix():144;0.0
org.apache.commons.math3.filter$DefaultProcessModel#getControlMatrix():149;0.0
org.apache.commons.math3.filter$DefaultProcessModel#getProcessNoise():154;0.0
org.apache.commons.math3.filter$DefaultProcessModel#getInitialStateEstimate():159;0.0
org.apache.commons.math3.filter$DefaultProcessModel#getInitialErrorCovariance():164;0.0
org.apache.commons.math3.filter$DefaultMeasurementModel#DefaultMeasurementModel(double[][],double[][]):61;0.0
org.apache.commons.math3.filter$DefaultMeasurementModel#DefaultMeasurementModel(org.apache.commons.math3.linear.RealMatrix,org.apache.commons.math3.linear.RealMatrix):71;0.0
org.apache.commons.math3.filter$DefaultMeasurementModel#getMeasurementMatrix():78;0.0
org.apache.commons.math3.filter$DefaultMeasurementModel#getMeasurementNoise():83;0.0
org.apache.commons.math3.filter$KalmanFilter#KalmanFilter(org.apache.commons.math3.filter.ProcessModel,org.apache.commons.math3.filter.MeasurementModel):123;0.0
org.apache.commons.math3.filter$KalmanFilter#getStateDimension():221;0.0
org.apache.commons.math3.filter$KalmanFilter#getMeasurementDimension():230;0.0
org.apache.commons.math3.filter$KalmanFilter#getStateEstimation():239;0.0
org.apache.commons.math3.filter$KalmanFilter#getStateEstimationVector():248;0.0
org.apache.commons.math3.filter$KalmanFilter#getErrorCovariance():257;0.0
org.apache.commons.math3.filter$KalmanFilter#getErrorCovarianceMatrix():266;0.0
org.apache.commons.math3.filter$KalmanFilter#predict():273;0.0
org.apache.commons.math3.filter$KalmanFilter#predict(double[]):285;0.0
org.apache.commons.math3.filter$KalmanFilter#predict(org.apache.commons.math3.linear.RealVector):298;0.0
org.apache.commons.math3.filter$KalmanFilter#correct(double[]):334;0.0
org.apache.commons.math3.filter$KalmanFilter#correct(org.apache.commons.math3.linear.RealVector):353;0.0
org.apache.commons.math3.random$RandomAdaptor#RandomAdaptor():40;0.0
org.apache.commons.math3.random$RandomAdaptor#RandomAdaptor(org.apache.commons.math3.random.RandomGenerator):47;0.0
org.apache.commons.math3.random$RandomAdaptor#createAdaptor(org.apache.commons.math3.random.RandomGenerator):59;0.0
org.apache.commons.math3.random$RandomAdaptor#nextBoolean():73;0.0
org.apache.commons.math3.random$RandomAdaptor#nextBytes(byte[]):86;0.0
org.apache.commons.math3.random$RandomAdaptor#nextDouble():100;0.0
org.apache.commons.math3.random$RandomAdaptor#nextFloat():114;0.0
org.apache.commons.math3.random$RandomAdaptor#nextGaussian():129;0.0
org.apache.commons.math3.random$RandomAdaptor#nextInt():143;0.0
org.apache.commons.math3.random$RandomAdaptor#nextInt(int):159;0.0
org.apache.commons.math3.random$RandomAdaptor#nextLong():173;0.0
org.apache.commons.math3.random$RandomAdaptor#setSeed(int):178;0.0
org.apache.commons.math3.random$RandomAdaptor#setSeed(int[]):185;0.0
org.apache.commons.math3.random$RandomAdaptor#setSeed(long):193;0.0
org.apache.commons.math3.random$RandomGeneratorFactory#RandomGeneratorFactory():32;0.0
org.apache.commons.math3.random$RandomGeneratorFactory#createRandomGenerator(java.util.Random):43;0.0
org.apache.commons.math3.random$RandomGeneratorFactory#convertToLong(int[]):113;0.0
org.apache.commons.math3.random$RandomGeneratorFactory$1#setSeed(int):46;0.0
org.apache.commons.math3.random$RandomGeneratorFactory$1#setSeed(int[]):51;0.0
org.apache.commons.math3.random$RandomGeneratorFactory$1#setSeed(long):56;0.0
org.apache.commons.math3.random$RandomGeneratorFactory$1#nextBytes(byte[]):61;0.0
org.apache.commons.math3.random$RandomGeneratorFactory$1#nextInt():66;0.0
org.apache.commons.math3.random$RandomGeneratorFactory$1#nextInt(int):71;0.0
org.apache.commons.math3.random$RandomGeneratorFactory$1#nextLong():79;0.0
org.apache.commons.math3.random$RandomGeneratorFactory$1#nextBoolean():84;0.0
org.apache.commons.math3.random$RandomGeneratorFactory$1#nextFloat():89;0.0
org.apache.commons.math3.random$RandomGeneratorFactory$1#nextDouble():94;0.0
org.apache.commons.math3.random$RandomGeneratorFactory$1#nextGaussian():99;0.0
org.apache.commons.math3.random$UniformRandomGenerator#UniformRandomGenerator(org.apache.commons.math3.random.RandomGenerator):45;0.0
org.apache.commons.math3.random$UniformRandomGenerator#nextNormalizedDouble():55;0.0
org.apache.commons.math3.random$ValueServer#ValueServer():96;0.0
org.apache.commons.math3.random$ValueServer#ValueServer(org.apache.commons.math3.random.RandomDataImpl):109;0.0
org.apache.commons.math3.random$ValueServer#ValueServer(org.apache.commons.math3.random.RandomGenerator):120;0.0
org.apache.commons.math3.random$ValueServer#getNext():134;0.0
org.apache.commons.math3.random$ValueServer#fill(double[]):160;0.0
org.apache.commons.math3.random$ValueServer#fill(int):177;0.0
org.apache.commons.math3.random$ValueServer#computeDistribution():199;0.0
org.apache.commons.math3.random$ValueServer#computeDistribution(int):219;0.0
org.apache.commons.math3.random$ValueServer#getMode():232;0.0
org.apache.commons.math3.random$ValueServer#setMode(int):241;0.0
org.apache.commons.math3.random$ValueServer#getValuesFileURL():251;0.0
org.apache.commons.math3.random$ValueServer#setValuesFileURL(java.lang.String):262;0.0
org.apache.commons.math3.random$ValueServer#setValuesFileURL(java.net.URL):274;0.0
org.apache.commons.math3.random$ValueServer#getEmpiricalDistribution():283;0.0
org.apache.commons.math3.random$ValueServer#resetReplayFile():292;0.0
org.apache.commons.math3.random$ValueServer#closeReplayFile():309;0.0
org.apache.commons.math3.random$ValueServer#getMu():324;0.0
org.apache.commons.math3.random$ValueServer#setMu(double):335;0.0
org.apache.commons.math3.random$ValueServer#getSigma():348;0.0
org.apache.commons.math3.random$ValueServer#setSigma(double):357;0.0
org.apache.commons.math3.random$ValueServer#reSeed(long):367;0.0
org.apache.commons.math3.random$ValueServer#getNextDigest():384;0.0
org.apache.commons.math3.random$ValueServer#getNextReplay():411;0.0
org.apache.commons.math3.random$ValueServer#getNextUniform():434;0.0
org.apache.commons.math3.random$ValueServer#getNextExponential():444;0.0
org.apache.commons.math3.random$ValueServer#getNextGaussian():455;0.0
org.apache.commons.math3.random$EmpiricalDistribution#EmpiricalDistribution():144;0.0
org.apache.commons.math3.random$EmpiricalDistribution#EmpiricalDistribution(int):153;0.0
org.apache.commons.math3.random$EmpiricalDistribution#EmpiricalDistribution(int,org.apache.commons.math3.random.RandomGenerator):165;0.0
org.apache.commons.math3.random$EmpiricalDistribution#EmpiricalDistribution(org.apache.commons.math3.random.RandomGenerator):176;0.0
org.apache.commons.math3.random$EmpiricalDistribution#EmpiricalDistribution(int,org.apache.commons.math3.random.RandomDataImpl):190;0.0
org.apache.commons.math3.random$EmpiricalDistribution#EmpiricalDistribution(org.apache.commons.math3.random.RandomDataImpl):203;0.0
org.apache.commons.math3.random$EmpiricalDistribution#EmpiricalDistribution(int,org.apache.commons.math3.random.RandomDataGenerator):215;0.0
org.apache.commons.math3.random$EmpiricalDistribution#load(double[]):229;0.0
org.apache.commons.math3.random$EmpiricalDistribution#load(java.net.URL):255;0.0
org.apache.commons.math3.random$EmpiricalDistribution#load(java.io.File):289;0.0
org.apache.commons.math3.random$EmpiricalDistribution#fillBinStats(org.apache.commons.math3.random.EmpiricalDistribution$DataAdapter):429;0.0
org.apache.commons.math3.random$EmpiricalDistribution#findBin(double):463;0.0
org.apache.commons.math3.random$EmpiricalDistribution#getNextValue():477;0.0
org.apache.commons.math3.random$EmpiricalDistribution#getSampleStats():509;0.0
org.apache.commons.math3.random$EmpiricalDistribution#getBinCount():518;0.0
org.apache.commons.math3.random$EmpiricalDistribution#getBinStats():529;0.0
org.apache.commons.math3.random$EmpiricalDistribution#getUpperBounds():546;0.0
org.apache.commons.math3.random$EmpiricalDistribution#getGeneratorUpperBounds():566;0.0
org.apache.commons.math3.random$EmpiricalDistribution#isLoaded():578;0.0
org.apache.commons.math3.random$EmpiricalDistribution#reSeed(long):588;0.0
org.apache.commons.math3.random$EmpiricalDistribution#probability(double):599;0.0
org.apache.commons.math3.random$EmpiricalDistribution#density(double):617;0.0
org.apache.commons.math3.random$EmpiricalDistribution#cumulativeProbability(double):639;0.0
org.apache.commons.math3.random$EmpiricalDistribution#inverseCumulativeProbability(double):678;0.0
org.apache.commons.math3.random$EmpiricalDistribution#getNumericalMean():714;0.0
org.apache.commons.math3.random$EmpiricalDistribution#getNumericalVariance():722;0.0
org.apache.commons.math3.random$EmpiricalDistribution#getSupportLowerBound():730;0.0
org.apache.commons.math3.random$EmpiricalDistribution#getSupportUpperBound():738;0.0
org.apache.commons.math3.random$EmpiricalDistribution#isSupportLowerBoundInclusive():746;0.0
org.apache.commons.math3.random$EmpiricalDistribution#isSupportUpperBoundInclusive():754;0.0
org.apache.commons.math3.random$EmpiricalDistribution#isSupportConnected():762;0.0
org.apache.commons.math3.random$EmpiricalDistribution#sample():771;0.0
org.apache.commons.math3.random$EmpiricalDistribution#reseedRandomGenerator(long):780;0.0
org.apache.commons.math3.random$EmpiricalDistribution#pB(int):790;0.0
org.apache.commons.math3.random$EmpiricalDistribution#pBminus(int):801;0.0
org.apache.commons.math3.random$EmpiricalDistribution#kB(int):813;0.0
org.apache.commons.math3.random$EmpiricalDistribution#k(double):826;0.0
org.apache.commons.math3.random$EmpiricalDistribution#cumBinP(int):837;0.0
org.apache.commons.math3.random$EmpiricalDistribution#getKernel(org.apache.commons.math3.stat.descriptive.SummaryStatistics):848;0.0
org.apache.commons.math3.random$EmpiricalDistribution$DataAdapter#EmpiricalDistribution$DataAdapter(org.apache.commons.math3.random.EmpiricalDistribution):314;0.0
org.apache.commons.math3.random$EmpiricalDistribution$StreamDataAdapter#EmpiricalDistribution$StreamDataAdapter(org.apache.commons.math3.random.EmpiricalDistribution,java.io.BufferedReader):345;0.0
org.apache.commons.math3.random$EmpiricalDistribution$StreamDataAdapter#computeBinStats():353;0.0
org.apache.commons.math3.random$EmpiricalDistribution$StreamDataAdapter#computeStats():368;0.0
org.apache.commons.math3.random$AbstractRandomGenerator#AbstractRandomGenerator():51;0.0
org.apache.commons.math3.random$AbstractRandomGenerator#clear():62;0.0
org.apache.commons.math3.random$AbstractRandomGenerator#setSeed(int):67;0.0
org.apache.commons.math3.random$AbstractRandomGenerator#setSeed(int[]):73;0.0
org.apache.commons.math3.random$AbstractRandomGenerator#nextBytes(byte[]):107;0.0
org.apache.commons.math3.random$AbstractRandomGenerator#nextInt():137;0.0
org.apache.commons.math3.random$AbstractRandomGenerator#nextInt(int):157;0.0
org.apache.commons.math3.random$AbstractRandomGenerator#nextLong():179;0.0
org.apache.commons.math3.random$AbstractRandomGenerator#nextBoolean():197;0.0
org.apache.commons.math3.random$AbstractRandomGenerator#nextFloat():215;0.0
org.apache.commons.math3.random$AbstractRandomGenerator#nextGaussian():253;0.0
org.apache.commons.math3.random$EmpiricalDistribution$ArrayDataAdapter#EmpiricalDistribution$ArrayDataAdapter(org.apache.commons.math3.random.EmpiricalDistribution,double[]):394;0.0
org.apache.commons.math3.random$EmpiricalDistribution$ArrayDataAdapter#computeStats():403;0.0
org.apache.commons.math3.random$EmpiricalDistribution$ArrayDataAdapter#computeBinStats():412;0.0
org.apache.commons.math3.random$Well512a#Well512a():57;0.0
org.apache.commons.math3.random$Well512a#Well512a(int):64;0.0
org.apache.commons.math3.random$Well512a#Well512a(int[]):72;0.0
org.apache.commons.math3.random$Well512a#Well512a(long):79;0.0
org.apache.commons.math3.random$Well512a#next(int):86;0.0
org.apache.commons.math3.random$Well44497a#Well44497a():57;0.0
org.apache.commons.math3.random$Well44497a#Well44497a(int):64;0.0
org.apache.commons.math3.random$Well44497a#Well44497a(int[]):72;0.0
org.apache.commons.math3.random$Well44497a#Well44497a(long):79;0.0
org.apache.commons.math3.random$Well44497a#next(int):86;0.0
org.apache.commons.math3.random$StableRandomGenerator#StableRandomGenerator(org.apache.commons.math3.random.RandomGenerator,double,double):60;0.0
org.apache.commons.math3.random$StableRandomGenerator#nextNormalizedDouble():92;0.0
org.apache.commons.math3.random$SynchronizedRandomGenerator#SynchronizedRandomGenerator(org.apache.commons.math3.random.RandomGenerator):42;0.0
org.apache.commons.math3.random$SynchronizedRandomGenerator#setSeed(int):50;0.0
org.apache.commons.math3.random$SynchronizedRandomGenerator#setSeed(int[]):57;0.0
org.apache.commons.math3.random$SynchronizedRandomGenerator#setSeed(long):64;0.0
org.apache.commons.math3.random$SynchronizedRandomGenerator#nextBytes(byte[]):71;0.0
org.apache.commons.math3.random$SynchronizedRandomGenerator#nextInt():78;0.0
org.apache.commons.math3.random$SynchronizedRandomGenerator#nextInt(int):85;0.0
org.apache.commons.math3.random$SynchronizedRandomGenerator#nextLong():92;0.0
org.apache.commons.math3.random$SynchronizedRandomGenerator#nextBoolean():99;0.0
org.apache.commons.math3.random$SynchronizedRandomGenerator#nextFloat():106;0.0
org.apache.commons.math3.random$SynchronizedRandomGenerator#nextDouble():113;0.0
org.apache.commons.math3.random$SynchronizedRandomGenerator#nextGaussian():120;0.0
org.apache.commons.math3.random$SobolSequenceGenerator#SobolSequenceGenerator(int):92;0.0
org.apache.commons.math3.random$SobolSequenceGenerator#SobolSequenceGenerator(int,java.io.InputStream):158;0.0
org.apache.commons.math3.random$SobolSequenceGenerator#initFromStream(java.io.InputStream):191;0.0
org.apache.commons.math3.random$SobolSequenceGenerator#initDirectionVector(int,int,int[]):245;0.0
org.apache.commons.math3.random$SobolSequenceGenerator#nextVector():259;0.0
org.apache.commons.math3.random$SobolSequenceGenerator#skipTo(int):291;0.0
org.apache.commons.math3.random$SobolSequenceGenerator#getNextIndex():323;0.0
org.apache.commons.math3.random$HaltonSequenceGenerator#HaltonSequenceGenerator(int):90;0.0
org.apache.commons.math3.random$HaltonSequenceGenerator#HaltonSequenceGenerator(int,int[],int[]):106;0.0
org.apache.commons.math3.random$HaltonSequenceGenerator#nextVector():126;0.0
org.apache.commons.math3.random$HaltonSequenceGenerator#scramble(int,int,int,int):157;0.0
org.apache.commons.math3.random$HaltonSequenceGenerator#skipTo(int):170;0.0
org.apache.commons.math3.random$HaltonSequenceGenerator#getNextIndex():181;0.0
org.apache.commons.math3.fraction$AbstractFormat#AbstractFormat():50;0.0
org.apache.commons.math3.fraction$AbstractFormat#AbstractFormat(java.text.NumberFormat):59;0.0
org.apache.commons.math3.fraction$AbstractFormat#AbstractFormat(java.text.NumberFormat,java.text.NumberFormat):69;0.0
org.apache.commons.math3.fraction$AbstractFormat#getDefaultNumberFormat():81;0.0
org.apache.commons.math3.fraction$AbstractFormat#getDefaultNumberFormat(java.util.Locale):92;0.0
org.apache.commons.math3.fraction$AbstractFormat#getDenominatorFormat():103;0.0
org.apache.commons.math3.fraction$AbstractFormat#getNumeratorFormat():111;0.0
org.apache.commons.math3.fraction$AbstractFormat#setDenominatorFormat(java.text.NumberFormat):120;0.0
org.apache.commons.math3.fraction$AbstractFormat#setNumeratorFormat(java.text.NumberFormat):132;0.0
org.apache.commons.math3.fraction$AbstractFormat#parseAndIgnoreWhitespace(java.lang.String,java.text.ParsePosition):146;0.0
org.apache.commons.math3.fraction$AbstractFormat#parseNextCharacter(java.lang.String,java.text.ParsePosition):158;0.0
org.apache.commons.math3.fraction$AbstractFormat#format(double,java.lang.StringBuffer,java.text.FieldPosition):190;0.0
org.apache.commons.math3.fraction$AbstractFormat#format(long,java.lang.StringBuffer,java.text.FieldPosition):207;0.0
org.apache.commons.math3.fraction$BigFractionFormat#BigFractionFormat():50;0.0
org.apache.commons.math3.fraction$BigFractionFormat#BigFractionFormat(java.text.NumberFormat):59;0.0
org.apache.commons.math3.fraction$BigFractionFormat#BigFractionFormat(java.text.NumberFormat,java.text.NumberFormat):70;0.0
org.apache.commons.math3.fraction$BigFractionFormat#getAvailableLocales():79;0.0
org.apache.commons.math3.fraction$BigFractionFormat#formatBigFraction(org.apache.commons.math3.fraction.BigFraction):90;0.0
org.apache.commons.math3.fraction$BigFractionFormat#getImproperInstance():98;0.0
org.apache.commons.math3.fraction$BigFractionFormat#getImproperInstance(java.util.Locale):107;0.0
org.apache.commons.math3.fraction$BigFractionFormat#getProperInstance():115;0.0
org.apache.commons.math3.fraction$BigFractionFormat#getProperInstance(java.util.Locale):124;0.0
org.apache.commons.math3.fraction$BigFractionFormat#format(org.apache.commons.math3.fraction.BigFraction,java.lang.StringBuffer,java.text.FieldPosition):140;0.0
org.apache.commons.math3.fraction$BigFractionFormat#format(java.lang.Object,java.lang.StringBuffer,java.text.FieldPosition):169;0.0
org.apache.commons.math3.fraction$BigFractionFormat#parse(java.lang.String):192;0.0
org.apache.commons.math3.fraction$BigFractionFormat#parse(java.lang.String,java.text.ParsePosition):209;0.0
org.apache.commons.math3.fraction$BigFractionFormat#parseNextBigInteger(java.lang.String,java.text.ParsePosition):270;0.0
org.apache.commons.math3.fraction$ProperBigFractionFormat#ProperBigFractionFormat():51;0.0
org.apache.commons.math3.fraction$ProperBigFractionFormat#ProperBigFractionFormat(java.text.NumberFormat):61;0.0
org.apache.commons.math3.fraction$ProperBigFractionFormat#ProperBigFractionFormat(java.text.NumberFormat,java.text.NumberFormat,java.text.NumberFormat):74;0.0
org.apache.commons.math3.fraction$ProperBigFractionFormat#format(org.apache.commons.math3.fraction.BigFraction,java.lang.StringBuffer,java.text.FieldPosition):92;0.0
org.apache.commons.math3.fraction$ProperBigFractionFormat#getWholeFormat():119;0.0
org.apache.commons.math3.fraction$ProperBigFractionFormat#parse(java.lang.String,java.text.ParsePosition):137;0.0
org.apache.commons.math3.fraction$ProperBigFractionFormat#setWholeFormat(java.text.NumberFormat):234;0.0
org.apache.commons.math3.fraction$FractionFormat#FractionFormat():46;0.0
org.apache.commons.math3.fraction$FractionFormat#FractionFormat(java.text.NumberFormat):55;0.0
org.apache.commons.math3.fraction$FractionFormat#FractionFormat(java.text.NumberFormat,java.text.NumberFormat):66;0.0
org.apache.commons.math3.fraction$FractionFormat#getAvailableLocales():75;0.0
org.apache.commons.math3.fraction$FractionFormat#formatFraction(org.apache.commons.math3.fraction.Fraction):86;0.0
org.apache.commons.math3.fraction$FractionFormat#getImproperInstance():94;0.0
org.apache.commons.math3.fraction$FractionFormat#getImproperInstance(java.util.Locale):103;0.0
org.apache.commons.math3.fraction$FractionFormat#getProperInstance():111;0.0
org.apache.commons.math3.fraction$FractionFormat#getProperInstance(java.util.Locale):120;0.0
org.apache.commons.math3.fraction$FractionFormat#getDefaultNumberFormat():130;0.0
org.apache.commons.math3.fraction$FractionFormat#format(org.apache.commons.math3.fraction.Fraction,java.lang.StringBuffer,java.text.FieldPosition):146;0.0
org.apache.commons.math3.fraction$FractionFormat#format(java.lang.Object,java.lang.StringBuffer,java.text.FieldPosition):175;0.0
org.apache.commons.math3.fraction$FractionFormat#parse(java.lang.String):197;0.0
org.apache.commons.math3.fraction$FractionFormat#parse(java.lang.String,java.text.ParsePosition):214;0.0
org.apache.commons.math3.fraction$ProperFractionFormat#ProperFractionFormat():51;0.0
org.apache.commons.math3.fraction$ProperFractionFormat#ProperFractionFormat(java.text.NumberFormat):61;0.0
org.apache.commons.math3.fraction$ProperFractionFormat#ProperFractionFormat(java.text.NumberFormat,java.text.NumberFormat,java.text.NumberFormat):75;0.0
org.apache.commons.math3.fraction$ProperFractionFormat#format(org.apache.commons.math3.fraction.Fraction,java.lang.StringBuffer,java.text.FieldPosition):93;0.0
org.apache.commons.math3.fraction$ProperFractionFormat#getWholeFormat():119;0.0
org.apache.commons.math3.fraction$ProperFractionFormat#parse(java.lang.String,java.text.ParsePosition):137;0.0
org.apache.commons.math3.fraction$ProperFractionFormat#setWholeFormat(java.text.NumberFormat):227;0.0
org.apache.commons.math3.transform$FastFourierTransformer#FastFourierTransformer(org.apache.commons.math3.transform.DftNormalization):115;0.0
org.apache.commons.math3.transform$FastFourierTransformer#bitReversalShuffle2(double[],double[]):130;0.0
org.apache.commons.math3.transform$FastFourierTransformer#normalizeTransformedData(double[][],org.apache.commons.math3.transform.DftNormalization,org.apache.commons.math3.transform.TransformType):166;0.0
org.apache.commons.math3.transform$FastFourierTransformer#transformInPlace(double[][],org.apache.commons.math3.transform.DftNormalization,org.apache.commons.math3.transform.TransformType):218;0.0
org.apache.commons.math3.transform$FastFourierTransformer#transform(double[],org.apache.commons.math3.transform.TransformType):371;0.0
org.apache.commons.math3.transform$FastFourierTransformer#transform(org.apache.commons.math3.analysis.UnivariateFunction,double,double,int,org.apache.commons.math3.transform.TransformType):401;0.0
org.apache.commons.math3.transform$FastFourierTransformer#transform(org.apache.commons.math3.complex.Complex[],org.apache.commons.math3.transform.TransformType):414;0.0
org.apache.commons.math3.transform$FastFourierTransformer#mdfft(java.lang.Object,org.apache.commons.math3.transform.TransformType):438;0.0
org.apache.commons.math3.transform$FastFourierTransformer#mdfft(org.apache.commons.math3.transform.FastFourierTransformer$MultiDimensionalComplexMatrix,org.apache.commons.math3.transform.TransformType,int,int[]):462;0.0
org.apache.commons.math3.transform$DftNormalization#DftNormalization(java.lang.String,int):28;0.0
org.apache.commons.math3.transform$TransformType#TransformType(java.lang.String,int):25;0.0
org.apache.commons.math3.transform$TransformUtils#TransformUtils():49;0.0
org.apache.commons.math3.transform$TransformUtils#scaleArray(double[],double):62;0.0
org.apache.commons.math3.transform$TransformUtils#scaleArray(org.apache.commons.math3.complex.Complex[],double):78;0.0
org.apache.commons.math3.transform$TransformUtils#createRealImaginaryArray(org.apache.commons.math3.complex.Complex[]):99;0.0
org.apache.commons.math3.transform$TransformUtils#createComplexArray(double[][]):127;0.0
org.apache.commons.math3.transform$TransformUtils#exactLog2(int):156;0.0
org.apache.commons.math3.transform$FastFourierTransformer$MultiDimensionalComplexMatrix#FastFourierTransformer$MultiDimensionalComplexMatrix(java.lang.Object):521;0.0
org.apache.commons.math3.transform$FastFourierTransformer$MultiDimensionalComplexMatrix#get(int[]):558;0.0
org.apache.commons.math3.transform$FastFourierTransformer$MultiDimensionalComplexMatrix#set(org.apache.commons.math3.complex.Complex,int[]):591;0.0
org.apache.commons.math3.transform$FastFourierTransformer$MultiDimensionalComplexMatrix#getDimensionSizes():622;0.0
org.apache.commons.math3.transform$FastFourierTransformer$MultiDimensionalComplexMatrix#getArray():631;0.0
org.apache.commons.math3.transform$FastFourierTransformer$MultiDimensionalComplexMatrix#clone():637;0.0
org.apache.commons.math3.transform$FastFourierTransformer$MultiDimensionalComplexMatrix#clone(org.apache.commons.math3.transform.FastFourierTransformer$MultiDimensionalComplexMatrix):651;0.0
org.apache.commons.math3.transform$FastHadamardTransformer#FastHadamardTransformer():40;0.0
org.apache.commons.math3.transform$FastHadamardTransformer#transform(double[],org.apache.commons.math3.transform.TransformType):52;0.0
org.apache.commons.math3.transform$FastHadamardTransformer#transform(org.apache.commons.math3.analysis.UnivariateFunction,double,double,int,org.apache.commons.math3.transform.TransformType):71;0.0
org.apache.commons.math3.transform$FastHadamardTransformer#transform(int[]):84;0.0
org.apache.commons.math3.transform$FastHadamardTransformer#fht(double[]):231;0.0
org.apache.commons.math3.transform$FastHadamardTransformer#fht(int[]):282;0.0
org.apache.commons.math3.transform$DctNormalization#DctNormalization(java.lang.String,int):28;0.0
org.apache.commons.math3.transform$FastCosineTransformer#FastCosineTransformer(org.apache.commons.math3.transform.DctNormalization):81;0.0
org.apache.commons.math3.transform$FastCosineTransformer#transform(double[],org.apache.commons.math3.transform.TransformType):93;0.0
org.apache.commons.math3.transform$FastCosineTransformer#transform(org.apache.commons.math3.analysis.UnivariateFunction,double,double,int,org.apache.commons.math3.transform.TransformType):124;0.0
org.apache.commons.math3.transform$FastCosineTransformer#fct(double[]):139;0.0
org.apache.commons.math3.transform$DstNormalization#DstNormalization(java.lang.String,int):28;0.0
org.apache.commons.math3.transform$FastSineTransformer#FastSineTransformer(org.apache.commons.math3.transform.DstNormalization):84;0.0
org.apache.commons.math3.transform$FastSineTransformer#transform(double[],org.apache.commons.math3.transform.TransformType):97;0.0
org.apache.commons.math3.transform$FastSineTransformer#transform(org.apache.commons.math3.analysis.UnivariateFunction,double,double,int,org.apache.commons.math3.transform.TransformType):123;0.0
org.apache.commons.math3.transform$FastSineTransformer#fst(double[]):139;0.0
